forecast_id,forecast_kst_dtm,kpx_group_1,kpx_group_2,kpx_group_3
forecast_0001,2025-01-01 01:00:00,18699.75185229362,19693.744,15099.398
forecast_0002,2025-01-01 02:00:00,19370.932775901892,19885.182,15444.23
forecast_0003,2025-01-01 03:00:00,18884.470071373365,19923.727,16024.856
forecast_0004,2025-01-01 04:00:00,18261.174027159617,19863.348,16280.568
forecast_0005,2025-01-01 05:00:00,17979.56778583521,19713.691,16082.784
forecast_0006,2025-01-01 06:00:00,17222.5715429664,19505.123,15739.11
forecast_0007,2025-01-01 07:00:00,15089.262606364577,19216.127,15382.028
forecast_0008,2025-01-01 08:00:00,15122.427629660655,18920.764,14718.248
forecast_0009,2025-01-01 09:00:00,16689.412979436926,18758.9,14388.526
forecast_0010,2025-01-01 10:00:00,16160.044890891622,18181.701,13691.409
forecast_0011,2025-01-01 11:00:00,16037.102559867359,17336.375,12942.494
forecast_0012,2025-01-01 12:00:00,16032.51859279089,16342.391,12402.932
forecast_0013,2025-01-01 13:00:00,16134.012769739322,15058.907,11817.797
forecast_0014,2025-01-01 14:00:00,16489.63836579108,13670.126,11474.254
forecast_0015,2025-01-01 15:00:00,15312.16438533751,12361.236,11272.456
forecast_0016,2025-01-01 16:00:00,14285.104990954793,10834.332,9751.211
forecast_0017,2025-01-01 17:00:00,14727.422552053453,10251.111,8748.402
forecast_0018,2025-01-01 18:00:00,15183.242912326017,10949.543,8689.129
forecast_0019,2025-01-01 19:00:00,15859.763880469065,12792.098,10055.2295
forecast_0020,2025-01-01 20:00:00,17715.956428756595,14528.56,11902.626
forecast_0021,2025-01-01 21:00:00,18304.564136284902,15802.012,13247.74
forecast_0022,2025-01-01 22:00:00,16937.722910475757,16721.055,13902.398
forecast_0023,2025-01-01 23:00:00,16623.168587399985,17242.643,13896.994
forecast_0024,2025-01-02 00:00:00,16275.123930833299,17491.67,13566.205
forecast_0025,2025-01-02 01:00:00,14570.211511212809,17262.477,12225.07
forecast_0026,2025-01-02 02:00:00,14361.058887909332,16685.166,10071.906
forecast_0027,2025-01-02 03:00:00,12142.150990883634,15852.836,7958.1235
forecast_0028,2025-01-02 04:00:00,10313.33819099571,14442.409,5838.572
forecast_0029,2025-01-02 05:00:00,9724.514085047875,12589.016,4205.689
forecast_0030,2025-01-02 06:00:00,8055.041307017411,10762.865,3103.026
forecast_0031,2025-01-02 07:00:00,8289.112118969479,9175.597,2342.532
forecast_0032,2025-01-02 08:00:00,7160.684391392496,7412.558,1923.5565
forecast_0033,2025-01-02 09:00:00,8114.381285533735,6646.5225,1716.4915
forecast_0034,2025-01-02 10:00:00,5848.334420855026,6175.865,1699.1619
forecast_0035,2025-01-02 11:00:00,4292.33276136145,5025.8413,1591.8822
forecast_0036,2025-01-02 12:00:00,4847.940748401066,4332.5996,1285.1658
forecast_0037,2025-01-02 13:00:00,5560.759559474771,4461.663,1315.6718
forecast_0038,2025-01-02 14:00:00,6649.059331244991,5108.9263,1855.1995
forecast_0039,2025-01-02 15:00:00,8026.147690281545,5873.3374,2856.5266
forecast_0040,2025-01-02 16:00:00,8878.075526458386,6751.461,4095.2983
forecast_0041,2025-01-02 17:00:00,10071.393189465512,7741.0127,5588.9297
forecast_0042,2025-01-02 18:00:00,12065.740970631052,8487.846,6610.362
forecast_0043,2025-01-02 19:00:00,13471.840389681722,9963.932,7773.805
forecast_0044,2025-01-02 20:00:00,12933.861645217028,11208.667,9077.003
forecast_0045,2025-01-02 21:00:00,12989.909907114607,11453.37,9148.5
forecast_0046,2025-01-02 22:00:00,12247.26916372108,11673.227,8591.882
forecast_0047,2025-01-02 23:00:00,12785.567264018664,11991.105,8179.279
forecast_0048,2025-01-03 00:00:00,12984.982051127903,12565.702,8076.547
forecast_0049,2025-01-03 01:00:00,13334.13861149804,13538.612,8372.68
forecast_0050,2025-01-03 02:00:00,14138.692258783849,14432.463,9329.932
forecast_0051,2025-01-03 03:00:00,11912.531885798913,15324.078,9709.702
forecast_0052,2025-01-03 04:00:00,14271.959998900273,15447.474,8926.107
forecast_0053,2025-01-03 05:00:00,14932.349444870262,15332.449,8743.883
forecast_0054,2025-01-03 06:00:00,14578.51979968917,15104.705,9280.365
forecast_0055,2025-01-03 07:00:00,14205.221815655452,14722.521,9674.082
forecast_0056,2025-01-03 08:00:00,14192.170231035261,14022.363,9536.323
forecast_0057,2025-01-03 09:00:00,13610.301284426778,13551.051,9277.794
forecast_0058,2025-01-03 10:00:00,11894.690874511516,12472.326,8106.151
forecast_0059,2025-01-03 11:00:00,12670.629580564066,11783.07,7345.719
forecast_0060,2025-01-03 12:00:00,12587.917650128024,10899.098,6625.914
forecast_0061,2025-01-03 13:00:00,12945.78433304596,10795.522,6181.8433
forecast_0062,2025-01-03 14:00:00,14132.952083802988,11029.912,6481.4126
forecast_0063,2025-01-03 15:00:00,14651.38661312819,11078.663,6938.55
forecast_0064,2025-01-03 16:00:00,15243.038068588618,11090.218,7267.759
forecast_0065,2025-01-03 17:00:00,14246.469187072835,11029.585,7716.0605
forecast_0066,2025-01-03 18:00:00,13936.150299258323,10961.924,7712.2886
forecast_0067,2025-01-03 19:00:00,13551.371983919234,11311.133,7826.218
forecast_0068,2025-01-03 20:00:00,14644.283638584862,12421.693,9365.537
forecast_0069,2025-01-03 21:00:00,15012.288305467544,13245.304,11174.5
forecast_0070,2025-01-03 22:00:00,15395.02381018225,13485.693,11840.369
forecast_0071,2025-01-03 23:00:00,14654.505332340748,13808.175,11831.967
forecast_0072,2025-01-04 00:00:00,13454.852650570418,14384.673,11547.203
forecast_0073,2025-01-04 01:00:00,15901.95869365631,14506.777,10511.156
forecast_0074,2025-01-04 02:00:00,15359.422381860597,15313.692,11100.318
forecast_0075,2025-01-04 03:00:00,14261.506632113003,16035.602,11523.252
forecast_0076,2025-01-04 04:00:00,13725.037411717178,16348.682,11137.898
forecast_0077,2025-01-04 05:00:00,15476.119544513502,16103.115,10297.509
forecast_0078,2025-01-04 06:00:00,15059.366583430015,15827.782,9891.103
forecast_0079,2025-01-04 07:00:00,13810.67438241518,15662.12,9751.43
forecast_0080,2025-01-04 08:00:00,12869.111878204178,15392.73,9075.266
forecast_0081,2025-01-04 09:00:00,12759.444318170128,15207.127,8202.147
forecast_0082,2025-01-04 10:00:00,11658.969806846117,14692.876,7527.9097
forecast_0083,2025-01-04 11:00:00,9846.767981224297,13316.358,6391.926
forecast_0084,2025-01-04 12:00:00,10617.719177582516,11897.639,5750.68
forecast_0085,2025-01-04 13:00:00,10909.845492668115,10711.968,5729.515
forecast_0086,2025-01-04 14:00:00,11931.809209806066,10214.425,6446.1665
forecast_0087,2025-01-04 15:00:00,11468.288271417985,9979.117,7299.97
forecast_0088,2025-01-04 16:00:00,11527.857640636244,9920.59,7655.8604
forecast_0089,2025-01-04 17:00:00,12936.909441280568,10482.488,8025.5327
forecast_0090,2025-01-04 18:00:00,13579.641811511747,12289.307,8978.349
forecast_0091,2025-01-04 19:00:00,13310.061944952335,14719.25,10483.543
forecast_0092,2025-01-04 20:00:00,14827.291034113878,16400.385,11783.088
forecast_0093,2025-01-04 21:00:00,15044.261708961612,17561.285,13103.045
forecast_0094,2025-01-04 22:00:00,16220.472133734376,18198.814,14137.039
forecast_0095,2025-01-04 23:00:00,16927.590317563052,18501.791,14665.764
forecast_0096,2025-01-05 00:00:00,17363.016927829627,18517.18,14825.537
forecast_0097,2025-01-05 01:00:00,15836.964503118004,18573.254,14288.555
forecast_0098,2025-01-05 02:00:00,15511.615670143692,18220.68,12961.413
forecast_0099,2025-01-05 03:00:00,15672.923463469848,18066.02,11576.884
forecast_0100,2025-01-05 04:00:00,13573.111395391616,17520.494,10185.123
forecast_0101,2025-01-05 05:00:00,12270.265417569457,16354.522,8140.8154
forecast_0102,2025-01-05 06:00:00,10418.370901452583,14789.34,6147.6484
forecast_0103,2025-01-05 07:00:00,11219.655636638156,13112.813,4925.925
forecast_0104,2025-01-05 08:00:00,13894.63915440568,13569.936,5520.569
forecast_0105,2025-01-05 09:00:00,13781.474484388693,14765.676,8511.916
forecast_0106,2025-01-05 10:00:00,13865.067279996925,15203.771,11482.278
forecast_0107,2025-01-05 11:00:00,16239.110139873112,15253.943,12998.599
forecast_0108,2025-01-05 12:00:00,16298.335071699541,15538.96,14008.181
forecast_0109,2025-01-05 13:00:00,15775.572432600666,15234.778,14183.676
forecast_0110,2025-01-05 14:00:00,13648.102402275847,14829.444,13770.911
forecast_0111,2025-01-05 15:00:00,14288.9595785606,13516.275,12078.721
forecast_0112,2025-01-05 16:00:00,12412.309414269666,13769.822,12115.34
forecast_0113,2025-01-05 17:00:00,12144.026239234807,13511.491,12170.599
forecast_0114,2025-01-05 18:00:00,10055.518451002368,13569.528,10900.452
forecast_0115,2025-01-05 19:00:00,13540.805148900992,14161.258,10655.04
forecast_0116,2025-01-05 20:00:00,14615.867368671012,14851.353,11830.066
forecast_0117,2025-01-05 21:00:00,14759.266408106543,15369.977,13370.895
forecast_0118,2025-01-05 22:00:00,13664.300196301403,15512.457,13826.393
forecast_0119,2025-01-05 23:00:00,13026.797803378136,15321.515,12981.241
forecast_0120,2025-01-06 00:00:00,11131.14410501204,14556.934,11103.408
forecast_0121,2025-01-06 01:00:00,10119.617219203079,13490.457,8728.246
forecast_0122,2025-01-06 02:00:00,9879.500547873582,12646.191,7393.589
forecast_0123,2025-01-06 03:00:00,9218.63503951703,11716.23,6181.179
forecast_0124,2025-01-06 04:00:00,6736.350905666175,11064.1045,4998.731
forecast_0125,2025-01-06 05:00:00,4631.61650488354,10300.259,3680.2922
forecast_0126,2025-01-06 06:00:00,3479.973232576035,7348.426,1789.3873
forecast_0127,2025-01-06 07:00:00,2914.4670058334627,5255.6772,642.6899
forecast_0128,2025-01-06 08:00:00,2261.777790116424,5135.368,300.0289
forecast_0129,2025-01-06 09:00:00,4455.714957472766,4742.3936,199.58316
forecast_0130,2025-01-06 10:00:00,4381.712835915289,4874.6357,251.06464
forecast_0131,2025-01-06 11:00:00,6007.77189614002,7090.514,486.58334
forecast_0132,2025-01-06 12:00:00,6285.234942855494,9061.855,1733.9554
forecast_0133,2025-01-06 13:00:00,6659.069836576663,9242.943,3869.436
forecast_0134,2025-01-06 14:00:00,6172.294716468517,9024.737,5432.0537
forecast_0135,2025-01-06 15:00:00,7194.598249552311,8599.036,5635.343
forecast_0136,2025-01-06 16:00:00,7619.436077734839,8358.682,5782.25
forecast_0137,2025-01-06 17:00:00,11521.369206517125,8914.594,6753.874
forecast_0138,2025-01-06 18:00:00,13541.865805102372,9860.026,8961.462
forecast_0139,2025-01-06 19:00:00,13963.070227079017,10782.663,10732.608
forecast_0140,2025-01-06 20:00:00,13915.51623913189,11662.161,11998.799
forecast_0141,2025-01-06 21:00:00,14037.783313648528,12342.809,12637.247
forecast_0142,2025-01-06 22:00:00,15224.951100193945,13025.332,13202.334
forecast_0143,2025-01-06 23:00:00,16070.691384786503,13801.758,14287.869
forecast_0144,2025-01-07 00:00:00,16873.794630331264,14274.959,15078.075
forecast_0145,2025-01-07 01:00:00,17746.561846187105,14751.296,15469.169
forecast_0146,2025-01-07 02:00:00,18142.315179274337,15214.737,15547.966
forecast_0147,2025-01-07 03:00:00,18171.479915629367,15393.681,15430.361
forecast_0148,2025-01-07 04:00:00,17356.641002592307,15501.038,15097.845
forecast_0149,2025-01-07 05:00:00,16694.809017658954,15783.007,14710.516
forecast_0150,2025-01-07 06:00:00,16642.26033585656,16057.303,14276.521
forecast_0151,2025-01-07 07:00:00,16610.474298217312,16146.077,13825.677
forecast_0152,2025-01-07 08:00:00,16866.69554052825,16396.35,13700.782
forecast_0153,2025-01-07 09:00:00,16894.958451629747,16800.734,13943.79
forecast_0154,2025-01-07 10:00:00,16887.215527434983,17007.314,14110.7705
forecast_0155,2025-01-07 11:00:00,17370.570135152,16982.326,13807.568
forecast_0156,2025-01-07 12:00:00,17131.8234994906,16870.701,13398.4795
forecast_0157,2025-01-07 13:00:00,17026.97262312646,16745.053,13028.309
forecast_0158,2025-01-07 14:00:00,17160.540242875453,16695.71,12835.335
forecast_0159,2025-01-07 15:00:00,17250.97723073441,16584.58,12684.87
forecast_0160,2025-01-07 16:00:00,17572.59333779302,16517.807,12774.803
forecast_0161,2025-01-07 17:00:00,17156.195878659153,16469.299,12988.1455
forecast_0162,2025-01-07 18:00:00,17144.34130340391,16740.758,13765.485
forecast_0163,2025-01-07 19:00:00,17136.66769871939,17134.256,14805.126
forecast_0164,2025-01-07 20:00:00,17861.149197114442,17483.34,15446.426
forecast_0165,2025-01-07 21:00:00,17843.526164492912,17855.918,16060.358
forecast_0166,2025-01-07 22:00:00,18200.656582634405,18057.941,16447.85
forecast_0167,2025-01-07 23:00:00,18124.257399064594,18106.43,16639.975
forecast_0168,2025-01-08 00:00:00,17166.355618858957,18148.117,16588.076
forecast_0169,2025-01-08 01:00:00,16678.3448363732,17952.385,15964.695
forecast_0170,2025-01-08 02:00:00,16376.147917812812,17794.06,15039.588
forecast_0171,2025-01-08 03:00:00,16457.787929149614,17404.066,14028.997
forecast_0172,2025-01-08 04:00:00,15444.637042484392,16790.223,12980.08
forecast_0173,2025-01-08 05:00:00,15502.665285132241,16036.777,12219.361
forecast_0174,2025-01-08 06:00:00,15741.848895658737,15094.789,11720.116
forecast_0175,2025-01-08 07:00:00,15774.526420781745,14120.476,11288.489
forecast_0176,2025-01-08 08:00:00,16070.028317453565,13857.549,11644.234
forecast_0177,2025-01-08 09:00:00,15967.383311916481,14050.973,12555.335
forecast_0178,2025-01-08 10:00:00,16573.352506571235,14339.868,13330.042
forecast_0179,2025-01-08 11:00:00,16116.26136567229,14455.357,13644.688
forecast_0180,2025-01-08 12:00:00,16460.268021695963,14713.296,13739.398
forecast_0181,2025-01-08 13:00:00,16116.11366589658,15028.979,13764.207
forecast_0182,2025-01-08 14:00:00,16425.65512812169,15113.102,13452.016
forecast_0183,2025-01-08 15:00:00,16456.657018675032,15228.896,13106.473
forecast_0184,2025-01-08 16:00:00,16456.8853321989,15496.233,13076.396
forecast_0185,2025-01-08 17:00:00,15040.065817210634,15765.743,13117.375
forecast_0186,2025-01-08 18:00:00,15597.82787301198,16045.419,13491.818
forecast_0187,2025-01-08 19:00:00,15468.534146397313,16246.439,14134.991
forecast_0188,2025-01-08 20:00:00,15379.574560489473,16319.02,14717.94
forecast_0189,2025-01-08 21:00:00,15455.904171730741,16434.246,15242.588
forecast_0190,2025-01-08 22:00:00,15850.669571748927,16607.303,15763.252
forecast_0191,2025-01-08 23:00:00,15382.620024579493,16601.582,15891.619
forecast_0192,2025-01-09 00:00:00,14835.24758754198,16648.596,15942.159
forecast_0193,2025-01-09 01:00:00,14302.033873456505,16701.842,15846.307
forecast_0194,2025-01-09 02:00:00,14166.11138056539,16838.037,15806.209
forecast_0195,2025-01-09 03:00:00,14009.681505512004,16836.879,15495.242
forecast_0196,2025-01-09 04:00:00,13530.0406680512,16692.176,14807.269
forecast_0197,2025-01-09 05:00:00,13062.287997281794,16516.697,14087.597
forecast_0198,2025-01-09 06:00:00,12975.495298245696,16050.218,13205.995
forecast_0199,2025-01-09 07:00:00,13356.19973901778,15403.571,12421.652
forecast_0200,2025-01-09 08:00:00,11632.981901790237,14411.65,11424.122
forecast_0201,2025-01-09 09:00:00,12950.583613253326,14316.377,11531.272
forecast_0202,2025-01-09 10:00:00,12963.957810279893,14231.653,11737.247
forecast_0203,2025-01-09 11:00:00,13603.837845167222,14040.453,11654.869
forecast_0204,2025-01-09 12:00:00,13192.844027161334,14018.515,11574.715
forecast_0205,2025-01-09 13:00:00,14059.2005264588,13952.494,11402.267
forecast_0206,2025-01-09 14:00:00,14547.46181364959,13909.428,11266.927
forecast_0207,2025-01-09 15:00:00,15161.219454337313,13742.532,10929.659
forecast_0208,2025-01-09 16:00:00,15449.261338013439,13350.98,10264.423
forecast_0209,2025-01-09 17:00:00,15864.539168499128,12685.088,9584.519
forecast_0210,2025-01-09 18:00:00,13066.099177183083,12307.818,9259.092
forecast_0211,2025-01-09 19:00:00,12564.110245846456,11581.905,8057.5015
forecast_0212,2025-01-09 20:00:00,13485.635593018655,11026.411,6107.4697
forecast_0213,2025-01-09 21:00:00,15789.867348039963,12759.684,5446.4043
forecast_0214,2025-01-09 22:00:00,18254.50051809722,15713.974,7294.094
forecast_0215,2025-01-09 23:00:00,20063.486384962423,17672.65,10782.09
forecast_0216,2025-01-10 00:00:00,20012.03284088317,18863.096,13964.831
forecast_0217,2025-01-10 01:00:00,13241.927857582921,19512.96,15599.96
forecast_0218,2025-01-10 02:00:00,14336.590307798995,19530.707,13495.381
forecast_0219,2025-01-10 03:00:00,16785.98432948445,19485.852,11098.777
forecast_0220,2025-01-10 04:00:00,16333.490017156633,19299.15,10455.325
forecast_0221,2025-01-10 05:00:00,16275.065811322716,18973.285,11051.93
forecast_0222,2025-01-10 06:00:00,17094.391961240843,18547.03,11638.256
forecast_0223,2025-01-10 07:00:00,15626.64050926319,17552.844,10821.237
forecast_0224,2025-01-10 08:00:00,12510.677142287715,14752.676,8041.854
forecast_0225,2025-01-10 09:00:00,10784.392067205281,9613.647,4955.7607
forecast_0226,2025-01-10 10:00:00,7287.277389384494,4264.7095,2833.3198
forecast_0227,2025-01-10 11:00:00,4020.571083196435,1899.376,1539.5155
forecast_0228,2025-01-10 12:00:00,1519.9450804100084,1344.0691,939.51074
forecast_0229,2025-01-10 13:00:00,1115.3272816659253,1234.8066,691.6266
forecast_0230,2025-01-10 14:00:00,1608.2856967940738,1295.3416,672.65814
forecast_0231,2025-01-10 15:00:00,2160.8410535418284,1425.7559,749.539
forecast_0232,2025-01-10 16:00:00,2843.9356801363056,1553.6567,938.9424
forecast_0233,2025-01-10 17:00:00,4815.832721447202,1829.9868,1331.3362
forecast_0234,2025-01-10 18:00:00,6568.178119248212,2468.8115,1913.3417
forecast_0235,2025-01-10 19:00:00,7377.13672290158,3806.4534,2854.73
forecast_0236,2025-01-10 20:00:00,7492.28992663326,5467.063,3836.2268
forecast_0237,2025-01-10 21:00:00,7999.283119207869,6291.5693,4239.956
forecast_0238,2025-01-10 22:00:00,8119.5597100681925,5624.4004,3917.1301
forecast_0239,2025-01-10 23:00:00,8396.759510571332,3990.7961,3156.8118
forecast_0240,2025-01-11 00:00:00,8884.451761312921,2917.6758,2649.0422
forecast_0241,2025-01-11 01:00:00,9047.500218271403,2125.8462,2325.7454
forecast_0242,2025-01-11 02:00:00,9408.803071671424,2599.918,2788.996
forecast_0243,2025-01-11 03:00:00,9951.294905646246,3010.7366,3159.37
forecast_0244,2025-01-11 04:00:00,9801.107956102202,3006.4167,3333.4988
forecast_0245,2025-01-11 05:00:00,9938.907708315182,2404.7588,3021.6592
forecast_0246,2025-01-11 06:00:00,9258.633904692602,1513.3423,2459.3962
forecast_0247,2025-01-11 07:00:00,8290.758591558522,1046.7029,1828.0781
forecast_0248,2025-01-11 08:00:00,8090.99151400767,906.8138,1428.5157
forecast_0249,2025-01-11 09:00:00,7072.393044576824,872.53156,1162.6067
forecast_0250,2025-01-11 10:00:00,5826.054271310412,830.75244,854.72284
forecast_0251,2025-01-11 11:00:00,3738.7596760078236,799.96643,608.5
forecast_0252,2025-01-11 12:00:00,1848.6094252436492,817.7544,472.40027
forecast_0253,2025-01-11 13:00:00,1437.4556655597958,867.08936,370.7478
forecast_0254,2025-01-11 14:00:00,1365.1970351552804,967.78986,358.60474
forecast_0255,2025-01-11 15:00:00,1009.6984871893173,1048.8499,361.09195
forecast_0256,2025-01-11 16:00:00,1141.8574626974928,998.34314,366.7811
forecast_0257,2025-01-11 17:00:00,3636.94965955922,1069.7063,460.13724
forecast_0258,2025-01-11 18:00:00,7356.269473232372,1406.5869,711.1931
forecast_0259,2025-01-11 19:00:00,7685.421524278021,2110.1416,1302.8585
forecast_0260,2025-01-11 20:00:00,8758.901025765843,3054.0178,2080.5134
forecast_0261,2025-01-11 21:00:00,9398.405413775117,4532.298,3061.5527
forecast_0262,2025-01-11 22:00:00,10017.318288421786,6788.147,4087.2432
forecast_0263,2025-01-11 23:00:00,10054.846807598353,9520.325,5096.0166
forecast_0264,2025-01-12 00:00:00,11239.060950525487,12021.447,6124.5347
forecast_0265,2025-01-12 01:00:00,10000.406957115112,13568.064,6636.0005
forecast_0266,2025-01-12 02:00:00,9717.534188267236,11907.4375,5378.633
forecast_0267,2025-01-12 03:00:00,10242.62194772511,12093.222,4392.8286
forecast_0268,2025-01-12 04:00:00,11300.519454571824,13151.577,3896.658
forecast_0269,2025-01-12 05:00:00,11110.919360062426,14342.513,4155.369
forecast_0270,2025-01-12 06:00:00,10553.743604387959,14925.947,4704.271
forecast_0271,2025-01-12 07:00:00,11355.557810162736,14892.491,5086.641
forecast_0272,2025-01-12 08:00:00,12438.018997173102,15082.965,5688.3325
forecast_0273,2025-01-12 09:00:00,13325.017943183204,15539.996,6452.8286
forecast_0274,2025-01-12 10:00:00,12359.542769560287,15454.0625,6690.2314
forecast_0275,2025-01-12 11:00:00,11001.114322176123,14886.505,6286.651
forecast_0276,2025-01-12 12:00:00,8112.924482218667,14381.223,6013.3896
forecast_0277,2025-01-12 13:00:00,8040.079765526234,13598.383,5719.1333
forecast_0278,2025-01-12 14:00:00,9948.172488704808,13068.546,5872.838
forecast_0279,2025-01-12 15:00:00,9815.845833614552,13260.318,7016.9727
forecast_0280,2025-01-12 16:00:00,10382.401165742562,13586.504,8168.132
forecast_0281,2025-01-12 17:00:00,12116.984686812397,14346.905,9364.577
forecast_0282,2025-01-12 18:00:00,14181.584199613404,15318.611,10411.959
forecast_0283,2025-01-12 19:00:00,15341.429467520598,16597.254,11260.721
forecast_0284,2025-01-12 20:00:00,14510.76266662841,17302.232,11510.489
forecast_0285,2025-01-12 21:00:00,14160.073473219607,17547.578,11370.647
forecast_0286,2025-01-12 22:00:00,14173.21440637499,17484.646,11085.045
forecast_0287,2025-01-12 23:00:00,13743.570754170803,16986.408,10337.048
forecast_0288,2025-01-13 00:00:00,14105.906665275466,16275.624,9480.332
forecast_0289,2025-01-13 01:00:00,16649.452915339163,15882.038,8582.768
forecast_0290,2025-01-13 02:00:00,18236.775391705556,17508.553,9848.627
forecast_0291,2025-01-13 03:00:00,18721.456133770786,18697.572,12036.082
forecast_0292,2025-01-13 04:00:00,20385.24176268922,19224.605,13802.618
forecast_0293,2025-01-13 05:00:00,20825.470589969704,19558.758,15165.51
forecast_0294,2025-01-13 06:00:00,20676.70226528067,19689.252,15923.579
forecast_0295,2025-01-13 07:00:00,20421.245340627804,19724.3,16152.679
forecast_0296,2025-01-13 08:00:00,18604.88897109048,19762.598,16504.746
forecast_0297,2025-01-13 09:00:00,18341.557901780223,19608.123,16297.247
forecast_0298,2025-01-13 10:00:00,17471.034683357924,19191.28,15707.193
forecast_0299,2025-01-13 11:00:00,17193.881684749973,18718.645,15088.715
forecast_0300,2025-01-13 12:00:00,14308.545906364241,18213.527,14527.742
forecast_0301,2025-01-13 13:00:00,13039.453163282806,17014.209,12878.118
forecast_0302,2025-01-13 14:00:00,11209.82970425578,15441.308,10930.907
forecast_0303,2025-01-13 15:00:00,11445.2224474405,14153.586,9500.507
forecast_0304,2025-01-13 16:00:00,12324.750693809094,13457.961,9320.295
forecast_0305,2025-01-13 17:00:00,13500.600978941844,13293.211,9649.28
forecast_0306,2025-01-13 18:00:00,13335.000118582413,13309.937,9721.078
forecast_0307,2025-01-13 19:00:00,14168.475795300086,13746.658,9936.735
forecast_0308,2025-01-13 20:00:00,15419.822228915009,14590.182,11563.049
forecast_0309,2025-01-13 21:00:00,15511.235706632433,15059.78,12906.591
forecast_0310,2025-01-13 22:00:00,16134.24833671733,15460.594,14011.464
forecast_0311,2025-01-13 23:00:00,17382.91951398854,15836.541,15017.207
forecast_0312,2025-01-14 00:00:00,18351.96462142395,16127.306,16149.751
forecast_0313,2025-01-14 01:00:00,17024.12436797462,16165.839,16576.912
forecast_0314,2025-01-14 02:00:00,16843.284776029337,16192.151,16571.87
forecast_0315,2025-01-14 03:00:00,17173.90604058831,16176.342,16255.675
forecast_0316,2025-01-14 04:00:00,17024.65034413985,16146.51,15801.513
forecast_0317,2025-01-14 05:00:00,16678.094901267148,16172.416,15688.716
forecast_0318,2025-01-14 06:00:00,16882.847329663084,16192.9795,15806.027
forecast_0319,2025-01-14 07:00:00,16516.804738448118,16201.903,15972.1875
forecast_0320,2025-01-14 08:00:00,16728.52245557399,16139.841,16111.742
forecast_0321,2025-01-14 09:00:00,16525.238541666637,15838.592,15805.767
forecast_0322,2025-01-14 10:00:00,16078.49600437767,15464.308,15498.611
forecast_0323,2025-01-14 11:00:00,15387.464913863616,15020.492,15269.021
forecast_0324,2025-01-14 12:00:00,13866.684612928608,14384.059,14758.557
forecast_0325,2025-01-14 13:00:00,14161.312601936728,13539.48,14171.877
forecast_0326,2025-01-14 14:00:00,13636.741176974187,12540.236,13181.867
forecast_0327,2025-01-14 15:00:00,12850.631009339162,10732.427,11386.362
forecast_0328,2025-01-14 16:00:00,11959.532591735424,9370.196,9257.638
forecast_0329,2025-01-14 17:00:00,11404.691782327789,8862.667,8254.24
forecast_0330,2025-01-14 18:00:00,11732.395425921852,9079.623,7531.409
forecast_0331,2025-01-14 19:00:00,11410.905840761925,9626.0,7212.721
forecast_0332,2025-01-14 20:00:00,12111.219421502148,10387.421,8068.729
forecast_0333,2025-01-14 21:00:00,12420.746687957359,10759.791,9267.931
forecast_0334,2025-01-14 22:00:00,13674.640219117333,11376.26,10781.823
forecast_0335,2025-01-14 23:00:00,13011.388065554516,12411.449,12949.627
forecast_0336,2025-01-15 00:00:00,13316.994133835458,12869.29,13309.549
forecast_0337,2025-01-15 01:00:00,13239.06745344233,12749.42,12480.599
forecast_0338,2025-01-15 02:00:00,12736.297852147987,12754.204,10933.83
forecast_0339,2025-01-15 03:00:00,12890.209370752553,12337.94,9262.537
forecast_0340,2025-01-15 04:00:00,11361.733189208006,11913.387,7906.122
forecast_0341,2025-01-15 05:00:00,11414.388732011641,12190.963,8073.309
forecast_0342,2025-01-15 06:00:00,13342.533751293573,12169.004,8488.276
forecast_0343,2025-01-15 07:00:00,14485.333777473017,12363.004,9081.463
forecast_0344,2025-01-15 08:00:00,13330.282351847985,13040.05,10029.6
forecast_0345,2025-01-15 09:00:00,13934.139647182797,13161.494,9985.69
forecast_0346,2025-01-15 10:00:00,12621.95577408125,13297.095,9702.231
forecast_0347,2025-01-15 11:00:00,12919.448495981085,13059.844,8690.8
forecast_0348,2025-01-15 12:00:00,12914.983105525589,13360.62,8350.327
forecast_0349,2025-01-15 13:00:00,12760.831237187009,13622.522,8406.216
forecast_0350,2025-01-15 14:00:00,10975.08190602217,13333.983,7905.201
forecast_0351,2025-01-15 15:00:00,10461.28376297783,12936.183,7114.5464
forecast_0352,2025-01-15 16:00:00,10616.844564879442,12894.967,6790.641
forecast_0353,2025-01-15 17:00:00,11016.612192217153,13414.033,7343.9165
forecast_0354,2025-01-15 18:00:00,13191.034760008464,14715.709,8944.38
forecast_0355,2025-01-15 19:00:00,14043.913086448061,16287.53,11128.745
forecast_0356,2025-01-15 20:00:00,14408.300355551964,17358.543,12973.339
forecast_0357,2025-01-15 21:00:00,16125.065419554277,18033.264,14078.644
forecast_0358,2025-01-15 22:00:00,16180.187179511573,18616.2,15111.385
forecast_0359,2025-01-15 23:00:00,18712.74340826554,18989.377,15871.521
forecast_0360,2025-01-16 00:00:00,18443.502624711993,19318.586,16631.486
forecast_0361,2025-01-16 01:00:00,17782.74387649193,19487.46,16886.885
forecast_0362,2025-01-16 02:00:00,18810.723925156617,19566.895,16589.264
forecast_0363,2025-01-16 03:00:00,19161.31009883148,19636.777,16578.791
forecast_0364,2025-01-16 04:00:00,18129.58898900385,19722.047,17118.941
forecast_0365,2025-01-16 05:00:00,17662.98984788665,19725.459,17544.867
forecast_0366,2025-01-16 06:00:00,18097.3674630604,19702.08,17704.838
forecast_0367,2025-01-16 07:00:00,17842.084083278878,19694.674,17706.541
forecast_0368,2025-01-16 08:00:00,17387.160036351364,19756.348,17861.383
forecast_0369,2025-01-16 09:00:00,18188.443256180297,19771.973,17890.842
forecast_0370,2025-01-16 10:00:00,18497.242906295756,19733.117,17768.803
forecast_0371,2025-01-16 11:00:00,19305.308099099013,19663.992,17565.404
forecast_0372,2025-01-16 12:00:00,18027.0216902494,19658.756,17596.957
forecast_0373,2025-01-16 13:00:00,16577.93100959314,19486.69,17279.818
forecast_0374,2025-01-16 14:00:00,16598.55871718797,19192.287,16740.484
forecast_0375,2025-01-16 15:00:00,16818.779909144327,18883.098,16493.21
forecast_0376,2025-01-16 16:00:00,17077.083025046148,18714.176,16814.02
forecast_0377,2025-01-16 17:00:00,16932.176821664918,18514.172,17284.84
forecast_0378,2025-01-16 18:00:00,17098.98674373782,18326.293,17545.006
forecast_0379,2025-01-16 19:00:00,16053.823306551803,18206.836,17442.594
forecast_0380,2025-01-16 20:00:00,12252.234141811181,17577.795,16361.67
forecast_0381,2025-01-16 21:00:00,9540.99996860947,15086.703,12092.972
forecast_0382,2025-01-16 22:00:00,8443.791597976653,12033.256,8073.108
forecast_0383,2025-01-16 23:00:00,5367.830345772752,9083.825,4932.0874
forecast_0384,2025-01-17 00:00:00,3188.8500550260264,6215.2207,2279.4336
forecast_0385,2025-01-17 01:00:00,974.3616441640465,4464.8223,1141.1493
forecast_0386,2025-01-17 02:00:00,558.6642437042494,1641.0371,495.66803
forecast_0387,2025-01-17 03:00:00,489.2501751609467,945.7098,290.73685
forecast_0388,2025-01-17 04:00:00,632.0317564042715,865.43225,215.87149
forecast_0389,2025-01-17 05:00:00,839.8428877281686,889.07117,199.13535
forecast_0390,2025-01-17 06:00:00,796.0043931071581,893.57324,194.32841
forecast_0391,2025-01-17 07:00:00,671.624053352176,910.972,172.9987
forecast_0392,2025-01-17 08:00:00,893.4193363626639,929.77454,169.08167
forecast_0393,2025-01-17 09:00:00,1139.7528775423903,886.8899,179.59956
forecast_0394,2025-01-17 10:00:00,921.6343798082419,792.19434,191.38141
forecast_0395,2025-01-17 11:00:00,803.0621862390894,721.75354,207.36699
forecast_0396,2025-01-17 12:00:00,1025.8761105701706,697.7031,225.56468
forecast_0397,2025-01-17 13:00:00,989.7007634948746,761.8272,245.05354
forecast_0398,2025-01-17 14:00:00,1545.0762739484028,1004.2939,292.30624
forecast_0399,2025-01-17 15:00:00,1896.1747371562824,1439.6118,466.80795
forecast_0400,2025-01-17 16:00:00,3049.363239374817,1887.4326,860.69165
forecast_0401,2025-01-17 17:00:00,5384.022940080691,2755.7087,1744.4929
forecast_0402,2025-01-17 18:00:00,6441.724520241857,4383.0767,3421.275
forecast_0403,2025-01-17 19:00:00,8799.291209365721,7474.1406,6155.963
forecast_0404,2025-01-17 20:00:00,10282.040225850043,10380.403,8626.572
forecast_0405,2025-01-17 21:00:00,12412.34934766314,12074.56,9475.363
forecast_0406,2025-01-17 22:00:00,12620.386164668755,13336.75,9592.797
forecast_0407,2025-01-17 23:00:00,12745.694738331007,13780.218,9359.273
forecast_0408,2025-01-18 00:00:00,12279.541473995574,13546.709,8913.453
forecast_0409,2025-01-18 01:00:00,11623.539494187351,13137.427,8335.976
forecast_0410,2025-01-18 02:00:00,11913.044733085451,12432.94,8578.206
forecast_0411,2025-01-18 03:00:00,12849.216028573537,12296.324,8988.82
forecast_0412,2025-01-18 04:00:00,14124.020139139062,12924.133,9505.988
forecast_0413,2025-01-18 05:00:00,14679.741022695758,13905.302,10193.526
forecast_0414,2025-01-18 06:00:00,13753.030190063362,14580.728,10808.95
forecast_0415,2025-01-18 07:00:00,12820.254691949194,13629.022,10040.083
forecast_0416,2025-01-18 08:00:00,9092.627556692374,10763.708,7395.5923
forecast_0417,2025-01-18 09:00:00,6202.291643055445,6873.1094,4004.0183
forecast_0418,2025-01-18 10:00:00,4510.206926524705,4001.391,2014.2246
forecast_0419,2025-01-18 11:00:00,4197.093656225837,2675.6646,1214.1539
forecast_0420,2025-01-18 12:00:00,3953.3669338845575,2329.4917,940.69116
forecast_0421,2025-01-18 13:00:00,3280.529586950968,2424.267,1001.9075
forecast_0422,2025-01-18 14:00:00,3444.714526208491,2515.443,1122.6877
forecast_0423,2025-01-18 15:00:00,4054.623138779011,2518.7695,1140.8452
forecast_0424,2025-01-18 16:00:00,4881.260087014404,2863.3376,1428.5707
forecast_0425,2025-01-18 17:00:00,10324.32313511297,3863.5986,2387.2827
forecast_0426,2025-01-18 18:00:00,16107.631304416449,7586.279,5206.3315
forecast_0427,2025-01-18 19:00:00,17555.525996484663,12835.385,9535.3125
forecast_0428,2025-01-18 20:00:00,18001.015382994934,16302.69,12768.296
forecast_0429,2025-01-18 21:00:00,19700.49410695348,17896.107,14276.687
forecast_0430,2025-01-18 22:00:00,19497.65027284288,18554.965,14153.279
forecast_0431,2025-01-18 23:00:00,18442.065470821144,18745.104,12388.696
forecast_0432,2025-01-19 00:00:00,17016.723242325366,18614.707,9673.555
forecast_0433,2025-01-19 01:00:00,16510.743120825922,18705.492,8115.0776
forecast_0434,2025-01-19 02:00:00,17051.235073712025,18810.354,7875.9595
forecast_0435,2025-01-19 03:00:00,19109.285733297755,18708.82,8420.704
forecast_0436,2025-01-19 04:00:00,19963.743322183163,18719.602,9674.384
forecast_0437,2025-01-19 05:00:00,19216.378558884484,18849.502,11005.813
forecast_0438,2025-01-19 06:00:00,19349.62994603598,18893.127,12163.447
forecast_0439,2025-01-19 07:00:00,19362.61894262591,18836.783,12719.597
forecast_0440,2025-01-19 08:00:00,18546.608028909184,18595.621,12415.974
forecast_0441,2025-01-19 09:00:00,18615.56211870034,18378.965,11607.921
forecast_0442,2025-01-19 10:00:00,16732.62044611279,18029.404,10677.143
forecast_0443,2025-01-19 11:00:00,12079.239468198823,17046.58,9062.044
forecast_0444,2025-01-19 12:00:00,10465.334669780952,15204.592,6620.983
forecast_0445,2025-01-19 13:00:00,9709.761965904,13740.226,5203.159
forecast_0446,2025-01-19 14:00:00,8935.288917360986,12319.849,4402.9434
forecast_0447,2025-01-19 15:00:00,6648.488398709184,10848.438,3834.695
forecast_0448,2025-01-19 16:00:00,7017.972730648004,9302.69,2944.3142
forecast_0449,2025-01-19 17:00:00,8532.833715564522,9121.203,2738.9678
forecast_0450,2025-01-19 18:00:00,11640.753548848872,10839.363,3251.973
forecast_0451,2025-01-19 19:00:00,10388.638658389753,13388.626,4543.182
forecast_0452,2025-01-19 20:00:00,9646.976376815153,14285.217,5073.865
forecast_0453,2025-01-19 21:00:00,10173.228002757713,14154.75,4856.9634
forecast_0454,2025-01-19 22:00:00,10386.353706585945,13892.752,5097.2837
forecast_0455,2025-01-19 23:00:00,10658.667980709635,13012.391,4941.2812
forecast_0456,2025-01-20 00:00:00,9166.915161573119,12589.427,4985.87
forecast_0457,2025-01-20 01:00:00,8250.311563492589,12030.889,4515.733
forecast_0458,2025-01-20 02:00:00,7290.117601637087,9978.111,3874.3784
forecast_0459,2025-01-20 03:00:00,5577.111214826489,7866.3003,2996.0862
forecast_0460,2025-01-20 04:00:00,4824.641493222607,5819.16,2085.7341
forecast_0461,2025-01-20 05:00:00,4784.854452927041,4058.1719,1529.0067
forecast_0462,2025-01-20 06:00:00,2691.4441533514596,2853.7107,1204.1594
forecast_0463,2025-01-20 07:00:00,1727.5009211145493,1697.3914,867.8571
forecast_0464,2025-01-20 08:00:00,1252.5402253139234,951.71814,574.0004
forecast_0465,2025-01-20 09:00:00,737.4154324916988,646.2321,319.44565
forecast_0466,2025-01-20 10:00:00,397.29807235387693,564.77734,185.84697
forecast_0467,2025-01-20 11:00:00,330.3142472945135,544.7962,111.81725
forecast_0468,2025-01-20 12:00:00,319.68000000000006,537.05963,89.627
forecast_0469,2025-01-20 13:00:00,319.68000000000006,534.78735,91.26776
forecast_0470,2025-01-20 14:00:00,323.6848311154101,544.8486,105.501045
forecast_0471,2025-01-20 15:00:00,330.9947060295748,564.5558,132.60863
forecast_0472,2025-01-20 16:00:00,347.85578935118565,574.57104,159.83946
forecast_0473,2025-01-20 17:00:00,326.1957981297296,569.5232,188.57848
forecast_0474,2025-01-20 18:00:00,320.18628008956125,556.53125,214.19302
forecast_0475,2025-01-20 19:00:00,319.68000000000006,548.23474,198.42198
forecast_0476,2025-01-20 20:00:00,319.68000000000006,549.13855,156.4701
forecast_0477,2025-01-20 21:00:00,320.72567457290154,580.7908,128.34264
forecast_0478,2025-01-20 22:00:00,397.0682678746116,652.22955,149.91612
forecast_0479,2025-01-20 23:00:00,515.3933241889166,648.4719,183.17883
forecast_0480,2025-01-21 00:00:00,1172.5030608308039,658.9455,305.1469
forecast_0481,2025-01-21 01:00:00,1479.5744021674957,604.3891,560.3232
forecast_0482,2025-01-21 02:00:00,1904.1306467573656,604.251,1081.7509
forecast_0483,2025-01-21 03:00:00,2243.633805918988,614.5596,1895.7382
forecast_0484,2025-01-21 04:00:00,2673.8773475660555,618.2269,2483.6802
forecast_0485,2025-01-21 05:00:00,2720.9953018335214,624.4348,2599.5276
forecast_0486,2025-01-21 06:00:00,2429.5068432937364,638.9987,2226.9077
forecast_0487,2025-01-21 07:00:00,2117.7900522939735,645.1808,1804.9609
forecast_0488,2025-01-21 08:00:00,1763.8371148530848,642.44226,1420.6083
forecast_0489,2025-01-21 09:00:00,1526.6202587952973,633.12604,1065.1979
forecast_0490,2025-01-21 10:00:00,1179.168139510337,613.2161,716.13025
forecast_0491,2025-01-21 11:00:00,1085.7423065660964,610.9359,550.93414
forecast_0492,2025-01-21 12:00:00,1254.0952515261877,638.41437,524.881
forecast_0493,2025-01-21 13:00:00,2082.512597751739,708.7595,567.39087
forecast_0494,2025-01-21 14:00:00,2315.095564428282,842.1929,721.9138
forecast_0495,2025-01-21 15:00:00,3261.9213330251346,1099.9731,1037.9213
forecast_0496,2025-01-21 16:00:00,4029.5773309706037,1579.5964,1763.543
forecast_0497,2025-01-21 17:00:00,6259.231294785978,2189.4873,2882.4263
forecast_0498,2025-01-21 18:00:00,8475.162968576707,3160.1824,4430.5996
forecast_0499,2025-01-21 19:00:00,9103.324231223181,5763.3125,6794.6387
forecast_0500,2025-01-21 20:00:00,9833.295579940408,9196.322,8987.083
forecast_0501,2025-01-21 21:00:00,9223.371193580744,12079.043,10769.492
forecast_0502,2025-01-21 22:00:00,9886.330307158236,13506.102,11021.449
forecast_0503,2025-01-21 23:00:00,9050.075705041696,14214.895,10148.342
forecast_0504,2025-01-22 00:00:00,8685.271647465765,14006.816,8567.826
forecast_0505,2025-01-22 01:00:00,9205.011598281531,13078.823,6753.1973
forecast_0506,2025-01-22 02:00:00,8889.140353557801,11986.162,5722.761
forecast_0507,2025-01-22 03:00:00,11001.857262483914,11966.777,5589.356
forecast_0508,2025-01-22 04:00:00,11697.928977038937,12489.198,6270.075
forecast_0509,2025-01-22 05:00:00,11622.473462397667,13113.853,7290.081
forecast_0510,2025-01-22 06:00:00,12691.118821108399,13506.026,8469.2295
forecast_0511,2025-01-22 07:00:00,12909.349405706093,13465.351,9589.454
forecast_0512,2025-01-22 08:00:00,11687.40448674892,13559.504,10455.603
forecast_0513,2025-01-22 09:00:00,9960.932023420064,13136.836,10517.37
forecast_0514,2025-01-22 10:00:00,11728.236508457858,12918.498,10228.14
forecast_0515,2025-01-22 11:00:00,11925.630552946008,10759.875,8808.366
forecast_0516,2025-01-22 12:00:00,10778.849368201974,7896.7026,6892.3843
forecast_0517,2025-01-22 13:00:00,9138.445766596735,5392.161,4995.9097
forecast_0518,2025-01-22 14:00:00,5302.903696719799,4029.5671,3562.8452
forecast_0519,2025-01-22 15:00:00,4225.540700453124,3253.0261,2523.9246
forecast_0520,2025-01-22 16:00:00,5116.921809542683,2962.6335,1914.0447
forecast_0521,2025-01-22 17:00:00,5036.668320834101,3763.4788,2059.2703
forecast_0522,2025-01-22 18:00:00,9162.572592715644,4857.2036,2586.3354
forecast_0523,2025-01-22 19:00:00,6516.325484930419,7879.8535,4227.4126
forecast_0524,2025-01-22 20:00:00,6542.311513481219,10828.038,5934.8784
forecast_0525,2025-01-22 21:00:00,6886.988484861528,13281.148,7162.3916
forecast_0526,2025-01-22 22:00:00,7370.166059062163,14781.451,7737.452
forecast_0527,2025-01-22 23:00:00,8173.438090600602,15120.368,7339.0977
forecast_0528,2025-01-23 00:00:00,8755.642194949607,14719.785,6663.3833
forecast_0529,2025-01-23 01:00:00,12463.892919004871,14784.126,5900.679
forecast_0530,2025-01-23 02:00:00,13151.427741644431,16294.923,6647.464
forecast_0531,2025-01-23 03:00:00,13160.405428191734,17028.635,7832.8003
forecast_0532,2025-01-23 04:00:00,12826.674806280633,17131.031,8245.867
forecast_0533,2025-01-23 05:00:00,12097.63830608023,16821.514,7657.6777
forecast_0534,2025-01-23 06:00:00,10585.044125083115,16350.346,6910.735
forecast_0535,2025-01-23 07:00:00,9574.33731841221,15628.487,6206.259
forecast_0536,2025-01-23 08:00:00,8369.789218376716,14200.999,5312.054
forecast_0537,2025-01-23 09:00:00,7651.093259335281,11821.281,4123.508
forecast_0538,2025-01-23 10:00:00,4163.742096008915,8487.118,2755.4177
forecast_0539,2025-01-23 11:00:00,2839.4512005977153,4955.1147,1658.9674
forecast_0540,2025-01-23 12:00:00,2154.870454074822,2981.156,1101.6858
forecast_0541,2025-01-23 13:00:00,2184.397499156651,2060.75,816.0919
forecast_0542,2025-01-23 14:00:00,2066.2153421098083,1658.084,683.91486
forecast_0543,2025-01-23 15:00:00,1768.3824172363356,1390.5613,607.1192
forecast_0544,2025-01-23 16:00:00,1493.1556206054931,1162.218,523.6849
forecast_0545,2025-01-23 17:00:00,1020.9893511858072,1037.8472,492.5589
forecast_0546,2025-01-23 18:00:00,1349.3200018057682,793.63464,315.4436
forecast_0547,2025-01-23 19:00:00,632.7400489865432,1002.1719,363.3657
forecast_0548,2025-01-23 20:00:00,1243.7033151808077,1647.7454,493.1037
forecast_0549,2025-01-23 21:00:00,1065.6142572775143,2413.63,825.7359
forecast_0550,2025-01-23 22:00:00,1605.1189383820888,2541.038,1257.3368
forecast_0551,2025-01-23 23:00:00,2090.1757789538783,2374.013,1456.489
forecast_0552,2025-01-24 00:00:00,1796.0575403265566,2343.3435,1629.6891
forecast_0553,2025-01-24 01:00:00,1303.2328752430237,1750.7393,1111.4836
forecast_0554,2025-01-24 02:00:00,1097.200867366313,1049.7251,558.884
forecast_0555,2025-01-24 03:00:00,1178.2667527978572,865.82605,472.0834
forecast_0556,2025-01-24 04:00:00,1137.2983158522072,745.1819,453.44855
forecast_0557,2025-01-24 05:00:00,588.6217271819137,671.47253,395.56705
forecast_0558,2025-01-24 06:00:00,592.5818650330532,596.78076,239.47583
forecast_0559,2025-01-24 07:00:00,915.6721540741179,584.0495,161.02916
forecast_0560,2025-01-24 08:00:00,890.2753998062169,579.24713,124.95161
forecast_0561,2025-01-24 09:00:00,589.0211906524418,578.0444,118.233376
forecast_0562,2025-01-24 10:00:00,394.14892434451,561.9832,101.61507
forecast_0563,2025-01-24 11:00:00,350.3283935432044,546.6154,94.75448
forecast_0564,2025-01-24 12:00:00,332.40828273162725,540.4396,96.45359
forecast_0565,2025-01-24 13:00:00,391.30835924943153,538.81836,100.09909
forecast_0566,2025-01-24 14:00:00,341.95795507139235,544.18695,124.00641
forecast_0567,2025-01-24 15:00:00,383.2223920304266,551.89154,180.14066
forecast_0568,2025-01-24 16:00:00,371.98485997790084,555.91846,214.39146
forecast_0569,2025-01-24 17:00:00,475.33406585085265,559.194,253.72737
forecast_0570,2025-01-24 18:00:00,319.68000000000006,568.19165,302.2875
forecast_0571,2025-01-24 19:00:00,609.127766882771,584.7742,308.95175
forecast_0572,2025-01-24 20:00:00,1862.5165179633705,658.7291,364.3998
forecast_0573,2025-01-24 21:00:00,1887.6304067870717,822.3327,460.26453
forecast_0574,2025-01-24 22:00:00,1196.160730862302,996.45856,535.46204
forecast_0575,2025-01-24 23:00:00,999.0813291844383,1075.7394,625.4219
forecast_0576,2025-01-25 00:00:00,1451.322319536183,859.06445,576.40466
forecast_0577,2025-01-25 01:00:00,920.2698487800976,696.9032,641.2204
forecast_0578,2025-01-25 02:00:00,509.35797442906147,660.74304,565.8136
forecast_0579,2025-01-25 03:00:00,663.2570046780617,642.11273,642.2358
forecast_0580,2025-01-25 04:00:00,1584.3371779944287,666.1393,920.9385
forecast_0581,2025-01-25 05:00:00,1049.6570107380282,785.45966,1509.7948
forecast_0582,2025-01-25 06:00:00,1157.3862929886245,915.366,1932.6447
forecast_0583,2025-01-25 07:00:00,1387.0224904310821,793.569,1793.7148
forecast_0584,2025-01-25 08:00:00,956.4686485970186,618.45734,1303.4325
forecast_0585,2025-01-25 09:00:00,846.758378203343,565.4592,796.078
forecast_0586,2025-01-25 10:00:00,766.6910762914466,552.4425,498.03214
forecast_0587,2025-01-25 11:00:00,909.8635695455678,548.463,331.80374
forecast_0588,2025-01-25 12:00:00,829.1292281784873,551.2438,248.97688
forecast_0589,2025-01-25 13:00:00,802.8942995538376,555.2912,203.80302
forecast_0590,2025-01-25 14:00:00,643.8501317906708,556.9877,180.9962
forecast_0591,2025-01-25 15:00:00,589.0170665468938,560.9283,172.99405
forecast_0592,2025-01-25 16:00:00,861.3678370995627,563.06445,174.2088
forecast_0593,2025-01-25 17:00:00,336.0165183198986,569.388,179.22713
forecast_0594,2025-01-25 18:00:00,389.91576309302957,577.2105,189.45377
forecast_0595,2025-01-25 19:00:00,629.4870146789559,583.9628,200.91478
forecast_0596,2025-01-25 20:00:00,776.1083983940373,591.13855,213.55917
forecast_0597,2025-01-25 21:00:00,1862.0078140781616,597.9608,243.61566
forecast_0598,2025-01-25 22:00:00,2290.377060174599,607.5703,289.64832
forecast_0599,2025-01-25 23:00:00,1195.8746449068556,622.89,336.4217
forecast_0600,2025-01-26 00:00:00,1296.532300340105,656.9789,383.53717
forecast_0601,2025-01-26 01:00:00,1803.0369099503334,667.23737,402.0749
forecast_0602,2025-01-26 02:00:00,2450.475995475598,634.15027,406.06683
forecast_0603,2025-01-26 03:00:00,2745.041337927037,600.65894,370.32016
forecast_0604,2025-01-26 04:00:00,1788.82379122785,583.38574,311.7883
forecast_0605,2025-01-26 05:00:00,1755.833261855516,570.6836,231.09692
forecast_0606,2025-01-26 06:00:00,2010.4284912782914,557.723,178.6594
forecast_0607,2025-01-26 07:00:00,2409.73475213892,553.0155,151.63638
forecast_0608,2025-01-26 08:00:00,1835.0996636518007,553.5911,140.30795
forecast_0609,2025-01-26 09:00:00,701.1308042019897,552.84845,132.50676
forecast_0610,2025-01-26 10:00:00,773.7428653608301,548.60925,120.513145
forecast_0611,2025-01-26 11:00:00,878.2710374856975,544.4521,113.88687
forecast_0612,2025-01-26 12:00:00,676.4906993543236,541.13446,105.23984
forecast_0613,2025-01-26 13:00:00,522.5323933924362,540.20276,100.18871
forecast_0614,2025-01-26 14:00:00,391.5976987242396,539.98755,94.55656
forecast_0615,2025-01-26 15:00:00,321.88235879029304,540.20874,92.075966
forecast_0616,2025-01-26 16:00:00,334.289938932577,541.06714,92.41925
forecast_0617,2025-01-26 17:00:00,450.1585330852212,541.6101,92.86129
forecast_0618,2025-01-26 18:00:00,362.10189293232116,546.06476,101.867714
forecast_0619,2025-01-26 19:00:00,331.0400151904034,554.41626,114.382614
forecast_0620,2025-01-26 20:00:00,472.9549586692241,581.29407,139.40129
forecast_0621,2025-01-26 21:00:00,623.0495743949722,608.9374,166.85132
forecast_0622,2025-01-26 22:00:00,540.6387848790625,643.2356,198.5626
forecast_0623,2025-01-26 23:00:00,828.558177687833,670.38513,250.78279
forecast_0624,2025-01-27 00:00:00,908.7326072074313,627.41925,249.00763
forecast_0625,2025-01-27 01:00:00,1122.7442224048566,611.1686,288.58966
forecast_0626,2025-01-27 02:00:00,980.0302875939869,575.21716,299.7212
forecast_0627,2025-01-27 03:00:00,1125.8713477571432,566.475,370.49677
forecast_0628,2025-01-27 04:00:00,1583.9854618082572,567.56903,465.08777
forecast_0629,2025-01-27 05:00:00,1688.0592768238425,565.4419,551.5577
forecast_0630,2025-01-27 06:00:00,1371.2282627112409,562.0633,626.2075
forecast_0631,2025-01-27 07:00:00,1377.2096403425396,558.90424,669.2524
forecast_0632,2025-01-27 08:00:00,1808.862387708025,561.6678,686.7591
forecast_0633,2025-01-27 09:00:00,2015.9558617840348,577.1146,713.1433
forecast_0634,2025-01-27 10:00:00,1525.602716365524,593.291,639.8957
forecast_0635,2025-01-27 11:00:00,2692.8841109682153,651.88074,582.45325
forecast_0636,2025-01-27 12:00:00,6374.958662755501,1790.4763,2102.481
forecast_0637,2025-01-27 13:00:00,11884.52892832717,6201.7275,6635.7856
forecast_0638,2025-01-27 14:00:00,16134.282236187824,11292.651,10809.271
forecast_0639,2025-01-27 15:00:00,17949.993655472248,15546.331,14682.415
forecast_0640,2025-01-27 16:00:00,18234.09084033227,17782.574,16832.016
forecast_0641,2025-01-27 17:00:00,17999.495856096306,18401.086,17955.164
forecast_0642,2025-01-27 18:00:00,18458.10022754399,18388.17,18256.875
forecast_0643,2025-01-27 19:00:00,18041.29381439661,18293.602,18432.344
forecast_0644,2025-01-27 20:00:00,18021.509059801203,18081.498,18431.035
forecast_0645,2025-01-27 21:00:00,18312.08426462543,17645.377,18168.346
forecast_0646,2025-01-27 22:00:00,18523.704258393816,17157.168,17707.162
forecast_0647,2025-01-27 23:00:00,18264.011472402042,16668.64,17223.404
forecast_0648,2025-01-28 00:00:00,18521.550484415613,16230.88,16994.904
forecast_0649,2025-01-28 01:00:00,18164.651760434703,15538.797,16626.672
forecast_0650,2025-01-28 02:00:00,18228.654547040038,16024.391,16193.571
forecast_0651,2025-01-28 03:00:00,18350.20125570456,16718.861,15541.496
forecast_0652,2025-01-28 04:00:00,17932.01348926805,17456.486,14935.126
forecast_0653,2025-01-28 05:00:00,17326.524392336203,17904.707,14815.819
forecast_0654,2025-01-28 06:00:00,18061.43640585827,18082.662,14905.864
forecast_0655,2025-01-28 07:00:00,17482.518692800528,18151.518,15182.81
forecast_0656,2025-01-28 08:00:00,17868.83437709797,18135.588,15370.007
forecast_0657,2025-01-28 09:00:00,18461.000202697753,18078.186,15560.443
forecast_0658,2025-01-28 10:00:00,18348.31410959471,17995.695,15596.797
forecast_0659,2025-01-28 11:00:00,18306.986623846307,17887.244,15691.392
forecast_0660,2025-01-28 12:00:00,17733.559689911945,17678.855,15773.637
forecast_0661,2025-01-28 13:00:00,16522.201220279723,17539.033,15925.444
forecast_0662,2025-01-28 14:00:00,16604.41626664524,17382.621,15965.426
forecast_0663,2025-01-28 15:00:00,17265.660286317405,17204.723,16088.308
forecast_0664,2025-01-28 16:00:00,17295.79284992047,17076.482,16151.412
forecast_0665,2025-01-28 17:00:00,17247.198618114904,16960.895,16218.573
forecast_0666,2025-01-28 18:00:00,16851.28820174173,16907.807,16309.771
forecast_0667,2025-01-28 19:00:00,17383.118260575327,16847.203,16422.254
forecast_0668,2025-01-28 20:00:00,17579.26135895854,16881.992,16455.168
forecast_0669,2025-01-28 21:00:00,17746.23626275668,17029.629,16481.162
forecast_0670,2025-01-28 22:00:00,17796.283961969253,17295.002,16738.84
forecast_0671,2025-01-28 23:00:00,17901.258094231882,17441.408,16830.44
forecast_0672,2025-01-29 00:00:00,18074.82554143279,17577.299,16908.395
forecast_0673,2025-01-29 01:00:00,17868.69305092313,17674.607,17011.998
forecast_0674,2025-01-29 02:00:00,17482.000200437695,17800.547,16834.494
forecast_0675,2025-01-29 03:00:00,17731.430429811277,17870.512,16800.113
forecast_0676,2025-01-29 04:00:00,17265.96996085249,17915.389,16693.719
forecast_0677,2025-01-29 05:00:00,16894.608305330858,17928.268,16700.254
forecast_0678,2025-01-29 06:00:00,17005.463351299353,17938.55,16806.006
forecast_0679,2025-01-29 07:00:00,16997.23830011409,17905.38,16909.16
forecast_0680,2025-01-29 08:00:00,17623.220413687028,17872.82,16986.717
forecast_0681,2025-01-29 09:00:00,17448.655298550653,17757.549,16985.252
forecast_0682,2025-01-29 10:00:00,17279.805505212447,17532.816,16849.98
forecast_0683,2025-01-29 11:00:00,17086.300881330935,17298.55,16613.69
forecast_0684,2025-01-29 12:00:00,17416.489085201974,17149.871,16614.973
forecast_0685,2025-01-29 13:00:00,17768.593805512268,16824.906,16421.438
forecast_0686,2025-01-29 14:00:00,17387.367687051676,16730.904,16484.977
forecast_0687,2025-01-29 15:00:00,17112.551086528416,16617.375,16634.158
forecast_0688,2025-01-29 16:00:00,15404.732098366232,16461.082,16675.996
forecast_0689,2025-01-29 17:00:00,15135.754805252529,16284.317,16707.13
forecast_0690,2025-01-29 18:00:00,14751.073384079802,16038.386,16785.342
forecast_0691,2025-01-29 19:00:00,14916.936186077863,15989.348,16955.848
forecast_0692,2025-01-29 20:00:00,15069.576186297756,16232.816,17266.959
forecast_0693,2025-01-29 21:00:00,14771.75850955472,16453.283,17395.76
forecast_0694,2025-01-29 22:00:00,15146.541754481104,16560.088,17233.574
forecast_0695,2025-01-29 23:00:00,15137.955468935965,16443.492,16846.922
forecast_0696,2025-01-30 00:00:00,15021.989131199229,16263.04,16403.889
forecast_0697,2025-01-30 01:00:00,15279.987226880841,16035.741,15771.83
forecast_0698,2025-01-30 02:00:00,15059.705779865042,15807.834,15048.034
forecast_0699,2025-01-30 03:00:00,15234.50166202805,15699.541,14366.509
forecast_0700,2025-01-30 04:00:00,14438.31832093476,15757.051,13912.711
forecast_0701,2025-01-30 05:00:00,14375.25106818269,15868.352,13593.508
forecast_0702,2025-01-30 06:00:00,14130.616752053844,15982.744,13272.065
forecast_0703,2025-01-30 07:00:00,15574.454622368614,16226.798,13111.635
forecast_0704,2025-01-30 08:00:00,15792.514928372755,16610.787,13180.743
forecast_0705,2025-01-30 09:00:00,15692.257168600787,16897.857,13226.49
forecast_0706,2025-01-30 10:00:00,15590.193818930831,16940.559,12894.381
forecast_0707,2025-01-30 11:00:00,15218.122152615022,16767.941,12322.369
forecast_0708,2025-01-30 12:00:00,15736.418242167345,16483.28,12049.575
forecast_0709,2025-01-30 13:00:00,15911.171610291029,16082.446,12016.863
forecast_0710,2025-01-30 14:00:00,15021.35560243548,15474.25,11740.73
forecast_0711,2025-01-30 15:00:00,14732.114416044158,14915.708,11448.619
forecast_0712,2025-01-30 16:00:00,15050.621198289198,14646.099,11368.309
forecast_0713,2025-01-30 17:00:00,15056.228620173613,14171.474,10881.684
forecast_0714,2025-01-30 18:00:00,15611.699588469772,13833.709,10080.726
forecast_0715,2025-01-30 19:00:00,15363.088892278922,14907.545,10310.581
forecast_0716,2025-01-30 20:00:00,15817.717209034807,16039.716,11661.49
forecast_0717,2025-01-30 21:00:00,15769.625887436507,16852.883,13256.093
forecast_0718,2025-01-30 22:00:00,15615.14325256313,17373.156,14254.356
forecast_0719,2025-01-30 23:00:00,15417.632198788757,17733.31,14715.932
forecast_0720,2025-01-31 00:00:00,15280.30373099958,17860.098,14390.984
forecast_0721,2025-01-31 01:00:00,15799.755390846485,17482.484,12899.03
forecast_0722,2025-01-31 02:00:00,15431.616433995354,17264.686,12349.785
forecast_0723,2025-01-31 03:00:00,15061.523173376121,16727.213,11720.233
forecast_0724,2025-01-31 04:00:00,14710.004545959113,16263.48,10978.014
forecast_0725,2025-01-31 05:00:00,14903.55392397558,15876.898,10506.945
forecast_0726,2025-01-31 06:00:00,14781.521620782303,15406.132,10206.202
forecast_0727,2025-01-31 07:00:00,14352.179395126386,14944.616,9642.958
forecast_0728,2025-01-31 08:00:00,15144.271213956383,14929.729,9838.181
forecast_0729,2025-01-31 09:00:00,13573.99998735879,14816.864,10295.734
forecast_0730,2025-01-31 10:00:00,11492.829275870186,13696.858,10082.55
forecast_0731,2025-01-31 11:00:00,9936.134546499354,11096.44,8393.541
forecast_0732,2025-01-31 12:00:00,9056.205975595916,9139.016,6912.4946
forecast_0733,2025-01-31 13:00:00,6405.014202112664,6963.825,5241.1255
forecast_0734,2025-01-31 14:00:00,5925.325914226889,5275.0005,3306.2654
forecast_0735,2025-01-31 15:00:00,4839.0839014463345,4145.267,2051.3093
forecast_0736,2025-01-31 16:00:00,3290.977256733827,3315.275,1261.7465
forecast_0737,2025-01-31 17:00:00,2655.869233223941,3295.0361,867.0173
forecast_0738,2025-01-31 18:00:00,3154.465475519784,3105.135,644.8104
forecast_0739,2025-01-31 19:00:00,3214.821884930341,3632.4688,542.3989
forecast_0740,2025-01-31 20:00:00,2675.127390591069,4130.7803,517.1469
forecast_0741,2025-01-31 21:00:00,3260.492597447868,4001.1963,468.85358
forecast_0742,2025-01-31 22:00:00,3320.6042972744326,3945.85,465.49457
forecast_0743,2025-01-31 23:00:00,3694.300371181697,3928.7354,511.76688
forecast_0744,2025-02-01 00:00:00,3360.559356282398,3509.2366,554.56226
forecast_0745,2025-02-01 01:00:00,5041.125785904966,2153.1116,516.38275
forecast_0746,2025-02-01 02:00:00,4767.734569875691,1588.4282,688.17737
forecast_0747,2025-02-01 03:00:00,2334.107560524354,1023.52765,859.77045
forecast_0748,2025-02-01 04:00:00,1515.146943601766,681.22107,799.32495
forecast_0749,2025-02-01 05:00:00,1293.0705892379851,581.5842,531.73627
forecast_0750,2025-02-01 06:00:00,782.7670309231194,564.817,278.8875
forecast_0751,2025-02-01 07:00:00,379.6914777480532,560.8179,165.27747
forecast_0752,2025-02-01 08:00:00,499.69678866091607,552.04663,106.25401
forecast_0753,2025-02-01 09:00:00,415.6407730625018,548.7861,93.9243
forecast_0754,2025-02-01 10:00:00,349.7500280868551,545.943,89.242065
forecast_0755,2025-02-01 11:00:00,349.05753491153257,543.625,85.29666
forecast_0756,2025-02-01 12:00:00,319.68000000000006,542.8342,86.659325
forecast_0757,2025-02-01 13:00:00,319.68000000000006,543.35205,93.47749
forecast_0758,2025-02-01 14:00:00,322.42320029318506,545.19995,99.53982
forecast_0759,2025-02-01 15:00:00,352.81297085539825,545.28,117.31915
forecast_0760,2025-02-01 16:00:00,569.5930637750644,545.3718,150.46886
forecast_0761,2025-02-01 17:00:00,385.071459618821,544.75366,193.70721
forecast_0762,2025-02-01 18:00:00,325.0257182662254,543.4438,240.84734
forecast_0763,2025-02-01 19:00:00,336.9864933793321,540.8299,252.25024
forecast_0764,2025-02-01 20:00:00,320.1780876554354,539.22266,233.11787
forecast_0765,2025-02-01 21:00:00,388.28429795069,538.99976,207.36934
forecast_0766,2025-02-01 22:00:00,364.60140712009763,539.43414,176.22826
forecast_0767,2025-02-01 23:00:00,319.68000000000006,545.1305,170.10779
forecast_0768,2025-02-02 00:00:00,321.15234587925164,549.7256,167.60417
forecast_0769,2025-02-02 01:00:00,415.4754931752189,555.896,201.38713
forecast_0770,2025-02-02 02:00:00,483.88418685481565,552.4442,184.89229
forecast_0771,2025-02-02 03:00:00,336.1730605797218,556.7112,223.974
forecast_0772,2025-02-02 04:00:00,397.7110529626317,564.75824,268.0985
forecast_0773,2025-02-02 05:00:00,497.81837935843777,570.0254,226.11479
forecast_0774,2025-02-02 06:00:00,333.12404944804666,574.802,193.6988
forecast_0775,2025-02-02 07:00:00,362.78058002520606,580.90186,171.72011
forecast_0776,2025-02-02 08:00:00,395.4387298689674,589.3707,140.48145
forecast_0777,2025-02-02 09:00:00,421.4331712105772,638.71594,156.7508
forecast_0778,2025-02-02 10:00:00,357.3640333157072,584.77985,161.51753
forecast_0779,2025-02-02 11:00:00,404.376389177967,551.1482,202.8974
forecast_0780,2025-02-02 12:00:00,345.3432015456252,540.3248,228.25279
forecast_0781,2025-02-02 13:00:00,405.99087786113347,542.647,272.61267
forecast_0782,2025-02-02 14:00:00,319.68000000000006,551.0074,247.63171
forecast_0783,2025-02-02 15:00:00,319.68000000000006,559.7483,288.14172
forecast_0784,2025-02-02 16:00:00,701.6750364561394,562.8613,446.61035
forecast_0785,2025-02-02 17:00:00,1912.3760166987975,579.5282,759.40466
forecast_0786,2025-02-02 18:00:00,4298.048777250797,601.2129,1063.0112
forecast_0787,2025-02-02 19:00:00,5624.294838171376,633.52686,2447.78
forecast_0788,2025-02-02 20:00:00,8142.375234531854,691.26654,4660.949
forecast_0789,2025-02-02 21:00:00,9782.305820618622,728.2953,7362.557
forecast_0790,2025-02-02 22:00:00,12346.833785142797,763.55115,9187.177
forecast_0791,2025-02-02 23:00:00,13998.719993340192,846.48083,11133.488
forecast_0792,2025-02-03 00:00:00,15149.523903292082,988.31537,12690.463
forecast_0793,2025-02-03 01:00:00,16880.408684630653,1243.9279,12920.249
forecast_0794,2025-02-03 02:00:00,17040.095119120255,1559.6243,13965.23
forecast_0795,2025-02-03 03:00:00,16485.030647432533,2049.9941,15152.067
forecast_0796,2025-02-03 04:00:00,15367.846448015616,2101.7695,15550.968
forecast_0797,2025-02-03 05:00:00,14562.513729614982,1729.0354,15242.179
forecast_0798,2025-02-03 06:00:00,14765.313623619277,1522.3159,15121.09
forecast_0799,2025-02-03 07:00:00,15132.439626458752,1813.8665,15252.908
forecast_0800,2025-02-03 08:00:00,14858.430381794078,4570.163,15355.149
forecast_0801,2025-02-03 09:00:00,15416.913760354946,9113.387,15403.753
forecast_0802,2025-02-03 10:00:00,16477.423697342398,12945.16,14988.566
forecast_0803,2025-02-03 11:00:00,16651.758076741684,14524.001,14113.044
forecast_0804,2025-02-03 12:00:00,16495.93621671246,15409.921,13663.528
forecast_0805,2025-02-03 13:00:00,16216.699230043465,15840.758,13470.815
forecast_0806,2025-02-03 14:00:00,15880.047595454,15835.301,13068.399
forecast_0807,2025-02-03 15:00:00,15489.95229100175,15751.45,12568.287
forecast_0808,2025-02-03 16:00:00,15626.97771166478,15748.904,12472.592
forecast_0809,2025-02-03 17:00:00,15576.207242899387,15589.654,12335.477
forecast_0810,2025-02-03 18:00:00,15683.866098346756,15763.668,12614.717
forecast_0811,2025-02-03 19:00:00,15532.67611167366,16033.89,13274.436
forecast_0812,2025-02-03 20:00:00,14876.820699468422,16406.348,14095.164
forecast_0813,2025-02-03 21:00:00,14635.177402478592,16707.268,14797.539
forecast_0814,2025-02-03 22:00:00,14323.84661319102,16837.396,15225.033
forecast_0815,2025-02-03 23:00:00,14590.942770519665,16871.879,15486.067
forecast_0816,2025-02-04 00:00:00,14561.800268909732,16841.525,15621.726
forecast_0817,2025-02-04 01:00:00,14950.843993606251,16620.014,15320.113
forecast_0818,2025-02-04 02:00:00,14256.34887455893,16293.415,14415.992
forecast_0819,2025-02-04 03:00:00,14413.846067471904,15955.993,13671.133
forecast_0820,2025-02-04 04:00:00,15032.368672756274,15498.995,12955.499
forecast_0821,2025-02-04 05:00:00,14882.015009930423,15072.593,12567.149
forecast_0822,2025-02-04 06:00:00,13587.264515480576,14988.147,12692.568
forecast_0823,2025-02-04 07:00:00,11622.544396811667,15145.886,13031.697
forecast_0824,2025-02-04 08:00:00,11494.321587659719,15137.734,13099.717
forecast_0825,2025-02-04 09:00:00,12162.623599434924,15113.465,13061.574
forecast_0826,2025-02-04 10:00:00,12650.067268504255,15051.717,12997.852
forecast_0827,2025-02-04 11:00:00,13697.00414151155,14666.802,12650.364
forecast_0828,2025-02-04 12:00:00,14063.26197407728,14326.157,12425.691
forecast_0829,2025-02-04 13:00:00,14257.191607889055,14492.422,12840.46
forecast_0830,2025-02-04 14:00:00,13547.411665297466,14699.635,13255.721
forecast_0831,2025-02-04 15:00:00,13874.083601743409,14624.348,13340.168
forecast_0832,2025-02-04 16:00:00,14196.714515759333,14483.412,13261.016
forecast_0833,2025-02-04 17:00:00,14417.230614833175,14661.306,13695.848
forecast_0834,2025-02-04 18:00:00,14401.737506426281,14972.968,14284.122
forecast_0835,2025-02-04 19:00:00,14966.912091040582,15432.23,14630.628
forecast_0836,2025-02-04 20:00:00,14877.08756258391,15889.535,14591.295
forecast_0837,2025-02-04 21:00:00,14895.694703953928,16499.979,14843.596
forecast_0838,2025-02-04 22:00:00,15360.054031444995,16943.555,15181.729
forecast_0839,2025-02-04 23:00:00,15202.334244280482,17145.406,15607.183
forecast_0840,2025-02-05 00:00:00,14164.42979580435,17134.562,15723.657
forecast_0841,2025-02-05 01:00:00,14339.801606737006,16759.03,15458.273
forecast_0842,2025-02-05 02:00:00,13807.897114496523,16816.666,15373.47
forecast_0843,2025-02-05 03:00:00,14832.822217333305,16624.318,15080.191
forecast_0844,2025-02-05 04:00:00,15281.146211514504,16309.174,14612.652
forecast_0845,2025-02-05 05:00:00,15046.498907864116,16164.691,14303.956
forecast_0846,2025-02-05 06:00:00,14990.643176549305,15917.875,13959.801
forecast_0847,2025-02-05 07:00:00,14978.623707836085,15644.813,13503.03
forecast_0848,2025-02-05 08:00:00,15208.598730152027,15457.875,13133.731
forecast_0849,2025-02-05 09:00:00,14964.46137943868,15238.991,12768.5625
forecast_0850,2025-02-05 10:00:00,15257.405062012578,14989.955,12412.308
forecast_0851,2025-02-05 11:00:00,14756.583469874684,14918.595,12222.736
forecast_0852,2025-02-05 12:00:00,15527.399510007843,14943.508,12079.024
forecast_0853,2025-02-05 13:00:00,15776.846030606888,15099.064,12032.77
forecast_0854,2025-02-05 14:00:00,15728.352607320998,15225.442,12026.294
forecast_0855,2025-02-05 15:00:00,15542.83225077847,15310.1875,11898.916
forecast_0856,2025-02-05 16:00:00,15235.847457604901,15535.222,11861.498
forecast_0857,2025-02-05 17:00:00,15188.19781949271,15766.497,12102.057
forecast_0858,2025-02-05 18:00:00,14753.562014491052,15772.915,12217.064
forecast_0859,2025-02-05 19:00:00,14954.697529301524,15629.706,12207.892
forecast_0860,2025-02-05 20:00:00,15322.454823040054,15587.683,12275.851
forecast_0861,2025-02-05 21:00:00,15423.375587605162,15722.993,12732.524
forecast_0862,2025-02-05 22:00:00,15503.193975322345,15963.144,13325.0
forecast_0863,2025-02-05 23:00:00,15578.978111280383,16073.966,13899.279
forecast_0864,2025-02-06 00:00:00,14373.219683362702,16187.483,14454.229
forecast_0865,2025-02-06 01:00:00,15977.051977568894,16042.538,14459.811
forecast_0866,2025-02-06 02:00:00,14637.440162315786,16047.509,13909.112
forecast_0867,2025-02-06 03:00:00,16419.032472495142,16070.002,13306.5
forecast_0868,2025-02-06 04:00:00,16840.049087099083,16228.055,13289.19
forecast_0869,2025-02-06 05:00:00,16948.392236667907,16412.963,13651.4
forecast_0870,2025-02-06 06:00:00,16945.812616921412,16485.316,13993.771
forecast_0871,2025-02-06 07:00:00,15971.607490327862,16437.941,14182.325
forecast_0872,2025-02-06 08:00:00,15903.956406510075,16178.363,14039.45
forecast_0873,2025-02-06 09:00:00,15322.6237173873,15852.347,13771.973
forecast_0874,2025-02-06 10:00:00,13790.513943525324,15597.914,13378.349
forecast_0875,2025-02-06 11:00:00,13554.021176370577,15106.331,12666.806
forecast_0876,2025-02-06 12:00:00,13229.695654265492,14314.992,11872.43
forecast_0877,2025-02-06 13:00:00,14103.187460734365,13444.204,11221.496
forecast_0878,2025-02-06 14:00:00,14891.673829758547,13192.103,11022.239
forecast_0879,2025-02-06 15:00:00,13243.45038158359,12896.797,11103.655
forecast_0880,2025-02-06 16:00:00,13738.935206032875,12578.8955,11441.232
forecast_0881,2025-02-06 17:00:00,13387.412419303502,12754.974,12410.816
forecast_0882,2025-02-06 18:00:00,14385.747982399591,12868.661,13381.387
forecast_0883,2025-02-06 19:00:00,13928.501287618834,12547.218,13062.801
forecast_0884,2025-02-06 20:00:00,14367.390167400128,12758.681,13349.613
forecast_0885,2025-02-06 21:00:00,14467.554071292418,12838.038,13741.333
forecast_0886,2025-02-06 22:00:00,13254.21877205494,12821.864,13696.808
forecast_0887,2025-02-06 23:00:00,12224.720853312354,11817.158,12157.664
forecast_0888,2025-02-07 00:00:00,12588.548654695713,11344.174,11437.794
forecast_0889,2025-02-07 01:00:00,7743.32008730129,9588.058,9092.713
forecast_0890,2025-02-07 02:00:00,5609.482477863363,6228.827,4688.9956
forecast_0891,2025-02-07 03:00:00,5288.907390590102,6018.2666,2976.6375
forecast_0892,2025-02-07 04:00:00,6068.510218181614,6525.464,2512.828
forecast_0893,2025-02-07 05:00:00,5020.748456232838,6844.824,2328.8938
forecast_0894,2025-02-07 06:00:00,3674.5756025466376,7376.834,2064.5105
forecast_0895,2025-02-07 07:00:00,4530.769026180609,7686.1357,1749.2363
forecast_0896,2025-02-07 08:00:00,3240.621681524752,7534.3955,1456.8076
forecast_0897,2025-02-07 09:00:00,5091.31876283512,8760.346,1689.2218
forecast_0898,2025-02-07 10:00:00,5958.53733694674,10871.67,3673.062
forecast_0899,2025-02-07 11:00:00,10721.399135214662,13132.928,9024.449
forecast_0900,2025-02-07 12:00:00,12312.379351201196,14122.299,12585.804
forecast_0901,2025-02-07 13:00:00,12967.586875596515,14882.625,14245.693
forecast_0902,2025-02-07 14:00:00,13241.008797962646,14676.685,13876.051
forecast_0903,2025-02-07 15:00:00,13609.393690951114,14228.118,12441.568
forecast_0904,2025-02-07 16:00:00,14077.204643554316,13916.064,11606.184
forecast_0905,2025-02-07 17:00:00,13780.642919692817,13453.253,10983.636
forecast_0906,2025-02-07 18:00:00,14161.258388949045,13012.099,10564.972
forecast_0907,2025-02-07 19:00:00,12172.462768073103,11954.8545,9676.075
forecast_0908,2025-02-07 20:00:00,12318.335605811479,11760.779,9020.825
forecast_0909,2025-02-07 21:00:00,11927.743718037489,12575.658,10008.431
forecast_0910,2025-02-07 22:00:00,12236.344429237812,13402.809,11656.573
forecast_0911,2025-02-07 23:00:00,12579.209960977285,13752.863,12782.596
forecast_0912,2025-02-08 00:00:00,13399.51962014562,14190.789,13568.504
forecast_0913,2025-02-08 01:00:00,13612.351838403403,14648.391,13593.986
forecast_0914,2025-02-08 02:00:00,14081.964713059884,15443.402,13183.018
forecast_0915,2025-02-08 03:00:00,14133.458321999284,16279.453,13082.466
forecast_0916,2025-02-08 04:00:00,14685.62163292252,17033.88,13253.139
forecast_0917,2025-02-08 05:00:00,16477.556897338414,17668.16,13615.871
forecast_0918,2025-02-08 06:00:00,15831.502013340145,18036.855,13831.618
forecast_0919,2025-02-08 07:00:00,15438.863809015558,18224.83,13901.608
forecast_0920,2025-02-08 08:00:00,13412.875083383542,17995.799,13168.014
forecast_0921,2025-02-08 09:00:00,13410.364787709188,17399.28,11686.472
forecast_0922,2025-02-08 10:00:00,10425.558351084923,15584.1875,9029.385
forecast_0923,2025-02-08 11:00:00,8853.70076751628,11991.224,5917.4985
forecast_0924,2025-02-08 12:00:00,4820.3290487018485,8123.331,3923.6152
forecast_0925,2025-02-08 13:00:00,3373.9778759665132,5122.8545,2688.6675
forecast_0926,2025-02-08 14:00:00,2937.991289647483,3186.9978,1968.9368
forecast_0927,2025-02-08 15:00:00,3152.285060490152,2105.9026,1557.1919
forecast_0928,2025-02-08 16:00:00,3148.1724602292043,1723.6755,1478.4686
forecast_0929,2025-02-08 17:00:00,4132.133423052832,1765.8655,1696.3871
forecast_0930,2025-02-08 18:00:00,6495.1570127701825,2198.4414,2337.4448
forecast_0931,2025-02-08 19:00:00,7185.37157454681,3631.8467,3753.0925
forecast_0932,2025-02-08 20:00:00,7537.960773923242,5819.579,5647.0415
forecast_0933,2025-02-08 21:00:00,9061.639582155463,7629.8384,7315.514
forecast_0934,2025-02-08 22:00:00,13914.640068254655,10193.601,9346.681
forecast_0935,2025-02-08 23:00:00,16382.873440661437,12882.597,11547.321
forecast_0936,2025-02-09 00:00:00,18258.21654965674,15018.566,13394.734
forecast_0937,2025-02-09 01:00:00,14758.647750101927,16458.541,14425.465
forecast_0938,2025-02-09 02:00:00,15329.163538397872,16082.762,13860.425
forecast_0939,2025-02-09 03:00:00,16602.340935900505,16333.438,13621.461
forecast_0940,2025-02-09 04:00:00,17018.317517780742,16475.168,13493.404
forecast_0941,2025-02-09 05:00:00,18851.52836947293,16794.521,13576.585
forecast_0942,2025-02-09 06:00:00,18943.92248583237,17297.068,14117.122
forecast_0943,2025-02-09 07:00:00,19215.388488544308,17682.506,14625.972
forecast_0944,2025-02-09 08:00:00,19347.116544245942,17679.041,14652.42
forecast_0945,2025-02-09 09:00:00,17934.63204190045,16941.543,13873.288
forecast_0946,2025-02-09 10:00:00,14278.046385233456,14573.09,11830.111
forecast_0947,2025-02-09 11:00:00,11519.045746711941,11336.461,9179.779
forecast_0948,2025-02-09 12:00:00,10602.086707342445,8873.765,7496.446
forecast_0949,2025-02-09 13:00:00,9476.381307342672,7426.391,6880.702
forecast_0950,2025-02-09 14:00:00,9406.29759512562,6946.333,7073.0513
forecast_0951,2025-02-09 15:00:00,11530.765406152772,6757.9595,7519.8584
forecast_0952,2025-02-09 16:00:00,11479.08168974649,7028.458,8261.104
forecast_0953,2025-02-09 17:00:00,13390.078034988463,7503.26,9184.704
forecast_0954,2025-02-09 18:00:00,14026.339334760138,8219.147,10465.939
forecast_0955,2025-02-09 19:00:00,14350.075207910455,10512.035,11928.688
forecast_0956,2025-02-09 20:00:00,14055.757249921102,12786.79,12828.276
forecast_0957,2025-02-09 21:00:00,13833.609797553712,14295.797,12843.525
forecast_0958,2025-02-09 22:00:00,14655.84961523225,15460.632,12747.902
forecast_0959,2025-02-09 23:00:00,14954.731423025909,16394.41,13354.38
forecast_0960,2025-02-10 00:00:00,15561.676781431255,17113.996,14211.764
forecast_0961,2025-02-10 01:00:00,15515.461592387968,17570.854,14591.588
forecast_0962,2025-02-10 02:00:00,15806.294637272935,17826.36,14758.551
forecast_0963,2025-02-10 03:00:00,17008.53539735187,18007.295,14656.3545
forecast_0964,2025-02-10 04:00:00,18608.389465356297,18178.133,14309.456
forecast_0965,2025-02-10 05:00:00,18395.275617757386,18479.754,14400.616
forecast_0966,2025-02-10 06:00:00,18463.550588552847,18807.633,15060.487
forecast_0967,2025-02-10 07:00:00,18657.370127050755,18924.72,15651.53
forecast_0968,2025-02-10 08:00:00,18181.7141756625,18981.068,15938.255
forecast_0969,2025-02-10 09:00:00,17687.641618772686,18974.22,15900.598
forecast_0970,2025-02-10 10:00:00,14961.176825508188,18876.926,15626.216
forecast_0971,2025-02-10 11:00:00,13561.580943437206,18302.453,14504.773
forecast_0972,2025-02-10 12:00:00,11650.446656570137,16930.236,12794.508
forecast_0973,2025-02-10 13:00:00,12939.33428741632,14909.773,11256.409
forecast_0974,2025-02-10 14:00:00,12934.520494813274,13137.604,10210.774
forecast_0975,2025-02-10 15:00:00,12611.07575476485,11565.854,9748.577
forecast_0976,2025-02-10 16:00:00,12681.410551815181,10277.442,9054.783
forecast_0977,2025-02-10 17:00:00,12020.44838929732,9146.653,8236.171
forecast_0978,2025-02-10 18:00:00,12169.43069069898,8613.292,7750.754
forecast_0979,2025-02-10 19:00:00,12454.034057732617,9581.538,8280.583
forecast_0980,2025-02-10 20:00:00,10559.438227567298,10994.771,9003.366
forecast_0981,2025-02-10 21:00:00,9041.322740761663,10794.661,8040.786
forecast_0982,2025-02-10 22:00:00,10220.635163232279,9911.439,6480.4795
forecast_0983,2025-02-10 23:00:00,10167.89641904191,10024.243,6262.3906
forecast_0984,2025-02-11 00:00:00,9381.299715976393,10501.835,6410.504
forecast_0985,2025-02-11 01:00:00,9610.477993083816,10972.206,6512.8833
forecast_0986,2025-02-11 02:00:00,9827.475151503153,9977.055,6271.137
forecast_0987,2025-02-11 03:00:00,11007.862073657783,8831.0205,5951.878
forecast_0988,2025-02-11 04:00:00,11547.100465976613,8323.28,5690.8022
forecast_0989,2025-02-11 05:00:00,8352.30375197646,7741.1104,5382.9805
forecast_0990,2025-02-11 06:00:00,7810.032596022178,5289.952,4011.042
forecast_0991,2025-02-11 07:00:00,8487.536317948494,3114.8467,2958.4683
forecast_0992,2025-02-11 08:00:00,7740.548969121644,2349.0137,2511.0005
forecast_0993,2025-02-11 09:00:00,7617.242621199758,1783.1152,2169.3796
forecast_0994,2025-02-11 10:00:00,4394.320711219764,1415.8003,1841.1631
forecast_0995,2025-02-11 11:00:00,2552.9902254841,1266.5894,1477.3911
forecast_0996,2025-02-11 12:00:00,1647.1262941171462,1228.113,1110.7094
forecast_0997,2025-02-11 13:00:00,1386.5341609601765,1225.1885,901.5246
forecast_0998,2025-02-11 14:00:00,2014.8681227601935,1123.0845,773.6684
forecast_0999,2025-02-11 15:00:00,1511.9686530526126,1078.2975,728.84955
forecast_1000,2025-02-11 16:00:00,1913.216684215825,1193.1749,698.9589
forecast_1001,2025-02-11 17:00:00,2290.2256171910135,1515.9163,811.5169
forecast_1002,2025-02-11 18:00:00,4430.684480644329,2048.6624,1095.829
forecast_1003,2025-02-11 19:00:00,9537.694712921064,3915.2004,2262.7502
forecast_1004,2025-02-11 20:00:00,10750.760801765178,7077.5024,4249.883
forecast_1005,2025-02-11 21:00:00,11358.581627899726,11048.942,7728.5513
forecast_1006,2025-02-11 22:00:00,12040.905279599949,13604.33,9707.559
forecast_1007,2025-02-11 23:00:00,16388.667616783136,15727.071,10529.699
forecast_1008,2025-02-12 00:00:00,18849.37334721448,17084.14,10640.428
forecast_1009,2025-02-12 01:00:00,15701.790170353894,18280.918,10985.298
forecast_1010,2025-02-12 02:00:00,16805.10639488919,18556.205,10160.329
forecast_1011,2025-02-12 03:00:00,15904.30417980296,18789.588,9721.731
forecast_1012,2025-02-12 04:00:00,14110.77849832151,18591.436,8840.948
forecast_1013,2025-02-12 05:00:00,13458.086271149885,18224.184,7688.169
forecast_1014,2025-02-12 06:00:00,11162.295106888707,17306.922,5946.55
forecast_1015,2025-02-12 07:00:00,7451.319174759695,14918.46,4426.138
forecast_1016,2025-02-12 08:00:00,4008.768693665857,8805.825,2510.0037
forecast_1017,2025-02-12 09:00:00,3712.917257512692,5404.383,1307.475
forecast_1018,2025-02-12 10:00:00,6555.69916708924,7004.179,1428.3689
forecast_1019,2025-02-12 11:00:00,6580.052682944154,8127.6924,1767.3558
forecast_1020,2025-02-12 12:00:00,9508.132757187894,9764.294,3005.2942
forecast_1021,2025-02-12 13:00:00,10473.58798323428,11982.631,6350.554
forecast_1022,2025-02-12 14:00:00,12806.8602078509,13577.766,10217.726
forecast_1023,2025-02-12 15:00:00,14972.22506198025,14560.281,12286.733
forecast_1024,2025-02-12 16:00:00,16177.353960936623,15843.076,14554.345
forecast_1025,2025-02-12 17:00:00,16403.85938704436,16682.088,16078.098
forecast_1026,2025-02-12 18:00:00,16033.651907853993,17223.928,16897.555
forecast_1027,2025-02-12 19:00:00,16421.080905350645,17555.664,17317.357
forecast_1028,2025-02-12 20:00:00,15572.905628178421,17836.926,17465.775
forecast_1029,2025-02-12 21:00:00,15163.728575353227,17946.648,17281.127
forecast_1030,2025-02-12 22:00:00,15264.761250937952,17843.666,16601.871
forecast_1031,2025-02-12 23:00:00,15098.482996395382,17653.678,15680.758
forecast_1032,2025-02-13 00:00:00,15170.64871528227,17075.291,13770.777
forecast_1033,2025-02-13 01:00:00,14963.90044356676,15759.056,11290.079
forecast_1034,2025-02-13 02:00:00,14567.37747889866,14189.172,9971.599
forecast_1035,2025-02-13 03:00:00,14973.317424540835,13352.929,9776.086
forecast_1036,2025-02-13 04:00:00,14217.143841776151,11666.327,8778.154
forecast_1037,2025-02-13 05:00:00,14486.98311821288,10062.193,6816.037
forecast_1038,2025-02-13 06:00:00,16018.026458246091,11433.657,7136.5894
forecast_1039,2025-02-13 07:00:00,16810.989229645482,13818.4795,9630.564
forecast_1040,2025-02-13 08:00:00,17349.5135023681,15537.351,12175.668
forecast_1041,2025-02-13 09:00:00,17103.594013804548,16649.658,13667.919
forecast_1042,2025-02-13 10:00:00,15281.743518225057,16979.926,13864.635
forecast_1043,2025-02-13 11:00:00,14128.078158532186,17120.637,13385.193
forecast_1044,2025-02-13 12:00:00,14206.837271008822,16847.176,12614.305
forecast_1045,2025-02-13 13:00:00,14567.169784650825,16473.918,12326.024
forecast_1046,2025-02-13 14:00:00,15471.467960410366,16212.053,12451.707
forecast_1047,2025-02-13 15:00:00,15674.466922558095,16476.549,13212.848
forecast_1048,2025-02-13 16:00:00,16306.216024322932,16887.027,14251.374
forecast_1049,2025-02-13 17:00:00,17386.01735727965,17356.799,15352.46
forecast_1050,2025-02-13 18:00:00,18261.20191345457,17879.049,16554.643
forecast_1051,2025-02-13 19:00:00,18460.16671933084,18458.35,17596.818
forecast_1052,2025-02-13 20:00:00,18965.478638764274,18880.559,18306.6
forecast_1053,2025-02-13 21:00:00,19452.728254008452,19225.836,18693.535
forecast_1054,2025-02-13 22:00:00,19412.622190769478,19499.406,18921.393
forecast_1055,2025-02-13 23:00:00,19532.210334950993,19667.023,19072.473
forecast_1056,2025-02-14 00:00:00,19447.460974534297,19781.94,19155.367
forecast_1057,2025-02-14 01:00:00,19507.67531801614,19814.137,19052.662
forecast_1058,2025-02-14 02:00:00,19199.70877733749,19853.459,18771.473
forecast_1059,2025-02-14 03:00:00,19140.647852209717,19844.62,18315.006
forecast_1060,2025-02-14 04:00:00,19257.471384680466,19786.596,17723.41
forecast_1061,2025-02-14 05:00:00,19366.51932322868,19717.668,17009.262
forecast_1062,2025-02-14 06:00:00,19960.1241273283,19660.781,16474.508
forecast_1063,2025-02-14 07:00:00,19732.21794903503,19601.627,16169.237
forecast_1064,2025-02-14 08:00:00,20404.164525526667,19491.002,15814.23
forecast_1065,2025-02-14 09:00:00,16470.403499163713,19259.104,15230.266
forecast_1066,2025-02-14 10:00:00,14163.509242684377,18045.467,12787.682
forecast_1067,2025-02-14 11:00:00,11767.6435134195,15357.601,9277.334
forecast_1068,2025-02-14 12:00:00,9837.441088954089,12078.936,6979.165
forecast_1069,2025-02-14 13:00:00,9472.25082539528,9358.315,5676.6626
forecast_1070,2025-02-14 14:00:00,9209.033712484801,7644.8223,4902.4785
forecast_1071,2025-02-14 15:00:00,8664.618141421466,6819.6387,4554.341
forecast_1072,2025-02-14 16:00:00,9552.95721155248,7062.7607,4668.148
forecast_1073,2025-02-14 17:00:00,9250.960711967213,8663.937,5967.0034
forecast_1074,2025-02-14 18:00:00,12955.570782312165,10768.239,7932.7056
forecast_1075,2025-02-14 19:00:00,15259.28102359347,13739.928,10334.73
forecast_1076,2025-02-14 20:00:00,16242.294058968739,15537.85,11452.996
forecast_1077,2025-02-14 21:00:00,16531.15017336281,16502.89,11248.057
forecast_1078,2025-02-14 22:00:00,17074.71872703591,17418.75,11190.696
forecast_1079,2025-02-14 23:00:00,16735.04536034802,17480.078,11138.019
forecast_1080,2025-02-15 00:00:00,17824.484447629602,16984.703,10916.684
forecast_1081,2025-02-15 01:00:00,16123.879705067864,16566.29,10770.375
forecast_1082,2025-02-15 02:00:00,17594.308520734132,16851.252,11113.412
forecast_1083,2025-02-15 03:00:00,18014.987854304833,16954.527,10784.022
forecast_1084,2025-02-15 04:00:00,16769.04275242681,17065.52,10008.404
forecast_1085,2025-02-15 05:00:00,17429.131818285183,17136.783,9162.566
forecast_1086,2025-02-15 06:00:00,16898.112018797798,17153.605,9002.126
forecast_1087,2025-02-15 07:00:00,15557.668623798625,16255.179,8292.878
forecast_1088,2025-02-15 08:00:00,12060.812536266665,14250.555,6358.044
forecast_1089,2025-02-15 09:00:00,11481.592880228662,12510.693,4621.981
forecast_1090,2025-02-15 10:00:00,8580.853956839072,12033.0205,4128.5576
forecast_1091,2025-02-15 11:00:00,7954.327015085181,10354.443,3559.2158
forecast_1092,2025-02-15 12:00:00,10705.94241712497,9571.252,3301.9446
forecast_1093,2025-02-15 13:00:00,10969.504687826178,10525.556,4240.7935
forecast_1094,2025-02-15 14:00:00,11508.832545480316,11917.747,6535.873
forecast_1095,2025-02-15 15:00:00,11294.675634215037,13558.195,8940.21
forecast_1096,2025-02-15 16:00:00,13261.558329727479,14811.499,10351.902
forecast_1097,2025-02-15 17:00:00,14130.514361759604,15899.07,11178.849
forecast_1098,2025-02-15 18:00:00,15904.246527852803,17273.057,12214.723
forecast_1099,2025-02-15 19:00:00,19043.483306344595,18559.383,13477.072
forecast_1100,2025-02-15 20:00:00,19925.24419851266,19330.49,15032.052
forecast_1101,2025-02-15 21:00:00,17916.033499730143,19639.953,16003.678
forecast_1102,2025-02-15 22:00:00,17211.656986915554,19515.463,15460.25
forecast_1103,2025-02-15 23:00:00,19189.614495413407,19441.959,14929.133
forecast_1104,2025-02-16 00:00:00,19133.80187766398,19379.756,14653.098
forecast_1105,2025-02-16 01:00:00,20398.25027631947,19305.352,14436.99
forecast_1106,2025-02-16 02:00:00,19752.251017100123,19341.287,14562.228
forecast_1107,2025-02-16 03:00:00,19257.024622565426,19254.008,13923.263
forecast_1108,2025-02-16 04:00:00,18262.417503297427,19010.547,12658.849
forecast_1109,2025-02-16 05:00:00,16552.225425694476,18401.57,10518.202
forecast_1110,2025-02-16 06:00:00,15645.474362806592,17308.725,8750.515
forecast_1111,2025-02-16 07:00:00,16758.337533506423,15841.504,7727.7646
forecast_1112,2025-02-16 08:00:00,15214.56982433146,14837.152,7509.865
forecast_1113,2025-02-16 09:00:00,14317.80860304588,13990.597,7228.298
forecast_1114,2025-02-16 10:00:00,8407.566106749877,12325.8545,6150.3604
forecast_1115,2025-02-16 11:00:00,7374.294068690209,9909.381,4297.976
forecast_1116,2025-02-16 12:00:00,8508.02452120757,9984.756,4348.902
forecast_1117,2025-02-16 13:00:00,12649.933856894011,11004.056,5835.9077
forecast_1118,2025-02-16 14:00:00,12890.386755202695,12837.269,9016.44
forecast_1119,2025-02-16 15:00:00,15597.989757858715,14235.8545,11720.769
forecast_1120,2025-02-16 16:00:00,17272.252947849585,15047.568,13384.609
forecast_1121,2025-02-16 17:00:00,17139.18647521369,15775.045,14468.278
forecast_1122,2025-02-16 18:00:00,17141.032292827593,16679.46,15503.316
forecast_1123,2025-02-16 19:00:00,17706.235154020967,17479.545,16122.369
forecast_1124,2025-02-16 20:00:00,18221.354483984338,18131.832,16524.666
forecast_1125,2025-02-16 21:00:00,17446.26038852356,18557.646,16683.334
forecast_1126,2025-02-16 22:00:00,17580.677398849246,18579.438,16498.602
forecast_1127,2025-02-16 23:00:00,17264.735834904735,18625.14,16376.053
forecast_1128,2025-02-17 00:00:00,16795.281915320247,18546.559,16223.482
forecast_1129,2025-02-17 01:00:00,15041.937248003105,18138.398,15266.888
forecast_1130,2025-02-17 02:00:00,15010.896694561377,17271.158,13742.728
forecast_1131,2025-02-17 03:00:00,14353.45125200725,15742.008,12218.884
forecast_1132,2025-02-17 04:00:00,14108.113487331331,13917.81,10839.326
forecast_1133,2025-02-17 05:00:00,12582.556601879147,12329.923,9737.198
forecast_1134,2025-02-17 06:00:00,12516.158476442377,11073.308,8936.97
forecast_1135,2025-02-17 07:00:00,13633.198188246723,10816.91,8908.8955
forecast_1136,2025-02-17 08:00:00,13638.45787864718,11991.243,10198.9795
forecast_1137,2025-02-17 09:00:00,14186.440446243405,12553.444,11266.294
forecast_1138,2025-02-17 10:00:00,14655.16314349193,12824.122,11858.615
forecast_1139,2025-02-17 11:00:00,14006.486940430967,13235.064,11930.29
forecast_1140,2025-02-17 12:00:00,13824.742585872837,13197.904,11218.822
forecast_1141,2025-02-17 13:00:00,13476.396750223626,12499.563,9872.581
forecast_1142,2025-02-17 14:00:00,12630.247994842264,11406.328,8198.646
forecast_1143,2025-02-17 15:00:00,12057.005130286012,10190.712,6580.8804
forecast_1144,2025-02-17 16:00:00,10923.61417494212,9012.703,5322.4243
forecast_1145,2025-02-17 17:00:00,9581.2674458685,7739.7993,4269.792
forecast_1146,2025-02-17 18:00:00,8928.475005239316,6363.5034,3373.283
forecast_1147,2025-02-17 19:00:00,8210.823472455782,6097.456,3245.588
forecast_1148,2025-02-17 20:00:00,8256.304780942435,6028.325,3343.1892
forecast_1149,2025-02-17 21:00:00,5162.019049107216,5478.4927,3170.5303
forecast_1150,2025-02-17 22:00:00,5464.254858393715,4613.619,2438.3484
forecast_1151,2025-02-17 23:00:00,6524.766210161124,4950.5947,2212.7651
forecast_1152,2025-02-18 00:00:00,7428.59718479959,6761.3647,2698.6765
forecast_1153,2025-02-18 01:00:00,7694.017978758977,8662.313,3712.878
forecast_1154,2025-02-18 02:00:00,10646.63685461102,10507.043,5296.4224
forecast_1155,2025-02-18 03:00:00,11416.417149618364,12435.562,6900.6616
forecast_1156,2025-02-18 04:00:00,12340.488477942688,14024.181,8619.467
forecast_1157,2025-02-18 05:00:00,13081.566699194953,14639.371,9713.215
forecast_1158,2025-02-18 06:00:00,13710.323467004207,14675.098,10126.706
forecast_1159,2025-02-18 07:00:00,13783.341659245778,14857.569,10706.575
forecast_1160,2025-02-18 08:00:00,13387.83624531095,14858.393,11200.818
forecast_1161,2025-02-18 09:00:00,11897.417578117413,13890.949,10595.817
forecast_1162,2025-02-18 10:00:00,10962.373231787602,12407.525,9594.819
forecast_1163,2025-02-18 11:00:00,12486.618865367274,11656.186,9331.544
forecast_1164,2025-02-18 12:00:00,13695.532291815007,11760.127,9873.855
forecast_1165,2025-02-18 13:00:00,14001.940684861298,12171.0,10744.578
forecast_1166,2025-02-18 14:00:00,14020.229168339527,12307.784,11359.342
forecast_1167,2025-02-18 15:00:00,13998.472075832327,12082.994,11505.351
forecast_1168,2025-02-18 16:00:00,13706.136092125302,11592.971,11268.074
forecast_1169,2025-02-18 17:00:00,13397.297444890022,10709.937,10448.416
forecast_1170,2025-02-18 18:00:00,12844.210064466239,9499.809,8871.595
forecast_1171,2025-02-18 19:00:00,12629.975211509773,8458.166,7679.1787
forecast_1172,2025-02-18 20:00:00,11738.588339411384,8546.305,7992.2734
forecast_1173,2025-02-18 21:00:00,11773.754551430986,8394.643,8173.0327
forecast_1174,2025-02-18 22:00:00,11288.53219753213,7974.865,7546.7886
forecast_1175,2025-02-18 23:00:00,8653.07298984541,7472.911,6219.852
forecast_1176,2025-02-19 00:00:00,10397.78058537261,7819.142,5229.7793
forecast_1177,2025-02-19 01:00:00,7383.963733712563,8099.2065,5043.6543
forecast_1178,2025-02-19 02:00:00,11264.329848900057,6382.943,4377.75
forecast_1179,2025-02-19 03:00:00,10095.354253450038,6777.9375,4673.154
forecast_1180,2025-02-19 04:00:00,10762.21695691481,8016.532,5094.6973
forecast_1181,2025-02-19 05:00:00,10799.10070064889,8988.646,5626.1484
forecast_1182,2025-02-19 06:00:00,11655.37642202618,9202.966,6123.423
forecast_1183,2025-02-19 07:00:00,11555.424385875667,9329.731,6889.841
forecast_1184,2025-02-19 08:00:00,11113.191439542794,8829.128,7387.158
forecast_1185,2025-02-19 09:00:00,9402.294943486668,6788.082,6883.9614
forecast_1186,2025-02-19 10:00:00,5551.388979083537,3741.9385,5285.547
forecast_1187,2025-02-19 11:00:00,3905.4950967720956,2030.7593,3722.1821
forecast_1188,2025-02-19 12:00:00,3749.676895254115,1326.6755,2642.7795
forecast_1189,2025-02-19 13:00:00,4441.390898502107,1189.1836,2071.099
forecast_1190,2025-02-19 14:00:00,5774.742973324324,1375.8912,1985.5653
forecast_1191,2025-02-19 15:00:00,6057.645093382434,1811.9487,2472.713
forecast_1192,2025-02-19 16:00:00,6046.794199154206,2023.5137,2918.7366
forecast_1193,2025-02-19 17:00:00,6459.72946737476,2046.8701,3234.4155
forecast_1194,2025-02-19 18:00:00,6426.326013224111,1958.4797,3528.9802
forecast_1195,2025-02-19 19:00:00,6512.639961502831,2027.6355,4093.007
forecast_1196,2025-02-19 20:00:00,6443.050119450309,2242.717,4603.3545
forecast_1197,2025-02-19 21:00:00,6453.644068303347,2397.7163,4469.894
forecast_1198,2025-02-19 22:00:00,8018.062361388961,2609.8994,4324.0503
forecast_1199,2025-02-19 23:00:00,8466.860222073217,2738.2153,4580.017
forecast_1200,2025-02-20 00:00:00,8938.50707354887,2786.981,4928.0566
forecast_1201,2025-02-20 01:00:00,8724.458571481882,2412.7334,4668.9023
forecast_1202,2025-02-20 02:00:00,8780.045214535348,1581.4973,3812.3284
forecast_1203,2025-02-20 03:00:00,8854.30378626897,1174.6737,3213.2876
forecast_1204,2025-02-20 04:00:00,9343.403008246234,1055.4751,2849.4663
forecast_1205,2025-02-20 05:00:00,9285.31315752251,1114.8037,2848.9856
forecast_1206,2025-02-20 06:00:00,8966.978563280456,1381.1926,3281.5125
forecast_1207,2025-02-20 07:00:00,10411.78553160112,1959.8267,3943.4587
forecast_1208,2025-02-20 08:00:00,11853.904743318692,3141.2412,4958.904
forecast_1209,2025-02-20 09:00:00,10406.388130036674,4486.466,6341.1455
forecast_1210,2025-02-20 10:00:00,10942.046021425267,4419.511,6921.687
forecast_1211,2025-02-20 11:00:00,8076.233435046555,4015.6028,6850.3105
forecast_1212,2025-02-20 12:00:00,8192.663218635891,3457.6733,6146.8
forecast_1213,2025-02-20 13:00:00,8874.030046827424,3636.2349,5971.612
forecast_1214,2025-02-20 14:00:00,9482.876383837653,4530.7817,6789.0073
forecast_1215,2025-02-20 15:00:00,8761.743546885673,5236.2183,7981.7803
forecast_1216,2025-02-20 16:00:00,8298.356938563933,5277.6187,8083.1104
forecast_1217,2025-02-20 17:00:00,8253.595084923994,4723.831,7094.11
forecast_1218,2025-02-20 18:00:00,8942.611621536986,4256.349,6192.0303
forecast_1219,2025-02-20 19:00:00,8752.3787362557,4620.6094,6837.8584
forecast_1220,2025-02-20 20:00:00,8295.153141334467,5164.3994,7529.9214
forecast_1221,2025-02-20 21:00:00,7808.644692953112,5154.047,7191.374
forecast_1222,2025-02-20 22:00:00,7837.876244701149,4777.646,6112.9727
forecast_1223,2025-02-20 23:00:00,7942.552186036526,3809.3247,4775.7285
forecast_1224,2025-02-21 00:00:00,8476.256517865635,3636.1787,4566.278
forecast_1225,2025-02-21 01:00:00,8132.81428812734,3506.4492,4308.038
forecast_1226,2025-02-21 02:00:00,8766.700320258213,2742.694,4192.334
forecast_1227,2025-02-21 03:00:00,8696.332126280555,2344.2273,3932.564
forecast_1228,2025-02-21 04:00:00,8825.881816684849,2405.4985,3461.4463
forecast_1229,2025-02-21 05:00:00,8090.261464246995,2750.2478,3164.8284
forecast_1230,2025-02-21 06:00:00,8537.70030259658,3104.3296,3166.488
forecast_1231,2025-02-21 07:00:00,9955.747006331381,3110.1467,3243.8337
forecast_1232,2025-02-21 08:00:00,10785.767298134486,3258.0745,3564.1091
forecast_1233,2025-02-21 09:00:00,9101.522861348225,3176.5095,3852.6045
forecast_1234,2025-02-21 10:00:00,4959.647336166135,2636.2021,3425.11
forecast_1235,2025-02-21 11:00:00,3784.2966888396786,2079.1775,2692.7598
forecast_1236,2025-02-21 12:00:00,4213.796292403699,1665.145,2023.9149
forecast_1237,2025-02-21 13:00:00,6267.618746289071,1819.0632,1903.9673
forecast_1238,2025-02-21 14:00:00,6682.55858993611,2483.2566,2626.7212
forecast_1239,2025-02-21 15:00:00,6761.926160658284,3296.2854,3980.7678
forecast_1240,2025-02-21 16:00:00,7452.3887640411085,3782.4922,4634.6064
forecast_1241,2025-02-21 17:00:00,8906.025883701242,4033.8152,5226.944
forecast_1242,2025-02-21 18:00:00,10560.528311709544,4218.681,5904.2666
forecast_1243,2025-02-21 19:00:00,11423.648262086848,4707.587,7020.5093
forecast_1244,2025-02-21 20:00:00,11563.837588708791,5382.0474,8519.221
forecast_1245,2025-02-21 21:00:00,12004.454816458085,6041.489,9456.769
forecast_1246,2025-02-21 22:00:00,13197.6007146588,6976.9487,10397.921
forecast_1247,2025-02-21 23:00:00,12797.86708627556,7412.658,10425.902
forecast_1248,2025-02-22 00:00:00,12573.454496749124,7900.754,10266.027
forecast_1249,2025-02-22 01:00:00,14702.674120827669,9319.409,11405.661
forecast_1250,2025-02-22 02:00:00,14409.77557482044,10199.85,12842.542
forecast_1251,2025-02-22 03:00:00,14700.02470549945,10042.34,12644.205
forecast_1252,2025-02-22 04:00:00,14017.481565471335,9278.703,11253.61
forecast_1253,2025-02-22 05:00:00,12495.50388903793,8358.814,9420.285
forecast_1254,2025-02-22 06:00:00,9093.140116569624,6441.5547,7705.1523
forecast_1255,2025-02-22 07:00:00,10007.208370161632,3208.5066,4188.957
forecast_1256,2025-02-22 08:00:00,9596.423756815237,2323.2432,2487.71
forecast_1257,2025-02-22 09:00:00,7915.408097676311,2558.5322,1784.4216
forecast_1258,2025-02-22 10:00:00,4269.480617688991,2999.2273,1443.4822
forecast_1259,2025-02-22 11:00:00,2078.4741456981524,2476.1052,1117.655
forecast_1260,2025-02-22 12:00:00,3285.0836600107555,2107.8948,932.88385
forecast_1261,2025-02-22 13:00:00,6662.849658000473,2901.4194,1248.5355
forecast_1262,2025-02-22 14:00:00,6902.145764086713,4338.9634,2299.4282
forecast_1263,2025-02-22 15:00:00,6900.978838910449,5648.9575,3908.3687
forecast_1264,2025-02-22 16:00:00,6611.967658476576,5623.5425,4761.45
forecast_1265,2025-02-22 17:00:00,7844.479366695957,5379.635,5048.2866
forecast_1266,2025-02-22 18:00:00,8750.354042492236,5590.2217,6000.3433
forecast_1267,2025-02-22 19:00:00,8782.575602400651,6371.093,7553.239
forecast_1268,2025-02-22 20:00:00,9932.05243813015,8160.441,9220.049
forecast_1269,2025-02-22 21:00:00,11770.266396672949,10102.658,10788.828
forecast_1270,2025-02-22 22:00:00,13299.867743352474,12307.244,12897.268
forecast_1271,2025-02-22 23:00:00,13847.940566959787,13874.902,14430.454
forecast_1272,2025-02-23 00:00:00,13905.58161093236,14828.566,14927.041
forecast_1273,2025-02-23 01:00:00,13610.557379451264,15668.242,14906.755
forecast_1274,2025-02-23 02:00:00,13494.788721041754,16024.519,14666.774
forecast_1275,2025-02-23 03:00:00,12721.404238772247,16277.434,14321.3955
forecast_1276,2025-02-23 04:00:00,14175.588854722037,16237.915,13976.479
forecast_1277,2025-02-23 05:00:00,14955.48423533671,16436.652,14014.829
forecast_1278,2025-02-23 06:00:00,16995.928794804535,16541.973,14268.878
forecast_1279,2025-02-23 07:00:00,17616.965132383175,16805.656,14566.677
forecast_1280,2025-02-23 08:00:00,17212.5819084961,17197.139,14850.286
forecast_1281,2025-02-23 09:00:00,15340.702948049373,17496.516,15134.883
forecast_1282,2025-02-23 10:00:00,14427.42160513319,17271.992,14781.269
forecast_1283,2025-02-23 11:00:00,14839.99059032002,16986.803,14164.092
forecast_1284,2025-02-23 12:00:00,14906.940524796182,16651.355,13579.363
forecast_1285,2025-02-23 13:00:00,14432.644601158021,15714.465,12508.584
forecast_1286,2025-02-23 14:00:00,14060.652679632103,14194.682,10591.01
forecast_1287,2025-02-23 15:00:00,13234.75125164168,12699.145,8952.32
forecast_1288,2025-02-23 16:00:00,12417.786307846978,11465.687,8001.3237
forecast_1289,2025-02-23 17:00:00,12754.975793982603,10282.213,7142.154
forecast_1290,2025-02-23 18:00:00,12201.357208422676,9277.283,6337.8667
forecast_1291,2025-02-23 19:00:00,11844.55620187185,8850.207,6025.5957
forecast_1292,2025-02-23 20:00:00,8544.30674896498,8641.863,5788.699
forecast_1293,2025-02-23 21:00:00,10640.600334180872,8407.246,5586.83
forecast_1294,2025-02-23 22:00:00,11113.052127127403,7902.526,5084.03
forecast_1295,2025-02-23 23:00:00,10596.733182158237,9125.538,5098.9355
forecast_1296,2025-02-24 00:00:00,12352.203921124039,11155.895,5763.4736
forecast_1297,2025-02-24 01:00:00,12644.478194914987,13303.571,6705.1465
forecast_1298,2025-02-24 02:00:00,13627.348464149214,15620.112,8891.04
forecast_1299,2025-02-24 03:00:00,14867.78008266482,17616.05,11824.252
forecast_1300,2025-02-24 04:00:00,16332.493308562563,18626.264,13845.777
forecast_1301,2025-02-24 05:00:00,15674.14159824893,18803.504,14255.879
forecast_1302,2025-02-24 06:00:00,15538.224913089422,18417.92,13513.41
forecast_1303,2025-02-24 07:00:00,15439.560050411572,17764.27,12836.979
forecast_1304,2025-02-24 08:00:00,14758.56643962093,17247.102,12770.778
forecast_1305,2025-02-24 09:00:00,11890.24988089373,16020.333,11865.089
forecast_1306,2025-02-24 10:00:00,9970.244257414945,13206.8545,9381.303
forecast_1307,2025-02-24 11:00:00,7502.189086004422,10175.313,6672.0825
forecast_1308,2025-02-24 12:00:00,7502.845791408771,8297.094,5225.0825
forecast_1309,2025-02-24 13:00:00,7166.868890850109,7584.05,4869.55
forecast_1310,2025-02-24 14:00:00,8357.910643626905,7334.302,5159.7505
forecast_1311,2025-02-24 15:00:00,8900.80627973008,7674.326,5870.13
forecast_1312,2025-02-24 16:00:00,8805.345030298831,8418.592,6838.7886
forecast_1313,2025-02-24 17:00:00,8648.970734355162,9440.599,7861.5317
forecast_1314,2025-02-24 18:00:00,12547.77559495287,11450.587,9310.842
forecast_1315,2025-02-24 19:00:00,14921.99739028842,14206.817,11486.786
forecast_1316,2025-02-24 20:00:00,17017.80736265696,16519.635,13309.898
forecast_1317,2025-02-24 21:00:00,18838.69168568592,17902.924,14551.301
forecast_1318,2025-02-24 22:00:00,19985.1633492818,18780.83,15666.122
forecast_1319,2025-02-24 23:00:00,21183.087062987554,19309.75,16666.469
forecast_1320,2025-02-25 00:00:00,21116.402987402365,19553.168,17269.65
forecast_1321,2025-02-25 01:00:00,20910.087992412093,19710.795,17460.783
forecast_1322,2025-02-25 02:00:00,20742.97722585016,19888.475,17688.13
forecast_1323,2025-02-25 03:00:00,21274.566220064422,19945.91,17780.139
forecast_1324,2025-02-25 04:00:00,21586.724128983096,19969.342,17731.193
forecast_1325,2025-02-25 05:00:00,21600.0,20060.51,17967.375
forecast_1326,2025-02-25 06:00:00,21589.305208008318,20081.707,18130.459
forecast_1327,2025-02-25 07:00:00,21469.34038553212,20067.281,18147.062
forecast_1328,2025-02-25 08:00:00,21417.519394836585,20050.713,18128.367
forecast_1329,2025-02-25 09:00:00,20812.86081753231,19971.451,17958.104
forecast_1330,2025-02-25 10:00:00,19671.000006169237,19860.982,17608.074
forecast_1331,2025-02-25 11:00:00,17722.867127791436,19526.318,16846.695
forecast_1332,2025-02-25 12:00:00,16690.082815006303,18972.703,15660.932
forecast_1333,2025-02-25 13:00:00,16255.527349737356,18102.33,14170.69
forecast_1334,2025-02-25 14:00:00,15841.390849593457,17265.85,13435.751
forecast_1335,2025-02-25 15:00:00,16607.441972182445,17275.006,13891.51
forecast_1336,2025-02-25 16:00:00,16530.851729483562,17944.28,15088.715
forecast_1337,2025-02-25 17:00:00,18312.883325940114,18554.762,16288.349
forecast_1338,2025-02-25 18:00:00,19202.475733809126,19025.234,17310.34
forecast_1339,2025-02-25 19:00:00,19766.380023372,19551.242,18252.934
forecast_1340,2025-02-25 20:00:00,19966.49614135372,19894.133,18927.86
forecast_1341,2025-02-25 21:00:00,20129.900938851828,20050.062,19299.68
forecast_1342,2025-02-25 22:00:00,20114.5832801374,20085.15,19468.678
forecast_1343,2025-02-25 23:00:00,19915.445213131923,20047.887,19517.09
forecast_1344,2025-02-26 00:00:00,19720.155293571548,19989.215,19469.36
forecast_1345,2025-02-26 01:00:00,19295.800144294317,19896.46,19302.934
forecast_1346,2025-02-26 02:00:00,18990.43213357892,19826.912,18986.926
forecast_1347,2025-02-26 03:00:00,18410.772869553883,19722.38,18614.477
forecast_1348,2025-02-26 04:00:00,18152.469470067947,19589.512,17974.74
forecast_1349,2025-02-26 05:00:00,18305.00725262808,19493.44,17290.879
forecast_1350,2025-02-26 06:00:00,16879.796020996597,19466.701,16669.713
forecast_1351,2025-02-26 07:00:00,17107.239154391358,19312.537,15209.525
forecast_1352,2025-02-26 08:00:00,17005.956596388052,19159.832,14255.877
forecast_1353,2025-02-26 09:00:00,15258.294355234919,18659.2,13567.669
forecast_1354,2025-02-26 10:00:00,13874.925720884532,17729.242,13058.177
forecast_1355,2025-02-26 11:00:00,12499.281574656525,15703.644,11497.812
forecast_1356,2025-02-26 12:00:00,12696.62584642229,13583.206,10043.7705
forecast_1357,2025-02-26 13:00:00,13478.289339666004,12659.14,9790.92
forecast_1358,2025-02-26 14:00:00,14007.75259915427,12199.911,9959.014
forecast_1359,2025-02-26 15:00:00,14134.710561766555,12002.374,10118.291
forecast_1360,2025-02-26 16:00:00,14548.56870670712,12070.5205,10358.681
forecast_1361,2025-02-26 17:00:00,14418.371961000392,12549.045,10932.474
forecast_1362,2025-02-26 18:00:00,15383.85208607458,13363.644,11478.92
forecast_1363,2025-02-26 19:00:00,16005.12027485122,15126.677,12805.901
forecast_1364,2025-02-26 20:00:00,17476.61778549343,16948.814,15239.583
forecast_1365,2025-02-26 21:00:00,17655.358194832206,18163.867,17021.104
forecast_1366,2025-02-26 22:00:00,17001.71674970945,18955.834,18084.93
forecast_1367,2025-02-26 23:00:00,17116.292592047255,19215.582,18184.24
forecast_1368,2025-02-27 00:00:00,18402.046390781285,19368.814,17820.03
forecast_1369,2025-02-27 01:00:00,18365.354141945143,19618.727,17679.807
forecast_1370,2025-02-27 02:00:00,18711.03195740257,19786.252,17521.115
forecast_1371,2025-02-27 03:00:00,18891.1600470203,19871.984,17246.37
forecast_1372,2025-02-27 04:00:00,19329.968857408036,19872.45,16803.459
forecast_1373,2025-02-27 05:00:00,18880.31649559676,19830.7,16138.295
forecast_1374,2025-02-27 06:00:00,18556.384718893274,19705.756,15549.302
forecast_1375,2025-02-27 07:00:00,19030.52915304398,19504.477,15013.359
forecast_1376,2025-02-27 08:00:00,18166.665662415005,19287.08,14510.191
forecast_1377,2025-02-27 09:00:00,18013.110906713373,19078.87,14263.098
forecast_1378,2025-02-27 10:00:00,16265.386116491078,18398.367,13408.853
forecast_1379,2025-02-27 11:00:00,15660.268774113953,16995.684,11628.408
forecast_1380,2025-02-27 12:00:00,15622.897891359704,14755.668,9717.15
forecast_1381,2025-02-27 13:00:00,14636.605099564538,12339.095,8569.364
forecast_1382,2025-02-27 14:00:00,9654.2482392109,9516.91,7322.113
forecast_1383,2025-02-27 15:00:00,7473.338621095536,6294.0806,5120.155
forecast_1384,2025-02-27 16:00:00,7610.617484354081,5006.6826,3937.056
forecast_1385,2025-02-27 17:00:00,5298.050099388247,4739.9565,3781.8809
forecast_1386,2025-02-27 18:00:00,6314.781437738392,5559.613,3653.8452
forecast_1387,2025-02-27 19:00:00,11023.717596236393,7795.8745,4346.5747
forecast_1388,2025-02-27 20:00:00,10873.900695517052,11257.573,5960.7476
forecast_1389,2025-02-27 21:00:00,10389.30950318347,13147.551,7677.2954
forecast_1390,2025-02-27 22:00:00,12205.570525332327,14493.923,8472.627
forecast_1391,2025-02-27 23:00:00,12051.793029748229,14912.88,8295.926
forecast_1392,2025-02-28 00:00:00,12013.381743608894,15865.088,8600.8545
forecast_1393,2025-02-28 01:00:00,9791.356144527119,16760.879,8312.606
forecast_1394,2025-02-28 02:00:00,12495.178028946602,17334.486,8205.118
forecast_1395,2025-02-28 03:00:00,13288.636769223363,17482.6,8964.844
forecast_1396,2025-02-28 04:00:00,14385.64975089158,17662.355,10031.131
forecast_1397,2025-02-28 05:00:00,15142.113901553685,17468.928,10012.053
forecast_1398,2025-02-28 06:00:00,18291.306446119426,17206.133,9336.871
forecast_1399,2025-02-28 07:00:00,18825.9852675772,17607.645,9815.414
forecast_1400,2025-02-28 08:00:00,17344.152647782154,18352.027,11932.069
forecast_1401,2025-02-28 09:00:00,18351.96746244478,18514.127,13114.176
forecast_1402,2025-02-28 10:00:00,15817.111309113454,18455.525,14056.491
forecast_1403,2025-02-28 11:00:00,13995.462960169094,18051.828,14114.164
forecast_1404,2025-02-28 12:00:00,12292.46524988631,16941.85,12670.727
forecast_1405,2025-02-28 13:00:00,10377.132749121763,14665.701,9514.14
forecast_1406,2025-02-28 14:00:00,10566.019879676182,13242.447,7792.9473
forecast_1407,2025-02-28 15:00:00,10699.354968775104,12732.587,7567.4146
forecast_1408,2025-02-28 16:00:00,11846.751394199997,12693.534,8177.8213
forecast_1409,2025-02-28 17:00:00,13847.564702307682,13822.931,10064.084
forecast_1410,2025-02-28 18:00:00,15716.38121143379,15939.403,12900.668
forecast_1411,2025-02-28 19:00:00,15989.554077367073,17759.703,15002.558
forecast_1412,2025-02-28 20:00:00,16736.50689924369,18250.99,14953.829
forecast_1413,2025-02-28 21:00:00,12583.228115176162,17548.53,12096.061
forecast_1414,2025-02-28 22:00:00,12491.270927402176,15591.358,8423.191
forecast_1415,2025-02-28 23:00:00,11614.388492801994,12170.71,6013.939
forecast_1416,2025-03-01 00:00:00,10481.956896305142,9269.124,5049.2686
forecast_1417,2025-03-01 01:00:00,11698.901380085934,6678.953,3628.4688
forecast_1418,2025-03-01 02:00:00,7735.309865283355,7491.5435,3449.5667
forecast_1419,2025-03-01 03:00:00,6845.510907840319,5080.5273,2943.0369
forecast_1420,2025-03-01 04:00:00,5579.019464460516,3492.4,2062.0095
forecast_1421,2025-03-01 05:00:00,3505.589677207139,2929.9858,1710.83
forecast_1422,2025-03-01 06:00:00,2621.2538057422585,2131.7903,1203.8481
forecast_1423,2025-03-01 07:00:00,3354.55006782488,1638.4275,931.71265
forecast_1424,2025-03-01 08:00:00,1376.9115769565892,1339.6259,870.7402
forecast_1425,2025-03-01 09:00:00,808.472480206721,1003.2305,689.52985
forecast_1426,2025-03-01 10:00:00,701.7291888109174,822.4225,397.21475
forecast_1427,2025-03-01 11:00:00,761.2998833118708,767.8463,249.66774
forecast_1428,2025-03-01 12:00:00,919.7928396910775,809.761,235.69641
forecast_1429,2025-03-01 13:00:00,1762.3994893920317,962.76733,314.31665
forecast_1430,2025-03-01 14:00:00,1885.8051598030606,1144.9839,479.86673
forecast_1431,2025-03-01 15:00:00,2534.860139199968,1592.7502,875.0731
forecast_1432,2025-03-01 16:00:00,2109.638672928022,2055.4937,1710.3671
forecast_1433,2025-03-01 17:00:00,2799.0918769370364,1779.6912,1487.6737
forecast_1434,2025-03-01 18:00:00,2671.9854569491727,2510.0662,2081.1504
forecast_1435,2025-03-01 19:00:00,1300.587430758907,1883.446,1276.442
forecast_1436,2025-03-01 20:00:00,1323.7142843532347,1719.6555,909.8914
forecast_1437,2025-03-01 21:00:00,1688.9750356448924,1701.0854,730.37164
forecast_1438,2025-03-01 22:00:00,1372.243919286857,1494.1597,465.63156
forecast_1439,2025-03-01 23:00:00,1202.0925920287632,1969.8682,487.06906
forecast_1440,2025-03-02 00:00:00,1814.9194662295647,2493.9773,583.93286
forecast_1441,2025-03-02 01:00:00,3181.380012626676,3259.2234,807.69916
forecast_1442,2025-03-02 02:00:00,3395.4002874167377,4203.9775,1745.1506
forecast_1443,2025-03-02 03:00:00,2910.9754399155277,4876.658,2839.386
forecast_1444,2025-03-02 04:00:00,3566.990949441645,4416.883,2879.316
forecast_1445,2025-03-02 05:00:00,3435.133363409471,3466.4612,1985.9885
forecast_1446,2025-03-02 06:00:00,2502.127292409575,2906.822,1297.6228
forecast_1447,2025-03-02 07:00:00,1690.2916119945733,2156.5989,707.36743
forecast_1448,2025-03-02 08:00:00,2706.5287965262332,901.4711,217.91673
forecast_1449,2025-03-02 09:00:00,2937.189593655925,761.64966,137.38814
forecast_1450,2025-03-02 10:00:00,3182.04556807414,755.834,137.17267
forecast_1451,2025-03-02 11:00:00,3798.9298349563815,1002.7383,169.02513
forecast_1452,2025-03-02 12:00:00,3851.1665784976385,1759.0002,294.91995
forecast_1453,2025-03-02 13:00:00,3913.982155647461,2923.8416,828.3438
forecast_1454,2025-03-02 14:00:00,3736.1155860397166,3276.4736,2307.3215
forecast_1455,2025-03-02 15:00:00,3136.3065804021953,2280.328,3556.9236
forecast_1456,2025-03-02 16:00:00,3719.7485898829323,1460.6929,4441.8237
forecast_1457,2025-03-02 17:00:00,3140.2817086081723,1325.4216,5150.212
forecast_1458,2025-03-02 18:00:00,3227.564429909001,1331.5334,5987.9946
forecast_1459,2025-03-02 19:00:00,4480.077017089211,1567.3938,6708.3022
forecast_1460,2025-03-02 20:00:00,4198.15478007706,1844.0364,7601.749
forecast_1461,2025-03-02 21:00:00,4920.473180276082,1362.4244,7388.1035
forecast_1462,2025-03-02 22:00:00,6679.022681775917,860.3485,7069.2285
forecast_1463,2025-03-02 23:00:00,5574.750674223587,787.4066,7288.6885
forecast_1464,2025-03-03 00:00:00,5548.021707961974,711.8114,7095.578
forecast_1465,2025-03-03 01:00:00,8026.910333543204,674.4107,6726.3936
forecast_1466,2025-03-03 02:00:00,7190.057874075943,706.1638,7831.323
forecast_1467,2025-03-03 03:00:00,6948.498797459597,734.0665,8253.86
forecast_1468,2025-03-03 04:00:00,6616.347834937986,743.91455,8665.796
forecast_1469,2025-03-03 05:00:00,6957.194838948255,688.35974,8625.657
forecast_1470,2025-03-03 06:00:00,9256.709852588076,681.0432,8783.586
forecast_1471,2025-03-03 07:00:00,9523.445719738222,694.1186,9473.991
forecast_1472,2025-03-03 08:00:00,9102.658382706828,737.5613,10106.753
forecast_1473,2025-03-03 09:00:00,8533.677812470174,754.8712,10710.437
forecast_1474,2025-03-03 10:00:00,7934.77477549046,816.557,11011.924
forecast_1475,2025-03-03 11:00:00,7575.995615051785,760.8188,10845.321
forecast_1476,2025-03-03 12:00:00,6726.666207190005,722.5669,10640.737
forecast_1477,2025-03-03 13:00:00,6225.313752010228,785.1509,10344.571
forecast_1478,2025-03-03 14:00:00,6522.826428515302,1702.9338,9757.302
forecast_1479,2025-03-03 15:00:00,6608.934130071165,2431.543,9346.466
forecast_1480,2025-03-03 16:00:00,5577.329441393319,2366.918,8890.783
forecast_1481,2025-03-03 17:00:00,5767.107641999103,1783.6926,8260.0205
forecast_1482,2025-03-03 18:00:00,5789.0752592359195,1041.1039,7563.112
forecast_1483,2025-03-03 19:00:00,5985.118424805375,783.0787,7188.705
forecast_1484,2025-03-03 20:00:00,5222.7394451138225,671.1096,6463.248
forecast_1485,2025-03-03 21:00:00,6233.09312392183,620.1167,5676.072
forecast_1486,2025-03-03 22:00:00,7241.929283581942,599.0414,5735.4116
forecast_1487,2025-03-03 23:00:00,7580.453395883257,604.57336,6466.9155
forecast_1488,2025-03-04 00:00:00,7677.653093518159,610.6995,6907.565
forecast_1489,2025-03-04 01:00:00,7840.466429970165,615.7112,7256.8765
forecast_1490,2025-03-04 02:00:00,7669.585281584221,630.9097,8436.04
forecast_1491,2025-03-04 03:00:00,7707.902424621394,645.4636,9246.23
forecast_1492,2025-03-04 04:00:00,7893.35498873362,655.29224,9546.503
forecast_1493,2025-03-04 05:00:00,7316.669204964566,677.9238,9976.303
forecast_1494,2025-03-04 06:00:00,8616.272137576592,697.2298,10290.632
forecast_1495,2025-03-04 07:00:00,8383.326977358396,734.48114,10808.456
forecast_1496,2025-03-04 08:00:00,8399.893052965203,772.6223,11282.428
forecast_1497,2025-03-04 09:00:00,8379.050736852345,830.7418,11666.426
forecast_1498,2025-03-04 10:00:00,7687.7831906276515,936.81366,11923.13
forecast_1499,2025-03-04 11:00:00,7749.82295045061,1041.8162,11995.041
forecast_1500,2025-03-04 12:00:00,7946.092722161618,1233.1581,12051.383
forecast_1501,2025-03-04 13:00:00,8653.618362705374,1323.7839,11730.571
forecast_1502,2025-03-04 14:00:00,8736.0127663995,1108.3484,11072.7705
forecast_1503,2025-03-04 15:00:00,8819.22439023256,980.67444,10528.713
forecast_1504,2025-03-04 16:00:00,8878.18895559321,937.48224,10247.207
forecast_1505,2025-03-04 17:00:00,8169.4013058710225,842.61786,9607.784
forecast_1506,2025-03-04 18:00:00,8870.866279061576,821.61035,8909.927
forecast_1507,2025-03-04 19:00:00,7478.495284671828,1078.9084,8473.127
forecast_1508,2025-03-04 20:00:00,7050.943739448109,5258.3174,7999.029
forecast_1509,2025-03-04 21:00:00,7072.6631066292375,12755.254,7795.787
forecast_1510,2025-03-04 22:00:00,4987.5678784274605,15535.41,7502.289
forecast_1511,2025-03-04 23:00:00,5019.021964110751,15568.814,6780.149
forecast_1512,2025-03-05 00:00:00,3280.116423193289,15474.604,6160.52
forecast_1513,2025-03-05 01:00:00,580.2464645959343,14212.463,4412.2646
forecast_1514,2025-03-05 02:00:00,595.5211283300432,8489.5,2177.7393
forecast_1515,2025-03-05 03:00:00,491.0343929135486,3007.3599,1092.5022
forecast_1516,2025-03-05 04:00:00,428.28382597945784,1183.2214,671.6131
forecast_1517,2025-03-05 05:00:00,411.2480797656978,727.95667,476.0686
forecast_1518,2025-03-05 06:00:00,727.8399417264901,599.6979,354.15073
forecast_1519,2025-03-05 07:00:00,587.6362732211173,560.9275,297.46527
forecast_1520,2025-03-05 08:00:00,704.0463808701826,545.406,273.91586
forecast_1521,2025-03-05 09:00:00,691.5424762467417,543.69214,270.49152
forecast_1522,2025-03-05 10:00:00,406.1164443804572,549.5641,280.0872
forecast_1523,2025-03-05 11:00:00,350.09477597824207,556.75854,266.83395
forecast_1524,2025-03-05 12:00:00,333.126069513476,568.30896,257.73187
forecast_1525,2025-03-05 13:00:00,341.81632609760527,567.2429,254.65019
forecast_1526,2025-03-05 14:00:00,340.16364458721966,559.0908,251.42815
forecast_1527,2025-03-05 15:00:00,327.59415411161075,553.16785,264.2737
forecast_1528,2025-03-05 16:00:00,319.68000000000006,552.8424,281.72272
forecast_1529,2025-03-05 17:00:00,325.3133996983595,549.9576,281.54172
forecast_1530,2025-03-05 18:00:00,399.03043126782967,548.35956,289.0912
forecast_1531,2025-03-05 19:00:00,360.63344600993315,547.3626,305.5204
forecast_1532,2025-03-05 20:00:00,660.1306664510313,549.128,332.1822
forecast_1533,2025-03-05 21:00:00,1029.0915002276402,558.3215,434.9169
forecast_1534,2025-03-05 22:00:00,1294.9322684321323,573.45105,681.16693
forecast_1535,2025-03-05 23:00:00,1259.5971757850796,583.014,816.90454
forecast_1536,2025-03-06 00:00:00,1230.2835424418788,584.9632,691.8968
forecast_1537,2025-03-06 01:00:00,947.1237251189643,569.27734,552.5915
forecast_1538,2025-03-06 02:00:00,798.9099564715827,560.8138,395.4936
forecast_1539,2025-03-06 03:00:00,929.8600058197246,558.38293,286.1561
forecast_1540,2025-03-06 04:00:00,872.4773548129549,561.95276,222.62004
forecast_1541,2025-03-06 05:00:00,824.7812783933393,566.4441,217.1166
forecast_1542,2025-03-06 06:00:00,618.2796366895543,563.19666,223.92108
forecast_1543,2025-03-06 07:00:00,506.3206162679422,558.1553,222.45961
forecast_1544,2025-03-06 08:00:00,419.2381075992216,559.3348,196.98015
forecast_1545,2025-03-06 09:00:00,324.18414442212395,554.31445,150.81894
forecast_1546,2025-03-06 10:00:00,342.6879993334676,543.2288,121.01468
forecast_1547,2025-03-06 11:00:00,321.86619196270897,536.686,111.72431
forecast_1548,2025-03-06 12:00:00,322.80314522637434,534.45245,114.44665
forecast_1549,2025-03-06 13:00:00,320.09685621151294,535.9792,134.49605
forecast_1550,2025-03-06 14:00:00,348.654553657641,538.45044,160.30054
forecast_1551,2025-03-06 15:00:00,358.62559125837646,539.48615,203.86107
forecast_1552,2025-03-06 16:00:00,380.34045168351616,541.06586,261.15268
forecast_1553,2025-03-06 17:00:00,319.68000000000006,544.9823,316.6077
forecast_1554,2025-03-06 18:00:00,319.68000000000006,547.31396,370.72488
forecast_1555,2025-03-06 19:00:00,319.68000000000006,547.58984,360.719
forecast_1556,2025-03-06 20:00:00,399.22151191152176,549.4686,313.02158
forecast_1557,2025-03-06 21:00:00,569.9824072410969,562.52997,338.9315
forecast_1558,2025-03-06 22:00:00,454.6823556403602,582.19617,251.2859
forecast_1559,2025-03-06 23:00:00,560.7756272726778,615.3439,290.2963
forecast_1560,2025-03-07 00:00:00,469.5422622036893,632.30817,315.94714
forecast_1561,2025-03-07 01:00:00,514.1672433458746,635.52936,329.52075
forecast_1562,2025-03-07 02:00:00,599.577036617926,630.54395,386.05618
forecast_1563,2025-03-07 03:00:00,588.150545636717,617.0696,406.25735
forecast_1564,2025-03-07 04:00:00,549.4453407549516,582.2106,308.45657
forecast_1565,2025-03-07 05:00:00,514.3765370083879,578.5724,235.99164
forecast_1566,2025-03-07 06:00:00,499.2005787123436,573.34265,245.28845
forecast_1567,2025-03-07 07:00:00,545.2885486212034,574.50183,262.745
forecast_1568,2025-03-07 08:00:00,357.600235496828,558.5615,174.33333
forecast_1569,2025-03-07 09:00:00,363.95804230601476,547.96545,137.05959
forecast_1570,2025-03-07 10:00:00,321.80545996827243,544.0481,116.284004
forecast_1571,2025-03-07 11:00:00,325.9376369516625,540.09076,104.28337
forecast_1572,2025-03-07 12:00:00,319.68574933436054,538.654,105.23998
forecast_1573,2025-03-07 13:00:00,332.7899834070125,539.8956,115.127914
forecast_1574,2025-03-07 14:00:00,325.3542066914196,539.04224,117.51552
forecast_1575,2025-03-07 15:00:00,363.01598173961725,540.35443,134.97263
forecast_1576,2025-03-07 16:00:00,408.09534899682313,544.0208,162.03476
forecast_1577,2025-03-07 17:00:00,380.9936188524731,545.61536,216.76772
forecast_1578,2025-03-07 18:00:00,359.5487641597831,552.03845,241.76385
forecast_1579,2025-03-07 19:00:00,453.5892761884296,545.9535,235.75577
forecast_1580,2025-03-07 20:00:00,498.426851176796,554.0791,328.7568
forecast_1581,2025-03-07 21:00:00,429.4632908292996,563.41675,450.77756
forecast_1582,2025-03-07 22:00:00,681.6278453202215,568.8117,556.49817
forecast_1583,2025-03-07 23:00:00,1046.1691834832384,578.9829,691.03186
forecast_1584,2025-03-08 00:00:00,1327.3799776666276,606.89404,881.49194
forecast_1585,2025-03-08 01:00:00,1360.8138969751708,674.01807,1324.1245
forecast_1586,2025-03-08 02:00:00,1783.4892748299978,775.2949,2467.8052
forecast_1587,2025-03-08 03:00:00,2913.04619222779,867.7799,3283.0793
forecast_1588,2025-03-08 04:00:00,3381.6050627984937,935.4399,3596.1748
forecast_1589,2025-03-08 05:00:00,3291.9316675439904,907.72473,3751.9683
forecast_1590,2025-03-08 06:00:00,3543.071729071604,856.34656,3303.986
forecast_1591,2025-03-08 07:00:00,3394.0348652804214,828.08325,3016.5256
forecast_1592,2025-03-08 08:00:00,4337.9989611781175,882.1873,2997.0063
forecast_1593,2025-03-08 09:00:00,3783.3816667847486,948.80164,2943.1523
forecast_1594,2025-03-08 10:00:00,2681.2935685514026,893.6618,2550.614
forecast_1595,2025-03-08 11:00:00,3243.3768996081867,858.0654,2236.5413
forecast_1596,2025-03-08 12:00:00,3046.7697745285454,814.0209,1954.8287
forecast_1597,2025-03-08 13:00:00,3997.232188356185,805.5437,1879.6735
forecast_1598,2025-03-08 14:00:00,6672.843149750082,888.5946,2205.613
forecast_1599,2025-03-08 15:00:00,7021.587920568137,1003.2088,3174.3918
forecast_1600,2025-03-08 16:00:00,7050.400957216984,956.23254,4054.8293
forecast_1601,2025-03-08 17:00:00,6061.548353891805,887.09045,4869.357
forecast_1602,2025-03-08 18:00:00,6711.600206177505,770.456,4753.6016
forecast_1603,2025-03-08 19:00:00,7396.655112623128,780.73486,5284.705
forecast_1604,2025-03-08 20:00:00,6718.377657076986,1216.7554,5838.187
forecast_1605,2025-03-08 21:00:00,6308.048811720118,2514.568,5610.9746
forecast_1606,2025-03-08 22:00:00,6520.811058186095,3923.7742,5168.0757
forecast_1607,2025-03-08 23:00:00,6866.423698020133,4289.238,5049.0796
forecast_1608,2025-03-09 00:00:00,6910.921216087139,4447.116,5425.8145
forecast_1609,2025-03-09 01:00:00,5856.7110775976025,3249.177,4755.8936
forecast_1610,2025-03-09 02:00:00,5698.7773951311965,1462.5515,3468.1052
forecast_1611,2025-03-09 03:00:00,5629.742336468763,938.94025,2541.1758
forecast_1612,2025-03-09 04:00:00,5448.189987714801,858.1153,1983.5431
forecast_1613,2025-03-09 05:00:00,4125.559356709264,814.5708,1462.2031
forecast_1614,2025-03-09 06:00:00,3094.1788008185695,729.3987,1063.9554
forecast_1615,2025-03-09 07:00:00,2913.000944632187,665.65234,763.6819
forecast_1616,2025-03-09 08:00:00,2126.1959909409084,625.1761,582.059
forecast_1617,2025-03-09 09:00:00,495.4723929374214,577.09393,349.62372
forecast_1618,2025-03-09 10:00:00,401.93942012630794,556.189,197.2864
forecast_1619,2025-03-09 11:00:00,319.68000000000006,544.11536,129.3521
forecast_1620,2025-03-09 12:00:00,329.190604338186,536.9801,122.68146
forecast_1621,2025-03-09 13:00:00,347.19188911599724,534.62726,123.40289
forecast_1622,2025-03-09 14:00:00,353.3378272146658,535.2705,144.37926
forecast_1623,2025-03-09 15:00:00,323.854826761063,541.6159,161.06001
forecast_1624,2025-03-09 16:00:00,344.5413044255117,550.1651,182.96294
forecast_1625,2025-03-09 17:00:00,335.98770286857257,551.2919,184.15305
forecast_1626,2025-03-09 18:00:00,441.2443654446179,556.3965,163.6245
forecast_1627,2025-03-09 19:00:00,561.6446454527521,593.299,171.85074
forecast_1628,2025-03-09 20:00:00,668.8045446901873,820.2175,227.25095
forecast_1629,2025-03-09 21:00:00,678.0968846108352,1741.7852,416.07416
forecast_1630,2025-03-09 22:00:00,1771.6411282878225,2649.5774,796.675
forecast_1631,2025-03-09 23:00:00,2314.5415433181756,2339.1287,1235.075
forecast_1632,2025-03-10 00:00:00,2223.7835133753897,2068.0132,1837.2728
forecast_1633,2025-03-10 01:00:00,3628.343840780508,2269.526,2718.625
forecast_1634,2025-03-10 02:00:00,5549.313095691084,3122.5527,4101.3403
forecast_1635,2025-03-10 03:00:00,5241.870312163853,5277.6553,5430.3115
forecast_1636,2025-03-10 04:00:00,6138.08241326205,7033.531,5900.7495
forecast_1637,2025-03-10 05:00:00,4269.703003223712,8055.1973,6156.186
forecast_1638,2025-03-10 06:00:00,4362.376436559523,7747.3315,5411.014
forecast_1639,2025-03-10 07:00:00,5470.52318959335,6810.574,4501.44
forecast_1640,2025-03-10 08:00:00,5162.95443249141,5011.601,3537.017
forecast_1641,2025-03-10 09:00:00,2962.120966532313,2755.3828,2369.4792
forecast_1642,2025-03-10 10:00:00,1856.2001643525207,1523.565,1343.9991
forecast_1643,2025-03-10 11:00:00,2133.9416418808487,1090.7051,785.6154
forecast_1644,2025-03-10 12:00:00,1636.3471491733146,958.91394,604.27106
forecast_1645,2025-03-10 13:00:00,2169.220804989614,1070.9407,633.7382
forecast_1646,2025-03-10 14:00:00,2552.9538577304656,1416.6013,892.80237
forecast_1647,2025-03-10 15:00:00,3390.1651735934884,2131.546,1767.7393
forecast_1648,2025-03-10 16:00:00,3968.7549966272954,2676.1191,2776.7207
forecast_1649,2025-03-10 17:00:00,5044.8639297781365,3528.401,3756.0627
forecast_1650,2025-03-10 18:00:00,4173.504826048579,4785.25,4660.3223
forecast_1651,2025-03-10 19:00:00,4926.29553684734,6385.2485,5025.0854
forecast_1652,2025-03-10 20:00:00,6383.093599224321,9229.381,5830.083
forecast_1653,2025-03-10 21:00:00,8202.079304711264,11626.637,6928.5825
forecast_1654,2025-03-10 22:00:00,10905.529770506415,13143.264,7915.2573
forecast_1655,2025-03-10 23:00:00,13326.711124847456,14413.204,9213.434
forecast_1656,2025-03-11 00:00:00,16217.467559022003,15708.869,10523.33
forecast_1657,2025-03-11 01:00:00,16843.111995249204,16853.443,11939.868
forecast_1658,2025-03-11 02:00:00,17572.120231762252,17594.61,13052.648
forecast_1659,2025-03-11 03:00:00,17937.83200454731,17959.004,13130.54
forecast_1660,2025-03-11 04:00:00,18733.61615687655,17988.88,12561.133
forecast_1661,2025-03-11 05:00:00,17323.128536233868,17757.617,12113.78
forecast_1662,2025-03-11 06:00:00,15015.37415799632,17556.178,12218.392
forecast_1663,2025-03-11 07:00:00,11418.442202396327,15583.213,10761.931
forecast_1664,2025-03-11 08:00:00,9383.701605953196,8557.602,5902.7896
forecast_1665,2025-03-11 09:00:00,5363.785099766308,2376.307,2122.4397
forecast_1666,2025-03-11 10:00:00,2633.2156252118166,984.1121,807.3698
forecast_1667,2025-03-11 11:00:00,1031.6027752017972,735.5622,419.3099
forecast_1668,2025-03-11 12:00:00,935.1350292290927,660.9829,291.2412
forecast_1669,2025-03-11 13:00:00,893.1808720329091,660.68616,304.4764
forecast_1670,2025-03-11 14:00:00,1055.5695437997692,681.24365,333.09927
forecast_1671,2025-03-11 15:00:00,1128.4003855544656,715.79803,396.55392
forecast_1672,2025-03-11 16:00:00,979.3666229222533,783.3193,541.4996
forecast_1673,2025-03-11 17:00:00,851.9685524276706,860.96704,605.80164
forecast_1674,2025-03-11 18:00:00,3884.912831082192,835.1011,474.24304
forecast_1675,2025-03-11 19:00:00,6647.246529872316,1288.4526,749.7222
forecast_1676,2025-03-11 20:00:00,6163.092655259267,3544.5254,2707.7263
forecast_1677,2025-03-11 21:00:00,9176.12196249953,7327.178,6944.6597
forecast_1678,2025-03-11 22:00:00,7086.472211343655,10689.862,9941.948
forecast_1679,2025-03-11 23:00:00,12550.045980262736,11769.447,9721.711
forecast_1680,2025-03-12 00:00:00,15502.171718634403,13654.1045,9859.598
forecast_1681,2025-03-12 01:00:00,13873.50315218622,15988.678,10686.347
forecast_1682,2025-03-12 02:00:00,13757.46390513578,17391.098,11217.797
forecast_1683,2025-03-12 03:00:00,11530.915047664039,17769.918,10101.9
forecast_1684,2025-03-12 04:00:00,15789.141717068585,18471.01,9394.562
forecast_1685,2025-03-12 05:00:00,15807.56879747624,18693.82,8499.213
forecast_1686,2025-03-12 06:00:00,16993.599809712683,18886.809,8917.951
forecast_1687,2025-03-12 07:00:00,17147.54202800577,19069.027,11330.938
forecast_1688,2025-03-12 08:00:00,18789.442445223176,19203.123,13854.6455
forecast_1689,2025-03-12 09:00:00,19158.206238256742,19426.3,15904.13
forecast_1690,2025-03-12 10:00:00,16802.03471837918,19628.064,17359.258
forecast_1691,2025-03-12 11:00:00,16600.545122327552,19298.867,17121.139
forecast_1692,2025-03-12 12:00:00,15770.608897356116,18858.998,16440.88
forecast_1693,2025-03-12 13:00:00,15330.116692876498,18522.295,15944.766
forecast_1694,2025-03-12 14:00:00,16467.273656481084,18252.498,15642.445
forecast_1695,2025-03-12 15:00:00,17482.140903943036,18323.86,15934.751
forecast_1696,2025-03-12 16:00:00,18770.337054812062,18547.42,16439.44
forecast_1697,2025-03-12 17:00:00,18781.311655107267,18785.857,17058.752
forecast_1698,2025-03-12 18:00:00,17559.731569474337,18915.725,17561.96
forecast_1699,2025-03-12 19:00:00,17188.673288443995,18884.404,17740.78
forecast_1700,2025-03-12 20:00:00,14075.29251847941,18899.506,17298.725
forecast_1701,2025-03-12 21:00:00,12509.778623632661,18014.053,14720.326
forecast_1702,2025-03-12 22:00:00,11462.620965262395,17139.156,12855.996
forecast_1703,2025-03-12 23:00:00,11214.045053151505,16128.463,12266.487
forecast_1704,2025-03-13 00:00:00,12780.17251021575,14556.486,11797.146
forecast_1705,2025-03-13 01:00:00,13982.865904747126,13536.612,11016.467
forecast_1706,2025-03-13 02:00:00,11625.130756117846,13181.681,10139.14
forecast_1707,2025-03-13 03:00:00,13200.677838289344,13208.354,9092.407
forecast_1708,2025-03-13 04:00:00,12868.660202157978,13183.503,8448.633
forecast_1709,2025-03-13 05:00:00,13291.935407131421,12438.857,7283.0664
forecast_1710,2025-03-13 06:00:00,10335.06525472303,10444.783,5392.459
forecast_1711,2025-03-13 07:00:00,11133.2495847764,8315.948,3399.6167
forecast_1712,2025-03-13 08:00:00,9367.39017260675,8001.6934,2702.4531
forecast_1713,2025-03-13 09:00:00,9109.896157027173,6708.7114,2165.162
forecast_1714,2025-03-13 10:00:00,6437.117070217451,4494.839,1683.0835
forecast_1715,2025-03-13 11:00:00,3761.732248361416,2681.2825,1228.1868
forecast_1716,2025-03-13 12:00:00,2813.413703894454,1483.9014,755.768
forecast_1717,2025-03-13 13:00:00,2893.8401431378566,1106.7635,574.38367
forecast_1718,2025-03-13 14:00:00,1855.0362465926355,956.8604,528.23694
forecast_1719,2025-03-13 15:00:00,1256.2687490874628,848.7755,422.78125
forecast_1720,2025-03-13 16:00:00,924.3189345879165,780.3534,349.23965
forecast_1721,2025-03-13 17:00:00,447.5231204352133,724.3319,315.7531
forecast_1722,2025-03-13 18:00:00,803.2256166333583,666.91907,290.95117
forecast_1723,2025-03-13 19:00:00,1221.7150930418272,714.7178,360.74704
forecast_1724,2025-03-13 20:00:00,3612.912404903004,1008.2487,723.809
forecast_1725,2025-03-13 21:00:00,3313.920314904224,1710.6311,1548.9353
forecast_1726,2025-03-13 22:00:00,4954.179131547232,2029.1616,2473.5273
forecast_1727,2025-03-13 23:00:00,4516.43548522796,2165.7576,2674.0107
forecast_1728,2025-03-14 00:00:00,4065.9915789111687,2165.1108,2535.27
forecast_1729,2025-03-14 01:00:00,3202.802273018569,1747.356,1904.038
forecast_1730,2025-03-14 02:00:00,1666.216334453335,1261.8745,1265.5155
forecast_1731,2025-03-14 03:00:00,2249.761826281365,1014.66125,775.47833
forecast_1732,2025-03-14 04:00:00,1670.9014734268835,938.1881,498.30405
forecast_1733,2025-03-14 05:00:00,1398.2225269757373,853.09326,335.1661
forecast_1734,2025-03-14 06:00:00,1475.1633951946842,873.2205,232.2412
forecast_1735,2025-03-14 07:00:00,1655.96259203358,831.6951,155.05301
forecast_1736,2025-03-14 08:00:00,1938.0700635971232,760.5253,119.69351
forecast_1737,2025-03-14 09:00:00,1333.4824904023399,717.4467,110.76894
forecast_1738,2025-03-14 10:00:00,701.0506794678282,706.73486,113.628555
forecast_1739,2025-03-14 11:00:00,722.100680555106,706.4591,125.00935
forecast_1740,2025-03-14 12:00:00,728.6207818563748,752.5978,142.25443
forecast_1741,2025-03-14 13:00:00,728.3190385232801,829.92847,169.43408
forecast_1742,2025-03-14 14:00:00,655.8793775581225,923.1016,207.563
forecast_1743,2025-03-14 15:00:00,707.6109272066873,991.4833,256.1125
forecast_1744,2025-03-14 16:00:00,704.1151245026397,1031.7037,313.05923
forecast_1745,2025-03-14 17:00:00,698.4786813852544,1119.5476,384.64963
forecast_1746,2025-03-14 18:00:00,1030.661139674675,1104.5261,448.4525
forecast_1747,2025-03-14 19:00:00,1318.1295016296053,1080.0613,497.6863
forecast_1748,2025-03-14 20:00:00,1742.0445132274103,1129.4893,502.9136
forecast_1749,2025-03-14 21:00:00,1579.1832599439679,1233.1082,564.0847
forecast_1750,2025-03-14 22:00:00,2507.8996932404016,1432.7476,624.8042
forecast_1751,2025-03-14 23:00:00,2594.4952542847095,1813.217,660.76904
forecast_1752,2025-03-15 00:00:00,2717.571401453399,2122.715,680.29877
forecast_1753,2025-03-15 01:00:00,2944.871096797281,2500.8606,697.58514
forecast_1754,2025-03-15 02:00:00,3293.052059986181,3402.0803,910.8985
forecast_1755,2025-03-15 03:00:00,3334.573822256496,4023.402,1145.5454
forecast_1756,2025-03-15 04:00:00,3437.3058881270867,4008.0315,1017.6879
forecast_1757,2025-03-15 05:00:00,3373.391230760227,4548.357,1106.721
forecast_1758,2025-03-15 06:00:00,2724.6191986856893,5267.3745,1420.6473
forecast_1759,2025-03-15 07:00:00,2999.482080156141,6242.47,1981.5187
forecast_1760,2025-03-15 08:00:00,3030.4911373866234,7239.6816,2844.1782
forecast_1761,2025-03-15 09:00:00,1790.0564265000528,8159.979,3461.4927
forecast_1762,2025-03-15 10:00:00,1282.7575628760146,8092.7217,3985.4893
forecast_1763,2025-03-15 11:00:00,1268.1677983447385,6879.724,3883.9873
forecast_1764,2025-03-15 12:00:00,1242.0798005853612,5251.301,3258.0513
forecast_1765,2025-03-15 13:00:00,828.8726011217027,4128.5327,2327.4043
forecast_1766,2025-03-15 14:00:00,937.6385631633954,3398.1143,1763.8352
forecast_1767,2025-03-15 15:00:00,952.4694469933651,2673.2632,1192.6643
forecast_1768,2025-03-15 16:00:00,823.4253329723804,2050.214,785.3834
forecast_1769,2025-03-15 17:00:00,746.5885370198382,1693.1865,606.3002
forecast_1770,2025-03-15 18:00:00,754.3260541546476,1418.981,496.41077
forecast_1771,2025-03-15 19:00:00,1106.6596375922334,1185.1584,460.6908
forecast_1772,2025-03-15 20:00:00,998.1153502410662,1013.148,430.38458
forecast_1773,2025-03-15 21:00:00,991.0692256740487,997.48737,408.93277
forecast_1774,2025-03-15 22:00:00,1046.3138889342388,1021.638,456.17578
forecast_1775,2025-03-15 23:00:00,1286.1442293867992,903.92706,515.0019
forecast_1776,2025-03-16 00:00:00,1380.4186978469088,733.64514,466.82193
forecast_1777,2025-03-16 01:00:00,1212.0269133882991,654.6621,382.91754
forecast_1778,2025-03-16 02:00:00,1124.32522089643,612.1497,363.33282
forecast_1779,2025-03-16 03:00:00,843.798439506399,592.4172,349.0016
forecast_1780,2025-03-16 04:00:00,719.0340711777288,580.94617,348.7374
forecast_1781,2025-03-16 05:00:00,442.886184047655,572.668,322.46194
forecast_1782,2025-03-16 06:00:00,456.3528628739259,563.36725,263.8617
forecast_1783,2025-03-16 07:00:00,510.9561954903134,559.66595,246.04572
forecast_1784,2025-03-16 08:00:00,612.8857077825824,559.6335,245.49129
forecast_1785,2025-03-16 09:00:00,483.50535143766206,561.6371,251.30191
forecast_1786,2025-03-16 10:00:00,335.52318398513603,562.61053,253.81523
forecast_1787,2025-03-16 11:00:00,354.6112385412798,558.352,232.14157
forecast_1788,2025-03-16 12:00:00,383.71923068212794,556.0701,215.38109
forecast_1789,2025-03-16 13:00:00,460.79987830652504,564.1707,211.3161
forecast_1790,2025-03-16 14:00:00,1184.0321098709542,603.2159,238.20972
forecast_1791,2025-03-16 15:00:00,3603.0992414557995,832.8718,350.06842
forecast_1792,2025-03-16 16:00:00,5695.409609393585,1546.9006,1095.2351
forecast_1793,2025-03-16 17:00:00,6290.277843832755,2537.9307,3212.821
forecast_1794,2025-03-16 18:00:00,8530.187556019244,5296.1196,8132.8296
forecast_1795,2025-03-16 19:00:00,9749.971259936849,8139.892,11039.44
forecast_1796,2025-03-16 20:00:00,14613.009249891129,9048.935,11826.96
forecast_1797,2025-03-16 21:00:00,11693.687975380615,7980.229,10337.442
forecast_1798,2025-03-16 22:00:00,9762.597554943037,7831.4224,10676.001
forecast_1799,2025-03-16 23:00:00,8527.786686268297,5018.847,9984.076
forecast_1800,2025-03-17 00:00:00,5437.849893236533,2049.259,7333.9556
forecast_1801,2025-03-17 01:00:00,12385.483896926182,1180.7719,4131.6377
forecast_1802,2025-03-17 02:00:00,11772.447347387939,1328.4971,5032.1406
forecast_1803,2025-03-17 03:00:00,7297.793063074674,1791.02,8174.2676
forecast_1804,2025-03-17 04:00:00,4461.630358548265,1158.1064,7852.7397
forecast_1805,2025-03-17 05:00:00,2716.188968288802,748.75476,5584.003
forecast_1806,2025-03-17 06:00:00,3669.4282478916934,643.6399,3081.5684
forecast_1807,2025-03-17 07:00:00,2627.0664213904397,625.90784,2355.5254
forecast_1808,2025-03-17 08:00:00,1613.8714963704606,581.9228,1171.1622
forecast_1809,2025-03-17 09:00:00,1088.927647727538,561.663,562.8322
forecast_1810,2025-03-17 10:00:00,1284.628130687815,551.8335,303.69034
forecast_1811,2025-03-17 11:00:00,1829.7141606138207,553.5676,234.29468
forecast_1812,2025-03-17 12:00:00,4098.322221801513,834.29407,345.51117
forecast_1813,2025-03-17 13:00:00,7389.306153804772,3609.6318,1092.1661
forecast_1814,2025-03-17 14:00:00,7584.217551311378,6418.941,3650.6807
forecast_1815,2025-03-17 15:00:00,9472.337363926841,7352.8496,6968.3926
forecast_1816,2025-03-17 16:00:00,10634.820499189243,7121.359,7876.0537
forecast_1817,2025-03-17 17:00:00,10462.123122423314,6103.766,7216.7183
forecast_1818,2025-03-17 18:00:00,10037.016989569216,5514.244,6390.8647
forecast_1819,2025-03-17 19:00:00,9770.653167847056,5132.5083,6099.8857
forecast_1820,2025-03-17 20:00:00,8658.297736934128,5293.5815,6382.89
forecast_1821,2025-03-17 21:00:00,10926.48241119889,5884.7705,7114.0146
forecast_1822,2025-03-17 22:00:00,11557.787721523278,6817.2104,8387.023
forecast_1823,2025-03-17 23:00:00,11011.976210463898,7439.4663,8804.299
forecast_1824,2025-03-18 00:00:00,5386.871637691785,8100.36,8228.957
forecast_1825,2025-03-18 01:00:00,4334.30005385707,8182.222,6144.025
forecast_1826,2025-03-18 02:00:00,3286.809226574277,7702.602,3885.7097
forecast_1827,2025-03-18 03:00:00,2703.7463992476523,6001.8257,2069.651
forecast_1828,2025-03-18 04:00:00,2105.1553332017056,5538.7256,1430.4662
forecast_1829,2025-03-18 05:00:00,2239.8688879925976,4478.404,1026.603
forecast_1830,2025-03-18 06:00:00,1819.912286355226,4146.77,781.3761
forecast_1831,2025-03-18 07:00:00,1213.3539106128048,2993.1733,564.9345
forecast_1832,2025-03-18 08:00:00,839.1418498287994,1815.2202,385.94455
forecast_1833,2025-03-18 09:00:00,1489.4421015343728,1423.0925,345.52512
forecast_1834,2025-03-18 10:00:00,957.7036494491308,1731.3618,292.3768
forecast_1835,2025-03-18 11:00:00,923.8857140917694,1427.0776,258.5563
forecast_1836,2025-03-18 12:00:00,816.4513928079044,1215.1814,303.36026
forecast_1837,2025-03-18 13:00:00,1102.5668012632577,1489.1147,619.05
forecast_1838,2025-03-18 14:00:00,1972.5809729993878,2122.0369,2264.3115
forecast_1839,2025-03-18 15:00:00,2445.2753503870663,2984.242,4872.4307
forecast_1840,2025-03-18 16:00:00,8006.065475233036,4282.8164,5351.99
forecast_1841,2025-03-18 17:00:00,6218.43798546526,7705.5615,8620.493
forecast_1842,2025-03-18 18:00:00,5479.357406029438,8632.974,10477.6045
forecast_1843,2025-03-18 19:00:00,6679.171857137821,9330.393,10689.888
forecast_1844,2025-03-18 20:00:00,5967.623696241933,8617.925,10181.192
forecast_1845,2025-03-18 21:00:00,5601.131773046724,5577.962,9286.916
forecast_1846,2025-03-18 22:00:00,4532.819685502137,1219.4255,7386.348
forecast_1847,2025-03-18 23:00:00,3742.131876883633,608.0859,4685.2812
forecast_1848,2025-03-19 00:00:00,3109.2218911382924,552.41943,2023.7032
forecast_1849,2025-03-19 01:00:00,2077.7680865256543,540.6918,921.8261
forecast_1850,2025-03-19 02:00:00,1695.0719477119899,539.2239,601.7218
forecast_1851,2025-03-19 03:00:00,1312.715280251693,554.86285,606.9143
forecast_1852,2025-03-19 04:00:00,1304.1442755678322,577.02936,658.71344
forecast_1853,2025-03-19 05:00:00,1501.7285876570013,588.10846,705.49603
forecast_1854,2025-03-19 06:00:00,1605.1916582197232,591.61993,785.99445
forecast_1855,2025-03-19 07:00:00,2169.6027721700148,626.6489,865.8031
forecast_1856,2025-03-19 08:00:00,2955.6646205997304,749.2029,1153.8706
forecast_1857,2025-03-19 09:00:00,4368.566634771587,947.7731,1609.5454
forecast_1858,2025-03-19 10:00:00,4504.679895760943,1176.5068,2732.056
forecast_1859,2025-03-19 11:00:00,5391.325399366937,1433.522,3759.6824
forecast_1860,2025-03-19 12:00:00,6436.18601137633,1786.2207,5372.2495
forecast_1861,2025-03-19 13:00:00,7243.867633232182,2216.8403,7057.9346
forecast_1862,2025-03-19 14:00:00,8089.535896990648,2578.1992,8168.9653
forecast_1863,2025-03-19 15:00:00,8835.480257458432,2590.6038,8461.488
forecast_1864,2025-03-19 16:00:00,10981.955870394262,2461.952,8590.74
forecast_1865,2025-03-19 17:00:00,9369.720585921046,2584.9814,9202.299
forecast_1866,2025-03-19 18:00:00,11543.51217865355,2978.1602,10070.24
forecast_1867,2025-03-19 19:00:00,11468.741509347346,3941.943,11399.115
forecast_1868,2025-03-19 20:00:00,11118.098619836206,5407.069,12623.238
forecast_1869,2025-03-19 21:00:00,12493.3442179569,7297.732,13550.858
forecast_1870,2025-03-19 22:00:00,11291.158697810555,8792.825,14187.313
forecast_1871,2025-03-19 23:00:00,11346.486252829998,9799.746,14193.698
forecast_1872,2025-03-20 00:00:00,13172.946343102883,11149.746,14139.062
forecast_1873,2025-03-20 01:00:00,14989.42123232127,12366.847,14174.395
forecast_1874,2025-03-20 02:00:00,15455.639531510442,12451.526,13964.271
forecast_1875,2025-03-20 03:00:00,15716.718909735855,13583.652,13802.185
forecast_1876,2025-03-20 04:00:00,16171.688431393914,15253.001,14217.76
forecast_1877,2025-03-20 05:00:00,17335.161733048422,16455.168,14852.709
forecast_1878,2025-03-20 06:00:00,18026.235806460794,17347.24,15670.387
forecast_1879,2025-03-20 07:00:00,19001.558631553362,17966.297,16398.504
forecast_1880,2025-03-20 08:00:00,18742.617667757775,18412.986,17002.164
forecast_1881,2025-03-20 09:00:00,17379.215477559854,18760.773,17476.91
forecast_1882,2025-03-20 10:00:00,16425.64696582618,18934.908,17660.195
forecast_1883,2025-03-20 11:00:00,16152.888136394355,18976.387,17487.338
forecast_1884,2025-03-20 12:00:00,16537.390885081364,18882.027,17139.096
forecast_1885,2025-03-20 13:00:00,17607.09162096645,18691.86,16906.896
forecast_1886,2025-03-20 14:00:00,18004.330360426975,18667.064,17066.164
forecast_1887,2025-03-20 15:00:00,17813.93310523228,18757.58,17508.271
forecast_1888,2025-03-20 16:00:00,17720.829218316198,18788.771,17970.895
forecast_1889,2025-03-20 17:00:00,17647.498491691273,18942.31,18451.56
forecast_1890,2025-03-20 18:00:00,18110.422700881983,19102.262,18879.217
forecast_1891,2025-03-20 19:00:00,19413.362811879248,19269.771,19197.31
forecast_1892,2025-03-20 20:00:00,18277.828495203234,19470.338,19450.553
forecast_1893,2025-03-20 21:00:00,18914.768815015283,19576.24,19566.21
forecast_1894,2025-03-20 22:00:00,19541.869899063735,19664.525,19595.684
forecast_1895,2025-03-20 23:00:00,19591.107077252622,19762.969,19616.182
forecast_1896,2025-03-21 00:00:00,19787.081597126606,19889.09,19600.625
forecast_1897,2025-03-21 01:00:00,19162.199056979032,19935.463,19543.943
forecast_1898,2025-03-21 02:00:00,19759.519005118338,19998.232,19272.645
forecast_1899,2025-03-21 03:00:00,19243.926686263043,20039.533,19160.922
forecast_1900,2025-03-21 04:00:00,19619.543708551024,20029.17,19107.629
forecast_1901,2025-03-21 05:00:00,19317.841611368774,19958.488,19046.336
forecast_1902,2025-03-21 06:00:00,19653.99465622949,19780.635,18917.984
forecast_1903,2025-03-21 07:00:00,19884.688961986536,19547.65,18763.893
forecast_1904,2025-03-21 08:00:00,19692.466495106135,19407.465,18638.771
forecast_1905,2025-03-21 09:00:00,19005.95018097594,19268.3,18372.201
forecast_1906,2025-03-21 10:00:00,18418.963369130626,19084.445,17914.334
forecast_1907,2025-03-21 11:00:00,18747.81137297772,19036.805,17433.451
forecast_1908,2025-03-21 12:00:00,18404.012568521535,18984.967,17102.19
forecast_1909,2025-03-21 13:00:00,18101.604005488894,18816.39,16792.752
forecast_1910,2025-03-21 14:00:00,18133.842216152385,18763.75,16677.188
forecast_1911,2025-03-21 15:00:00,18290.290034093025,18748.943,16712.809
forecast_1912,2025-03-21 16:00:00,17940.03101664122,18662.352,16620.451
forecast_1913,2025-03-21 17:00:00,17377.920955751997,18662.06,16904.469
forecast_1914,2025-03-21 18:00:00,17618.717008810945,18821.914,17574.125
forecast_1915,2025-03-21 19:00:00,17829.79596886212,19035.586,18208.799
forecast_1916,2025-03-21 20:00:00,18004.97539949893,19236.975,18722.55
forecast_1917,2025-03-21 21:00:00,18192.78133099425,19338.574,18934.283
forecast_1918,2025-03-21 22:00:00,18465.36069638666,19363.828,18790.553
forecast_1919,2025-03-21 23:00:00,18947.614524833756,19263.574,18156.574
forecast_1920,2025-03-22 00:00:00,18393.34413294431,19409.916,17957.34
forecast_1921,2025-03-22 01:00:00,18875.50029149514,19410.402,17693.35
forecast_1922,2025-03-22 02:00:00,18492.812646701568,19517.027,17441.088
forecast_1923,2025-03-22 03:00:00,17600.37447847677,19553.428,17257.543
forecast_1924,2025-03-22 04:00:00,18823.549373204947,19527.947,16911.197
forecast_1925,2025-03-22 05:00:00,19743.01712585591,19472.834,16545.217
forecast_1926,2025-03-22 06:00:00,19553.657041092236,19484.959,16477.754
forecast_1927,2025-03-22 07:00:00,20181.312841378145,19558.387,16655.184
forecast_1928,2025-03-22 08:00:00,19457.742270546467,19667.125,17057.73
forecast_1929,2025-03-22 09:00:00,18978.31707782032,19738.97,17458.707
forecast_1930,2025-03-22 10:00:00,18672.629505630684,19687.254,17431.55
forecast_1931,2025-03-22 11:00:00,18247.823647223948,19583.227,16926.713
forecast_1932,2025-03-22 12:00:00,17900.00610966576,19414.64,16369.841
forecast_1933,2025-03-22 13:00:00,18119.305090668906,19196.863,15996.353
forecast_1934,2025-03-22 14:00:00,17871.984213807387,19065.113,15904.93
forecast_1935,2025-03-22 15:00:00,17331.963117037056,19060.783,16495.467
forecast_1936,2025-03-22 16:00:00,16827.5104325585,19025.312,17134.281
forecast_1937,2025-03-22 17:00:00,16675.128218007867,18943.107,17634.48
forecast_1938,2025-03-22 18:00:00,17067.907649856585,18819.455,17707.236
forecast_1939,2025-03-22 19:00:00,17526.38788117856,18866.69,17896.275
forecast_1940,2025-03-22 20:00:00,17470.939441403658,19089.383,18386.953
forecast_1941,2025-03-22 21:00:00,18023.84649579094,19151.752,18481.3
forecast_1942,2025-03-22 22:00:00,18268.637627292672,19310.33,18476.332
forecast_1943,2025-03-22 23:00:00,18485.805199405786,19496.885,18643.96
forecast_1944,2025-03-23 00:00:00,18215.00213243973,19605.47,18672.354
forecast_1945,2025-03-23 01:00:00,16363.41268524649,19594.76,18419.281
forecast_1946,2025-03-23 02:00:00,18312.385659222127,19454.066,17617.707
forecast_1947,2025-03-23 03:00:00,20460.363706879096,19255.18,16349.435
forecast_1948,2025-03-23 04:00:00,20425.972923305595,19036.506,15095.026
forecast_1949,2025-03-23 05:00:00,19991.871702781318,18600.924,13659.015
forecast_1950,2025-03-23 06:00:00,18503.935260432077,17886.346,12168.169
forecast_1951,2025-03-23 07:00:00,11961.946035952147,16236.2705,9824.968
forecast_1952,2025-03-23 08:00:00,4590.377563137203,12292.962,5985.5664
forecast_1953,2025-03-23 09:00:00,2817.2003059339518,6029.4233,2332.2358
forecast_1954,2025-03-23 10:00:00,1271.8841686358269,1743.9541,700.7949
forecast_1955,2025-03-23 11:00:00,748.2078930788654,803.6052,281.88803
forecast_1956,2025-03-23 12:00:00,692.599932529067,630.96924,187.89095
forecast_1957,2025-03-23 13:00:00,623.7596297080672,607.1172,145.95807
forecast_1958,2025-03-23 14:00:00,1265.382015094609,659.0928,167.90855
forecast_1959,2025-03-23 15:00:00,4575.985915982028,1007.9293,257.80667
forecast_1960,2025-03-23 16:00:00,3676.4709885553366,2064.6272,524.3803
forecast_1961,2025-03-23 17:00:00,3830.5925952708203,3192.8037,953.54016
forecast_1962,2025-03-23 18:00:00,2281.7436381698412,4104.917,1784.6979
forecast_1963,2025-03-23 19:00:00,2800.1640725916386,3013.9695,1381.4286
forecast_1964,2025-03-23 20:00:00,4776.076744945494,5044.7646,1787.9634
forecast_1965,2025-03-23 21:00:00,8379.678642700497,9455.857,3115.9578
forecast_1966,2025-03-23 22:00:00,10479.843402883214,14398.836,6702.4697
forecast_1967,2025-03-23 23:00:00,10606.416636357228,17007.441,10632.896
forecast_1968,2025-03-24 00:00:00,12070.987586409225,17786.586,12701.729
forecast_1969,2025-03-24 01:00:00,12547.573654803651,18026.744,13437.65
forecast_1970,2025-03-24 02:00:00,10397.329072752575,17265.098,12599.265
forecast_1971,2025-03-24 03:00:00,11232.619180364936,16092.309,10224.301
forecast_1972,2025-03-24 04:00:00,10510.61540032675,16608.627,11203.327
forecast_1973,2025-03-24 05:00:00,12749.178638741985,16311.875,12092.906
forecast_1974,2025-03-24 06:00:00,12609.982812139566,16515.3,13282.657
forecast_1975,2025-03-24 07:00:00,13878.544901569167,16212.805,13216.819
forecast_1976,2025-03-24 08:00:00,14283.820859427833,16978.787,14258.833
forecast_1977,2025-03-24 09:00:00,12627.116906105577,17576.29,15412.842
forecast_1978,2025-03-24 10:00:00,15706.572601026499,17629.96,15643.22
forecast_1979,2025-03-24 11:00:00,15342.171857508089,17532.014,15091.724
forecast_1980,2025-03-24 12:00:00,16274.456933464022,17579.945,14864.073
forecast_1981,2025-03-24 13:00:00,16828.079062800603,17443.145,14601.668
forecast_1982,2025-03-24 14:00:00,15824.408946734711,17237.832,13975.906
forecast_1983,2025-03-24 15:00:00,15158.110383482783,16950.967,13190.236
forecast_1984,2025-03-24 16:00:00,15037.448192879556,16617.3,12787.037
forecast_1985,2025-03-24 17:00:00,14128.731480368158,15860.467,12268.82
forecast_1986,2025-03-24 18:00:00,12862.381249900707,15137.97,11647.62
forecast_1987,2025-03-24 19:00:00,14371.211342084034,15152.609,11556.246
forecast_1988,2025-03-24 20:00:00,14504.565747399196,15758.997,12805.744
forecast_1989,2025-03-24 21:00:00,11851.804476534202,16471.545,14013.603
forecast_1990,2025-03-24 22:00:00,16590.990069446572,17337.854,14716.049
forecast_1991,2025-03-24 23:00:00,17573.012811302673,18352.58,16158.434
forecast_1992,2025-03-25 00:00:00,17258.267157329265,19033.158,17217.111
forecast_1993,2025-03-25 01:00:00,18160.680485666955,19222.701,17026.28
forecast_1994,2025-03-25 02:00:00,19267.049818899035,19261.242,16363.226
forecast_1995,2025-03-25 03:00:00,19552.481708345815,19019.625,15621.781
forecast_1996,2025-03-25 04:00:00,17603.686533638745,18076.723,14051.535
forecast_1997,2025-03-25 05:00:00,9685.08365429895,15111.438,10517.41
forecast_1998,2025-03-25 06:00:00,7205.659484715256,10289.115,5538.817
forecast_1999,2025-03-25 07:00:00,7042.526420234625,6849.3843,2915.7
forecast_2000,2025-03-25 08:00:00,5901.626242966042,6417.2466,2233.4138
forecast_2001,2025-03-25 09:00:00,4737.568050119123,7642.098,2442.9397
forecast_2002,2025-03-25 10:00:00,9504.882471151543,8442.132,3257.1204
forecast_2003,2025-03-25 11:00:00,8329.977163302463,8840.109,4658.2773
forecast_2004,2025-03-25 12:00:00,8523.898005848903,8760.932,5865.1187
forecast_2005,2025-03-25 13:00:00,11489.595299592402,10781.186,8763.514
forecast_2006,2025-03-25 14:00:00,14421.898116024038,14036.382,13176.128
forecast_2007,2025-03-25 15:00:00,15317.597173828526,16195.071,16040.197
forecast_2008,2025-03-25 16:00:00,14816.804607565835,17135.197,17436.969
forecast_2009,2025-03-25 17:00:00,15640.459016986872,17641.389,18300.88
forecast_2010,2025-03-25 18:00:00,16263.478193357885,17864.576,18815.125
forecast_2011,2025-03-25 19:00:00,16226.516422857778,18185.365,19097.357
forecast_2012,2025-03-25 20:00:00,15551.707550171217,18411.021,19319.107
forecast_2013,2025-03-25 21:00:00,16074.370125657799,18544.627,19372.977
forecast_2014,2025-03-25 22:00:00,16899.63279116454,18712.336,19459.01
forecast_2015,2025-03-25 23:00:00,18972.151964661152,18924.53,19474.854
forecast_2016,2025-03-26 00:00:00,18943.324602865374,19133.219,19394.936
forecast_2017,2025-03-26 01:00:00,19081.329018721637,19315.988,19245.809
forecast_2018,2025-03-26 02:00:00,19144.973165403164,19607.605,19108.484
forecast_2019,2025-03-26 03:00:00,18179.63959813782,19697.176,18621.803
forecast_2020,2025-03-26 04:00:00,16438.19489959877,19304.984,16357.481
forecast_2021,2025-03-26 05:00:00,17602.169018475826,18134.953,12054.607
forecast_2022,2025-03-26 06:00:00,12974.682563924014,16050.581,9252.147
forecast_2023,2025-03-26 07:00:00,4605.921214305533,13354.079,7891.3896
forecast_2024,2025-03-26 08:00:00,2065.1782543983304,6682.9287,4505.1104
forecast_2025,2025-03-26 09:00:00,1554.4456958526225,1404.3809,981.59216
forecast_2026,2025-03-26 10:00:00,767.1035120971006,823.8358,388.07727
forecast_2027,2025-03-26 11:00:00,634.2568607036134,707.89795,225.45766
forecast_2028,2025-03-26 12:00:00,675.1691232622225,685.0451,165.68018
forecast_2029,2025-03-26 13:00:00,1050.495018318724,736.83984,185.53322
forecast_2030,2025-03-26 14:00:00,2018.7735740106718,884.2715,268.6765
forecast_2031,2025-03-26 15:00:00,2325.645868327551,1181.7822,464.08133
forecast_2032,2025-03-26 16:00:00,2291.1577316119424,1369.2246,458.56955
forecast_2033,2025-03-26 17:00:00,1765.2939776989133,1848.3792,612.0324
forecast_2034,2025-03-26 18:00:00,6065.012186959231,2408.6614,965.47595
forecast_2035,2025-03-26 19:00:00,6737.584257265615,3512.2998,1430.3329
forecast_2036,2025-03-26 20:00:00,7163.056619819775,6811.604,2892.028
forecast_2037,2025-03-26 21:00:00,8096.981421058666,10768.176,6228.749
forecast_2038,2025-03-26 22:00:00,11188.870635465204,14737.72,10154.395
forecast_2039,2025-03-26 23:00:00,13930.851623620467,17117.928,13082.483
forecast_2040,2025-03-27 00:00:00,15595.920802480616,18059.664,15511.854
forecast_2041,2025-03-27 01:00:00,16489.90997683449,18843.469,16869.963
forecast_2042,2025-03-27 02:00:00,16048.987506233098,19396.438,17837.396
forecast_2043,2025-03-27 03:00:00,15662.534703251684,19521.488,18227.896
forecast_2044,2025-03-27 04:00:00,16399.94723616263,19369.166,17985.904
forecast_2045,2025-03-27 05:00:00,14676.04700748076,19065.672,16933.715
forecast_2046,2025-03-27 06:00:00,12071.952602617144,17867.94,12760.809
forecast_2047,2025-03-27 07:00:00,11974.909523883629,15924.273,8260.437
forecast_2048,2025-03-27 08:00:00,12977.348093361194,14761.209,7228.5654
forecast_2049,2025-03-27 09:00:00,11384.500253416496,14383.617,8985.065
forecast_2050,2025-03-27 10:00:00,10991.613158128745,12811.912,8839.821
forecast_2051,2025-03-27 11:00:00,8825.343851981494,12131.272,8241.075
forecast_2052,2025-03-27 12:00:00,9899.034856527294,11439.486,7215.946
forecast_2053,2025-03-27 13:00:00,9761.465810220758,10592.173,5465.197
forecast_2054,2025-03-27 14:00:00,9560.190175736607,10060.426,4731.037
forecast_2055,2025-03-27 15:00:00,9233.051076022442,9857.787,4537.15
forecast_2056,2025-03-27 16:00:00,7051.868504727219,9671.659,4592.747
forecast_2057,2025-03-27 17:00:00,5834.408470799915,6883.7607,2391.0986
forecast_2058,2025-03-27 18:00:00,7219.945956455515,5554.082,1617.7354
forecast_2059,2025-03-27 19:00:00,8537.304301928252,6429.3716,2182.2756
forecast_2060,2025-03-27 20:00:00,8529.501466385565,7465.5894,3479.4355
forecast_2061,2025-03-27 21:00:00,10599.073039228158,8333.966,4674.747
forecast_2062,2025-03-27 22:00:00,9386.952328415544,8938.984,6102.6587
forecast_2063,2025-03-27 23:00:00,10269.454787094628,8808.799,6786.5884
forecast_2064,2025-03-28 00:00:00,10468.666084032673,8650.251,6884.6743
forecast_2065,2025-03-28 01:00:00,2997.328917389165,6753.761,5186.194
forecast_2066,2025-03-28 02:00:00,3159.688702268178,2710.6057,1624.6232
forecast_2067,2025-03-28 03:00:00,2131.802834748114,1550.0767,628.2045
forecast_2068,2025-03-28 04:00:00,3422.144140553635,1093.248,341.10175
forecast_2069,2025-03-28 05:00:00,2508.962574361547,891.0821,216.52498
forecast_2070,2025-03-28 06:00:00,858.3871141535873,874.4572,205.14923
forecast_2071,2025-03-28 07:00:00,751.6354815472529,784.5049,274.9978
forecast_2072,2025-03-28 08:00:00,867.6451641044648,700.0781,353.40222
forecast_2073,2025-03-28 09:00:00,940.5936465250719,663.2205,295.99698
forecast_2074,2025-03-28 10:00:00,384.5234121111854,652.09766,355.64404
forecast_2075,2025-03-28 11:00:00,820.3731150930422,648.89484,564.42615
forecast_2076,2025-03-28 12:00:00,893.5167833722264,640.16925,801.98035
forecast_2077,2025-03-28 13:00:00,1149.6310242104505,616.2688,823.56683
forecast_2078,2025-03-28 14:00:00,1107.3876577306157,585.6668,762.6653
forecast_2079,2025-03-28 15:00:00,922.3097513420912,573.0443,592.84
forecast_2080,2025-03-28 16:00:00,979.0182860877381,566.699,505.37277
forecast_2081,2025-03-28 17:00:00,1164.0523528570498,559.76086,426.88535
forecast_2082,2025-03-28 18:00:00,1826.5071243884647,561.19104,284.94516
forecast_2083,2025-03-28 19:00:00,4333.370566802576,581.7456,246.26855
forecast_2084,2025-03-28 20:00:00,6074.508384598232,1071.5464,463.62396
forecast_2085,2025-03-28 21:00:00,5885.317406169864,3141.585,1726.2522
forecast_2086,2025-03-28 22:00:00,4621.164975115869,3353.3237,4310.0166
forecast_2087,2025-03-28 23:00:00,4125.017527552062,1739.3677,4218.2646
forecast_2088,2025-03-29 00:00:00,5482.964752267224,1028.1863,3338.2288
forecast_2089,2025-03-29 01:00:00,591.2265478551652,716.0509,2003.1222
forecast_2090,2025-03-29 02:00:00,520.4492440237191,596.5697,463.04874
forecast_2091,2025-03-29 03:00:00,645.3637134087606,593.5809,181.51256
forecast_2092,2025-03-29 04:00:00,922.2440161398661,645.84454,148.74698
forecast_2093,2025-03-29 05:00:00,3558.1941256095147,773.8693,199.29427
forecast_2094,2025-03-29 06:00:00,5085.982809140117,1227.2842,435.6413
forecast_2095,2025-03-29 07:00:00,5730.271810015471,3174.9143,1497.6741
forecast_2096,2025-03-29 08:00:00,6714.891088323935,6582.916,3334.6208
forecast_2097,2025-03-29 09:00:00,5107.340265296797,9411.187,5527.962
forecast_2098,2025-03-29 10:00:00,7618.983422369868,10296.835,7142.547
forecast_2099,2025-03-29 11:00:00,10045.559119094169,11129.142,7781.329
forecast_2100,2025-03-29 12:00:00,11186.510354134269,11810.695,8546.496
forecast_2101,2025-03-29 13:00:00,12032.061264233354,12256.527,9449.354
forecast_2102,2025-03-29 14:00:00,12720.763275426385,12867.959,10342.854
forecast_2103,2025-03-29 15:00:00,13875.56747008086,13034.268,10200.627
forecast_2104,2025-03-29 16:00:00,14253.687753731521,12968.295,10496.275
forecast_2105,2025-03-29 17:00:00,13631.67268141146,13124.215,11369.324
forecast_2106,2025-03-29 18:00:00,13281.4592454654,13011.241,11532.601
forecast_2107,2025-03-29 19:00:00,12971.498755352368,12798.1455,11507.783
forecast_2108,2025-03-29 20:00:00,12932.49457373275,12649.816,11568.446
forecast_2109,2025-03-29 21:00:00,13126.801332574865,12724.305,12290.698
forecast_2110,2025-03-29 22:00:00,13149.037800915137,12569.4,12647.893
forecast_2111,2025-03-29 23:00:00,12982.799206097985,11858.957,11803.575
forecast_2112,2025-03-30 00:00:00,13091.027115340132,10763.796,9841.978
forecast_2113,2025-03-30 01:00:00,13156.466431190815,10096.281,8487.848
forecast_2114,2025-03-30 02:00:00,12398.615467075753,9694.447,8011.94
forecast_2115,2025-03-30 03:00:00,11856.87317987013,9074.584,7077.2876
forecast_2116,2025-03-30 04:00:00,11911.477269000305,8541.21,5975.1265
forecast_2117,2025-03-30 05:00:00,11789.389627431947,8410.975,5506.7046
forecast_2118,2025-03-30 06:00:00,11736.59864603138,8340.035,5241.967
forecast_2119,2025-03-30 07:00:00,11179.047506080879,8445.506,5411.9434
forecast_2120,2025-03-30 08:00:00,8986.828166839958,8162.0806,5191.3633
forecast_2121,2025-03-30 09:00:00,8933.988260288083,7502.763,4474.882
forecast_2122,2025-03-30 10:00:00,10055.367947866027,7412.488,4035.7441
forecast_2123,2025-03-30 11:00:00,10788.27032275935,7618.3716,3723.873
forecast_2124,2025-03-30 12:00:00,10897.227149288427,7452.08,3304.179
forecast_2125,2025-03-30 13:00:00,11341.828800280706,7286.3926,3097.9915
forecast_2126,2025-03-30 14:00:00,11291.742333032986,7248.026,3068.4407
forecast_2127,2025-03-30 15:00:00,9454.770853267397,6616.0015,3198.6443
forecast_2128,2025-03-30 16:00:00,7199.849877096709,6036.3315,2955.6125
forecast_2129,2025-03-30 17:00:00,6504.4081798152365,5296.0273,2488.1523
forecast_2130,2025-03-30 18:00:00,6901.277165825004,4983.0845,2486.468
forecast_2131,2025-03-30 19:00:00,6286.2734859056245,4699.152,2743.1133
forecast_2132,2025-03-30 20:00:00,6109.6361614418975,4975.0444,3317.9731
forecast_2133,2025-03-30 21:00:00,6842.705911319214,5156.241,3740.2297
forecast_2134,2025-03-30 22:00:00,7631.725307530238,5559.34,3824.9592
forecast_2135,2025-03-30 23:00:00,8143.778389413179,5999.4595,4091.6604
forecast_2136,2025-03-31 00:00:00,8363.952934337505,6604.498,4433.724
forecast_2137,2025-03-31 01:00:00,14475.287373926634,9686.158,5848.0034
forecast_2138,2025-03-31 02:00:00,14816.110088616599,13893.832,10329.807
forecast_2139,2025-03-31 03:00:00,14081.419067343493,15424.806,12679.492
forecast_2140,2025-03-31 04:00:00,11768.668929719575,15952.5205,12713.72
forecast_2141,2025-03-31 05:00:00,12839.661674364947,15913.521,11173.515
forecast_2142,2025-03-31 06:00:00,11491.849090188109,15919.247,9986.391
forecast_2143,2025-03-31 07:00:00,8328.854285372665,14843.852,8338.642
forecast_2144,2025-03-31 08:00:00,6911.823367859783,10361.535,4748.9814
forecast_2145,2025-03-31 09:00:00,5448.650184870852,5287.9087,2454.9124
forecast_2146,2025-03-31 10:00:00,2681.4835843349256,2298.2407,1263.099
forecast_2147,2025-03-31 11:00:00,2512.8555439723855,1549.581,820.2727
forecast_2148,2025-03-31 12:00:00,3718.2558703623295,1552.1057,720.42944
forecast_2149,2025-03-31 13:00:00,4316.550049121402,2033.0896,970.7312
forecast_2150,2025-03-31 14:00:00,4472.9923307053605,2758.0125,1547.367
forecast_2151,2025-03-31 15:00:00,4556.60720492277,3335.989,2037.8838
forecast_2152,2025-03-31 16:00:00,4591.293997848246,3686.5974,2388.0703
forecast_2153,2025-03-31 17:00:00,3998.608263327398,4015.1309,2774.937
forecast_2154,2025-03-31 18:00:00,5209.81460806241,4640.163,3571.0784
forecast_2155,2025-03-31 19:00:00,5582.382087456593,4836.2935,4305.8345
forecast_2156,2025-03-31 20:00:00,7460.095226075302,6365.5312,5822.9146
forecast_2157,2025-03-31 21:00:00,8716.215728711035,8109.8755,7097.2144
forecast_2158,2025-03-31 22:00:00,10521.825935592864,8707.568,6752.2036
forecast_2159,2025-03-31 23:00:00,11543.767388821816,10217.842,6151.5884
forecast_2160,2025-04-01 00:00:00,11320.541542682151,11729.468,6263.726
forecast_2161,2025-04-01 01:00:00,8834.29104082909,11634.282,5683.23
forecast_2162,2025-04-01 02:00:00,8420.423324187026,9170.176,3911.16
forecast_2163,2025-04-01 03:00:00,8905.870451914101,8102.566,2809.1848
forecast_2164,2025-04-01 04:00:00,7779.697522133147,7494.2173,2172.1934
forecast_2165,2025-04-01 05:00:00,6022.575538738505,6974.6147,1843.9958
forecast_2166,2025-04-01 06:00:00,6630.293730507421,5536.151,1652.8132
forecast_2167,2025-04-01 07:00:00,3417.069395319077,4031.5093,1511.2965
forecast_2168,2025-04-01 08:00:00,2133.4375227572136,1805.5005,993.04706
forecast_2169,2025-04-01 09:00:00,880.713750317188,885.25244,499.09048
forecast_2170,2025-04-01 10:00:00,319.68000000000006,670.8262,275.39078
forecast_2171,2025-04-01 11:00:00,371.95805311275984,604.5652,159.32039
forecast_2172,2025-04-01 12:00:00,397.8117159504669,569.99927,114.05849
forecast_2173,2025-04-01 13:00:00,427.99096649128404,555.1254,100.531586
forecast_2174,2025-04-01 14:00:00,457.4574480575791,560.98474,107.97362
forecast_2175,2025-04-01 15:00:00,599.2492277132885,618.2024,126.5622
forecast_2176,2025-04-01 16:00:00,356.8164900806269,726.3308,155.18489
forecast_2177,2025-04-01 17:00:00,455.4819030586914,957.0698,211.62213
forecast_2178,2025-04-01 18:00:00,381.28207518655796,1282.5869,276.74203
forecast_2179,2025-04-01 19:00:00,883.9618987548413,1522.2598,334.83374
forecast_2180,2025-04-01 20:00:00,1472.6394100000168,1506.7092,344.50455
forecast_2181,2025-04-01 21:00:00,1521.0441957456978,1584.8401,366.50916
forecast_2182,2025-04-01 22:00:00,2401.6833510284305,1674.1992,406.2655
forecast_2183,2025-04-01 23:00:00,2227.8751185597393,1608.9255,424.04602
forecast_2184,2025-04-02 00:00:00,2004.7837607394545,1550.9211,425.8475
forecast_2185,2025-04-02 01:00:00,1567.555934557599,1564.1941,430.5579
forecast_2186,2025-04-02 02:00:00,1101.2201434495732,1479.0962,341.17407
forecast_2187,2025-04-02 03:00:00,996.4389281121747,1569.7197,269.7683
forecast_2188,2025-04-02 04:00:00,757.9457967155194,1598.8547,233.46857
forecast_2189,2025-04-02 05:00:00,651.1360986127312,1445.8962,201.51253
forecast_2190,2025-04-02 06:00:00,550.0056100705381,1307.8052,190.36111
forecast_2191,2025-04-02 07:00:00,504.55030049899653,1161.8162,169.72684
forecast_2192,2025-04-02 08:00:00,571.6665391966624,971.1645,150.08737
forecast_2193,2025-04-02 09:00:00,505.91820875196163,855.2356,105.99185
forecast_2194,2025-04-02 10:00:00,600.8582847015099,901.166,90.72481
forecast_2195,2025-04-02 11:00:00,721.8623054257947,1018.7976,94.10308
forecast_2196,2025-04-02 12:00:00,602.213840603932,1206.081,111.908615
forecast_2197,2025-04-02 13:00:00,702.127644061984,1289.6246,133.87872
forecast_2198,2025-04-02 14:00:00,834.1107743614857,1347.4553,162.65604
forecast_2199,2025-04-02 15:00:00,1063.4675447009365,1473.1125,206.84952
forecast_2200,2025-04-02 16:00:00,1053.6835211191162,1668.1624,258.52963
forecast_2201,2025-04-02 17:00:00,863.1923352205043,1944.0969,338.0049
forecast_2202,2025-04-02 18:00:00,950.5962894507679,2192.712,427.71667
forecast_2203,2025-04-02 19:00:00,561.435599758529,2329.688,459.20645
forecast_2204,2025-04-02 20:00:00,637.166116676859,1830.5154,380.44247
forecast_2205,2025-04-02 21:00:00,629.3502348348993,1577.1118,308.60342
forecast_2206,2025-04-02 22:00:00,1273.1448124767508,1687.5208,306.155
forecast_2207,2025-04-02 23:00:00,1293.4438820055134,2121.3582,325.0998
forecast_2208,2025-04-03 00:00:00,1695.4092402823153,2623.8047,385.2751
forecast_2209,2025-04-03 01:00:00,1372.4972403205657,3046.3525,436.00015
forecast_2210,2025-04-03 02:00:00,1322.8038806830643,2806.4211,498.2977
forecast_2211,2025-04-03 03:00:00,1328.3132782842954,2578.8066,623.12396
forecast_2212,2025-04-03 04:00:00,1320.9392524677555,2693.3777,832.54156
forecast_2213,2025-04-03 05:00:00,1460.5186376240886,2306.3103,1039.1437
forecast_2214,2025-04-03 06:00:00,1735.4967208103167,1670.4263,1155.0883
forecast_2215,2025-04-03 07:00:00,1918.0141551087147,1102.8208,1091.5717
forecast_2216,2025-04-03 08:00:00,1791.4688368144418,809.881,848.3985
forecast_2217,2025-04-03 09:00:00,1096.2029297879733,671.04755,585.0614
forecast_2218,2025-04-03 10:00:00,747.2045864527664,602.88666,416.64395
forecast_2219,2025-04-03 11:00:00,530.5887593953877,567.88885,288.39716
forecast_2220,2025-04-03 12:00:00,392.42680152994683,555.16376,223.0923
forecast_2221,2025-04-03 13:00:00,440.2868051741694,554.4536,189.18622
forecast_2222,2025-04-03 14:00:00,480.26211149973267,565.78253,215.18277
forecast_2223,2025-04-03 15:00:00,545.2772505068253,592.5017,274.2063
forecast_2224,2025-04-03 16:00:00,468.3952239678911,621.1272,315.53638
forecast_2225,2025-04-03 17:00:00,334.4919260493913,636.48944,255.89761
forecast_2226,2025-04-03 18:00:00,364.80782455653446,656.90686,213.71014
forecast_2227,2025-04-03 19:00:00,323.44921532704296,663.98584,175.87936
forecast_2228,2025-04-03 20:00:00,870.9530719927941,737.7284,169.80385
forecast_2229,2025-04-03 21:00:00,965.9961918461113,1222.567,184.67386
forecast_2230,2025-04-03 22:00:00,1787.1179349418096,2266.1328,310.32077
forecast_2231,2025-04-03 23:00:00,2160.654545159789,4135.2354,605.7061
forecast_2232,2025-04-04 00:00:00,3788.3539187339316,7249.6562,1472.1371
forecast_2233,2025-04-04 01:00:00,4941.414329002264,9290.572,2681.6233
forecast_2234,2025-04-04 02:00:00,5012.603004845683,9363.108,4159.399
forecast_2235,2025-04-04 03:00:00,5319.68111079216,9795.299,5172.5293
forecast_2236,2025-04-04 04:00:00,6685.1602945925415,10297.594,5440.3413
forecast_2237,2025-04-04 05:00:00,7637.845518512155,9992.534,5207.6772
forecast_2238,2025-04-04 06:00:00,8381.486164567967,9147.854,4974.7734
forecast_2239,2025-04-04 07:00:00,7086.909115615536,7861.0337,4708.061
forecast_2240,2025-04-04 08:00:00,6327.358394247231,5603.189,3730.668
forecast_2241,2025-04-04 09:00:00,4833.646691794767,3342.2202,2617.803
forecast_2242,2025-04-04 10:00:00,1658.5881200900712,1729.3423,1510.1208
forecast_2243,2025-04-04 11:00:00,1249.6014350273315,1019.6985,754.9056
forecast_2244,2025-04-04 12:00:00,950.2481571454616,846.34344,416.2541
forecast_2245,2025-04-04 13:00:00,512.6324655066486,801.37415,327.8518
forecast_2246,2025-04-04 14:00:00,649.5242931588214,789.75305,322.41367
forecast_2247,2025-04-04 15:00:00,868.3561737439306,688.28174,359.43176
forecast_2248,2025-04-04 16:00:00,1217.3841239623569,962.41205,797.6022
forecast_2249,2025-04-04 17:00:00,1697.637543368919,1559.0657,915.8882
forecast_2250,2025-04-04 18:00:00,1747.7582155724886,1963.5491,912.7114
forecast_2251,2025-04-04 19:00:00,1091.1565479510753,2150.08,1054.9629
forecast_2252,2025-04-04 20:00:00,2103.7396483779894,1977.508,1009.57153
forecast_2253,2025-04-04 21:00:00,3223.656062727139,2764.817,1351.5132
forecast_2254,2025-04-04 22:00:00,3099.734547183326,3879.4114,1856.3219
forecast_2255,2025-04-04 23:00:00,4131.499575398322,4291.421,2200.7258
forecast_2256,2025-04-05 00:00:00,3887.7105813328635,5356.3115,2770.828
forecast_2257,2025-04-05 01:00:00,6811.449403485659,5098.2285,3048.877
forecast_2258,2025-04-05 02:00:00,6243.634967922818,5795.84,3667.8372
forecast_2259,2025-04-05 03:00:00,6119.442589462888,8466.511,5055.8613
forecast_2260,2025-04-05 04:00:00,7725.485372009247,9297.67,5342.5894
forecast_2261,2025-04-05 05:00:00,5101.216599049693,9496.646,5243.1533
forecast_2262,2025-04-05 06:00:00,9026.669670975367,9260.462,4747.4814
forecast_2263,2025-04-05 07:00:00,5261.610353599907,9760.657,4957.928
forecast_2264,2025-04-05 08:00:00,4531.019636836479,8960.422,4802.8496
forecast_2265,2025-04-05 09:00:00,3833.183228702418,7139.6665,3724.7244
forecast_2266,2025-04-05 10:00:00,2297.031403706775,5568.1064,3020.3704
forecast_2267,2025-04-05 11:00:00,2919.57174945958,4201.2983,2228.109
forecast_2268,2025-04-05 12:00:00,6842.715456330472,5150.818,2926.443
forecast_2269,2025-04-05 13:00:00,7791.5985595775755,7815.1274,4928.0986
forecast_2270,2025-04-05 14:00:00,9138.24602581828,10545.093,8315.611
forecast_2271,2025-04-05 15:00:00,10215.195959521243,12222.956,10652.535
forecast_2272,2025-04-05 16:00:00,11621.536325767485,13348.47,12070.788
forecast_2273,2025-04-05 17:00:00,13455.078903193737,14187.956,13604.881
forecast_2274,2025-04-05 18:00:00,16528.90416665213,15288.979,14211.909
forecast_2275,2025-04-05 19:00:00,16484.78442277699,15880.479,13795.857
forecast_2276,2025-04-05 20:00:00,16197.146280059991,15952.706,12923.05
forecast_2277,2025-04-05 21:00:00,13942.701115793367,16684.27,13461.039
forecast_2278,2025-04-05 22:00:00,13777.51361441073,16946.936,13593.378
forecast_2279,2025-04-05 23:00:00,13482.120915257805,17218.38,13624.474
forecast_2280,2025-04-06 00:00:00,14472.559960344486,17260.408,13760.09
forecast_2281,2025-04-06 01:00:00,13788.221804672661,17404.594,13951.54
forecast_2282,2025-04-06 02:00:00,14198.696450477031,17028.92,13616.077
forecast_2283,2025-04-06 03:00:00,14226.330197256533,17059.371,13521.722
forecast_2284,2025-04-06 04:00:00,14329.555893375546,17067.064,13439.289
forecast_2285,2025-04-06 05:00:00,15192.0583715977,16962.754,13406.355
forecast_2286,2025-04-06 06:00:00,14978.311448012013,17049.785,13906.877
forecast_2287,2025-04-06 07:00:00,15777.751212222325,16797.111,14074.374
forecast_2288,2025-04-06 08:00:00,16070.469238501559,16563.2,14266.049
forecast_2289,2025-04-06 09:00:00,14609.124519584777,16210.542,14187.719
forecast_2290,2025-04-06 10:00:00,14047.668745823012,15597.29,13345.135
forecast_2291,2025-04-06 11:00:00,12964.51147488449,13970.434,11522.129
forecast_2292,2025-04-06 12:00:00,13207.923327322886,11791.394,8719.345
forecast_2293,2025-04-06 13:00:00,13871.287346590576,10943.206,7793.5137
forecast_2294,2025-04-06 14:00:00,14202.97036031817,11487.141,8455.991
forecast_2295,2025-04-06 15:00:00,14469.723079335967,12153.921,9904.547
forecast_2296,2025-04-06 16:00:00,14235.80167281396,12468.22,11137.133
forecast_2297,2025-04-06 17:00:00,14190.902019836092,12106.4795,10901.945
forecast_2298,2025-04-06 18:00:00,12988.534541007946,12139.657,11120.023
forecast_2299,2025-04-06 19:00:00,12955.771901006234,12133.722,11125.83
forecast_2300,2025-04-06 20:00:00,13246.133350988503,13358.462,12096.828
forecast_2301,2025-04-06 21:00:00,13925.459217124126,15024.365,13839.14
forecast_2302,2025-04-06 22:00:00,15272.86376566567,15929.862,14775.532
forecast_2303,2025-04-06 23:00:00,14748.529967456669,16606.682,15288.516
forecast_2304,2025-04-07 00:00:00,14338.706507117124,16916.943,15107.274
forecast_2305,2025-04-07 01:00:00,15478.798378857182,17113.031,14750.43
forecast_2306,2025-04-07 02:00:00,15738.633658594796,17140.623,14728.336
forecast_2307,2025-04-07 03:00:00,14800.279902158054,16676.562,14072.775
forecast_2308,2025-04-07 04:00:00,13154.230440899248,15566.735,12033.016
forecast_2309,2025-04-07 05:00:00,13442.959879377879,14735.245,9948.613
forecast_2310,2025-04-07 06:00:00,12078.161608094078,15055.508,9466.04
forecast_2311,2025-04-07 07:00:00,12347.2769589543,15591.02,10068.96
forecast_2312,2025-04-07 08:00:00,11038.538429880235,15894.371,11262.207
forecast_2313,2025-04-07 09:00:00,12430.602139805502,14911.158,10991.893
forecast_2314,2025-04-07 10:00:00,10640.069827774249,13485.177,9908.69
forecast_2315,2025-04-07 11:00:00,8752.999658020748,11356.204,7869.033
forecast_2316,2025-04-07 12:00:00,8582.782386322586,9780.233,6422.0337
forecast_2317,2025-04-07 13:00:00,9738.806537852075,9765.958,6632.9785
forecast_2318,2025-04-07 14:00:00,10395.42947477836,10407.977,7309.6265
forecast_2319,2025-04-07 15:00:00,11597.590986007892,12139.4375,9478.423
forecast_2320,2025-04-07 16:00:00,14242.995241366734,13547.455,11861.255
forecast_2321,2025-04-07 17:00:00,14921.621507884123,15246.527,14678.235
forecast_2322,2025-04-07 18:00:00,14849.84650101521,16401.186,16566.756
forecast_2323,2025-04-07 19:00:00,16674.29320092289,17457.518,17397.959
forecast_2324,2025-04-07 20:00:00,17879.625808306853,18543.555,18280.863
forecast_2325,2025-04-07 21:00:00,18142.336100239576,19164.463,18964.607
forecast_2326,2025-04-07 22:00:00,18944.817878582402,19498.795,19367.322
forecast_2327,2025-04-07 23:00:00,18168.78885892842,19739.043,19655.838
forecast_2328,2025-04-08 00:00:00,17733.18200548812,19770.158,19821.443
forecast_2329,2025-04-08 01:00:00,17780.638152593237,19672.086,19897.436
forecast_2330,2025-04-08 02:00:00,17699.219189861848,19663.814,19904.639
forecast_2331,2025-04-08 03:00:00,18652.23543276378,19565.428,19820.576
forecast_2332,2025-04-08 04:00:00,19591.221899197903,19507.242,19715.95
forecast_2333,2025-04-08 05:00:00,19370.549286917474,19535.484,19436.77
forecast_2334,2025-04-08 06:00:00,18419.393821357757,19477.158,18468.168
forecast_2335,2025-04-08 07:00:00,18196.113396830402,19530.47,17289.562
forecast_2336,2025-04-08 08:00:00,17226.35113017106,19576.947,16940.271
forecast_2337,2025-04-08 09:00:00,15226.008899031924,19367.322,16572.82
forecast_2338,2025-04-08 10:00:00,14341.752219608905,18674.238,15093.956
forecast_2339,2025-04-08 11:00:00,13270.655895842247,17489.303,13047.306
forecast_2340,2025-04-08 12:00:00,14097.615584999103,15480.829,10891.327
forecast_2341,2025-04-08 13:00:00,14174.102162711099,13775.753,10018.323
forecast_2342,2025-04-08 14:00:00,13024.468120847157,11502.564,8444.567
forecast_2343,2025-04-08 15:00:00,9852.373544660653,8186.28,5465.9033
forecast_2344,2025-04-08 16:00:00,5038.625441664363,4474.3906,2814.591
forecast_2345,2025-04-08 17:00:00,3610.618435281016,2159.2837,1125.7676
forecast_2346,2025-04-08 18:00:00,1585.6764649761749,1201.0566,637.18506
forecast_2347,2025-04-08 19:00:00,783.6875222004716,795.29663,392.00113
forecast_2348,2025-04-08 20:00:00,593.8831144336261,682.01654,235.9299
forecast_2349,2025-04-08 21:00:00,545.9268660699843,665.22095,157.4386
forecast_2350,2025-04-08 22:00:00,849.0431795651104,672.7189,155.312
forecast_2351,2025-04-08 23:00:00,705.1295450647889,755.16797,180.24918
forecast_2352,2025-04-09 00:00:00,724.3942299968837,856.90027,220.69255
forecast_2353,2025-04-09 01:00:00,852.7834316098895,860.1196,286.74002
forecast_2354,2025-04-09 02:00:00,899.2024702190887,851.1999,541.4907
forecast_2355,2025-04-09 03:00:00,848.3428310537697,870.469,640.22754
forecast_2356,2025-04-09 04:00:00,1034.5528801653338,891.79553,499.0276
forecast_2357,2025-04-09 05:00:00,1215.2819278353707,980.2531,442.08887
forecast_2358,2025-04-09 06:00:00,1738.4739704745532,1147.77,415.41232
forecast_2359,2025-04-09 07:00:00,1582.7367060669771,1252.8232,531.1503
forecast_2360,2025-04-09 08:00:00,1654.7242535402997,1297.4617,697.8965
forecast_2361,2025-04-09 09:00:00,1147.7945554614391,1221.769,730.91455
forecast_2362,2025-04-09 10:00:00,1033.1320768875914,1186.3982,687.4788
forecast_2363,2025-04-09 11:00:00,1465.1617150171528,1240.5244,719.64966
forecast_2364,2025-04-09 12:00:00,2512.9725275785268,1392.4607,989.9001
forecast_2365,2025-04-09 13:00:00,2910.8547289553285,1803.0574,1414.7919
forecast_2366,2025-04-09 14:00:00,3323.057416850327,2455.5928,2023.9125
forecast_2367,2025-04-09 15:00:00,4161.090194245274,3329.604,2721.4458
forecast_2368,2025-04-09 16:00:00,5320.653904203147,5018.5195,3644.926
forecast_2369,2025-04-09 17:00:00,7095.27397759009,6808.6626,5382.5884
forecast_2370,2025-04-09 18:00:00,5867.775305335001,7539.9814,6933.9463
forecast_2371,2025-04-09 19:00:00,4017.70780519879,6718.938,5886.6157
forecast_2372,2025-04-09 20:00:00,3824.8100009384534,5088.4688,3720.585
forecast_2373,2025-04-09 21:00:00,4258.466658764076,4320.4326,2292.7136
forecast_2374,2025-04-09 22:00:00,5953.5416481998745,3950.2034,1689.0867
forecast_2375,2025-04-09 23:00:00,5424.033042221803,4338.0034,2260.3315
forecast_2376,2025-04-10 00:00:00,6194.884876907942,4502.7725,3176.2095
forecast_2377,2025-04-10 01:00:00,6797.472532900361,5794.0166,4483.754
forecast_2378,2025-04-10 02:00:00,7980.984773132876,6866.6675,4780.5986
forecast_2379,2025-04-10 03:00:00,7906.174480480233,8393.728,5753.83
forecast_2380,2025-04-10 04:00:00,7050.7619688754185,8918.123,5957.029
forecast_2381,2025-04-10 05:00:00,6609.445695875702,8192.817,5715.226
forecast_2382,2025-04-10 06:00:00,5197.058215579491,6660.316,4839.6636
forecast_2383,2025-04-10 07:00:00,4258.265155541143,5388.26,3585.9763
forecast_2384,2025-04-10 08:00:00,3748.3015321757402,3216.9355,1503.8901
forecast_2385,2025-04-10 09:00:00,4748.434287266741,2628.4636,861.3426
forecast_2386,2025-04-10 10:00:00,4686.708476363075,3099.2852,703.665
forecast_2387,2025-04-10 11:00:00,3075.310124990443,3407.9397,734.20337
forecast_2388,2025-04-10 12:00:00,2809.8506771949806,2923.8105,864.6982
forecast_2389,2025-04-10 13:00:00,2146.781559614171,2347.7886,838.0499
forecast_2390,2025-04-10 14:00:00,2661.5601748815416,2035.8542,760.65173
forecast_2391,2025-04-10 15:00:00,2945.6537085527425,1865.75,731.26984
forecast_2392,2025-04-10 16:00:00,3971.5895782653324,2271.2688,959.0094
forecast_2393,2025-04-10 17:00:00,2643.6838437292313,1944.1458,460.7029
forecast_2394,2025-04-10 18:00:00,2480.2291365321885,1666.6528,406.96442
forecast_2395,2025-04-10 19:00:00,2370.6371153188716,1379.0496,431.3634
forecast_2396,2025-04-10 20:00:00,2401.462947981937,1444.5613,530.98456
forecast_2397,2025-04-10 21:00:00,3050.2720283350536,1785.126,623.2546
forecast_2398,2025-04-10 22:00:00,3151.9483712645188,2181.6794,721.22736
forecast_2399,2025-04-10 23:00:00,3431.3726806616924,2474.9924,886.6269
forecast_2400,2025-04-11 00:00:00,3173.642809512638,2030.0176,1251.2769
forecast_2401,2025-04-11 01:00:00,2298.1450576723464,1505.7917,1535.2153
forecast_2402,2025-04-11 02:00:00,2451.9508372402584,1074.918,1714.4253
forecast_2403,2025-04-11 03:00:00,2049.8882559577055,928.38214,1662.4125
forecast_2404,2025-04-11 04:00:00,1814.2635643797964,892.0565,1527.7961
forecast_2405,2025-04-11 05:00:00,1664.6248391407985,876.5066,1293.1152
forecast_2406,2025-04-11 06:00:00,1631.207174700805,865.97595,1160.9777
forecast_2407,2025-04-11 07:00:00,1264.6529518176933,791.2593,852.9043
forecast_2408,2025-04-11 08:00:00,808.6219195786521,694.74316,467.32758
forecast_2409,2025-04-11 09:00:00,379.0955323101212,636.09937,266.91058
forecast_2410,2025-04-11 10:00:00,402.60054948538095,604.3781,143.65265
forecast_2411,2025-04-11 11:00:00,367.985935888132,580.6598,108.69217
forecast_2412,2025-04-11 12:00:00,382.42991398376495,569.47797,101.5955
forecast_2413,2025-04-11 13:00:00,534.3140017770454,575.1268,107.03675
forecast_2414,2025-04-11 14:00:00,688.4895880493251,596.3993,120.36503
forecast_2415,2025-04-11 15:00:00,612.4665769717457,630.9589,136.74745
forecast_2416,2025-04-11 16:00:00,415.3893788969522,668.5198,159.413
forecast_2417,2025-04-11 17:00:00,473.04215896798337,725.4571,178.94579
forecast_2418,2025-04-11 18:00:00,683.8183395544039,813.6491,197.06224
forecast_2419,2025-04-11 19:00:00,1232.4596269337997,977.2896,224.44173
forecast_2420,2025-04-11 20:00:00,2130.1715124104107,1540.5288,355.55518
forecast_2421,2025-04-11 21:00:00,2489.6923829173693,2780.818,732.4231
forecast_2422,2025-04-11 22:00:00,3128.1177354804595,3645.03,1149.2579
forecast_2423,2025-04-11 23:00:00,3795.0752294800077,3811.4333,1439.6473
forecast_2424,2025-04-12 00:00:00,3161.0764369290873,3831.6904,1543.1453
forecast_2425,2025-04-12 01:00:00,2642.03144632072,3453.745,1443.7009
forecast_2426,2025-04-12 02:00:00,3028.92982157617,2601.3064,1260.6932
forecast_2427,2025-04-12 03:00:00,2226.1911321647867,2458.7805,1129.7479
forecast_2428,2025-04-12 04:00:00,2942.952281357121,2861.9995,1440.7605
forecast_2429,2025-04-12 05:00:00,3450.896087251426,3382.8223,1975.5723
forecast_2430,2025-04-12 06:00:00,3625.415521764857,3523.31,2241.4097
forecast_2431,2025-04-12 07:00:00,3323.037893806669,4283.935,2658.9653
forecast_2432,2025-04-12 08:00:00,3989.779834688218,6123.209,3907.717
forecast_2433,2025-04-12 09:00:00,4759.601061142066,6219.8027,3615.0305
forecast_2434,2025-04-12 10:00:00,5070.5173798062515,5934.6807,3216.6401
forecast_2435,2025-04-12 11:00:00,5628.296640404246,7105.1006,3679.5178
forecast_2436,2025-04-12 12:00:00,8023.569456410892,9100.95,4932.3296
forecast_2437,2025-04-12 13:00:00,9715.500912789517,10335.37,6382.5967
forecast_2438,2025-04-12 14:00:00,9562.884453211806,10954.1875,7686.316
forecast_2439,2025-04-12 15:00:00,5574.231083596769,11085.04,8314.341
forecast_2440,2025-04-12 16:00:00,3548.7114908925078,10000.633,6218.244
forecast_2441,2025-04-12 17:00:00,3906.92835972488,10315.525,5425.8936
forecast_2442,2025-04-12 18:00:00,10741.559732218853,10733.897,5333.138
forecast_2443,2025-04-12 19:00:00,12147.684113659188,11723.084,7147.631
forecast_2444,2025-04-12 20:00:00,14131.60263717757,11532.945,7952.0107
forecast_2445,2025-04-12 21:00:00,15103.026056498711,12236.413,9384.942
forecast_2446,2025-04-12 22:00:00,16350.239538842541,12767.392,10399.686
forecast_2447,2025-04-12 23:00:00,15707.381789216688,13945.42,11056.432
forecast_2448,2025-04-13 00:00:00,15883.317474078285,14838.829,11745.513
forecast_2449,2025-04-13 01:00:00,14475.94387751371,15515.885,12235.82
forecast_2450,2025-04-13 02:00:00,11924.26524213007,16061.594,12203.751
forecast_2451,2025-04-13 03:00:00,15269.324589793898,14410.098,8504.261
forecast_2452,2025-04-13 04:00:00,16339.967049845316,16664.04,10077.865
forecast_2453,2025-04-13 05:00:00,17024.90540131352,18549.727,13584.926
forecast_2454,2025-04-13 06:00:00,17543.08002104208,19227.969,15048.199
forecast_2455,2025-04-13 07:00:00,18444.05592575412,19492.207,15576.391
forecast_2456,2025-04-13 08:00:00,18390.88210582787,19559.467,15318.096
forecast_2457,2025-04-13 09:00:00,17991.886460496753,19491.42,14657.962
forecast_2458,2025-04-13 10:00:00,18565.127694148694,19435.105,14137.875
forecast_2459,2025-04-13 11:00:00,18260.963615597135,19303.367,13024.437
forecast_2460,2025-04-13 12:00:00,17734.44397997167,19004.947,12169.289
forecast_2461,2025-04-13 13:00:00,17437.68033545088,18761.762,12285.535
forecast_2462,2025-04-13 14:00:00,16366.870457405981,18577.252,13149.009
forecast_2463,2025-04-13 15:00:00,17632.26482902522,18463.447,14090.244
forecast_2464,2025-04-13 16:00:00,18143.271827395416,18372.99,15271.011
forecast_2465,2025-04-13 17:00:00,18563.942410251915,18403.607,16381.412
forecast_2466,2025-04-13 18:00:00,18323.619229239703,18812.367,17738.953
forecast_2467,2025-04-13 19:00:00,17578.28333599317,19145.117,18694.95
forecast_2468,2025-04-13 20:00:00,18066.006924751826,19328.621,19074.691
forecast_2469,2025-04-13 21:00:00,17634.653705495213,19407.602,19148.467
forecast_2470,2025-04-13 22:00:00,15757.058926929589,19402.084,18984.367
forecast_2471,2025-04-13 23:00:00,13742.880265507407,18988.84,18373.674
forecast_2472,2025-04-14 00:00:00,13541.277995082375,18308.191,17308.088
forecast_2473,2025-04-14 01:00:00,11004.63842367233,17744.635,16243.104
forecast_2474,2025-04-14 02:00:00,8267.36482985351,16215.34,14214.1455
forecast_2475,2025-04-14 03:00:00,8577.82964310045,13788.643,11180.934
forecast_2476,2025-04-14 04:00:00,5903.440754473606,11371.669,8679.884
forecast_2477,2025-04-14 05:00:00,3542.140511044188,8389.755,6015.155
forecast_2478,2025-04-14 06:00:00,4379.690769182549,7188.339,4749.0
forecast_2479,2025-04-14 07:00:00,3397.2999384268487,5073.2085,2902.605
forecast_2480,2025-04-14 08:00:00,2896.8577514388194,4341.9126,1688.2736
forecast_2481,2025-04-14 09:00:00,1529.8447290947686,3732.5364,1106.0032
forecast_2482,2025-04-14 10:00:00,1266.44703212686,2891.3481,896.00726
forecast_2483,2025-04-14 11:00:00,3697.904873570276,2677.533,605.62305
forecast_2484,2025-04-14 12:00:00,3172.4108946953456,2557.0037,611.79205
forecast_2485,2025-04-14 13:00:00,2990.8230104068753,2802.948,848.3245
forecast_2486,2025-04-14 14:00:00,1951.021330650135,3105.8357,1257.0419
forecast_2487,2025-04-14 15:00:00,701.9142604140977,2338.0781,1086.9377
forecast_2488,2025-04-14 16:00:00,529.3925246060504,1169.2664,513.50287
forecast_2489,2025-04-14 17:00:00,796.3177501916631,999.7667,359.35544
forecast_2490,2025-04-14 18:00:00,1361.8106520944075,1276.9973,501.08493
forecast_2491,2025-04-14 19:00:00,1690.1056643594568,1678.4551,819.0381
forecast_2492,2025-04-14 20:00:00,2132.225026029517,1931.0591,1092.7319
forecast_2493,2025-04-14 21:00:00,2600.000975661208,2057.1848,1571.0245
forecast_2494,2025-04-14 22:00:00,3007.9536340230743,2349.3853,1942.0696
forecast_2495,2025-04-14 23:00:00,2410.098063659524,2653.0552,2592.7686
forecast_2496,2025-04-15 00:00:00,4362.285644600188,2843.2502,3387.068
forecast_2497,2025-04-15 01:00:00,7610.49861824631,2411.4878,4484.372
forecast_2498,2025-04-15 02:00:00,8275.318499585374,1956.075,5556.6895
forecast_2499,2025-04-15 03:00:00,7585.558046360852,2216.157,5925.0615
forecast_2500,2025-04-15 04:00:00,4899.250652096804,1833.448,5420.1313
forecast_2501,2025-04-15 05:00:00,4863.765131786856,1295.2561,4538.573
forecast_2502,2025-04-15 06:00:00,4049.104976720017,1280.4017,3521.4382
forecast_2503,2025-04-15 07:00:00,4806.338424926308,1750.9885,3021.8813
forecast_2504,2025-04-15 08:00:00,5856.765936762518,3879.6033,3200.2007
forecast_2505,2025-04-15 09:00:00,6806.338953835982,5679.6865,3574.9868
forecast_2506,2025-04-15 10:00:00,8400.90116086352,7108.1587,4816.9663
forecast_2507,2025-04-15 11:00:00,8907.074849732748,8057.27,7164.2393
forecast_2508,2025-04-15 12:00:00,9774.117917277788,8415.916,8400.1
forecast_2509,2025-04-15 13:00:00,9726.900404782282,8379.765,8484.744
forecast_2510,2025-04-15 14:00:00,11308.262369841406,8767.897,8863.73
forecast_2511,2025-04-15 15:00:00,12533.58936939476,8838.215,8983.2295
forecast_2512,2025-04-15 16:00:00,12899.865209791364,9117.3955,9320.699
forecast_2513,2025-04-15 17:00:00,13605.04839630795,9490.389,9681.387
forecast_2514,2025-04-15 18:00:00,13434.8321643174,9721.642,10275.259
forecast_2515,2025-04-15 19:00:00,14330.034047881456,10341.638,10933.871
forecast_2516,2025-04-15 20:00:00,15441.20721179179,12072.012,12632.289
forecast_2517,2025-04-15 21:00:00,14326.428347710766,13658.475,14713.568
forecast_2518,2025-04-15 22:00:00,14754.676742370544,14766.858,15908.699
forecast_2519,2025-04-15 23:00:00,15684.582970582083,15841.397,16684.197
forecast_2520,2025-04-16 00:00:00,16985.659678543772,16649.873,17044.084
forecast_2521,2025-04-16 01:00:00,19179.18647563986,17004.623,16871.402
forecast_2522,2025-04-16 02:00:00,18763.62248802931,16550.824,15504.098
forecast_2523,2025-04-16 03:00:00,17631.866644345817,16427.035,14129.9795
forecast_2524,2025-04-16 04:00:00,15283.252080179727,16248.77,13255.813
forecast_2525,2025-04-16 05:00:00,16762.55325221846,16032.249,12625.604
forecast_2526,2025-04-16 06:00:00,16798.588774178475,16576.488,13076.701
forecast_2527,2025-04-16 07:00:00,16275.479074528617,16944.588,13686.27
forecast_2528,2025-04-16 08:00:00,11408.140858658522,15283.326,11500.841
forecast_2529,2025-04-16 09:00:00,9656.893811243624,13375.388,9096.734
forecast_2530,2025-04-16 10:00:00,8850.40891474322,12764.764,8597.366
forecast_2531,2025-04-16 11:00:00,12129.142129462896,12107.413,8639.075
forecast_2532,2025-04-16 12:00:00,13128.740558614298,12144.409,8994.057
forecast_2533,2025-04-16 13:00:00,14815.854137887305,13264.005,10948.666
forecast_2534,2025-04-16 14:00:00,15465.297975903777,14704.073,13351.239
forecast_2535,2025-04-16 15:00:00,16565.106739135994,15730.248,14933.931
forecast_2536,2025-04-16 16:00:00,17121.522798589096,16388.654,16029.698
forecast_2537,2025-04-16 17:00:00,17627.88014957793,17009.82,17081.982
forecast_2538,2025-04-16 18:00:00,17508.573248529578,17637.49,17931.467
forecast_2539,2025-04-16 19:00:00,17755.77112128614,18183.98,18423.139
forecast_2540,2025-04-16 20:00:00,17486.580644978083,18694.03,18790.424
forecast_2541,2025-04-16 21:00:00,17565.768114460177,19066.885,18949.242
forecast_2542,2025-04-16 22:00:00,17569.727395379014,19174.555,18796.316
forecast_2543,2025-04-16 23:00:00,17722.468554214054,19032.465,17952.373
forecast_2544,2025-04-17 00:00:00,18423.96667718525,18994.738,17190.691
forecast_2545,2025-04-17 01:00:00,17463.3626803102,19086.086,16988.836
forecast_2546,2025-04-17 02:00:00,17065.836032256597,19167.564,16662.303
forecast_2547,2025-04-17 03:00:00,17970.819293229655,19201.062,16526.992
forecast_2548,2025-04-17 04:00:00,15843.875803510286,19056.752,16327.928
forecast_2549,2025-04-17 05:00:00,15921.434782170116,18643.463,14886.566
forecast_2550,2025-04-17 06:00:00,15892.049754312666,18522.506,13897.039
forecast_2551,2025-04-17 07:00:00,18087.861553336446,18464.816,13605.0625
forecast_2552,2025-04-17 08:00:00,14264.29604830188,17831.574,13471.359
forecast_2553,2025-04-17 09:00:00,12211.600262648251,16763.135,11649.963
forecast_2554,2025-04-17 10:00:00,8838.734458555737,15281.432,9099.087
forecast_2555,2025-04-17 11:00:00,8212.09486219709,12584.028,6212.277
forecast_2556,2025-04-17 12:00:00,7942.283922777092,10561.949,5568.1895
forecast_2557,2025-04-17 13:00:00,6412.032318378453,9829.676,6400.7803
forecast_2558,2025-04-17 14:00:00,6965.358898846891,9385.385,7260.2974
forecast_2559,2025-04-17 15:00:00,7919.15302608918,10406.344,8451.429
forecast_2560,2025-04-17 16:00:00,8883.08758726068,11372.012,9758.539
forecast_2561,2025-04-17 17:00:00,9801.854135355241,12755.904,12015.169
forecast_2562,2025-04-17 18:00:00,9627.728308458445,14095.592,14077.224
forecast_2563,2025-04-17 19:00:00,12947.944408739155,15247.803,15360.971
forecast_2564,2025-04-17 20:00:00,15777.050978726918,16545.105,16173.276
forecast_2565,2025-04-17 21:00:00,14180.143968649454,17499.434,16413.414
forecast_2566,2025-04-17 22:00:00,16271.933234205033,18260.998,16736.555
forecast_2567,2025-04-17 23:00:00,13224.32517273925,18537.494,16862.342
forecast_2568,2025-04-18 00:00:00,17748.138370908186,18413.219,16268.806
forecast_2569,2025-04-18 01:00:00,16980.88776962827,18570.057,16495.314
forecast_2570,2025-04-18 02:00:00,17746.786599462543,18727.861,16018.046
forecast_2571,2025-04-18 03:00:00,17692.874792063383,18803.033,16182.936
forecast_2572,2025-04-18 04:00:00,17802.43723883896,18772.055,16421.967
forecast_2573,2025-04-18 05:00:00,17552.54039624648,18538.879,16382.944
forecast_2574,2025-04-18 06:00:00,17460.774080885793,17849.383,14793.578
forecast_2575,2025-04-18 07:00:00,16396.872899532627,16723.934,11117.296
forecast_2576,2025-04-18 08:00:00,14705.424797572727,16507.344,10580.525
forecast_2577,2025-04-18 09:00:00,13464.993708738471,15348.19,10232.74
forecast_2578,2025-04-18 10:00:00,11304.293795817877,13740.88,8814.638
forecast_2579,2025-04-18 11:00:00,10665.534410522947,12211.595,7738.3154
forecast_2580,2025-04-18 12:00:00,10529.437427478926,11065.67,7540.7
forecast_2581,2025-04-18 13:00:00,7672.418645165711,9398.743,6996.2866
forecast_2582,2025-04-18 14:00:00,7603.894261269055,7497.079,5695.367
forecast_2583,2025-04-18 15:00:00,6532.457376449819,6599.2705,4809.5522
forecast_2584,2025-04-18 16:00:00,6278.2009105183315,5128.534,3661.3406
forecast_2585,2025-04-18 17:00:00,5774.726477007764,5064.73,3603.058
forecast_2586,2025-04-18 18:00:00,7055.823817295384,4861.539,3882.7383
forecast_2587,2025-04-18 19:00:00,9493.63202264608,6227.8833,4858.9272
forecast_2588,2025-04-18 20:00:00,10081.507202104436,10024.194,6705.3774
forecast_2589,2025-04-18 21:00:00,9944.171824991043,13283.587,8245.741
forecast_2590,2025-04-18 22:00:00,10182.242815012762,13738.813,8641.531
forecast_2591,2025-04-18 23:00:00,6478.941915172594,13272.849,7807.481
forecast_2592,2025-04-19 00:00:00,8049.72809742177,12229.11,5803.383
forecast_2593,2025-04-19 01:00:00,9443.51304095027,12461.952,5236.651
forecast_2594,2025-04-19 02:00:00,12082.529828733655,13488.653,6450.6533
forecast_2595,2025-04-19 03:00:00,13801.378640813255,14594.201,8089.9634
forecast_2596,2025-04-19 04:00:00,14169.88456748353,15765.795,10255.684
forecast_2597,2025-04-19 05:00:00,13946.33025370883,16138.86,11295.616
forecast_2598,2025-04-19 06:00:00,11629.527005217074,16139.322,11312.405
forecast_2599,2025-04-19 07:00:00,9782.049358399965,15218.346,9654.895
forecast_2600,2025-04-19 08:00:00,8564.288946892411,13469.485,7220.491
forecast_2601,2025-04-19 09:00:00,8566.392881914442,12329.226,6966.0757
forecast_2602,2025-04-19 10:00:00,9460.595937462944,12681.705,8488.487
forecast_2603,2025-04-19 11:00:00,10299.086111955952,14073.634,11201.407
forecast_2604,2025-04-19 12:00:00,14049.437459415494,15214.794,13653.641
forecast_2605,2025-04-19 13:00:00,16002.578535049255,16109.885,15104.672
forecast_2606,2025-04-19 14:00:00,16302.450857171274,16765.91,15969.579
forecast_2607,2025-04-19 15:00:00,16532.011264661443,17202.648,16610.656
forecast_2608,2025-04-19 16:00:00,17641.91080886723,17532.195,16822.293
forecast_2609,2025-04-19 17:00:00,18375.823390751553,17520.709,17065.371
forecast_2610,2025-04-19 18:00:00,19036.51133797792,17598.205,17414.842
forecast_2611,2025-04-19 19:00:00,18463.534746981662,17670.41,17638.75
forecast_2612,2025-04-19 20:00:00,16781.451047415998,17275.684,16771.994
forecast_2613,2025-04-19 21:00:00,15143.830572542058,17498.62,15718.217
forecast_2614,2025-04-19 22:00:00,13643.153860322176,17457.477,14942.26
forecast_2615,2025-04-19 23:00:00,10502.641742381556,15993.877,12847.268
forecast_2616,2025-04-20 00:00:00,8643.250828939752,11708.214,7794.239
forecast_2617,2025-04-20 01:00:00,8469.160600039904,9543.956,4710.543
forecast_2618,2025-04-20 02:00:00,6884.857826795246,8700.916,4634.6016
forecast_2619,2025-04-20 03:00:00,3361.672833620978,7239.372,3325.372
forecast_2620,2025-04-20 04:00:00,1902.9278304055533,4660.231,1397.3517
forecast_2621,2025-04-20 05:00:00,1332.6185503531788,1610.1589,469.38834
forecast_2622,2025-04-20 06:00:00,952.215949133517,839.119,209.55821
forecast_2623,2025-04-20 07:00:00,651.1358442113884,702.40967,155.46713
forecast_2624,2025-04-20 08:00:00,560.1396657602298,647.51904,127.84022
forecast_2625,2025-04-20 09:00:00,444.33725415979524,623.7798,106.00674
forecast_2626,2025-04-20 10:00:00,372.4569123948126,604.54926,105.78538
forecast_2627,2025-04-20 11:00:00,370.9429148046367,589.5472,114.60416
forecast_2628,2025-04-20 12:00:00,492.0127672196603,576.9988,125.58032
forecast_2629,2025-04-20 13:00:00,563.9691332185422,574.26025,160.03232
forecast_2630,2025-04-20 14:00:00,503.6172568307102,584.1013,215.12831
forecast_2631,2025-04-20 15:00:00,444.5298587462147,596.912,211.78783
forecast_2632,2025-04-20 16:00:00,446.48769165768914,622.0405,214.49268
forecast_2633,2025-04-20 17:00:00,423.9000489759505,642.40906,204.3802
forecast_2634,2025-04-20 18:00:00,552.5168450148356,661.37195,191.66988
forecast_2635,2025-04-20 19:00:00,494.4402906032273,688.00385,183.7795
forecast_2636,2025-04-20 20:00:00,546.510208986766,717.10645,179.22586
forecast_2637,2025-04-20 21:00:00,544.29228066702,787.1707,192.04463
forecast_2638,2025-04-20 22:00:00,747.9894567961866,1048.7866,232.16771
forecast_2639,2025-04-20 23:00:00,873.6970232436997,1191.386,283.36847
forecast_2640,2025-04-21 00:00:00,705.9001409073297,1101.8147,349.66025
forecast_2641,2025-04-21 01:00:00,720.8415670997688,919.69916,373.81952
forecast_2642,2025-04-21 02:00:00,914.9258148730731,806.20105,235.12679
forecast_2643,2025-04-21 03:00:00,1128.3282203341603,802.22546,188.42499
forecast_2644,2025-04-21 04:00:00,1200.7081120615876,834.2682,177.49951
forecast_2645,2025-04-21 05:00:00,1270.4721898785567,907.0024,181.27338
forecast_2646,2025-04-21 06:00:00,1869.3633729671174,1050.4645,208.78964
forecast_2647,2025-04-21 07:00:00,1928.721527871668,1187.5713,245.04639
forecast_2648,2025-04-21 08:00:00,2019.5859951663247,1298.2708,284.60294
forecast_2649,2025-04-21 09:00:00,1733.759612367768,1419.852,319.70407
forecast_2650,2025-04-21 10:00:00,1171.770670005307,1454.9517,368.77475
forecast_2651,2025-04-21 11:00:00,959.5425220732343,1363.6748,429.3815
forecast_2652,2025-04-21 12:00:00,976.7394176567127,1233.2915,493.82425
forecast_2653,2025-04-21 13:00:00,918.6390714428928,1166.4446,557.8567
forecast_2654,2025-04-21 14:00:00,974.9514115792211,1160.407,659.1762
forecast_2655,2025-04-21 15:00:00,943.6241788431515,1122.5059,711.31024
forecast_2656,2025-04-21 16:00:00,1011.5277221407914,1102.5374,743.9432
forecast_2657,2025-04-21 17:00:00,952.4596582627569,1223.6365,709.1816
forecast_2658,2025-04-21 18:00:00,1322.4965518081042,1400.2346,801.3776
forecast_2659,2025-04-21 19:00:00,2464.0461230832802,1697.9749,1134.418
forecast_2660,2025-04-21 20:00:00,4691.626691461507,2671.6538,1773.5146
forecast_2661,2025-04-21 21:00:00,5240.161365018165,5028.8677,3415.8247
forecast_2662,2025-04-21 22:00:00,6907.721497774445,6655.3745,4272.627
forecast_2663,2025-04-21 23:00:00,7492.890134654605,7703.973,4588.5747
forecast_2664,2025-04-22 00:00:00,7328.047419522461,8541.974,4743.0386
forecast_2665,2025-04-22 01:00:00,6899.124363543704,8966.936,4623.8115
forecast_2666,2025-04-22 02:00:00,7555.809204722308,10010.537,5559.7627
forecast_2667,2025-04-22 03:00:00,6478.17051502475,10415.415,5436.697
forecast_2668,2025-04-22 04:00:00,6244.401578106694,9349.24,4992.943
forecast_2669,2025-04-22 05:00:00,3412.4989894755745,8174.3984,3871.6897
forecast_2670,2025-04-22 06:00:00,1902.300511050953,6342.315,2468.3455
forecast_2671,2025-04-22 07:00:00,1906.5734024110534,5001.0894,1670.3276
forecast_2672,2025-04-22 08:00:00,2779.765187967902,3625.409,1082.1984
forecast_2673,2025-04-22 09:00:00,5009.388734146342,3401.3728,768.957
forecast_2674,2025-04-22 10:00:00,4800.957857900914,5786.275,1523.9087
forecast_2675,2025-04-22 11:00:00,7262.0841676094515,9661.827,4728.884
forecast_2676,2025-04-22 12:00:00,6697.997714956168,11662.771,8133.61
forecast_2677,2025-04-22 13:00:00,8502.710949593971,11665.519,8791.505
forecast_2678,2025-04-22 14:00:00,5322.68209291489,10851.523,8104.637
forecast_2679,2025-04-22 15:00:00,3576.8326206711295,7308.3564,6008.013
forecast_2680,2025-04-22 16:00:00,3177.7160839028274,3046.981,2780.068
forecast_2681,2025-04-22 17:00:00,2125.274268209258,2138.6445,1093.7036
forecast_2682,2025-04-22 18:00:00,2042.7838738206208,2140.9883,635.2053
forecast_2683,2025-04-22 19:00:00,2787.1642028221645,2157.5056,637.49927
forecast_2684,2025-04-22 20:00:00,3407.8545212519193,2764.0234,1030.5436
forecast_2685,2025-04-22 21:00:00,3034.1268246660716,3619.5854,1822.8558
forecast_2686,2025-04-22 22:00:00,2625.495454800767,4098.2925,2103.3237
forecast_2687,2025-04-22 23:00:00,2878.685324155274,3998.296,2099.3926
forecast_2688,2025-04-23 00:00:00,3333.756745546677,3024.25,1604.6836
forecast_2689,2025-04-23 01:00:00,5630.7702036302535,2360.7737,1379.8958
forecast_2690,2025-04-23 02:00:00,5175.458794237763,2152.762,2079.5564
forecast_2691,2025-04-23 03:00:00,4712.516548671218,2280.5657,2916.2158
forecast_2692,2025-04-23 04:00:00,4876.00747089962,2704.43,3778.3235
forecast_2693,2025-04-23 05:00:00,4587.138695007537,3157.1667,4291.519
forecast_2694,2025-04-23 06:00:00,4467.024018426078,2578.5217,3769.3635
forecast_2695,2025-04-23 07:00:00,3661.328135057882,2322.0444,2752.554
forecast_2696,2025-04-23 08:00:00,2578.4797814024,2288.8096,2141.439
forecast_2697,2025-04-23 09:00:00,1377.101415551567,1811.1582,1530.1776
forecast_2698,2025-04-23 10:00:00,907.3576467201236,1150.7112,902.9047
forecast_2699,2025-04-23 11:00:00,513.0351590919065,754.42676,551.67285
forecast_2700,2025-04-23 12:00:00,483.35646474084217,623.61066,366.55606
forecast_2701,2025-04-23 13:00:00,408.2064790352502,573.4067,284.42572
forecast_2702,2025-04-23 14:00:00,322.4889401040246,561.2302,282.03192
forecast_2703,2025-04-23 15:00:00,441.47465682538143,561.50885,276.533
forecast_2704,2025-04-23 16:00:00,657.7623083153529,565.53394,254.3602
forecast_2705,2025-04-23 17:00:00,1832.392387510427,580.5273,244.49892
forecast_2706,2025-04-23 18:00:00,1980.5723075112137,744.10767,303.2679
forecast_2707,2025-04-23 19:00:00,2741.5646669643465,2127.3662,665.9297
forecast_2708,2025-04-23 20:00:00,4348.021341618972,6071.999,1850.3151
forecast_2709,2025-04-23 21:00:00,6745.764194587789,9459.43,3360.3057
forecast_2710,2025-04-23 22:00:00,8837.169657946513,11775.53,5330.9077
forecast_2711,2025-04-23 23:00:00,12243.782192924256,13231.648,7749.125
forecast_2712,2025-04-24 00:00:00,16054.861908514258,14855.704,10463.0
forecast_2713,2025-04-24 01:00:00,16209.176120723585,16228.847,12732.367
forecast_2714,2025-04-24 02:00:00,16334.739695412836,17210.225,14397.901
forecast_2715,2025-04-24 03:00:00,18066.54184070055,17695.512,14814.674
forecast_2716,2025-04-24 04:00:00,18707.62087187106,17955.459,14664.822
forecast_2717,2025-04-24 05:00:00,18550.942882458516,17953.863,14129.333
forecast_2718,2025-04-24 06:00:00,17729.467227557085,17340.621,12947.553
forecast_2719,2025-04-24 07:00:00,16572.095675003,16585.162,11470.069
forecast_2720,2025-04-24 08:00:00,13419.00134407417,15386.239,9523.304
forecast_2721,2025-04-24 09:00:00,9436.076969507332,13690.696,7350.529
forecast_2722,2025-04-24 10:00:00,7802.175832503455,11027.979,5475.5435
forecast_2723,2025-04-24 11:00:00,8748.099981640295,8707.581,4484.4795
forecast_2724,2025-04-24 12:00:00,9609.43583870115,8860.144,5511.4517
forecast_2725,2025-04-24 13:00:00,13333.100257859165,10704.391,8690.603
forecast_2726,2025-04-24 14:00:00,14945.041164351558,13275.526,12117.944
forecast_2727,2025-04-24 15:00:00,16740.046785182043,14876.545,14125.183
forecast_2728,2025-04-24 16:00:00,17439.276668756804,15736.234,15197.005
forecast_2729,2025-04-24 17:00:00,16934.52100064404,16336.113,15948.845
forecast_2730,2025-04-24 18:00:00,17127.304819135305,16776.895,16400.707
forecast_2731,2025-04-24 19:00:00,16978.312905588966,17244.32,17059.225
forecast_2732,2025-04-24 20:00:00,16961.53671701331,17763.861,17855.873
forecast_2733,2025-04-24 21:00:00,16632.75329392808,18015.42,18254.156
forecast_2734,2025-04-24 22:00:00,15174.743625089035,18158.045,18250.37
forecast_2735,2025-04-24 23:00:00,15031.533085873518,17380.393,17269.604
forecast_2736,2025-04-25 00:00:00,14518.958773964521,16218.383,15431.231
forecast_2737,2025-04-25 01:00:00,14259.2735329505,14782.863,12874.73
forecast_2738,2025-04-25 02:00:00,15087.25722156927,13008.996,10220.985
forecast_2739,2025-04-25 03:00:00,14822.683180995486,12384.097,9327.929
forecast_2740,2025-04-25 04:00:00,14046.342070388651,11670.689,8976.983
forecast_2741,2025-04-25 05:00:00,14547.712215273976,10524.424,8336.264
forecast_2742,2025-04-25 06:00:00,14546.680844423552,10592.349,8443.662
forecast_2743,2025-04-25 07:00:00,13682.180517220739,11272.382,9054.745
forecast_2744,2025-04-25 08:00:00,12548.040776865586,11150.219,9337.746
forecast_2745,2025-04-25 09:00:00,12202.334030309863,10359.458,9001.171
forecast_2746,2025-04-25 10:00:00,13049.971833699485,9354.662,8434.232
forecast_2747,2025-04-25 11:00:00,12437.593963154497,8883.899,7632.7285
forecast_2748,2025-04-25 12:00:00,12266.765797498032,8431.1,7171.6416
forecast_2749,2025-04-25 13:00:00,11363.679187835836,7925.9795,6300.263
forecast_2750,2025-04-25 14:00:00,11397.968433786422,7587.641,5616.5376
forecast_2751,2025-04-25 15:00:00,11520.262069396478,7472.9575,5552.7217
forecast_2752,2025-04-25 16:00:00,11556.82211748594,7536.6353,5894.188
forecast_2753,2025-04-25 17:00:00,12239.354512007914,7800.435,6522.8613
forecast_2754,2025-04-25 18:00:00,12578.666555871832,8101.6406,7575.4263
forecast_2755,2025-04-25 19:00:00,11844.354992324263,9042.719,9093.539
forecast_2756,2025-04-25 20:00:00,12581.868481349684,10617.539,10711.675
forecast_2757,2025-04-25 21:00:00,14523.24327237704,12079.56,12706.066
forecast_2758,2025-04-25 22:00:00,14737.884154403426,12911.184,13986.315
forecast_2759,2025-04-25 23:00:00,11684.865048862483,12141.593,13249.196
forecast_2760,2025-04-26 00:00:00,11984.464330945553,10286.281,10192.347
forecast_2761,2025-04-26 01:00:00,9339.413660272801,9164.526,7423.378
forecast_2762,2025-04-26 02:00:00,11608.961317502299,7997.454,5552.0933
forecast_2763,2025-04-26 03:00:00,14913.648341599273,9226.14,5546.4746
forecast_2764,2025-04-26 04:00:00,15315.36974830487,11383.285,7201.0327
forecast_2765,2025-04-26 05:00:00,14129.852146739933,12637.339,9168.509
forecast_2766,2025-04-26 06:00:00,15247.103976966117,12982.135,9971.916
forecast_2767,2025-04-26 07:00:00,15583.003494914406,14180.895,11157.521
forecast_2768,2025-04-26 08:00:00,16364.049862107187,14614.391,11636.229
forecast_2769,2025-04-26 09:00:00,13554.833352120539,14732.629,12131.909
forecast_2770,2025-04-26 10:00:00,13930.152346929242,13943.794,11738.991
forecast_2771,2025-04-26 11:00:00,13551.327566081198,13698.252,11152.542
forecast_2772,2025-04-26 12:00:00,13896.442122719676,14002.256,11034.664
forecast_2773,2025-04-26 13:00:00,13857.944571430176,14712.618,11835.06
forecast_2774,2025-04-26 14:00:00,14883.283369013976,15147.492,12846.238
forecast_2775,2025-04-26 15:00:00,16313.245732865285,15611.713,14081.756
forecast_2776,2025-04-26 16:00:00,15735.751746212974,16240.409,15549.412
forecast_2777,2025-04-26 17:00:00,16855.403393416724,16525.979,16477.328
forecast_2778,2025-04-26 18:00:00,17637.59027275702,16874.6,17111.111
forecast_2779,2025-04-26 19:00:00,18577.679837181477,17564.559,17833.77
forecast_2780,2025-04-26 20:00:00,18763.47576660451,18403.295,18680.982
forecast_2781,2025-04-26 21:00:00,19218.873036534387,18993.998,19198.889
forecast_2782,2025-04-26 22:00:00,20224.13560760325,19380.445,19506.469
forecast_2783,2025-04-26 23:00:00,20164.565748674147,19609.312,19697.973
forecast_2784,2025-04-27 00:00:00,19316.20705487607,19720.45,19750.758
forecast_2785,2025-04-27 01:00:00,19880.684917408573,19747.258,19692.924
forecast_2786,2025-04-27 02:00:00,18698.73974306262,19810.777,19588.225
forecast_2787,2025-04-27 03:00:00,20122.608463719796,19807.68,19447.832
forecast_2788,2025-04-27 04:00:00,19170.864470101413,19824.697,19279.102
forecast_2789,2025-04-27 05:00:00,19985.409611703242,19807.445,19072.39
forecast_2790,2025-04-27 06:00:00,19836.155120281306,19737.51,18715.873
forecast_2791,2025-04-27 07:00:00,19707.501758926162,19666.203,18293.154
forecast_2792,2025-04-27 08:00:00,18322.24082144552,19530.717,17754.885
forecast_2793,2025-04-27 09:00:00,17565.574803302836,19252.047,16668.508
forecast_2794,2025-04-27 10:00:00,17144.992685622772,18815.598,15063.969
forecast_2795,2025-04-27 11:00:00,17565.126866911247,18029.73,12588.563
forecast_2796,2025-04-27 12:00:00,17651.604583179665,17385.781,11662.691
forecast_2797,2025-04-27 13:00:00,18104.595790334602,17196.584,12184.718
forecast_2798,2025-04-27 14:00:00,17384.828134309562,17466.822,13221.298
forecast_2799,2025-04-27 15:00:00,16756.464607503935,17635.242,13923.059
forecast_2800,2025-04-27 16:00:00,16589.72510498334,17352.947,13779.719
forecast_2801,2025-04-27 17:00:00,16327.064338211621,17059.781,13384.827
forecast_2802,2025-04-27 18:00:00,16113.272284308568,17063.658,13507.325
forecast_2803,2025-04-27 19:00:00,16308.748933516461,16918.734,13463.29
forecast_2804,2025-04-27 20:00:00,17431.34083339016,17082.248,14298.65
forecast_2805,2025-04-27 21:00:00,17230.966279036576,17817.156,16139.356
forecast_2806,2025-04-27 22:00:00,16975.61616797103,17909.205,16644.611
forecast_2807,2025-04-27 23:00:00,17907.088272277324,17766.494,16112.402
forecast_2808,2025-04-28 00:00:00,16541.136535679932,17861.805,15806.112
forecast_2809,2025-04-28 01:00:00,16995.864433600877,17193.268,14189.783
forecast_2810,2025-04-28 02:00:00,17678.938507321214,17112.373,13288.483
forecast_2811,2025-04-28 03:00:00,17224.00829398366,17316.404,13038.0205
forecast_2812,2025-04-28 04:00:00,14443.759981395098,16741.518,11641.124
forecast_2813,2025-04-28 05:00:00,11421.159708762732,15019.136,8221.297
forecast_2814,2025-04-28 06:00:00,10688.55857073914,13292.392,5386.5083
forecast_2815,2025-04-28 07:00:00,8965.878133034828,12522.13,5232.0547
forecast_2816,2025-04-28 08:00:00,6546.9465405593355,9717.807,4511.0107
forecast_2817,2025-04-28 09:00:00,4198.793044083128,5702.9004,2516.3088
forecast_2818,2025-04-28 10:00:00,4921.91297854138,4167.9614,1577.5377
forecast_2819,2025-04-28 11:00:00,7954.97021008499,4648.0615,1881.5656
forecast_2820,2025-04-28 12:00:00,11898.495146863397,6588.0264,3792.0107
forecast_2821,2025-04-28 13:00:00,13415.40190974787,8763.178,7158.296
forecast_2822,2025-04-28 14:00:00,13290.427145787802,9609.034,8316.221
forecast_2823,2025-04-28 15:00:00,11460.730628608495,9294.282,7361.3403
forecast_2824,2025-04-28 16:00:00,6910.687977936119,7076.822,4445.5063
forecast_2825,2025-04-28 17:00:00,5415.619653391949,4212.267,1932.7869
forecast_2826,2025-04-28 18:00:00,2995.102798185711,2804.3525,1183.1626
forecast_2827,2025-04-28 19:00:00,3080.4718906745156,1825.6086,750.8118
forecast_2828,2025-04-28 20:00:00,4256.399082632499,1718.4954,606.1788
forecast_2829,2025-04-28 21:00:00,3753.743101835907,2457.8196,1044.0704
forecast_2830,2025-04-28 22:00:00,3792.773971872211,2579.55,2065.576
forecast_2831,2025-04-28 23:00:00,3431.2481068777997,2291.3015,2898.6455
forecast_2832,2025-04-29 00:00:00,4625.318759434331,1723.0715,2515.222
forecast_2833,2025-04-29 01:00:00,3654.2911206971557,1304.3093,1954.2888
forecast_2834,2025-04-29 02:00:00,2526.103432098978,1010.7111,793.5309
forecast_2835,2025-04-29 03:00:00,1851.7862700162514,974.90125,538.2194
forecast_2836,2025-04-29 04:00:00,1712.1902655256233,997.9215,569.5981
forecast_2837,2025-04-29 05:00:00,2902.0746276322498,1009.83,760.9412
forecast_2838,2025-04-29 06:00:00,4661.333553445378,1091.0701,1128.1658
forecast_2839,2025-04-29 07:00:00,5955.696141107468,1680.7986,1782.7848
forecast_2840,2025-04-29 08:00:00,4427.796211200029,3374.934,2647.5618
forecast_2841,2025-04-29 09:00:00,5113.682237516472,5116.7344,3336.422
forecast_2842,2025-04-29 10:00:00,5459.530210276426,5619.5825,3625.6536
forecast_2843,2025-04-29 11:00:00,6207.965466654355,5822.4404,3975.9773
forecast_2844,2025-04-29 12:00:00,6622.245056839379,5706.51,3980.6167
forecast_2845,2025-04-29 13:00:00,7018.558244096442,6133.2773,4356.55
forecast_2846,2025-04-29 14:00:00,7197.933306896975,6254.1167,4816.2
forecast_2847,2025-04-29 15:00:00,6866.23324234897,6268.3486,5127.1816
forecast_2848,2025-04-29 16:00:00,8170.251767697715,5659.8984,5062.517
forecast_2849,2025-04-29 17:00:00,7446.790691497049,5417.343,5074.547
forecast_2850,2025-04-29 18:00:00,7309.977899425542,5639.398,4960.3022
forecast_2851,2025-04-29 19:00:00,10445.436067057588,6060.1084,5555.2827
forecast_2852,2025-04-29 20:00:00,14853.3593466178,10816.305,9183.243
forecast_2853,2025-04-29 21:00:00,15339.080344043685,15006.552,13755.43
forecast_2854,2025-04-29 22:00:00,16947.597697287307,16928.717,16395.568
forecast_2855,2025-04-29 23:00:00,18561.501295196675,18066.896,17883.988
forecast_2856,2025-04-30 00:00:00,18008.178185127315,18801.844,18632.912
forecast_2857,2025-04-30 01:00:00,18484.25149489165,19063.602,18680.53
forecast_2858,2025-04-30 02:00:00,20559.901023601353,19246.326,18170.473
forecast_2859,2025-04-30 03:00:00,20090.81291470112,19365.146,17719.314
forecast_2860,2025-04-30 04:00:00,19998.409827568943,19415.299,17408.219
forecast_2861,2025-04-30 05:00:00,20155.20694079133,19416.566,17298.35
forecast_2862,2025-04-30 06:00:00,19960.471972727988,19364.707,17216.355
forecast_2863,2025-04-30 07:00:00,17467.400925546484,19305.342,17227.787
forecast_2864,2025-04-30 08:00:00,14486.409612172984,19063.975,16966.047
forecast_2865,2025-04-30 09:00:00,14155.8219061159,18371.76,15984.042
forecast_2866,2025-04-30 10:00:00,13944.584707351543,17542.129,14821.616
forecast_2867,2025-04-30 11:00:00,12847.07500772141,17086.855,14182.157
forecast_2868,2025-04-30 12:00:00,11076.027250424104,16381.156,13390.059
forecast_2869,2025-04-30 13:00:00,9358.597077597573,15004.929,11996.88
forecast_2870,2025-04-30 14:00:00,8039.111777464769,12352.529,9226.385
forecast_2871,2025-04-30 15:00:00,7805.685535737339,8695.703,6241.6553
forecast_2872,2025-04-30 16:00:00,7213.842415156686,6975.5415,5010.1797
forecast_2873,2025-04-30 17:00:00,5789.757229026518,6377.9814,4690.8457
forecast_2874,2025-04-30 18:00:00,4751.09490045691,5064.972,3897.4116
forecast_2875,2025-04-30 19:00:00,4680.972811549711,6006.5186,3735.5938
forecast_2876,2025-04-30 20:00:00,5368.994399127749,7800.261,4163.344
forecast_2877,2025-04-30 21:00:00,7279.965534246445,8857.582,4824.45
forecast_2878,2025-04-30 22:00:00,7889.000041678344,10425.121,6024.828
forecast_2879,2025-04-30 23:00:00,9663.201722169524,13535.015,8734.64
forecast_2880,2025-05-01 00:00:00,10319.94946404351,15865.872,11925.831
forecast_2881,2025-05-01 01:00:00,11498.107835869709,17152.104,13500.951
forecast_2882,2025-05-01 02:00:00,13005.443751104376,17765.145,14332.162
forecast_2883,2025-05-01 03:00:00,14370.907476191596,18306.242,15728.422
forecast_2884,2025-05-01 04:00:00,14240.408038689693,18699.715,17006.275
forecast_2885,2025-05-01 05:00:00,14865.01437812854,19075.629,17989.572
forecast_2886,2025-05-01 06:00:00,15411.350838766748,19392.516,18593.297
forecast_2887,2025-05-01 07:00:00,16164.029784741606,19631.184,18972.643
forecast_2888,2025-05-01 08:00:00,14978.71334236017,19660.756,19088.701
forecast_2889,2025-05-01 09:00:00,13112.28194763751,19564.805,19011.3
forecast_2890,2025-05-01 10:00:00,13785.939116324374,19187.318,18799.059
forecast_2891,2025-05-01 11:00:00,13645.156988870409,19011.152,18553.625
forecast_2892,2025-05-01 12:00:00,14121.384017883509,18907.012,18493.61
forecast_2893,2025-05-01 13:00:00,14307.075416846124,18562.588,18335.098
forecast_2894,2025-05-01 14:00:00,12663.78870271451,18019.102,17947.688
forecast_2895,2025-05-01 15:00:00,13098.109389287147,17101.422,16341.624
forecast_2896,2025-05-01 16:00:00,13911.307340856118,16611.18,15738.985
forecast_2897,2025-05-01 17:00:00,13894.871873036982,15835.521,15936.085
forecast_2898,2025-05-01 18:00:00,10677.03974768282,14004.226,14332.477
forecast_2899,2025-05-01 19:00:00,10344.47268408888,12105.7,11773.719
forecast_2900,2025-05-01 20:00:00,10687.694680534954,11232.176,10945.638
forecast_2901,2025-05-01 21:00:00,8808.755103611846,10929.976,10970.822
forecast_2902,2025-05-01 22:00:00,11494.912041403324,10342.531,9072.022
forecast_2903,2025-05-01 23:00:00,15779.879050896294,12819.16,10264.724
forecast_2904,2025-05-02 00:00:00,16884.80369931454,15549.332,13886.286
forecast_2905,2025-05-02 01:00:00,15426.202278617222,17387.139,15819.532
forecast_2906,2025-05-02 02:00:00,15808.582403328293,17923.602,15988.571
forecast_2907,2025-05-02 03:00:00,14847.009728063327,18047.973,14536.379
forecast_2908,2025-05-02 04:00:00,14642.872154383547,18269.783,13671.745
forecast_2909,2025-05-02 05:00:00,16952.3299491773,17588.059,12068.269
forecast_2910,2025-05-02 06:00:00,17428.159562367455,17333.273,12558.353
forecast_2911,2025-05-02 07:00:00,16393.362330612683,17104.957,13613.196
forecast_2912,2025-05-02 08:00:00,15108.534675866675,16210.475,13427.883
forecast_2913,2025-05-02 09:00:00,13893.577606998093,14972.578,12501.075
forecast_2914,2025-05-02 10:00:00,11318.277447221471,12189.187,10761.875
forecast_2915,2025-05-02 11:00:00,9759.8174237366,8930.023,8143.323
forecast_2916,2025-05-02 12:00:00,8292.87045067852,6982.7417,6103.384
forecast_2917,2025-05-02 13:00:00,6148.7025665482715,5237.4634,4557.0137
forecast_2918,2025-05-02 14:00:00,8526.54401077628,4485.0596,3525.2676
forecast_2919,2025-05-02 15:00:00,7772.2283316040675,4689.9917,3398.8896
forecast_2920,2025-05-02 16:00:00,7106.869300004786,4468.31,3130.9553
forecast_2921,2025-05-02 17:00:00,5691.217564215299,4338.246,3241.8445
forecast_2922,2025-05-02 18:00:00,7395.856254668787,4729.421,3292.0793
forecast_2923,2025-05-02 19:00:00,7892.880164335601,6307.853,5097.7954
forecast_2924,2025-05-02 20:00:00,9535.876544063438,7750.4263,7251.0283
forecast_2925,2025-05-02 21:00:00,9211.835932310778,8256.653,9084.227
forecast_2926,2025-05-02 22:00:00,9600.157566259744,8032.341,9264.343
forecast_2927,2025-05-02 23:00:00,9771.17210920733,7853.0864,9173.295
forecast_2928,2025-05-03 00:00:00,9981.016152701712,8331.139,8823.21
forecast_2929,2025-05-03 01:00:00,11391.855934301322,8321.424,7596.913
forecast_2930,2025-05-03 02:00:00,13369.585125122614,8530.85,7067.3647
forecast_2931,2025-05-03 03:00:00,9616.48357209309,9755.568,8404.346
forecast_2932,2025-05-03 04:00:00,6309.900653670196,9153.724,7612.129
forecast_2933,2025-05-03 05:00:00,5662.450369602046,7648.0728,4771.364
forecast_2934,2025-05-03 06:00:00,4092.7416465299057,5244.322,2436.8247
forecast_2935,2025-05-03 07:00:00,2974.8807026851455,3447.7407,1202.8524
forecast_2936,2025-05-03 08:00:00,3557.513787507169,3152.623,678.384
forecast_2937,2025-05-03 09:00:00,4781.408600294112,4612.892,713.11884
forecast_2938,2025-05-03 10:00:00,7587.078246359842,6988.1157,1435.9323
forecast_2939,2025-05-03 11:00:00,10916.732662749284,9549.173,3753.7646
forecast_2940,2025-05-03 12:00:00,12240.560106834944,11401.723,7187.138
forecast_2941,2025-05-03 13:00:00,10884.895435231014,12749.234,9683.831
forecast_2942,2025-05-03 14:00:00,11946.309057522718,13330.478,11008.852
forecast_2943,2025-05-03 15:00:00,13823.474114476032,13094.612,10665.236
forecast_2944,2025-05-03 16:00:00,13359.26407546367,13617.436,11064.794
forecast_2945,2025-05-03 17:00:00,11490.560752728023,13297.329,11063.692
forecast_2946,2025-05-03 18:00:00,12613.938084388199,12270.922,9787.236
forecast_2947,2025-05-03 19:00:00,13742.920078216222,12247.197,10174.999
forecast_2948,2025-05-03 20:00:00,14433.608784703465,12528.21,11057.253
forecast_2949,2025-05-03 21:00:00,14832.422755686624,13179.078,12271.345
forecast_2950,2025-05-03 22:00:00,14881.074089655443,13935.071,13346.042
forecast_2951,2025-05-03 23:00:00,14903.334632201078,13655.508,13490.268
forecast_2952,2025-05-04 00:00:00,15621.658489693604,13397.233,12923.329
forecast_2953,2025-05-04 01:00:00,16530.668522809556,13908.196,12860.504
forecast_2954,2025-05-04 02:00:00,16479.929747441798,14393.825,13287.364
forecast_2955,2025-05-04 03:00:00,16635.167498151262,14635.913,13649.492
forecast_2956,2025-05-04 04:00:00,16320.693317680707,14193.779,13391.958
forecast_2957,2025-05-04 05:00:00,16528.24519598684,13955.908,13314.701
forecast_2958,2025-05-04 06:00:00,16591.529034656854,13987.502,13378.717
forecast_2959,2025-05-04 07:00:00,16541.163893354078,14335.072,13525.098
forecast_2960,2025-05-04 08:00:00,16238.411615249952,14054.219,13223.777
forecast_2961,2025-05-04 09:00:00,15060.99715523286,13673.185,12696.547
forecast_2962,2025-05-04 10:00:00,14494.18802326591,12918.266,12033.759
forecast_2963,2025-05-04 11:00:00,13617.091091597686,12254.701,10502.275
forecast_2964,2025-05-04 12:00:00,14142.634954522555,12402.2,9875.828
forecast_2965,2025-05-04 13:00:00,14321.240956149199,12792.211,9763.125
forecast_2966,2025-05-04 14:00:00,15584.042208082163,13521.828,10792.556
forecast_2967,2025-05-04 15:00:00,16014.428413309506,14047.967,11987.37
forecast_2968,2025-05-04 16:00:00,15842.399797642604,14456.853,13221.6045
forecast_2969,2025-05-04 17:00:00,15235.851321568316,14506.53,14074.887
forecast_2970,2025-05-04 18:00:00,15776.61993663268,14060.72,14119.2705
forecast_2971,2025-05-04 19:00:00,15915.570971490188,13697.561,14183.155
forecast_2972,2025-05-04 20:00:00,14561.367160754058,12998.681,14410.852
forecast_2973,2025-05-04 21:00:00,13069.27153408204,10910.707,12854.048
forecast_2974,2025-05-04 22:00:00,7957.067362964433,7751.931,8756.705
forecast_2975,2025-05-04 23:00:00,5333.362712010873,3780.3096,3829.8972
forecast_2976,2025-05-05 00:00:00,3331.5129618412,2264.0007,1545.0762
forecast_2977,2025-05-05 01:00:00,4753.87280781646,1560.0288,788.44476
forecast_2978,2025-05-05 02:00:00,3012.9917397895288,1261.7375,617.6207
forecast_2979,2025-05-05 03:00:00,3891.0223572315485,1023.3645,603.478
forecast_2980,2025-05-05 04:00:00,2824.3448630651715,944.4555,972.7944
forecast_2981,2025-05-05 05:00:00,2755.205232157685,888.49536,1377.5048
forecast_2982,2025-05-05 06:00:00,1042.033462726897,851.35486,1463.7036
forecast_2983,2025-05-05 07:00:00,852.8927198644992,741.24854,864.4444
forecast_2984,2025-05-05 08:00:00,554.5796904015034,690.2562,405.3317
forecast_2985,2025-05-05 09:00:00,364.0793597896119,653.3938,270.56055
forecast_2986,2025-05-05 10:00:00,322.1087724898537,630.36066,230.59525
forecast_2987,2025-05-05 11:00:00,327.45579027482256,612.81775,212.36725
forecast_2988,2025-05-05 12:00:00,398.6502569359737,609.0708,175.45575
forecast_2989,2025-05-05 13:00:00,363.5239137196668,626.3745,133.88779
forecast_2990,2025-05-05 14:00:00,412.23228226499623,642.6511,133.83598
forecast_2991,2025-05-05 15:00:00,413.0919707558312,678.7076,156.26053
forecast_2992,2025-05-05 16:00:00,623.542630069122,680.94037,177.90323
forecast_2993,2025-05-05 17:00:00,773.5507477567381,808.1135,190.79434
forecast_2994,2025-05-05 18:00:00,1130.082491217788,1028.3232,221.3869
forecast_2995,2025-05-05 19:00:00,2286.5074724262,1371.6473,273.37766
forecast_2996,2025-05-05 20:00:00,1947.3888316853188,1876.8816,342.32617
forecast_2997,2025-05-05 21:00:00,2204.4416487836634,2386.93,548.5038
forecast_2998,2025-05-05 22:00:00,3574.918460743757,2652.7134,805.60406
forecast_2999,2025-05-05 23:00:00,1985.1273392564162,2415.507,802.46454
forecast_3000,2025-05-06 00:00:00,2074.435433149427,2180.23,702.4429
forecast_3001,2025-05-06 01:00:00,541.1072009104633,1885.8093,731.85504
forecast_3002,2025-05-06 02:00:00,557.1318178683148,1172.7805,542.26184
forecast_3003,2025-05-06 03:00:00,675.5500077945605,959.8689,480.45892
forecast_3004,2025-05-06 04:00:00,702.2142398925598,850.74884,434.09097
forecast_3005,2025-05-06 05:00:00,1142.8620576728727,764.3357,332.1471
forecast_3006,2025-05-06 06:00:00,1958.6200029218003,827.88995,197.82896
forecast_3007,2025-05-06 07:00:00,2375.196151748927,1041.3096,152.37523
forecast_3008,2025-05-06 08:00:00,1693.6806271782677,1262.0958,147.91237
forecast_3009,2025-05-06 09:00:00,950.646582253532,1466.3696,167.79614
forecast_3010,2025-05-06 10:00:00,713.2311197179286,1507.4851,203.45937
forecast_3011,2025-05-06 11:00:00,697.1005540234045,1263.0717,231.15282
forecast_3012,2025-05-06 12:00:00,531.3530103748415,1032.9539,253.44592
forecast_3013,2025-05-06 13:00:00,688.0508254055331,872.2834,276.9166
forecast_3014,2025-05-06 14:00:00,776.1676696915572,810.01636,286.4386
forecast_3015,2025-05-06 15:00:00,729.2861784101813,830.6157,303.2601
forecast_3016,2025-05-06 16:00:00,707.3158556614028,913.15436,305.89157
forecast_3017,2025-05-06 17:00:00,811.2714851349155,1009.642,289.47263
forecast_3018,2025-05-06 18:00:00,506.82055712882834,1064.131,254.37505
forecast_3019,2025-05-06 19:00:00,445.9226067221692,1024.5864,230.62256
forecast_3020,2025-05-06 20:00:00,469.840891091127,917.1488,183.7861
forecast_3021,2025-05-06 21:00:00,563.4272141083859,787.90216,186.02956
forecast_3022,2025-05-06 22:00:00,947.0259126714278,847.2036,260.11426
forecast_3023,2025-05-06 23:00:00,1115.2367215203099,943.5732,380.35947
forecast_3024,2025-05-07 00:00:00,1710.387551930844,978.3443,709.2721
forecast_3025,2025-05-07 01:00:00,1756.1106149944399,964.25085,1020.0072
forecast_3026,2025-05-07 02:00:00,1722.7175340981116,882.1575,1354.8031
forecast_3027,2025-05-07 03:00:00,1342.0213653108538,806.90906,1557.327
forecast_3028,2025-05-07 04:00:00,1575.7240566199691,805.47614,1442.4774
forecast_3029,2025-05-07 05:00:00,2046.8258416340375,939.49805,1331.0562
forecast_3030,2025-05-07 06:00:00,1891.2500789105584,1122.5985,1525.5708
forecast_3031,2025-05-07 07:00:00,2203.917609303664,1417.0332,1956.1459
forecast_3032,2025-05-07 08:00:00,2512.0729934801143,1534.3474,2050.0269
forecast_3033,2025-05-07 09:00:00,2171.1647459027567,1290.4978,1628.7239
forecast_3034,2025-05-07 10:00:00,2120.6479844138375,1248.4927,1030.0327
forecast_3035,2025-05-07 11:00:00,1680.5178919002392,1064.0781,773.3271
forecast_3036,2025-05-07 12:00:00,1996.1112785853506,1015.42236,694.08655
forecast_3037,2025-05-07 13:00:00,1930.1132809985443,1047.7554,687.32605
forecast_3038,2025-05-07 14:00:00,1967.5604246272644,1148.266,639.7266
forecast_3039,2025-05-07 15:00:00,1302.7368600324846,1207.9904,612.1038
forecast_3040,2025-05-07 16:00:00,1033.1438903193073,1020.2824,575.51337
forecast_3041,2025-05-07 17:00:00,978.8346240790154,1011.4221,569.0181
forecast_3042,2025-05-07 18:00:00,622.9290332808554,902.167,352.91864
forecast_3043,2025-05-07 19:00:00,1114.3156319102072,894.00024,297.81577
forecast_3044,2025-05-07 20:00:00,1388.5503036133277,1192.4897,362.10764
forecast_3045,2025-05-07 21:00:00,3417.654288927038,2340.9866,587.51807
forecast_3046,2025-05-07 22:00:00,3918.2610195344855,4494.6035,1180.9564
forecast_3047,2025-05-07 23:00:00,4470.192437365523,5554.7207,2182.4885
forecast_3048,2025-05-08 00:00:00,4356.820431624987,5665.852,3111.0662
forecast_3049,2025-05-08 01:00:00,3247.220451456283,5699.48,3648.108
forecast_3050,2025-05-08 02:00:00,5367.569051786091,6186.4,3374.0896
forecast_3051,2025-05-08 03:00:00,6418.80088534295,7239.817,3398.117
forecast_3052,2025-05-08 04:00:00,8726.209352230415,9167.047,4144.5537
forecast_3053,2025-05-08 05:00:00,8038.444256727171,11113.245,5683.12
forecast_3054,2025-05-08 06:00:00,6618.80148031315,10517.575,6177.281
forecast_3055,2025-05-08 07:00:00,3236.8859607048453,7433.1978,4559.58
forecast_3056,2025-05-08 08:00:00,2062.1917923847295,3861.56,2516.7905
forecast_3057,2025-05-08 09:00:00,702.9435687753848,1336.9968,1204.9229
forecast_3058,2025-05-08 10:00:00,537.1100086178075,687.30585,405.8144
forecast_3059,2025-05-08 11:00:00,380.57596762118953,616.6985,222.55669
forecast_3060,2025-05-08 12:00:00,498.06192594879354,615.4193,170.62178
forecast_3061,2025-05-08 13:00:00,664.987090489736,631.7496,156.72845
forecast_3062,2025-05-08 14:00:00,1942.2845752297208,826.20154,206.50253
forecast_3063,2025-05-08 15:00:00,1588.1143752815428,1490.9653,487.9311
forecast_3064,2025-05-08 16:00:00,2107.3969312152026,1624.5425,1053.6581
forecast_3065,2025-05-08 17:00:00,2141.281064404432,1789.3687,1697.9578
forecast_3066,2025-05-08 18:00:00,2781.3703329623168,1731.2766,1835.8826
forecast_3067,2025-05-08 19:00:00,4006.4490581010405,2127.9258,2166.4592
forecast_3068,2025-05-08 20:00:00,2026.5728305391985,2960.7974,2541.11
forecast_3069,2025-05-08 21:00:00,2197.2130142505994,2708.9768,2053.1003
forecast_3070,2025-05-08 22:00:00,2368.8520657877925,2366.6228,1803.5356
forecast_3071,2025-05-08 23:00:00,2791.331469044408,2300.8464,1747.4353
forecast_3072,2025-05-09 00:00:00,3654.257529147376,2284.7253,1530.1978
forecast_3073,2025-05-09 01:00:00,4602.358488164984,2673.982,1574.2865
forecast_3074,2025-05-09 02:00:00,4357.9458883898515,3728.7317,2287.074
forecast_3075,2025-05-09 03:00:00,3490.2026912357205,4096.8135,3020.654
forecast_3076,2025-05-09 04:00:00,3620.629327280363,3386.8364,2605.4248
forecast_3077,2025-05-09 05:00:00,2550.473709538697,2819.5374,2099.9436
forecast_3078,2025-05-09 06:00:00,2682.8290567360227,2031.335,1359.2256
forecast_3079,2025-05-09 07:00:00,2645.335288225828,1951.2944,1015.15533
forecast_3080,2025-05-09 08:00:00,1573.225305635598,1748.7178,766.1114
forecast_3081,2025-05-09 09:00:00,1710.5921932867254,1623.6418,664.857
forecast_3082,2025-05-09 10:00:00,3060.804381740946,1477.9712,392.4398
forecast_3083,2025-05-09 11:00:00,3238.2364301085013,1691.3799,318.82986
forecast_3084,2025-05-09 12:00:00,7759.424188490363,2517.453,419.21307
forecast_3085,2025-05-09 13:00:00,9569.03884349954,4286.8833,963.4324
forecast_3086,2025-05-09 14:00:00,11771.407915232705,6664.3374,2277.7412
forecast_3087,2025-05-09 15:00:00,13014.729678959095,9922.159,5832.5337
forecast_3088,2025-05-09 16:00:00,12825.626511964014,12218.573,8401.277
forecast_3089,2025-05-09 17:00:00,12082.990798236855,12591.572,8913.461
forecast_3090,2025-05-09 18:00:00,9478.750064580046,12608.3545,8941.169
forecast_3091,2025-05-09 19:00:00,6904.533748276927,9596.34,6817.9155
forecast_3092,2025-05-09 20:00:00,4238.083763955502,5030.5127,4094.5242
forecast_3093,2025-05-09 21:00:00,3592.6338948100647,2173.129,1871.3813
forecast_3094,2025-05-09 22:00:00,2801.8635368447704,1359.4448,886.20844
forecast_3095,2025-05-09 23:00:00,4585.909665973276,1428.7451,573.88837
forecast_3096,2025-05-10 00:00:00,8574.230589911533,3566.6133,761.0026
forecast_3097,2025-05-10 01:00:00,10405.071015527903,9441.645,2600.4612
forecast_3098,2025-05-10 02:00:00,12850.413275741503,13884.542,9116.402
forecast_3099,2025-05-10 03:00:00,14399.90512180773,15778.022,13551.662
forecast_3100,2025-05-10 04:00:00,14609.668280985876,16364.227,15200.589
forecast_3101,2025-05-10 05:00:00,15347.138270362237,16449.69,15452.526
forecast_3102,2025-05-10 06:00:00,16771.155065483184,17096.088,15953.403
forecast_3103,2025-05-10 07:00:00,20071.94177903087,17814.725,16463.553
forecast_3104,2025-05-10 08:00:00,19941.016660043402,18376.352,17126.082
forecast_3105,2025-05-10 09:00:00,19668.46140275529,18567.36,17630.863
forecast_3106,2025-05-10 10:00:00,19950.670691793453,18718.277,17988.078
forecast_3107,2025-05-10 11:00:00,19467.214677373195,18843.213,18252.941
forecast_3108,2025-05-10 12:00:00,19046.383917829153,18830.5,18497.605
forecast_3109,2025-05-10 13:00:00,19102.691061740505,18730.281,18613.344
forecast_3110,2025-05-10 14:00:00,18819.583714107794,18541.408,18378.197
forecast_3111,2025-05-10 15:00:00,18396.75928395163,18375.82,18059.535
forecast_3112,2025-05-10 16:00:00,18465.425903756433,17911.3,17236.176
forecast_3113,2025-05-10 17:00:00,17481.54968514536,16393.764,15285.401
forecast_3114,2025-05-10 18:00:00,15993.923949094504,15829.312,14270.3545
forecast_3115,2025-05-10 19:00:00,12110.053208298748,14625.84,13436.339
forecast_3116,2025-05-10 20:00:00,9321.792234025976,11940.256,10610.833
forecast_3117,2025-05-10 21:00:00,7994.607548747645,11267.396,8743.722
forecast_3118,2025-05-10 22:00:00,9065.032046841448,9977.527,6502.5806
forecast_3119,2025-05-10 23:00:00,10271.46210353988,10332.269,6258.6196
forecast_3120,2025-05-11 00:00:00,6370.507011435586,10043.666,5672.463
forecast_3121,2025-05-11 01:00:00,7416.031474201175,8913.015,3735.5122
forecast_3122,2025-05-11 02:00:00,7425.031243953752,9028.328,3561.96
forecast_3123,2025-05-11 03:00:00,6315.029142453659,9307.736,3568.948
forecast_3124,2025-05-11 04:00:00,5956.355016422011,8289.025,2731.8528
forecast_3125,2025-05-11 05:00:00,7004.639747563773,6867.279,1827.9072
forecast_3126,2025-05-11 06:00:00,5116.495613739267,6169.45,1506.6844
forecast_3127,2025-05-11 07:00:00,4415.574353120279,4154.5903,1043.7772
forecast_3128,2025-05-11 08:00:00,3407.5121175862396,2640.1172,678.42804
forecast_3129,2025-05-11 09:00:00,1606.3845933828584,1659.3972,437.58606
forecast_3130,2025-05-11 10:00:00,877.6721802693149,1163.2311,281.20367
forecast_3131,2025-05-11 11:00:00,947.575768484369,999.6171,238.28688
forecast_3132,2025-05-11 12:00:00,1294.5645023298416,1098.6476,256.25272
forecast_3133,2025-05-11 13:00:00,1917.508924516263,1566.6743,343.67953
forecast_3134,2025-05-11 14:00:00,5026.261659335718,2202.5024,741.6497
forecast_3135,2025-05-11 15:00:00,3161.714510823272,3317.3481,1623.7214
forecast_3136,2025-05-11 16:00:00,2881.718407918226,3793.0703,1885.3109
forecast_3137,2025-05-11 17:00:00,4349.300204090326,4016.7646,1774.0131
forecast_3138,2025-05-11 18:00:00,4119.333033111198,4480.5474,1552.1324
forecast_3139,2025-05-11 19:00:00,4462.381991326314,4901.191,1882.0205
forecast_3140,2025-05-11 20:00:00,5812.076410701351,6779.1533,3596.9812
forecast_3141,2025-05-11 21:00:00,8790.961939628796,9413.059,6615.443
forecast_3142,2025-05-11 22:00:00,10452.671545536374,11154.034,9354.622
forecast_3143,2025-05-11 23:00:00,11167.118821699141,12020.17,11165.481
forecast_3144,2025-05-12 00:00:00,13201.757401868463,13498.307,12411.511
forecast_3145,2025-05-12 01:00:00,13285.658518539016,14934.094,13156.753
forecast_3146,2025-05-12 02:00:00,14198.152535919697,15958.448,13369.549
forecast_3147,2025-05-12 03:00:00,13883.889000059347,16752.932,13535.6455
forecast_3148,2025-05-12 04:00:00,14048.66571994373,17390.102,14044.0
forecast_3149,2025-05-12 05:00:00,14365.454094837887,17826.695,15057.466
forecast_3150,2025-05-12 06:00:00,13373.763613035146,17734.828,15669.064
forecast_3151,2025-05-12 07:00:00,12738.75637945053,17107.676,15144.839
forecast_3152,2025-05-12 08:00:00,12405.180328352242,16285.42,14230.539
forecast_3153,2025-05-12 09:00:00,12660.021055664194,14963.828,12813.406
forecast_3154,2025-05-12 10:00:00,10476.275355414675,12957.723,10582.057
forecast_3155,2025-05-12 11:00:00,8542.237240742346,10405.862,7807.703
forecast_3156,2025-05-12 12:00:00,9201.687083355526,8196.609,5506.578
forecast_3157,2025-05-12 13:00:00,8695.069597175929,7374.4243,4574.1587
forecast_3158,2025-05-12 14:00:00,8123.020182505661,7293.0444,4972.0635
forecast_3159,2025-05-12 15:00:00,8030.168743865222,7052.8306,5990.4365
forecast_3160,2025-05-12 16:00:00,7848.828009003492,7001.6226,7208.7974
forecast_3161,2025-05-12 17:00:00,8932.78092463502,6838.5063,7617.8643
forecast_3162,2025-05-12 18:00:00,9131.216839121793,7581.825,8031.8604
forecast_3163,2025-05-12 19:00:00,9755.333695136747,9106.482,8865.421
forecast_3164,2025-05-12 20:00:00,12838.809968120848,12162.312,10784.676
forecast_3165,2025-05-12 21:00:00,15792.616460993586,15169.25,12896.535
forecast_3166,2025-05-12 22:00:00,16236.079825952385,17110.861,15069.482
forecast_3167,2025-05-12 23:00:00,17175.043720874208,18211.484,16860.195
forecast_3168,2025-05-13 00:00:00,18721.986359124403,18762.52,17710.984
forecast_3169,2025-05-13 01:00:00,21600.0,19027.994,17898.816
forecast_3170,2025-05-13 02:00:00,21546.319799568904,19213.719,17682.361
forecast_3171,2025-05-13 03:00:00,21454.7392960734,19313.023,17341.154
forecast_3172,2025-05-13 04:00:00,19084.393464835637,19292.69,16938.662
forecast_3173,2025-05-13 05:00:00,19544.75125217717,19113.88,16124.978
forecast_3174,2025-05-13 06:00:00,17643.17800668716,19003.562,15622.31
forecast_3175,2025-05-13 07:00:00,16801.354711384196,18995.168,15539.461
forecast_3176,2025-05-13 08:00:00,15690.830984639404,18872.416,15718.318
forecast_3177,2025-05-13 09:00:00,13651.31245773377,18528.412,15832.529
forecast_3178,2025-05-13 10:00:00,13818.683748515903,17585.64,14814.675
forecast_3179,2025-05-13 11:00:00,13141.099318028806,16781.965,13677.387
forecast_3180,2025-05-13 12:00:00,13495.545685329003,16215.109,13229.347
forecast_3181,2025-05-13 13:00:00,13513.73456438609,15335.727,12801.513
forecast_3182,2025-05-13 14:00:00,13156.28771581853,14652.441,12397.791
forecast_3183,2025-05-13 15:00:00,13010.55246311307,13761.746,11649.907
forecast_3184,2025-05-13 16:00:00,12504.688631432724,12984.864,10917.797
forecast_3185,2025-05-13 17:00:00,12536.49913708128,12855.601,10850.047
forecast_3186,2025-05-13 18:00:00,13131.018598324648,12839.279,11191.944
forecast_3187,2025-05-13 19:00:00,14075.738586508936,13728.698,11638.31
forecast_3188,2025-05-13 20:00:00,18103.306208643124,15660.184,13162.417
forecast_3189,2025-05-13 21:00:00,19567.14212144264,17278.848,14930.435
forecast_3190,2025-05-13 22:00:00,18031.039921772557,18033.643,15511.291
forecast_3191,2025-05-13 23:00:00,18502.598724050076,18469.23,15759.533
forecast_3192,2025-05-14 00:00:00,19471.49781169713,18592.973,15909.679
forecast_3193,2025-05-14 01:00:00,17956.92149000355,18541.723,15712.413
forecast_3194,2025-05-14 02:00:00,19995.37250630551,18598.375,15958.087
forecast_3195,2025-05-14 03:00:00,18457.638117750575,18641.594,15996.637
forecast_3196,2025-05-14 04:00:00,21054.36739101236,18683.31,15842.026
forecast_3197,2025-05-14 05:00:00,20400.77787522109,18655.176,15302.584
forecast_3198,2025-05-14 06:00:00,18744.76782928889,18366.3,14160.524
forecast_3199,2025-05-14 07:00:00,15339.84236696749,17967.617,12494.376
forecast_3200,2025-05-14 08:00:00,11623.202313636462,17159.217,10248.102
forecast_3201,2025-05-14 09:00:00,8792.391614851398,14363.251,6824.8096
forecast_3202,2025-05-14 10:00:00,6138.690533011851,9104.149,4092.831
forecast_3203,2025-05-14 11:00:00,4713.65340983263,4112.933,2374.9927
forecast_3204,2025-05-14 12:00:00,3607.155934211897,1971.6018,1528.4427
forecast_3205,2025-05-14 13:00:00,3587.1341490563987,1563.5283,1248.2845
forecast_3206,2025-05-14 14:00:00,3080.308004883752,1594.9856,1421.689
forecast_3207,2025-05-14 15:00:00,3329.164184808423,1772.8406,1687.5945
forecast_3208,2025-05-14 16:00:00,2961.0406423873155,1941.1633,2057.7466
forecast_3209,2025-05-14 17:00:00,3835.360628134696,2205.617,2314.9773
forecast_3210,2025-05-14 18:00:00,4219.475895226459,2704.4065,2556.1467
forecast_3211,2025-05-14 19:00:00,5023.555052660893,3868.2954,3127.2017
forecast_3212,2025-05-14 20:00:00,5319.1750952047,6478.027,3998.9233
forecast_3213,2025-05-14 21:00:00,5774.4824585065635,8974.895,5131.664
forecast_3214,2025-05-14 22:00:00,6805.996120282149,9954.372,5616.888
forecast_3215,2025-05-14 23:00:00,6552.48545727779,11092.1455,6052.924
forecast_3216,2025-05-15 00:00:00,7558.783259153451,11528.985,5851.622
forecast_3217,2025-05-15 01:00:00,10682.863643995634,12346.25,5343.2744
forecast_3218,2025-05-15 02:00:00,11559.058788465501,13877.422,7458.3423
forecast_3219,2025-05-15 03:00:00,10052.433672922432,14679.431,9836.889
forecast_3220,2025-05-15 04:00:00,11267.889197209279,14982.932,10819.629
forecast_3221,2025-05-15 05:00:00,12270.198255679534,15205.928,11605.689
forecast_3222,2025-05-15 06:00:00,13384.861419818399,15447.917,12588.069
forecast_3223,2025-05-15 07:00:00,16269.91218173743,15882.46,13614.846
forecast_3224,2025-05-15 08:00:00,17498.233582733843,16767.725,15836.258
forecast_3225,2025-05-15 09:00:00,17163.586821109184,17092.13,16706.797
forecast_3226,2025-05-15 10:00:00,17312.15311414006,16556.326,16032.981
forecast_3227,2025-05-15 11:00:00,16062.811075424766,16345.967,15422.791
forecast_3228,2025-05-15 12:00:00,16182.116235116577,15835.411,14417.569
forecast_3229,2025-05-15 13:00:00,17814.893159655945,16172.888,14869.429
forecast_3230,2025-05-15 14:00:00,17826.86574497968,16725.78,16198.018
forecast_3231,2025-05-15 15:00:00,16219.326186557173,17124.822,17389.012
forecast_3232,2025-05-15 16:00:00,14292.360452376899,16995.498,17716.387
forecast_3233,2025-05-15 17:00:00,14463.189721011426,16889.184,17627.006
forecast_3234,2025-05-15 18:00:00,15884.172692190581,16976.107,17515.947
forecast_3235,2025-05-15 19:00:00,16681.734222057967,17361.92,17805.574
forecast_3236,2025-05-15 20:00:00,15956.179194939565,17430.98,17863.885
forecast_3237,2025-05-15 21:00:00,15940.894959868336,17188.418,17395.293
forecast_3238,2025-05-15 22:00:00,16957.139358278757,17214.807,17013.006
forecast_3239,2025-05-15 23:00:00,16042.220255127702,17879.598,17431.32
forecast_3240,2025-05-16 00:00:00,15906.467850863515,17869.236,17364.01
forecast_3241,2025-05-16 01:00:00,15917.225973917386,17351.041,16896.547
forecast_3242,2025-05-16 02:00:00,17220.035349551235,17312.83,16642.566
forecast_3243,2025-05-16 03:00:00,17380.043912123725,17159.225,16359.451
forecast_3244,2025-05-16 04:00:00,17630.50947494362,17021.639,15971.697
forecast_3245,2025-05-16 05:00:00,16681.380488672636,16835.895,15385.228
forecast_3246,2025-05-16 06:00:00,15724.25369916739,16500.678,14519.616
forecast_3247,2025-05-16 07:00:00,13864.090027234737,15666.314,13381.798
forecast_3248,2025-05-16 08:00:00,13995.621718118735,14763.706,12114.293
forecast_3249,2025-05-16 09:00:00,12190.103809960523,14110.772,11217.783
forecast_3250,2025-05-16 10:00:00,11688.992926665418,12542.751,9236.712
forecast_3251,2025-05-16 11:00:00,10528.71003958222,10749.904,7031.1646
forecast_3252,2025-05-16 12:00:00,10265.774040036189,8834.782,4741.358
forecast_3253,2025-05-16 13:00:00,7631.834472809434,7720.7153,4162.9854
forecast_3254,2025-05-16 14:00:00,6986.022645771969,6260.142,3344.2117
forecast_3255,2025-05-16 15:00:00,6872.310855160853,5920.032,2970.7205
forecast_3256,2025-05-16 16:00:00,4538.912548376199,5514.5967,2330.6174
forecast_3257,2025-05-16 17:00:00,3822.64378015381,5283.044,2202.0598
forecast_3258,2025-05-16 18:00:00,3269.760984218371,4721.175,2034.6614
forecast_3259,2025-05-16 19:00:00,3615.2857206468334,4881.9854,2197.4707
forecast_3260,2025-05-16 20:00:00,4613.065649243837,4559.78,2398.9558
forecast_3261,2025-05-16 21:00:00,3200.4616286404926,4095.4521,2653.3735
forecast_3262,2025-05-16 22:00:00,3379.8224869890155,3108.663,1877.03
forecast_3263,2025-05-16 23:00:00,2527.6850293851126,2812.7905,1198.4749
forecast_3264,2025-05-17 00:00:00,2152.2253003496808,2549.9849,897.2736
forecast_3265,2025-05-17 01:00:00,3278.044183852273,2611.1938,791.4178
forecast_3266,2025-05-17 02:00:00,2445.976568852424,2081.2903,423.7302
forecast_3267,2025-05-17 03:00:00,2749.999213148586,2690.1575,544.1804
forecast_3268,2025-05-17 04:00:00,2311.6813751444092,3515.4075,569.19196
forecast_3269,2025-05-17 05:00:00,1819.477900741905,4188.071,838.3623
forecast_3270,2025-05-17 06:00:00,1453.5401168962082,2213.168,698.542
forecast_3271,2025-05-17 07:00:00,1277.5018511879352,1338.0782,537.9121
forecast_3272,2025-05-17 08:00:00,2339.0169449358996,901.8195,360.94104
forecast_3273,2025-05-17 09:00:00,4641.490694021928,931.59686,328.58063
forecast_3274,2025-05-17 10:00:00,4741.769105435535,2228.1726,462.90976
forecast_3275,2025-05-17 11:00:00,4725.611095553648,4194.654,1122.8298
forecast_3276,2025-05-17 12:00:00,5351.334328420999,5033.537,3118.3225
forecast_3277,2025-05-17 13:00:00,6950.502143775181,5911.8745,5276.4375
forecast_3278,2025-05-17 14:00:00,8676.90673455238,8007.717,7700.477
forecast_3279,2025-05-17 15:00:00,11081.713382280974,10673.9,10385.214
forecast_3280,2025-05-17 16:00:00,13956.937692720705,13346.861,13003.545
forecast_3281,2025-05-17 17:00:00,16320.902094962952,15552.373,15224.83
forecast_3282,2025-05-17 18:00:00,17667.033863500303,17026.076,16782.379
forecast_3283,2025-05-17 19:00:00,18701.523101669576,18024.062,17909.975
forecast_3284,2025-05-17 20:00:00,18643.690905911255,18716.293,18567.396
forecast_3285,2025-05-17 21:00:00,19435.589932702227,19150.078,18987.1
forecast_3286,2025-05-17 22:00:00,19617.000918086473,19449.262,19304.43
forecast_3287,2025-05-17 23:00:00,20335.56253424572,19637.387,19384.857
forecast_3288,2025-05-18 00:00:00,18793.9443277407,19631.41,19267.77
forecast_3289,2025-05-18 01:00:00,18509.88410780756,19491.572,18907.281
forecast_3290,2025-05-18 02:00:00,17662.41769867882,19274.38,18244.027
forecast_3291,2025-05-18 03:00:00,15415.112447957377,18796.72,17073.127
forecast_3292,2025-05-18 04:00:00,11578.028767671829,16668.725,13427.023
forecast_3293,2025-05-18 05:00:00,12035.105280714159,12863.416,8485.833
forecast_3294,2025-05-18 06:00:00,7505.186330530917,10255.4795,5313.3735
forecast_3295,2025-05-18 07:00:00,2422.5661940560385,5525.912,2198.0496
forecast_3296,2025-05-18 08:00:00,791.7745507602953,2039.8047,674.2137
forecast_3297,2025-05-18 09:00:00,588.8211463772845,957.064,240.15514
forecast_3298,2025-05-18 10:00:00,488.36172613413817,699.9326,177.643
forecast_3299,2025-05-18 11:00:00,1058.646555521165,618.64087,204.59225
forecast_3300,2025-05-18 12:00:00,2124.10795563664,642.8344,366.8777
forecast_3301,2025-05-18 13:00:00,3292.118318385827,839.89276,977.323
forecast_3302,2025-05-18 14:00:00,3691.652525829688,1419.3901,1966.0911
forecast_3303,2025-05-18 15:00:00,5409.858762650486,2281.1003,2663.2312
forecast_3304,2025-05-18 16:00:00,5014.74479991454,3003.375,3434.6506
forecast_3305,2025-05-18 17:00:00,7265.2758572372195,3551.5505,3975.821
forecast_3306,2025-05-18 18:00:00,7825.972347348259,4113.156,4816.3267
forecast_3307,2025-05-18 19:00:00,8629.657475331778,4379.4497,5873.787
forecast_3308,2025-05-18 20:00:00,10568.90504517141,5295.375,7619.8716
forecast_3309,2025-05-18 21:00:00,10177.271382056359,7109.9604,9972.962
forecast_3310,2025-05-18 22:00:00,13318.275575584943,8140.5957,11070.149
forecast_3311,2025-05-18 23:00:00,12726.479201874557,9099.384,11317.313
forecast_3312,2025-05-19 00:00:00,12112.061178088203,10261.5,11244.391
forecast_3313,2025-05-19 01:00:00,9449.265808244192,10187.699,9477.113
forecast_3314,2025-05-19 02:00:00,9670.900359880927,8688.695,6749.256
forecast_3315,2025-05-19 03:00:00,6270.368001117982,8146.6187,5386.0225
forecast_3316,2025-05-19 04:00:00,6200.085665569483,8286.4375,5072.8384
forecast_3317,2025-05-19 05:00:00,6408.78909684151,8453.332,4820.828
forecast_3318,2025-05-19 06:00:00,7923.932859880698,9002.392,4448.192
forecast_3319,2025-05-19 07:00:00,9864.013902834427,11582.542,5369.259
forecast_3320,2025-05-19 08:00:00,9323.922427803287,14701.39,8562.095
forecast_3321,2025-05-19 09:00:00,10213.81634441734,15784.117,12202.165
forecast_3322,2025-05-19 10:00:00,12621.235976705459,15168.685,13006.6455
forecast_3323,2025-05-19 11:00:00,13376.664539002939,15422.75,13450.806
forecast_3324,2025-05-19 12:00:00,14415.904170968368,15961.781,14372.879
forecast_3325,2025-05-19 13:00:00,15527.64729532219,16744.873,15743.5625
forecast_3326,2025-05-19 14:00:00,16286.482523903556,17238.145,16809.79
forecast_3327,2025-05-19 15:00:00,16915.039996904117,17584.695,17627.924
forecast_3328,2025-05-19 16:00:00,16613.681384392847,17875.977,18305.89
forecast_3329,2025-05-19 17:00:00,17035.567442479172,18036.996,18880.383
forecast_3330,2025-05-19 18:00:00,18244.760432101866,18139.082,19303.494
forecast_3331,2025-05-19 19:00:00,18559.321820683675,18210.078,19506.322
forecast_3332,2025-05-19 20:00:00,18244.82513955268,18325.967,19500.568
forecast_3333,2025-05-19 21:00:00,18404.025735236068,18460.004,19393.98
forecast_3334,2025-05-19 22:00:00,17878.58286588273,18646.3,19257.555
forecast_3335,2025-05-19 23:00:00,17152.53116765301,18573.176,18865.732
forecast_3336,2025-05-20 00:00:00,18029.858400339304,18349.516,18011.34
forecast_3337,2025-05-20 01:00:00,17835.228982360986,18270.674,17254.23
forecast_3338,2025-05-20 02:00:00,17900.614207043775,18529.006,17406.936
forecast_3339,2025-05-20 03:00:00,17815.130398283778,18616.238,17467.158
forecast_3340,2025-05-20 04:00:00,18318.45210290278,18462.049,17157.188
forecast_3341,2025-05-20 05:00:00,18344.582135975994,18378.8,17112.373
forecast_3342,2025-05-20 06:00:00,18183.96224718138,18346.455,17375.975
forecast_3343,2025-05-20 07:00:00,18531.39566766708,18054.377,17415.398
forecast_3344,2025-05-20 08:00:00,18275.034420279117,17777.945,17224.781
forecast_3345,2025-05-20 09:00:00,17475.283702010856,17697.39,17253.092
forecast_3346,2025-05-20 10:00:00,16378.33213267332,17399.465,17155.402
forecast_3347,2025-05-20 11:00:00,13821.545776993626,16602.787,15812.817
forecast_3348,2025-05-20 12:00:00,13459.88635581995,15485.218,14091.967
forecast_3349,2025-05-20 13:00:00,13417.950781415224,14892.497,13653.498
forecast_3350,2025-05-20 14:00:00,13106.442692249315,15300.204,14491.653
forecast_3351,2025-05-20 15:00:00,13534.288396137763,15792.999,15270.695
forecast_3352,2025-05-20 16:00:00,14284.968397075118,16050.009,15832.177
forecast_3353,2025-05-20 17:00:00,14700.360709381253,16512.236,16459.191
forecast_3354,2025-05-20 18:00:00,15254.253589233127,17080.326,17076.947
forecast_3355,2025-05-20 19:00:00,16517.95807122307,17667.676,17620.377
forecast_3356,2025-05-20 20:00:00,16820.12427521735,18520.438,18426.24
forecast_3357,2025-05-20 21:00:00,17334.422241337546,18961.553,18945.508
forecast_3358,2025-05-20 22:00:00,17755.491489152453,19048.684,19190.178
forecast_3359,2025-05-20 23:00:00,18988.699441259763,18970.975,19277.32
forecast_3360,2025-05-21 00:00:00,19486.36262658337,18964.098,19311.6
forecast_3361,2025-05-21 01:00:00,16015.836229312587,18961.398,19236.922
forecast_3362,2025-05-21 02:00:00,15358.393900152023,18431.207,18244.68
forecast_3363,2025-05-21 03:00:00,14209.91793833087,17912.082,15900.286
forecast_3364,2025-05-21 04:00:00,14053.47364481083,17773.363,13537.33
forecast_3365,2025-05-21 05:00:00,12557.774834332184,17536.059,12080.469
forecast_3366,2025-05-21 06:00:00,8296.30655369398,17129.875,11172.547
forecast_3367,2025-05-21 07:00:00,4536.224168186803,15235.56,8432.955
forecast_3368,2025-05-21 08:00:00,2640.4489538621524,6703.4316,2284.79
forecast_3369,2025-05-21 09:00:00,962.6156901050722,2164.492,706.9518
forecast_3370,2025-05-21 10:00:00,906.8959659813521,941.55615,294.64966
forecast_3371,2025-05-21 11:00:00,885.6674999694706,734.4988,231.15971
forecast_3372,2025-05-21 12:00:00,933.0743065217692,704.4383,263.23206
forecast_3373,2025-05-21 13:00:00,1140.580347564751,713.6594,358.935
forecast_3374,2025-05-21 14:00:00,984.8114250516236,723.1669,478.29138
forecast_3375,2025-05-21 15:00:00,934.0454966241874,712.5901,664.7974
forecast_3376,2025-05-21 16:00:00,736.7051127479333,683.6096,645.73474
forecast_3377,2025-05-21 17:00:00,381.82553505751184,634.0021,430.24005
forecast_3378,2025-05-21 18:00:00,519.8119922685861,614.55133,266.06174
forecast_3379,2025-05-21 19:00:00,607.0489829610392,626.25476,167.64468
forecast_3380,2025-05-21 20:00:00,499.10555895933027,624.8897,145.39731
forecast_3381,2025-05-21 21:00:00,819.3811898828187,623.44574,141.31537
forecast_3382,2025-05-21 22:00:00,1014.5156200315158,620.08795,141.56879
forecast_3383,2025-05-21 23:00:00,818.3279568821694,628.79333,159.44173
forecast_3384,2025-05-22 00:00:00,815.2123723653424,612.4734,124.94112
forecast_3385,2025-05-22 01:00:00,1202.8194011679996,610.10376,143.43048
forecast_3386,2025-05-22 02:00:00,1111.5737152570869,621.07153,188.61055
forecast_3387,2025-05-22 03:00:00,1055.2846891031572,635.076,227.62074
forecast_3388,2025-05-22 04:00:00,2100.7830581581493,658.5836,248.85736
forecast_3389,2025-05-22 05:00:00,1055.8884657543701,680.88965,288.9819
forecast_3390,2025-05-22 06:00:00,1136.5252229450427,683.33936,331.58374
forecast_3391,2025-05-22 07:00:00,1681.8427887117036,684.75037,395.3543
forecast_3392,2025-05-22 08:00:00,2381.1969995385175,675.1204,418.00024
forecast_3393,2025-05-22 09:00:00,2591.5937562352206,691.7245,436.0634
forecast_3394,2025-05-22 10:00:00,3720.8555835618126,824.0106,459.85983
forecast_3395,2025-05-22 11:00:00,3114.6832529940903,1123.8896,559.80176
forecast_3396,2025-05-22 12:00:00,2655.7244897978544,1313.3127,643.49774
forecast_3397,2025-05-22 13:00:00,2501.0704341039295,1335.1277,708.9976
forecast_3398,2025-05-22 14:00:00,1785.1069538118259,1286.8218,742.45154
forecast_3399,2025-05-22 15:00:00,836.6820741012478,1182.2561,720.6466
forecast_3400,2025-05-22 16:00:00,751.2574094754037,1037.6805,581.82886
forecast_3401,2025-05-22 17:00:00,782.6590295106828,836.26886,387.34094
forecast_3402,2025-05-22 18:00:00,680.8290633495538,742.12616,267.00146
forecast_3403,2025-05-22 19:00:00,1066.4088038583336,748.25824,213.55667
forecast_3404,2025-05-22 20:00:00,1584.0404191935208,862.1124,182.69908
forecast_3405,2025-05-22 21:00:00,1497.6906140531362,1155.2992,168.27519
forecast_3406,2025-05-22 22:00:00,2385.1453488534435,1751.2266,176.74196
forecast_3407,2025-05-22 23:00:00,2623.7892635212274,2162.8376,192.2728
forecast_3408,2025-05-23 00:00:00,3005.6109868906424,2305.8354,212.1961
forecast_3409,2025-05-23 01:00:00,3311.078150860133,2309.2866,206.05997
forecast_3410,2025-05-23 02:00:00,3289.7185851266618,2364.9993,225.55946
forecast_3411,2025-05-23 03:00:00,3095.5714144781023,2567.8953,269.73047
forecast_3412,2025-05-23 04:00:00,3229.6183385441655,2586.837,306.0735
forecast_3413,2025-05-23 05:00:00,3354.617099056832,2766.6228,286.81946
forecast_3414,2025-05-23 06:00:00,3126.599076524633,3165.5752,300.40836
forecast_3415,2025-05-23 07:00:00,3441.288263626492,3222.239,321.49155
forecast_3416,2025-05-23 08:00:00,3247.3123538663976,2786.089,346.09097
forecast_3417,2025-05-23 09:00:00,2160.7935332141983,2487.5715,370.89542
forecast_3418,2025-05-23 10:00:00,1838.8650592816657,2430.6855,443.537
forecast_3419,2025-05-23 11:00:00,1485.878404075749,2280.8076,501.5759
forecast_3420,2025-05-23 12:00:00,1597.1893785986667,1995.3396,529.18805
forecast_3421,2025-05-23 13:00:00,1205.5960430639195,1901.8999,518.38153
forecast_3422,2025-05-23 14:00:00,1278.0263250132023,1749.1287,462.63614
forecast_3423,2025-05-23 15:00:00,1295.1441178607947,1650.8115,399.5603
forecast_3424,2025-05-23 16:00:00,1196.626382690159,1632.7822,365.0015
forecast_3425,2025-05-23 17:00:00,1588.3722943014996,1650.3518,338.6759
forecast_3426,2025-05-23 18:00:00,2123.880097380342,1776.3315,347.0966
forecast_3427,2025-05-23 19:00:00,2775.123599575324,2165.907,416.75983
forecast_3428,2025-05-23 20:00:00,2972.642450730882,2544.479,455.8757
forecast_3429,2025-05-23 21:00:00,3788.1458670136367,2877.6328,519.53186
forecast_3430,2025-05-23 22:00:00,5398.891787952257,3047.5337,604.61426
forecast_3431,2025-05-23 23:00:00,4471.255105404347,3233.1077,660.7429
forecast_3432,2025-05-24 00:00:00,4243.619653269915,3166.3157,602.9366
forecast_3433,2025-05-24 01:00:00,6067.5793976629975,3133.6355,537.4443
forecast_3434,2025-05-24 02:00:00,5333.912453544383,3936.2236,695.80365
forecast_3435,2025-05-24 03:00:00,5495.570550289479,4836.0063,1050.18
forecast_3436,2025-05-24 04:00:00,4657.8709099432235,5912.9595,1561.0454
forecast_3437,2025-05-24 05:00:00,5423.070432722608,6542.953,2004.1237
forecast_3438,2025-05-24 06:00:00,5991.223985621924,6543.205,2193.2646
forecast_3439,2025-05-24 07:00:00,5331.189201992161,6505.2764,2397.0635
forecast_3440,2025-05-24 08:00:00,4572.483653780469,6286.1733,2461.1042
forecast_3441,2025-05-24 09:00:00,3236.432370157074,5471.4614,2421.805
forecast_3442,2025-05-24 10:00:00,2909.7825885334987,4699.3354,2151.5332
forecast_3443,2025-05-24 11:00:00,2948.5429906652516,3868.6416,1847.593
forecast_3444,2025-05-24 12:00:00,2834.217957895165,3768.107,1488.8167
forecast_3445,2025-05-24 13:00:00,2743.043840512309,3885.995,1329.6948
forecast_3446,2025-05-24 14:00:00,3437.0373353081322,3857.199,1308.778
forecast_3447,2025-05-24 15:00:00,4172.695293642372,3747.9373,1298.594
forecast_3448,2025-05-24 16:00:00,4910.717256080582,4459.662,1634.691
forecast_3449,2025-05-24 17:00:00,5449.206236558465,5902.2563,2309.3662
forecast_3450,2025-05-24 18:00:00,5923.9509201899955,6561.7974,2970.3037
forecast_3451,2025-05-24 19:00:00,5516.748832887871,6445.345,3340.1975
forecast_3452,2025-05-24 20:00:00,4564.72429465532,6496.612,3767.087
forecast_3453,2025-05-24 21:00:00,4481.244028634668,5768.782,3769.5056
forecast_3454,2025-05-24 22:00:00,4958.610686983992,5336.728,3650.4954
forecast_3455,2025-05-24 23:00:00,5200.692683566193,5133.2334,3278.7517
forecast_3456,2025-05-25 00:00:00,4674.7320903200625,4749.9443,2963.683
forecast_3457,2025-05-25 01:00:00,3786.8713644726813,4318.068,2462.4927
forecast_3458,2025-05-25 02:00:00,2741.3345989831105,3549.3582,2270.5525
forecast_3459,2025-05-25 03:00:00,2054.38567438834,2898.069,2003.8202
forecast_3460,2025-05-25 04:00:00,2036.4859267986394,2217.7825,1406.2631
forecast_3461,2025-05-25 05:00:00,2661.8658069820385,1941.2839,792.5968
forecast_3462,2025-05-25 06:00:00,3210.290422065227,2011.9126,770.80396
forecast_3463,2025-05-25 07:00:00,2753.4054558844837,2012.9668,1078.3761
forecast_3464,2025-05-25 08:00:00,2155.357501731618,1805.3862,1273.2883
forecast_3465,2025-05-25 09:00:00,1046.9961159453728,1315.7588,1065.3651
forecast_3466,2025-05-25 10:00:00,526.0157114440517,875.9883,666.5955
forecast_3467,2025-05-25 11:00:00,481.37126027841055,699.3555,430.0035
forecast_3468,2025-05-25 12:00:00,1602.5358895763295,682.5934,428.81696
forecast_3469,2025-05-25 13:00:00,1968.8686178037167,943.2441,437.23935
forecast_3470,2025-05-25 14:00:00,1745.2105522857898,1500.4136,624.6099
forecast_3471,2025-05-25 15:00:00,1425.9657028856793,1546.137,805.92126
forecast_3472,2025-05-25 16:00:00,1007.4872536614738,1379.5942,430.5225
forecast_3473,2025-05-25 17:00:00,2087.014901833005,1233.4108,377.50085
forecast_3474,2025-05-25 18:00:00,2025.5020413777638,1319.6128,284.00903
forecast_3475,2025-05-25 19:00:00,2980.899021185882,1376.4558,231.96744
forecast_3476,2025-05-25 20:00:00,4593.768488921121,2662.478,394.77945
forecast_3477,2025-05-25 21:00:00,4921.812191319934,4880.456,1372.5573
forecast_3478,2025-05-25 22:00:00,6388.18794466828,6111.433,4160.6963
forecast_3479,2025-05-25 23:00:00,7206.353051948098,6857.2197,5626.189
forecast_3480,2025-05-26 00:00:00,6205.373706497929,7485.1924,5860.5054
forecast_3481,2025-05-26 01:00:00,7194.777268985302,7380.9766,5200.7993
forecast_3482,2025-05-26 02:00:00,8019.870672890625,7285.9185,5129.925
forecast_3483,2025-05-26 03:00:00,7588.220977288842,5981.061,4308.967
forecast_3484,2025-05-26 04:00:00,4881.136478760334,5161.2866,3822.837
forecast_3485,2025-05-26 05:00:00,3042.234062381527,3630.7205,3060.452
forecast_3486,2025-05-26 06:00:00,2080.6587486282833,2094.311,2166.722
forecast_3487,2025-05-26 07:00:00,991.4828052980363,1123.6418,1258.7207
forecast_3488,2025-05-26 08:00:00,560.8406695821253,740.61755,657.76416
forecast_3489,2025-05-26 09:00:00,372.8615840541715,622.66797,402.96103
forecast_3490,2025-05-26 10:00:00,409.53577197159024,575.5961,297.48035
forecast_3491,2025-05-26 11:00:00,385.9523563038021,571.55347,281.29083
forecast_3492,2025-05-26 12:00:00,362.6500736761414,563.37195,206.74661
forecast_3493,2025-05-26 13:00:00,350.55529301739597,580.4069,146.02756
forecast_3494,2025-05-26 14:00:00,479.02149296379775,622.1007,146.39449
forecast_3495,2025-05-26 15:00:00,564.4165863727472,719.6375,185.10027
forecast_3496,2025-05-26 16:00:00,449.5667489636109,748.636,202.57657
forecast_3497,2025-05-26 17:00:00,367.36743047786473,788.47925,225.62097
forecast_3498,2025-05-26 18:00:00,466.75726229649297,780.00977,273.82202
forecast_3499,2025-05-26 19:00:00,581.4437807256787,826.25934,334.7491
forecast_3500,2025-05-26 20:00:00,943.8720827954265,997.5577,438.6104
forecast_3501,2025-05-26 21:00:00,2152.134459501261,1172.4294,619.8434
forecast_3502,2025-05-26 22:00:00,2340.40927710285,1327.9243,857.3865
forecast_3503,2025-05-26 23:00:00,3383.260430275352,1571.0022,1232.1113
forecast_3504,2025-05-27 00:00:00,3434.5181786309795,2171.9202,1723.8491
forecast_3505,2025-05-27 01:00:00,3440.000604424589,3286.0671,2291.7908
forecast_3506,2025-05-27 02:00:00,5544.943066645316,4795.2637,3483.991
forecast_3507,2025-05-27 03:00:00,4223.715867040194,5779.281,3799.7456
forecast_3508,2025-05-27 04:00:00,4748.365051042179,6553.449,3582.1826
forecast_3509,2025-05-27 05:00:00,3908.347645346281,6662.0195,3022.6062
forecast_3510,2025-05-27 06:00:00,2178.7829545015456,5339.549,2268.842
forecast_3511,2025-05-27 07:00:00,1501.254557241376,3093.2761,1406.0408
forecast_3512,2025-05-27 08:00:00,825.7557502722605,1849.72,837.06775
forecast_3513,2025-05-27 09:00:00,459.4373004365796,1047.6343,479.1934
forecast_3514,2025-05-27 10:00:00,378.3703579734607,727.2445,298.26395
forecast_3515,2025-05-27 11:00:00,380.80117332278127,606.22736,178.06992
forecast_3516,2025-05-27 12:00:00,359.3505961383028,578.5491,134.19008
forecast_3517,2025-05-27 13:00:00,364.73141089873917,574.9985,119.933464
forecast_3518,2025-05-27 14:00:00,399.55059861530606,564.9525,129.33383
forecast_3519,2025-05-27 15:00:00,382.56838290180895,560.9326,141.19066
forecast_3520,2025-05-27 16:00:00,419.1592278242622,550.61615,143.37099
forecast_3521,2025-05-27 17:00:00,378.32440438222676,540.5418,163.1835
forecast_3522,2025-05-27 18:00:00,350.14333165672883,538.3263,236.46309
forecast_3523,2025-05-27 19:00:00,508.1482976407722,537.53827,145.64035
forecast_3524,2025-05-27 20:00:00,500.5230443721048,543.09937,124.65232
forecast_3525,2025-05-27 21:00:00,656.3552642405365,618.93494,138.40887
forecast_3526,2025-05-27 22:00:00,1099.6082533262122,1074.343,240.82916
forecast_3527,2025-05-27 23:00:00,2037.6713436357752,1794.6663,490.73444
forecast_3528,2025-05-28 00:00:00,2145.0361558194245,1636.512,905.4634
forecast_3529,2025-05-28 01:00:00,4119.91639088973,1387.5784,1146.6086
forecast_3530,2025-05-28 02:00:00,5361.1748558079735,1729.416,2039.3185
forecast_3531,2025-05-28 03:00:00,5716.345756859777,2737.43,3033.609
forecast_3532,2025-05-28 04:00:00,5373.675808079464,4029.0034,3759.0078
forecast_3533,2025-05-28 05:00:00,5993.110046012277,4433.365,3752.118
forecast_3534,2025-05-28 06:00:00,2248.3362612430633,3686.4395,3192.4521
forecast_3535,2025-05-28 07:00:00,918.2149327311819,1749.3625,1670.0704
forecast_3536,2025-05-28 08:00:00,426.47328313075445,942.3294,647.6211
forecast_3537,2025-05-28 09:00:00,323.2892897544518,672.2577,276.5317
forecast_3538,2025-05-28 10:00:00,321.13020053995353,599.7147,166.24521
forecast_3539,2025-05-28 11:00:00,325.6305652192968,587.4675,140.22937
forecast_3540,2025-05-28 12:00:00,385.9541909855011,601.29175,146.73024
forecast_3541,2025-05-28 13:00:00,379.19507080009,651.1566,173.81654
forecast_3542,2025-05-28 14:00:00,438.9151828339455,726.6024,194.3079
forecast_3543,2025-05-28 15:00:00,454.6244831256785,915.9235,202.94524
forecast_3544,2025-05-28 16:00:00,718.8416405415101,1010.0547,191.9453
forecast_3545,2025-05-28 17:00:00,715.7416747781422,1209.8118,236.10716
forecast_3546,2025-05-28 18:00:00,455.5584018511161,977.79767,180.39647
forecast_3547,2025-05-28 19:00:00,531.7531513837903,841.59216,203.52489
forecast_3548,2025-05-28 20:00:00,774.2725452758245,799.21606,307.7406
forecast_3549,2025-05-28 21:00:00,645.0027398829612,735.69714,298.56326
forecast_3550,2025-05-28 22:00:00,1428.0270033760173,799.6017,355.37787
forecast_3551,2025-05-28 23:00:00,1979.644543651816,935.8888,744.37866
forecast_3552,2025-05-29 00:00:00,1767.1316434484074,1037.8889,1078.473
forecast_3553,2025-05-29 01:00:00,1045.4932563710092,1091.4832,974.7828
forecast_3554,2025-05-29 02:00:00,1045.2840201836407,1210.7307,967.41864
forecast_3555,2025-05-29 03:00:00,1294.4082924970335,1448.2102,936.20215
forecast_3556,2025-05-29 04:00:00,1313.878772540077,1830.8848,1120.7634
forecast_3557,2025-05-29 05:00:00,1225.8448168663338,2083.463,1329.398
forecast_3558,2025-05-29 06:00:00,739.1377618185377,1573.0981,960.3471
forecast_3559,2025-05-29 07:00:00,667.3196834924892,1219.7871,524.5901
forecast_3560,2025-05-29 08:00:00,482.1431265170288,783.08026,263.21603
forecast_3561,2025-05-29 09:00:00,443.99445432920385,695.649,186.1637
forecast_3562,2025-05-29 10:00:00,469.0323943395349,685.55774,141.95021
forecast_3563,2025-05-29 11:00:00,488.11810882306634,704.2954,134.35167
forecast_3564,2025-05-29 12:00:00,483.7880148411524,722.68744,138.71619
forecast_3565,2025-05-29 13:00:00,663.3477342888917,733.7074,159.15994
forecast_3566,2025-05-29 14:00:00,695.5951751224975,738.80597,182.40173
forecast_3567,2025-05-29 15:00:00,562.0795350783791,744.47156,206.52222
forecast_3568,2025-05-29 16:00:00,760.4298217614866,746.5874,233.29018
forecast_3569,2025-05-29 17:00:00,923.4685308949854,729.2283,240.85461
forecast_3570,2025-05-29 18:00:00,976.2913336909694,734.0969,251.14742
forecast_3571,2025-05-29 19:00:00,1273.3164610631386,781.99554,257.65527
forecast_3572,2025-05-29 20:00:00,1969.4171038572197,946.4193,275.7675
forecast_3573,2025-05-29 21:00:00,2235.5295316545885,1240.5682,299.95276
forecast_3574,2025-05-29 22:00:00,2643.6074962494376,1901.7605,336.38992
forecast_3575,2025-05-29 23:00:00,2353.5858529065067,2713.0862,474.73492
forecast_3576,2025-05-30 00:00:00,1911.7638896304136,2918.5676,591.3906
forecast_3577,2025-05-30 01:00:00,1509.6802194479676,2702.0254,605.1167
forecast_3578,2025-05-30 02:00:00,1504.1503715604417,2413.9072,572.89594
forecast_3579,2025-05-30 03:00:00,1813.4117594966185,2099.0625,476.7815
forecast_3580,2025-05-30 04:00:00,2247.3883351864392,2194.3242,463.78528
forecast_3581,2025-05-30 05:00:00,1875.0419733957501,2234.6812,474.0376
forecast_3582,2025-05-30 06:00:00,2405.5198827738996,2483.6775,576.62225
forecast_3583,2025-05-30 07:00:00,2602.171912622224,2526.179,636.3427
forecast_3584,2025-05-30 08:00:00,2241.731848146907,2163.4204,592.0478
forecast_3585,2025-05-30 09:00:00,1775.8363370926352,1928.6536,558.4624
forecast_3586,2025-05-30 10:00:00,1823.0536272954405,1672.6746,481.73312
forecast_3587,2025-05-30 11:00:00,1582.813406764602,1414.831,413.34793
forecast_3588,2025-05-30 12:00:00,1019.6739895842377,1149.4442,343.28387
forecast_3589,2025-05-30 13:00:00,874.0864901966352,947.7857,280.85608
forecast_3590,2025-05-30 14:00:00,644.4279773925349,840.49664,251.28152
forecast_3591,2025-05-30 15:00:00,563.4788239524688,740.5059,230.85869
forecast_3592,2025-05-30 16:00:00,487.9078364421971,670.453,209.32396
forecast_3593,2025-05-30 17:00:00,535.9784791048559,643.2707,197.54854
forecast_3594,2025-05-30 18:00:00,751.4713201462102,646.01074,189.85088
forecast_3595,2025-05-30 19:00:00,1150.0613464191367,697.0376,200.58504
forecast_3596,2025-05-30 20:00:00,1319.9722748523266,836.23376,219.54387
forecast_3597,2025-05-30 21:00:00,1901.6852058897437,1317.7024,286.3877
forecast_3598,2025-05-30 22:00:00,1747.1381208940577,2114.0654,446.6435
forecast_3599,2025-05-30 23:00:00,1511.1601951326475,2024.4512,516.6245
forecast_3600,2025-05-31 00:00:00,1565.99140409937,1763.1472,429.9089
forecast_3601,2025-05-31 01:00:00,848.8922385241597,1918.1165,411.50787
forecast_3602,2025-05-31 02:00:00,1184.7359863505358,1607.519,448.26578
forecast_3603,2025-05-31 03:00:00,1793.9985714333106,1376.8838,683.7637
forecast_3604,2025-05-31 04:00:00,1547.148279414231,1141.446,606.82935
forecast_3605,2025-05-31 05:00:00,1524.7217042236937,1165.5712,571.0664
forecast_3606,2025-05-31 06:00:00,1492.3401128375606,1197.0232,692.88495
forecast_3607,2025-05-31 07:00:00,1314.3110592373946,1026.6388,607.0224
forecast_3608,2025-05-31 08:00:00,1241.4231542695716,857.21497,393.83063
forecast_3609,2025-05-31 09:00:00,847.1828107990108,744.53796,261.80972
forecast_3610,2025-05-31 10:00:00,770.1577751656278,742.4067,231.54756
forecast_3611,2025-05-31 11:00:00,1096.650692900326,719.59973,230.7197
forecast_3612,2025-05-31 12:00:00,1014.3922588340666,750.1227,220.81691
forecast_3613,2025-05-31 13:00:00,982.568898456778,841.7531,271.53995
forecast_3614,2025-05-31 14:00:00,847.9246296235365,872.35266,333.33224
forecast_3615,2025-05-31 15:00:00,719.9634927618655,884.10095,390.28915
forecast_3616,2025-05-31 16:00:00,668.2102743817998,818.97644,377.4226
forecast_3617,2025-05-31 17:00:00,742.0871168155292,760.612,344.05194
forecast_3618,2025-05-31 18:00:00,798.3058853184781,706.94354,296.60416
forecast_3619,2025-05-31 19:00:00,1277.6743510987924,701.0677,302.92548
forecast_3620,2025-05-31 20:00:00,1196.1274620307097,764.0678,334.78036
forecast_3621,2025-05-31 21:00:00,1850.9598774982778,995.6646,596.64484
forecast_3622,2025-05-31 22:00:00,1481.7551249235942,1125.8804,1066.1481
forecast_3623,2025-05-31 23:00:00,1991.5287939752234,1031.8896,1185.2382
forecast_3624,2025-06-01 00:00:00,999.6830187144244,964.0452,1028.8635
forecast_3625,2025-06-01 01:00:00,961.972511317228,837.6084,879.5045
forecast_3626,2025-06-01 02:00:00,1185.7884127480502,796.87683,957.86365
forecast_3627,2025-06-01 03:00:00,1748.4887911367152,808.4044,1177.4017
forecast_3628,2025-06-01 04:00:00,2182.059816361807,866.07715,1486.4703
forecast_3629,2025-06-01 05:00:00,1951.6063029918942,891.499,1696.4989
forecast_3630,2025-06-01 06:00:00,1361.1107570822087,791.84766,1417.0155
forecast_3631,2025-06-01 07:00:00,877.6510559452421,687.1179,894.9669
forecast_3632,2025-06-01 08:00:00,385.4741070223591,620.25916,421.36508
forecast_3633,2025-06-01 09:00:00,324.4177572477678,581.9668,218.0665
forecast_3634,2025-06-01 10:00:00,330.5779347305317,561.6129,171.93555
forecast_3635,2025-06-01 11:00:00,388.8989040320541,551.6715,194.72531
forecast_3636,2025-06-01 12:00:00,359.2237064101449,558.3147,238.19658
forecast_3637,2025-06-01 13:00:00,394.396080100179,573.8734,267.52225
forecast_3638,2025-06-01 14:00:00,369.6915625693055,595.5694,319.1085
forecast_3639,2025-06-01 15:00:00,340.55597482839147,602.593,346.64618
forecast_3640,2025-06-01 16:00:00,334.09800260536497,601.2787,177.35448
forecast_3641,2025-06-01 17:00:00,384.40698672648193,630.159,167.45026
forecast_3642,2025-06-01 18:00:00,930.5189081010649,667.5376,173.5492
forecast_3643,2025-06-01 19:00:00,882.0855949829682,717.90125,199.98447
forecast_3644,2025-06-01 20:00:00,3154.7511002155406,959.2038,332.3866
forecast_3645,2025-06-01 21:00:00,4576.394917220454,2181.6543,949.7326
forecast_3646,2025-06-01 22:00:00,4251.286250555638,3748.8877,2368.637
forecast_3647,2025-06-01 23:00:00,4139.8398243137635,4819.6357,3605.1143
forecast_3648,2025-06-02 00:00:00,3888.904174234203,3951.3247,3789.7856
forecast_3649,2025-06-02 01:00:00,6052.063500352413,3649.9207,3523.817
forecast_3650,2025-06-02 02:00:00,3166.9836365701567,3924.6028,4364.138
forecast_3651,2025-06-02 03:00:00,4237.309553581507,3341.8557,3755.911
forecast_3652,2025-06-02 04:00:00,2251.157625415849,3102.241,3055.231
forecast_3653,2025-06-02 05:00:00,2935.6525684762337,2439.5413,2626.2153
forecast_3654,2025-06-02 06:00:00,1786.4558771030083,1716.7446,1600.6917
forecast_3655,2025-06-02 07:00:00,1244.5718721093767,976.22217,816.11816
forecast_3656,2025-06-02 08:00:00,1036.8899696157225,700.40454,419.15674
forecast_3657,2025-06-02 09:00:00,795.9197123179224,626.8588,215.33961
forecast_3658,2025-06-02 10:00:00,789.8855879980322,622.1944,170.10916
forecast_3659,2025-06-02 11:00:00,582.4141021948624,650.2679,189.65094
forecast_3660,2025-06-02 12:00:00,771.4436908826359,695.619,218.90399
forecast_3661,2025-06-02 13:00:00,593.9795123357202,743.25024,262.62515
forecast_3662,2025-06-02 14:00:00,732.3654939133164,783.85486,283.58823
forecast_3663,2025-06-02 15:00:00,1648.3731194316408,845.2816,299.55206
forecast_3664,2025-06-02 16:00:00,2205.801815989259,983.7664,366.41403
forecast_3665,2025-06-02 17:00:00,2735.623926572298,1162.0469,466.91812
forecast_3666,2025-06-02 18:00:00,3363.6737725547137,1289.948,619.27386
forecast_3667,2025-06-02 19:00:00,2455.0016728569985,1346.9731,652.3318
forecast_3668,2025-06-02 20:00:00,2079.7087501179803,1491.814,720.6692
forecast_3669,2025-06-02 21:00:00,2165.4383374176573,1567.008,673.78955
forecast_3670,2025-06-02 22:00:00,1450.1701662006988,1570.0972,662.97003
forecast_3671,2025-06-02 23:00:00,1208.0765441665342,1492.6245,581.04724
forecast_3672,2025-06-03 00:00:00,1335.021096257408,1325.938,521.16956
forecast_3673,2025-06-03 01:00:00,1453.436716114646,1280.7125,532.41797
forecast_3674,2025-06-03 02:00:00,1688.3301822815788,1154.7593,453.46017
forecast_3675,2025-06-03 03:00:00,1622.1131483130703,930.0057,325.05917
forecast_3676,2025-06-03 04:00:00,1298.9072786626077,879.824,288.15735
forecast_3677,2025-06-03 05:00:00,2193.053772766504,837.35034,260.9672
forecast_3678,2025-06-03 06:00:00,2300.688488315025,812.4336,271.5948
forecast_3679,2025-06-03 07:00:00,1654.8114885488628,845.06696,291.1851
forecast_3680,2025-06-03 08:00:00,1172.7007417214884,908.8561,336.91388
forecast_3681,2025-06-03 09:00:00,1304.5459508285096,925.4278,255.31042
forecast_3682,2025-06-03 10:00:00,2302.3018127203895,1191.8784,298.4349
forecast_3683,2025-06-03 11:00:00,4207.376752249252,1963.8665,708.2207
forecast_3684,2025-06-03 12:00:00,6498.650823960521,3119.71,2254.7332
forecast_3685,2025-06-03 13:00:00,9192.906414248879,5456.787,4636.5864
forecast_3686,2025-06-03 14:00:00,11154.748437523749,7068.8096,6114.8267
forecast_3687,2025-06-03 15:00:00,13486.65390813206,8432.42,7332.1333
forecast_3688,2025-06-03 16:00:00,13198.823759746147,9797.584,8690.007
forecast_3689,2025-06-03 17:00:00,13725.325397864464,10069.88,9664.55
forecast_3690,2025-06-03 18:00:00,13872.721207133432,10903.282,10804.443
forecast_3691,2025-06-03 19:00:00,13696.63994734846,12142.134,12521.0205
forecast_3692,2025-06-03 20:00:00,15281.598315667781,13086.13,13612.853
forecast_3693,2025-06-03 21:00:00,16747.440704614517,14649.263,15373.846
forecast_3694,2025-06-03 22:00:00,15443.351278475207,15846.471,16803.701
forecast_3695,2025-06-03 23:00:00,15284.255901842695,15794.447,17168.55
forecast_3696,2025-06-04 00:00:00,15389.87124771924,15038.842,16417.326
forecast_3697,2025-06-04 01:00:00,14787.241890961079,13250.63,13668.778
forecast_3698,2025-06-04 02:00:00,15833.987685942782,11694.293,10728.834
forecast_3699,2025-06-04 03:00:00,16565.796893809074,11576.069,10086.579
forecast_3700,2025-06-04 04:00:00,17098.246634213094,12394.683,11115.611
forecast_3701,2025-06-04 05:00:00,17830.2223396103,13768.026,13004.574
forecast_3702,2025-06-04 06:00:00,17378.59074463055,14793.639,14614.94
forecast_3703,2025-06-04 07:00:00,17610.061008062075,15723.878,15896.45
forecast_3704,2025-06-04 08:00:00,17391.17159709633,16046.112,16417.826
forecast_3705,2025-06-04 09:00:00,16920.369950362285,16383.78,16660.66
forecast_3706,2025-06-04 10:00:00,16768.060092100895,16498.557,16471.816
forecast_3707,2025-06-04 11:00:00,16232.5702942069,16529.002,15741.227
forecast_3708,2025-06-04 12:00:00,15074.630953880895,16426.432,14924.629
forecast_3709,2025-06-04 13:00:00,15211.871200482376,16078.953,14139.167
forecast_3710,2025-06-04 14:00:00,15280.739458402993,15683.645,13662.174
forecast_3711,2025-06-04 15:00:00,14870.691257067716,14822.288,12766.261
forecast_3712,2025-06-04 16:00:00,14305.560843789,13875.104,11111.875
forecast_3713,2025-06-04 17:00:00,14529.1465982354,13187.647,10805.987
forecast_3714,2025-06-04 18:00:00,13185.51499295654,12261.487,10440.574
forecast_3715,2025-06-04 19:00:00,12907.401164537147,10402.976,9188.031
forecast_3716,2025-06-04 20:00:00,13727.818311423689,10258.085,10306.496
forecast_3717,2025-06-04 21:00:00,14110.100549559313,10903.002,12058.908
forecast_3718,2025-06-04 22:00:00,10525.351465931137,10012.986,11508.025
forecast_3719,2025-06-04 23:00:00,12972.711451508563,7832.803,8513.014
forecast_3720,2025-06-05 00:00:00,13660.878660625898,7016.733,7075.3813
forecast_3721,2025-06-05 01:00:00,10474.192782143493,7838.1587,7224.3096
forecast_3722,2025-06-05 02:00:00,11199.437513988743,6637.0244,6130.15
forecast_3723,2025-06-05 03:00:00,13065.551711767363,7683.0127,6227.3096
forecast_3724,2025-06-05 04:00:00,12429.64489276099,10677.86,7685.403
forecast_3725,2025-06-05 05:00:00,12580.548220699084,12778.822,9451.637
forecast_3726,2025-06-05 06:00:00,11793.993457147533,13628.579,10274.878
forecast_3727,2025-06-05 07:00:00,11818.609810508071,13654.2295,9761.304
forecast_3728,2025-06-05 08:00:00,10512.595073049863,13103.045,8822.208
forecast_3729,2025-06-05 09:00:00,7827.898346374812,10889.641,7285.0425
forecast_3730,2025-06-05 10:00:00,6639.643956196176,7397.5674,5401.742
forecast_3731,2025-06-05 11:00:00,5284.767244217614,4208.105,3363.3638
forecast_3732,2025-06-05 12:00:00,5195.056851646003,3409.6262,2455.62
forecast_3733,2025-06-05 13:00:00,5958.924660273025,4079.3792,2834.8975
forecast_3734,2025-06-05 14:00:00,6177.742906346103,5021.923,3964.6472
forecast_3735,2025-06-05 15:00:00,5715.136863967969,5218.2734,4985.633
forecast_3736,2025-06-05 16:00:00,8216.889332860896,5050.2007,5339.768
forecast_3737,2025-06-05 17:00:00,8618.613851415876,6226.5806,7271.3096
forecast_3738,2025-06-05 18:00:00,9383.155475825024,8363.584,9268.769
forecast_3739,2025-06-05 19:00:00,13293.293189444237,10931.372,11079.682
forecast_3740,2025-06-05 20:00:00,16418.157406748192,14455.688,13547.804
forecast_3741,2025-06-05 21:00:00,17687.50925944819,16395.244,15203.555
forecast_3742,2025-06-05 22:00:00,19972.234989190652,17222.615,16137.259
forecast_3743,2025-06-05 23:00:00,20107.83907170178,17707.865,16804.26
forecast_3744,2025-06-06 00:00:00,19719.618393535195,17907.764,16898.365
forecast_3745,2025-06-06 01:00:00,20743.770524783868,18176.22,16631.385
forecast_3746,2025-06-06 02:00:00,20749.4090648534,18285.652,16388.93
forecast_3747,2025-06-06 03:00:00,21505.308397694283,18450.59,16655.488
forecast_3748,2025-06-06 04:00:00,18850.147484747074,18345.59,16344.454
forecast_3749,2025-06-06 05:00:00,18642.471804181936,17993.354,15660.652
forecast_3750,2025-06-06 06:00:00,18450.193556317216,17558.975,14598.322
forecast_3751,2025-06-06 07:00:00,17720.20179138694,17391.432,14208.647
forecast_3752,2025-06-06 08:00:00,15735.719971174754,17216.135,14093.359
forecast_3753,2025-06-06 09:00:00,14612.466355269458,16891.135,13822.685
forecast_3754,2025-06-06 10:00:00,12704.349788817459,16224.805,13408.261
forecast_3755,2025-06-06 11:00:00,12252.884131896797,15395.687,12277.15
forecast_3756,2025-06-06 12:00:00,11964.722121432269,14968.111,11901.9
forecast_3757,2025-06-06 13:00:00,12868.575340536318,14880.555,11927.351
forecast_3758,2025-06-06 14:00:00,12603.47711904752,15171.897,12947.192
forecast_3759,2025-06-06 15:00:00,14135.158458630849,15487.237,14045.843
forecast_3760,2025-06-06 16:00:00,13408.606607474965,16161.351,15507.108
forecast_3761,2025-06-06 17:00:00,12746.844172099138,16418.025,16427.193
forecast_3762,2025-06-06 18:00:00,15078.690345809408,16359.129,16391.12
forecast_3763,2025-06-06 19:00:00,15902.674073445227,16679.473,16627.219
forecast_3764,2025-06-06 20:00:00,15501.71414909171,17316.572,17606.396
forecast_3765,2025-06-06 21:00:00,16525.05567781923,17853.648,18393.62
forecast_3766,2025-06-06 22:00:00,16909.334236642324,18276.04,18717.904
forecast_3767,2025-06-06 23:00:00,17471.40470726665,18497.71,18711.195
forecast_3768,2025-06-07 00:00:00,17561.44864209314,18600.926,18616.844
forecast_3769,2025-06-07 01:00:00,17395.65258273368,18702.707,18447.479
forecast_3770,2025-06-07 02:00:00,17040.74112990379,18900.965,18481.988
forecast_3771,2025-06-07 03:00:00,16896.748462799373,18910.086,18382.652
forecast_3772,2025-06-07 04:00:00,18325.7283170041,18717.045,17906.072
forecast_3773,2025-06-07 05:00:00,17918.22640895092,18460.316,17157.56
forecast_3774,2025-06-07 06:00:00,18312.911063631665,18246.766,16722.996
forecast_3775,2025-06-07 07:00:00,17649.464285453225,17685.287,15757.343
forecast_3776,2025-06-07 08:00:00,15466.177845590417,17212.092,14928.138
forecast_3777,2025-06-07 09:00:00,11549.777421032953,15917.863,13441.553
forecast_3778,2025-06-07 10:00:00,9811.214577991448,13281.655,10606.653
forecast_3779,2025-06-07 11:00:00,7812.239937078557,10256.018,7373.478
forecast_3780,2025-06-07 12:00:00,4956.505288728938,7963.942,4954.6743
forecast_3781,2025-06-07 13:00:00,5052.888294055175,6096.169,3024.5435
forecast_3782,2025-06-07 14:00:00,4744.530985455068,5248.5312,2506.741
forecast_3783,2025-06-07 15:00:00,4610.979460046484,5085.5996,2797.6633
forecast_3784,2025-06-07 16:00:00,4449.231156511583,4585.8193,3136.6553
forecast_3785,2025-06-07 17:00:00,4962.905554304059,4475.312,3670.2378
forecast_3786,2025-06-07 18:00:00,5684.771730078475,4302.6597,4291.9966
forecast_3787,2025-06-07 19:00:00,6637.54218116343,6178.0034,5920.9062
forecast_3788,2025-06-07 20:00:00,10166.36805706172,10222.317,8571.479
forecast_3789,2025-06-07 21:00:00,13435.296166636257,13223.958,10953.976
forecast_3790,2025-06-07 22:00:00,14069.928241144476,14706.333,12998.533
forecast_3791,2025-06-07 23:00:00,13734.826985316136,15095.967,13959.894
forecast_3792,2025-06-08 00:00:00,14988.557979689815,14643.338,13357.1045
forecast_3793,2025-06-08 01:00:00,11982.516589793322,13808.079,11035.45
forecast_3794,2025-06-08 02:00:00,11588.490407738733,12682.8545,8520.455
forecast_3795,2025-06-08 03:00:00,10110.777348590445,11944.628,6828.336
forecast_3796,2025-06-08 04:00:00,9625.040463436042,11131.6875,5447.6255
forecast_3797,2025-06-08 05:00:00,8195.883764983644,10200.94,4499.296
forecast_3798,2025-06-08 06:00:00,6263.35093373537,7264.873,3100.492
forecast_3799,2025-06-08 07:00:00,3183.4246839710545,4082.8557,1633.2799
forecast_3800,2025-06-08 08:00:00,1197.4362099332393,1872.7053,967.1166
forecast_3801,2025-06-08 09:00:00,700.9694149777165,835.3473,530.3137
forecast_3802,2025-06-08 10:00:00,359.01445314064296,622.99164,213.37994
forecast_3803,2025-06-08 11:00:00,332.3677130518568,580.3241,162.90797
forecast_3804,2025-06-08 12:00:00,333.80034288502446,559.0923,161.12091
forecast_3805,2025-06-08 13:00:00,328.0823856760749,558.2739,131.98473
forecast_3806,2025-06-08 14:00:00,322.47844909991795,549.5932,131.94283
forecast_3807,2025-06-08 15:00:00,320.65412237931145,543.5584,136.73021
forecast_3808,2025-06-08 16:00:00,322.96286966114343,545.6256,154.74158
forecast_3809,2025-06-08 17:00:00,424.8738944270254,558.9897,164.49754
forecast_3810,2025-06-08 18:00:00,618.7982981701787,583.7692,162.42932
forecast_3811,2025-06-08 19:00:00,900.662388750196,606.4916,175.79807
forecast_3812,2025-06-08 20:00:00,1508.1169598365655,646.7716,212.50803
forecast_3813,2025-06-08 21:00:00,1905.2659507410276,924.2759,315.1948
forecast_3814,2025-06-08 22:00:00,2927.4753945456896,2607.9429,650.0437
forecast_3815,2025-06-08 23:00:00,5236.277896946852,6161.1123,1673.2756
forecast_3816,2025-06-09 00:00:00,7985.010427012661,8915.875,3412.8152
forecast_3817,2025-06-09 01:00:00,7580.5917133922885,10439.209,4784.085
forecast_3818,2025-06-09 02:00:00,7781.5706651722985,10044.686,5548.554
forecast_3819,2025-06-09 03:00:00,7876.64462817465,10247.107,6202.562
forecast_3820,2025-06-09 04:00:00,5937.65709333906,10011.409,5839.1753
forecast_3821,2025-06-09 05:00:00,6281.492408909213,9076.613,5227.8525
forecast_3822,2025-06-09 06:00:00,4815.086758730892,6679.983,4253.6016
forecast_3823,2025-06-09 07:00:00,2195.8681783484617,3184.9377,2687.2766
forecast_3824,2025-06-09 08:00:00,1116.7570878936592,1271.2231,1202.8179
forecast_3825,2025-06-09 09:00:00,550.9549871804518,776.047,566.6245
forecast_3826,2025-06-09 10:00:00,533.4358246102086,670.79333,345.61267
forecast_3827,2025-06-09 11:00:00,819.9904429960513,637.6932,249.84743
forecast_3828,2025-06-09 12:00:00,652.5536681209813,642.2206,262.6525
forecast_3829,2025-06-09 13:00:00,540.6414454232653,656.8137,314.35474
forecast_3830,2025-06-09 14:00:00,1301.3521984215822,694.3087,405.65744
forecast_3831,2025-06-09 15:00:00,1581.5677169750045,860.84845,618.11957
forecast_3832,2025-06-09 16:00:00,1634.6960430051051,982.6858,815.4608
forecast_3833,2025-06-09 17:00:00,1791.490088491263,1241.3196,862.7284
forecast_3834,2025-06-09 18:00:00,2320.74037101472,1467.9409,1392.2009
forecast_3835,2025-06-09 19:00:00,2621.291242039382,1852.9604,2266.746
forecast_3836,2025-06-09 20:00:00,2581.4272316282677,2782.969,2839.79
forecast_3837,2025-06-09 21:00:00,3726.8207484845348,4241.958,3530.6135
forecast_3838,2025-06-09 22:00:00,7388.049988284737,6175.8936,4596.0776
forecast_3839,2025-06-09 23:00:00,8491.86351446338,8711.46,5997.307
forecast_3840,2025-06-10 00:00:00,9277.037800745382,10723.405,7516.7305
forecast_3841,2025-06-10 01:00:00,11520.557785500889,12949.804,9056.708
forecast_3842,2025-06-10 02:00:00,13620.73533194536,15562.354,11113.8
forecast_3843,2025-06-10 03:00:00,15100.248590142368,17192.457,13693.633
forecast_3844,2025-06-10 04:00:00,15176.556781050615,17820.195,15147.995
forecast_3845,2025-06-10 05:00:00,17304.639738281156,17600.975,14910.622
forecast_3846,2025-06-10 06:00:00,17109.334131180934,17518.54,14319.713
forecast_3847,2025-06-10 07:00:00,14857.976972163837,17098.31,13117.386
forecast_3848,2025-06-10 08:00:00,9818.090178001823,15491.9795,10644.131
forecast_3849,2025-06-10 09:00:00,7424.556601628491,10988.451,5628.963
forecast_3850,2025-06-10 10:00:00,4277.017514082347,7286.673,2961.213
forecast_3851,2025-06-10 11:00:00,3776.4553787292452,4191.9956,1640.675
forecast_3852,2025-06-10 12:00:00,4080.411757040151,3281.369,1259.1819
forecast_3853,2025-06-10 13:00:00,4814.095302618878,3938.9043,1733.0402
forecast_3854,2025-06-10 14:00:00,4865.186127357342,4576.5,2707.86
forecast_3855,2025-06-10 15:00:00,5871.633113185576,5216.3926,3705.4087
forecast_3856,2025-06-10 16:00:00,7354.604960493649,6500.761,4772.039
forecast_3857,2025-06-10 17:00:00,10068.109434399765,7095.803,5109.3247
forecast_3858,2025-06-10 18:00:00,10193.973951651338,9429.519,6918.401
forecast_3859,2025-06-10 19:00:00,10552.174370521221,11874.117,8936.676
forecast_3860,2025-06-10 20:00:00,11062.529657169613,13104.638,10270.381
forecast_3861,2025-06-10 21:00:00,12331.222874377414,14537.594,12056.256
forecast_3862,2025-06-10 22:00:00,13116.614164413162,15880.785,13724.627
forecast_3863,2025-06-10 23:00:00,14747.866869781476,16727.08,14978.5625
forecast_3864,2025-06-11 00:00:00,15190.541523015114,16888.717,15254.926
forecast_3865,2025-06-11 01:00:00,10902.853051677066,16132.499,13702.004
forecast_3866,2025-06-11 02:00:00,12460.273213011194,15209.784,11417.324
forecast_3867,2025-06-11 03:00:00,12543.259112581007,15022.657,10457.542
forecast_3868,2025-06-11 04:00:00,13426.9081897922,14660.908,9792.494
forecast_3869,2025-06-11 05:00:00,13089.535010498872,13641.079,8650.697
forecast_3870,2025-06-11 06:00:00,13172.472155354297,11756.55,6862.2905
forecast_3871,2025-06-11 07:00:00,11628.667029839125,10508.254,5761.6274
forecast_3872,2025-06-11 08:00:00,9299.151755263301,9338.504,4809.6533
forecast_3873,2025-06-11 09:00:00,7165.208741620773,7409.5522,3587.289
forecast_3874,2025-06-11 10:00:00,6189.618162169675,6578.349,3426.7332
forecast_3875,2025-06-11 11:00:00,6919.6682945241155,6037.305,3271.9192
forecast_3876,2025-06-11 12:00:00,5996.969677588759,5339.832,3202.269
forecast_3877,2025-06-11 13:00:00,6532.261685750827,4606.5986,2966.4126
forecast_3878,2025-06-11 14:00:00,7021.620508135769,3901.4636,2840.3708
forecast_3879,2025-06-11 15:00:00,6928.19205818939,3920.34,3201.988
forecast_3880,2025-06-11 16:00:00,6541.553964998269,3536.4924,3379.8787
forecast_3881,2025-06-11 17:00:00,5434.853281368317,2353.0093,2905.8403
forecast_3882,2025-06-11 18:00:00,3760.851755164046,1543.4624,2537.7383
forecast_3883,2025-06-11 19:00:00,3006.5041902011108,1152.096,1719.7208
forecast_3884,2025-06-11 20:00:00,3552.7150807136177,920.5324,967.5128
forecast_3885,2025-06-11 21:00:00,4389.459236150121,1285.3197,965.55054
forecast_3886,2025-06-11 22:00:00,5881.129145118489,2574.09,1426.1854
forecast_3887,2025-06-11 23:00:00,6680.323007874924,3788.0068,1960.4653
forecast_3888,2025-06-12 00:00:00,5952.761575829284,4523.094,2731.4072
forecast_3889,2025-06-12 01:00:00,4706.732562183343,4024.2292,2988.4285
forecast_3890,2025-06-12 02:00:00,4861.3439848506605,2094.8328,2645.3494
forecast_3891,2025-06-12 03:00:00,3243.323648614352,1359.8882,2081.4226
forecast_3892,2025-06-12 04:00:00,2616.5992687261955,919.97314,1415.4357
forecast_3893,2025-06-12 05:00:00,1807.336380911665,788.5641,848.25116
forecast_3894,2025-06-12 06:00:00,683.1037599150238,756.0963,554.8631
forecast_3895,2025-06-12 07:00:00,683.4765149727837,724.58813,315.40747
forecast_3896,2025-06-12 08:00:00,597.3225751962723,716.47205,141.50504
forecast_3897,2025-06-12 09:00:00,345.27108541770934,740.13525,110.867195
forecast_3898,2025-06-12 10:00:00,343.3847267251834,723.92145,103.29319
forecast_3899,2025-06-12 11:00:00,336.00327032147885,671.5023,106.48503
forecast_3900,2025-06-12 12:00:00,339.5074502917021,629.1427,112.49554
forecast_3901,2025-06-12 13:00:00,329.4181427659461,603.0515,120.02641
forecast_3902,2025-06-12 14:00:00,328.97295416471604,588.28156,131.98991
forecast_3903,2025-06-12 15:00:00,319.68000000000006,587.9561,144.46947
forecast_3904,2025-06-12 16:00:00,319.68000000000006,586.5978,151.5095
forecast_3905,2025-06-12 17:00:00,341.6203533874419,582.6408,160.12518
forecast_3906,2025-06-12 18:00:00,429.102953651418,582.5524,170.36656
forecast_3907,2025-06-12 19:00:00,484.09685723473376,592.26715,174.83974
forecast_3908,2025-06-12 20:00:00,549.4466431304444,617.3218,201.48776
forecast_3909,2025-06-12 21:00:00,1027.9360556340612,678.16675,323.52335
forecast_3910,2025-06-12 22:00:00,1374.558250792084,804.15015,596.47925
forecast_3911,2025-06-12 23:00:00,1620.5206917756666,1045.8394,1084.3147
forecast_3912,2025-06-13 00:00:00,1911.2832426575335,1274.7341,1493.7339
forecast_3913,2025-06-13 01:00:00,4646.130846667916,1495.6284,1826.9297
forecast_3914,2025-06-13 02:00:00,5684.001348409634,2192.1108,2492.9182
forecast_3915,2025-06-13 03:00:00,6546.125390657968,3277.1018,2864.8442
forecast_3916,2025-06-13 04:00:00,4716.272063121474,3792.7815,2631.3684
forecast_3917,2025-06-13 05:00:00,3909.7082495397426,3805.9907,2701.799
forecast_3918,2025-06-13 06:00:00,1993.7709646877897,2641.652,2591.4336
forecast_3919,2025-06-13 07:00:00,974.1830117472527,1352.9468,1850.519
forecast_3920,2025-06-13 08:00:00,462.61690836977436,835.57654,815.6571
forecast_3921,2025-06-13 09:00:00,401.1835600760703,671.3062,272.54227
forecast_3922,2025-06-13 10:00:00,421.9224111868248,638.6929,174.47789
forecast_3923,2025-06-13 11:00:00,381.29051979165394,609.34644,148.52994
forecast_3924,2025-06-13 12:00:00,482.7420494314043,601.9154,156.92525
forecast_3925,2025-06-13 13:00:00,760.7270139578952,613.8322,194.06654
forecast_3926,2025-06-13 14:00:00,1127.175322842716,656.93787,265.2508
forecast_3927,2025-06-13 15:00:00,1534.7922018470465,729.16675,382.7496
forecast_3928,2025-06-13 16:00:00,1905.1861535714788,879.6559,514.81396
forecast_3929,2025-06-13 17:00:00,1704.7973633141828,894.8213,460.26633
forecast_3930,2025-06-13 18:00:00,2101.21685801238,1110.3254,593.3047
forecast_3931,2025-06-13 19:00:00,1430.7271903348876,1533.3872,675.11505
forecast_3932,2025-06-13 20:00:00,1358.5897948198176,1749.9514,779.8166
forecast_3933,2025-06-13 21:00:00,2357.696268805316,1883.4531,683.88367
forecast_3934,2025-06-13 22:00:00,2474.126487132567,1924.1917,705.02704
forecast_3935,2025-06-13 23:00:00,3003.2830330513334,2125.2275,902.68
forecast_3936,2025-06-14 00:00:00,2165.7488891566672,2699.8313,1340.9998
forecast_3937,2025-06-14 01:00:00,7450.6448426526595,2211.8916,1189.1876
forecast_3938,2025-06-14 02:00:00,8295.111087836705,4057.0354,2437.3916
forecast_3939,2025-06-14 03:00:00,6453.440115320263,6605.7656,4167.7383
forecast_3940,2025-06-14 04:00:00,6503.030781001266,6424.869,3459.889
forecast_3941,2025-06-14 05:00:00,5062.050659367815,4417.7217,1967.7411
forecast_3942,2025-06-14 06:00:00,4026.763415899972,2217.9658,1002.98303
forecast_3943,2025-06-14 07:00:00,1718.332193419473,1453.457,793.5948
forecast_3944,2025-06-14 08:00:00,1486.608998778084,995.53,757.7093
forecast_3945,2025-06-14 09:00:00,1342.257301524941,784.80493,329.4646
forecast_3946,2025-06-14 10:00:00,1448.0257141728457,821.7554,269.93582
forecast_3947,2025-06-14 11:00:00,762.681759662647,888.52,257.74435
forecast_3948,2025-06-14 12:00:00,635.8730663522775,896.3779,218.79904
forecast_3949,2025-06-14 13:00:00,554.1953655325871,863.95123,200.73763
forecast_3950,2025-06-14 14:00:00,474.58096415314026,856.2533,190.47774
forecast_3951,2025-06-14 15:00:00,484.7146178905475,845.51514,186.14793
forecast_3952,2025-06-14 16:00:00,398.8693131700192,838.5531,187.34248
forecast_3953,2025-06-14 17:00:00,633.2190826921042,748.2473,189.28207
forecast_3954,2025-06-14 18:00:00,535.5164277724076,660.73145,184.27548
forecast_3955,2025-06-14 19:00:00,555.7673119018672,639.45557,205.24779
forecast_3956,2025-06-14 20:00:00,747.4318660259397,660.8463,232.87627
forecast_3957,2025-06-14 21:00:00,1317.1743734526774,787.0383,270.441
forecast_3958,2025-06-14 22:00:00,1300.5656205149203,1195.6454,458.9716
forecast_3959,2025-06-14 23:00:00,1482.7668950435648,1956.419,1113.304
forecast_3960,2025-06-15 00:00:00,1853.007079866109,2135.7463,2113.65
forecast_3961,2025-06-15 01:00:00,3532.6176875072224,1887.9556,2205.1892
forecast_3962,2025-06-15 02:00:00,3698.8439846279957,2677.3445,2808.602
forecast_3963,2025-06-15 03:00:00,3066.0566875393906,4689.7085,3833.4504
forecast_3964,2025-06-15 04:00:00,4306.4423014918075,6315.5684,4246.8994
forecast_3965,2025-06-15 05:00:00,4835.353516943311,6956.4595,4205.8027
forecast_3966,2025-06-15 06:00:00,5411.163207844735,6926.6987,3957.663
forecast_3967,2025-06-15 07:00:00,3822.455471013929,6043.8203,2861.1995
forecast_3968,2025-06-15 08:00:00,1324.2491581714048,3932.7175,1820.9523
forecast_3969,2025-06-15 09:00:00,921.3911117323211,2105.8677,1011.1648
forecast_3970,2025-06-15 10:00:00,781.0331645605022,1249.316,602.61487
forecast_3971,2025-06-15 11:00:00,799.752206408381,870.171,453.0141
forecast_3972,2025-06-15 12:00:00,976.6951683876032,796.77905,455.56927
forecast_3973,2025-06-15 13:00:00,995.4504576572518,958.78577,578.77686
forecast_3974,2025-06-15 14:00:00,1550.7488756334549,1079.7026,805.20496
forecast_3975,2025-06-15 15:00:00,1856.850275887308,1394.0565,1115.3677
forecast_3976,2025-06-15 16:00:00,2456.199474088759,2247.0447,1772.066
forecast_3977,2025-06-15 17:00:00,2229.6273139405134,3394.5427,2743.3738
forecast_3978,2025-06-15 18:00:00,4088.2964784873698,3790.0876,2951.733
forecast_3979,2025-06-15 19:00:00,5085.464208481928,5130.519,3576.6895
forecast_3980,2025-06-15 20:00:00,5391.498799269873,6845.975,4599.978
forecast_3981,2025-06-15 21:00:00,6300.828362678954,8285.237,5489.2505
forecast_3982,2025-06-15 22:00:00,9800.617519741065,9592.239,6350.1953
forecast_3983,2025-06-15 23:00:00,10187.256254943168,11418.756,8638.305
forecast_3984,2025-06-16 00:00:00,10513.449498294252,11753.678,8867.909
forecast_3985,2025-06-16 01:00:00,9683.766553646901,12447.608,9514.573
forecast_3986,2025-06-16 02:00:00,10085.40321742965,11086.583,8234.46
forecast_3987,2025-06-16 03:00:00,9243.444934910882,11250.454,8237.038
forecast_3988,2025-06-16 04:00:00,7551.118320171053,11129.344,7758.822
forecast_3989,2025-06-16 05:00:00,5204.635315858055,8547.02,5402.249
forecast_3990,2025-06-16 06:00:00,6261.927742488548,5804.2153,2993.2446
forecast_3991,2025-06-16 07:00:00,7107.990558541525,5588.236,1674.8588
forecast_3992,2025-06-16 08:00:00,8295.893707195663,6330.4287,1334.7854
forecast_3993,2025-06-16 09:00:00,6878.096684939179,8377.692,1935.2786
forecast_3994,2025-06-16 10:00:00,7749.568782675783,9395.558,4010.4204
forecast_3995,2025-06-16 11:00:00,6397.289386477231,9263.65,4841.969
forecast_3996,2025-06-16 12:00:00,7189.485808918737,9848.939,5676.5303
forecast_3997,2025-06-16 13:00:00,9348.201480032249,9823.915,4188.3345
forecast_3998,2025-06-16 14:00:00,7729.067298823289,10959.782,5824.594
forecast_3999,2025-06-16 15:00:00,11300.121476269554,11349.8955,7261.816
forecast_4000,2025-06-16 16:00:00,11738.606429458732,13817.29,11124.893
forecast_4001,2025-06-16 17:00:00,13179.259132264448,14227.214,12373.0
forecast_4002,2025-06-16 18:00:00,13237.997978961892,13863.45,12780.282
forecast_4003,2025-06-16 19:00:00,14136.001196964164,13396.316,11794.844
forecast_4004,2025-06-16 20:00:00,11834.628385704444,13922.703,12077.026
forecast_4005,2025-06-16 21:00:00,12029.85698546384,14361.969,12359.342
forecast_4006,2025-06-16 22:00:00,15325.151587761384,15797.368,13515.88
forecast_4007,2025-06-16 23:00:00,16476.24093519493,16785.14,15175.543
forecast_4008,2025-06-17 00:00:00,15913.904120967863,17414.018,16257.6455
forecast_4009,2025-06-17 01:00:00,16571.333625017665,17505.986,16299.562
forecast_4010,2025-06-17 02:00:00,15871.740201048737,17523.943,16126.0625
forecast_4011,2025-06-17 03:00:00,16209.230255540602,17597.174,16260.727
forecast_4012,2025-06-17 04:00:00,16292.334938405982,17387.746,16047.489
forecast_4013,2025-06-17 05:00:00,15922.602649558434,17023.064,15657.98
forecast_4014,2025-06-17 06:00:00,16335.58413851474,16512.07,14841.136
forecast_4015,2025-06-17 07:00:00,13429.815196968311,16334.117,14200.412
forecast_4016,2025-06-17 08:00:00,13262.923990482,15799.711,13231.594
forecast_4017,2025-06-17 09:00:00,13017.431116461088,15257.299,12691.359
forecast_4018,2025-06-17 10:00:00,12586.125719985144,14567.525,12471.468
forecast_4019,2025-06-17 11:00:00,11305.694797260725,14121.744,12072.988
forecast_4020,2025-06-17 12:00:00,10689.433079203967,13736.168,11688.828
forecast_4021,2025-06-17 13:00:00,11445.60607817315,11600.579,10042.547
forecast_4022,2025-06-17 14:00:00,9427.417463922257,9981.375,8396.085
forecast_4023,2025-06-17 15:00:00,7467.733516360191,8659.538,7591.433
forecast_4024,2025-06-17 16:00:00,8572.028686208654,7418.5845,6550.058
forecast_4025,2025-06-17 17:00:00,5884.403248167975,8225.685,6783.6616
forecast_4026,2025-06-17 18:00:00,5673.178316176719,7822.065,6608.085
forecast_4027,2025-06-17 19:00:00,4058.904693663913,7725.789,6360.25
forecast_4028,2025-06-17 20:00:00,3493.932495750447,6256.992,4367.314
forecast_4029,2025-06-17 21:00:00,4261.279659866342,6153.5474,2985.294
forecast_4030,2025-06-17 22:00:00,4902.150411390009,7586.017,3020.9712
forecast_4031,2025-06-17 23:00:00,5768.694186265247,7628.7656,3136.0723
forecast_4032,2025-06-18 00:00:00,6670.466992130641,7866.981,3340.7288
forecast_4033,2025-06-18 01:00:00,6405.038735919459,7735.109,3249.575
forecast_4034,2025-06-18 02:00:00,7491.849174692117,8436.445,3770.057
forecast_4035,2025-06-18 03:00:00,8051.603903992955,9993.509,4561.252
forecast_4036,2025-06-18 04:00:00,8832.820316881189,11242.731,5023.567
forecast_4037,2025-06-18 05:00:00,9024.977814980875,11404.18,5077.437
forecast_4038,2025-06-18 06:00:00,7487.040915109033,11672.922,5637.6333
forecast_4039,2025-06-18 07:00:00,6309.961614144359,10921.031,5390.7764
forecast_4040,2025-06-18 08:00:00,6019.349563918157,9720.327,4972.46
forecast_4041,2025-06-18 09:00:00,5921.129245672914,7401.58,3976.0913
forecast_4042,2025-06-18 10:00:00,4206.378990372632,4714.7734,2578.3245
forecast_4043,2025-06-18 11:00:00,4785.546392646796,3421.847,1944.3274
forecast_4044,2025-06-18 12:00:00,4440.729670806366,2807.9824,1610.0387
forecast_4045,2025-06-18 13:00:00,4478.0099838002025,2733.198,1560.6085
forecast_4046,2025-06-18 14:00:00,3769.076884363019,3122.3542,1994.6503
forecast_4047,2025-06-18 15:00:00,4135.8859622808395,3291.2007,2264.185
forecast_4048,2025-06-18 16:00:00,4502.853526791792,3492.6465,2438.583
forecast_4049,2025-06-18 17:00:00,4321.900205351132,3709.1074,2687.706
forecast_4050,2025-06-18 18:00:00,4677.027412225945,3891.763,2862.3955
forecast_4051,2025-06-18 19:00:00,4751.428940885691,4030.9622,2857.931
forecast_4052,2025-06-18 20:00:00,6236.34420102229,5132.8164,3306.7793
forecast_4053,2025-06-18 21:00:00,8274.508578473204,7368.183,4646.867
forecast_4054,2025-06-18 22:00:00,8372.274846775807,9876.957,6530.697
forecast_4055,2025-06-18 23:00:00,9209.513379788523,11206.007,7457.731
forecast_4056,2025-06-19 00:00:00,10429.805457927603,12433.734,7997.3604
forecast_4057,2025-06-19 01:00:00,11494.012889478481,13711.002,8641.915
forecast_4058,2025-06-19 02:00:00,9986.74362847181,13832.2,8807.843
forecast_4059,2025-06-19 03:00:00,11354.507727324086,13059.751,8291.084
forecast_4060,2025-06-19 04:00:00,10963.513346124944,12235.816,7486.4707
forecast_4061,2025-06-19 05:00:00,11881.529042053266,11587.205,6929.3613
forecast_4062,2025-06-19 06:00:00,8700.573154546877,10725.769,5941.401
forecast_4063,2025-06-19 07:00:00,6657.153228906903,7982.3286,3804.3347
forecast_4064,2025-06-19 08:00:00,2882.548890672525,3934.698,1935.1794
forecast_4065,2025-06-19 09:00:00,1550.6653134049873,1628.1448,928.70667
forecast_4066,2025-06-19 10:00:00,1066.869343481781,873.8833,547.46606
forecast_4067,2025-06-19 11:00:00,635.0582380911704,683.3124,375.02963
forecast_4068,2025-06-19 12:00:00,488.29731651078686,617.1737,266.91312
forecast_4069,2025-06-19 13:00:00,424.11861944458053,604.3011,195.74934
forecast_4070,2025-06-19 14:00:00,389.4106793153531,575.81146,153.81395
forecast_4071,2025-06-19 15:00:00,439.1481701194135,594.00336,177.00262
forecast_4072,2025-06-19 16:00:00,601.3094719550247,697.02527,244.64807
forecast_4073,2025-06-19 17:00:00,1222.1826592914854,938.07385,303.15308
forecast_4074,2025-06-19 18:00:00,1367.0151726240238,1638.387,396.2687
forecast_4075,2025-06-19 19:00:00,1263.1186245464598,2143.3582,730.1379
forecast_4076,2025-06-19 20:00:00,3229.635909190377,2500.3245,1403.3944
forecast_4077,2025-06-19 21:00:00,4069.9500175092026,2808.4595,2434.2222
forecast_4078,2025-06-19 22:00:00,5036.644795423747,3174.326,3159.799
forecast_4079,2025-06-19 23:00:00,6017.857208402584,4222.17,3890.9824
forecast_4080,2025-06-20 00:00:00,7045.1386445554745,6002.0015,4707.836
forecast_4081,2025-06-20 01:00:00,7642.127226850031,8078.782,4918.555
forecast_4082,2025-06-20 02:00:00,9367.10871898813,11381.397,6257.104
forecast_4083,2025-06-20 03:00:00,9537.337490527842,14014.632,8503.452
forecast_4084,2025-06-20 04:00:00,10715.809128250174,15029.696,10263.119
forecast_4085,2025-06-20 05:00:00,10356.783881154059,15835.204,11902.248
forecast_4086,2025-06-20 06:00:00,9850.079838603682,15868.51,12453.2705
forecast_4087,2025-06-20 07:00:00,8206.070962786975,15198.929,11458.34
forecast_4088,2025-06-20 08:00:00,6883.455702623367,14300.538,9186.247
forecast_4089,2025-06-20 09:00:00,7796.920404763376,13249.556,7144.5117
forecast_4090,2025-06-20 10:00:00,8028.259721266726,12473.847,6869.475
forecast_4091,2025-06-20 11:00:00,7773.451484060778,12220.567,8570.358
forecast_4092,2025-06-20 12:00:00,11499.95652249425,12595.235,11260.557
forecast_4093,2025-06-20 13:00:00,12824.937029221946,13543.128,13734.687
forecast_4094,2025-06-20 14:00:00,12916.468114945836,14312.095,15419.13
forecast_4095,2025-06-20 15:00:00,13741.72993667794,14836.458,16134.752
forecast_4096,2025-06-20 16:00:00,17774.283315681474,15929.169,16957.752
forecast_4097,2025-06-20 17:00:00,17288.016136610247,16914.428,17985.752
forecast_4098,2025-06-20 18:00:00,18619.422829235085,17498.773,18549.479
forecast_4099,2025-06-20 19:00:00,18662.930798906204,17937.744,18868.613
forecast_4100,2025-06-20 20:00:00,18405.191101556196,18318.45,19132.104
forecast_4101,2025-06-20 21:00:00,18887.44018610441,18472.785,19282.084
forecast_4102,2025-06-20 22:00:00,18252.56859793151,18382.557,19280.018
forecast_4103,2025-06-20 23:00:00,18799.987877988824,18244.396,19148.145
forecast_4104,2025-06-21 00:00:00,18672.4166074853,18235.613,18997.342
forecast_4105,2025-06-21 01:00:00,18091.468271346275,18346.846,18787.123
forecast_4106,2025-06-21 02:00:00,17207.088796080167,18233.676,18431.11
forecast_4107,2025-06-21 03:00:00,15741.902940176731,18016.227,18061.191
forecast_4108,2025-06-21 04:00:00,14603.37359932205,17780.164,17483.312
forecast_4109,2025-06-21 05:00:00,12804.618120199822,16853.56,16181.695
forecast_4110,2025-06-21 06:00:00,13241.511989100229,15979.697,15282.892
forecast_4111,2025-06-21 07:00:00,11463.038733860702,16107.957,15660.088
forecast_4112,2025-06-21 08:00:00,13074.93265084805,15497.58,14773.16
forecast_4113,2025-06-21 09:00:00,11803.640601085313,15010.501,14410.221
forecast_4114,2025-06-21 10:00:00,8510.124169753719,13376.506,12388.008
forecast_4115,2025-06-21 11:00:00,6943.049628440313,11507.045,10129.575
forecast_4116,2025-06-21 12:00:00,6446.981673013909,8823.601,6610.275
forecast_4117,2025-06-21 13:00:00,8697.734753077213,8277.834,4447.663
forecast_4118,2025-06-21 14:00:00,6246.069519425213,8565.025,4015.7542
forecast_4119,2025-06-21 15:00:00,9651.585000328214,8533.764,3813.9534
forecast_4120,2025-06-21 16:00:00,10077.262232654813,8378.092,4924.983
forecast_4121,2025-06-21 17:00:00,7012.752911984694,8454.985,6928.899
forecast_4122,2025-06-21 18:00:00,8436.84807653404,8858.421,7659.8145
forecast_4123,2025-06-21 19:00:00,11291.897778608765,9330.485,8391.885
forecast_4124,2025-06-21 20:00:00,10886.12570279621,10777.314,10754.749
forecast_4125,2025-06-21 21:00:00,11122.731832664238,12681.1455,12265.659
forecast_4126,2025-06-21 22:00:00,11098.22465573347,13383.138,11816.242
forecast_4127,2025-06-21 23:00:00,12212.575328280414,13862.019,11903.883
forecast_4128,2025-06-22 00:00:00,16650.605700514876,13707.116,12558.359
forecast_4129,2025-06-22 01:00:00,13509.619558901644,14187.963,13575.9795
forecast_4130,2025-06-22 02:00:00,13334.309556777787,12807.11,12013.469
forecast_4131,2025-06-22 03:00:00,12562.38155844879,11681.085,9738.424
forecast_4132,2025-06-22 04:00:00,12022.115284547992,10532.074,7911.35
forecast_4133,2025-06-22 05:00:00,10205.20270219335,9046.138,6112.3833
forecast_4134,2025-06-22 06:00:00,8235.329730656156,6921.0186,4106.3647
forecast_4135,2025-06-22 07:00:00,8228.79386633277,5674.555,3037.6301
forecast_4136,2025-06-22 08:00:00,6352.112558557809,5067.335,2577.2732
forecast_4137,2025-06-22 09:00:00,4839.144105886036,4119.2354,2007.4
forecast_4138,2025-06-22 10:00:00,4064.8744495970127,3991.3608,2072.7834
forecast_4139,2025-06-22 11:00:00,4082.483766581281,3308.4258,2339.2742
forecast_4140,2025-06-22 12:00:00,4993.769221117977,2872.37,2848.161
forecast_4141,2025-06-22 13:00:00,4676.504819616215,2779.5222,3408.0986
forecast_4142,2025-06-22 14:00:00,3838.9126034999135,2839.2305,3757.7458
forecast_4143,2025-06-22 15:00:00,3223.604656966867,2147.3716,2654.4885
forecast_4144,2025-06-22 16:00:00,3752.3615886937105,1799.3533,1884.6381
forecast_4145,2025-06-22 17:00:00,3662.7484195842408,2312.369,2084.4875
forecast_4146,2025-06-22 18:00:00,3882.0886256205995,2795.1147,2589.3425
forecast_4147,2025-06-22 19:00:00,3911.9537941496023,3088.4238,2936.9822
forecast_4148,2025-06-22 20:00:00,4151.3588254050655,3469.452,3510.9753
forecast_4149,2025-06-22 21:00:00,5332.32532633055,4370.2344,4287.999
forecast_4150,2025-06-22 22:00:00,6368.60313658448,3711.6865,3690.5156
forecast_4151,2025-06-22 23:00:00,4552.387819834301,3005.3918,3211.2356
forecast_4152,2025-06-23 00:00:00,5333.845980613778,2772.9985,2773.2297
forecast_4153,2025-06-23 01:00:00,4227.152172258464,2391.1687,2356.0813
forecast_4154,2025-06-23 02:00:00,3770.8835573962624,2077.2786,2302.9333
forecast_4155,2025-06-23 03:00:00,3946.348483159155,1931.2722,2457.4414
forecast_4156,2025-06-23 04:00:00,3791.904015325566,1810.75,2213.8284
forecast_4157,2025-06-23 05:00:00,3215.6234904764756,1651.0425,1824.8279
forecast_4158,2025-06-23 06:00:00,1874.9570649644984,1278.0492,1215.3125
forecast_4159,2025-06-23 07:00:00,1206.6636244746692,801.4547,593.8601
forecast_4160,2025-06-23 08:00:00,441.87314027319985,635.05536,255.97621
forecast_4161,2025-06-23 09:00:00,334.1015658696982,616.271,135.5847
forecast_4162,2025-06-23 10:00:00,495.8095314429717,631.4889,106.416
forecast_4163,2025-06-23 11:00:00,581.3775487724904,656.2699,108.19758
forecast_4164,2025-06-23 12:00:00,621.539825796233,685.66394,123.646545
forecast_4165,2025-06-23 13:00:00,557.101355654046,716.1239,150.81952
forecast_4166,2025-06-23 14:00:00,699.5247212082359,717.53314,177.97691
forecast_4167,2025-06-23 15:00:00,619.4951188068488,689.43445,199.48688
forecast_4168,2025-06-23 16:00:00,542.0383521268037,669.0099,195.65439
forecast_4169,2025-06-23 17:00:00,416.7290489428165,656.59875,186.49321
forecast_4170,2025-06-23 18:00:00,378.25030636414647,642.80853,167.96457
forecast_4171,2025-06-23 19:00:00,364.27101286741066,650.24426,150.44933
forecast_4172,2025-06-23 20:00:00,582.0421962426652,658.3922,131.93694
forecast_4173,2025-06-23 21:00:00,446.68855934380156,680.2407,127.35021
forecast_4174,2025-06-23 22:00:00,394.302388413121,699.49255,129.81677
forecast_4175,2025-06-23 23:00:00,415.9012537604074,722.74164,144.21704
forecast_4176,2025-06-24 00:00:00,503.7128386716837,712.28534,138.67336
forecast_4177,2025-06-24 01:00:00,513.7169201336937,760.13983,131.52534
forecast_4178,2025-06-24 02:00:00,672.322894211808,777.5349,128.15622
forecast_4179,2025-06-24 03:00:00,686.9383825407183,834.14233,137.09972
forecast_4180,2025-06-24 04:00:00,867.8948423543744,858.3519,134.40573
forecast_4181,2025-06-24 05:00:00,1583.1660203868637,931.8603,141.9964
forecast_4182,2025-06-24 06:00:00,1811.2168225480864,1020.4027,166.73502
forecast_4183,2025-06-24 07:00:00,2944.1924641493188,1174.1542,211.1137
forecast_4184,2025-06-24 08:00:00,2561.4996637442546,1321.0333,210.1294
forecast_4185,2025-06-24 09:00:00,2718.4956144627777,1698.9192,247.05153
forecast_4186,2025-06-24 10:00:00,2600.8115974376333,2003.4497,292.60837
forecast_4187,2025-06-24 11:00:00,1879.0766264643353,2060.5164,347.91125
forecast_4188,2025-06-24 12:00:00,2120.258025832468,1837.0659,394.38434
forecast_4189,2025-06-24 13:00:00,1802.908546273516,1719.5479,435.3678
forecast_4190,2025-06-24 14:00:00,2067.691460846311,1663.7742,431.51605
forecast_4191,2025-06-24 15:00:00,2042.6134805360805,1613.6755,357.7029
forecast_4192,2025-06-24 16:00:00,2583.8350787253567,1699.9873,329.96152
forecast_4193,2025-06-24 17:00:00,3179.955946441243,1808.3406,309.63922
forecast_4194,2025-06-24 18:00:00,2729.7956120224985,2048.8926,300.61255
forecast_4195,2025-06-24 19:00:00,3517.505153704442,2076.791,284.00085
forecast_4196,2025-06-24 20:00:00,3752.762806332501,2383.0037,276.825
forecast_4197,2025-06-24 21:00:00,4162.356566444061,3113.9285,314.14856
forecast_4198,2025-06-24 22:00:00,6274.953220273049,4110.312,409.46426
forecast_4199,2025-06-24 23:00:00,6737.69242681658,4846.0454,545.3282
forecast_4200,2025-06-25 00:00:00,6945.859890860883,5185.555,693.9322
forecast_4201,2025-06-25 01:00:00,5480.59887327094,5000.6426,671.7741
forecast_4202,2025-06-25 02:00:00,5152.437352124482,4965.299,726.10364
forecast_4203,2025-06-25 03:00:00,3984.119717185504,4275.689,917.0084
forecast_4204,2025-06-25 04:00:00,3369.305427042627,3184.157,917.8738
forecast_4205,2025-06-25 05:00:00,3422.2120473193154,2792.5615,909.605
forecast_4206,2025-06-25 06:00:00,3201.0714696892974,2443.2422,814.8154
forecast_4207,2025-06-25 07:00:00,2530.690429463476,2380.442,656.1727
forecast_4208,2025-06-25 08:00:00,2536.3335956614355,2177.0063,556.3962
forecast_4209,2025-06-25 09:00:00,2206.8239218094436,1743.6104,437.6641
forecast_4210,2025-06-25 10:00:00,2302.5486176145682,1539.7439,362.49066
forecast_4211,2025-06-25 11:00:00,2129.2815700243646,1294.2126,293.4821
forecast_4212,2025-06-25 12:00:00,1949.1566514653382,1182.2366,242.94363
forecast_4213,2025-06-25 13:00:00,1700.0719030573528,1076.2168,214.30263
forecast_4214,2025-06-25 14:00:00,1384.9604882711146,1019.3133,198.45958
forecast_4215,2025-06-25 15:00:00,1070.1681982898933,1005.76807,196.45001
forecast_4216,2025-06-25 16:00:00,1073.6220842250684,972.78357,193.84087
forecast_4217,2025-06-25 17:00:00,1455.5575077531,896.55994,195.81113
forecast_4218,2025-06-25 18:00:00,907.9168605794379,890.8396,175.84886
forecast_4219,2025-06-25 19:00:00,1440.750164070585,1250.424,237.198
forecast_4220,2025-06-25 20:00:00,2001.9426964765244,1774.3413,325.34665
forecast_4221,2025-06-25 21:00:00,2829.4007673546175,2198.8506,385.02612
forecast_4222,2025-06-25 22:00:00,3948.3626308867665,3809.0083,407.91434
forecast_4223,2025-06-25 23:00:00,5349.460638695599,5564.487,727.833
forecast_4224,2025-06-26 00:00:00,6246.273261648961,6969.833,1785.8247
forecast_4225,2025-06-26 01:00:00,8780.312513128843,8359.351,3491.7883
forecast_4226,2025-06-26 02:00:00,10415.905320042495,10184.836,6494.1743
forecast_4227,2025-06-26 03:00:00,10769.565322044566,11994.515,9299.206
forecast_4228,2025-06-26 04:00:00,11217.133826577172,12774.564,11081.344
forecast_4229,2025-06-26 05:00:00,11384.747069371635,12552.103,11299.184
forecast_4230,2025-06-26 06:00:00,11741.31666174957,12344.24,11518.726
forecast_4231,2025-06-26 07:00:00,10558.477552814134,12173.417,11223.741
forecast_4232,2025-06-26 08:00:00,10695.778365709777,11686.352,10202.265
forecast_4233,2025-06-26 09:00:00,10085.19491691901,11203.946,8603.385
forecast_4234,2025-06-26 10:00:00,8371.747402778728,10559.635,6727.4956
forecast_4235,2025-06-26 11:00:00,6012.785951390257,8682.593,4362.057
forecast_4236,2025-06-26 12:00:00,5482.9308946630335,6399.529,2548.5354
forecast_4237,2025-06-26 13:00:00,4528.729787312444,5093.2812,1879.0546
forecast_4238,2025-06-26 14:00:00,3400.1531991106995,4090.4365,1718.2517
forecast_4239,2025-06-26 15:00:00,5580.654727796063,3426.5737,1788.1952
forecast_4240,2025-06-26 16:00:00,4640.3744620411535,3845.629,2384.5693
forecast_4241,2025-06-26 17:00:00,4355.7690498618485,4283.3438,3021.6511
forecast_4242,2025-06-26 18:00:00,5278.305063321615,4618.8867,3227.0024
forecast_4243,2025-06-26 19:00:00,4376.156960641523,4685.571,3291.314
forecast_4244,2025-06-26 20:00:00,5655.48146791641,4375.252,3015.6013
forecast_4245,2025-06-26 21:00:00,5455.062014807029,4841.849,3028.0078
forecast_4246,2025-06-26 22:00:00,4268.826549424633,5804.6167,3123.516
forecast_4247,2025-06-26 23:00:00,4332.977699051875,6646.918,3468.086
forecast_4248,2025-06-27 00:00:00,4359.008114508215,6282.115,3335.7908
forecast_4249,2025-06-27 01:00:00,4730.933858348951,6151.917,2961.8853
forecast_4250,2025-06-27 02:00:00,4903.494258743027,3711.8345,2263.6594
forecast_4251,2025-06-27 03:00:00,3596.2438742756717,2578.144,1908.7949
forecast_4252,2025-06-27 04:00:00,4479.693279570486,1985.9446,1772.0049
forecast_4253,2025-06-27 05:00:00,3876.3750989024697,2376.9167,2250.4421
forecast_4254,2025-06-27 06:00:00,2358.52630309998,1734.6423,1717.603
forecast_4255,2025-06-27 07:00:00,1854.0031281827967,1175.9902,1096.083
forecast_4256,2025-06-27 08:00:00,1355.0612297154642,816.2294,636.913
forecast_4257,2025-06-27 09:00:00,670.9012289199858,655.0169,423.49133
forecast_4258,2025-06-27 10:00:00,652.8851750395976,590.5944,324.14862
forecast_4259,2025-06-27 11:00:00,484.71991565372485,567.8822,250.44876
forecast_4260,2025-06-27 12:00:00,784.5992875197041,553.0947,153.65727
forecast_4261,2025-06-27 13:00:00,996.8803842558814,548.4823,132.63383
forecast_4262,2025-06-27 14:00:00,822.4464797334423,562.41425,146.48657
forecast_4263,2025-06-27 15:00:00,1507.3196441857376,616.1888,195.7535
forecast_4264,2025-06-27 16:00:00,1189.9360325407838,628.522,195.85182
forecast_4265,2025-06-27 17:00:00,868.1439047877392,604.0357,199.52173
forecast_4266,2025-06-27 18:00:00,500.3299091208013,592.4417,189.3448
forecast_4267,2025-06-27 19:00:00,629.657937047587,606.6325,209.15407
forecast_4268,2025-06-27 20:00:00,787.4825137757437,633.18353,240.62015
forecast_4269,2025-06-27 21:00:00,2631.9394079421954,740.3103,285.89725
forecast_4270,2025-06-27 22:00:00,4931.468254912651,1125.1534,591.8573
forecast_4271,2025-06-27 23:00:00,5035.99555019502,2107.2275,1512.7195
forecast_4272,2025-06-28 00:00:00,4911.457513486502,3665.5981,2966.2913
forecast_4273,2025-06-28 01:00:00,6727.299379239301,5272.437,3588.506
forecast_4274,2025-06-28 02:00:00,9301.42656290013,7509.2637,5321.456
forecast_4275,2025-06-28 03:00:00,9990.530401776927,8964.954,6054.1875
forecast_4276,2025-06-28 04:00:00,11564.168356740898,10119.375,7071.91
forecast_4277,2025-06-28 05:00:00,10754.794959857561,11100.333,7728.806
forecast_4278,2025-06-28 06:00:00,8612.909039483962,10415.633,7427.3164
forecast_4279,2025-06-28 07:00:00,9156.140082170608,8933.698,5441.215
forecast_4280,2025-06-28 08:00:00,5609.400548286696,8335.746,4664.9917
forecast_4281,2025-06-28 09:00:00,5419.85466179621,5132.4185,2337.1257
forecast_4282,2025-06-28 10:00:00,3901.453938815318,3327.078,1144.8984
forecast_4283,2025-06-28 11:00:00,2402.5415713116163,2219.0505,835.0178
forecast_4284,2025-06-28 12:00:00,817.3376431082389,1490.4248,626.6828
forecast_4285,2025-06-28 13:00:00,764.7289228609735,910.59033,491.64145
forecast_4286,2025-06-28 14:00:00,850.8542227151412,762.42664,361.3386
forecast_4287,2025-06-28 15:00:00,688.4249176122191,672.1615,233.0539
forecast_4288,2025-06-28 16:00:00,749.1476785704655,850.79956,286.65787
forecast_4289,2025-06-28 17:00:00,1053.5883077510323,970.15906,342.87772
forecast_4290,2025-06-28 18:00:00,1483.7020483860106,1182.047,556.1597
forecast_4291,2025-06-28 19:00:00,2754.5579569710726,1841.2517,1081.9307
forecast_4292,2025-06-28 20:00:00,3986.0130448170726,3215.424,1843.9658
forecast_4293,2025-06-28 21:00:00,6403.636554044731,6307.9316,2838.191
forecast_4294,2025-06-28 22:00:00,6725.941001925506,7467.524,3612.6636
forecast_4295,2025-06-28 23:00:00,6920.3053980663735,7040.9062,3238.267
forecast_4296,2025-06-29 00:00:00,7341.5315485977735,7935.6104,3658.127
forecast_4297,2025-06-29 01:00:00,7463.052199370029,9784.422,4166.5815
forecast_4298,2025-06-29 02:00:00,8451.511292744544,11899.738,5481.7954
forecast_4299,2025-06-29 03:00:00,9538.376791481853,13364.983,7012.002
forecast_4300,2025-06-29 04:00:00,12722.495443863969,13763.0,7750.2515
forecast_4301,2025-06-29 05:00:00,13333.767662538496,14336.723,9167.87
forecast_4302,2025-06-29 06:00:00,13080.581431723855,14120.031,10235.938
forecast_4303,2025-06-29 07:00:00,11594.300877271306,13449.2295,10140.063
forecast_4304,2025-06-29 08:00:00,8227.038839894047,12351.518,9344.191
forecast_4305,2025-06-29 09:00:00,6932.746943038216,10106.002,6953.4634
forecast_4306,2025-06-29 10:00:00,4651.213461568229,6429.0405,3735.1733
forecast_4307,2025-06-29 11:00:00,3491.1534707348687,3865.5159,1883.667
forecast_4308,2025-06-29 12:00:00,3229.096126684956,2639.7146,1399.6366
forecast_4309,2025-06-29 13:00:00,3007.6188004601945,2134.5544,1354.1183
forecast_4310,2025-06-29 14:00:00,3242.9057557999367,2074.5757,1676.1156
forecast_4311,2025-06-29 15:00:00,2770.1532334568446,2127.2776,2138.9465
forecast_4312,2025-06-29 16:00:00,2893.6178313610517,2041.0115,2170.0237
forecast_4313,2025-06-29 17:00:00,3108.243885257372,2186.8953,2178.8882
forecast_4314,2025-06-29 18:00:00,3645.1687995128946,2353.3855,2190.541
forecast_4315,2025-06-29 19:00:00,4212.72335684334,2529.6907,2194.8315
forecast_4316,2025-06-29 20:00:00,5403.791096856521,3577.8376,2604.4282
forecast_4317,2025-06-29 21:00:00,6660.637821946098,6569.8374,3553.174
forecast_4318,2025-06-29 22:00:00,7985.61071353749,9522.819,4641.9766
forecast_4319,2025-06-29 23:00:00,8349.741538380169,11611.719,6325.5854
forecast_4320,2025-06-30 00:00:00,8308.862104732287,12583.292,7743.1855
forecast_4321,2025-06-30 01:00:00,7454.968983575638,12017.702,7287.933
forecast_4322,2025-06-30 02:00:00,7614.180575270624,9631.034,4753.286
forecast_4323,2025-06-30 03:00:00,8944.38515581051,8890.0205,3450.8235
forecast_4324,2025-06-30 04:00:00,8503.343526943536,10008.716,3611.4539
forecast_4325,2025-06-30 05:00:00,8355.432467684832,11257.978,4586.9004
forecast_4326,2025-06-30 06:00:00,9464.950357595322,11690.851,5618.698
forecast_4327,2025-06-30 07:00:00,7430.8193723129425,10991.945,5637.663
forecast_4328,2025-06-30 08:00:00,5465.185274388972,8377.16,3664.2456
forecast_4329,2025-06-30 09:00:00,5343.802174777295,5694.19,2397.9312
forecast_4330,2025-06-30 10:00:00,4094.8611428855143,3233.4246,1609.5747
forecast_4331,2025-06-30 11:00:00,2992.7774282228306,1841.4021,1019.84106
forecast_4332,2025-06-30 12:00:00,2527.2380303639898,1616.5837,878.5453
forecast_4333,2025-06-30 13:00:00,2794.861574436402,1781.8533,963.682
forecast_4334,2025-06-30 14:00:00,3792.4571538024493,2830.6821,1596.1301
forecast_4335,2025-06-30 15:00:00,4592.13193306354,4596.25,3239.8655
forecast_4336,2025-06-30 16:00:00,4061.4743958676045,5238.724,3994.958
forecast_4337,2025-06-30 17:00:00,4755.529031619018,5325.6714,4569.9927
forecast_4338,2025-06-30 18:00:00,7447.892723797025,5761.5874,5618.7925
forecast_4339,2025-06-30 19:00:00,6598.818270104563,6144.8564,6452.541
forecast_4340,2025-06-30 20:00:00,7467.145592859025,8108.8594,6984.5176
forecast_4341,2025-06-30 21:00:00,10680.838670791276,10986.686,7952.748
forecast_4342,2025-06-30 22:00:00,12403.606546046089,12815.455,9551.645
forecast_4343,2025-06-30 23:00:00,12072.089605093086,13814.694,11338.611
forecast_4344,2025-07-01 00:00:00,10536.77333423723,13629.313,11852.547
forecast_4345,2025-07-01 01:00:00,9871.713557609686,12229.845,9624.822
forecast_4346,2025-07-01 02:00:00,9191.249645642241,11859.878,7351.5493
forecast_4347,2025-07-01 03:00:00,9158.393095407133,11836.683,6721.151
forecast_4348,2025-07-01 04:00:00,10544.622903764845,11874.524,6693.906
forecast_4349,2025-07-01 05:00:00,11237.805892253542,12457.658,7457.9404
forecast_4350,2025-07-01 06:00:00,10245.457394929643,12595.574,8374.079
forecast_4351,2025-07-01 07:00:00,7470.817064342387,11839.517,8268.872
forecast_4352,2025-07-01 08:00:00,5661.53028841158,10067.208,6196.615
forecast_4353,2025-07-01 09:00:00,5259.19937305477,9140.91,5518.177
forecast_4354,2025-07-01 10:00:00,4192.325673702006,7615.3115,4902.039
forecast_4355,2025-07-01 11:00:00,4431.059531979214,6546.254,4630.3223
forecast_4356,2025-07-01 12:00:00,5045.795105979137,6033.5273,4995.794
forecast_4357,2025-07-01 13:00:00,5420.773015158213,5672.6616,5262.118
forecast_4358,2025-07-01 14:00:00,5223.620951656921,5332.6157,5143.9478
forecast_4359,2025-07-01 15:00:00,5270.023502795835,5089.6226,4898.996
forecast_4360,2025-07-01 16:00:00,5351.849848646241,4140.827,4132.253
forecast_4361,2025-07-01 17:00:00,4971.948634968212,3987.6978,3966.3005
forecast_4362,2025-07-01 18:00:00,5093.413254758002,3973.9333,3673.971
forecast_4363,2025-07-01 19:00:00,7303.189253599374,4525.318,3987.0742
forecast_4364,2025-07-01 20:00:00,7116.257836374759,7036.932,4876.765
forecast_4365,2025-07-01 21:00:00,8963.877372940897,10613.327,6600.3374
forecast_4366,2025-07-01 22:00:00,10122.284733346241,13267.567,8398.134
forecast_4367,2025-07-01 23:00:00,11482.068791894057,14059.119,9289.829
forecast_4368,2025-07-02 00:00:00,13637.745945187547,14842.551,10180.462
forecast_4369,2025-07-02 01:00:00,12539.569516971264,15721.983,11716.997
forecast_4370,2025-07-02 02:00:00,14406.909151831118,15772.78,12503.582
forecast_4371,2025-07-02 03:00:00,15166.869638459311,16032.6,13304.048
forecast_4372,2025-07-02 04:00:00,14874.044181988425,16316.698,13765.932
forecast_4373,2025-07-02 05:00:00,16324.26844751821,16309.812,13468.665
forecast_4374,2025-07-02 06:00:00,15919.874878812036,16290.692,13423.604
forecast_4375,2025-07-02 07:00:00,15173.445580737263,16251.352,13716.515
forecast_4376,2025-07-02 08:00:00,13872.573292752702,15516.329,12832.5205
forecast_4377,2025-07-02 09:00:00,11070.566188614861,14122.032,10748.841
forecast_4378,2025-07-02 10:00:00,9666.596257158539,10790.336,7286.0645
forecast_4379,2025-07-02 11:00:00,5731.557251273325,6811.0,4212.55
forecast_4380,2025-07-02 12:00:00,5401.233429002975,5113.094,3045.0981
forecast_4381,2025-07-02 13:00:00,5769.018196269043,4881.938,3304.098
forecast_4382,2025-07-02 14:00:00,5483.670635473177,4503.117,3649.1987
forecast_4383,2025-07-02 15:00:00,5030.224136898177,4563.285,4065.1338
forecast_4384,2025-07-02 16:00:00,4390.592408066672,4125.8555,3957.5237
forecast_4385,2025-07-02 17:00:00,4829.501944114939,3393.9268,3175.1357
forecast_4386,2025-07-02 18:00:00,3741.0334101276794,3448.7588,2941.1682
forecast_4387,2025-07-02 19:00:00,4290.2104229035895,2847.147,2294.6416
forecast_4388,2025-07-02 20:00:00,5669.115720889227,3922.866,2260.2075
forecast_4389,2025-07-02 21:00:00,6210.078262721076,7391.3384,2986.5767
forecast_4390,2025-07-02 22:00:00,7873.6544411179875,9459.389,3607.693
forecast_4391,2025-07-02 23:00:00,7705.255327059322,10743.708,5102.66
forecast_4392,2025-07-03 00:00:00,8421.009339461125,11118.925,5757.0977
forecast_4393,2025-07-03 01:00:00,10758.32378938738,11854.892,6702.6875
forecast_4394,2025-07-03 02:00:00,11444.958586703266,12760.221,8272.813
forecast_4395,2025-07-03 03:00:00,10564.266944631661,13088.797,9317.88
forecast_4396,2025-07-03 04:00:00,12834.025439081917,13177.839,9645.89
forecast_4397,2025-07-03 05:00:00,13819.693970593471,13522.316,10092.255
forecast_4398,2025-07-03 06:00:00,13408.81203780012,14377.731,11049.664
forecast_4399,2025-07-03 07:00:00,11670.763662876516,14778.651,11910.648
forecast_4400,2025-07-03 08:00:00,11046.881746509855,14000.31,11277.435
forecast_4401,2025-07-03 09:00:00,10713.336011899893,12876.259,9954.545
forecast_4402,2025-07-03 10:00:00,9556.03170642461,12351.04,9792.236
forecast_4403,2025-07-03 11:00:00,8203.344400645594,9984.152,8051.0977
forecast_4404,2025-07-03 12:00:00,5799.242315089378,7343.0093,6169.594
forecast_4405,2025-07-03 13:00:00,5425.560780102104,6102.9175,5639.028
forecast_4406,2025-07-03 14:00:00,5647.660404825222,6251.4907,6632.116
forecast_4407,2025-07-03 15:00:00,6159.732079657996,6712.425,7364.57
forecast_4408,2025-07-03 16:00:00,6210.825989775591,6664.781,7868.806
forecast_4409,2025-07-03 17:00:00,5706.0387043929,7082.787,8428.886
forecast_4410,2025-07-03 18:00:00,5698.842453567209,6844.601,8373.438
forecast_4411,2025-07-03 19:00:00,8390.384343273641,8054.142,8849.276
forecast_4412,2025-07-03 20:00:00,11194.608754874262,12038.782,10722.928
forecast_4413,2025-07-03 21:00:00,12047.762946457568,15405.132,13381.242
forecast_4414,2025-07-03 22:00:00,12587.146295678172,16554.863,14461.279
forecast_4415,2025-07-03 23:00:00,12178.604294817142,16370.2705,13759.761
forecast_4416,2025-07-04 00:00:00,14347.611116250653,16437.23,12895.57
forecast_4417,2025-07-04 01:00:00,14671.166904346794,17095.268,13273.556
forecast_4418,2025-07-04 02:00:00,13627.354959341961,17258.11,13881.824
forecast_4419,2025-07-04 03:00:00,14991.75856103922,17415.38,14294.422
forecast_4420,2025-07-04 04:00:00,15909.71109741745,17736.984,14836.544
forecast_4421,2025-07-04 05:00:00,15816.98584479763,18071.525,15761.614
forecast_4422,2025-07-04 06:00:00,17229.287330906496,18284.576,16451.63
forecast_4423,2025-07-04 07:00:00,16371.808928719627,18365.008,17045.068
forecast_4424,2025-07-04 08:00:00,16440.741536382466,18448.83,17510.703
forecast_4425,2025-07-04 09:00:00,16075.644610047353,18466.418,17941.502
forecast_4426,2025-07-04 10:00:00,14678.574387861843,18031.055,17795.287
forecast_4427,2025-07-04 11:00:00,14507.650095855097,17283.55,17014.861
forecast_4428,2025-07-04 12:00:00,14657.94979352609,16510.03,15948.227
forecast_4429,2025-07-04 13:00:00,14172.684545294867,15514.673,14552.908
forecast_4430,2025-07-04 14:00:00,13788.25113424042,15126.186,13349.194
forecast_4431,2025-07-04 15:00:00,13581.202874147177,15122.304,12389.142
forecast_4432,2025-07-04 16:00:00,13502.45986713549,15612.115,13153.709
forecast_4433,2025-07-04 17:00:00,13203.068894859156,15982.599,14473.396
forecast_4434,2025-07-04 18:00:00,13360.210931030068,16485.43,16116.035
forecast_4435,2025-07-04 19:00:00,14337.244271757903,16751.508,16963.018
forecast_4436,2025-07-04 20:00:00,15617.657098160475,16952.182,17639.182
forecast_4437,2025-07-04 21:00:00,16130.973893192451,17379.713,18128.494
forecast_4438,2025-07-04 22:00:00,17518.352938565306,17697.65,18276.32
forecast_4439,2025-07-04 23:00:00,17435.871982129953,18147.033,18627.82
forecast_4440,2025-07-05 00:00:00,16379.786367558212,18401.584,18813.027
forecast_4441,2025-07-05 01:00:00,15695.789777622813,18522.152,18625.385
forecast_4442,2025-07-05 02:00:00,14985.98274262133,18283.752,17910.068
forecast_4443,2025-07-05 03:00:00,14563.52930468446,17921.576,17131.0
forecast_4444,2025-07-05 04:00:00,14092.346253425436,17369.428,16277.596
forecast_4445,2025-07-05 05:00:00,14378.757589260029,16701.865,15327.482
forecast_4446,2025-07-05 06:00:00,14697.205306795215,16117.576,14673.868
forecast_4447,2025-07-05 07:00:00,14639.663533866713,15646.226,14096.095
forecast_4448,2025-07-05 08:00:00,13521.168568483217,15374.343,13716.918
forecast_4449,2025-07-05 09:00:00,12032.832539391557,14735.933,13024.674
forecast_4450,2025-07-05 10:00:00,11227.367830069417,13520.285,11883.715
forecast_4451,2025-07-05 11:00:00,8219.760535956968,11912.081,9829.75
forecast_4452,2025-07-05 12:00:00,8247.591206486419,10214.168,7808.9863
forecast_4453,2025-07-05 13:00:00,10535.737166935478,9944.598,7877.374
forecast_4454,2025-07-05 14:00:00,11505.099327905698,11059.469,10374.647
forecast_4455,2025-07-05 15:00:00,11095.165966896591,11934.293,12556.046
forecast_4456,2025-07-05 16:00:00,11208.439854475939,12105.432,13547.592
forecast_4457,2025-07-05 17:00:00,11213.788098047338,12335.217,13893.856
forecast_4458,2025-07-05 18:00:00,11035.672790181361,12368.751,13921.538
forecast_4459,2025-07-05 19:00:00,10601.212950776391,13137.243,13850.352
forecast_4460,2025-07-05 20:00:00,14346.495226754825,14808.619,14293.951
forecast_4461,2025-07-05 21:00:00,15041.769642046464,16722.664,15742.516
forecast_4462,2025-07-05 22:00:00,14939.862845132893,17680.932,16856.553
forecast_4463,2025-07-05 23:00:00,16014.225094311903,18009.576,17150.016
forecast_4464,2025-07-06 00:00:00,16823.303977779786,18154.988,16992.861
forecast_4465,2025-07-06 01:00:00,20596.69372462681,18088.035,16393.11
forecast_4466,2025-07-06 02:00:00,20833.79567515762,18052.46,16176.182
forecast_4467,2025-07-06 03:00:00,20659.698226643006,18079.639,16186.591
forecast_4468,2025-07-06 04:00:00,20024.87561205299,18198.713,16424.059
forecast_4469,2025-07-06 05:00:00,17283.85970799331,18268.47,16679.957
forecast_4470,2025-07-06 06:00:00,16764.059198030365,18183.643,16746.209
forecast_4471,2025-07-06 07:00:00,14931.248837962285,18044.896,16754.97
forecast_4472,2025-07-06 08:00:00,13266.538314200408,17566.562,16481.846
forecast_4473,2025-07-06 09:00:00,12258.589832208161,16381.656,15217.498
forecast_4474,2025-07-06 10:00:00,10797.640081069987,13927.405,12267.578
forecast_4475,2025-07-06 11:00:00,8122.021057531753,10027.289,7709.5737
forecast_4476,2025-07-06 12:00:00,6709.013310645934,6794.552,4488.516
forecast_4477,2025-07-06 13:00:00,5313.047750675684,4758.9194,3005.0176
forecast_4478,2025-07-06 14:00:00,4592.474611618228,3879.4043,2671.556
forecast_4479,2025-07-06 15:00:00,3918.6110514225034,3111.9534,2660.2937
forecast_4480,2025-07-06 16:00:00,3516.0378007638183,2679.4602,2599.227
forecast_4481,2025-07-06 17:00:00,3964.4767695504843,2347.1006,2706.1672
forecast_4482,2025-07-06 18:00:00,4202.5403744289,2667.1067,3003.6948
forecast_4483,2025-07-06 19:00:00,5517.343149914455,4033.8218,3810.4478
forecast_4484,2025-07-06 20:00:00,8159.01299204347,6771.112,5289.763
forecast_4485,2025-07-06 21:00:00,9463.655107795292,10410.826,7669.4062
forecast_4486,2025-07-06 22:00:00,11369.275039400945,12531.104,9706.028
forecast_4487,2025-07-06 23:00:00,10875.485607404999,13907.773,11630.264
forecast_4488,2025-07-07 00:00:00,12207.467301994298,14163.693,12481.994
forecast_4489,2025-07-07 01:00:00,11068.79508972632,14415.781,12978.288
forecast_4490,2025-07-07 02:00:00,10460.680119414914,13645.008,12067.993
forecast_4491,2025-07-07 03:00:00,10262.883744190487,13053.202,10162.794
forecast_4492,2025-07-07 04:00:00,8570.999364408703,12206.029,7775.9033
forecast_4493,2025-07-07 05:00:00,4129.265244895971,9238.512,4278.2305
forecast_4494,2025-07-07 06:00:00,2165.132624611774,4763.7026,1614.9641
forecast_4495,2025-07-07 07:00:00,1218.0000093101094,2047.8323,742.7284
forecast_4496,2025-07-07 08:00:00,710.0816294847111,941.9764,353.32867
forecast_4497,2025-07-07 09:00:00,371.2529369045228,671.25024,226.46844
forecast_4498,2025-07-07 10:00:00,372.53892368526886,608.6866,134.68901
forecast_4499,2025-07-07 11:00:00,391.51615264619477,597.5639,120.47383
forecast_4500,2025-07-07 12:00:00,415.68749358299726,594.86,130.29387
forecast_4501,2025-07-07 13:00:00,454.4958453270639,596.6878,154.65825
forecast_4502,2025-07-07 14:00:00,530.7351574276605,608.622,185.83527
forecast_4503,2025-07-07 15:00:00,609.9349231498067,624.6441,210.03311
forecast_4504,2025-07-07 16:00:00,475.051361141836,627.3111,218.81206
forecast_4505,2025-07-07 17:00:00,682.0071700984329,628.9099,229.2872
forecast_4506,2025-07-07 18:00:00,686.4309379406901,639.534,206.88568
forecast_4507,2025-07-07 19:00:00,630.4957890126071,665.1119,180.61209
forecast_4508,2025-07-07 20:00:00,696.1555283210288,718.6518,167.4604
forecast_4509,2025-07-07 21:00:00,834.656308055442,807.34265,158.21306
forecast_4510,2025-07-07 22:00:00,953.7967324337735,911.44574,155.43292
forecast_4511,2025-07-07 23:00:00,857.9648106613145,977.27155,155.34715
forecast_4512,2025-07-08 00:00:00,695.6068737549174,991.57935,151.01855
forecast_4513,2025-07-08 01:00:00,584.5184561291928,997.04047,154.1725
forecast_4514,2025-07-08 02:00:00,440.87766826859445,905.16595,155.05743
forecast_4515,2025-07-08 03:00:00,473.3506944430821,836.9828,162.41525
forecast_4516,2025-07-08 04:00:00,452.71969764350166,753.7705,157.63019
forecast_4517,2025-07-08 05:00:00,473.8987955930877,691.7488,145.28554
forecast_4518,2025-07-08 06:00:00,499.18593272256,653.84534,134.8441
forecast_4519,2025-07-08 07:00:00,472.28805905899526,680.2655,124.55033
forecast_4520,2025-07-08 08:00:00,475.5123556105619,699.7021,114.49334
forecast_4521,2025-07-08 09:00:00,414.0428183264815,707.1698,111.18126
forecast_4522,2025-07-08 10:00:00,520.2481524433247,708.7572,114.05236
forecast_4523,2025-07-08 11:00:00,599.4263922965736,680.50305,118.5546
forecast_4524,2025-07-08 12:00:00,644.447385214935,662.0099,126.696945
forecast_4525,2025-07-08 13:00:00,658.663944939837,650.56824,141.0219
forecast_4526,2025-07-08 14:00:00,522.5751312049094,658.53467,164.1798
forecast_4527,2025-07-08 15:00:00,546.8351613061344,648.884,179.94003
forecast_4528,2025-07-08 16:00:00,553.7676052148229,635.4308,190.97067
forecast_4529,2025-07-08 17:00:00,530.6581030339803,629.25024,191.98955
forecast_4530,2025-07-08 18:00:00,591.6246683786869,641.3031,182.78798
forecast_4531,2025-07-08 19:00:00,646.4689845688557,673.4016,180.55698
forecast_4532,2025-07-08 20:00:00,909.5426515883804,735.5182,176.94029
forecast_4533,2025-07-08 21:00:00,1449.7099123241478,884.7024,181.15834
forecast_4534,2025-07-08 22:00:00,1806.7708280117708,1100.6924,190.9068
forecast_4535,2025-07-08 23:00:00,1770.244633441524,1323.6813,191.7276
forecast_4536,2025-07-09 00:00:00,1629.8817209018205,1590.2412,188.55984
forecast_4537,2025-07-09 01:00:00,1507.0460683444587,1934.8811,196.70447
forecast_4538,2025-07-09 02:00:00,1827.2177530187105,1786.7212,194.45007
forecast_4539,2025-07-09 03:00:00,1904.816417941222,1680.9868,202.43178
forecast_4540,2025-07-09 04:00:00,1747.7578796946025,1723.9324,220.86765
forecast_4541,2025-07-09 05:00:00,1921.8464399370168,1733.5627,242.10794
forecast_4542,2025-07-09 06:00:00,1863.0944650284537,1717.8215,263.831
forecast_4543,2025-07-09 07:00:00,2130.5535882641616,1668.895,286.11304
forecast_4544,2025-07-09 08:00:00,1837.2377339349441,1526.2141,302.2659
forecast_4545,2025-07-09 09:00:00,1330.3358387723754,1271.5117,291.69968
forecast_4546,2025-07-09 10:00:00,948.341808057006,1082.2986,270.28265
forecast_4547,2025-07-09 11:00:00,1079.135363449331,916.0821,248.19197
forecast_4548,2025-07-09 12:00:00,1044.8587481169916,813.1671,237.63945
forecast_4549,2025-07-09 13:00:00,1114.061634413694,736.7695,228.05867
forecast_4550,2025-07-09 14:00:00,927.6641170505853,692.62854,223.20189
forecast_4551,2025-07-09 15:00:00,946.6803195415093,670.64197,221.36832
forecast_4552,2025-07-09 16:00:00,771.3627321192535,660.59326,216.94057
forecast_4553,2025-07-09 17:00:00,925.2272926568526,656.48804,211.95863
forecast_4554,2025-07-09 18:00:00,921.5191026264675,666.8739,207.60114
forecast_4555,2025-07-09 19:00:00,1536.031050552485,734.376,211.34622
forecast_4556,2025-07-09 20:00:00,1913.5355476178413,906.73724,227.93854
forecast_4557,2025-07-09 21:00:00,2521.762242703581,1272.7424,252.35117
forecast_4558,2025-07-09 22:00:00,3816.528524701797,1928.8916,267.23938
forecast_4559,2025-07-09 23:00:00,4103.099257676981,2888.1172,299.8586
forecast_4560,2025-07-10 00:00:00,4078.9771011822354,3564.0046,346.27277
forecast_4561,2025-07-10 01:00:00,3408.9596756591773,4024.6353,403.96735
forecast_4562,2025-07-10 02:00:00,3209.4398664680934,3783.5552,470.79248
forecast_4563,2025-07-10 03:00:00,3308.3629188941272,3555.9678,550.2637
forecast_4564,2025-07-10 04:00:00,3956.3465865343087,3547.5098,678.88446
forecast_4565,2025-07-10 05:00:00,4351.376920640087,3830.416,866.84155
forecast_4566,2025-07-10 06:00:00,4689.46703526023,4553.445,1246.9108
forecast_4567,2025-07-10 07:00:00,5093.560522754039,4940.342,1769.9674
forecast_4568,2025-07-10 08:00:00,5455.4615342387915,4721.1406,2139.8538
forecast_4569,2025-07-10 09:00:00,5208.255366431502,4724.2646,2494.0935
forecast_4570,2025-07-10 10:00:00,3621.075817808548,4450.808,2588.7434
forecast_4571,2025-07-10 11:00:00,3255.9604794958823,3646.2935,2189.078
forecast_4572,2025-07-10 12:00:00,2881.0380210775193,2706.5122,1702.6792
forecast_4573,2025-07-10 13:00:00,2803.3690550095052,2098.7703,1277.5194
forecast_4574,2025-07-10 14:00:00,2717.0792096597756,1743.4338,1013.8736
forecast_4575,2025-07-10 15:00:00,2490.9964768551235,1568.2327,874.7421
forecast_4576,2025-07-10 16:00:00,2534.321750704526,1512.3918,822.48914
forecast_4577,2025-07-10 17:00:00,2460.88766165693,1675.2563,877.0272
forecast_4578,2025-07-10 18:00:00,2833.2138314161025,2029.3113,1024.9523
forecast_4579,2025-07-10 19:00:00,4191.703814570868,2834.4646,1258.0066
forecast_4580,2025-07-10 20:00:00,4462.116778111461,4179.084,1734.504
forecast_4581,2025-07-10 21:00:00,5484.779830495023,5719.792,2266.4656
forecast_4582,2025-07-10 22:00:00,6685.644179802161,6855.3105,2670.6262
forecast_4583,2025-07-10 23:00:00,6767.204486793964,8022.1836,3337.7976
forecast_4584,2025-07-11 00:00:00,7392.972251470045,8745.591,3605.9153
forecast_4585,2025-07-11 01:00:00,7869.171625616222,9035.65,3500.041
forecast_4586,2025-07-11 02:00:00,7525.187407961947,7853.0117,3096.7883
forecast_4587,2025-07-11 03:00:00,7083.904184722816,7772.5376,3257.9854
forecast_4588,2025-07-11 04:00:00,7474.891136961043,7831.997,3365.0005
forecast_4589,2025-07-11 05:00:00,7537.172870899776,8082.931,3408.98
forecast_4590,2025-07-11 06:00:00,7219.1188702501295,8570.392,3666.7756
forecast_4591,2025-07-11 07:00:00,7205.131022701822,8847.831,3948.7893
forecast_4592,2025-07-11 08:00:00,7854.490352457399,9088.093,4335.6885
forecast_4593,2025-07-11 09:00:00,6870.273438933902,8691.018,4462.955
forecast_4594,2025-07-11 10:00:00,5271.943376177023,7442.361,3940.9512
forecast_4595,2025-07-11 11:00:00,4130.862627875885,4896.9756,2544.485
forecast_4596,2025-07-11 12:00:00,3847.199313831592,3090.1323,1721.1001
forecast_4597,2025-07-11 13:00:00,3869.1351783232526,2306.465,1400.7529
forecast_4598,2025-07-11 14:00:00,2803.914843066812,1942.3081,1206.9867
forecast_4599,2025-07-11 15:00:00,2470.9104473967,1672.0627,1027.644
forecast_4600,2025-07-11 16:00:00,2398.0204829816666,1483.935,879.6745
forecast_4601,2025-07-11 17:00:00,2332.7934863745586,1538.6353,834.5896
forecast_4602,2025-07-11 18:00:00,3214.301852673498,1933.3274,917.36584
forecast_4603,2025-07-11 19:00:00,4015.3063473264656,2847.9841,1206.0524
forecast_4604,2025-07-11 20:00:00,4894.626380450671,4069.751,1608.0911
forecast_4605,2025-07-11 21:00:00,5539.140260918878,5385.977,2045.7798
forecast_4606,2025-07-11 22:00:00,6428.90836602661,6596.4277,2364.7554
forecast_4607,2025-07-11 23:00:00,6480.245931146626,7025.4727,2442.1133
forecast_4608,2025-07-12 00:00:00,6559.023836497077,7344.377,2353.9792
forecast_4609,2025-07-12 01:00:00,6324.396269280604,7287.305,2046.63
forecast_4610,2025-07-12 02:00:00,6024.107536898315,6411.398,1874.611
forecast_4611,2025-07-12 03:00:00,5966.745232906006,4902.4365,1464.0566
forecast_4612,2025-07-12 04:00:00,5001.841973901642,4398.6255,1141.6532
forecast_4613,2025-07-12 05:00:00,4659.988921368954,4166.2046,945.0404
forecast_4614,2025-07-12 06:00:00,4397.072806557807,3831.2898,771.66205
forecast_4615,2025-07-12 07:00:00,3559.81153113461,3494.503,635.4336
forecast_4616,2025-07-12 08:00:00,3053.0946208454193,2743.3853,498.49707
forecast_4617,2025-07-12 09:00:00,1543.3082225452943,2185.4854,406.10825
forecast_4618,2025-07-12 10:00:00,996.248850890896,1617.083,316.56714
forecast_4619,2025-07-12 11:00:00,629.4283766184905,1160.1365,229.32182
forecast_4620,2025-07-12 12:00:00,432.0389619898123,877.34906,180.3437
forecast_4621,2025-07-12 13:00:00,412.92427634570043,739.94635,154.05644
forecast_4622,2025-07-12 14:00:00,447.13116407875634,671.4509,140.26291
forecast_4623,2025-07-12 15:00:00,437.93698560380403,640.7439,133.40483
forecast_4624,2025-07-12 16:00:00,385.11768216958126,628.7577,130.64299
forecast_4625,2025-07-12 17:00:00,373.3165532053316,621.3038,126.63428
forecast_4626,2025-07-12 18:00:00,400.87781717494727,615.87177,126.28835
forecast_4627,2025-07-12 19:00:00,377.11046139986405,621.2692,139.0193
forecast_4628,2025-07-12 20:00:00,460.1421311175852,667.93506,161.54872
forecast_4629,2025-07-12 21:00:00,558.2416167598053,932.2377,242.18129
forecast_4630,2025-07-12 22:00:00,1031.8631288976487,1880.1155,410.04376
forecast_4631,2025-07-12 23:00:00,2247.650378824964,2995.8381,824.92664
forecast_4632,2025-07-13 00:00:00,3263.972601607328,4002.0444,1471.7517
forecast_4633,2025-07-13 01:00:00,2267.6970112155986,4848.3955,2144.886
forecast_4634,2025-07-13 02:00:00,2600.896829208797,4004.645,2234.4304
forecast_4635,2025-07-13 03:00:00,2936.095234042917,3434.276,2148.5552
forecast_4636,2025-07-13 04:00:00,2337.1369440024946,2726.1885,1865.5033
forecast_4637,2025-07-13 05:00:00,1971.6037279890952,1870.697,1233.051
forecast_4638,2025-07-13 06:00:00,1023.1963218838091,1444.7891,933.58417
forecast_4639,2025-07-13 07:00:00,1090.566010590027,936.80414,509.01807
forecast_4640,2025-07-13 08:00:00,491.8677679888374,717.73206,308.7373
forecast_4641,2025-07-13 09:00:00,473.9205558774496,635.2342,215.54958
forecast_4642,2025-07-13 10:00:00,397.4027523155876,598.9069,191.77434
forecast_4643,2025-07-13 11:00:00,518.1985633580175,575.2993,186.1287
forecast_4644,2025-07-13 12:00:00,534.1415786511955,579.405,213.72124
forecast_4645,2025-07-13 13:00:00,574.7110081044435,590.6921,256.69846
forecast_4646,2025-07-13 14:00:00,797.3135561859706,619.349,286.3004
forecast_4647,2025-07-13 15:00:00,640.3650133816992,662.07654,326.317
forecast_4648,2025-07-13 16:00:00,957.2187413965327,682.949,360.95508
forecast_4649,2025-07-13 17:00:00,1356.3938933179822,790.20636,448.05914
forecast_4650,2025-07-13 18:00:00,1888.3638530971334,1181.8396,715.37854
forecast_4651,2025-07-13 19:00:00,2570.214876279943,1978.6057,1067.9371
forecast_4652,2025-07-13 20:00:00,2154.149005173197,2597.156,1214.6759
forecast_4653,2025-07-13 21:00:00,1634.91800451668,3127.9983,1100.7828
forecast_4654,2025-07-13 22:00:00,3035.6937096810257,2748.0542,765.1064
forecast_4655,2025-07-13 23:00:00,2439.3435324161073,3408.5,951.5068
forecast_4656,2025-07-14 00:00:00,2412.1586721533417,4888.1914,2005.238
forecast_4657,2025-07-14 01:00:00,2970.041547477912,5183.823,2977.691
forecast_4658,2025-07-14 02:00:00,3395.455995888249,3936.545,3267.369
forecast_4659,2025-07-14 03:00:00,4654.162305376382,2660.6658,1903.9913
forecast_4660,2025-07-14 04:00:00,4554.989089656941,3819.6475,2037.5605
forecast_4661,2025-07-14 05:00:00,5078.108293487382,4977.23,2468.939
forecast_4662,2025-07-14 06:00:00,5511.40017461741,5524.2583,2907.9878
forecast_4663,2025-07-14 07:00:00,4772.674092911106,5300.1875,2973.0442
forecast_4664,2025-07-14 08:00:00,4494.855593343276,5126.6997,3288.6465
forecast_4665,2025-07-14 09:00:00,5261.260756704618,5270.372,3683.808
forecast_4666,2025-07-14 10:00:00,4315.6141174933755,5445.199,4585.4795
forecast_4667,2025-07-14 11:00:00,4294.176889323239,5320.0933,5501.6743
forecast_4668,2025-07-14 12:00:00,4488.248323866769,4683.05,5002.088
forecast_4669,2025-07-14 13:00:00,4375.273212476388,3723.4878,3552.1082
forecast_4670,2025-07-14 14:00:00,3962.9581448378412,3889.593,2798.8264
forecast_4671,2025-07-14 15:00:00,4397.058426459159,3820.9353,2749.616
forecast_4672,2025-07-14 16:00:00,5230.226857339376,3857.2917,3336.8308
forecast_4673,2025-07-14 17:00:00,4240.274741205231,4408.4043,4847.367
forecast_4674,2025-07-14 18:00:00,4872.759817512538,4807.3784,5403.75
forecast_4675,2025-07-14 19:00:00,6051.20956843837,5239.3486,5526.6797
forecast_4676,2025-07-14 20:00:00,5590.847614215701,5248.546,4878.7563
forecast_4677,2025-07-14 21:00:00,5475.043572181846,5420.593,4492.9863
forecast_4678,2025-07-14 22:00:00,6725.727321192163,5649.436,4139.402
forecast_4679,2025-07-14 23:00:00,6693.033780213612,6215.0107,4734.4707
forecast_4680,2025-07-15 00:00:00,7059.3907260453025,6530.5083,5537.468
forecast_4681,2025-07-15 01:00:00,8674.40492348894,7004.885,6630.428
forecast_4682,2025-07-15 02:00:00,9937.249211645856,8778.715,8032.811
forecast_4683,2025-07-15 03:00:00,8046.860826887194,9905.938,9653.534
forecast_4684,2025-07-15 04:00:00,8761.977242457644,9400.919,9714.387
forecast_4685,2025-07-15 05:00:00,7907.191246267779,8595.194,8004.89
forecast_4686,2025-07-15 06:00:00,7713.823621055833,7620.7544,6176.839
forecast_4687,2025-07-15 07:00:00,5745.3474816563075,7839.7695,5037.29
forecast_4688,2025-07-15 08:00:00,5498.628819910451,7690.767,4423.478
forecast_4689,2025-07-15 09:00:00,5995.075512276373,7556.585,4110.3237
forecast_4690,2025-07-15 10:00:00,2959.6642177352787,7615.626,4264.968
forecast_4691,2025-07-15 11:00:00,3636.113709289102,6239.565,3007.823
forecast_4692,2025-07-15 12:00:00,2334.3390488869954,4774.1436,1854.5505
forecast_4693,2025-07-15 13:00:00,2098.8400211245767,4123.2417,1506.7885
forecast_4694,2025-07-15 14:00:00,3125.4293235274463,3836.6301,1357.1956
forecast_4695,2025-07-15 15:00:00,3261.8564177173917,3887.796,1443.0974
forecast_4696,2025-07-15 16:00:00,3917.6665453383284,4160.3413,1699.3894
forecast_4697,2025-07-15 17:00:00,1984.4177679988504,4112.049,2018.8403
forecast_4698,2025-07-15 18:00:00,2551.2723017665767,3591.221,1727.1678
forecast_4699,2025-07-15 19:00:00,2610.8675392208665,3873.4546,1361.8035
forecast_4700,2025-07-15 20:00:00,3117.5235678878394,4012.6077,1319.4933
forecast_4701,2025-07-15 21:00:00,4356.220344702734,5072.482,1697.2498
forecast_4702,2025-07-15 22:00:00,4732.368020659302,6389.231,2389.4004
forecast_4703,2025-07-15 23:00:00,5252.5314676725,7602.616,3252.7966
forecast_4704,2025-07-16 00:00:00,7415.092105138843,8753.133,3995.0571
forecast_4705,2025-07-16 01:00:00,10823.886453754862,10950.257,5895.632
forecast_4706,2025-07-16 02:00:00,10732.649888052178,13462.523,9364.637
forecast_4707,2025-07-16 03:00:00,13338.036646442,14501.4795,11706.778
forecast_4708,2025-07-16 04:00:00,13456.202861337699,15509.526,13468.528
forecast_4709,2025-07-16 05:00:00,12627.214708088772,15758.753,13955.196
forecast_4710,2025-07-16 06:00:00,12141.462705608717,15586.308,13643.732
forecast_4711,2025-07-16 07:00:00,10548.30731026075,14553.371,12120.023
forecast_4712,2025-07-16 08:00:00,9083.78089882825,12088.609,8361.037
forecast_4713,2025-07-16 09:00:00,5190.535596054532,9289.416,4895.48
forecast_4714,2025-07-16 10:00:00,4615.890652853604,6330.307,3006.2083
forecast_4715,2025-07-16 11:00:00,2649.903479550842,4517.826,2344.0396
forecast_4716,2025-07-16 12:00:00,2191.8010317022563,3366.8547,1804.4828
forecast_4717,2025-07-16 13:00:00,3490.7949647443043,2871.9834,1975.223
forecast_4718,2025-07-16 14:00:00,3109.3975351778254,2868.7598,2487.3083
forecast_4719,2025-07-16 15:00:00,3255.7937396275447,2657.8303,1706.2207
forecast_4720,2025-07-16 16:00:00,4350.117832735719,2462.5886,1228.479
forecast_4721,2025-07-16 17:00:00,3052.2244551813264,3056.577,1209.3751
forecast_4722,2025-07-16 18:00:00,2783.859355675103,3530.391,1100.2219
forecast_4723,2025-07-16 19:00:00,3354.647542204407,4556.643,1482.9613
forecast_4724,2025-07-16 20:00:00,3814.8242578560344,5285.4023,1704.4736
forecast_4725,2025-07-16 21:00:00,5785.169554114667,6537.627,2337.8494
forecast_4726,2025-07-16 22:00:00,8175.803980427389,8894.267,4395.2983
forecast_4727,2025-07-16 23:00:00,10551.859211620571,12514.512,8921.043
forecast_4728,2025-07-17 00:00:00,11992.257895370256,13743.131,11016.797
forecast_4729,2025-07-17 01:00:00,10831.62071811878,13393.023,10936.728
forecast_4730,2025-07-17 02:00:00,12223.24593278224,14447.578,13132.69
forecast_4731,2025-07-17 03:00:00,10924.564620199053,15233.652,14608.601
forecast_4732,2025-07-17 04:00:00,10384.67977460898,14907.462,14332.219
forecast_4733,2025-07-17 05:00:00,10172.158893341912,14820.378,13625.346
forecast_4734,2025-07-17 06:00:00,11411.757792790111,14813.82,13146.929
forecast_4735,2025-07-17 07:00:00,12924.677379759418,14999.804,13103.07
forecast_4736,2025-07-17 08:00:00,10727.866443353525,14926.284,13525.813
forecast_4737,2025-07-17 09:00:00,10363.365434439882,14583.569,13473.221
forecast_4738,2025-07-17 10:00:00,11590.410187362679,14141.038,13413.081
forecast_4739,2025-07-17 11:00:00,9004.229406191389,13165.993,12684.392
forecast_4740,2025-07-17 12:00:00,8105.5505512064865,12641.349,11771.07
forecast_4741,2025-07-17 13:00:00,9884.836874896268,11823.763,9941.665
forecast_4742,2025-07-17 14:00:00,9757.56127361536,12150.034,9861.704
forecast_4743,2025-07-17 15:00:00,7596.5085903779245,11716.804,9396.575
forecast_4744,2025-07-17 16:00:00,6029.727526995388,10643.518,7815.451
forecast_4745,2025-07-17 17:00:00,6254.248045892915,9766.23,5914.785
forecast_4746,2025-07-17 18:00:00,6603.812072842018,9857.016,4901.03
forecast_4747,2025-07-17 19:00:00,6284.022544314919,10714.079,6286.735
forecast_4748,2025-07-17 20:00:00,6696.148614767642,11197.525,7225.1143
forecast_4749,2025-07-17 21:00:00,8742.40457881977,11069.429,7488.0977
forecast_4750,2025-07-17 22:00:00,7940.903832239668,12119.218,8500.498
forecast_4751,2025-07-17 23:00:00,9065.670155105458,12627.932,8285.417
forecast_4752,2025-07-18 00:00:00,8839.733913695141,13866.807,8978.341
forecast_4753,2025-07-18 01:00:00,10831.849090913609,13626.038,9793.542
forecast_4754,2025-07-18 02:00:00,7976.065967086137,15000.288,13275.6045
forecast_4755,2025-07-18 03:00:00,9131.40348854415,15059.795,14081.501
forecast_4756,2025-07-18 04:00:00,9487.924887488642,15195.949,14224.879
forecast_4757,2025-07-18 05:00:00,9624.653793545114,14399.193,11997.292
forecast_4758,2025-07-18 06:00:00,8586.311420304519,14014.012,10026.636
forecast_4759,2025-07-18 07:00:00,8769.161490714894,13002.728,8282.998
forecast_4760,2025-07-18 08:00:00,7755.0805124510625,12672.482,7824.8647
forecast_4761,2025-07-18 09:00:00,8128.134888735992,10736.287,6018.899
forecast_4762,2025-07-18 10:00:00,6371.895017630924,8888.958,5239.759
forecast_4763,2025-07-18 11:00:00,3333.6349266968036,7304.6562,4615.0557
forecast_4764,2025-07-18 12:00:00,2085.663596431772,4399.7593,2508.7556
forecast_4765,2025-07-18 13:00:00,1629.027324197041,2242.0073,1113.3722
forecast_4766,2025-07-18 14:00:00,2936.44201963959,1741.3691,748.6392
forecast_4767,2025-07-18 15:00:00,5869.9538186352,2251.555,910.84894
forecast_4768,2025-07-18 16:00:00,2527.592437863346,2416.0662,746.136
forecast_4769,2025-07-18 17:00:00,3927.696902989712,3178.3289,782.211
forecast_4770,2025-07-18 18:00:00,4966.723790203785,4307.438,1593.3943
forecast_4771,2025-07-18 19:00:00,5352.84423290226,5390.988,3497.673
forecast_4772,2025-07-18 20:00:00,4795.316802060397,6182.0737,5070.887
forecast_4773,2025-07-18 21:00:00,6772.097695222398,6499.4023,4874.273
forecast_4774,2025-07-18 22:00:00,7568.777001759725,6688.5703,4831.2114
forecast_4775,2025-07-18 23:00:00,7136.74515838591,7864.164,4791.5547
forecast_4776,2025-07-19 00:00:00,7121.140777694483,8191.8784,5610.641
forecast_4777,2025-07-19 01:00:00,5782.137805628506,8793.684,6601.2207
forecast_4778,2025-07-19 02:00:00,4939.308204705443,9626.934,7585.451
forecast_4779,2025-07-19 03:00:00,3908.305030731221,7873.208,6826.2266
forecast_4780,2025-07-19 04:00:00,3599.0216562987985,4965.796,5108.6426
forecast_4781,2025-07-19 05:00:00,3815.2041289577164,4332.1533,3919.406
forecast_4782,2025-07-19 06:00:00,3952.409742988086,3762.5835,2898.6233
forecast_4783,2025-07-19 07:00:00,3685.4538967503895,3827.906,2550.8384
forecast_4784,2025-07-19 08:00:00,4390.554222439463,3883.62,2403.3125
forecast_4785,2025-07-19 09:00:00,3792.4735691116357,5241.649,2985.4014
forecast_4786,2025-07-19 10:00:00,5703.3366150209895,5957.8193,3128.0159
forecast_4787,2025-07-19 11:00:00,7988.856204156524,9025.975,4812.104
forecast_4788,2025-07-19 12:00:00,8394.782786226022,11023.229,7352.3604
forecast_4789,2025-07-19 13:00:00,6979.365527230452,11945.692,9316.224
forecast_4790,2025-07-19 14:00:00,8955.51990741265,11741.712,9100.464
forecast_4791,2025-07-19 15:00:00,8963.013194393408,12379.703,9321.75
forecast_4792,2025-07-19 16:00:00,8818.843546118847,13212.376,10432.129
forecast_4793,2025-07-19 17:00:00,9526.43564509094,12864.435,10405.656
forecast_4794,2025-07-19 18:00:00,11051.014788539665,11981.843,9242.879
forecast_4795,2025-07-19 19:00:00,10383.87050072809,11841.575,8585.136
forecast_4796,2025-07-19 20:00:00,10575.949440659371,13137.726,9277.876
forecast_4797,2025-07-19 21:00:00,10399.550724483615,14246.484,10355.516
forecast_4798,2025-07-19 22:00:00,11226.670452638267,14623.535,11065.792
forecast_4799,2025-07-19 23:00:00,8705.962919824113,13794.275,11190.952
forecast_4800,2025-07-20 00:00:00,10929.557664809327,12237.446,8120.818
forecast_4801,2025-07-20 01:00:00,10911.28641964219,12839.064,7055.727
forecast_4802,2025-07-20 02:00:00,11523.76705777549,14165.294,9748.036
forecast_4803,2025-07-20 03:00:00,12066.671709950417,14350.0,11055.64
forecast_4804,2025-07-20 04:00:00,12145.406324677737,14625.706,11399.793
forecast_4805,2025-07-20 05:00:00,11596.589887590546,14463.955,10813.171
forecast_4806,2025-07-20 06:00:00,10911.159343314977,13326.037,8677.535
forecast_4807,2025-07-20 07:00:00,9774.249735632242,13100.312,7767.262
forecast_4808,2025-07-20 08:00:00,8682.785500616477,12965.337,7817.2656
forecast_4809,2025-07-20 09:00:00,6245.59808275063,12274.232,7118.976
forecast_4810,2025-07-20 10:00:00,6022.545094397393,10991.973,5681.751
forecast_4811,2025-07-20 11:00:00,5223.748706339662,8302.992,4197.1733
forecast_4812,2025-07-20 12:00:00,4208.436044824739,5732.97,3354.7742
forecast_4813,2025-07-20 13:00:00,4135.266223628071,4452.885,3100.9749
forecast_4814,2025-07-20 14:00:00,3573.038909703747,3996.4927,3224.1763
forecast_4815,2025-07-20 15:00:00,3186.192608058852,4029.167,3321.3767
forecast_4816,2025-07-20 16:00:00,2771.6064311932005,3597.687,2856.8267
forecast_4817,2025-07-20 17:00:00,2714.279053392378,3263.5007,2525.8906
forecast_4818,2025-07-20 18:00:00,3478.3226323851613,3371.436,2941.904
forecast_4819,2025-07-20 19:00:00,4881.24285119425,3504.9858,3148.4556
forecast_4820,2025-07-20 20:00:00,7382.908490937091,5372.2163,4255.864
forecast_4821,2025-07-20 21:00:00,8761.96538183642,9042.225,5728.4346
forecast_4822,2025-07-20 22:00:00,10506.244547125614,11985.7295,7322.403
forecast_4823,2025-07-20 23:00:00,11249.60693402775,13136.258,9048.1455
forecast_4824,2025-07-21 00:00:00,11311.340317718616,13091.221,9782.466
forecast_4825,2025-07-21 01:00:00,9456.202419324043,12834.251,10248.192
forecast_4826,2025-07-21 02:00:00,11501.908158638702,12402.763,9736.061
forecast_4827,2025-07-21 03:00:00,10103.220589763394,12959.99,9684.121
forecast_4828,2025-07-21 04:00:00,9112.804677372402,13272.306,9312.002
forecast_4829,2025-07-21 05:00:00,9189.663834616997,13118.87,8150.7285
forecast_4830,2025-07-21 06:00:00,9288.530899268893,13371.477,7724.5635
forecast_4831,2025-07-21 07:00:00,9809.438629732555,13257.042,7196.573
forecast_4832,2025-07-21 08:00:00,7901.304700157056,12088.915,6060.8735
forecast_4833,2025-07-21 09:00:00,7517.729990803816,10720.317,4893.4897
forecast_4834,2025-07-21 10:00:00,7851.264340970496,9601.655,5036.1772
forecast_4835,2025-07-21 11:00:00,7341.804594316457,8556.024,4510.3223
forecast_4836,2025-07-21 12:00:00,6051.936752781146,7946.9097,4573.146
forecast_4837,2025-07-21 13:00:00,6063.550903404296,6846.495,4069.849
forecast_4838,2025-07-21 14:00:00,5483.893062067631,6391.494,3977.9229
forecast_4839,2025-07-21 15:00:00,5560.637104802594,5981.76,3872.769
forecast_4840,2025-07-21 16:00:00,5395.669622298366,4966.7104,3199.1277
forecast_4841,2025-07-21 17:00:00,4558.0464844372145,4469.737,2690.1292
forecast_4842,2025-07-21 18:00:00,5169.947842393299,4456.2783,2727.3506
forecast_4843,2025-07-21 19:00:00,8228.47944566871,4863.9307,3600.5396
forecast_4844,2025-07-21 20:00:00,9128.017306201597,8114.9097,6011.7466
forecast_4845,2025-07-21 21:00:00,11588.622314983695,11837.388,8018.2695
forecast_4846,2025-07-21 22:00:00,13060.251088956313,13278.254,9536.097
forecast_4847,2025-07-21 23:00:00,11158.007065050411,13784.327,10354.64
forecast_4848,2025-07-22 00:00:00,11183.095103201033,13934.625,10243.471
forecast_4849,2025-07-22 01:00:00,11552.171289498423,14178.82,10234.805
forecast_4850,2025-07-22 02:00:00,14326.472053541802,13899.586,10469.764
forecast_4851,2025-07-22 03:00:00,14400.898985231852,14315.206,11733.355
forecast_4852,2025-07-22 04:00:00,13843.98403661749,14826.834,12769.235
forecast_4853,2025-07-22 05:00:00,13627.802191569112,14387.494,12362.024
forecast_4854,2025-07-22 06:00:00,13664.68303486309,13803.425,11633.606
forecast_4855,2025-07-22 07:00:00,11416.363538839392,13067.607,9861.556
forecast_4856,2025-07-22 08:00:00,10991.91175908875,11503.073,7308.27
forecast_4857,2025-07-22 09:00:00,8611.071591064323,9348.029,5246.805
forecast_4858,2025-07-22 10:00:00,5650.782408894672,6152.9595,3185.4705
forecast_4859,2025-07-22 11:00:00,4005.358023863104,3305.184,1856.2819
forecast_4860,2025-07-22 12:00:00,2952.7861493475393,2139.315,1331.6427
forecast_4861,2025-07-22 13:00:00,2685.2514611738497,1539.522,1162.3552
forecast_4862,2025-07-22 14:00:00,2328.032085015303,1409.0898,1128.1886
forecast_4863,2025-07-22 15:00:00,3599.0677305946037,1450.821,1166.6562
forecast_4864,2025-07-22 16:00:00,4164.759295457558,1508.1394,1256.5598
forecast_4865,2025-07-22 17:00:00,2326.265268481081,1625.6216,1269.7529
forecast_4866,2025-07-22 18:00:00,2935.6740181405607,1483.7021,1174.1023
forecast_4867,2025-07-22 19:00:00,3618.9600761271836,1487.4888,1227.8661
forecast_4868,2025-07-22 20:00:00,3786.214922860113,2126.2192,1431.3584
forecast_4869,2025-07-22 21:00:00,4138.25398595875,3723.2288,1942.6967
forecast_4870,2025-07-22 22:00:00,5058.055707407113,5798.037,2737.3662
forecast_4871,2025-07-22 23:00:00,5415.009163760355,6943.3555,3469.128
forecast_4872,2025-07-23 00:00:00,6586.77435195699,8310.939,4213.363
forecast_4873,2025-07-23 01:00:00,8032.971491892402,9290.858,4576.541
forecast_4874,2025-07-23 02:00:00,9731.433217073862,9737.857,5283.7256
forecast_4875,2025-07-23 03:00:00,9705.362596015419,9737.0,5708.022
forecast_4876,2025-07-23 04:00:00,9281.448336487916,10174.77,6262.329
forecast_4877,2025-07-23 05:00:00,8514.676846105127,9758.067,6000.9873
forecast_4878,2025-07-23 06:00:00,6492.442165429311,7739.6816,4196.566
forecast_4879,2025-07-23 07:00:00,5096.789321454974,5686.1514,2787.1387
forecast_4880,2025-07-23 08:00:00,3947.2898148738113,3540.1357,1982.0088
forecast_4881,2025-07-23 09:00:00,2362.182883821751,1838.8435,1312.351
forecast_4882,2025-07-23 10:00:00,713.5935024925998,996.66724,769.226
forecast_4883,2025-07-23 11:00:00,435.33287502481085,673.0248,425.11865
forecast_4884,2025-07-23 12:00:00,404.95105970167486,584.246,229.60213
forecast_4885,2025-07-23 13:00:00,406.28373161330444,565.5988,173.42097
forecast_4886,2025-07-23 14:00:00,377.09533397479834,565.54395,184.61398
forecast_4887,2025-07-23 15:00:00,537.0459902263212,571.2075,212.87837
forecast_4888,2025-07-23 16:00:00,426.7694536342348,575.91656,259.4845
forecast_4889,2025-07-23 17:00:00,568.7975184215256,586.4629,241.13972
forecast_4890,2025-07-23 18:00:00,839.0572698525651,589.6,178.1239
forecast_4891,2025-07-23 19:00:00,975.3908989566082,631.7213,203.02354
forecast_4892,2025-07-23 20:00:00,1324.0365107400557,841.8779,266.88132
forecast_4893,2025-07-23 21:00:00,2150.375258267176,1295.2756,442.15945
forecast_4894,2025-07-23 22:00:00,3230.000394186468,1801.5981,710.0786
forecast_4895,2025-07-23 23:00:00,3520.048802775323,2478.7168,1330.5605
forecast_4896,2025-07-24 00:00:00,3465.627647853426,3039.0144,1919.508
forecast_4897,2025-07-24 01:00:00,4284.783100562126,3500.8582,2421.3215
forecast_4898,2025-07-24 02:00:00,6966.492345563557,4663.411,3295.547
forecast_4899,2025-07-24 03:00:00,8152.137780173881,6617.495,3871.3064
forecast_4900,2025-07-24 04:00:00,7852.710304029775,8748.643,4320.953
forecast_4901,2025-07-24 05:00:00,7082.19209554482,9949.736,4800.11
forecast_4902,2025-07-24 06:00:00,6948.339868297679,8900.099,4252.1343
forecast_4903,2025-07-24 07:00:00,4101.520706971993,5980.799,3089.5198
forecast_4904,2025-07-24 08:00:00,1650.9305135772636,2711.6301,1558.869
forecast_4905,2025-07-24 09:00:00,604.1777621729781,1162.5613,682.38715
forecast_4906,2025-07-24 10:00:00,367.50361709122,723.70874,328.84586
forecast_4907,2025-07-24 11:00:00,347.16331857996784,605.20514,172.22906
forecast_4908,2025-07-24 12:00:00,342.8997799081048,559.7761,115.132774
forecast_4909,2025-07-24 13:00:00,364.48019537275445,546.2766,109.74496
forecast_4910,2025-07-24 14:00:00,347.3290049172475,542.8369,110.73534
forecast_4911,2025-07-24 15:00:00,357.08783359947984,543.1986,114.54053
forecast_4912,2025-07-24 16:00:00,348.3803950974809,548.365,115.69953
forecast_4913,2025-07-24 17:00:00,421.17998103803035,549.0996,112.82115
forecast_4914,2025-07-24 18:00:00,373.69583179937035,560.81067,122.578674
forecast_4915,2025-07-24 19:00:00,521.7253748583851,558.7566,140.85208
forecast_4916,2025-07-24 20:00:00,535.0563398041191,585.696,185.21231
forecast_4917,2025-07-24 21:00:00,530.798144277938,710.5011,340.14224
forecast_4918,2025-07-24 22:00:00,1243.7068126077747,826.2177,625.4772
forecast_4919,2025-07-24 23:00:00,1651.375941385623,809.5404,864.8271
forecast_4920,2025-07-25 00:00:00,2108.8277982523764,856.3948,1072.9534
forecast_4921,2025-07-25 01:00:00,2866.248666490569,927.44446,1184.0769
forecast_4922,2025-07-25 02:00:00,2584.0330801021455,1194.4482,1689.6755
forecast_4923,2025-07-25 03:00:00,2186.180506386596,1952.5642,2681.157
forecast_4924,2025-07-25 04:00:00,2218.194342544957,3124.273,3623.8555
forecast_4925,2025-07-25 05:00:00,2205.8372392235005,4582.521,4502.0903
forecast_4926,2025-07-25 06:00:00,1374.8576858179588,4523.8394,4349.861
forecast_4927,2025-07-25 07:00:00,1110.4864590748666,3274.99,3077.6445
forecast_4928,2025-07-25 08:00:00,676.2113906823025,1332.589,1450.8204
forecast_4929,2025-07-25 09:00:00,574.9854691644884,717.6748,553.3631
forecast_4930,2025-07-25 10:00:00,552.1275904541395,619.50214,305.87363
forecast_4931,2025-07-25 11:00:00,434.51737294894144,585.4885,193.65697
forecast_4932,2025-07-25 12:00:00,423.8443312699863,571.12067,132.37936
forecast_4933,2025-07-25 13:00:00,341.7404551611512,564.2152,120.936966
forecast_4934,2025-07-25 14:00:00,413.8414916070718,559.1412,103.40579
forecast_4935,2025-07-25 15:00:00,471.60467652762134,578.17444,106.146194
forecast_4936,2025-07-25 16:00:00,546.1090194979369,605.8834,124.725136
forecast_4937,2025-07-25 17:00:00,474.3887118765971,673.98785,164.20862
forecast_4938,2025-07-25 18:00:00,624.8059366049662,882.7903,224.2011
forecast_4939,2025-07-25 19:00:00,973.859410355394,1462.8015,434.30838
forecast_4940,2025-07-25 20:00:00,1649.0057221417014,2649.3574,960.94116
forecast_4941,2025-07-25 21:00:00,2117.0128692805415,4330.196,1873.286
forecast_4942,2025-07-25 22:00:00,3632.675655786135,6048.741,2980.7632
forecast_4943,2025-07-25 23:00:00,4159.950258627927,7861.492,4390.494
forecast_4944,2025-07-26 00:00:00,4695.6572894716655,8609.479,5327.4424
forecast_4945,2025-07-26 01:00:00,6856.442047215964,8380.061,5433.4106
forecast_4946,2025-07-26 02:00:00,6586.697607226264,10113.224,7444.168
forecast_4947,2025-07-26 03:00:00,6155.64131231253,10901.27,8724.529
forecast_4948,2025-07-26 04:00:00,4945.773834312748,11572.2295,9383.398
forecast_4949,2025-07-26 05:00:00,3252.2669421832147,11371.143,8718.145
forecast_4950,2025-07-26 06:00:00,2286.0308878325263,9252.337,6625.5874
forecast_4951,2025-07-26 07:00:00,1379.0978695801953,2402.534,2050.3833
forecast_4952,2025-07-26 08:00:00,1136.9215532818191,989.17395,629.1971
forecast_4953,2025-07-26 09:00:00,847.8111379352703,733.8975,321.41867
forecast_4954,2025-07-26 10:00:00,759.0770871407684,642.9026,241.88763
forecast_4955,2025-07-26 11:00:00,636.0608515405108,644.9004,232.18478
forecast_4956,2025-07-26 12:00:00,541.4216785270938,649.2163,230.83766
forecast_4957,2025-07-26 13:00:00,384.21873253548034,648.4806,196.89969
forecast_4958,2025-07-26 14:00:00,350.44270235442394,599.61725,137.39777
forecast_4959,2025-07-26 15:00:00,444.66158210034456,598.52435,126.15901
forecast_4960,2025-07-26 16:00:00,469.7586945477812,610.2273,122.40093
forecast_4961,2025-07-26 17:00:00,463.1719976487196,634.3789,123.85591
forecast_4962,2025-07-26 18:00:00,547.402094210709,654.0492,137.5738
forecast_4963,2025-07-26 19:00:00,631.0343289837699,738.1174,172.82812
forecast_4964,2025-07-26 20:00:00,981.4998107786859,1140.0044,324.62885
forecast_4965,2025-07-26 21:00:00,1732.2651553885878,2534.2764,888.2354
forecast_4966,2025-07-26 22:00:00,2904.4095003372267,4726.878,2259.729
forecast_4967,2025-07-26 23:00:00,3745.9943261561166,6764.2046,4258.927
forecast_4968,2025-07-27 00:00:00,6677.172830594104,7880.39,5212.1963
forecast_4969,2025-07-27 01:00:00,8236.530807354491,9634.277,6242.705
forecast_4970,2025-07-27 02:00:00,8229.684781960912,11577.053,8311.374
forecast_4971,2025-07-27 03:00:00,7565.244044628756,12736.043,9861.459
forecast_4972,2025-07-27 04:00:00,6986.284730753667,13111.055,10172.154
forecast_4973,2025-07-27 05:00:00,6041.484100022506,12771.1,9252.483
forecast_4974,2025-07-27 06:00:00,5378.479772959573,11775.374,7876.6953
forecast_4975,2025-07-27 07:00:00,4604.439735650229,10151.088,5890.4824
forecast_4976,2025-07-27 08:00:00,2641.211001922661,7806.631,3886.8145
forecast_4977,2025-07-27 09:00:00,1466.6209796100193,4197.3174,2211.9668
forecast_4978,2025-07-27 10:00:00,915.5495295988495,1858.7056,1071.5234
forecast_4979,2025-07-27 11:00:00,878.8127298052709,1189.7903,576.4062
forecast_4980,2025-07-27 12:00:00,834.7734396639241,1033.34,411.22733
forecast_4981,2025-07-27 13:00:00,877.5499119230263,1032.105,399.0177
forecast_4982,2025-07-27 14:00:00,909.9808319791773,1166.269,488.95627
forecast_4983,2025-07-27 15:00:00,1775.5843958269038,1359.9209,667.0242
forecast_4984,2025-07-27 16:00:00,1894.1538979771708,1715.1467,925.7302
forecast_4985,2025-07-27 17:00:00,1771.9654040567113,2388.5774,1540.7704
forecast_4986,2025-07-27 18:00:00,1177.490598226933,3116.0107,2234.4805
forecast_4987,2025-07-27 19:00:00,2825.0485062528915,3931.404,2671.1494
forecast_4988,2025-07-27 20:00:00,3823.8044550800555,6033.1904,3811.444
forecast_4989,2025-07-27 21:00:00,5326.452445475426,8548.079,5551.9165
forecast_4990,2025-07-27 22:00:00,5861.343034485195,10221.51,7378.125
forecast_4991,2025-07-27 23:00:00,6545.279304920228,10299.794,8017.8486
forecast_4992,2025-07-28 00:00:00,8370.521026111117,11454.155,9014.801
forecast_4993,2025-07-28 01:00:00,10124.637865074816,12079.052,9275.8125
forecast_4994,2025-07-28 02:00:00,11451.89546979007,12529.138,10129.941
forecast_4995,2025-07-28 03:00:00,10974.511519323998,12816.318,10231.873
forecast_4996,2025-07-28 04:00:00,9806.564518461953,12642.159,9013.067
forecast_4997,2025-07-28 05:00:00,9590.407178686099,12146.967,7074.948
forecast_4998,2025-07-28 06:00:00,6476.90773903314,11091.915,5236.568
forecast_4999,2025-07-28 07:00:00,4758.166001079698,8926.679,3356.6829
forecast_5000,2025-07-28 08:00:00,2556.30855718433,5664.325,1842.7538
forecast_5001,2025-07-28 09:00:00,1324.7805743537447,2533.159,938.7461
forecast_5002,2025-07-28 10:00:00,646.6425916893647,1154.6431,486.9782
forecast_5003,2025-07-28 11:00:00,403.899036909262,778.24316,328.80017
forecast_5004,2025-07-28 12:00:00,370.33047461487735,636.8032,228.50096
forecast_5005,2025-07-28 13:00:00,442.98955507422664,607.7593,207.60307
forecast_5006,2025-07-28 14:00:00,389.42736777188685,613.3889,201.99922
forecast_5007,2025-07-28 15:00:00,360.2280097691155,607.795,136.57089
forecast_5008,2025-07-28 16:00:00,414.46525030057126,618.9559,125.18541
forecast_5009,2025-07-28 17:00:00,592.9713169012917,687.91235,134.7074
forecast_5010,2025-07-28 18:00:00,413.30919996430225,864.61707,183.86084
forecast_5011,2025-07-28 19:00:00,696.8127787430988,939.4649,225.43437
forecast_5012,2025-07-28 20:00:00,893.7594459267166,927.49243,213.7864
forecast_5013,2025-07-28 21:00:00,749.6933353156023,1331.2488,335.30386
forecast_5014,2025-07-28 22:00:00,731.4812743744787,1763.4028,567.6162
forecast_5015,2025-07-28 23:00:00,631.1375042305893,1781.4614,898.4711
forecast_5016,2025-07-29 00:00:00,696.652116125272,1219.8118,813.75995
forecast_5017,2025-07-29 01:00:00,2003.2896810208308,1080.7471,707.9064
forecast_5018,2025-07-29 02:00:00,1745.6981697261037,1249.0076,913.8907
forecast_5019,2025-07-29 03:00:00,1436.4770553093836,1590.2856,1349.897
forecast_5020,2025-07-29 04:00:00,1812.3777856640274,1841.7397,1643.9526
forecast_5021,2025-07-29 05:00:00,1238.547545881666,1679.2969,1557.1775
forecast_5022,2025-07-29 06:00:00,384.0791831523097,1292.0376,1150.4758
forecast_5023,2025-07-29 07:00:00,481.06425738619674,906.1851,720.87427
forecast_5024,2025-07-29 08:00:00,427.7120767578281,667.9311,334.21747
forecast_5025,2025-07-29 09:00:00,335.93136194778657,586.5892,151.50923
forecast_5026,2025-07-29 10:00:00,358.3634278846517,567.9577,105.687965
forecast_5027,2025-07-29 11:00:00,354.1719327638395,563.93353,103.50051
forecast_5028,2025-07-29 12:00:00,353.9105978848685,562.55597,101.84804
forecast_5029,2025-07-29 13:00:00,392.07449399282746,557.2802,106.877426
forecast_5030,2025-07-29 14:00:00,384.9750269802268,555.07806,111.4564
forecast_5031,2025-07-29 15:00:00,349.0803133481398,562.08185,123.75901
forecast_5032,2025-07-29 16:00:00,385.69973119307616,574.5398,130.23221
forecast_5033,2025-07-29 17:00:00,549.2939663866567,586.17163,142.65376
forecast_5034,2025-07-29 18:00:00,490.06792363606684,601.9404,168.85852
forecast_5035,2025-07-29 19:00:00,559.9299068269722,622.3107,189.99329
forecast_5036,2025-07-29 20:00:00,670.5910575285953,680.5447,222.29227
forecast_5037,2025-07-29 21:00:00,654.582311871736,811.88367,318.97675
forecast_5038,2025-07-29 22:00:00,1194.3275663920715,1036.1189,482.23486
forecast_5039,2025-07-29 23:00:00,1417.2538147628343,1258.4767,836.61835
forecast_5040,2025-07-30 00:00:00,2572.1076021092777,1475.8301,1350.9644
forecast_5041,2025-07-30 01:00:00,1682.723037810307,1602.9465,1641.7091
forecast_5042,2025-07-30 02:00:00,1898.6464202360344,1376.601,1741.5256
forecast_5043,2025-07-30 03:00:00,2543.5535142559147,1302.6926,1715.1139
forecast_5044,2025-07-30 04:00:00,1671.6017831359961,1156.418,1396.0701
forecast_5045,2025-07-30 05:00:00,1172.6892967470706,1036.3502,1197.4705
forecast_5046,2025-07-30 06:00:00,595.6272244241275,964.8496,890.10736
forecast_5047,2025-07-30 07:00:00,504.4906014045018,841.2998,559.83954
forecast_5048,2025-07-30 08:00:00,606.0683089542232,719.3361,305.84372
forecast_5049,2025-07-30 09:00:00,392.82107140206034,652.4088,133.23006
forecast_5050,2025-07-30 10:00:00,397.79865148541705,661.45233,105.77676
forecast_5051,2025-07-30 11:00:00,472.4537831195535,667.77734,105.10256
forecast_5052,2025-07-30 12:00:00,549.2046767685281,660.41394,116.48897
forecast_5053,2025-07-30 13:00:00,611.6538193665923,653.8821,135.20984
forecast_5054,2025-07-30 14:00:00,576.0669806481792,652.62427,154.9839
forecast_5055,2025-07-30 15:00:00,479.9040560008339,655.6156,157.69266
forecast_5056,2025-07-30 16:00:00,437.5010184819384,657.77954,157.34251
forecast_5057,2025-07-30 17:00:00,448.0307644264632,674.14856,149.13884
forecast_5058,2025-07-30 18:00:00,467.1937901261197,683.7713,148.416
forecast_5059,2025-07-30 19:00:00,720.9145266081161,697.2226,157.66905
forecast_5060,2025-07-30 20:00:00,880.4920982552926,750.82996,173.01099
forecast_5061,2025-07-30 21:00:00,1090.8792494396919,847.18756,199.49316
forecast_5062,2025-07-30 22:00:00,2293.6337247805677,934.1579,247.00916
forecast_5063,2025-07-30 23:00:00,2342.76708438096,1077.3658,340.24976
forecast_5064,2025-07-31 00:00:00,2207.4180006824145,1223.8977,445.88275
forecast_5065,2025-07-31 01:00:00,2492.1572817621245,1429.8945,541.94495
forecast_5066,2025-07-31 02:00:00,2352.7396066170104,1616.5769,794.7464
forecast_5067,2025-07-31 03:00:00,2648.038379838048,1710.5232,1032.7006
forecast_5068,2025-07-31 04:00:00,2740.3250500810977,1868.2908,1225.6088
forecast_5069,2025-07-31 05:00:00,3058.932060487877,1720.4807,1379.1658
forecast_5070,2025-07-31 06:00:00,2019.1701113358188,1484.9626,1205.96
forecast_5071,2025-07-31 07:00:00,1490.524444159239,1225.0569,1033.4088
forecast_5072,2025-07-31 08:00:00,1103.2957090639927,1007.5421,779.2777
forecast_5073,2025-07-31 09:00:00,713.4558972299851,771.0436,340.8156
forecast_5074,2025-07-31 10:00:00,639.5234982333399,706.3926,240.73938
forecast_5075,2025-07-31 11:00:00,927.3202681250837,700.3364,232.2436
forecast_5076,2025-07-31 12:00:00,759.8416280062179,707.12024,247.32085
forecast_5077,2025-07-31 13:00:00,750.863393381095,699.88354,264.19833
forecast_5078,2025-07-31 14:00:00,700.0004749018474,685.27997,261.33475
forecast_5079,2025-07-31 15:00:00,571.5041124177571,674.8154,239.34096
forecast_5080,2025-07-31 16:00:00,443.13130269729373,669.9059,207.43652
forecast_5081,2025-07-31 17:00:00,343.4509744077473,669.6341,199.7565
forecast_5082,2025-07-31 18:00:00,432.6402322612464,670.64233,203.26749
forecast_5083,2025-07-31 19:00:00,476.55049836254597,665.22815,161.24294
forecast_5084,2025-07-31 20:00:00,391.25800240073164,695.84515,151.53935
forecast_5085,2025-07-31 21:00:00,368.6347054536187,730.9903,152.69423
forecast_5086,2025-07-31 22:00:00,798.6502477821631,789.9287,173.83832
forecast_5087,2025-07-31 23:00:00,797.9656813853182,864.3487,226.3755
forecast_5088,2025-08-01 00:00:00,517.7356700119391,913.76654,295.73853
forecast_5089,2025-08-01 01:00:00,566.137718758195,912.9176,348.95923
forecast_5090,2025-08-01 02:00:00,433.29230061460885,897.3368,495.8583
forecast_5091,2025-08-01 03:00:00,667.9515076117232,885.2943,844.8132
forecast_5092,2025-08-01 04:00:00,522.2190200450634,854.0519,1225.0376
forecast_5093,2025-08-01 05:00:00,461.9265258506751,788.2008,1305.4735
forecast_5094,2025-08-01 06:00:00,365.14463750497464,719.4697,1024.3983
forecast_5095,2025-08-01 07:00:00,358.90816507809404,663.60095,444.3779
forecast_5096,2025-08-01 08:00:00,353.6571173352953,632.60156,196.70268
forecast_5097,2025-08-01 09:00:00,339.8324229582914,639.7849,121.226166
forecast_5098,2025-08-01 10:00:00,337.71921388230885,642.4483,102.56484
forecast_5099,2025-08-01 11:00:00,342.40667452195817,633.3311,105.20135
forecast_5100,2025-08-01 12:00:00,381.0881705576319,628.93536,118.350494
forecast_5101,2025-08-01 13:00:00,433.1358057973961,629.08435,140.27838
forecast_5102,2025-08-01 14:00:00,391.8094999198687,631.9727,167.27365
forecast_5103,2025-08-01 15:00:00,361.4194390590515,607.4628,180.00963
forecast_5104,2025-08-01 16:00:00,362.8199641919394,588.9445,178.86238
forecast_5105,2025-08-01 17:00:00,361.98340333920044,575.9276,179.76573
forecast_5106,2025-08-01 18:00:00,419.4672402478854,568.2634,175.38782
forecast_5107,2025-08-01 19:00:00,511.2388812363995,559.1887,161.07999
forecast_5108,2025-08-01 20:00:00,533.7904576748631,563.63086,152.69525
forecast_5109,2025-08-01 21:00:00,720.4853060398124,580.4012,161.2476
forecast_5110,2025-08-01 22:00:00,782.4293014763614,607.5857,189.42792
forecast_5111,2025-08-01 23:00:00,562.813330115658,635.5845,197.45413
forecast_5112,2025-08-02 00:00:00,580.2045039271869,677.75244,262.5307
forecast_5113,2025-08-02 01:00:00,2940.8869404774982,1029.6565,372.20975
forecast_5114,2025-08-02 02:00:00,4582.740474073227,2050.6436,716.30817
forecast_5115,2025-08-02 03:00:00,6012.738092594954,4850.1855,1673.3931
forecast_5116,2025-08-02 04:00:00,6961.464399774058,7857.7354,3093.889
forecast_5117,2025-08-02 05:00:00,7320.506791980594,9800.27,4560.2476
forecast_5118,2025-08-02 06:00:00,8059.8295179933975,10696.672,5202.2974
forecast_5119,2025-08-02 07:00:00,7206.077615078904,10344.461,4887.134
forecast_5120,2025-08-02 08:00:00,7255.303198931434,9208.354,4118.9346
forecast_5121,2025-08-02 09:00:00,5085.274647754451,6656.5586,3085.344
forecast_5122,2025-08-02 10:00:00,2416.9266359228363,3861.705,2085.5566
forecast_5123,2025-08-02 11:00:00,1817.4201535006982,2027.1416,1250.8541
forecast_5124,2025-08-02 12:00:00,1962.4718081623344,1271.1824,858.34924
forecast_5125,2025-08-02 13:00:00,1441.6055465191816,1005.6909,798.05396
forecast_5126,2025-08-02 14:00:00,1568.31155340851,932.93964,790.13556
forecast_5127,2025-08-02 15:00:00,1596.3029681372773,807.87585,762.6321
forecast_5128,2025-08-02 16:00:00,803.9028316621062,667.714,304.1415
forecast_5129,2025-08-02 17:00:00,746.2459281515604,686.4043,222.99275
forecast_5130,2025-08-02 18:00:00,675.8236039847677,630.8009,195.28328
forecast_5131,2025-08-02 19:00:00,590.57388498316,601.3313,196.02101
forecast_5132,2025-08-02 20:00:00,706.6174486411564,634.7758,211.70067
forecast_5133,2025-08-02 21:00:00,1035.5052848924104,908.37866,407.36273
forecast_5134,2025-08-02 22:00:00,1230.7603597535156,1608.5564,810.70575
forecast_5135,2025-08-02 23:00:00,1232.7941262064244,2455.7405,1215.9952
forecast_5136,2025-08-03 00:00:00,1625.4930230516095,3615.1008,1372.6506
forecast_5137,2025-08-03 01:00:00,2251.8362485822463,4808.734,1719.1014
forecast_5138,2025-08-03 02:00:00,4445.94987854346,5175.957,2085.6096
forecast_5139,2025-08-03 03:00:00,4342.1066893386105,5211.364,2405.1604
forecast_5140,2025-08-03 04:00:00,3095.8524600105256,5238.5913,2782.272
forecast_5141,2025-08-03 05:00:00,2604.654846634618,4157.2334,2610.276
forecast_5142,2025-08-03 06:00:00,1713.147217976734,2494.1636,1741.3636
forecast_5143,2025-08-03 07:00:00,501.17761962158727,1604.1863,968.6965
forecast_5144,2025-08-03 08:00:00,488.2198665107455,895.68567,477.94922
forecast_5145,2025-08-03 09:00:00,564.7294884349775,677.371,251.0191
forecast_5146,2025-08-03 10:00:00,414.3902745390635,617.1855,196.0175
forecast_5147,2025-08-03 11:00:00,393.52020137531093,587.5208,151.69818
forecast_5148,2025-08-03 12:00:00,436.43829474514206,595.58716,121.8943
forecast_5149,2025-08-03 13:00:00,425.365646516644,615.3542,130.81453
forecast_5150,2025-08-03 14:00:00,389.8005530746849,641.6073,144.00642
forecast_5151,2025-08-03 15:00:00,1015.6256684867332,672.86743,157.08931
forecast_5152,2025-08-03 16:00:00,835.7120640794269,809.34753,191.13208
forecast_5153,2025-08-03 17:00:00,1400.4755282262988,789.9242,213.46849
forecast_5154,2025-08-03 18:00:00,1626.9058551178919,952.42804,332.6897
forecast_5155,2025-08-03 19:00:00,2873.9855603068386,1210.4595,618.0853
forecast_5156,2025-08-03 20:00:00,3822.085813450976,2215.6938,1388.2242
forecast_5157,2025-08-03 21:00:00,2722.401833532168,4326.0654,2392.1462
forecast_5158,2025-08-03 22:00:00,3031.8599046500003,3853.469,1911.6844
forecast_5159,2025-08-03 23:00:00,2915.236346913243,3582.6306,1665.1223
forecast_5160,2025-08-04 00:00:00,4153.825182129668,4005.3225,2068.4602
forecast_5161,2025-08-04 01:00:00,2734.3908282855537,3655.26,2065.682
forecast_5162,2025-08-04 02:00:00,4563.788377794535,1911.7341,941.29315
forecast_5163,2025-08-04 03:00:00,4316.832601328578,2087.472,571.2986
forecast_5164,2025-08-04 04:00:00,4891.375427247035,2252.5457,639.5621
forecast_5165,2025-08-04 05:00:00,4665.456183009402,4274.3066,1090.9141
forecast_5166,2025-08-04 06:00:00,5379.061140486011,7231.446,3017.6047
forecast_5167,2025-08-04 07:00:00,5161.682363085559,7350.817,2798.4382
forecast_5168,2025-08-04 08:00:00,5795.542116163931,7147.062,2376.4583
forecast_5169,2025-08-04 09:00:00,5633.166355017936,8451.371,2966.885
forecast_5170,2025-08-04 10:00:00,5618.641005015273,9426.845,3955.439
forecast_5171,2025-08-04 11:00:00,7822.3792661187945,8784.484,3940.0278
forecast_5172,2025-08-04 12:00:00,5592.281846447028,7774.4595,4023.4255
forecast_5173,2025-08-04 13:00:00,4766.432194704428,6343.2466,3846.6843
forecast_5174,2025-08-04 14:00:00,2308.156468688598,3946.2202,2586.8801
forecast_5175,2025-08-04 15:00:00,1691.9415440136765,2327.4182,2045.4227
forecast_5176,2025-08-04 16:00:00,1766.071811870391,1016.30005,1399.7833
forecast_5177,2025-08-04 17:00:00,1810.6246874321048,793.43225,649.4078
forecast_5178,2025-08-04 18:00:00,2414.526198635141,792.138,597.50055
forecast_5179,2025-08-04 19:00:00,2539.9523341483837,894.20374,748.5482
forecast_5180,2025-08-04 20:00:00,2927.1147039153334,1050.8965,1170.1371
forecast_5181,2025-08-04 21:00:00,3984.1007824582084,1303.3923,1604.9299
forecast_5182,2025-08-04 22:00:00,4311.3508831318595,3058.881,2628.4102
forecast_5183,2025-08-04 23:00:00,4258.313631861247,6454.938,4622.27
forecast_5184,2025-08-05 00:00:00,4119.048018078889,9277.594,6390.052
forecast_5185,2025-08-05 01:00:00,3999.931901696184,8208.246,5520.7935
forecast_5186,2025-08-05 02:00:00,3617.7551120446055,5035.6357,3319.3335
forecast_5187,2025-08-05 03:00:00,3679.560754474514,3212.6992,1942.8883
forecast_5188,2025-08-05 04:00:00,4575.021633837496,2723.8984,1371.6908
forecast_5189,2025-08-05 05:00:00,2388.7142035416387,2704.8557,1004.4117
forecast_5190,2025-08-05 06:00:00,1784.4745856237296,2714.6729,847.08655
forecast_5191,2025-08-05 07:00:00,1998.4062669247003,2601.1135,774.18823
forecast_5192,2025-08-05 08:00:00,1572.8452526871088,2510.9607,692.52026
forecast_5193,2025-08-05 09:00:00,1428.206441920238,2356.5403,627.79395
forecast_5194,2025-08-05 10:00:00,1579.6201273941033,2014.2092,573.7133
forecast_5195,2025-08-05 11:00:00,1530.0549637729143,1677.4609,564.30615
forecast_5196,2025-08-05 12:00:00,2385.276666339825,1788.0312,711.83356
forecast_5197,2025-08-05 13:00:00,4429.63811108981,3159.4863,1242.834
forecast_5198,2025-08-05 14:00:00,5442.251780134243,5098.8613,2852.7874
forecast_5199,2025-08-05 15:00:00,6948.027447956789,7021.0547,5026.5093
forecast_5200,2025-08-05 16:00:00,7559.441290384446,8518.648,6941.9116
forecast_5201,2025-08-05 17:00:00,6786.340005203059,8444.439,7360.5513
forecast_5202,2025-08-05 18:00:00,7571.145957754927,7003.2646,6108.0312
forecast_5203,2025-08-05 19:00:00,6611.794265511842,6037.9604,4466.7217
forecast_5204,2025-08-05 20:00:00,7202.448727105997,6412.286,3884.5225
forecast_5205,2025-08-05 21:00:00,8161.112021433748,8819.755,4461.616
forecast_5206,2025-08-05 22:00:00,8781.561227383725,10584.397,5082.7974
forecast_5207,2025-08-05 23:00:00,7646.8527355668475,12564.915,6821.255
forecast_5208,2025-08-06 00:00:00,8368.150580785386,13227.75,7632.003
forecast_5209,2025-08-06 01:00:00,11038.319470476375,12878.324,7658.2485
forecast_5210,2025-08-06 02:00:00,12701.068005251745,13481.661,8987.261
forecast_5211,2025-08-06 03:00:00,11945.85423724959,14364.218,11422.407
forecast_5212,2025-08-06 04:00:00,10731.008036817604,13741.573,12132.921
forecast_5213,2025-08-06 05:00:00,12223.358398929462,12962.56,11040.666
forecast_5214,2025-08-06 06:00:00,12338.420251727272,13377.589,11078.27
forecast_5215,2025-08-06 07:00:00,11694.223267484587,13708.628,11383.154
forecast_5216,2025-08-06 08:00:00,11038.661941482536,13644.26,11751.608
forecast_5217,2025-08-06 09:00:00,10183.017613512064,13120.24,11855.245
forecast_5218,2025-08-06 10:00:00,11227.319582006641,12971.375,12209.397
forecast_5219,2025-08-06 11:00:00,9968.645049423323,13439.674,12498.086
forecast_5220,2025-08-06 12:00:00,9988.404025081954,13730.661,12630.739
forecast_5221,2025-08-06 13:00:00,11557.622567613218,13764.33,12877.675
forecast_5222,2025-08-06 14:00:00,12688.83289145585,13597.606,12253.806
forecast_5223,2025-08-06 15:00:00,13604.951792108644,14135.312,12960.255
forecast_5224,2025-08-06 16:00:00,11424.215023941135,15351.4,14813.203
forecast_5225,2025-08-06 17:00:00,12606.041325445858,15619.201,15165.237
forecast_5226,2025-08-06 18:00:00,12550.215200889887,16560.484,16433.877
forecast_5227,2025-08-06 19:00:00,14118.574527700679,16648.283,17035.145
forecast_5228,2025-08-06 20:00:00,13070.227414667197,16792.074,17327.363
forecast_5229,2025-08-06 21:00:00,13543.290003963884,16292.384,15882.665
forecast_5230,2025-08-06 22:00:00,14407.955313955878,16513.611,15557.538
forecast_5231,2025-08-06 23:00:00,14159.152829377013,16784.426,15859.5625
forecast_5232,2025-08-07 00:00:00,13954.899398079979,16663.596,15709.522
forecast_5233,2025-08-07 01:00:00,13407.324915151692,16628.209,15691.863
forecast_5234,2025-08-07 02:00:00,15022.510622692804,15843.302,15078.466
forecast_5235,2025-08-07 03:00:00,14779.778999398382,15838.93,15164.664
forecast_5236,2025-08-07 04:00:00,14445.832597424436,15707.947,15209.821
forecast_5237,2025-08-07 05:00:00,14163.138731742929,15606.432,15334.405
forecast_5238,2025-08-07 06:00:00,14381.6901789912,15110.832,15132.521
forecast_5239,2025-08-07 07:00:00,12581.507439563748,14531.96,14944.212
forecast_5240,2025-08-07 08:00:00,11094.79497442947,12780.581,13424.63
forecast_5241,2025-08-07 09:00:00,6048.939675715227,8756.503,8760.209
forecast_5242,2025-08-07 10:00:00,4872.260051026915,5026.4727,3978.7307
forecast_5243,2025-08-07 11:00:00,3294.8849036335205,2622.3186,1566.7902
forecast_5244,2025-08-07 12:00:00,2213.4733193103402,1535.906,707.3368
forecast_5245,2025-08-07 13:00:00,1256.0201372433612,1122.5017,515.5065
forecast_5246,2025-08-07 14:00:00,577.2829980827713,810.2101,404.3448
forecast_5247,2025-08-07 15:00:00,454.1690716625136,718.2712,247.37852
forecast_5248,2025-08-07 16:00:00,513.5588916946358,733.8996,272.37338
forecast_5249,2025-08-07 17:00:00,916.0825605817923,734.98065,275.09528
forecast_5250,2025-08-07 18:00:00,818.2616004364024,746.6847,346.55725
forecast_5251,2025-08-07 19:00:00,807.0043989618044,728.38837,427.93802
forecast_5252,2025-08-07 20:00:00,1456.1205878712626,675.9881,390.5106
forecast_5253,2025-08-07 21:00:00,1797.9381340344855,771.5073,429.7963
forecast_5254,2025-08-07 22:00:00,3744.4467510071404,1840.8438,673.9383
forecast_5255,2025-08-07 23:00:00,4470.308975023798,5244.2983,1384.0829
forecast_5256,2025-08-08 00:00:00,6136.24726917914,8053.704,2419.7698
forecast_5257,2025-08-08 01:00:00,5234.590805488931,8819.364,3344.8506
forecast_5258,2025-08-08 02:00:00,6305.125711561272,7436.987,3776.2627
forecast_5259,2025-08-08 03:00:00,4855.721328750044,6799.3403,3659.2488
forecast_5260,2025-08-08 04:00:00,4075.770682455189,5942.3,3315.82
forecast_5261,2025-08-08 05:00:00,3229.5428032856635,4519.837,2786.0352
forecast_5262,2025-08-08 06:00:00,1826.1517773930714,2498.68,1838.0708
forecast_5263,2025-08-08 07:00:00,1175.94265882777,1190.3717,989.538
forecast_5264,2025-08-08 08:00:00,642.4049123819432,758.3815,462.39264
forecast_5265,2025-08-08 09:00:00,353.0820400663133,622.72485,218.52036
forecast_5266,2025-08-08 10:00:00,340.70912740706,600.4423,125.29041
forecast_5267,2025-08-08 11:00:00,328.5578192083802,607.11487,115.212135
forecast_5268,2025-08-08 12:00:00,337.1423534068286,604.4358,117.96901
forecast_5269,2025-08-08 13:00:00,386.2314000676132,605.86084,130.41606
forecast_5270,2025-08-08 14:00:00,325.03839613880814,587.3755,139.90355
forecast_5271,2025-08-08 15:00:00,322.9948128610136,575.9739,149.04982
forecast_5272,2025-08-08 16:00:00,344.1607532008963,560.04474,149.61049
forecast_5273,2025-08-08 17:00:00,331.9787163503101,550.05774,139.4308
forecast_5274,2025-08-08 18:00:00,319.68000000000006,545.5348,145.90002
forecast_5275,2025-08-08 19:00:00,401.7898713285707,543.73145,123.134796
forecast_5276,2025-08-08 20:00:00,364.18996420808867,551.36884,123.16264
forecast_5277,2025-08-08 21:00:00,360.24341859942217,579.02704,140.33415
forecast_5278,2025-08-08 22:00:00,423.1413465879459,675.5001,230.73897
forecast_5279,2025-08-08 23:00:00,1273.9866290308244,811.5731,377.08163
forecast_5280,2025-08-09 00:00:00,1908.235677580545,944.9089,575.41205
forecast_5281,2025-08-09 01:00:00,656.0981799213295,1007.5861,847.5878
forecast_5282,2025-08-09 02:00:00,1310.9722670275062,1173.2078,1128.8109
forecast_5283,2025-08-09 03:00:00,1202.5615726550118,1400.1125,1646.2875
forecast_5284,2025-08-09 04:00:00,2044.3345044390737,1502.4097,2078.162
forecast_5285,2025-08-09 05:00:00,1665.8417217275653,1724.9509,2017.7594
forecast_5286,2025-08-09 06:00:00,1710.7438169895897,1827.519,1769.3357
forecast_5287,2025-08-09 07:00:00,1164.3332075118262,1955.9436,1582.7482
forecast_5288,2025-08-09 08:00:00,1078.1147590719645,2107.992,1623.3778
forecast_5289,2025-08-09 09:00:00,882.2132270791204,1726.1431,1401.1416
forecast_5290,2025-08-09 10:00:00,1347.1584484269463,1400.2437,1004.77
forecast_5291,2025-08-09 11:00:00,1723.389469190183,1338.9639,814.0015
forecast_5292,2025-08-09 12:00:00,1764.268310399883,1253.1346,662.76666
forecast_5293,2025-08-09 13:00:00,1305.9208026142865,1214.8856,596.3841
forecast_5294,2025-08-09 14:00:00,872.286482713027,1133.7655,574.49335
forecast_5295,2025-08-09 15:00:00,485.8786313743094,1043.1816,533.9637
forecast_5296,2025-08-09 16:00:00,452.05561300361944,729.499,254.18831
forecast_5297,2025-08-09 17:00:00,704.6387818624971,706.1985,236.82637
forecast_5298,2025-08-09 18:00:00,522.3551256118909,747.2334,245.27724
forecast_5299,2025-08-09 19:00:00,1040.5503400075381,806.27374,308.2988
forecast_5300,2025-08-09 20:00:00,1312.8534771467296,878.3937,494.33167
forecast_5301,2025-08-09 21:00:00,1055.5184848487438,1046.6204,926.8808
forecast_5302,2025-08-09 22:00:00,609.1618658702188,1128.6848,1212.14
forecast_5303,2025-08-09 23:00:00,571.2158008664153,1132.9103,869.85425
forecast_5304,2025-08-10 00:00:00,553.1548131682666,989.83185,460.66083
forecast_5305,2025-08-10 01:00:00,824.2425478434257,990.39667,389.75983
forecast_5306,2025-08-10 02:00:00,888.5105154638826,795.938,344.85663
forecast_5307,2025-08-10 03:00:00,876.0960188264523,699.8001,347.6418
forecast_5308,2025-08-10 04:00:00,1019.3867520767527,664.43207,360.09976
forecast_5309,2025-08-10 05:00:00,1436.3505983077466,746.34906,314.98035
forecast_5310,2025-08-10 06:00:00,1783.101200709094,829.1736,244.70596
forecast_5311,2025-08-10 07:00:00,1895.8435768963166,964.3576,240.1653
forecast_5312,2025-08-10 08:00:00,1480.7953811769203,1012.6966,251.85316
forecast_5313,2025-08-10 09:00:00,731.509519862346,942.5055,260.38916
forecast_5314,2025-08-10 10:00:00,655.2820887964341,909.115,280.603
forecast_5315,2025-08-10 11:00:00,606.9667311572741,834.89087,280.38513
forecast_5316,2025-08-10 12:00:00,338.4436494096347,755.24304,272.5956
forecast_5317,2025-08-10 13:00:00,338.5940193033152,689.713,249.26845
forecast_5318,2025-08-10 14:00:00,352.14713174554214,645.7189,241.44954
forecast_5319,2025-08-10 15:00:00,413.3284359133139,621.02795,250.981
forecast_5320,2025-08-10 16:00:00,417.0428343260039,614.1184,251.41286
forecast_5321,2025-08-10 17:00:00,339.9510625224544,622.01404,256.12445
forecast_5322,2025-08-10 18:00:00,335.54002229020443,616.906,233.1901
forecast_5323,2025-08-10 19:00:00,319.68000000000006,578.69336,213.39406
forecast_5324,2025-08-10 20:00:00,344.2206984622443,565.6776,170.38985
forecast_5325,2025-08-10 21:00:00,342.68680028814225,582.27893,140.78065
forecast_5326,2025-08-10 22:00:00,417.9188442096955,624.9741,131.91394
forecast_5327,2025-08-10 23:00:00,477.78193903656455,654.89453,132.39856
forecast_5328,2025-08-11 00:00:00,460.5862875592334,657.4594,150.47731
forecast_5329,2025-08-11 01:00:00,422.29406898747385,628.17645,163.77724
forecast_5330,2025-08-11 02:00:00,497.9402334658779,589.5948,136.77116
forecast_5331,2025-08-11 03:00:00,502.43599717620145,603.3369,131.24792
forecast_5332,2025-08-11 04:00:00,840.7856343066537,634.9901,137.99957
forecast_5333,2025-08-11 05:00:00,572.2933384290659,673.41266,153.3754
forecast_5334,2025-08-11 06:00:00,545.2373621320419,713.47754,185.39421
forecast_5335,2025-08-11 07:00:00,465.43808463869857,723.09534,224.36772
forecast_5336,2025-08-11 08:00:00,358.46734279388824,758.6791,248.0344
forecast_5337,2025-08-11 09:00:00,396.5035700974782,717.18616,166.63417
forecast_5338,2025-08-11 10:00:00,332.9185215702102,712.7887,149.65456
forecast_5339,2025-08-11 11:00:00,327.3519377758534,681.8629,145.03189
forecast_5340,2025-08-11 12:00:00,319.878532132315,650.0045,136.61218
forecast_5341,2025-08-11 13:00:00,333.62521940294164,613.98926,136.23572
forecast_5342,2025-08-11 14:00:00,335.36973413943684,599.1747,147.54033
forecast_5343,2025-08-11 15:00:00,339.941412157798,590.8454,150.57901
forecast_5344,2025-08-11 16:00:00,430.57076863557825,601.9638,162.47319
forecast_5345,2025-08-11 17:00:00,369.0803876254303,624.64795,170.91733
forecast_5346,2025-08-11 18:00:00,319.68000000000006,653.95667,196.37468
forecast_5347,2025-08-11 19:00:00,430.0140654898111,680.63306,200.5751
forecast_5348,2025-08-11 20:00:00,349.3655805871354,711.10016,230.26642
forecast_5349,2025-08-11 21:00:00,428.7307248315725,731.6311,182.65762
forecast_5350,2025-08-11 22:00:00,422.2910771710726,756.7921,175.17822
forecast_5351,2025-08-11 23:00:00,453.3362656500345,732.6201,183.50444
forecast_5352,2025-08-12 00:00:00,577.7115014783136,701.73724,176.90941
forecast_5353,2025-08-12 01:00:00,1175.941009337533,710.222,260.41403
forecast_5354,2025-08-12 02:00:00,1356.5455319191492,721.60565,495.25787
forecast_5355,2025-08-12 03:00:00,2697.06287156715,742.32117,984.76465
forecast_5356,2025-08-12 04:00:00,2360.127599180214,744.41187,1308.3706
forecast_5357,2025-08-12 05:00:00,1934.504084647466,696.4216,1052.9963
forecast_5358,2025-08-12 06:00:00,1455.5309880966074,662.42114,674.0678
forecast_5359,2025-08-12 07:00:00,697.1212403343238,729.93207,446.28122
forecast_5360,2025-08-12 08:00:00,739.69398301682,744.1848,269.3119
forecast_5361,2025-08-12 09:00:00,786.8824172984652,743.717,161.63359
forecast_5362,2025-08-12 10:00:00,459.9730579948829,742.0674,137.37994
forecast_5363,2025-08-12 11:00:00,517.6193352326158,719.545,137.3578
forecast_5364,2025-08-12 12:00:00,456.05283144127657,702.0106,148.39345
forecast_5365,2025-08-12 13:00:00,429.7085561913166,661.0556,156.04884
forecast_5366,2025-08-12 14:00:00,426.42349783895867,629.51794,165.67743
forecast_5367,2025-08-12 15:00:00,383.8229460855551,608.75726,182.37251
forecast_5368,2025-08-12 16:00:00,428.53742306624457,607.31104,206.83565
forecast_5369,2025-08-12 17:00:00,411.1778107501385,634.8043,235.59187
forecast_5370,2025-08-12 18:00:00,418.82581233618305,671.3868,252.96391
forecast_5371,2025-08-12 19:00:00,870.8129420872193,715.0825,327.4799
forecast_5372,2025-08-12 20:00:00,1078.921150874158,749.7843,390.59375
forecast_5373,2025-08-12 21:00:00,1160.3686265691329,782.84357,443.56393
forecast_5374,2025-08-12 22:00:00,1455.9156404825308,804.236,436.19583
forecast_5375,2025-08-12 23:00:00,1792.4907613988298,915.609,538.21405
forecast_5376,2025-08-13 00:00:00,3542.582122808708,1053.5613,745.5541
forecast_5377,2025-08-13 01:00:00,1370.70029502892,1066.4578,682.8495
forecast_5378,2025-08-13 02:00:00,1321.8364239740301,1091.8477,761.5896
forecast_5379,2025-08-13 03:00:00,1831.9016096084338,1435.3667,1452.5767
forecast_5380,2025-08-13 04:00:00,1902.1652692815915,2296.7417,2030.4945
forecast_5381,2025-08-13 05:00:00,1666.7104669158466,2933.4175,2024.258
forecast_5382,2025-08-13 06:00:00,3341.871010413572,3281.7717,1647.0924
forecast_5383,2025-08-13 07:00:00,4729.6180855543125,3977.3892,1525.7688
forecast_5384,2025-08-13 08:00:00,4847.538299893839,4600.144,1739.0927
forecast_5385,2025-08-13 09:00:00,5269.062640162351,5251.253,2033.2384
forecast_5386,2025-08-13 10:00:00,6022.27110490827,6624.687,2755.894
forecast_5387,2025-08-13 11:00:00,6888.709481069812,7682.634,2828.9631
forecast_5388,2025-08-13 12:00:00,4826.39418053352,7306.182,2238.6294
forecast_5389,2025-08-13 13:00:00,4293.275572726876,7769.392,2236.7058
forecast_5390,2025-08-13 14:00:00,5381.194579289099,7961.7827,2864.7686
forecast_5391,2025-08-13 15:00:00,5467.77063338439,7991.4814,3724.3025
forecast_5392,2025-08-13 16:00:00,4809.0463317358335,7024.036,4200.4165
forecast_5393,2025-08-13 17:00:00,5049.125231161092,6806.771,5262.512
forecast_5394,2025-08-13 18:00:00,5994.990836453231,9070.71,7623.871
forecast_5395,2025-08-13 19:00:00,10578.28522780736,11762.761,10019.589
forecast_5396,2025-08-13 20:00:00,13396.44147077211,15269.963,13525.157
forecast_5397,2025-08-13 21:00:00,15452.892391984367,17094.373,15953.737
forecast_5398,2025-08-13 22:00:00,17027.421972761276,18117.053,17788.047
forecast_5399,2025-08-13 23:00:00,16829.54736453511,18708.062,18696.746
forecast_5400,2025-08-14 00:00:00,16926.40201839896,18920.316,19016.299
forecast_5401,2025-08-14 01:00:00,16505.537888655883,18904.984,18796.637
forecast_5402,2025-08-14 02:00:00,16651.778623417205,19134.977,18681.422
forecast_5403,2025-08-14 03:00:00,16319.321143910849,19162.904,18545.324
forecast_5404,2025-08-14 04:00:00,15665.936957354825,18773.432,17879.723
forecast_5405,2025-08-14 05:00:00,14623.843114893087,17800.463,16288.802
forecast_5406,2025-08-14 06:00:00,14655.803171853306,16582.025,13999.829
forecast_5407,2025-08-14 07:00:00,13556.935328466043,16308.431,13311.405
forecast_5408,2025-08-14 08:00:00,13509.92512607632,15382.5205,12311.991
forecast_5409,2025-08-14 09:00:00,13097.544709792404,14611.803,11852.0
forecast_5410,2025-08-14 10:00:00,11036.947422870091,13607.091,11354.374
forecast_5411,2025-08-14 11:00:00,10086.16073122865,12617.764,10340.118
forecast_5412,2025-08-14 12:00:00,7405.263732824962,9639.71,7438.4297
forecast_5413,2025-08-14 13:00:00,8209.625527456075,6511.186,4145.664
forecast_5414,2025-08-14 14:00:00,10078.979097084313,5635.9434,2761.998
forecast_5415,2025-08-14 15:00:00,9998.163579640708,6676.5464,4551.8525
forecast_5416,2025-08-14 16:00:00,10265.232048132582,8814.69,7128.877
forecast_5417,2025-08-14 17:00:00,11586.558037806324,11873.344,9810.235
forecast_5418,2025-08-14 18:00:00,13101.974747618937,12910.902,11148.896
forecast_5419,2025-08-14 19:00:00,11485.494856278689,13716.096,11473.616
forecast_5420,2025-08-14 20:00:00,13705.840018519357,14103.641,11489.365
forecast_5421,2025-08-14 21:00:00,12576.82720635906,14552.95,11730.808
forecast_5422,2025-08-14 22:00:00,12365.275965201701,14030.395,11392.925
forecast_5423,2025-08-14 23:00:00,13362.081822186374,14343.826,11173.399
forecast_5424,2025-08-15 00:00:00,11892.38985237435,14276.66,10379.917
forecast_5425,2025-08-15 01:00:00,13245.264583152963,14032.226,9660.408
forecast_5426,2025-08-15 02:00:00,12493.457866390168,11898.497,8536.545
forecast_5427,2025-08-15 03:00:00,12388.92152911353,10534.392,7408.9624
forecast_5428,2025-08-15 04:00:00,12463.933271928487,10673.378,6840.791
forecast_5429,2025-08-15 05:00:00,9288.350513031573,9577.418,5696.76
forecast_5430,2025-08-15 06:00:00,8251.207894201589,6994.853,3704.058
forecast_5431,2025-08-15 07:00:00,5282.434791546733,5069.2256,2594.5505
forecast_5432,2025-08-15 08:00:00,3760.218402038389,3338.557,1686.5819
forecast_5433,2025-08-15 09:00:00,1020.623261685055,1639.1155,996.8974
forecast_5434,2025-08-15 10:00:00,670.804298336266,871.2803,532.0916
forecast_5435,2025-08-15 11:00:00,569.0734813175227,655.6398,358.622
forecast_5436,2025-08-15 12:00:00,473.12209236186953,601.305,313.12244
forecast_5437,2025-08-15 13:00:00,559.1016706873762,590.4504,364.01904
forecast_5438,2025-08-15 14:00:00,581.6996143260807,619.2468,458.06873
forecast_5439,2025-08-15 15:00:00,682.4171941614444,617.1172,519.19916
forecast_5440,2025-08-15 16:00:00,882.3180851990735,626.56287,596.53345
forecast_5441,2025-08-15 17:00:00,952.3611172124931,674.8495,595.98114
forecast_5442,2025-08-15 18:00:00,797.0359650389901,684.2189,632.8324
forecast_5443,2025-08-15 19:00:00,893.8836108879034,654.0496,365.88965
forecast_5444,2025-08-15 20:00:00,1062.8841196277106,718.5043,308.7927
forecast_5445,2025-08-15 21:00:00,2424.1755532954635,1565.2483,438.66962
forecast_5446,2025-08-15 22:00:00,3913.041234735997,4715.1655,1067.2681
forecast_5447,2025-08-15 23:00:00,5764.630181583973,7755.6943,1825.7711
forecast_5448,2025-08-16 00:00:00,7604.508510490391,9668.958,2910.5742
forecast_5449,2025-08-16 01:00:00,9746.745254952708,11237.24,4093.3416
forecast_5450,2025-08-16 02:00:00,10552.576998569919,12517.714,5802.313
forecast_5451,2025-08-16 03:00:00,11169.321424810887,13303.014,7519.3647
forecast_5452,2025-08-16 04:00:00,10712.793960457053,13415.863,8393.172
forecast_5453,2025-08-16 05:00:00,10434.370019719356,12661.433,8361.148
forecast_5454,2025-08-16 06:00:00,8915.514544858119,11560.33,7257.6514
forecast_5455,2025-08-16 07:00:00,8843.309460830029,10555.73,6619.496
forecast_5456,2025-08-16 08:00:00,7270.890046844544,8955.747,5264.2095
forecast_5457,2025-08-16 09:00:00,7007.180676021847,7002.631,3996.8076
forecast_5458,2025-08-16 10:00:00,5596.574131320055,5461.7,3333.6738
forecast_5459,2025-08-16 11:00:00,4895.399811143315,3718.4448,2648.624
forecast_5460,2025-08-16 12:00:00,5030.3469464917935,3227.3726,2738.1965
forecast_5461,2025-08-16 13:00:00,5582.531721548265,3658.6157,3712.433
forecast_5462,2025-08-16 14:00:00,7444.733213807393,4798.838,4832.5054
forecast_5463,2025-08-16 15:00:00,7398.711259552286,5988.4023,6307.9136
forecast_5464,2025-08-16 16:00:00,6721.459461771814,6745.82,6925.2993
forecast_5465,2025-08-16 17:00:00,7018.832480825649,7180.7627,7066.97
forecast_5466,2025-08-16 18:00:00,10655.634246962645,8711.201,8117.2046
forecast_5467,2025-08-16 19:00:00,10861.140743374042,10514.475,9596.259
forecast_5468,2025-08-16 20:00:00,11512.538726165581,12854.612,10648.108
forecast_5469,2025-08-16 21:00:00,12819.126754952735,15316.722,11693.64
forecast_5470,2025-08-16 22:00:00,15529.79470589953,16986.883,13362.501
forecast_5471,2025-08-16 23:00:00,16683.039534443385,17778.379,15294.324
forecast_5472,2025-08-17 00:00:00,18314.516053969885,17927.26,16154.327
forecast_5473,2025-08-17 01:00:00,19411.246185767464,17818.557,16055.623
forecast_5474,2025-08-17 02:00:00,18987.369632476642,17798.643,15690.154
forecast_5475,2025-08-17 03:00:00,17214.153759402107,17932.46,15721.447
forecast_5476,2025-08-17 04:00:00,20151.315110323685,17635.248,15228.429
forecast_5477,2025-08-17 05:00:00,19474.867948145733,17738.01,15117.138
forecast_5478,2025-08-17 06:00:00,19256.16412800371,17546.943,14673.11
forecast_5479,2025-08-17 07:00:00,17297.757093077635,17044.438,13297.109
forecast_5480,2025-08-17 08:00:00,14642.672047237496,16357.98,12105.141
forecast_5481,2025-08-17 09:00:00,10355.876960130427,14478.981,9855.231
forecast_5482,2025-08-17 10:00:00,5922.739137144727,10644.776,5747.621
forecast_5483,2025-08-17 11:00:00,5221.877065905985,5856.1514,2253.926
forecast_5484,2025-08-17 12:00:00,3559.9919813580163,2784.0688,1161.6918
forecast_5485,2025-08-17 13:00:00,3194.5291907271476,1677.3262,805.1799
forecast_5486,2025-08-17 14:00:00,3090.4635734741887,1719.5691,1010.474
forecast_5487,2025-08-17 15:00:00,2952.520173928598,2003.5906,1682.882
forecast_5488,2025-08-17 16:00:00,3695.0725035941505,2478.7256,2304.8313
forecast_5489,2025-08-17 17:00:00,3019.0172457841295,2379.231,2131.3584
forecast_5490,2025-08-17 18:00:00,3043.0541304496182,2027.1538,1876.6649
forecast_5491,2025-08-17 19:00:00,4308.066606044389,2732.374,2102.6135
forecast_5492,2025-08-17 20:00:00,4138.131358147056,4648.249,3047.628
forecast_5493,2025-08-17 21:00:00,5978.7803382627735,7821.449,3816.0935
forecast_5494,2025-08-17 22:00:00,5935.24509707825,10082.072,4492.1064
forecast_5495,2025-08-17 23:00:00,4852.554424534123,10072.948,4158.9565
forecast_5496,2025-08-18 00:00:00,6059.653355969535,9492.82,3789.4917
forecast_5497,2025-08-18 01:00:00,7172.762966149441,8837.31,3312.8645
forecast_5498,2025-08-18 02:00:00,8020.042646759432,9529.601,3700.8582
forecast_5499,2025-08-18 03:00:00,10823.296110331003,9326.526,4308.1196
forecast_5500,2025-08-18 04:00:00,8702.730118401689,9590.615,5270.9526
forecast_5501,2025-08-18 05:00:00,10119.455907187437,8270.95,4528.595
forecast_5502,2025-08-18 06:00:00,10204.475518903979,8144.8853,4422.8296
forecast_5503,2025-08-18 07:00:00,10462.609169136667,9018.228,4854.0435
forecast_5504,2025-08-18 08:00:00,8138.413096663762,10254.095,6026.403
forecast_5505,2025-08-18 09:00:00,9053.777704906244,9774.337,5427.198
forecast_5506,2025-08-18 10:00:00,6452.990646386812,9996.922,5519.359
forecast_5507,2025-08-18 11:00:00,7644.903849935557,9275.51,4616.2603
forecast_5508,2025-08-18 12:00:00,4818.361790995937,8194.116,4376.928
forecast_5509,2025-08-18 13:00:00,4371.003211304597,5884.917,3593.904
forecast_5510,2025-08-18 14:00:00,5490.076143288246,4583.3486,2915.1514
forecast_5511,2025-08-18 15:00:00,5777.670723060045,4513.756,3201.5178
forecast_5512,2025-08-18 16:00:00,5248.998367684525,4647.2754,3884.1897
forecast_5513,2025-08-18 17:00:00,5653.385148464069,5010.4824,4454.319
forecast_5514,2025-08-18 18:00:00,6281.1292049702315,4658.5264,4640.9795
forecast_5515,2025-08-18 19:00:00,8797.754276617443,6599.687,5774.7627
forecast_5516,2025-08-18 20:00:00,9079.98291758359,9852.047,7736.975
forecast_5517,2025-08-18 21:00:00,12047.55474986793,12072.49,10110.199
forecast_5518,2025-08-18 22:00:00,13011.854167504476,13085.397,10365.186
forecast_5519,2025-08-18 23:00:00,13560.99285793516,14273.126,11241.462
forecast_5520,2025-08-19 00:00:00,14138.988427523012,15401.448,12820.161
forecast_5521,2025-08-19 01:00:00,13005.99997523739,15757.18,13601.461
forecast_5522,2025-08-19 02:00:00,13887.699522907425,16260.326,14444.496
forecast_5523,2025-08-19 03:00:00,13553.814310967518,16813.766,15463.93
forecast_5524,2025-08-19 04:00:00,13661.582923436014,16877.521,15887.32
forecast_5525,2025-08-19 05:00:00,14375.882434991794,16617.123,15439.224
forecast_5526,2025-08-19 06:00:00,14289.545628067133,16354.049,14824.586
forecast_5527,2025-08-19 07:00:00,13312.804390431931,16185.978,14633.82
forecast_5528,2025-08-19 08:00:00,12966.11970884388,15895.252,14664.529
forecast_5529,2025-08-19 09:00:00,12928.148418185812,15484.937,14190.598
forecast_5530,2025-08-19 10:00:00,11226.699937676609,14355.485,12638.925
forecast_5531,2025-08-19 11:00:00,9565.688239148683,12360.324,9362.239
forecast_5532,2025-08-19 12:00:00,9712.336763047279,10599.689,6850.204
forecast_5533,2025-08-19 13:00:00,8184.635162995593,9867.83,6004.5835
forecast_5534,2025-08-19 14:00:00,6699.115410953171,9703.905,5612.8066
forecast_5535,2025-08-19 15:00:00,7337.664435363837,8963.69,5410.059
forecast_5536,2025-08-19 16:00:00,8231.100058961074,9006.904,6290.412
forecast_5537,2025-08-19 17:00:00,7609.106657196452,9078.734,7406.239
forecast_5538,2025-08-19 18:00:00,8420.879177953264,9174.093,7740.04
forecast_5539,2025-08-19 19:00:00,9982.217799898495,10612.935,8671.01
forecast_5540,2025-08-19 20:00:00,11968.90991037612,13067.547,10675.432
forecast_5541,2025-08-19 21:00:00,12730.429356445382,15573.129,12894.593
forecast_5542,2025-08-19 22:00:00,14140.635710398816,17024.664,14981.989
forecast_5543,2025-08-19 23:00:00,14435.67487016114,17657.334,16408.857
forecast_5544,2025-08-20 00:00:00,14874.585996759391,17889.459,16932.441
forecast_5545,2025-08-20 01:00:00,14430.902153033281,18182.166,17229.732
forecast_5546,2025-08-20 02:00:00,14407.683377594329,17935.654,17002.418
forecast_5547,2025-08-20 03:00:00,15337.914518650536,17755.047,16711.52
forecast_5548,2025-08-20 04:00:00,15561.677772395855,17497.55,16302.422
forecast_5549,2025-08-20 05:00:00,15482.69708397394,17188.646,15849.155
forecast_5550,2025-08-20 06:00:00,15516.536573456287,16825.514,15144.909
forecast_5551,2025-08-20 07:00:00,12036.7810184016,16279.876,14262.338
forecast_5552,2025-08-20 08:00:00,11253.358730206854,14867.872,12316.567
forecast_5553,2025-08-20 09:00:00,8984.245986096123,12430.188,9174.024
forecast_5554,2025-08-20 10:00:00,7795.728737571753,8780.334,5327.3306
forecast_5555,2025-08-20 11:00:00,6820.379075889197,6051.926,3133.8901
forecast_5556,2025-08-20 12:00:00,5980.915718698571,4345.913,2269.1306
forecast_5557,2025-08-20 13:00:00,5099.105790234901,3600.964,1975.3466
forecast_5558,2025-08-20 14:00:00,5354.491516465137,2937.1504,2008.714
forecast_5559,2025-08-20 15:00:00,5106.701120001661,2746.1003,2259.6824
forecast_5560,2025-08-20 16:00:00,4491.204962802823,2603.8584,2606.243
forecast_5561,2025-08-20 17:00:00,4174.240082016024,2772.6965,2819.413
forecast_5562,2025-08-20 18:00:00,4059.6912057130044,2708.774,2528.1975
forecast_5563,2025-08-20 19:00:00,4020.3993868512002,2423.562,1659.4902
forecast_5564,2025-08-20 20:00:00,6156.686046716759,3651.3535,1671.4039
forecast_5565,2025-08-20 21:00:00,5569.909977735411,5989.697,2338.5168
forecast_5566,2025-08-20 22:00:00,7585.279700846021,8152.877,2913.481
forecast_5567,2025-08-20 23:00:00,8019.68703514295,11020.284,4714.119
forecast_5568,2025-08-21 00:00:00,10165.028040617835,12543.452,6163.371
forecast_5569,2025-08-21 01:00:00,9213.31007423321,13803.71,8057.2095
forecast_5570,2025-08-21 02:00:00,12024.860176678449,14038.149,8561.851
forecast_5571,2025-08-21 03:00:00,12593.70134491422,14146.807,8957.17
forecast_5572,2025-08-21 04:00:00,12765.810900511067,14191.491,9433.279
forecast_5573,2025-08-21 05:00:00,11114.540192799475,14089.359,9505.036
forecast_5574,2025-08-21 06:00:00,10314.85326104026,12591.23,7706.2676
forecast_5575,2025-08-21 07:00:00,6824.038272094429,9795.116,5133.457
forecast_5576,2025-08-21 08:00:00,4134.490196258522,5492.3354,2683.7556
forecast_5577,2025-08-21 09:00:00,1379.7724145025104,2175.0337,1174.5128
forecast_5578,2025-08-21 10:00:00,843.2205772169427,1073.7583,620.9979
forecast_5579,2025-08-21 11:00:00,719.6836615528521,742.6805,465.3376
forecast_5580,2025-08-21 12:00:00,527.1753491787547,646.7053,371.50958
forecast_5581,2025-08-21 13:00:00,430.15793925125155,617.1045,290.83133
forecast_5582,2025-08-21 14:00:00,348.60410526406275,598.9036,245.845
forecast_5583,2025-08-21 15:00:00,400.34194400547074,581.495,180.32828
forecast_5584,2025-08-21 16:00:00,392.5576186622982,582.45386,160.35077
forecast_5585,2025-08-21 17:00:00,451.14962683109485,582.99054,171.18639
forecast_5586,2025-08-21 18:00:00,464.90448297251265,610.90186,221.9567
forecast_5587,2025-08-21 19:00:00,375.189145236783,641.82916,275.67963
forecast_5588,2025-08-21 20:00:00,406.0141487083634,780.90344,342.02988
forecast_5589,2025-08-21 21:00:00,718.6107724237462,1355.4067,541.8315
forecast_5590,2025-08-21 22:00:00,1877.6527645445153,2343.972,903.3937
forecast_5591,2025-08-21 23:00:00,1736.9178956017702,3051.5122,1352.094
forecast_5592,2025-08-22 00:00:00,1467.6487771808486,3551.4006,1629.5854
forecast_5593,2025-08-22 01:00:00,2104.8515855682945,3495.81,1748.5404
forecast_5594,2025-08-22 02:00:00,2160.260235851086,3582.5317,2085.7234
forecast_5595,2025-08-22 03:00:00,4014.097683255829,5084.4097,3061.0083
forecast_5596,2025-08-22 04:00:00,5720.681752009845,6836.308,3709.4604
forecast_5597,2025-08-22 05:00:00,7511.355893710615,8839.09,4252.154
forecast_5598,2025-08-22 06:00:00,10186.412923040072,9905.737,4790.353
forecast_5599,2025-08-22 07:00:00,10081.22358277187,10899.602,5602.068
forecast_5600,2025-08-22 08:00:00,8446.778624509412,10744.442,5821.0337
forecast_5601,2025-08-22 09:00:00,5727.869615871468,8162.1245,4765.933
forecast_5602,2025-08-22 10:00:00,4056.27823019902,5034.4585,3072.2378
forecast_5603,2025-08-22 11:00:00,2901.433823128132,2599.362,1698.9165
forecast_5604,2025-08-22 12:00:00,1833.0624518763793,1575.2976,1119.1035
forecast_5605,2025-08-22 13:00:00,2236.599925942982,1363.5583,939.5694
forecast_5606,2025-08-22 14:00:00,2581.2946494933954,1381.6191,1005.45593
forecast_5607,2025-08-22 15:00:00,2743.7212388906396,1557.4431,1297.8818
forecast_5608,2025-08-22 16:00:00,3503.453052025335,2044.9092,1697.9
forecast_5609,2025-08-22 17:00:00,4765.307450004444,2921.6218,2387.0813
forecast_5610,2025-08-22 18:00:00,5597.829696995242,4086.98,3076.124
forecast_5611,2025-08-22 19:00:00,6565.659831361681,4688.0845,3142.9714
forecast_5612,2025-08-22 20:00:00,8115.215920877317,7392.9624,3891.1208
forecast_5613,2025-08-22 21:00:00,10546.503011970446,10327.01,5001.9595
forecast_5614,2025-08-22 22:00:00,13444.734914145201,12749.359,6300.5273
forecast_5615,2025-08-22 23:00:00,13902.289083471254,14306.575,7996.6724
forecast_5616,2025-08-23 00:00:00,15916.022137885799,14828.361,9208.33
forecast_5617,2025-08-23 01:00:00,13792.31249196647,15201.584,9776.344
forecast_5618,2025-08-23 02:00:00,14213.366070085718,14949.095,9881.392
forecast_5619,2025-08-23 03:00:00,13509.934567301685,14357.504,9630.972
forecast_5620,2025-08-23 04:00:00,12351.64302936756,13350.664,8851.741
forecast_5621,2025-08-23 05:00:00,10405.860760355445,11505.017,7299.695
forecast_5622,2025-08-23 06:00:00,8253.451444913977,8754.633,4908.6094
forecast_5623,2025-08-23 07:00:00,6455.699568699132,5149.1636,2657.2766
forecast_5624,2025-08-23 08:00:00,3395.522112305888,2030.7874,1176.9905
forecast_5625,2025-08-23 09:00:00,1692.5515988434722,1006.2179,542.82135
forecast_5626,2025-08-23 10:00:00,436.9534279260301,699.9304,368.8492
forecast_5627,2025-08-23 11:00:00,401.69012380428063,611.0141,260.058
forecast_5628,2025-08-23 12:00:00,364.94878691904114,585.8845,202.93555
forecast_5629,2025-08-23 13:00:00,320.2604508168286,582.7365,198.64404
forecast_5630,2025-08-23 14:00:00,377.1299089136862,590.0319,204.99869
forecast_5631,2025-08-23 15:00:00,360.0045676294376,590.63617,216.75378
forecast_5632,2025-08-23 16:00:00,388.75591104909694,580.57275,156.85655
forecast_5633,2025-08-23 17:00:00,528.7829830637165,581.804,126.35781
forecast_5634,2025-08-23 18:00:00,715.3340077569106,600.1212,140.471
forecast_5635,2025-08-23 19:00:00,622.3197289313764,635.25824,167.27974
forecast_5636,2025-08-23 20:00:00,620.9423690315712,673.61633,178.6587
forecast_5637,2025-08-23 21:00:00,1649.4820239911069,1227.3083,277.85114
forecast_5638,2025-08-23 22:00:00,2082.0686136303902,2742.3748,600.9103
forecast_5639,2025-08-23 23:00:00,2416.081168384025,3455.461,1116.4161
forecast_5640,2025-08-24 00:00:00,2444.479197007285,3236.6426,1481.6967
forecast_5641,2025-08-24 01:00:00,1632.1781062849184,2999.7505,1415.9204
forecast_5642,2025-08-24 02:00:00,1470.6015418294903,2713.6228,1387.4834
forecast_5643,2025-08-24 03:00:00,1326.3207556726916,2609.9346,1349.5377
forecast_5644,2025-08-24 04:00:00,1444.3861250437194,2500.7847,1266.4926
forecast_5645,2025-08-24 05:00:00,971.0403577527147,2310.3525,1109.5607
forecast_5646,2025-08-24 06:00:00,1027.7655364141838,1723.9695,833.0791
forecast_5647,2025-08-24 07:00:00,796.0054734266238,1044.2498,552.39355
forecast_5648,2025-08-24 08:00:00,498.3401183997257,762.01746,341.98642
forecast_5649,2025-08-24 09:00:00,368.4535087673702,647.3609,231.88521
forecast_5650,2025-08-24 10:00:00,432.09841428352996,593.9319,155.51665
forecast_5651,2025-08-24 11:00:00,429.27360650547075,571.52264,146.83902
forecast_5652,2025-08-24 12:00:00,434.85119728191495,569.24274,153.71204
forecast_5653,2025-08-24 13:00:00,482.6460856607676,575.38416,153.935
forecast_5654,2025-08-24 14:00:00,632.5925733679387,610.2041,169.22456
forecast_5655,2025-08-24 15:00:00,1044.783667692622,652.15625,187.14233
forecast_5656,2025-08-24 16:00:00,1308.842558296959,686.8679,293.32303
forecast_5657,2025-08-24 17:00:00,1258.204608193298,882.703,446.74634
forecast_5658,2025-08-24 18:00:00,1684.9351598066398,1490.137,711.8923
forecast_5659,2025-08-24 19:00:00,1518.6762856378139,1609.3713,714.27313
forecast_5660,2025-08-24 20:00:00,1759.2227153410022,1611.6531,859.4727
forecast_5661,2025-08-24 21:00:00,1642.5245985927938,1543.7966,980.73694
forecast_5662,2025-08-24 22:00:00,1569.540573197358,1367.9299,1037.767
forecast_5663,2025-08-24 23:00:00,1686.9884391224032,1175.9358,1075.375
forecast_5664,2025-08-25 00:00:00,1373.9058302756941,1075.4851,967.88696
forecast_5665,2025-08-25 01:00:00,1359.1567597842784,1003.30194,812.9805
forecast_5666,2025-08-25 02:00:00,1821.013111908197,1061.9753,924.38763
forecast_5667,2025-08-25 03:00:00,2782.210738437655,1300.8767,1151.5287
forecast_5668,2025-08-25 04:00:00,2894.5794473209244,1753.6426,1379.9388
forecast_5669,2025-08-25 05:00:00,2247.8878630781237,2180.5334,1532.2172
forecast_5670,2025-08-25 06:00:00,2619.030276140998,2385.3696,1422.9606
forecast_5671,2025-08-25 07:00:00,2767.7306637803013,2646.461,1403.0048
forecast_5672,2025-08-25 08:00:00,2124.7500198889716,2412.937,1281.6277
forecast_5673,2025-08-25 09:00:00,1112.8598250930338,1521.5627,809.83997
forecast_5674,2025-08-25 10:00:00,824.7437230286176,946.5673,472.31714
forecast_5675,2025-08-25 11:00:00,1297.1805263193094,769.9829,337.83194
forecast_5676,2025-08-25 12:00:00,1095.4784511092898,759.8407,304.704
forecast_5677,2025-08-25 13:00:00,2300.8772488013237,939.43335,231.55249
forecast_5678,2025-08-25 14:00:00,2112.607374262924,815.19147,202.554
forecast_5679,2025-08-25 15:00:00,2659.395788808335,907.609,227.93414
forecast_5680,2025-08-25 16:00:00,2920.266028505401,1309.7583,376.5449
forecast_5681,2025-08-25 17:00:00,3503.129015418492,1880.3218,678.08203
forecast_5682,2025-08-25 18:00:00,4064.0592055825323,2749.283,955.2616
forecast_5683,2025-08-25 19:00:00,5910.549075944604,3846.3484,1573.5079
forecast_5684,2025-08-25 20:00:00,8112.865518841772,5230.225,3110.4268
forecast_5685,2025-08-25 21:00:00,9233.342825058986,8932.992,5426.5093
forecast_5686,2025-08-25 22:00:00,9983.75846459181,12254.015,8038.971
forecast_5687,2025-08-25 23:00:00,10792.546309019142,14049.111,9835.428
forecast_5688,2025-08-26 00:00:00,11580.68333118376,14831.802,11396.278
forecast_5689,2025-08-26 01:00:00,13411.33499280132,15295.906,12140.092
forecast_5690,2025-08-26 02:00:00,13213.39782090723,15793.601,12697.643
forecast_5691,2025-08-26 03:00:00,13483.64837804111,16233.105,13636.309
forecast_5692,2025-08-26 04:00:00,13657.477765098101,16360.788,14019.074
forecast_5693,2025-08-26 05:00:00,13643.87978780611,16361.112,13935.035
forecast_5694,2025-08-26 06:00:00,13722.84873599311,16093.333,13630.663
forecast_5695,2025-08-26 07:00:00,11967.726712132328,16199.522,13853.299
forecast_5696,2025-08-26 08:00:00,12181.095848218767,15692.0,13505.35
forecast_5697,2025-08-26 09:00:00,14031.930266088844,15246.564,13165.732
forecast_5698,2025-08-26 10:00:00,11911.12894413617,14671.921,12976.579
forecast_5699,2025-08-26 11:00:00,11700.436640848859,13473.374,11319.963
forecast_5700,2025-08-26 12:00:00,10188.316215956685,13446.88,10750.731
forecast_5701,2025-08-26 13:00:00,12060.2802199954,12671.581,9624.706
forecast_5702,2025-08-26 14:00:00,11398.057964375997,13025.613,10106.141
forecast_5703,2025-08-26 15:00:00,11738.221928033117,13023.068,10638.38
forecast_5704,2025-08-26 16:00:00,8469.372237570897,12759.568,11338.262
forecast_5705,2025-08-26 17:00:00,10053.929649435833,11448.741,9356.702
forecast_5706,2025-08-26 18:00:00,10064.6591375963,11680.49,8940.71
forecast_5707,2025-08-26 19:00:00,10521.839021844571,11969.055,8992.092
forecast_5708,2025-08-26 20:00:00,7775.417495603444,12272.105,8507.152
forecast_5709,2025-08-26 21:00:00,8149.309952160748,11558.868,5915.273
forecast_5710,2025-08-26 22:00:00,10350.528395833293,10937.625,4512.964
forecast_5711,2025-08-26 23:00:00,11363.698174071418,11101.165,4535.478
forecast_5712,2025-08-27 00:00:00,9387.644944537657,11111.626,5111.997
forecast_5713,2025-08-27 01:00:00,8613.867501301776,10128.366,4498.4614
forecast_5714,2025-08-27 02:00:00,7250.683293951216,8845.065,4203.3726
forecast_5715,2025-08-27 03:00:00,5008.599237534338,6129.999,3204.5408
forecast_5716,2025-08-27 04:00:00,3347.8109189716874,2875.5237,1750.6406
forecast_5717,2025-08-27 05:00:00,1545.6649221719638,1341.0303,918.48047
forecast_5718,2025-08-27 06:00:00,1264.1582299800443,844.58673,506.23276
forecast_5719,2025-08-27 07:00:00,344.53041930618775,698.3591,362.1966
forecast_5720,2025-08-27 08:00:00,353.8171805686717,634.6759,276.72424
forecast_5721,2025-08-27 09:00:00,366.50596253767816,596.8596,249.9693
forecast_5722,2025-08-27 10:00:00,330.74200615285883,586.9456,144.92603
forecast_5723,2025-08-27 11:00:00,378.45085871431223,588.3611,121.23662
forecast_5724,2025-08-27 12:00:00,457.0110571217641,580.3893,136.65906
forecast_5725,2025-08-27 13:00:00,650.237725191138,577.17346,154.37798
forecast_5726,2025-08-27 14:00:00,791.4422218470512,601.64166,173.10927
forecast_5727,2025-08-27 15:00:00,694.0414997583225,636.51154,200.84346
forecast_5728,2025-08-27 16:00:00,724.0175880739577,678.6384,232.71797
forecast_5729,2025-08-27 17:00:00,653.5097123609246,756.98395,307.82983
forecast_5730,2025-08-27 18:00:00,751.1056289196827,876.6648,350.55167
forecast_5731,2025-08-27 19:00:00,798.6181322530404,964.75854,377.45615
forecast_5732,2025-08-27 20:00:00,951.8709147010558,1008.384,373.98975
forecast_5733,2025-08-27 21:00:00,918.0604291140891,968.6143,342.19083
forecast_5734,2025-08-27 22:00:00,991.5692168291964,890.1313,299.16763
forecast_5735,2025-08-27 23:00:00,820.5667130826022,843.931,265.00327
forecast_5736,2025-08-28 00:00:00,863.7884143169151,829.58276,255.93994
forecast_5737,2025-08-28 01:00:00,1393.0558127010954,890.9313,296.24417
forecast_5738,2025-08-28 02:00:00,1437.2725022122102,919.981,367.04633
forecast_5739,2025-08-28 03:00:00,1373.4857105700446,1027.8734,538.79736
forecast_5740,2025-08-28 04:00:00,1449.56282230863,1257.3567,985.53296
forecast_5741,2025-08-28 05:00:00,1931.0360988761245,1371.5903,1514.1499
forecast_5742,2025-08-28 06:00:00,2696.3141870987847,1784.2756,1858.8555
forecast_5743,2025-08-28 07:00:00,3102.8124574714275,2107.9978,1711.5033
forecast_5744,2025-08-28 08:00:00,1667.7742738862628,2044.6758,998.0324
forecast_5745,2025-08-28 09:00:00,2402.952179227315,1661.772,553.0947
forecast_5746,2025-08-28 10:00:00,1168.1847729718356,1422.8147,434.06705
forecast_5747,2025-08-28 11:00:00,1520.011455131427,1247.585,409.0146
forecast_5748,2025-08-28 12:00:00,2149.3563903041827,1300.616,507.42886
forecast_5749,2025-08-28 13:00:00,2764.9151892698137,1356.299,601.42847
forecast_5750,2025-08-28 14:00:00,2157.4155595415764,1948.6052,990.71875
forecast_5751,2025-08-28 15:00:00,2601.6036434837533,2999.6067,1469.9366
forecast_5752,2025-08-28 16:00:00,3474.2491333327944,3491.5554,2024.5662
forecast_5753,2025-08-28 17:00:00,4533.0045637149415,3750.8396,2365.3582
forecast_5754,2025-08-28 18:00:00,5153.994756691432,5350.5522,2840.9553
forecast_5755,2025-08-28 19:00:00,5293.767063225041,7033.862,3510.7522
forecast_5756,2025-08-28 20:00:00,6898.076443056142,10000.115,4509.001
forecast_5757,2025-08-28 21:00:00,8637.580093689945,12585.757,6438.7295
forecast_5758,2025-08-28 22:00:00,10583.958835139098,13874.164,8529.462
forecast_5759,2025-08-28 23:00:00,10925.14245311332,14965.908,10808.3955
forecast_5760,2025-08-29 00:00:00,13284.629084424203,15727.596,13000.815
forecast_5761,2025-08-29 01:00:00,14623.109459914189,16885.3,15206.267
forecast_5762,2025-08-29 02:00:00,15221.766973980895,17639.72,16951.596
forecast_5763,2025-08-29 03:00:00,15537.069941619116,17975.389,17769.637
forecast_5764,2025-08-29 04:00:00,16261.38424904559,17937.19,17832.219
forecast_5765,2025-08-29 05:00:00,15956.523888139836,17797.672,17591.025
forecast_5766,2025-08-29 06:00:00,16447.217257414843,17799.395,17500.318
forecast_5767,2025-08-29 07:00:00,15732.645180640395,17798.713,17509.152
forecast_5768,2025-08-29 08:00:00,15233.351322841861,17664.02,17356.16
forecast_5769,2025-08-29 09:00:00,14418.902259796545,17004.617,16578.283
forecast_5770,2025-08-29 10:00:00,13470.54463761428,15770.592,14916.058
forecast_5771,2025-08-29 11:00:00,12830.023656746716,13772.045,12450.673
forecast_5772,2025-08-29 12:00:00,11531.497356962795,11252.573,9592.889
forecast_5773,2025-08-29 13:00:00,10379.618992682439,9696.484,7413.4307
forecast_5774,2025-08-29 14:00:00,9081.333916932934,9095.754,6792.9194
forecast_5775,2025-08-29 15:00:00,9232.489869887315,7954.3037,6487.351
forecast_5776,2025-08-29 16:00:00,8990.421728783025,7180.7363,6588.281
forecast_5777,2025-08-29 17:00:00,9054.635153274994,7330.806,6591.7383
forecast_5778,2025-08-29 18:00:00,7292.098574382759,6750.279,6404.7915
forecast_5779,2025-08-29 19:00:00,9347.929427896132,6657.8506,5351.728
forecast_5780,2025-08-29 20:00:00,11876.022844837451,9774.059,6069.777
forecast_5781,2025-08-29 21:00:00,12703.76763153688,12416.76,7895.268
forecast_5782,2025-08-29 22:00:00,13850.137674501564,13590.09,8996.093
forecast_5783,2025-08-29 23:00:00,14008.512369750213,14522.342,9948.651
forecast_5784,2025-08-30 00:00:00,14156.435121475026,14730.389,9831.827
forecast_5785,2025-08-30 01:00:00,13771.872444473885,14477.01,8964.312
forecast_5786,2025-08-30 02:00:00,14292.484130314344,14117.665,8727.099
forecast_5787,2025-08-30 03:00:00,12273.976644423521,13518.186,8332.627
forecast_5788,2025-08-30 04:00:00,11437.162785319051,12143.989,6686.786
forecast_5789,2025-08-30 05:00:00,10692.652237110075,10915.701,5000.9756
forecast_5790,2025-08-30 06:00:00,9269.750297820807,9863.243,3820.9841
forecast_5791,2025-08-30 07:00:00,7147.428809280241,8834.608,3150.476
forecast_5792,2025-08-30 08:00:00,7093.168205359943,7725.802,2611.9917
forecast_5793,2025-08-30 09:00:00,4622.387115754882,6022.1836,2045.3582
forecast_5794,2025-08-30 10:00:00,2576.0971309607344,3477.6543,1221.4971
forecast_5795,2025-08-30 11:00:00,2044.246984532019,1781.9431,673.0234
forecast_5796,2025-08-30 12:00:00,1611.1772144735987,1140.4653,461.15256
forecast_5797,2025-08-30 13:00:00,2132.6960380938253,969.3691,449.3763
forecast_5798,2025-08-30 14:00:00,1697.7874280728033,1007.0049,548.40784
forecast_5799,2025-08-30 15:00:00,2023.9022264065275,1131.0972,634.47955
forecast_5800,2025-08-30 16:00:00,2001.9501615151325,1380.2802,681.1969
forecast_5801,2025-08-30 17:00:00,2030.154341810408,1582.4668,799.5815
forecast_5802,2025-08-30 18:00:00,2051.627761472924,1590.737,700.9584
forecast_5803,2025-08-30 19:00:00,3307.430508817993,1652.5906,702.9194
forecast_5804,2025-08-30 20:00:00,3813.4971904845897,2411.238,1011.28015
forecast_5805,2025-08-30 21:00:00,4266.284334376692,4053.3113,1574.2379
forecast_5806,2025-08-30 22:00:00,5186.032179726642,4999.6655,1945.9095
forecast_5807,2025-08-30 23:00:00,4635.710499645317,5156.2246,2058.9062
forecast_5808,2025-08-31 00:00:00,4893.179799746183,4780.656,1908.0117
forecast_5809,2025-08-31 01:00:00,5185.142014109589,4622.505,1843.4344
forecast_5810,2025-08-31 02:00:00,5657.65923135283,5074.859,2140.6677
forecast_5811,2025-08-31 03:00:00,5799.990397404834,5316.0273,2433.8562
forecast_5812,2025-08-31 04:00:00,5883.408761033506,5378.754,2276.6296
forecast_5813,2025-08-31 05:00:00,3980.772804560942,5349.0376,2056.5564
forecast_5814,2025-08-31 06:00:00,1825.8494398690957,4651.632,1726.0776
forecast_5815,2025-08-31 07:00:00,1694.0244167999717,3043.6487,1092.074
forecast_5816,2025-08-31 08:00:00,1265.6369024542528,1706.1638,592.4191
forecast_5817,2025-08-31 09:00:00,632.7992735977762,882.62146,256.98145
forecast_5818,2025-08-31 10:00:00,407.89257732843697,645.15857,171.14786
forecast_5819,2025-08-31 11:00:00,486.2049222494264,605.13074,161.75793
forecast_5820,2025-08-31 12:00:00,867.165772379082,621.38855,200.36406
forecast_5821,2025-08-31 13:00:00,1229.5308370390414,710.41406,313.8462
forecast_5822,2025-08-31 14:00:00,2296.754914022538,916.9097,526.08826
forecast_5823,2025-08-31 15:00:00,2298.9272159302695,1483.2251,1004.1876
forecast_5824,2025-08-31 16:00:00,2512.6586739183904,1815.6509,1385.0594
forecast_5825,2025-08-31 17:00:00,3001.0773514632915,2413.7979,1601.864
forecast_5826,2025-08-31 18:00:00,4633.618928799346,3195.0837,1963.1655
forecast_5827,2025-08-31 19:00:00,6501.383032213485,3381.0369,2279.0857
forecast_5828,2025-08-31 20:00:00,6741.293434989419,5897.5684,3276.8652
forecast_5829,2025-08-31 21:00:00,7384.540768041952,7316.8745,4064.4219
forecast_5830,2025-08-31 22:00:00,8652.83731133699,8940.998,4903.9326
forecast_5831,2025-08-31 23:00:00,8922.832655864599,9562.06,5454.011
forecast_5832,2025-09-01 00:00:00,9417.682206825171,9804.922,6205.4653
forecast_5833,2025-09-01 01:00:00,10674.022631838121,10780.802,6538.0073
forecast_5834,2025-09-01 02:00:00,9356.907247530678,13846.469,9079.64
forecast_5835,2025-09-01 03:00:00,10416.13642847894,14706.641,10475.048
forecast_5836,2025-09-01 04:00:00,11777.76407426184,14798.944,10965.474
forecast_5837,2025-09-01 05:00:00,12299.342482214828,15076.631,11502.101
forecast_5838,2025-09-01 06:00:00,11492.18121883672,15295.43,12414.587
forecast_5839,2025-09-01 07:00:00,9840.862521230629,14813.96,11839.201
forecast_5840,2025-09-01 08:00:00,7966.010088097995,13443.129,10123.894
forecast_5841,2025-09-01 09:00:00,7716.038836099583,10987.43,7200.2485
forecast_5842,2025-09-01 10:00:00,6442.211682256269,9000.074,5178.481
forecast_5843,2025-09-01 11:00:00,5455.5104053785935,7088.198,3542.3467
forecast_5844,2025-09-01 12:00:00,5189.983924100787,5731.1113,2640.3906
forecast_5845,2025-09-01 13:00:00,4838.478936595832,4998.7617,2680.2527
forecast_5846,2025-09-01 14:00:00,4873.880386645188,4445.7236,3167.1873
forecast_5847,2025-09-01 15:00:00,5930.568742178071,4616.781,3555.6482
forecast_5848,2025-09-01 16:00:00,6581.623540421095,5263.661,4134.5327
forecast_5849,2025-09-01 17:00:00,6173.037096047491,5959.1865,4940.2363
forecast_5850,2025-09-01 18:00:00,5678.080119025857,6778.7393,6082.655
forecast_5851,2025-09-01 19:00:00,5473.562718081176,7198.6987,6871.9814
forecast_5852,2025-09-01 20:00:00,5235.190558795001,7669.6953,5564.297
forecast_5853,2025-09-01 21:00:00,5818.687630380829,7891.6626,4324.6978
forecast_5854,2025-09-01 22:00:00,7331.875139953622,7330.979,3519.4966
forecast_5855,2025-09-01 23:00:00,9714.341781651143,8081.8774,3689.6267
forecast_5856,2025-09-02 00:00:00,7739.333789152228,10232.897,5818.1655
forecast_5857,2025-09-02 01:00:00,10780.430417938205,11722.379,7246.0815
forecast_5858,2025-09-02 02:00:00,9457.594851794027,12997.97,9707.646
forecast_5859,2025-09-02 03:00:00,9627.228635264226,12514.039,8800.556
forecast_5860,2025-09-02 04:00:00,8533.680085517432,11805.767,7350.547
forecast_5861,2025-09-02 05:00:00,6418.816295153496,9754.993,5170.4956
forecast_5862,2025-09-02 06:00:00,7110.05416741512,7268.5947,2872.0237
forecast_5863,2025-09-02 07:00:00,5916.812983092174,6710.0024,2433.9514
forecast_5864,2025-09-02 08:00:00,4639.832578799842,6446.776,2932.8958
forecast_5865,2025-09-02 09:00:00,4121.5877454383635,5003.3335,2362.9153
forecast_5866,2025-09-02 10:00:00,2486.4215470532813,3169.6226,1377.2911
forecast_5867,2025-09-02 11:00:00,2539.7832108415428,1821.614,751.9633
forecast_5868,2025-09-02 12:00:00,1897.649249170206,1405.7438,548.7093
forecast_5869,2025-09-02 13:00:00,1330.3341098490878,1086.5049,535.21027
forecast_5870,2025-09-02 14:00:00,432.3564790016612,887.1105,488.30463
forecast_5871,2025-09-02 15:00:00,427.51622894602406,658.50726,227.88771
forecast_5872,2025-09-02 16:00:00,326.0158242020701,600.27057,196.41579
forecast_5873,2025-09-02 17:00:00,335.1688629758762,584.0926,221.90363
forecast_5874,2025-09-02 18:00:00,319.68000000000006,573.06366,247.08061
forecast_5875,2025-09-02 19:00:00,319.68000000000006,576.0036,220.91727
forecast_5876,2025-09-02 20:00:00,378.81845851856576,593.6293,220.10239
forecast_5877,2025-09-02 21:00:00,391.21545608534075,637.6659,193.4561
forecast_5878,2025-09-02 22:00:00,397.5080817856028,760.79944,208.80008
forecast_5879,2025-09-02 23:00:00,463.4019456444163,1043.8907,266.41934
forecast_5880,2025-09-03 00:00:00,365.73758521960303,1222.2172,332.55078
forecast_5881,2025-09-03 01:00:00,467.10561914093466,828.78925,271.00943
forecast_5882,2025-09-03 02:00:00,482.048280358268,776.39294,304.0748
forecast_5883,2025-09-03 03:00:00,398.5408022632941,737.11304,376.87405
forecast_5884,2025-09-03 04:00:00,372.6537031026691,734.8708,481.50504
forecast_5885,2025-09-03 05:00:00,363.6019748756339,721.20886,566.78253
forecast_5886,2025-09-03 06:00:00,386.4903714144581,675.48096,490.20212
forecast_5887,2025-09-03 07:00:00,339.158576953119,652.2601,252.47829
forecast_5888,2025-09-03 08:00:00,405.35267031933637,639.20496,170.1436
forecast_5889,2025-09-03 09:00:00,406.01077628772464,641.8995,116.70218
forecast_5890,2025-09-03 10:00:00,373.04391670742376,663.4903,102.98043
forecast_5891,2025-09-03 11:00:00,618.2965310665147,678.33496,105.15713
forecast_5892,2025-09-03 12:00:00,498.73019743498315,675.7343,118.314354
forecast_5893,2025-09-03 13:00:00,681.3919414830002,676.751,140.89693
forecast_5894,2025-09-03 14:00:00,716.631948035505,670.69525,171.3624
forecast_5895,2025-09-03 15:00:00,428.58590784413934,688.7317,198.56712
forecast_5896,2025-09-03 16:00:00,366.65006175477515,687.6273,217.81749
forecast_5897,2025-09-03 17:00:00,482.0472477187584,686.65576,231.4769
forecast_5898,2025-09-03 18:00:00,361.6302289059756,667.0416,235.39189
forecast_5899,2025-09-03 19:00:00,383.91357606894144,646.32904,225.7747
forecast_5900,2025-09-03 20:00:00,459.65932242710255,634.5999,209.0061
forecast_5901,2025-09-03 21:00:00,568.4294495224324,678.92755,190.00874
forecast_5902,2025-09-03 22:00:00,833.737035185624,738.04517,186.42184
forecast_5903,2025-09-03 23:00:00,881.482143591464,777.02234,197.85399
forecast_5904,2025-09-04 00:00:00,887.3203099030729,791.1051,209.99493
forecast_5905,2025-09-04 01:00:00,1251.1506415213673,811.3623,226.10902
forecast_5906,2025-09-04 02:00:00,1096.658547947622,838.06476,209.08173
forecast_5907,2025-09-04 03:00:00,1193.6393997636465,921.97736,201.23358
forecast_5908,2025-09-04 04:00:00,1214.0256488671575,1023.0587,206.16808
forecast_5909,2025-09-04 05:00:00,2180.2282066914813,1109.5332,196.0498
forecast_5910,2025-09-04 06:00:00,2440.4889789893778,1151.577,203.34218
forecast_5911,2025-09-04 07:00:00,2344.015786158631,1212.9597,210.8895
forecast_5912,2025-09-04 08:00:00,1957.629680688239,1337.1133,227.67229
forecast_5913,2025-09-04 09:00:00,1635.2408929149567,1433.544,241.72707
forecast_5914,2025-09-04 10:00:00,894.5077275399592,1429.9004,257.40433
forecast_5915,2025-09-04 11:00:00,887.5307959569315,1356.199,273.02237
forecast_5916,2025-09-04 12:00:00,856.7976789103462,1232.7887,283.94006
forecast_5917,2025-09-04 13:00:00,1209.0666880329,1150.5933,298.39896
forecast_5918,2025-09-04 14:00:00,1239.304548084601,1090.39,305.8782
forecast_5919,2025-09-04 15:00:00,1372.9569984651375,1042.1094,302.2966
forecast_5920,2025-09-04 16:00:00,2564.4952649421753,1066.9125,286.774
forecast_5921,2025-09-04 17:00:00,2396.3395632196816,1337.6643,319.8081
forecast_5922,2025-09-04 18:00:00,2146.5602646647117,1830.3491,384.84775
forecast_5923,2025-09-04 19:00:00,2525.236686938828,2118.7617,443.65015
forecast_5924,2025-09-04 20:00:00,2806.592347775665,2123.2654,509.4744
forecast_5925,2025-09-04 21:00:00,2598.439650821316,2087.8093,587.379
forecast_5926,2025-09-04 22:00:00,2373.0741538535694,2070.269,674.01636
forecast_5927,2025-09-04 23:00:00,2109.6769767878036,1987.2605,663.90015
forecast_5928,2025-09-05 00:00:00,1687.2867373859835,1982.1533,626.56836
forecast_5929,2025-09-05 01:00:00,1527.467159267123,1843.6396,521.54816
forecast_5930,2025-09-05 02:00:00,1184.4246488336173,1685.7874,492.04504
forecast_5931,2025-09-05 03:00:00,994.1144347790196,1825.6523,455.24094
forecast_5932,2025-09-05 04:00:00,1209.9475413552743,1958.082,473.5987
forecast_5933,2025-09-05 05:00:00,2031.3600794568783,1784.5283,416.2893
forecast_5934,2025-09-05 06:00:00,2208.1846452653326,1815.7627,477.24
forecast_5935,2025-09-05 07:00:00,2286.689956783794,1579.8696,532.9461
forecast_5936,2025-09-05 08:00:00,1728.3683801074912,1549.4182,508.12064
forecast_5937,2025-09-05 09:00:00,709.4183272851337,1467.0969,486.0799
forecast_5938,2025-09-05 10:00:00,503.41434889118983,1229.1074,435.9112
forecast_5939,2025-09-05 11:00:00,448.2397802263939,881.8932,317.9786
forecast_5940,2025-09-05 12:00:00,319.8382809037655,688.4581,225.6677
forecast_5941,2025-09-05 13:00:00,320.51712259185547,587.0001,192.09818
forecast_5942,2025-09-05 14:00:00,319.7431163210736,553.869,179.4955
forecast_5943,2025-09-05 15:00:00,336.1800774231131,548.52576,185.794
forecast_5944,2025-09-05 16:00:00,319.68000000000006,549.6275,166.77602
forecast_5945,2025-09-05 17:00:00,406.4215521174375,558.93756,159.92188
forecast_5946,2025-09-05 18:00:00,642.7506563019871,562.1203,149.52048
forecast_5947,2025-09-05 19:00:00,670.0868362487913,571.5755,139.44527
forecast_5948,2025-09-05 20:00:00,695.6706288948764,606.4608,144.66273
forecast_5949,2025-09-05 21:00:00,1048.6334224671018,720.1817,171.13297
forecast_5950,2025-09-05 22:00:00,2144.469453747907,1034.8135,237.4727
forecast_5951,2025-09-05 23:00:00,3636.108947661848,2184.328,417.0324
forecast_5952,2025-09-06 00:00:00,4944.112278260817,5232.3145,881.61017
forecast_5953,2025-09-06 01:00:00,7699.794046267296,9190.669,1813.4581
forecast_5954,2025-09-06 02:00:00,10306.865094405865,12748.171,4311.0967
forecast_5955,2025-09-06 03:00:00,12484.178991193747,14402.574,7107.365
forecast_5956,2025-09-06 04:00:00,12847.111904941947,15634.32,9380.6045
forecast_5957,2025-09-06 05:00:00,12512.276518663846,16091.137,10890.106
forecast_5958,2025-09-06 06:00:00,13648.586954204573,15889.243,11713.903
forecast_5959,2025-09-06 07:00:00,12845.787409951574,16160.903,13080.633
forecast_5960,2025-09-06 08:00:00,9463.737715363764,16213.766,14058.765
forecast_5961,2025-09-06 09:00:00,10602.452633916435,14940.85,12797.729
forecast_5962,2025-09-06 10:00:00,10920.199493622942,13674.893,10964.652
forecast_5963,2025-09-06 11:00:00,10695.99929940335,12935.653,9708.82
forecast_5964,2025-09-06 12:00:00,11738.897026198681,12965.808,10096.256
forecast_5965,2025-09-06 13:00:00,11226.762158436744,13387.604,11141.272
forecast_5966,2025-09-06 14:00:00,11473.680562112662,13151.278,11622.758
forecast_5967,2025-09-06 15:00:00,14030.235481264372,13493.8545,12346.169
forecast_5968,2025-09-06 16:00:00,11893.691837815008,14601.97,13718.817
forecast_5969,2025-09-06 17:00:00,12671.026708222165,14311.543,13903.103
forecast_5970,2025-09-06 18:00:00,12365.32481111718,14505.105,13080.795
forecast_5971,2025-09-06 19:00:00,13423.433902748437,15623.91,14117.837
forecast_5972,2025-09-06 20:00:00,13792.140533191323,16640.613,15649.5
forecast_5973,2025-09-06 21:00:00,14267.5719592845,17039.953,16085.067
forecast_5974,2025-09-06 22:00:00,14841.50738567608,16990.965,16113.578
forecast_5975,2025-09-06 23:00:00,14824.538942816893,17228.973,16533.137
forecast_5976,2025-09-07 00:00:00,16030.653300489354,17055.31,16603.158
forecast_5977,2025-09-07 01:00:00,16226.342730069471,17156.592,16693.797
forecast_5978,2025-09-07 02:00:00,16228.775446031148,17344.143,17114.434
forecast_5979,2025-09-07 03:00:00,15466.509826924477,16910.416,16513.11
forecast_5980,2025-09-07 04:00:00,15036.644356308087,15722.638,14528.791
forecast_5981,2025-09-07 05:00:00,14627.44206615947,14628.354,12576.611
forecast_5982,2025-09-07 06:00:00,12269.689471788595,13873.581,11916.788
forecast_5983,2025-09-07 07:00:00,11708.179401581023,12853.224,11355.214
forecast_5984,2025-09-07 08:00:00,11781.494648915246,12188.04,11189.231
forecast_5985,2025-09-07 09:00:00,9609.532965176133,10972.402,10057.23
forecast_5986,2025-09-07 10:00:00,9003.78642106229,8267.715,6299.6807
forecast_5987,2025-09-07 11:00:00,6625.263389847487,6865.3794,3521.3774
forecast_5988,2025-09-07 12:00:00,5214.308727232734,5913.389,2213.5752
forecast_5989,2025-09-07 13:00:00,3380.066111235051,3579.3105,1038.5884
forecast_5990,2025-09-07 14:00:00,3593.6772569055684,2071.8223,635.4465
forecast_5991,2025-09-07 15:00:00,3364.943474517642,1567.5803,583.80927
forecast_5992,2025-09-07 16:00:00,3038.6923002550825,1675.2175,775.1543
forecast_5993,2025-09-07 17:00:00,4303.110545422499,1990.5347,1103.8792
forecast_5994,2025-09-07 18:00:00,5120.312178098697,2696.2817,2118.694
forecast_5995,2025-09-07 19:00:00,8184.432012567764,4691.673,3501.0144
forecast_5996,2025-09-07 20:00:00,9561.853359281258,7296.3535,4815.9355
forecast_5997,2025-09-07 21:00:00,9893.521538947616,8676.501,5957.879
forecast_5998,2025-09-07 22:00:00,9972.091751125505,9277.365,5794.5503
forecast_5999,2025-09-07 23:00:00,9922.247687418958,9767.39,5718.7134
forecast_6000,2025-09-08 00:00:00,10188.535984513714,9851.265,6092.5747
forecast_6001,2025-09-08 01:00:00,8328.726727766772,9362.56,5728.236
forecast_6002,2025-09-08 02:00:00,9963.76849080205,7678.579,4985.782
forecast_6003,2025-09-08 03:00:00,8096.5972404601525,6814.4424,4581.956
forecast_6004,2025-09-08 04:00:00,6740.325991495487,4496.441,3661.1697
forecast_6005,2025-09-08 05:00:00,4548.717563194933,2612.423,2563.9766
forecast_6006,2025-09-08 06:00:00,2648.1624879843394,1304.9313,1621.7588
forecast_6007,2025-09-08 07:00:00,1057.722571801367,829.81885,975.1341
forecast_6008,2025-09-08 08:00:00,413.7390566201464,686.61993,433.4564
forecast_6009,2025-09-08 09:00:00,320.8719053146176,642.1749,227.77003
forecast_6010,2025-09-08 10:00:00,326.87513292798593,620.6174,124.7524
forecast_6011,2025-09-08 11:00:00,355.36157219343806,604.90155,100.48804
forecast_6012,2025-09-08 12:00:00,345.22794900357695,588.41077,106.59402
forecast_6013,2025-09-08 13:00:00,336.5900716302646,579.7342,122.66074
forecast_6014,2025-09-08 14:00:00,348.3908278582943,585.3463,148.23453
forecast_6015,2025-09-08 15:00:00,374.4494992530109,606.72894,228.63326
forecast_6016,2025-09-08 16:00:00,1284.3870158950099,607.25073,227.26106
forecast_6017,2025-09-08 17:00:00,2988.281582765885,716.9655,360.86475
forecast_6018,2025-09-08 18:00:00,3128.2735993265715,1116.5249,747.1963
forecast_6019,2025-09-08 19:00:00,2233.698157885753,1445.3086,979.82764
forecast_6020,2025-09-08 20:00:00,1671.1111717146882,1555.4797,915.5544
forecast_6021,2025-09-08 21:00:00,2454.8473924465447,1691.4043,818.36926
forecast_6022,2025-09-08 22:00:00,1716.1142901637693,1518.624,591.0241
forecast_6023,2025-09-08 23:00:00,1433.4090971335825,1917.1562,723.0954
forecast_6024,2025-09-09 00:00:00,1078.3643250820423,1691.2737,548.72955
forecast_6025,2025-09-09 01:00:00,1268.4543588571096,1866.7375,509.58533
forecast_6026,2025-09-09 02:00:00,1731.935447830545,1576.7632,757.7119
forecast_6027,2025-09-09 03:00:00,1486.179922729757,1420.2195,866.0338
forecast_6028,2025-09-09 04:00:00,1191.3897870392618,1122.2616,767.6266
forecast_6029,2025-09-09 05:00:00,1102.6121061826084,866.91113,683.625
forecast_6030,2025-09-09 06:00:00,2238.971546641587,758.75964,641.8178
forecast_6031,2025-09-09 07:00:00,2561.2375866314333,756.4264,476.2113
forecast_6032,2025-09-09 08:00:00,2137.021912851129,790.33655,505.37805
forecast_6033,2025-09-09 09:00:00,2342.1784429745676,760.1701,555.84045
forecast_6034,2025-09-09 10:00:00,1558.2763933512633,703.88495,397.28574
forecast_6035,2025-09-09 11:00:00,1449.60378066081,830.3972,350.9684
forecast_6036,2025-09-09 12:00:00,1771.333672150675,961.0767,338.214
forecast_6037,2025-09-09 13:00:00,1079.8329639384508,958.6954,230.46773
forecast_6038,2025-09-09 14:00:00,889.3477211426829,974.95966,172.784
forecast_6039,2025-09-09 15:00:00,921.7140049487368,1041.2283,180.62355
forecast_6040,2025-09-09 16:00:00,939.7526048561668,972.28186,167.45747
forecast_6041,2025-09-09 17:00:00,1017.6288015553826,1000.85535,172.13649
forecast_6042,2025-09-09 18:00:00,1039.319926176708,1089.1653,181.05356
forecast_6043,2025-09-09 19:00:00,1092.0000708884982,1205.9697,180.0509
forecast_6044,2025-09-09 20:00:00,1296.5386430747974,1236.905,182.51093
forecast_6045,2025-09-09 21:00:00,1410.7232853273076,1300.9589,204.15894
forecast_6046,2025-09-09 22:00:00,1376.196628818473,1210.1954,206.7272
forecast_6047,2025-09-09 23:00:00,1026.7396672040927,1041.8698,209.0286
forecast_6048,2025-09-10 00:00:00,1029.4907713792945,906.81604,196.60368
forecast_6049,2025-09-10 01:00:00,2241.813351545422,880.40875,222.09834
forecast_6050,2025-09-10 02:00:00,1718.157139752819,861.0628,193.95418
forecast_6051,2025-09-10 03:00:00,2557.7911895690586,983.36847,183.3573
forecast_6052,2025-09-10 04:00:00,2690.5099854998302,1110.7009,175.8096
forecast_6053,2025-09-10 05:00:00,2626.9313284494838,1211.6401,212.54393
forecast_6054,2025-09-10 06:00:00,2677.924091336669,1252.1862,204.66316
forecast_6055,2025-09-10 07:00:00,2890.0921278977457,1431.0364,208.75592
forecast_6056,2025-09-10 08:00:00,2272.501577090808,1672.9641,210.9551
forecast_6057,2025-09-10 09:00:00,1545.649408002895,1918.1707,227.20221
forecast_6058,2025-09-10 10:00:00,1026.938276986649,1820.3301,239.92148
forecast_6059,2025-09-10 11:00:00,1106.5083519353855,1522.3433,246.00133
forecast_6060,2025-09-10 12:00:00,1031.4938868841984,1246.6412,248.62566
forecast_6061,2025-09-10 13:00:00,992.3592627276751,1065.2429,249.19061
forecast_6062,2025-09-10 14:00:00,804.1693690422953,971.49585,252.85417
forecast_6063,2025-09-10 15:00:00,639.2516151418808,838.63196,243.59879
forecast_6064,2025-09-10 16:00:00,583.8864336120945,724.1295,224.34094
forecast_6065,2025-09-10 17:00:00,555.266569519127,670.19403,205.25021
forecast_6066,2025-09-10 18:00:00,773.3444595337785,658.9901,195.51193
forecast_6067,2025-09-10 19:00:00,1008.3562639481506,687.7688,202.12117
forecast_6068,2025-09-10 20:00:00,1242.7951419382039,792.1633,206.17334
forecast_6069,2025-09-10 21:00:00,1504.6480667245469,1014.6161,229.26765
forecast_6070,2025-09-10 22:00:00,1986.8404632189684,1523.9868,310.10596
forecast_6071,2025-09-10 23:00:00,2503.745300215977,1928.8018,396.84198
forecast_6072,2025-09-11 00:00:00,2680.0839855868485,2275.306,479.17767
forecast_6073,2025-09-11 01:00:00,2157.381663300797,2810.287,478.75284
forecast_6074,2025-09-11 02:00:00,2701.368723473817,2793.2156,569.13116
forecast_6075,2025-09-11 03:00:00,3273.0064214191716,2325.4292,676.46313
forecast_6076,2025-09-11 04:00:00,3541.1089875109683,2066.8362,661.0142
forecast_6077,2025-09-11 05:00:00,4081.459784014766,2270.558,593.9566
forecast_6078,2025-09-11 06:00:00,5445.49334341263,3151.8115,542.84485
forecast_6079,2025-09-11 07:00:00,5099.663819946522,5003.7827,738.2715
forecast_6080,2025-09-11 08:00:00,4345.738016820413,4654.795,799.31213
forecast_6081,2025-09-11 09:00:00,3465.6757623252997,4203.422,865.5587
forecast_6082,2025-09-11 10:00:00,2379.8119069728136,3991.4268,912.4042
forecast_6083,2025-09-11 11:00:00,2454.8017351670574,3265.0376,886.57526
forecast_6084,2025-09-11 12:00:00,2457.043951536009,2669.7883,861.6656
forecast_6085,2025-09-11 13:00:00,2437.6209373980623,2345.8196,828.149
forecast_6086,2025-09-11 14:00:00,2343.0704078112412,2178.274,771.37506
forecast_6087,2025-09-11 15:00:00,2162.958973039353,2137.525,724.17084
forecast_6088,2025-09-11 16:00:00,2062.4154098283616,2045.1848,661.1249
forecast_6089,2025-09-11 17:00:00,2282.9458111566987,2062.3914,604.20245
forecast_6090,2025-09-11 18:00:00,2613.0882015965867,2553.9998,624.6817
forecast_6091,2025-09-11 19:00:00,4830.09590665987,3480.2983,662.5803
forecast_6092,2025-09-11 20:00:00,4476.828500717209,4546.524,815.0024
forecast_6093,2025-09-11 21:00:00,5730.581871981963,5404.192,1056.3865
forecast_6094,2025-09-11 22:00:00,6547.674757401409,6169.909,1339.0568
forecast_6095,2025-09-11 23:00:00,6093.2782316598295,6989.6475,1827.9011
forecast_6096,2025-09-12 00:00:00,5973.031406722005,7266.3955,2272.5503
forecast_6097,2025-09-12 01:00:00,5584.8337901274135,6932.6304,2105.0552
forecast_6098,2025-09-12 02:00:00,5470.085038583708,6298.704,2052.1536
forecast_6099,2025-09-12 03:00:00,4520.219096204785,4859.3604,1852.9763
forecast_6100,2025-09-12 04:00:00,4185.330650692478,4144.1216,1639.7601
forecast_6101,2025-09-12 05:00:00,3610.102698849515,3516.5999,1415.4385
forecast_6102,2025-09-12 06:00:00,3617.023402487321,3220.5676,1246.1123
forecast_6103,2025-09-12 07:00:00,3729.63794748565,2732.4863,950.89935
forecast_6104,2025-09-12 08:00:00,3254.4394183674717,2399.6255,754.32184
forecast_6105,2025-09-12 09:00:00,2983.5577991772284,2551.0317,644.0553
forecast_6106,2025-09-12 10:00:00,2173.013854560528,2895.588,625.47644
forecast_6107,2025-09-12 11:00:00,2152.332147828193,2746.742,691.7454
forecast_6108,2025-09-12 12:00:00,1979.0618269133397,2333.5793,692.8511
forecast_6109,2025-09-12 13:00:00,1862.4756446708493,1974.9199,652.19934
forecast_6110,2025-09-12 14:00:00,1645.6144645197473,1845.7288,609.17706
forecast_6111,2025-09-12 15:00:00,2508.2188114296423,1681.9314,562.7494
forecast_6112,2025-09-12 16:00:00,2590.620948071788,1750.123,587.8931
forecast_6113,2025-09-12 17:00:00,3000.095389192824,1955.375,610.9118
forecast_6114,2025-09-12 18:00:00,3197.731561442352,2246.3828,680.0471
forecast_6115,2025-09-12 19:00:00,2578.7342402506524,2438.6365,702.15656
forecast_6116,2025-09-12 20:00:00,3144.4283310043993,2388.3208,628.12695
forecast_6117,2025-09-12 21:00:00,3982.073200574851,2714.8298,628.9304
forecast_6118,2025-09-12 22:00:00,4249.596163412503,3018.816,690.2915
forecast_6119,2025-09-12 23:00:00,4318.951251219582,3163.8381,614.25824
forecast_6120,2025-09-13 00:00:00,4354.796922773772,3316.001,706.4832
forecast_6121,2025-09-13 01:00:00,3614.339448706225,3704.659,770.5317
forecast_6122,2025-09-13 02:00:00,3856.2855243965782,4632.926,1347.3201
forecast_6123,2025-09-13 03:00:00,5380.303439896583,5370.7505,2314.0027
forecast_6124,2025-09-13 04:00:00,6996.765640971588,5176.0225,3306.024
forecast_6125,2025-09-13 05:00:00,8166.660658269457,6818.3457,3661.0425
forecast_6126,2025-09-13 06:00:00,9392.671939950003,10423.209,5348.8003
forecast_6127,2025-09-13 07:00:00,9559.995707220967,13315.075,9403.612
forecast_6128,2025-09-13 08:00:00,13513.152770526362,15146.394,12944.174
forecast_6129,2025-09-13 09:00:00,12107.521762526072,15996.852,14266.289
forecast_6130,2025-09-13 10:00:00,14134.284461776298,15833.47,13951.303
forecast_6131,2025-09-13 11:00:00,9331.63470247089,15168.173,12904.981
forecast_6132,2025-09-13 12:00:00,6197.7489349310845,7691.5156,4808.575
forecast_6133,2025-09-13 13:00:00,4995.869543163173,3274.635,2291.4897
forecast_6134,2025-09-13 14:00:00,3253.605580579266,1929.3467,1123.1882
forecast_6135,2025-09-13 15:00:00,1167.8526494736204,1363.0991,693.4302
forecast_6136,2025-09-13 16:00:00,1781.5202714336033,911.5086,477.88016
forecast_6137,2025-09-13 17:00:00,1591.8647379807453,1078.5137,566.7436
forecast_6138,2025-09-13 18:00:00,1904.2231377535186,1771.176,828.05963
forecast_6139,2025-09-13 19:00:00,1402.1251772231099,2357.131,1233.662
forecast_6140,2025-09-13 20:00:00,1122.0861513408372,1424.5515,1028.6678
forecast_6141,2025-09-13 21:00:00,738.4228784998438,997.6793,640.5326
forecast_6142,2025-09-13 22:00:00,646.0791648898544,794.7356,448.80203
forecast_6143,2025-09-13 23:00:00,701.8937676675304,698.1593,376.41806
forecast_6144,2025-09-14 00:00:00,911.8102949886686,668.1322,286.42175
forecast_6145,2025-09-14 01:00:00,1401.1840881362477,647.8242,218.1647
forecast_6146,2025-09-14 02:00:00,1192.0358829887177,650.5877,206.57224
forecast_6147,2025-09-14 03:00:00,931.3263523115711,668.70935,219.24582
forecast_6148,2025-09-14 04:00:00,957.7576287375844,650.76825,204.95027
forecast_6149,2025-09-14 05:00:00,1186.8556845197018,675.8492,213.35971
forecast_6150,2025-09-14 06:00:00,1225.5723566363083,799.9718,235.04877
forecast_6151,2025-09-14 07:00:00,1036.1743789524592,1051.2812,284.67252
forecast_6152,2025-09-14 08:00:00,960.1212172439896,1297.7782,358.03357
forecast_6153,2025-09-14 09:00:00,1297.5765306352855,1703.6108,389.56818
forecast_6154,2025-09-14 10:00:00,1043.5600833492867,2341.5874,393.0578
forecast_6155,2025-09-14 11:00:00,1245.8358417416139,2762.2043,359.45197
forecast_6156,2025-09-14 12:00:00,1280.8467506567204,2557.6328,452.06796
forecast_6157,2025-09-14 13:00:00,1065.8265580773996,1958.8372,664.2805
forecast_6158,2025-09-14 14:00:00,1040.0332370871051,1462.3701,774.44324
forecast_6159,2025-09-14 15:00:00,1193.5032487663862,1308.5895,871.8936
forecast_6160,2025-09-14 16:00:00,1787.5607002517322,1584.3538,1167.9451
forecast_6161,2025-09-14 17:00:00,2702.1544544452245,2113.4475,1586.0597
forecast_6162,2025-09-14 18:00:00,4843.658265101185,3548.915,2317.675
forecast_6163,2025-09-14 19:00:00,8222.413099293557,6785.2993,3604.3523
forecast_6164,2025-09-14 20:00:00,10870.923209476015,11381.023,5675.571
forecast_6165,2025-09-14 21:00:00,12863.898866100484,14804.239,8782.132
forecast_6166,2025-09-14 22:00:00,14908.577455452862,15827.91,10842.858
forecast_6167,2025-09-14 23:00:00,16066.448416156163,16457.834,12687.921
forecast_6168,2025-09-15 00:00:00,17299.7582582444,16617.414,14005.149
forecast_6169,2025-09-15 01:00:00,18243.80128903544,16241.194,14149.12
forecast_6170,2025-09-15 02:00:00,16419.194350495825,15468.693,13003.343
forecast_6171,2025-09-15 03:00:00,14680.386925117888,14600.017,11367.241
forecast_6172,2025-09-15 04:00:00,12819.97802423719,13344.069,9145.757
forecast_6173,2025-09-15 05:00:00,8410.867982571319,11303.203,6535.9814
forecast_6174,2025-09-15 06:00:00,6279.113613743669,8109.6533,3448.38
forecast_6175,2025-09-15 07:00:00,4491.719968926921,5692.968,1832.7562
forecast_6176,2025-09-15 08:00:00,1797.6494605269368,3159.4214,1006.409
forecast_6177,2025-09-15 09:00:00,787.9352285553413,1387.3035,522.307
forecast_6178,2025-09-15 10:00:00,423.00300008433015,750.0557,325.53564
forecast_6179,2025-09-15 11:00:00,380.0685237166951,606.20734,217.76007
forecast_6180,2025-09-15 12:00:00,404.01103097644886,576.1817,202.16325
forecast_6181,2025-09-15 13:00:00,341.4378226155809,559.11145,144.35794
forecast_6182,2025-09-15 14:00:00,354.9069937989066,557.2318,142.05756
forecast_6183,2025-09-15 15:00:00,530.2831105436478,569.80457,156.14096
forecast_6184,2025-09-15 16:00:00,871.5281324444633,643.55505,224.02875
forecast_6185,2025-09-15 17:00:00,2718.6741277017577,815.41516,370.52783
forecast_6186,2025-09-15 18:00:00,3639.5048943373918,1266.7126,824.94073
forecast_6187,2025-09-15 19:00:00,5399.001472302614,2085.6658,1896.1403
forecast_6188,2025-09-15 20:00:00,6233.513205849456,3676.66,2995.7153
forecast_6189,2025-09-15 21:00:00,6241.806682567928,4669.029,3062.6626
forecast_6190,2025-09-15 22:00:00,5500.3832116129815,2126.752,1971.0602
forecast_6191,2025-09-15 23:00:00,4925.926830652923,1444.6199,1373.6779
forecast_6192,2025-09-16 00:00:00,4477.334966594479,1391.4707,1370.494
forecast_6193,2025-09-16 01:00:00,7520.854647907615,1615.3765,1739.9971
forecast_6194,2025-09-16 02:00:00,10522.04561930235,2650.361,3222.8955
forecast_6195,2025-09-16 03:00:00,10020.333778071108,5251.825,4809.1504
forecast_6196,2025-09-16 04:00:00,11272.59076953219,7811.1304,5036.4536
forecast_6197,2025-09-16 05:00:00,10649.140043395042,9771.241,4707.144
forecast_6198,2025-09-16 06:00:00,11474.724632971365,11052.825,4437.3022
forecast_6199,2025-09-16 07:00:00,11422.682404273046,11626.378,4392.9717
forecast_6200,2025-09-16 08:00:00,9277.191640442525,11448.026,4807.961
forecast_6201,2025-09-16 09:00:00,6183.01765603191,9700.183,4512.435
forecast_6202,2025-09-16 10:00:00,4331.227335977858,7170.9907,3602.2688
forecast_6203,2025-09-16 11:00:00,5118.397478598187,5113.965,2637.348
forecast_6204,2025-09-16 12:00:00,5682.685508834537,5745.425,2769.9343
forecast_6205,2025-09-16 13:00:00,6431.68931137437,6596.99,3522.8525
forecast_6206,2025-09-16 14:00:00,8630.503787540496,7412.8784,5032.1294
forecast_6207,2025-09-16 15:00:00,6767.997962293862,7318.8364,6084.8755
forecast_6208,2025-09-16 16:00:00,7264.816759099714,7100.8364,6228.191
forecast_6209,2025-09-16 17:00:00,5825.157450247136,7054.5405,6140.6323
forecast_6210,2025-09-16 18:00:00,6122.4530913526105,5600.369,4791.4346
forecast_6211,2025-09-16 19:00:00,8347.746913893683,7694.7075,4524.611
forecast_6212,2025-09-16 20:00:00,7559.782408087632,11495.335,6132.62
forecast_6213,2025-09-16 21:00:00,7233.82034521519,13377.238,8028.8716
forecast_6214,2025-09-16 22:00:00,7775.149576091729,12751.581,7418.6274
forecast_6215,2025-09-16 23:00:00,8438.070771565759,13060.116,5710.8145
forecast_6216,2025-09-17 00:00:00,10273.127577910469,14379.814,7659.9087
forecast_6217,2025-09-17 01:00:00,14685.106415506842,15474.247,11598.799
forecast_6218,2025-09-17 02:00:00,15685.397141884885,16506.145,14896.637
forecast_6219,2025-09-17 03:00:00,16798.017895775953,17296.324,16837.69
forecast_6220,2025-09-17 04:00:00,16740.761364622733,17474.2,17512.758
forecast_6221,2025-09-17 05:00:00,16188.81879475037,17691.443,17791.932
forecast_6222,2025-09-17 06:00:00,16174.770149783331,17449.295,17425.746
forecast_6223,2025-09-17 07:00:00,14346.234680414695,16810.52,16584.326
forecast_6224,2025-09-17 08:00:00,9815.386204959023,13515.628,12663.191
forecast_6225,2025-09-17 09:00:00,6257.4471067525665,7648.9644,4777.5254
forecast_6226,2025-09-17 10:00:00,4438.1396259303765,4483.957,1908.3685
forecast_6227,2025-09-17 11:00:00,3213.2183468131498,2876.1948,755.8194
forecast_6228,2025-09-17 12:00:00,1431.1196015840667,1774.8999,254.6657
forecast_6229,2025-09-17 13:00:00,1127.4820915871367,1569.4397,253.29123
forecast_6230,2025-09-17 14:00:00,3689.0609234033345,1394.1906,263.1681
forecast_6231,2025-09-17 15:00:00,5266.565548448541,2362.6763,556.8301
forecast_6232,2025-09-17 16:00:00,4180.400314609485,4108.99,1729.6166
forecast_6233,2025-09-17 17:00:00,3384.7493969552106,2555.4597,1922.8713
forecast_6234,2025-09-17 18:00:00,3362.37081934545,1606.8455,1120.2139
forecast_6235,2025-09-17 19:00:00,1201.463232206039,1217.5554,609.1546
forecast_6236,2025-09-17 20:00:00,1327.8618523612483,865.9962,377.74463
forecast_6237,2025-09-17 21:00:00,2147.6516369925284,830.8755,319.24875
forecast_6238,2025-09-17 22:00:00,1426.486651705618,1007.6455,368.0816
forecast_6239,2025-09-17 23:00:00,1043.9117644859355,1270.2739,445.80246
forecast_6240,2025-09-18 00:00:00,744.0218444328588,1359.3547,492.9057
forecast_6241,2025-09-18 01:00:00,836.9456848460953,1182.5991,520.49274
forecast_6242,2025-09-18 02:00:00,876.6979232695429,894.73926,414.55783
forecast_6243,2025-09-18 03:00:00,925.6587279853813,843.673,363.2327
forecast_6244,2025-09-18 04:00:00,1952.430455733394,826.43115,351.7644
forecast_6245,2025-09-18 05:00:00,2328.372085891204,938.0166,351.353
forecast_6246,2025-09-18 06:00:00,2978.9127201287893,1365.0718,416.63284
forecast_6247,2025-09-18 07:00:00,3965.467388808771,2510.4575,673.07477
forecast_6248,2025-09-18 08:00:00,3495.6771138116237,3452.481,1145.2938
forecast_6249,2025-09-18 09:00:00,3689.3837467217195,3722.0571,1508.9182
forecast_6250,2025-09-18 10:00:00,3310.8627977815545,3846.3584,1900.1743
forecast_6251,2025-09-18 11:00:00,2991.5734074229204,3622.4656,2017.6869
forecast_6252,2025-09-18 12:00:00,2891.4111546194276,3275.3464,1716.3568
forecast_6253,2025-09-18 13:00:00,2646.1393945641275,3041.6042,1482.2694
forecast_6254,2025-09-18 14:00:00,2078.6436121510965,2640.223,1261.305
forecast_6255,2025-09-18 15:00:00,1722.9341984933912,2274.909,1045.4342
forecast_6256,2025-09-18 16:00:00,1688.329648409223,1957.8469,900.0419
forecast_6257,2025-09-18 17:00:00,1746.2703098804352,1751.8342,754.79645
forecast_6258,2025-09-18 18:00:00,1831.9020060455398,1840.345,698.91656
forecast_6259,2025-09-18 19:00:00,2343.995467119652,2068.9387,624.6837
forecast_6260,2025-09-18 20:00:00,2370.9389973344905,2456.972,572.95294
forecast_6261,2025-09-18 21:00:00,2676.940916465935,2901.797,557.3823
forecast_6262,2025-09-18 22:00:00,3074.1199453186196,3021.9895,511.63116
forecast_6263,2025-09-18 23:00:00,2730.9021264505454,3149.393,489.97946
forecast_6264,2025-09-19 00:00:00,2669.6433026939685,3063.661,463.1853
forecast_6265,2025-09-19 01:00:00,3003.2111722078093,2973.6536,453.0944
forecast_6266,2025-09-19 02:00:00,2530.034088685493,2925.746,489.9935
forecast_6267,2025-09-19 03:00:00,2493.563966229451,2941.0059,553.3365
forecast_6268,2025-09-19 04:00:00,2398.2509470232126,2718.6611,585.4227
forecast_6269,2025-09-19 05:00:00,2530.7267376265636,2290.8267,579.2595
forecast_6270,2025-09-19 06:00:00,1799.3095372311136,1983.0713,548.7935
forecast_6271,2025-09-19 07:00:00,1848.5902537664574,1757.4346,486.0956
forecast_6272,2025-09-19 08:00:00,1694.2900703185594,1646.3215,453.57788
forecast_6273,2025-09-19 09:00:00,1321.5648001071406,1565.2068,410.99722
forecast_6274,2025-09-19 10:00:00,705.105195007162,1453.4109,361.33926
forecast_6275,2025-09-19 11:00:00,640.1411470008476,1197.7816,307.90317
forecast_6276,2025-09-19 12:00:00,546.044285685986,1021.666,278.80475
forecast_6277,2025-09-19 13:00:00,524.2493257577065,855.1051,252.66414
forecast_6278,2025-09-19 14:00:00,560.8013205667778,749.40576,229.40956
forecast_6279,2025-09-19 15:00:00,535.8829878714885,712.92957,212.71655
forecast_6280,2025-09-19 16:00:00,659.9618048619142,695.5317,202.99101
forecast_6281,2025-09-19 17:00:00,962.899652898912,693.35754,197.70033
forecast_6282,2025-09-19 18:00:00,1506.4237074798577,753.0192,168.1743
forecast_6283,2025-09-19 19:00:00,1859.4230844458207,921.2979,178.23492
forecast_6284,2025-09-19 20:00:00,2597.735864216708,1235.9978,231.09776
forecast_6285,2025-09-19 21:00:00,2773.921604735691,1470.3496,265.74878
forecast_6286,2025-09-19 22:00:00,3703.507628580813,1781.2278,286.81552
forecast_6287,2025-09-19 23:00:00,4360.9855080696225,2564.2966,419.59613
forecast_6288,2025-09-20 00:00:00,4771.18995871152,3371.9746,636.2408
forecast_6289,2025-09-20 01:00:00,6160.974634585859,4460.846,1066.9039
forecast_6290,2025-09-20 02:00:00,7047.830086430333,5128.4937,1884.1249
forecast_6291,2025-09-20 03:00:00,5671.947334619187,5253.8096,2770.8538
forecast_6292,2025-09-20 04:00:00,5087.053680648577,5424.213,3420.5156
forecast_6293,2025-09-20 05:00:00,5805.597437547331,6252.0376,4219.7163
forecast_6294,2025-09-20 06:00:00,6368.366047839293,8964.956,5539.0215
forecast_6295,2025-09-20 07:00:00,5893.451330258423,10748.215,6805.7173
forecast_6296,2025-09-20 08:00:00,4478.941413204975,8300.923,5833.437
forecast_6297,2025-09-20 09:00:00,1820.6643910955775,2915.1416,2944.8223
forecast_6298,2025-09-20 10:00:00,1655.1777291926182,1250.122,948.12823
forecast_6299,2025-09-20 11:00:00,2107.7406974383935,799.28015,474.4516
forecast_6300,2025-09-20 12:00:00,1618.7123320676099,705.354,472.35678
forecast_6301,2025-09-20 13:00:00,2248.8754515705045,798.2497,702.7197
forecast_6302,2025-09-20 14:00:00,1932.9105661182393,1250.1636,967.62067
forecast_6303,2025-09-20 15:00:00,1870.5539819975902,1716.8354,1261.3684
forecast_6304,2025-09-20 16:00:00,1251.5184380782694,1703.6472,1119.7454
forecast_6305,2025-09-20 17:00:00,1058.0125519626688,1197.112,782.8831
forecast_6306,2025-09-20 18:00:00,1228.1603700008352,1100.9552,720.30273
forecast_6307,2025-09-20 19:00:00,1537.916340532375,1048.2891,589.7087
forecast_6308,2025-09-20 20:00:00,1755.1384781114205,1052.2783,660.3981
forecast_6309,2025-09-20 21:00:00,2119.301748096292,1400.4669,1001.0743
forecast_6310,2025-09-20 22:00:00,2856.1120854161522,2060.6006,1114.0526
forecast_6311,2025-09-20 23:00:00,2729.6408778435543,2418.9429,1075.2118
forecast_6312,2025-09-21 00:00:00,3269.6346003121644,2336.304,1121.6254
forecast_6313,2025-09-21 01:00:00,4333.681468465636,3481.69,1151.6772
forecast_6314,2025-09-21 02:00:00,4091.927393456539,3394.3606,1297.4408
forecast_6315,2025-09-21 03:00:00,3300.8688342476435,3948.9827,1558.6677
forecast_6316,2025-09-21 04:00:00,2713.338547935731,4492.572,2057.6965
forecast_6317,2025-09-21 05:00:00,3025.7907277144723,3965.2363,2091.4746
forecast_6318,2025-09-21 06:00:00,3898.2164247592486,3223.9136,1835.2363
forecast_6319,2025-09-21 07:00:00,3936.70944494127,2919.3354,1522.5083
forecast_6320,2025-09-21 08:00:00,2978.1284084808867,3502.6147,1195.3909
forecast_6321,2025-09-21 09:00:00,1957.8038271346913,3569.3975,1167.8423
forecast_6322,2025-09-21 10:00:00,1310.2871525975697,2743.96,971.4519
forecast_6323,2025-09-21 11:00:00,1385.2411338784243,2123.3765,864.6581
forecast_6324,2025-09-21 12:00:00,1415.4275251986046,1712.2346,805.03406
forecast_6325,2025-09-21 13:00:00,1375.3771014176964,1468.2837,817.31964
forecast_6326,2025-09-21 14:00:00,1188.4074840038284,1298.5801,853.4613
forecast_6327,2025-09-21 15:00:00,1393.0761434662713,1230.8622,902.34406
forecast_6328,2025-09-21 16:00:00,1259.7095304962354,1190.8167,881.39136
forecast_6329,2025-09-21 17:00:00,1082.6208482772456,1215.383,921.4341
forecast_6330,2025-09-21 18:00:00,1377.6674317942836,1255.2576,872.2018
forecast_6331,2025-09-21 19:00:00,2329.8527885061562,1368.1191,786.076
forecast_6332,2025-09-21 20:00:00,2839.473505259915,1676.5564,741.45233
forecast_6333,2025-09-21 21:00:00,3582.9849260908823,2169.3364,733.5796
forecast_6334,2025-09-21 22:00:00,5015.895674249976,2490.5325,730.41956
forecast_6335,2025-09-21 23:00:00,5238.249334860637,2861.9617,693.86694
forecast_6336,2025-09-22 00:00:00,5798.895024497381,3341.2737,792.732
forecast_6337,2025-09-22 01:00:00,5187.814254740493,4298.4785,832.41907
forecast_6338,2025-09-22 02:00:00,5297.4900808293405,4122.9014,1337.2892
forecast_6339,2025-09-22 03:00:00,6219.878735709648,4242.095,1367.969
forecast_6340,2025-09-22 04:00:00,5769.889501571669,3803.2363,1648.7662
forecast_6341,2025-09-22 05:00:00,5770.056649595615,3782.2175,1616.2899
forecast_6342,2025-09-22 06:00:00,5507.670637614062,3639.1465,1389.9784
forecast_6343,2025-09-22 07:00:00,5311.550645628402,3787.5305,1356.454
forecast_6344,2025-09-22 08:00:00,5312.858510146363,3281.774,1427.0112
forecast_6345,2025-09-22 09:00:00,5199.83531867373,3492.4363,1628.9884
forecast_6346,2025-09-22 10:00:00,5295.53974700904,3844.2163,1784.0635
forecast_6347,2025-09-22 11:00:00,3354.2089925652726,4496.8145,2163.577
forecast_6348,2025-09-22 12:00:00,2624.6369847346077,4335.941,2159.882
forecast_6349,2025-09-22 13:00:00,2697.7540778476537,3440.533,1826.802
forecast_6350,2025-09-22 14:00:00,2156.4176997031077,2829.139,1474.832
forecast_6351,2025-09-22 15:00:00,2187.938940224514,2460.7292,1171.5317
forecast_6352,2025-09-22 16:00:00,1967.6346260897185,2366.1343,906.6057
forecast_6353,2025-09-22 17:00:00,1890.7392548511984,2228.886,688.03735
forecast_6354,2025-09-22 18:00:00,2192.8104203132348,2134.9785,542.21857
forecast_6355,2025-09-22 19:00:00,2160.690864356946,2017.6592,445.2798
forecast_6356,2025-09-22 20:00:00,2802.688504434306,2105.3682,412.70673
forecast_6357,2025-09-22 21:00:00,3216.20302155953,2252.4976,417.34067
forecast_6358,2025-09-22 22:00:00,3076.941738792758,2250.0981,471.07773
forecast_6359,2025-09-22 23:00:00,2749.5108155551534,2422.6543,507.29425
forecast_6360,2025-09-23 00:00:00,2240.039892099529,2633.4263,483.8821
forecast_6361,2025-09-23 01:00:00,1393.895980449001,2593.9797,541.7959
forecast_6362,2025-09-23 02:00:00,1630.6111874615192,1791.8218,509.34436
forecast_6363,2025-09-23 03:00:00,1588.0309096975363,1584.3215,502.62027
forecast_6364,2025-09-23 04:00:00,1986.8154220572872,1618.415,451.3417
forecast_6365,2025-09-23 05:00:00,2472.451046498478,1530.3286,450.9875
forecast_6366,2025-09-23 06:00:00,3274.2398915725134,1699.9043,533.7194
forecast_6367,2025-09-23 07:00:00,3508.713170346797,1842.6018,607.12964
forecast_6368,2025-09-23 08:00:00,3907.06318555606,2011.5884,666.6085
forecast_6369,2025-09-23 09:00:00,2392.109944183214,1979.3916,621.1551
forecast_6370,2025-09-23 10:00:00,1951.7298864788243,1885.3862,651.6536
forecast_6371,2025-09-23 11:00:00,1638.8308105810672,1656.3142,550.0867
forecast_6372,2025-09-23 12:00:00,960.5593793753536,1358.314,469.19955
forecast_6373,2025-09-23 13:00:00,1053.7297601790087,1182.3643,407.66626
forecast_6374,2025-09-23 14:00:00,932.1329533971682,1085.9998,366.9844
forecast_6375,2025-09-23 15:00:00,1003.8152086658375,1003.0363,344.86038
forecast_6376,2025-09-23 16:00:00,960.2366911800854,969.00464,332.49768
forecast_6377,2025-09-23 17:00:00,972.267180627825,1028.8921,330.74014
forecast_6378,2025-09-23 18:00:00,1665.7863901010614,1187.855,355.77045
forecast_6379,2025-09-23 19:00:00,1709.228782635995,1523.5957,404.32037
forecast_6380,2025-09-23 20:00:00,1996.0589858679189,1766.27,418.34848
forecast_6381,2025-09-23 21:00:00,2540.7345315484195,1804.7559,422.1582
forecast_6382,2025-09-23 22:00:00,3038.204580198463,1708.0725,397.8599
forecast_6383,2025-09-23 23:00:00,3206.090908543898,1736.2891,394.43256
forecast_6384,2025-09-24 00:00:00,3165.874596775329,1714.6528,400.9984
forecast_6385,2025-09-24 01:00:00,3674.518815341831,1801.8577,423.46848
forecast_6386,2025-09-24 02:00:00,3766.1460628681134,2060.6536,676.77234
forecast_6387,2025-09-24 03:00:00,4225.377597411415,2279.3691,1067.5938
forecast_6388,2025-09-24 04:00:00,4095.3412092619315,2710.5154,1323.6504
forecast_6389,2025-09-24 05:00:00,5619.834030115962,4123.4487,1662.254
forecast_6390,2025-09-24 06:00:00,5189.845575848389,6430.746,2185.3796
forecast_6391,2025-09-24 07:00:00,4257.832826802444,8167.4106,2802.9019
forecast_6392,2025-09-24 08:00:00,4149.019075330644,8232.8125,3068.3003
forecast_6393,2025-09-24 09:00:00,3788.1077307848486,7239.242,2881.362
forecast_6394,2025-09-24 10:00:00,5387.784450827312,6634.9805,2844.7773
forecast_6395,2025-09-24 11:00:00,7034.24159482882,6752.279,2677.03
forecast_6396,2025-09-24 12:00:00,6680.4256870172785,7698.717,3213.6426
forecast_6397,2025-09-24 13:00:00,7026.119884787278,8867.141,4623.7617
forecast_6398,2025-09-24 14:00:00,9773.028342775768,9905.235,6335.889
forecast_6399,2025-09-24 15:00:00,9222.072422081877,10154.345,7211.3394
forecast_6400,2025-09-24 16:00:00,9554.526420785314,10466.744,7696.332
forecast_6401,2025-09-24 17:00:00,6348.959475980878,10459.333,7771.8213
forecast_6402,2025-09-24 18:00:00,6935.877078255598,9509.619,5857.324
forecast_6403,2025-09-24 19:00:00,7271.290266278468,10955.318,5803.457
forecast_6404,2025-09-24 20:00:00,8950.744760607393,12800.829,8089.3076
forecast_6405,2025-09-24 21:00:00,12076.100688198027,14116.885,10570.937
forecast_6406,2025-09-24 22:00:00,15169.491765671262,15647.377,12947.924
forecast_6407,2025-09-24 23:00:00,16331.061921962686,16466.139,14742.5
forecast_6408,2025-09-25 00:00:00,16795.89497817073,17109.666,15814.37
forecast_6409,2025-09-25 01:00:00,16227.830531949226,16846.2,15671.172
forecast_6410,2025-09-25 02:00:00,16461.7415666355,16712.332,14824.435
forecast_6411,2025-09-25 03:00:00,16771.77979759225,16796.63,14816.566
forecast_6412,2025-09-25 04:00:00,16847.07010263722,16754.105,14803.852
forecast_6413,2025-09-25 05:00:00,16274.215387657167,16721.799,15149.952
forecast_6414,2025-09-25 06:00:00,16461.82009487704,15594.8,14522.907
forecast_6415,2025-09-25 07:00:00,15523.409975964778,15346.086,14692.101
forecast_6416,2025-09-25 08:00:00,13633.96753461995,13961.972,13792.744
forecast_6417,2025-09-25 09:00:00,15604.682352200347,12393.181,10859.945
forecast_6418,2025-09-25 10:00:00,14848.256548235153,13442.022,10906.114
forecast_6419,2025-09-25 11:00:00,14318.813541650763,13675.131,11331.628
forecast_6420,2025-09-25 12:00:00,13687.45551400553,13696.524,11252.192
forecast_6421,2025-09-25 13:00:00,14076.977406137998,12862.906,10000.902
forecast_6422,2025-09-25 14:00:00,11294.046124579561,13083.895,10806.014
forecast_6423,2025-09-25 15:00:00,11429.809115724862,12193.619,10789.245
forecast_6424,2025-09-25 16:00:00,12196.069208606998,11317.963,9577.429
forecast_6425,2025-09-25 17:00:00,10243.419960662566,12265.657,10328.525
forecast_6426,2025-09-25 18:00:00,12989.864285401547,12979.172,10233.96
forecast_6427,2025-09-25 19:00:00,13212.224244862484,14801.45,11570.147
forecast_6428,2025-09-25 20:00:00,13871.987801385862,15788.3545,12580.962
forecast_6429,2025-09-25 21:00:00,18208.718106350116,16090.922,12655.217
forecast_6430,2025-09-25 22:00:00,17958.78077964352,15187.891,11250.786
forecast_6431,2025-09-25 23:00:00,17672.23756874626,13105.334,8549.767
forecast_6432,2025-09-26 00:00:00,15662.986529005553,11445.898,6458.831
forecast_6433,2025-09-26 01:00:00,10328.720579431127,10992.552,5510.2646
forecast_6434,2025-09-26 02:00:00,9984.057774258255,8790.687,4114.408
forecast_6435,2025-09-26 03:00:00,7748.705372120714,6681.922,3207.813
forecast_6436,2025-09-26 04:00:00,5407.6456842521375,4234.146,2282.7593
forecast_6437,2025-09-26 05:00:00,3862.6370419081995,2345.7317,1454.7362
forecast_6438,2025-09-26 06:00:00,1294.3566905273517,1237.531,737.31244
forecast_6439,2025-09-26 07:00:00,529.0883942270364,820.1558,435.9661
forecast_6440,2025-09-26 08:00:00,417.29872104226064,682.1394,273.00055
forecast_6441,2025-09-26 09:00:00,340.1670429201065,650.90607,149.47887
forecast_6442,2025-09-26 10:00:00,324.90499380972733,629.9586,99.1629
forecast_6443,2025-09-26 11:00:00,319.68000000000006,587.3757,89.32432
forecast_6444,2025-09-26 12:00:00,320.04857118063063,570.12616,87.08261
forecast_6445,2025-09-26 13:00:00,320.79703989843887,554.9228,91.93649
forecast_6446,2025-09-26 14:00:00,319.93659259825074,544.7623,99.46144
forecast_6447,2025-09-26 15:00:00,323.7905006967851,543.7076,116.25593
forecast_6448,2025-09-26 16:00:00,322.4450302442724,547.67065,117.480255
forecast_6449,2025-09-26 17:00:00,319.68000000000006,555.2377,122.30992
forecast_6450,2025-09-26 18:00:00,330.85762219720795,564.45966,128.92737
forecast_6451,2025-09-26 19:00:00,320.08789319175656,581.00745,142.51054
forecast_6452,2025-09-26 20:00:00,342.22049659892735,603.08215,167.69315
forecast_6453,2025-09-26 21:00:00,448.825366136755,612.3048,176.46832
forecast_6454,2025-09-26 22:00:00,592.1039963714103,622.37616,188.76526
forecast_6455,2025-09-26 23:00:00,683.2923815583222,636.1767,200.42766
forecast_6456,2025-09-27 00:00:00,656.7005859815009,670.34485,191.1542
forecast_6457,2025-09-27 01:00:00,530.151991194415,767.67566,166.50345
forecast_6458,2025-09-27 02:00:00,589.6296978643672,908.6353,151.80344
forecast_6459,2025-09-27 03:00:00,799.4223538088208,955.9398,151.12921
forecast_6460,2025-09-27 04:00:00,1074.694677893164,951.06995,164.86122
forecast_6461,2025-09-27 05:00:00,1328.4507184703266,1012.6133,158.07828
forecast_6462,2025-09-27 06:00:00,1886.2308778022457,1164.5972,178.8278
forecast_6463,2025-09-27 07:00:00,1639.2328230297212,1286.2693,213.10274
forecast_6464,2025-09-27 08:00:00,1539.8710903476062,1308.1606,263.99265
forecast_6465,2025-09-27 09:00:00,1116.0767738186541,1189.6226,296.208
forecast_6466,2025-09-27 10:00:00,548.4495038636574,1014.6864,288.7481
forecast_6467,2025-09-27 11:00:00,454.3953773238703,815.1907,255.55551
forecast_6468,2025-09-27 12:00:00,335.02496740846004,703.82916,217.31012
forecast_6469,2025-09-27 13:00:00,335.9762734831685,645.863,203.30858
forecast_6470,2025-09-27 14:00:00,411.48806308581936,610.78735,203.26892
forecast_6471,2025-09-27 15:00:00,471.19623594571453,585.62354,210.88191
forecast_6472,2025-09-27 16:00:00,377.462582101752,576.5143,222.1611
forecast_6473,2025-09-27 17:00:00,468.97532738996995,581.75635,232.02214
forecast_6474,2025-09-27 18:00:00,497.09208804703593,621.0595,249.26471
forecast_6475,2025-09-27 19:00:00,703.6512731831529,695.98755,307.12585
forecast_6476,2025-09-27 20:00:00,895.6837590703356,1089.3884,443.13132
forecast_6477,2025-09-27 21:00:00,879.6031884423471,2224.0042,659.3211
forecast_6478,2025-09-27 22:00:00,2539.281755898013,2995.3364,986.5672
forecast_6479,2025-09-27 23:00:00,3205.4700714249325,4160.993,1369.73
forecast_6480,2025-09-28 00:00:00,2905.6412721836477,5443.53,1872.7867
forecast_6481,2025-09-28 01:00:00,4483.420772098404,4659.2397,1848.8943
forecast_6482,2025-09-28 02:00:00,5521.611952082432,5215.1533,2395.4648
forecast_6483,2025-09-28 03:00:00,6124.1999112546855,7688.019,3172.0854
forecast_6484,2025-09-28 04:00:00,5298.802329102721,9120.846,4067.7878
forecast_6485,2025-09-28 05:00:00,5269.924532868703,9068.922,4574.999
forecast_6486,2025-09-28 06:00:00,4266.1459576495035,7451.8457,3945.2124
forecast_6487,2025-09-28 07:00:00,3459.96564579489,5802.915,2741.6138
forecast_6488,2025-09-28 08:00:00,3045.1862678111816,3613.1526,2011.0952
forecast_6489,2025-09-28 09:00:00,3449.2965036141295,2218.8525,1407.6495
forecast_6490,2025-09-28 10:00:00,3311.2241904998573,1658.7354,1073.421
forecast_6491,2025-09-28 11:00:00,3453.539064310213,2551.0493,1223.5844
forecast_6492,2025-09-28 12:00:00,2612.9633483574685,2375.07,824.27905
forecast_6493,2025-09-28 13:00:00,1739.8765872845663,1954.0896,575.19995
forecast_6494,2025-09-28 14:00:00,2876.2290840866604,1378.0115,469.23605
forecast_6495,2025-09-28 15:00:00,3672.566243439903,1660.6892,558.2209
forecast_6496,2025-09-28 16:00:00,4223.583173728305,2015.9646,801.9655
forecast_6497,2025-09-28 17:00:00,3505.8272848751512,2039.8027,724.2771
forecast_6498,2025-09-28 18:00:00,3607.5889336243936,2735.4915,1014.0169
forecast_6499,2025-09-28 19:00:00,4051.543536699834,2649.7986,1115.7167
forecast_6500,2025-09-28 20:00:00,4036.757285774931,3368.471,1599.9427
forecast_6501,2025-09-28 21:00:00,4782.458990279194,3923.413,2205.3557
forecast_6502,2025-09-28 22:00:00,4551.21489344918,5057.638,3103.6604
forecast_6503,2025-09-28 23:00:00,4298.870280145432,4857.4146,3047.5217
forecast_6504,2025-09-29 00:00:00,3878.6723344422307,3564.0889,2255.1123
forecast_6505,2025-09-29 01:00:00,4014.7966707671503,2201.8025,1592.9408
forecast_6506,2025-09-29 02:00:00,3901.353416392657,1897.9895,1234.3237
forecast_6507,2025-09-29 03:00:00,2920.5908179380126,1855.3367,1131.6086
forecast_6508,2025-09-29 04:00:00,3198.1341714010327,1344.4236,1047.2722
forecast_6509,2025-09-29 05:00:00,1487.6796112280886,1085.2279,1230.7588
forecast_6510,2025-09-29 06:00:00,643.8164931796848,829.81775,1021.68115
forecast_6511,2025-09-29 07:00:00,425.9096179807633,696.19836,829.84106
forecast_6512,2025-09-29 08:00:00,454.8456595766676,638.85876,588.9285
forecast_6513,2025-09-29 09:00:00,360.3204135540741,588.31537,365.1556
forecast_6514,2025-09-29 10:00:00,323.1799696786869,571.7069,205.01309
forecast_6515,2025-09-29 11:00:00,319.68000000000006,554.36237,143.08252
forecast_6516,2025-09-29 12:00:00,321.53167532810886,558.9819,126.99478
forecast_6517,2025-09-29 13:00:00,484.4715263028812,560.76135,150.0946
forecast_6518,2025-09-29 14:00:00,522.9254287549179,562.1575,187.916
forecast_6519,2025-09-29 15:00:00,454.25905992245697,578.86316,236.89761
forecast_6520,2025-09-29 16:00:00,470.67653068823614,591.39417,284.64508
forecast_6521,2025-09-29 17:00:00,477.81306767182605,598.2986,313.0639
forecast_6522,2025-09-29 18:00:00,470.99837878023186,605.7245,301.18436
forecast_6523,2025-09-29 19:00:00,492.86772793813014,616.67816,275.04117
forecast_6524,2025-09-29 20:00:00,534.4506092843242,643.5512,250.8453
forecast_6525,2025-09-29 21:00:00,446.76133959492364,692.07556,255.88531
forecast_6526,2025-09-29 22:00:00,730.883943658899,701.5891,253.92178
forecast_6527,2025-09-29 23:00:00,1254.5592385050707,792.7667,261.04474
forecast_6528,2025-09-30 00:00:00,1281.090404982824,1031.9823,270.9041
forecast_6529,2025-09-30 01:00:00,1478.2924121692715,988.68243,320.57233
forecast_6530,2025-09-30 02:00:00,1561.7900968419135,1403.8883,521.9382
forecast_6531,2025-09-30 03:00:00,711.2141013784997,2307.2512,1172.5381
forecast_6532,2025-09-30 04:00:00,1642.630647373198,1418.1333,1070.4313
forecast_6533,2025-09-30 05:00:00,1621.3282416036257,1317.7627,1070.5754
forecast_6534,2025-09-30 06:00:00,1402.7992984568832,1506.6411,1050.7979
forecast_6535,2025-09-30 07:00:00,1170.8085196740385,1136.4542,818.318
forecast_6536,2025-09-30 08:00:00,1048.7454297857648,873.17487,603.5908
forecast_6537,2025-09-30 09:00:00,443.57893013601495,751.561,452.12585
forecast_6538,2025-09-30 10:00:00,402.32166117451936,672.71124,337.59808
forecast_6539,2025-09-30 11:00:00,436.07494537218906,627.0513,285.07962
forecast_6540,2025-09-30 12:00:00,1351.577923098152,663.3142,277.50214
forecast_6541,2025-09-30 13:00:00,819.4503074095473,738.9999,303.41077
forecast_6542,2025-09-30 14:00:00,1064.792605825004,750.26556,340.76926
forecast_6543,2025-09-30 15:00:00,1705.9727899298632,896.5006,449.0091
forecast_6544,2025-09-30 16:00:00,1934.750956162081,1149.5057,715.6014
forecast_6545,2025-09-30 17:00:00,2255.7462040941336,1501.0535,888.10376
forecast_6546,2025-09-30 18:00:00,3137.8363103237834,1732.8606,953.43243
forecast_6547,2025-09-30 19:00:00,2483.8804275806388,2178.6853,1058.2732
forecast_6548,2025-09-30 20:00:00,3835.0204402035715,2944.3489,1290.4603
forecast_6549,2025-09-30 21:00:00,4352.469586891964,4237.265,1800.5172
forecast_6550,2025-09-30 22:00:00,4835.85296112234,5949.0728,2261.1355
forecast_6551,2025-09-30 23:00:00,5452.971399986492,6919.9478,2405.2698
forecast_6552,2025-10-01 00:00:00,7315.997202941876,7405.705,2463.6606
forecast_6553,2025-10-01 01:00:00,8256.822813646275,7436.543,2499.6782
forecast_6554,2025-10-01 02:00:00,9295.636048891338,8160.771,3410.8906
forecast_6555,2025-10-01 03:00:00,9077.399541206878,9004.468,4417.2217
forecast_6556,2025-10-01 04:00:00,9178.255248169507,8871.655,4590.3076
forecast_6557,2025-10-01 05:00:00,7380.112757047456,8155.9404,4422.7266
forecast_6558,2025-10-01 06:00:00,7079.774566959595,6405.9746,3671.025
forecast_6559,2025-10-01 07:00:00,6179.551947074471,4717.3335,2770.432
forecast_6560,2025-10-01 08:00:00,2804.343731288354,3254.3757,1987.489
forecast_6561,2025-10-01 09:00:00,1962.140591195641,1389.2816,959.8847
forecast_6562,2025-10-01 10:00:00,1139.8311181905221,856.85974,528.69226
forecast_6563,2025-10-01 11:00:00,732.0075595191541,743.1283,352.71365
forecast_6564,2025-10-01 12:00:00,1176.8387657814617,753.9657,351.064
forecast_6565,2025-10-01 13:00:00,2075.173967439599,809.9263,413.56903
forecast_6566,2025-10-01 14:00:00,1949.6790550091878,1027.3408,610.5598
forecast_6567,2025-10-01 15:00:00,2266.4722021121306,1287.957,668.8272
forecast_6568,2025-10-01 16:00:00,3242.422585240065,1515.2598,816.64343
forecast_6569,2025-10-01 17:00:00,2026.7766382160864,1496.4348,900.83405
forecast_6570,2025-10-01 18:00:00,3298.3966506524835,1630.8916,951.362
forecast_6571,2025-10-01 19:00:00,5050.720365573837,2612.0183,1326.4786
forecast_6572,2025-10-01 20:00:00,5182.006300961426,4814.744,2298.6428
forecast_6573,2025-10-01 21:00:00,3833.4191560758754,6217.2466,3448.158
forecast_6574,2025-10-01 22:00:00,3655.443190026777,5059.6396,3201.763
forecast_6575,2025-10-01 23:00:00,4003.686645091191,3878.9424,2740.4778
forecast_6576,2025-10-02 00:00:00,3789.6126050298985,2878.0352,2244.4724
forecast_6577,2025-10-02 01:00:00,5555.049245976878,2496.8591,2089.7085
forecast_6578,2025-10-02 02:00:00,5428.828335347531,3334.9844,2614.1648
forecast_6579,2025-10-02 03:00:00,4996.070185449356,3526.424,3047.635
forecast_6580,2025-10-02 04:00:00,2878.435074453257,2490.5325,2880.843
forecast_6581,2025-10-02 05:00:00,2109.8677748779314,1386.9746,2155.6997
forecast_6582,2025-10-02 06:00:00,1840.83729352127,897.0232,1496.2996
forecast_6583,2025-10-02 07:00:00,1312.5818019331225,696.62067,970.12854
forecast_6584,2025-10-02 08:00:00,550.1239592895033,641.56775,610.9411
forecast_6585,2025-10-02 09:00:00,366.27027703472453,606.8531,348.3471
forecast_6586,2025-10-02 10:00:00,326.76173878165724,596.2418,168.77786
forecast_6587,2025-10-02 11:00:00,323.38722759552104,587.5536,116.17299
forecast_6588,2025-10-02 12:00:00,331.5055195022439,582.4358,108.15243
forecast_6589,2025-10-02 13:00:00,323.2206062108643,580.6809,119.361534
forecast_6590,2025-10-02 14:00:00,319.86613649175484,584.01086,132.00128
forecast_6591,2025-10-02 15:00:00,323.09074527119793,589.0834,156.36607
forecast_6592,2025-10-02 16:00:00,339.61976799393295,591.2825,169.23914
forecast_6593,2025-10-02 17:00:00,371.89499943506195,614.9439,191.67505
forecast_6594,2025-10-02 18:00:00,320.85603799973114,642.3888,199.24025
forecast_6595,2025-10-02 19:00:00,322.6080438807882,651.39954,195.51054
forecast_6596,2025-10-02 20:00:00,321.35798839339935,656.286,192.05545
forecast_6597,2025-10-02 21:00:00,408.4038155918306,651.18427,194.79854
forecast_6598,2025-10-02 22:00:00,438.59337701213354,684.5454,165.1922
forecast_6599,2025-10-02 23:00:00,527.5506792512062,739.48175,154.55287
forecast_6600,2025-10-03 00:00:00,677.309054330621,788.8429,159.90915
forecast_6601,2025-10-03 01:00:00,1727.8820369149994,875.5849,170.32272
forecast_6602,2025-10-03 02:00:00,1776.9330222587,1227.4683,168.6186
forecast_6603,2025-10-03 03:00:00,1964.5053418452608,1831.125,238.50333
forecast_6604,2025-10-03 04:00:00,2158.2409202454983,1743.9402,291.964
forecast_6605,2025-10-03 05:00:00,2345.4400504822174,1762.7224,354.61838
forecast_6606,2025-10-03 06:00:00,2753.6084210617664,1736.9072,496.00104
forecast_6607,2025-10-03 07:00:00,2801.2423124977113,1783.9924,569.61597
forecast_6608,2025-10-03 08:00:00,3036.1268609891754,2012.2446,782.0201
forecast_6609,2025-10-03 09:00:00,3301.6362923864267,2208.2568,888.8382
forecast_6610,2025-10-03 10:00:00,2857.9892939123497,2679.6584,1213.993
forecast_6611,2025-10-03 11:00:00,2237.613380914757,3184.1746,1490.4495
forecast_6612,2025-10-03 12:00:00,2405.43778334061,3104.2148,1516.691
forecast_6613,2025-10-03 13:00:00,2106.4638640874828,2863.069,1568.042
forecast_6614,2025-10-03 14:00:00,1899.5685921255495,2328.0737,1229.4122
forecast_6615,2025-10-03 15:00:00,1968.9001774762662,1821.1094,955.8635
forecast_6616,2025-10-03 16:00:00,3601.8804640269377,1730.0344,729.1202
forecast_6617,2025-10-03 17:00:00,3889.525710000108,2107.6035,679.66815
forecast_6618,2025-10-03 18:00:00,4696.888212677608,2922.8525,843.03644
forecast_6619,2025-10-03 19:00:00,6662.550340416431,3625.9324,987.39667
forecast_6620,2025-10-03 20:00:00,5722.313502161293,3908.0022,1207.1149
forecast_6621,2025-10-03 21:00:00,6899.959189660776,3896.9612,1289.137
forecast_6622,2025-10-03 22:00:00,6011.598469516431,3818.5435,1315.3219
forecast_6623,2025-10-03 23:00:00,5229.7798668661535,3550.0286,1277.9153
forecast_6624,2025-10-04 00:00:00,4077.9624569479574,2927.6582,1075.2363
forecast_6625,2025-10-04 01:00:00,3327.7320604758797,1977.7034,663.2118
forecast_6626,2025-10-04 02:00:00,3181.8160862873465,1726.3445,587.70355
forecast_6627,2025-10-04 03:00:00,2849.383246611569,1838.1924,504.73938
forecast_6628,2025-10-04 04:00:00,2972.1022182120596,2219.7861,560.308
forecast_6629,2025-10-04 05:00:00,2741.5534127005963,2152.6558,610.84186
forecast_6630,2025-10-04 06:00:00,2668.836674450685,2039.5095,657.6261
forecast_6631,2025-10-04 07:00:00,2099.733564314325,1799.272,644.6689
forecast_6632,2025-10-04 08:00:00,1465.5282651675993,1644.8127,632.12195
forecast_6633,2025-10-04 09:00:00,1871.659118562752,1507.1897,591.9587
forecast_6634,2025-10-04 10:00:00,1642.7323497501268,1292.1531,501.05148
forecast_6635,2025-10-04 11:00:00,1015.0386299727273,1121.6526,398.78055
forecast_6636,2025-10-04 12:00:00,941.7620629911328,995.1597,330.42487
forecast_6637,2025-10-04 13:00:00,837.2721158367967,923.4736,296.57736
forecast_6638,2025-10-04 14:00:00,891.8422832103251,909.7342,271.88028
forecast_6639,2025-10-04 15:00:00,672.7443908600759,941.4594,266.76163
forecast_6640,2025-10-04 16:00:00,770.0051052716533,954.1561,271.33398
forecast_6641,2025-10-04 17:00:00,825.2939185378044,962.6108,273.86444
forecast_6642,2025-10-04 18:00:00,902.1812917769189,974.55505,294.96652
forecast_6643,2025-10-04 19:00:00,827.3511775336399,994.59406,325.22723
forecast_6644,2025-10-04 20:00:00,811.2094730527218,971.6179,343.5256
forecast_6645,2025-10-04 21:00:00,717.172943648511,937.5524,334.10068
forecast_6646,2025-10-04 22:00:00,529.5880484445175,910.9754,333.5778
forecast_6647,2025-10-04 23:00:00,449.18512553053586,928.6745,325.91672
forecast_6648,2025-10-05 00:00:00,338.6414970383685,802.5624,294.47336
forecast_6649,2025-10-05 01:00:00,348.7400621120213,724.99194,204.28334
forecast_6650,2025-10-05 02:00:00,330.8958109487865,773.92316,169.47336
forecast_6651,2025-10-05 03:00:00,320.0005972280962,706.6432,163.30801
forecast_6652,2025-10-05 04:00:00,320.7778252742384,677.69946,170.5374
forecast_6653,2025-10-05 05:00:00,320.7071511560971,616.05176,137.82278
forecast_6654,2025-10-05 06:00:00,343.4185355245834,590.8748,130.20493
forecast_6655,2025-10-05 07:00:00,323.5917996256737,582.00574,135.91713
forecast_6656,2025-10-05 08:00:00,366.45157247947583,577.4195,135.49646
forecast_6657,2025-10-05 09:00:00,321.15130183911765,572.318,132.30876
forecast_6658,2025-10-05 10:00:00,321.8603807285802,573.7008,119.41175
forecast_6659,2025-10-05 11:00:00,338.4177979112499,567.5487,107.38831
forecast_6660,2025-10-05 12:00:00,319.68000000000006,581.8863,113.749275
forecast_6661,2025-10-05 13:00:00,327.6370336443068,567.4663,120.24245
forecast_6662,2025-10-05 14:00:00,380.14038924446106,569.84937,132.83539
forecast_6663,2025-10-05 15:00:00,368.31448230341823,567.189,152.2982
forecast_6664,2025-10-05 16:00:00,477.76705774677987,574.8462,172.88274
forecast_6665,2025-10-05 17:00:00,404.49496438693484,608.1851,191.69896
forecast_6666,2025-10-05 18:00:00,558.8114094159005,678.3009,216.3391
forecast_6667,2025-10-05 19:00:00,904.5749135149208,806.3911,269.6124
forecast_6668,2025-10-05 20:00:00,1187.7607873468705,945.48956,299.03366
forecast_6669,2025-10-05 21:00:00,1214.1132577642552,1121.8579,338.37698
forecast_6670,2025-10-05 22:00:00,1033.9560438396225,1386.8206,364.6565
forecast_6671,2025-10-05 23:00:00,1060.730076147046,1574.8472,346.00122
forecast_6672,2025-10-06 00:00:00,2090.690969816796,1602.388,351.0291
forecast_6673,2025-10-06 01:00:00,2186.0822103909277,1938.7344,432.93942
forecast_6674,2025-10-06 02:00:00,2990.968697678577,2132.2275,576.19366
forecast_6675,2025-10-06 03:00:00,3569.693058368742,1966.9241,720.7125
forecast_6676,2025-10-06 04:00:00,3490.8360269401364,2114.79,829.0359
forecast_6677,2025-10-06 05:00:00,4188.747363620848,2805.104,999.4089
forecast_6678,2025-10-06 06:00:00,5990.968168301691,4497.149,1653.9895
forecast_6679,2025-10-06 07:00:00,7692.67720779881,6450.931,3218.814
forecast_6680,2025-10-06 08:00:00,8259.160287166307,8217.08,5040.341
forecast_6681,2025-10-06 09:00:00,8841.63063273517,9265.828,6691.8696
forecast_6682,2025-10-06 10:00:00,7890.259822762896,9454.453,7525.0967
forecast_6683,2025-10-06 11:00:00,6325.118259051949,8485.744,7413.143
forecast_6684,2025-10-06 12:00:00,5205.705434639143,6708.002,6171.5117
forecast_6685,2025-10-06 13:00:00,4595.617370843933,4703.209,4675.976
forecast_6686,2025-10-06 14:00:00,4136.419575453854,2832.181,3085.8237
forecast_6687,2025-10-06 15:00:00,3895.1987398862298,2284.8672,1908.7172
forecast_6688,2025-10-06 16:00:00,4381.68945788766,2712.0974,1546.5607
forecast_6689,2025-10-06 17:00:00,5292.906897690491,3544.4956,1727.5889
forecast_6690,2025-10-06 18:00:00,6011.310025093278,4963.549,2365.64
forecast_6691,2025-10-06 19:00:00,8025.645710262359,6343.053,3331.7544
forecast_6692,2025-10-06 20:00:00,9150.961065143329,7930.925,4911.455
forecast_6693,2025-10-06 21:00:00,12032.680935097464,9653.083,6079.9707
forecast_6694,2025-10-06 22:00:00,12509.645083121595,10942.638,7681.819
forecast_6695,2025-10-06 23:00:00,11309.625730488744,12183.813,9153.455
forecast_6696,2025-10-07 00:00:00,11195.03331945758,12554.906,9863.995
forecast_6697,2025-10-07 01:00:00,10231.153740814945,12167.16,9589.589
forecast_6698,2025-10-07 02:00:00,8260.23533941053,11636.086,9474.538
forecast_6699,2025-10-07 03:00:00,8515.890428958173,10223.552,8688.55
forecast_6700,2025-10-07 04:00:00,8550.522830364014,8625.208,8226.476
forecast_6701,2025-10-07 05:00:00,7989.724080941058,7318.942,7865.646
forecast_6702,2025-10-07 06:00:00,7637.226542429159,5294.3037,6763.944
forecast_6703,2025-10-07 07:00:00,7257.559355666356,4556.5283,5324.807
forecast_6704,2025-10-07 08:00:00,6847.692235503587,3782.0728,4311.2803
forecast_6705,2025-10-07 09:00:00,5980.649889748153,3775.463,3624.2048
forecast_6706,2025-10-07 10:00:00,4476.56564148159,3580.278,3391.532
forecast_6707,2025-10-07 11:00:00,4268.003872679754,2914.3835,2846.5667
forecast_6708,2025-10-07 12:00:00,3634.7156616849297,2247.6833,2252.4414
forecast_6709,2025-10-07 13:00:00,3266.9152779562273,1559.6804,1728.7374
forecast_6710,2025-10-07 14:00:00,3008.6992305769045,1270.1333,1183.9408
forecast_6711,2025-10-07 15:00:00,2325.527926586981,1075.1233,782.0427
forecast_6712,2025-10-07 16:00:00,1796.981167845699,971.5518,617.80804
forecast_6713,2025-10-07 17:00:00,1267.9461313251074,892.89355,515.93933
forecast_6714,2025-10-07 18:00:00,1141.9482610174448,860.2919,386.14438
forecast_6715,2025-10-07 19:00:00,1003.078524812569,853.89294,297.13422
forecast_6716,2025-10-07 20:00:00,770.9997428475842,777.0321,249.86617
forecast_6717,2025-10-07 21:00:00,459.7361914387614,690.50714,215.27774
forecast_6718,2025-10-07 22:00:00,499.90619459818384,639.5144,194.31673
forecast_6719,2025-10-07 23:00:00,490.2693798040385,610.35846,190.21393
forecast_6720,2025-10-08 00:00:00,737.4240157716949,603.7858,175.26552
forecast_6721,2025-10-08 01:00:00,582.6124174197654,600.1881,156.30786
forecast_6722,2025-10-08 02:00:00,579.0222834514537,580.0365,137.15494
forecast_6723,2025-10-08 03:00:00,442.4107656052506,570.4823,137.28072
forecast_6724,2025-10-08 04:00:00,577.8494750268512,567.16547,121.03344
forecast_6725,2025-10-08 05:00:00,765.1105930039249,593.6466,109.453354
forecast_6726,2025-10-08 06:00:00,685.9098832213776,625.2085,113.163376
forecast_6727,2025-10-08 07:00:00,718.4425783206615,611.8374,109.139175
forecast_6728,2025-10-08 08:00:00,896.2903471810928,643.6163,117.6694
forecast_6729,2025-10-08 09:00:00,850.7315740325929,702.71344,128.94142
forecast_6730,2025-10-08 10:00:00,650.251011910623,767.5334,145.89166
forecast_6731,2025-10-08 11:00:00,723.458181190499,820.32184,162.30807
forecast_6732,2025-10-08 12:00:00,644.6192488267893,820.1533,182.37216
forecast_6733,2025-10-08 13:00:00,582.8013311485125,794.682,200.05626
forecast_6734,2025-10-08 14:00:00,538.8807940056555,791.006,221.6484
forecast_6735,2025-10-08 15:00:00,877.1772023962465,817.5637,254.50548
forecast_6736,2025-10-08 16:00:00,864.9835730980603,848.8479,276.56137
forecast_6737,2025-10-08 17:00:00,1319.5763991722163,975.55634,322.96454
forecast_6738,2025-10-08 18:00:00,2222.7010308964695,1216.718,377.45334
forecast_6739,2025-10-08 19:00:00,3096.677596294284,1491.596,436.336
forecast_6740,2025-10-08 20:00:00,3659.1442303588374,2104.9438,486.65973
forecast_6741,2025-10-08 21:00:00,3920.707461194124,3043.9514,534.18256
forecast_6742,2025-10-08 22:00:00,4872.83618447962,3849.4482,553.04034
forecast_6743,2025-10-08 23:00:00,4728.157532608316,4666.7603,666.4876
forecast_6744,2025-10-09 00:00:00,5846.05579748334,6125.718,972.6827
forecast_6745,2025-10-09 01:00:00,6078.0770691477,7223.6284,1489.2593
forecast_6746,2025-10-09 02:00:00,7000.176218930482,7678.897,2258.4058
forecast_6747,2025-10-09 03:00:00,6124.832340241178,7719.805,2979.6316
forecast_6748,2025-10-09 04:00:00,5212.167281821552,6967.274,3285.0908
forecast_6749,2025-10-09 05:00:00,5531.184975497128,6024.425,3064.0857
forecast_6750,2025-10-09 06:00:00,6024.209058343458,5755.9067,2985.333
forecast_6751,2025-10-09 07:00:00,5217.18224451418,5796.8164,2906.6904
forecast_6752,2025-10-09 08:00:00,5284.5897697453,5593.33,2656.5188
forecast_6753,2025-10-09 09:00:00,4914.330949008247,5104.059,2387.5225
forecast_6754,2025-10-09 10:00:00,3991.283823431686,4791.142,2074.2788
forecast_6755,2025-10-09 11:00:00,3298.233471212088,4079.7593,1630.7628
forecast_6756,2025-10-09 12:00:00,2717.09638209557,3228.2732,1213.9362
forecast_6757,2025-10-09 13:00:00,2282.509060380394,2660.5776,910.02563
forecast_6758,2025-10-09 14:00:00,2118.2684135050276,2256.444,661.6679
forecast_6759,2025-10-09 15:00:00,2101.455593541602,1906.4209,510.66177
forecast_6760,2025-10-09 16:00:00,2122.531346976287,1793.2117,452.36862
forecast_6761,2025-10-09 17:00:00,2181.365306608527,1772.3257,403.4734
forecast_6762,2025-10-09 18:00:00,2010.9338525063924,1840.3916,353.67206
forecast_6763,2025-10-09 19:00:00,1928.3292213706768,1888.9009,313.44708
forecast_6764,2025-10-09 20:00:00,1702.3009877755694,1914.3264,291.18588
forecast_6765,2025-10-09 21:00:00,1523.689800268693,1912.9353,289.9308
forecast_6766,2025-10-09 22:00:00,1579.6691475643493,1690.3567,270.32135
forecast_6767,2025-10-09 23:00:00,1475.508238206841,1438.9844,257.67566
forecast_6768,2025-10-10 00:00:00,1683.031178994335,1236.8246,240.68753
forecast_6769,2025-10-10 01:00:00,2269.263698875137,1123.242,247.99557
forecast_6770,2025-10-10 02:00:00,2330.422931901595,1074.1816,287.0116
forecast_6771,2025-10-10 03:00:00,2646.695364991304,1204.2732,367.89987
forecast_6772,2025-10-10 04:00:00,2574.582213692422,1402.2217,422.96036
forecast_6773,2025-10-10 05:00:00,2625.3285737363362,1495.7522,454.7187
forecast_6774,2025-10-10 06:00:00,2590.6137911285555,1383.8953,473.70114
forecast_6775,2025-10-10 07:00:00,2417.9585220269014,1228.7732,469.3086
forecast_6776,2025-10-10 08:00:00,2703.156400285199,1134.2361,462.04623
forecast_6777,2025-10-10 09:00:00,2488.916441547539,1084.5035,494.49292
forecast_6778,2025-10-10 10:00:00,1978.9600569885229,1099.0732,567.0785
forecast_6779,2025-10-10 11:00:00,1899.2347068182853,1004.6129,547.9626
forecast_6780,2025-10-10 12:00:00,1760.665721774482,915.093,493.48132
forecast_6781,2025-10-10 13:00:00,1845.8245459613563,913.7978,431.067
forecast_6782,2025-10-10 14:00:00,1976.9324521586477,971.33795,403.36795
forecast_6783,2025-10-10 15:00:00,2146.699606159394,1078.1683,427.75153
forecast_6784,2025-10-10 16:00:00,2290.6630597035246,1146.8594,455.96228
forecast_6785,2025-10-10 17:00:00,2265.704827476971,1043.9857,431.05667
forecast_6786,2025-10-10 18:00:00,2269.1696271785427,963.1385,396.77087
forecast_6787,2025-10-10 19:00:00,2463.1719332339085,916.6357,366.19968
forecast_6788,2025-10-10 20:00:00,2270.042827594529,985.3013,406.68216
forecast_6789,2025-10-10 21:00:00,2067.3366619568915,1104.6355,456.9707
forecast_6790,2025-10-10 22:00:00,2838.9033235896554,1378.1958,565.99316
forecast_6791,2025-10-10 23:00:00,2625.996300839817,1988.3174,802.2545
forecast_6792,2025-10-11 00:00:00,3379.67362894322,2347.7883,927.01086
forecast_6793,2025-10-11 01:00:00,4157.7032083890845,2927.6218,1106.1711
forecast_6794,2025-10-11 02:00:00,3809.686909335307,2776.4875,1470.0728
forecast_6795,2025-10-11 03:00:00,4615.53079159048,3412.25,2052.0017
forecast_6796,2025-10-11 04:00:00,5647.68818640253,5066.2573,2320.035
forecast_6797,2025-10-11 05:00:00,7711.339107915386,7460.9033,2920.4385
forecast_6798,2025-10-11 06:00:00,8116.050169856146,10652.989,4197.4106
forecast_6799,2025-10-11 07:00:00,9484.21339835515,12168.547,5027.9077
forecast_6800,2025-10-11 08:00:00,9076.406773707258,12220.628,5032.3037
forecast_6801,2025-10-11 09:00:00,7262.4617486759225,11990.298,4968.7056
forecast_6802,2025-10-11 10:00:00,8853.477415450498,10823.555,4520.4126
forecast_6803,2025-10-11 11:00:00,9009.14592257867,10848.882,4583.1504
forecast_6804,2025-10-11 12:00:00,9452.72457001169,11061.731,4730.5176
forecast_6805,2025-10-11 13:00:00,10174.830854796071,12360.811,6288.0054
forecast_6806,2025-10-11 14:00:00,9479.883614269465,12419.935,7734.5347
forecast_6807,2025-10-11 15:00:00,9531.88926083802,11657.497,7597.327
forecast_6808,2025-10-11 16:00:00,10527.315223256133,11164.391,7455.3516
forecast_6809,2025-10-11 17:00:00,8259.2461962766,11493.884,8233.929
forecast_6810,2025-10-11 18:00:00,10205.306992336418,11707.868,8366.899
forecast_6811,2025-10-11 19:00:00,11629.989461772446,12449.382,9197.9
forecast_6812,2025-10-11 20:00:00,13232.802164004403,13779.105,10707.073
forecast_6813,2025-10-11 21:00:00,11961.702585022358,14733.631,12289.228
forecast_6814,2025-10-11 22:00:00,12430.903530265125,14440.897,11798.991
forecast_6815,2025-10-11 23:00:00,10784.93074855209,14178.581,10986.504
forecast_6816,2025-10-12 00:00:00,9899.168283259176,13899.088,10413.88
forecast_6817,2025-10-12 01:00:00,10505.398624663818,12860.843,8458.969
forecast_6818,2025-10-12 02:00:00,9320.560629649726,13362.596,8481.615
forecast_6819,2025-10-12 03:00:00,6940.276575228685,12112.561,6932.1035
forecast_6820,2025-10-12 04:00:00,5705.190634111565,6851.501,2880.6633
forecast_6821,2025-10-12 05:00:00,3181.262160715952,3180.808,790.6946
forecast_6822,2025-10-12 06:00:00,1745.7896390145434,2203.8838,426.93726
forecast_6823,2025-10-12 07:00:00,1412.37554836371,1661.0139,353.15097
forecast_6824,2025-10-12 08:00:00,1824.206061306385,1338.6871,325.5965
forecast_6825,2025-10-12 09:00:00,3166.1588301697216,1407.606,376.05515
forecast_6826,2025-10-12 10:00:00,3696.1398987324296,1765.721,501.85693
forecast_6827,2025-10-12 11:00:00,4662.0447873776375,2833.3535,980.39484
forecast_6828,2025-10-12 12:00:00,4142.394539804791,3570.01,2026.7059
forecast_6829,2025-10-12 13:00:00,4038.9226684942696,3518.7197,3202.6152
forecast_6830,2025-10-12 14:00:00,4877.78463970742,3053.4578,3477.3096
forecast_6831,2025-10-12 15:00:00,4862.84668347207,3661.6707,3829.382
forecast_6832,2025-10-12 16:00:00,4950.772962074606,4154.339,3598.727
forecast_6833,2025-10-12 17:00:00,6303.553702106563,4181.7856,3120.9685
forecast_6834,2025-10-12 18:00:00,5958.11668602055,4383.1597,2870.2874
forecast_6835,2025-10-12 19:00:00,6458.853355600149,5164.536,2757.6877
forecast_6836,2025-10-12 20:00:00,6561.860676021136,6163.5664,3114.6326
forecast_6837,2025-10-12 21:00:00,5645.014099967607,6825.8716,3492.4902
forecast_6838,2025-10-12 22:00:00,4815.843129488569,5977.9346,3010.8306
forecast_6839,2025-10-12 23:00:00,4276.45858172823,4651.405,2042.4357
forecast_6840,2025-10-13 00:00:00,2821.0480015550497,3994.0884,1435.6156
forecast_6841,2025-10-13 01:00:00,2694.7432863092204,3025.5938,1027.5475
forecast_6842,2025-10-13 02:00:00,1876.6095100592777,2152.989,762.68695
forecast_6843,2025-10-13 03:00:00,1635.1274910501343,1732.9424,574.8799
forecast_6844,2025-10-13 04:00:00,1393.6026314000917,1585.303,489.00568
forecast_6845,2025-10-13 05:00:00,1899.954063387088,1456.3889,426.1551
forecast_6846,2025-10-13 06:00:00,2461.4470466522685,1460.5869,410.6815
forecast_6847,2025-10-13 07:00:00,3648.4840044497314,1933.6748,469.50192
forecast_6848,2025-10-13 08:00:00,3907.5855322780067,3384.7898,835.206
forecast_6849,2025-10-13 09:00:00,3767.576129648677,4181.2397,1451.6351
forecast_6850,2025-10-13 10:00:00,4015.1535542445795,3857.4607,1775.4624
forecast_6851,2025-10-13 11:00:00,3901.904001474866,3167.4426,2023.822
forecast_6852,2025-10-13 12:00:00,3694.005297835606,3072.6353,2117.9485
forecast_6853,2025-10-13 13:00:00,4145.585579950263,2481.9119,1724.0767
forecast_6854,2025-10-13 14:00:00,3239.7156331135884,2623.871,1644.0769
forecast_6855,2025-10-13 15:00:00,3795.2017491971214,2626.461,1512.7365
forecast_6856,2025-10-13 16:00:00,4573.354922853297,2970.4763,1644.7269
forecast_6857,2025-10-13 17:00:00,3885.30562062573,3040.035,1704.5316
forecast_6858,2025-10-13 18:00:00,4529.617767688147,3604.6733,1746.5676
forecast_6859,2025-10-13 19:00:00,4254.428270034503,3891.2688,1768.5297
forecast_6860,2025-10-13 20:00:00,5140.3982102213795,4332.0776,1722.6838
forecast_6861,2025-10-13 21:00:00,5432.0640180283235,3836.736,1534.7554
forecast_6862,2025-10-13 22:00:00,5916.894031277832,3877.1812,1632.4125
forecast_6863,2025-10-13 23:00:00,5537.532370744191,3971.057,1856.7234
forecast_6864,2025-10-14 00:00:00,5977.096535499057,3845.716,1903.7151
forecast_6865,2025-10-14 01:00:00,6778.015512771377,4106.875,2110.5593
forecast_6866,2025-10-14 02:00:00,8321.53861835284,6134.938,3143.4841
forecast_6867,2025-10-14 03:00:00,6450.78161540764,7668.08,4721.4536
forecast_6868,2025-10-14 04:00:00,5338.787583294392,5644.51,4413.9824
forecast_6869,2025-10-14 05:00:00,4558.6490620932955,4274.1025,4151.699
forecast_6870,2025-10-14 06:00:00,5173.0249326745,4489.3965,4248.271
forecast_6871,2025-10-14 07:00:00,4681.23736246914,4016.9917,3562.4807
forecast_6872,2025-10-14 08:00:00,4622.706364551799,3364.6807,2964.843
forecast_6873,2025-10-14 09:00:00,4845.485778368945,3733.882,2812.156
forecast_6874,2025-10-14 10:00:00,5358.303695181645,3781.9065,2962.4739
forecast_6875,2025-10-14 11:00:00,4672.164409461184,3384.2073,2870.6128
forecast_6876,2025-10-14 12:00:00,4497.085065330148,3140.5718,2435.508
forecast_6877,2025-10-14 13:00:00,4214.774580039235,3425.488,2028.8871
forecast_6878,2025-10-14 14:00:00,4556.157801075127,3671.8374,1625.161
forecast_6879,2025-10-14 15:00:00,4910.348203222156,4067.0156,1497.0658
forecast_6880,2025-10-14 16:00:00,3556.8322453338646,4581.1353,1640.2354
forecast_6881,2025-10-14 17:00:00,4251.157061456841,3860.202,1514.622
forecast_6882,2025-10-14 18:00:00,3902.395979379975,3196.2227,1636.4921
forecast_6883,2025-10-14 19:00:00,3702.3903107130013,2803.3315,1707.2875
forecast_6884,2025-10-14 20:00:00,4260.252235451388,2467.8857,1485.5487
forecast_6885,2025-10-14 21:00:00,4017.252828164244,2425.757,1384.1052
forecast_6886,2025-10-14 22:00:00,3625.6833890052067,2563.3013,1338.1875
forecast_6887,2025-10-14 23:00:00,3587.9060570401257,2960.8425,1114.9662
forecast_6888,2025-10-15 00:00:00,3601.193060594186,3101.3933,874.842
forecast_6889,2025-10-15 01:00:00,4449.120249302353,3255.1086,673.94824
forecast_6890,2025-10-15 02:00:00,4118.337274121095,3185.749,637.9286
forecast_6891,2025-10-15 03:00:00,3970.257774833433,3701.9526,674.0002
forecast_6892,2025-10-15 04:00:00,3664.6996662932233,3920.3076,713.2707
forecast_6893,2025-10-15 05:00:00,3698.571262886592,3438.1223,734.82544
forecast_6894,2025-10-15 06:00:00,3322.544735167286,2781.4937,676.3053
forecast_6895,2025-10-15 07:00:00,3359.7141293062505,2632.8845,634.60004
forecast_6896,2025-10-15 08:00:00,3012.0486107804786,2705.7913,594.5578
forecast_6897,2025-10-15 09:00:00,2591.673003459533,2682.0615,539.39136
forecast_6898,2025-10-15 10:00:00,1969.707936592875,2541.6572,511.1099
forecast_6899,2025-10-15 11:00:00,1899.3482349717535,2223.2393,445.01846
forecast_6900,2025-10-15 12:00:00,1663.8361923891812,1961.5654,403.98166
forecast_6901,2025-10-15 13:00:00,1210.615448080447,1711.6182,370.0472
forecast_6902,2025-10-15 14:00:00,946.5569020935582,1447.8792,328.38202
forecast_6903,2025-10-15 15:00:00,815.6672174243027,1283.4966,307.17346
forecast_6904,2025-10-15 16:00:00,629.4829412890099,1237.9548,290.56793
forecast_6905,2025-10-15 17:00:00,1013.4241331156338,1218.7836,308.1301
forecast_6906,2025-10-15 18:00:00,1372.2188931487347,1215.731,295.0127
forecast_6907,2025-10-15 19:00:00,2145.235727030129,1253.2566,247.38667
forecast_6908,2025-10-15 20:00:00,2937.138227046988,1467.7297,256.07037
forecast_6909,2025-10-15 21:00:00,3250.348162932227,1955.7007,327.83533
forecast_6910,2025-10-15 22:00:00,3693.888266310211,2483.9229,403.2687
forecast_6911,2025-10-15 23:00:00,4094.6695551445614,2695.1,547.2804
forecast_6912,2025-10-16 00:00:00,4025.9838274057606,3141.7192,735.52264
forecast_6913,2025-10-16 01:00:00,2583.658269433971,4324.128,1166.2427
forecast_6914,2025-10-16 02:00:00,1561.992038170968,2946.3147,1156.8364
forecast_6915,2025-10-16 03:00:00,1679.7590160080777,1906.1245,836.5844
forecast_6916,2025-10-16 04:00:00,1979.2236637746603,2382.4143,1208.6903
forecast_6917,2025-10-16 05:00:00,2835.7331023128054,2705.751,1352.0144
forecast_6918,2025-10-16 06:00:00,4012.256926218899,1765.5598,1007.53625
forecast_6919,2025-10-16 07:00:00,4998.141099917627,2003.699,1129.5298
forecast_6920,2025-10-16 08:00:00,4156.826870566177,3216.9158,1918.7107
forecast_6921,2025-10-16 09:00:00,4634.551871763151,4754.183,3389.8438
forecast_6922,2025-10-16 10:00:00,4486.408495021562,4070.4207,3911.6233
forecast_6923,2025-10-16 11:00:00,4294.3082512679275,2750.1975,3611.9072
forecast_6924,2025-10-16 12:00:00,3963.6646682809533,2211.7666,2927.7903
forecast_6925,2025-10-16 13:00:00,4117.362629517627,2551.4595,2749.4375
forecast_6926,2025-10-16 14:00:00,4288.154286699397,2936.7288,3021.178
forecast_6927,2025-10-16 15:00:00,3635.3025500696735,3207.6328,3134.4973
forecast_6928,2025-10-16 16:00:00,3241.084751286944,2950.1023,2816.392
forecast_6929,2025-10-16 17:00:00,2949.1471020621975,2445.0383,2395.0413
forecast_6930,2025-10-16 18:00:00,3060.2503760712043,2259.8628,2090.1675
forecast_6931,2025-10-16 19:00:00,3652.5647817273666,2255.517,1888.4686
forecast_6932,2025-10-16 20:00:00,4089.4988947455076,2327.2585,1569.9966
forecast_6933,2025-10-16 21:00:00,4045.1355274039934,2627.5435,1211.7545
forecast_6934,2025-10-16 22:00:00,4004.331934650159,3167.2603,993.0814
forecast_6935,2025-10-16 23:00:00,3746.325999095464,3061.9092,870.22626
forecast_6936,2025-10-17 00:00:00,3189.677261660559,2586.5698,742.94977
forecast_6937,2025-10-17 01:00:00,3728.62214714324,2520.5261,597.83655
forecast_6938,2025-10-17 02:00:00,3178.687167645405,2632.7363,601.4043
forecast_6939,2025-10-17 03:00:00,2613.465637837331,2878.3352,624.67114
forecast_6940,2025-10-17 04:00:00,2757.8864480904267,2734.8184,601.2213
forecast_6941,2025-10-17 05:00:00,2527.998752868645,2474.911,551.76117
forecast_6942,2025-10-17 06:00:00,2526.6372767312023,2165.202,481.09622
forecast_6943,2025-10-17 07:00:00,2540.295347647522,1788.4119,390.74457
forecast_6944,2025-10-17 08:00:00,2442.438708618927,1593.748,321.61884
forecast_6945,2025-10-17 09:00:00,2316.9924787561454,1502.4397,292.28085
forecast_6946,2025-10-17 10:00:00,1005.6363711349098,1395.9111,270.9152
forecast_6947,2025-10-17 11:00:00,1013.0845032197992,1164.9314,245.27205
forecast_6948,2025-10-17 12:00:00,667.0167579156573,939.6801,222.54547
forecast_6949,2025-10-17 13:00:00,605.6469193905461,823.75037,216.00163
forecast_6950,2025-10-17 14:00:00,641.9938934420229,770.05347,234.68343
forecast_6951,2025-10-17 15:00:00,829.7247563305393,723.4664,231.97589
forecast_6952,2025-10-17 16:00:00,842.2537915723415,710.7637,251.04521
forecast_6953,2025-10-17 17:00:00,1234.1104784370505,741.676,282.44034
forecast_6954,2025-10-17 18:00:00,1932.2188995371923,853.5266,348.08325
forecast_6955,2025-10-17 19:00:00,2748.708856238058,1112.2827,503.17194
forecast_6956,2025-10-17 20:00:00,3264.3645362366638,1521.667,819.3815
forecast_6957,2025-10-17 21:00:00,3644.0313923231065,2173.807,1335.6295
forecast_6958,2025-10-17 22:00:00,4440.79042914658,2974.3542,1954.2616
forecast_6959,2025-10-17 23:00:00,3803.0887386310455,2681.2192,1847.5272
forecast_6960,2025-10-18 00:00:00,3586.491288663245,2339.1016,1431.8795
forecast_6961,2025-10-18 01:00:00,2340.7623679881967,2463.0166,941.5482
forecast_6962,2025-10-18 02:00:00,3145.5278449927087,2478.1506,994.0177
forecast_6963,2025-10-18 03:00:00,3937.27549739669,2788.8596,1570.082
forecast_6964,2025-10-18 04:00:00,4237.78260463273,3690.7632,2355.271
forecast_6965,2025-10-18 05:00:00,3805.524322055665,3948.102,2700.5903
forecast_6966,2025-10-18 06:00:00,1074.0830262823365,2706.9639,1679.969
forecast_6967,2025-10-18 07:00:00,1217.9670082842115,1044.9011,837.5247
forecast_6968,2025-10-18 08:00:00,1238.063478023452,815.5582,704.5478
forecast_6969,2025-10-18 09:00:00,1081.1400865935038,752.5337,940.9134
forecast_6970,2025-10-18 10:00:00,1365.243406416666,711.12195,1137.5941
forecast_6971,2025-10-18 11:00:00,1170.2536535325244,692.7283,1171.1965
forecast_6972,2025-10-18 12:00:00,1809.160155320632,688.5193,1138.4261
forecast_6973,2025-10-18 13:00:00,1967.1922645694247,719.07806,1104.4247
forecast_6974,2025-10-18 14:00:00,1747.9286161819905,722.8474,1152.0629
forecast_6975,2025-10-18 15:00:00,1616.1489285586897,710.482,1558.6416
forecast_6976,2025-10-18 16:00:00,2201.7786812938516,796.95496,1422.2365
forecast_6977,2025-10-18 17:00:00,2074.3328512234725,886.34216,1289.7588
forecast_6978,2025-10-18 18:00:00,1470.8643195512764,968.5718,1121.2943
forecast_6979,2025-10-18 19:00:00,1244.6815573936065,930.22437,904.87476
forecast_6980,2025-10-18 20:00:00,1463.9289767800663,796.927,732.51984
forecast_6981,2025-10-18 21:00:00,1194.6759213995801,725.41046,607.2772
forecast_6982,2025-10-18 22:00:00,1477.8785776730517,700.29016,561.097
forecast_6983,2025-10-18 23:00:00,1267.1340796422196,711.062,451.2785
forecast_6984,2025-10-19 00:00:00,1131.101847839761,736.0425,385.01077
forecast_6985,2025-10-19 01:00:00,1034.8837403928783,787.16235,318.98834
forecast_6986,2025-10-19 02:00:00,909.3067170028746,806.9284,302.18256
forecast_6987,2025-10-19 03:00:00,830.2838941625644,814.0935,304.73163
forecast_6988,2025-10-19 04:00:00,1026.3067224255456,760.0614,285.80908
forecast_6989,2025-10-19 05:00:00,597.5256349816868,727.7625,259.23764
forecast_6990,2025-10-19 06:00:00,604.870571021663,706.7595,217.634
forecast_6991,2025-10-19 07:00:00,602.5301850480071,679.4004,191.17886
forecast_6992,2025-10-19 08:00:00,1062.4625695776429,665.5362,189.13347
forecast_6993,2025-10-19 09:00:00,1330.0043174084158,661.1096,195.6725
forecast_6994,2025-10-19 10:00:00,796.7133678100265,669.9917,223.80333
forecast_6995,2025-10-19 11:00:00,929.4730037133194,682.4458,271.9884
forecast_6996,2025-10-19 12:00:00,870.5810826998484,726.5907,372.69733
forecast_6997,2025-10-19 13:00:00,2393.0637219254286,837.0366,504.99347
forecast_6998,2025-10-19 14:00:00,3999.321066996378,1394.8357,672.3545
forecast_6999,2025-10-19 15:00:00,4613.690175150231,2419.3538,1005.00726
forecast_7000,2025-10-19 16:00:00,5838.8337490924105,3437.39,1767.081
forecast_7001,2025-10-19 17:00:00,5371.526199408317,4403.0737,2854.5122
forecast_7002,2025-10-19 18:00:00,5492.630467201114,4522.3716,3376.9504
forecast_7003,2025-10-19 19:00:00,6148.144593140836,4934.9927,2977.1814
forecast_7004,2025-10-19 20:00:00,6684.939544446741,5407.205,2774.6272
forecast_7005,2025-10-19 21:00:00,5099.645018779366,5865.3354,2764.3376
forecast_7006,2025-10-19 22:00:00,4929.734680264037,4123.5283,1720.5464
forecast_7007,2025-10-19 23:00:00,4714.062827824537,2903.9624,1141.0206
forecast_7008,2025-10-20 00:00:00,3750.260676367327,2151.4404,845.96
forecast_7009,2025-10-20 01:00:00,486.1663281269706,1962.2676,727.7672
forecast_7010,2025-10-20 02:00:00,709.7573378635844,1033.2888,442.72516
forecast_7011,2025-10-20 03:00:00,930.6329034387775,814.6698,411.5514
forecast_7012,2025-10-20 04:00:00,1072.8042729771582,730.6253,430.77725
forecast_7013,2025-10-20 05:00:00,1282.2875518595804,864.34,458.61557
forecast_7014,2025-10-20 06:00:00,1813.7961643549613,1092.3909,516.1095
forecast_7015,2025-10-20 07:00:00,2586.885905616794,1209.5034,594.17975
forecast_7016,2025-10-20 08:00:00,1928.6024672074216,1277.6091,642.06976
forecast_7017,2025-10-20 09:00:00,2751.245494428376,1832.1682,763.3626
forecast_7018,2025-10-20 10:00:00,2211.6696103857544,2762.4517,962.7646
forecast_7019,2025-10-20 11:00:00,2167.5231158842907,3168.9033,1033.7504
forecast_7020,2025-10-20 12:00:00,1924.8301500224559,2927.3152,1026.6196
forecast_7021,2025-10-20 13:00:00,1512.1353105497822,2773.8918,1013.2699
forecast_7022,2025-10-20 14:00:00,1079.8432809268224,2526.963,862.5816
forecast_7023,2025-10-20 15:00:00,806.9234704413414,2158.4683,652.9475
forecast_7024,2025-10-20 16:00:00,831.5880109828493,1729.6287,472.73615
forecast_7025,2025-10-20 17:00:00,814.5508769978194,1371.3293,334.52756
forecast_7026,2025-10-20 18:00:00,760.4549435947195,1216.1635,263.95154
forecast_7027,2025-10-20 19:00:00,610.1701549147263,1079.4358,218.90749
forecast_7028,2025-10-20 20:00:00,427.11940427014275,902.53613,196.82799
forecast_7029,2025-10-20 21:00:00,404.8389481693277,747.50854,172.50517
forecast_7030,2025-10-20 22:00:00,477.7840234297435,663.9342,156.10277
forecast_7031,2025-10-20 23:00:00,473.33271528764635,632.99963,156.15855
forecast_7032,2025-10-21 00:00:00,736.2678656357897,625.4081,162.08461
forecast_7033,2025-10-21 01:00:00,1436.09317434556,623.10596,173.84619
forecast_7034,2025-10-21 02:00:00,1600.508949435425,637.5241,190.70665
forecast_7035,2025-10-21 03:00:00,1468.3839260857724,724.17224,290.58282
forecast_7036,2025-10-21 04:00:00,1625.4137651256658,865.77954,573.5448
forecast_7037,2025-10-21 05:00:00,1490.0713934959383,822.754,748.9153
forecast_7038,2025-10-21 06:00:00,791.3376777392587,768.21564,959.8659
forecast_7039,2025-10-21 07:00:00,468.3333288792633,670.0349,738.5898
forecast_7040,2025-10-21 08:00:00,431.1855694696482,627.3884,713.1865
forecast_7041,2025-10-21 09:00:00,402.36315537420415,589.79236,446.63107
forecast_7042,2025-10-21 10:00:00,327.47753474570607,575.6268,315.878
forecast_7043,2025-10-21 11:00:00,333.1994170982946,563.6212,242.27824
forecast_7044,2025-10-21 12:00:00,329.67725612506763,554.6549,272.73038
forecast_7045,2025-10-21 13:00:00,387.7521666813703,550.6928,253.667
forecast_7046,2025-10-21 14:00:00,319.68000000000006,551.86444,219.70439
forecast_7047,2025-10-21 15:00:00,369.1809697695181,559.44684,199.46698
forecast_7048,2025-10-21 16:00:00,460.6538344838427,564.9667,226.04964
forecast_7049,2025-10-21 17:00:00,336.10253151089734,563.06506,251.7363
forecast_7050,2025-10-21 18:00:00,404.56335940841785,558.02686,263.6369
forecast_7051,2025-10-21 19:00:00,457.10052152393916,552.051,249.74457
forecast_7052,2025-10-21 20:00:00,630.9962461460382,550.8188,236.37505
forecast_7053,2025-10-21 21:00:00,822.3533317585371,554.80164,264.89563
forecast_7054,2025-10-21 22:00:00,645.030202833073,564.613,353.53348
forecast_7055,2025-10-21 23:00:00,949.6406117823136,571.7985,479.19385
forecast_7056,2025-10-22 00:00:00,1352.7106192945125,580.3042,603.99835
forecast_7057,2025-10-22 01:00:00,551.7551427140177,579.8639,499.47974
forecast_7058,2025-10-22 02:00:00,580.7509145059518,569.1361,301.56284
forecast_7059,2025-10-22 03:00:00,584.39196303014,587.97595,223.35052
forecast_7060,2025-10-22 04:00:00,720.305061284167,621.6159,221.62782
forecast_7061,2025-10-22 05:00:00,807.0823328445879,710.18445,275.28
forecast_7062,2025-10-22 06:00:00,1838.483830707919,832.55444,336.74872
forecast_7063,2025-10-22 07:00:00,2101.133925390089,996.2696,434.15454
forecast_7064,2025-10-22 08:00:00,2929.7122574079613,1285.6892,547.82367
forecast_7065,2025-10-22 09:00:00,3169.6443349201622,1602.937,675.0179
forecast_7066,2025-10-22 10:00:00,2147.5430147594266,2071.9368,850.5683
forecast_7067,2025-10-22 11:00:00,2355.604920147557,2247.614,918.87494
forecast_7068,2025-10-22 12:00:00,2113.078903623078,2207.8591,956.1877
forecast_7069,2025-10-22 13:00:00,1329.9573990582028,2040.874,872.63434
forecast_7070,2025-10-22 14:00:00,1145.1773264943017,1753.8572,736.4911
forecast_7071,2025-10-22 15:00:00,955.9119630230963,1413.95,543.7597
forecast_7072,2025-10-22 16:00:00,1567.7696934316564,1271.1667,427.8405
forecast_7073,2025-10-22 17:00:00,1241.9547979766946,1227.7959,340.47876
forecast_7074,2025-10-22 18:00:00,1234.277596100505,1244.4653,292.42697
forecast_7075,2025-10-22 19:00:00,1699.4447091412972,1244.1062,250.96706
forecast_7076,2025-10-22 20:00:00,2187.2495996467105,1309.6719,244.97723
forecast_7077,2025-10-22 21:00:00,2565.014933146342,1298.068,241.72775
forecast_7078,2025-10-22 22:00:00,2239.640788114146,1320.0627,251.34454
forecast_7079,2025-10-22 23:00:00,1511.738389336691,1284.1296,271.86148
forecast_7080,2025-10-23 00:00:00,871.6119079788716,1157.3186,272.43182
forecast_7081,2025-10-23 01:00:00,535.9208198022934,1048.5667,274.68005
forecast_7082,2025-10-23 02:00:00,531.5337591332507,874.048,236.19466
forecast_7083,2025-10-23 03:00:00,367.89439509542353,818.7291,226.39922
forecast_7084,2025-10-23 04:00:00,357.23854453560307,759.12665,210.71754
forecast_7085,2025-10-23 05:00:00,383.06760640536965,709.6188,200.0111
forecast_7086,2025-10-23 06:00:00,372.52933993935096,685.57434,196.12643
forecast_7087,2025-10-23 07:00:00,346.3458580732542,657.07605,177.18617
forecast_7088,2025-10-23 08:00:00,361.33976032487806,635.85803,174.91599
forecast_7089,2025-10-23 09:00:00,409.01647034899133,609.5657,154.24506
forecast_7090,2025-10-23 10:00:00,325.3437580262854,596.4861,142.82884
forecast_7091,2025-10-23 11:00:00,324.920483199326,582.6829,145.01184
forecast_7092,2025-10-23 12:00:00,319.68000000000006,581.7141,150.74193
forecast_7093,2025-10-23 13:00:00,322.73226748574535,582.4917,161.60738
forecast_7094,2025-10-23 14:00:00,353.06358036338287,577.8074,183.0476
forecast_7095,2025-10-23 15:00:00,341.5940830719249,592.6664,204.87337
forecast_7096,2025-10-23 16:00:00,367.36683138434915,604.8946,240.28828
forecast_7097,2025-10-23 17:00:00,436.52876529399373,593.6383,202.09593
forecast_7098,2025-10-23 18:00:00,459.64198939802833,598.0537,190.34917
forecast_7099,2025-10-23 19:00:00,466.34208981448745,603.9638,203.32019
forecast_7100,2025-10-23 20:00:00,453.09806007377324,624.4077,207.35535
forecast_7101,2025-10-23 21:00:00,528.5262698615304,639.529,210.72011
forecast_7102,2025-10-23 22:00:00,461.0928816846874,651.8353,245.84578
forecast_7103,2025-10-23 23:00:00,482.70122314340404,640.62537,251.31659
forecast_7104,2025-10-24 00:00:00,1455.8769227930595,626.80786,256.3774
forecast_7105,2025-10-24 01:00:00,1545.8231947975416,645.1874,304.3351
forecast_7106,2025-10-24 02:00:00,1597.8624057585603,696.33215,444.86014
forecast_7107,2025-10-24 03:00:00,2360.7641351607135,649.5219,417.55273
forecast_7108,2025-10-24 04:00:00,1705.0338724468493,721.877,486.15973
forecast_7109,2025-10-24 05:00:00,2312.28597680457,811.6471,621.5389
forecast_7110,2025-10-24 06:00:00,3204.1418416414517,1159.1268,778.8267
forecast_7111,2025-10-24 07:00:00,3403.3353151629835,1384.6973,820.83154
forecast_7112,2025-10-24 08:00:00,3262.2635382160747,1673.2104,965.66925
forecast_7113,2025-10-24 09:00:00,1871.7009834574824,1922.3853,1055.4988
forecast_7114,2025-10-24 10:00:00,1598.2295082596352,1783.7881,1005.0248
forecast_7115,2025-10-24 11:00:00,1447.2878094579023,1562.7612,810.9543
forecast_7116,2025-10-24 12:00:00,1572.0256570577235,1538.2866,697.04346
forecast_7117,2025-10-24 13:00:00,1313.2475675043263,1503.6772,673.9389
forecast_7118,2025-10-24 14:00:00,1261.7182552914073,1428.3645,642.087
forecast_7119,2025-10-24 15:00:00,1386.9663485099302,1300.5756,542.2058
forecast_7120,2025-10-24 16:00:00,1798.6111043269802,1277.6704,483.73273
forecast_7121,2025-10-24 17:00:00,2272.919317261282,1364.8638,477.5062
forecast_7122,2025-10-24 18:00:00,3111.0435797712626,1670.3855,493.57028
forecast_7123,2025-10-24 19:00:00,2982.3910268787026,2049.492,516.8229
forecast_7124,2025-10-24 20:00:00,3210.78541775283,2212.3684,539.49286
forecast_7125,2025-10-24 21:00:00,3409.720290411935,2141.9998,566.8842
forecast_7126,2025-10-24 22:00:00,4059.0371787415593,1993.6082,586.10126
forecast_7127,2025-10-24 23:00:00,2633.1003498486425,1694.1345,550.37274
forecast_7128,2025-10-25 00:00:00,2114.211869445204,1393.192,470.0825
forecast_7129,2025-10-25 01:00:00,2231.988947463321,1482.7986,458.1226
forecast_7130,2025-10-25 02:00:00,2161.7988004863537,1572.2004,699.971
forecast_7131,2025-10-25 03:00:00,1720.931674122654,1628.4487,978.96234
forecast_7132,2025-10-25 04:00:00,1947.190082365099,1781.3809,1495.4828
forecast_7133,2025-10-25 05:00:00,1708.8786169068733,1856.4507,1944.9213
forecast_7134,2025-10-25 06:00:00,1428.7789362468575,1454.1182,1743.3728
forecast_7135,2025-10-25 07:00:00,1663.6152252994948,1171.397,1462.9978
forecast_7136,2025-10-25 08:00:00,1611.4986532759322,948.814,1181.0494
forecast_7137,2025-10-25 09:00:00,1442.5901637779612,800.4938,867.9522
forecast_7138,2025-10-25 10:00:00,729.6140093970456,709.12415,599.1723
forecast_7139,2025-10-25 11:00:00,426.6312604143057,645.7576,415.25778
forecast_7140,2025-10-25 12:00:00,474.3487487417165,646.56287,393.354
forecast_7141,2025-10-25 13:00:00,591.1536711113538,671.41943,353.41647
forecast_7142,2025-10-25 14:00:00,594.1883779052159,779.8263,377.34445
forecast_7143,2025-10-25 15:00:00,408.9522875109424,715.8125,286.84155
forecast_7144,2025-10-25 16:00:00,472.1878438375041,645.4397,257.95193
forecast_7145,2025-10-25 17:00:00,513.4385584796349,632.46063,313.84674
forecast_7146,2025-10-25 18:00:00,623.8206943315673,621.93524,337.12704
forecast_7147,2025-10-25 19:00:00,431.95724126832806,620.61835,341.07678
forecast_7148,2025-10-25 20:00:00,491.15890396111195,628.6479,315.6938
forecast_7149,2025-10-25 21:00:00,396.5936705961825,651.31104,331.8182
forecast_7150,2025-10-25 22:00:00,517.3977970412997,700.3069,383.70456
forecast_7151,2025-10-25 23:00:00,849.5229982463464,770.54803,450.58145
forecast_7152,2025-10-26 00:00:00,1732.8369730869613,857.11914,562.1703
forecast_7153,2025-10-26 01:00:00,421.020609540934,964.57526,695.24915
forecast_7154,2025-10-26 02:00:00,859.3204342758867,998.79083,849.5829
forecast_7155,2025-10-26 03:00:00,870.6207574400231,1010.64,829.67596
forecast_7156,2025-10-26 04:00:00,929.9208182396776,969.20953,822.527
forecast_7157,2025-10-26 05:00:00,1320.1886503654835,1016.6517,917.91046
forecast_7158,2025-10-26 06:00:00,1358.2992512816606,997.0309,1034.557
forecast_7159,2025-10-26 07:00:00,1565.4827424400166,974.5132,1108.6421
forecast_7160,2025-10-26 08:00:00,2273.089837016555,995.88855,1137.5809
forecast_7161,2025-10-26 09:00:00,3069.8854607643366,1126.3138,1163.6274
forecast_7162,2025-10-26 10:00:00,1752.3649928726402,1166.3154,1283.648
forecast_7163,2025-10-26 11:00:00,1846.898328434384,1153.7435,1206.854
forecast_7164,2025-10-26 12:00:00,2412.6369439016535,1083.3433,853.1119
forecast_7165,2025-10-26 13:00:00,2300.725762155273,1424.8315,1062.3036
forecast_7166,2025-10-26 14:00:00,3517.6497639159234,1813.4575,1490.2235
forecast_7167,2025-10-26 15:00:00,3560.5418212916243,2586.2659,2132.6118
forecast_7168,2025-10-26 16:00:00,4112.596523868677,3120.7905,2393.2744
forecast_7169,2025-10-26 17:00:00,5356.457358097196,3764.9326,2486.0295
forecast_7170,2025-10-26 18:00:00,5258.293305816495,5040.9917,2976.3462
forecast_7171,2025-10-26 19:00:00,5405.921593913879,7199.215,4448.727
forecast_7172,2025-10-26 20:00:00,7298.342266505081,9784.137,6431.773
forecast_7173,2025-10-26 21:00:00,10211.010664454681,11292.126,7975.634
forecast_7174,2025-10-26 22:00:00,12722.753566185822,12572.423,9287.285
forecast_7175,2025-10-26 23:00:00,12591.52282293346,14317.736,11640.891
forecast_7176,2025-10-27 00:00:00,13736.903096378213,15240.647,13218.404
forecast_7177,2025-10-27 01:00:00,15548.311061913968,15598.695,13615.096
forecast_7178,2025-10-27 02:00:00,16328.047522006758,16314.084,13823.953
forecast_7179,2025-10-27 03:00:00,16735.471939524446,16610.732,14152.573
forecast_7180,2025-10-27 04:00:00,15959.380339024658,16990.955,14764.422
forecast_7181,2025-10-27 05:00:00,15894.291867801234,16760.314,14765.484
forecast_7182,2025-10-27 06:00:00,13934.816837922515,15636.823,13236.063
forecast_7183,2025-10-27 07:00:00,14463.901390757876,13521.235,10376.921
forecast_7184,2025-10-27 08:00:00,12828.151602110243,12388.426,9140.845
forecast_7185,2025-10-27 09:00:00,11827.410533864726,12181.102,9133.568
forecast_7186,2025-10-27 10:00:00,10323.267372656834,11739.231,9018.204
forecast_7187,2025-10-27 11:00:00,9826.15738101543,10676.758,8048.5874
forecast_7188,2025-10-27 12:00:00,11347.470478096715,11295.104,8108.394
forecast_7189,2025-10-27 13:00:00,12884.558050990225,12531.4375,9218.999
forecast_7190,2025-10-27 14:00:00,13799.425545044443,13218.898,10103.643
forecast_7191,2025-10-27 15:00:00,13767.07989054725,13483.494,10599.872
forecast_7192,2025-10-27 16:00:00,13865.092085708233,13952.52,11252.418
forecast_7193,2025-10-27 17:00:00,14031.483610308975,14312.738,11994.369
forecast_7194,2025-10-27 18:00:00,13740.913821810633,14558.616,12801.245
forecast_7195,2025-10-27 19:00:00,13150.85224843641,14452.55,12968.39
forecast_7196,2025-10-27 20:00:00,13379.875834634213,13852.041,12593.119
forecast_7197,2025-10-27 21:00:00,11802.469561576327,12755.66,11498.96
forecast_7198,2025-10-27 22:00:00,10993.74876242521,11316.152,9694.256
forecast_7199,2025-10-27 23:00:00,10979.21951053273,10588.682,8476.214
forecast_7200,2025-10-28 00:00:00,10458.176704569414,9986.946,7054.7344
forecast_7201,2025-10-28 01:00:00,11775.343688078065,9352.772,5995.9204
forecast_7202,2025-10-28 02:00:00,14435.618967457078,10842.34,7158.7485
forecast_7203,2025-10-28 03:00:00,13771.716655404394,11040.594,7722.682
forecast_7204,2025-10-28 04:00:00,12558.438274735036,11089.737,7012.11
forecast_7205,2025-10-28 05:00:00,10469.756849361358,11224.826,5948.9575
forecast_7206,2025-10-28 06:00:00,10034.215907100257,10647.983,4713.689
forecast_7207,2025-10-28 07:00:00,10385.344976582193,9725.638,3835.29
forecast_7208,2025-10-28 08:00:00,8857.113156103129,9669.724,3586.7617
forecast_7209,2025-10-28 09:00:00,6857.599723986838,8589.841,3113.4497
forecast_7210,2025-10-28 10:00:00,3667.837709450697,4934.5776,2062.8962
forecast_7211,2025-10-28 11:00:00,2246.695372905734,2735.2139,1235.075
forecast_7212,2025-10-28 12:00:00,3842.495499079103,1877.0581,837.20416
forecast_7213,2025-10-28 13:00:00,4486.41027871812,2217.436,938.6516
forecast_7214,2025-10-28 14:00:00,4197.670251347605,2608.3535,1298.8436
forecast_7215,2025-10-28 15:00:00,3681.488881271298,2606.9634,1677.6555
forecast_7216,2025-10-28 16:00:00,3182.3740905178774,2609.4885,2015.3091
forecast_7217,2025-10-28 17:00:00,3694.0139512525066,2687.832,2226.1536
forecast_7218,2025-10-28 18:00:00,5239.572911346844,2982.7097,2157.3232
forecast_7219,2025-10-28 19:00:00,7036.862373789649,5082.1187,2847.0225
forecast_7220,2025-10-28 20:00:00,8846.259412877831,8157.3154,4336.6475
forecast_7221,2025-10-28 21:00:00,8192.290326741795,10461.311,5961.6396
forecast_7222,2025-10-28 22:00:00,7171.096946339403,11163.643,6232.8525
forecast_7223,2025-10-28 23:00:00,6731.647873112342,10611.522,5039.633
forecast_7224,2025-10-29 00:00:00,7154.967525022904,9576.729,3777.5447
forecast_7225,2025-10-29 01:00:00,7100.258325383221,8739.4795,2994.1687
forecast_7226,2025-10-29 02:00:00,5230.288629282384,6051.0166,2171.399
forecast_7227,2025-10-29 03:00:00,5066.461397755631,4289.4805,1709.9847
forecast_7228,2025-10-29 04:00:00,4750.152809222349,3523.3804,1499.2723
forecast_7229,2025-10-29 05:00:00,3165.9342588363425,3153.2483,1276.0994
forecast_7230,2025-10-29 06:00:00,2867.768327954895,2769.5247,1100.245
forecast_7231,2025-10-29 07:00:00,2706.0038245945957,1984.5632,948.23804
forecast_7232,2025-10-29 08:00:00,1718.758859152126,1307.4873,719.9396
forecast_7233,2025-10-29 09:00:00,799.2990589022199,898.4956,495.94537
forecast_7234,2025-10-29 10:00:00,345.0901339935852,711.71436,306.60156
forecast_7235,2025-10-29 11:00:00,336.41476112942104,622.1996,188.69836
forecast_7236,2025-10-29 12:00:00,336.11289417495755,576.13245,142.09995
forecast_7237,2025-10-29 13:00:00,354.20687995100474,554.2423,119.57429
forecast_7238,2025-10-29 14:00:00,353.66693289919306,546.6018,129.82127
forecast_7239,2025-10-29 15:00:00,347.0422546319264,552.8839,159.73074
forecast_7240,2025-10-29 16:00:00,349.65074077145005,565.0204,181.08163
forecast_7241,2025-10-29 17:00:00,400.48754813646417,589.10767,160.20279
forecast_7242,2025-10-29 18:00:00,820.2213459932829,693.7106,166.08563
forecast_7243,2025-10-29 19:00:00,2453.2422267719885,1716.2358,255.72205
forecast_7244,2025-10-29 20:00:00,3043.865978963057,5026.0703,514.1505
forecast_7245,2025-10-29 21:00:00,3257.1105545068453,6899.7534,1165.5176
forecast_7246,2025-10-29 22:00:00,5741.830296407412,6866.8076,1896.239
forecast_7247,2025-10-29 23:00:00,5261.257788168881,8112.621,2674.101
forecast_7248,2025-10-30 00:00:00,5545.314596182621,9333.052,3216.0935
forecast_7249,2025-10-30 01:00:00,5549.129763385914,10739.203,3624.1736
forecast_7250,2025-10-30 02:00:00,7932.351960721943,10539.592,4381.7593
forecast_7251,2025-10-30 03:00:00,11037.099768592416,11886.674,5649.867
forecast_7252,2025-10-30 04:00:00,11839.006617597963,14521.783,7249.589
forecast_7253,2025-10-30 05:00:00,11752.96540720847,15557.838,7997.3403
forecast_7254,2025-10-30 06:00:00,12355.755092895277,16032.789,8045.518
forecast_7255,2025-10-30 07:00:00,9998.698912343369,15532.353,7778.6895
forecast_7256,2025-10-30 08:00:00,9375.966141583125,13579.0625,6251.9907
forecast_7257,2025-10-30 09:00:00,6868.135212634478,8919.928,3886.5352
forecast_7258,2025-10-30 10:00:00,3980.9848745938693,3589.972,1865.1786
forecast_7259,2025-10-30 11:00:00,1831.4723899591436,1599.0684,945.19336
forecast_7260,2025-10-30 12:00:00,896.7780380177344,1011.42474,633.3466
forecast_7261,2025-10-30 13:00:00,959.3279889294547,775.84894,471.28278
forecast_7262,2025-10-30 14:00:00,976.6668100654874,725.5752,503.2423
forecast_7263,2025-10-30 15:00:00,638.4145031047343,705.4555,566.8162
forecast_7264,2025-10-30 16:00:00,993.5391542463198,698.64307,642.0444
forecast_7265,2025-10-30 17:00:00,2254.0289191924658,759.1275,789.80707
forecast_7266,2025-10-30 18:00:00,2494.3073284062766,939.4647,1060.9431
forecast_7267,2025-10-30 19:00:00,3085.626952247559,1139.6455,1368.3624
forecast_7268,2025-10-30 20:00:00,3408.197753913028,1173.7234,1536.1572
forecast_7269,2025-10-30 21:00:00,3135.112492271636,996.91425,1233.0337
forecast_7270,2025-10-30 22:00:00,2708.590113552593,997.1419,1206.751
forecast_7271,2025-10-30 23:00:00,2724.2354269050365,878.6139,1142.8953
forecast_7272,2025-10-31 00:00:00,2740.8890889120416,828.9974,1074.081
forecast_7273,2025-10-31 01:00:00,701.807533632813,806.4027,952.2529
forecast_7274,2025-10-31 02:00:00,481.35993031159046,770.0209,684.41113
forecast_7275,2025-10-31 03:00:00,530.8988696444205,782.4397,450.9325
forecast_7276,2025-10-31 04:00:00,595.5418938638999,835.0907,317.87067
forecast_7277,2025-10-31 05:00:00,644.9592657432493,932.73,321.78723
forecast_7278,2025-10-31 06:00:00,721.5231948590382,920.84924,295.0596
forecast_7279,2025-10-31 07:00:00,573.9388194701457,862.88214,259.27222
forecast_7280,2025-10-31 08:00:00,678.8126295369764,844.5051,290.4306
forecast_7281,2025-10-31 09:00:00,544.4253034402526,838.03973,211.76683
forecast_7282,2025-10-31 10:00:00,529.3860094621758,858.396,169.43105
forecast_7283,2025-10-31 11:00:00,584.400441482692,855.8235,158.78311
forecast_7284,2025-10-31 12:00:00,508.21010020749674,791.0022,154.67801
forecast_7285,2025-10-31 13:00:00,346.10134968597725,712.0657,147.65857
forecast_7286,2025-10-31 14:00:00,356.4437300635069,662.50806,137.45302
forecast_7287,2025-10-31 15:00:00,349.6482509080149,638.98553,132.94957
forecast_7288,2025-10-31 16:00:00,337.9965414052318,642.651,129.54572
forecast_7289,2025-10-31 17:00:00,351.7186591166846,646.55286,134.2622
forecast_7290,2025-10-31 18:00:00,752.2789803682784,665.16833,150.48914
forecast_7291,2025-10-31 19:00:00,2064.2881708771306,870.546,217.90254
forecast_7292,2025-10-31 20:00:00,4915.493645003517,1861.3555,487.71707
forecast_7293,2025-10-31 21:00:00,6472.926669368112,3645.6484,1191.9686
forecast_7294,2025-10-31 22:00:00,7370.156577800111,5307.7993,2608.7083
forecast_7295,2025-10-31 23:00:00,8443.794776422266,7215.742,4336.923
forecast_7296,2025-11-01 00:00:00,7942.607790884868,8546.778,5365.0986
forecast_7297,2025-11-01 01:00:00,9737.475177891793,9999.968,5034.0303
forecast_7298,2025-11-01 02:00:00,8304.80827313135,12690.676,6703.6978
forecast_7299,2025-11-01 03:00:00,7664.794388392977,13905.85,8061.771
forecast_7300,2025-11-01 04:00:00,10382.896765610385,14095.794,9106.339
forecast_7301,2025-11-01 05:00:00,11758.59792206152,14193.729,9914.527
forecast_7302,2025-11-01 06:00:00,11954.123909112415,14328.414,10658.357
forecast_7303,2025-11-01 07:00:00,12194.153794586711,14325.213,11304.825
forecast_7304,2025-11-01 08:00:00,12627.495623093171,14135.192,11674.171
forecast_7305,2025-11-01 09:00:00,13666.307103467923,13660.871,11647.534
forecast_7306,2025-11-01 10:00:00,14047.53993263912,13759.92,11498.276
forecast_7307,2025-11-01 11:00:00,14070.653995880311,14226.917,11762.727
forecast_7308,2025-11-01 12:00:00,13887.988223366758,14339.911,12103.864
forecast_7309,2025-11-01 13:00:00,13646.800667428031,13755.636,11239.5625
forecast_7310,2025-11-01 14:00:00,13957.144237186441,13310.725,10481.388
forecast_7311,2025-11-01 15:00:00,13884.363165352586,13067.122,10058.114
forecast_7312,2025-11-01 16:00:00,13853.755930265808,12988.25,10011.783
forecast_7313,2025-11-01 17:00:00,13764.706357742563,12820.177,10124.283
forecast_7314,2025-11-01 18:00:00,14001.776931742283,13282.797,11109.195
forecast_7315,2025-11-01 19:00:00,13515.032046626025,13528.74,12110.798
forecast_7316,2025-11-01 20:00:00,15603.602079979952,13633.565,12951.406
forecast_7317,2025-11-01 21:00:00,15653.727489460936,14458.087,13772.019
forecast_7318,2025-11-01 22:00:00,16028.479822575824,14997.528,14240.051
forecast_7319,2025-11-01 23:00:00,17160.507580344194,15307.794,14266.935
forecast_7320,2025-11-02 00:00:00,17031.027857415957,15650.108,14263.535
forecast_7321,2025-11-02 01:00:00,16916.841162952413,15615.936,14039.534
forecast_7322,2025-11-02 02:00:00,16707.86488026227,15117.471,13291.696
forecast_7323,2025-11-02 03:00:00,15886.473501039709,15184.602,13015.441
forecast_7324,2025-11-02 04:00:00,15777.263462295428,14700.117,12529.966
forecast_7325,2025-11-02 05:00:00,15253.956038631495,14691.464,12790.611
forecast_7326,2025-11-02 06:00:00,16171.509241630993,14486.728,13371.325
forecast_7327,2025-11-02 07:00:00,17108.287533725867,14612.333,13963.552
forecast_7328,2025-11-02 08:00:00,17617.624355954544,15437.001,14779.02
forecast_7329,2025-11-02 09:00:00,17523.759869356065,15985.377,15347.264
forecast_7330,2025-11-02 10:00:00,16502.557308292427,16100.438,15426.25
forecast_7331,2025-11-02 11:00:00,15921.897704070054,16270.602,15138.198
forecast_7332,2025-11-02 12:00:00,15096.044235701487,16363.614,14624.842
forecast_7333,2025-11-02 13:00:00,14811.10737842639,15947.195,13704.845
forecast_7334,2025-11-02 14:00:00,14360.741774740502,15143.521,12317.037
forecast_7335,2025-11-02 15:00:00,14689.1022538158,14692.532,11716.55
forecast_7336,2025-11-02 16:00:00,14455.78504402293,14890.345,12274.206
forecast_7337,2025-11-02 17:00:00,13887.029934619855,14465.704,12477.681
forecast_7338,2025-11-02 18:00:00,14117.910490125525,12827.563,11404.15
forecast_7339,2025-11-02 19:00:00,13822.1466174164,11511.159,10736.714
forecast_7340,2025-11-02 20:00:00,10448.921630292038,11225.1875,10328.607
forecast_7341,2025-11-02 21:00:00,5999.967837401996,8826.519,8134.9644
forecast_7342,2025-11-02 22:00:00,8145.268606128928,5408.2563,4206.011
forecast_7343,2025-11-02 23:00:00,6785.0439302920895,4633.6006,2571.4888
forecast_7344,2025-11-03 00:00:00,6420.357646037402,4946.3354,1992.3207
forecast_7345,2025-11-03 01:00:00,5481.543996939015,5823.4253,1809.3075
forecast_7346,2025-11-03 02:00:00,5835.107752241459,7144.589,1952.3505
forecast_7347,2025-11-03 03:00:00,5597.36886431419,7157.4834,1607.351
forecast_7348,2025-11-03 04:00:00,5715.157638643749,5625.594,1224.2329
forecast_7349,2025-11-03 05:00:00,4731.937164092601,3979.137,984.3973
forecast_7350,2025-11-03 06:00:00,4406.340990954799,3235.5947,872.57666
forecast_7351,2025-11-03 07:00:00,3178.9176883505315,2725.1545,841.95825
forecast_7352,2025-11-03 08:00:00,3565.717462443688,2419.659,715.1205
forecast_7353,2025-11-03 09:00:00,2900.6521443659776,2284.854,523.5553
forecast_7354,2025-11-03 10:00:00,1403.5453415486854,2014.2388,429.27753
forecast_7355,2025-11-03 11:00:00,813.0178826743772,1494.5974,362.09372
forecast_7356,2025-11-03 12:00:00,488.2029879305157,993.3035,286.03592
forecast_7357,2025-11-03 13:00:00,372.4039113186621,754.07574,222.23395
forecast_7358,2025-11-03 14:00:00,343.3088801446138,649.0034,179.57912
forecast_7359,2025-11-03 15:00:00,335.57748819917987,594.77496,158.1088
forecast_7360,2025-11-03 16:00:00,319.68000000000006,568.6544,148.78545
forecast_7361,2025-11-03 17:00:00,683.5380900570685,565.1754,149.45609
forecast_7362,2025-11-03 18:00:00,695.8688349498116,587.3047,167.96115
forecast_7363,2025-11-03 19:00:00,898.4060475079262,673.79877,213.52654
forecast_7364,2025-11-03 20:00:00,1490.3082859839296,1275.6278,316.33047
forecast_7365,2025-11-03 21:00:00,2528.4736479416274,3192.8496,656.9531
forecast_7366,2025-11-03 22:00:00,3725.5237695503233,6189.9126,1536.3423
forecast_7367,2025-11-03 23:00:00,5684.9211138073415,8180.0063,2611.6719
forecast_7368,2025-11-04 00:00:00,7229.544315947362,10231.246,4054.641
forecast_7369,2025-11-04 01:00:00,6098.569095925579,11858.051,5168.492
forecast_7370,2025-11-04 02:00:00,6622.453826918023,11991.937,4841.702
forecast_7371,2025-11-04 03:00:00,6260.604360279708,13242.742,5371.2026
forecast_7372,2025-11-04 04:00:00,6645.042173786437,13849.337,5801.94
forecast_7373,2025-11-04 05:00:00,6844.209220606025,14501.935,5999.35
forecast_7374,2025-11-04 06:00:00,8992.393078287358,15000.772,5865.3184
forecast_7375,2025-11-04 07:00:00,10472.56032789031,15565.068,6919.5005
forecast_7376,2025-11-04 08:00:00,11441.415159804668,15848.953,8246.279
forecast_7377,2025-11-04 09:00:00,11609.85435464981,16007.508,9485.56
forecast_7378,2025-11-04 10:00:00,12310.852641387622,15795.734,10336.052
forecast_7379,2025-11-04 11:00:00,10256.389375937364,15292.111,10290.592
forecast_7380,2025-11-04 12:00:00,8847.885926684874,13854.718,8923.789
forecast_7381,2025-11-04 13:00:00,7709.161287088961,12169.161,7183.4673
forecast_7382,2025-11-04 14:00:00,6979.586354303315,10486.466,5889.9644
forecast_7383,2025-11-04 15:00:00,6535.238671268045,9316.678,5234.5854
forecast_7384,2025-11-04 16:00:00,7275.890446805692,8897.954,5166.937
forecast_7385,2025-11-04 17:00:00,8218.471214298535,9122.999,5045.2207
forecast_7386,2025-11-04 18:00:00,7279.594850894529,9895.486,4725.0444
forecast_7387,2025-11-04 19:00:00,7246.259987340618,11591.332,4999.603
forecast_7388,2025-11-04 20:00:00,8320.945445505367,12902.226,5532.1133
forecast_7389,2025-11-04 21:00:00,8369.081925819191,13230.55,5987.875
forecast_7390,2025-11-04 22:00:00,8879.277647097886,11782.181,5352.2793
forecast_7391,2025-11-04 23:00:00,7911.140381412943,9528.484,4074.134
forecast_7392,2025-11-05 00:00:00,7661.684047722685,7264.073,2961.672
forecast_7393,2025-11-05 01:00:00,7874.857248456145,5475.467,2126.0342
forecast_7394,2025-11-05 02:00:00,4994.406331517191,4804.782,1879.7653
forecast_7395,2025-11-05 03:00:00,3772.662158227756,3303.5051,1576.9536
forecast_7396,2025-11-05 04:00:00,2162.4686224874113,1802.8088,1101.2452
forecast_7397,2025-11-05 05:00:00,766.9658831304445,1133.5939,728.33746
forecast_7398,2025-11-05 06:00:00,486.3462544677683,853.35205,527.80707
forecast_7399,2025-11-05 07:00:00,561.6157221162744,672.2562,311.62827
forecast_7400,2025-11-05 08:00:00,546.8367966989728,631.69275,169.0355
forecast_7401,2025-11-05 09:00:00,444.6126855588532,623.8196,129.31796
forecast_7402,2025-11-05 10:00:00,354.5015092325885,615.079,114.97672
forecast_7403,2025-11-05 11:00:00,330.6561320957749,598.6504,116.91197
forecast_7404,2025-11-05 12:00:00,356.7985630128335,585.91327,124.52353
forecast_7405,2025-11-05 13:00:00,329.76436814642005,584.8884,136.83441
forecast_7406,2025-11-05 14:00:00,345.7328451241662,588.38586,156.58575
forecast_7407,2025-11-05 15:00:00,371.4994113600159,588.0954,152.86577
forecast_7408,2025-11-05 16:00:00,341.08838282324666,586.8419,144.72386
forecast_7409,2025-11-05 17:00:00,371.1244783859512,594.6792,143.17322
forecast_7410,2025-11-05 18:00:00,466.58414715497554,607.5959,151.72842
forecast_7411,2025-11-05 19:00:00,385.7250934331188,633.9601,167.8224
forecast_7412,2025-11-05 20:00:00,330.77416301840327,684.8203,204.17262
forecast_7413,2025-11-05 21:00:00,345.86337838128895,758.6798,271.3792
forecast_7414,2025-11-05 22:00:00,486.77147425516796,812.5958,332.15958
forecast_7415,2025-11-05 23:00:00,568.7468618700887,910.8682,431.8344
forecast_7416,2025-11-06 00:00:00,730.273650187213,1043.012,564.0221
forecast_7417,2025-11-06 01:00:00,1463.7882501895137,1588.3357,901.5516
forecast_7418,2025-11-06 02:00:00,3154.2777846923773,2809.4253,1519.8832
forecast_7419,2025-11-06 03:00:00,3978.9919034231452,4086.2625,2378.847
forecast_7420,2025-11-06 04:00:00,5107.876954745649,5153.1294,3052.726
forecast_7421,2025-11-06 05:00:00,4153.743784170515,5368.4956,3072.2603
forecast_7422,2025-11-06 06:00:00,6800.081568078395,4376.0464,2744.4358
forecast_7423,2025-11-06 07:00:00,5314.229878293818,3968.6482,2683.1794
forecast_7424,2025-11-06 08:00:00,3130.449728809849,2876.924,2239.2776
forecast_7425,2025-11-06 09:00:00,1390.5686533247053,1320.8594,1189.8125
forecast_7426,2025-11-06 10:00:00,456.558946008419,791.72314,500.4991
forecast_7427,2025-11-06 11:00:00,355.6548336140076,642.17053,236.08134
forecast_7428,2025-11-06 12:00:00,328.1527363270883,596.0997,177.78307
forecast_7429,2025-11-06 13:00:00,361.15141605827534,580.12225,126.86026
forecast_7430,2025-11-06 14:00:00,343.39796703110125,570.79144,126.88871
forecast_7431,2025-11-06 15:00:00,319.68000000000006,567.41534,150.82835
forecast_7432,2025-11-06 16:00:00,319.68000000000006,568.38336,162.8118
forecast_7433,2025-11-06 17:00:00,340.45904943296244,587.7677,186.87965
forecast_7434,2025-11-06 18:00:00,393.26598639579646,653.4576,241.048
forecast_7435,2025-11-06 19:00:00,547.2476251424696,819.7987,331.52078
forecast_7436,2025-11-06 20:00:00,652.906092871855,1052.0896,401.98016
forecast_7437,2025-11-06 21:00:00,686.473903916688,1061.3055,508.46097
forecast_7438,2025-11-06 22:00:00,713.786155268975,1038.6388,471.2306
forecast_7439,2025-11-06 23:00:00,617.4500775759275,1056.3042,545.48553
forecast_7440,2025-11-07 00:00:00,577.8467846078827,1030.8381,489.25024
forecast_7441,2025-11-07 01:00:00,600.3359733380265,988.2031,415.72348
forecast_7442,2025-11-07 02:00:00,2421.6180411734367,812.93066,412.13992
forecast_7443,2025-11-07 03:00:00,2544.976811326428,808.34485,827.5739
forecast_7444,2025-11-07 04:00:00,3171.44641260089,884.7446,1586.5822
forecast_7445,2025-11-07 05:00:00,3359.62056069782,1013.5439,2209.3735
forecast_7446,2025-11-07 06:00:00,2334.7781649062545,1198.0679,2528.1284
forecast_7447,2025-11-07 07:00:00,1349.9526103464218,1312.708,2403.3972
forecast_7448,2025-11-07 08:00:00,461.5987022512809,1030.0092,1524.2113
forecast_7449,2025-11-07 09:00:00,436.70398014608384,755.9302,586.56995
forecast_7450,2025-11-07 10:00:00,345.7534393992976,672.5959,231.9225
forecast_7451,2025-11-07 11:00:00,335.6685273109999,666.6129,127.79787
forecast_7452,2025-11-07 12:00:00,319.68000000000006,657.4532,107.9303
forecast_7453,2025-11-07 13:00:00,520.7788884366191,648.1167,107.851166
forecast_7454,2025-11-07 14:00:00,699.9102664304943,669.2656,114.45664
forecast_7455,2025-11-07 15:00:00,834.3469199211055,739.2236,127.4975
forecast_7456,2025-11-07 16:00:00,672.142455787491,884.2183,158.45306
forecast_7457,2025-11-07 17:00:00,898.2476519387549,1232.8955,232.36905
forecast_7458,2025-11-07 18:00:00,1460.6196607705483,1784.1042,399.53098
forecast_7459,2025-11-07 19:00:00,2002.88517895374,2387.5125,633.2895
forecast_7460,2025-11-07 20:00:00,2757.631390488542,2514.024,774.0789
forecast_7461,2025-11-07 21:00:00,3041.7576369651238,2653.3145,893.07495
forecast_7462,2025-11-07 22:00:00,3332.4997811123403,2710.7778,954.13873
forecast_7463,2025-11-07 23:00:00,3331.5543449397605,2899.8408,932.50073
forecast_7464,2025-11-08 00:00:00,2922.7131302745493,2685.6816,863.28674
forecast_7465,2025-11-08 01:00:00,2378.7780257733757,2068.6387,712.8648
forecast_7466,2025-11-08 02:00:00,2305.841450702441,1447.8618,595.264
forecast_7467,2025-11-08 03:00:00,2334.9992113897006,1242.1045,585.4789
forecast_7468,2025-11-08 04:00:00,2524.0382653053825,1097.8123,455.79684
forecast_7469,2025-11-08 05:00:00,2700.584511434875,1143.1108,365.36972
forecast_7470,2025-11-08 06:00:00,2730.2041631170255,1334.8085,355.72342
forecast_7471,2025-11-08 07:00:00,3022.8762962513847,1360.5558,341.0475
forecast_7472,2025-11-08 08:00:00,2391.1879888764097,1379.4025,396.31174
forecast_7473,2025-11-08 09:00:00,1927.6572538968135,1151.9187,423.28174
forecast_7474,2025-11-08 10:00:00,1189.0989947718385,902.26184,400.68265
forecast_7475,2025-11-08 11:00:00,1188.3974218411008,790.9802,337.59714
forecast_7476,2025-11-08 12:00:00,1183.6907610291514,727.3501,334.67264
forecast_7477,2025-11-08 13:00:00,1396.7069736646563,691.4089,301.05585
forecast_7478,2025-11-08 14:00:00,1190.5909626569419,757.9752,332.18185
forecast_7479,2025-11-08 15:00:00,1157.6156834773597,879.5391,423.59482
forecast_7480,2025-11-08 16:00:00,1756.3975561297584,1021.7347,533.8214
forecast_7481,2025-11-08 17:00:00,2536.761641044994,1329.688,668.31525
forecast_7482,2025-11-08 18:00:00,3149.9000229687013,1648.7971,922.0243
forecast_7483,2025-11-08 19:00:00,3162.690996704739,2139.2493,1240.585
forecast_7484,2025-11-08 20:00:00,3539.3373207365044,2443.2102,1535.1625
forecast_7485,2025-11-08 21:00:00,4518.538143681753,3210.4111,2049.2188
forecast_7486,2025-11-08 22:00:00,6120.688385288463,3892.5894,2682.859
forecast_7487,2025-11-08 23:00:00,8449.633634850368,4150.402,3094.7097
forecast_7488,2025-11-09 00:00:00,6311.605448838898,5173.82,4295.735
forecast_7489,2025-11-09 01:00:00,4648.432594995611,6231.02,5134.9673
forecast_7490,2025-11-09 02:00:00,5994.639944014245,5856.9893,6081.276
forecast_7491,2025-11-09 03:00:00,7812.08024295624,6005.6416,6934.0356
forecast_7492,2025-11-09 04:00:00,10804.116094076713,7721.939,7830.072
forecast_7493,2025-11-09 05:00:00,11263.5407195501,9297.082,7969.7686
forecast_7494,2025-11-09 06:00:00,12807.925114984157,12127.359,8751.104
forecast_7495,2025-11-09 07:00:00,13235.197924104628,13652.162,9991.737
forecast_7496,2025-11-09 08:00:00,12715.130371015324,14644.722,11342.783
forecast_7497,2025-11-09 09:00:00,12887.706411166058,14740.127,11650.625
forecast_7498,2025-11-09 10:00:00,12902.657498700837,13930.668,10754.396
forecast_7499,2025-11-09 11:00:00,11172.38996399535,12130.138,9171.438
forecast_7500,2025-11-09 12:00:00,9625.876647440458,11209.981,7864.1846
forecast_7501,2025-11-09 13:00:00,10938.789440185023,11492.433,7399.69
forecast_7502,2025-11-09 14:00:00,12944.980792494229,12265.496,7998.662
forecast_7503,2025-11-09 15:00:00,13618.19452418784,12527.616,8820.28
forecast_7504,2025-11-09 16:00:00,14111.724122883661,12956.969,10051.206
forecast_7505,2025-11-09 17:00:00,14419.73266836906,13366.455,11425.742
forecast_7506,2025-11-09 18:00:00,14654.86434716226,13739.192,12339.182
forecast_7507,2025-11-09 19:00:00,16666.369862137286,14195.062,13103.546
forecast_7508,2025-11-09 20:00:00,16692.083796942545,14821.902,13790.137
forecast_7509,2025-11-09 21:00:00,16522.74198824751,15616.111,14767.823
forecast_7510,2025-11-09 22:00:00,15698.067243487007,16036.305,15290.374
forecast_7511,2025-11-09 23:00:00,14929.966299229463,15888.616,15149.392
forecast_7512,2025-11-10 00:00:00,14929.674854584711,15381.5,13872.34
forecast_7513,2025-11-10 01:00:00,14701.013203324197,14370.843,12151.141
forecast_7514,2025-11-10 02:00:00,13857.29132100691,13565.947,11442.743
forecast_7515,2025-11-10 03:00:00,13545.10829190034,12063.845,10171.77
forecast_7516,2025-11-10 04:00:00,13581.40628966059,11932.954,10029.02
forecast_7517,2025-11-10 05:00:00,14087.653177514465,12624.293,10496.106
forecast_7518,2025-11-10 06:00:00,16144.195843944086,13546.07,11958.286
forecast_7519,2025-11-10 07:00:00,16969.824672891722,13961.965,13023.062
forecast_7520,2025-11-10 08:00:00,15927.949829385869,14033.397,13260.068
forecast_7521,2025-11-10 09:00:00,13506.968504465016,12828.201,11533.126
forecast_7522,2025-11-10 10:00:00,10706.415363512042,11356.756,9585.087
forecast_7523,2025-11-10 11:00:00,9313.01774852556,9365.619,7412.5815
forecast_7524,2025-11-10 12:00:00,9513.702545300077,7674.6274,5598.3594
forecast_7525,2025-11-10 13:00:00,6074.023457701732,6450.5454,4664.636
forecast_7526,2025-11-10 14:00:00,5407.423199649815,4677.7656,3710.5557
forecast_7527,2025-11-10 15:00:00,5045.580607114755,3736.2397,3069.4368
forecast_7528,2025-11-10 16:00:00,4680.523426753811,3557.45,2897.025
forecast_7529,2025-11-10 17:00:00,6390.23547323728,4822.5825,3574.3225
forecast_7530,2025-11-10 18:00:00,10444.60807964896,8160.367,5275.09
forecast_7531,2025-11-10 19:00:00,15600.446427383238,12705.948,8342.536
forecast_7532,2025-11-10 20:00:00,18295.975088523417,15863.952,11404.355
forecast_7533,2025-11-10 21:00:00,19870.462764608026,17564.969,13308.294
forecast_7534,2025-11-10 22:00:00,20845.291287367003,18192.166,13972.663
forecast_7535,2025-11-10 23:00:00,20993.36848644518,18591.24,14121.176
forecast_7536,2025-11-11 00:00:00,20747.41247065157,18872.09,14340.767
forecast_7537,2025-11-11 01:00:00,21503.644530534875,18856.752,13594.777
forecast_7538,2025-11-11 02:00:00,21365.947498705795,19268.83,13947.469
forecast_7539,2025-11-11 03:00:00,20244.076067738533,19241.514,13600.855
forecast_7540,2025-11-11 04:00:00,16898.607160250544,18461.54,11207.177
forecast_7541,2025-11-11 05:00:00,11311.518452510558,16157.022,6508.8633
forecast_7542,2025-11-11 06:00:00,6549.119801460788,10956.65,2857.6082
forecast_7543,2025-11-11 07:00:00,6499.032153121527,5369.14,1226.0614
forecast_7544,2025-11-11 08:00:00,3379.135218585874,2967.7395,775.4445
forecast_7545,2025-11-11 09:00:00,3392.05418072042,1661.5779,569.3742
forecast_7546,2025-11-11 10:00:00,2591.0131070393477,1223.8965,491.30618
forecast_7547,2025-11-11 11:00:00,1356.395362549731,977.72754,470.35916
forecast_7548,2025-11-11 12:00:00,1247.6057206200007,850.73584,478.03912
forecast_7549,2025-11-11 13:00:00,1024.6543813122,794.48596,526.6991
forecast_7550,2025-11-11 14:00:00,951.8702299955501,764.6522,513.43164
forecast_7551,2025-11-11 15:00:00,972.5041838652587,734.93604,503.97824
forecast_7552,2025-11-11 16:00:00,605.4307518272396,766.31104,567.6468
forecast_7553,2025-11-11 17:00:00,772.0826047711581,730.5094,592.24133
forecast_7554,2025-11-11 18:00:00,509.5010264129626,682.5946,386.5911
forecast_7555,2025-11-11 19:00:00,486.8081041959313,734.40027,372.75705
forecast_7556,2025-11-11 20:00:00,459.78618488671134,742.3541,252.92137
forecast_7557,2025-11-11 21:00:00,599.2310898418232,728.03674,162.0343
forecast_7558,2025-11-11 22:00:00,896.876120584734,816.4291,156.01782
forecast_7559,2025-11-11 23:00:00,1042.6725627236142,959.40314,176.78593
forecast_7560,2025-11-12 00:00:00,1233.9251344416236,1092.6853,213.8391
forecast_7561,2025-11-12 01:00:00,1136.7246628310627,1282.4733,285.11462
forecast_7562,2025-11-12 02:00:00,1459.3703468929982,1170.7334,379.843
forecast_7563,2025-11-12 03:00:00,1426.9712830773929,1120.0308,643.5865
forecast_7564,2025-11-12 04:00:00,1331.5600919045078,1135.2856,948.8448
forecast_7565,2025-11-12 05:00:00,1444.1476424681314,1187.9858,1082.9811
forecast_7566,2025-11-12 06:00:00,2150.8349072717333,1267.664,1154.5421
forecast_7567,2025-11-12 07:00:00,3039.865255566772,1671.5347,1446.7714
forecast_7568,2025-11-12 08:00:00,4104.307101907581,2589.8943,1909.3453
forecast_7569,2025-11-12 09:00:00,4878.011478182412,3890.1206,2201.2
forecast_7570,2025-11-12 10:00:00,4036.1864970991523,4482.552,2184.1191
forecast_7571,2025-11-12 11:00:00,2554.472014251986,3896.0747,2038.6334
forecast_7572,2025-11-12 12:00:00,2870.1811627391908,3022.6904,1767.9236
forecast_7573,2025-11-12 13:00:00,3216.2848381455397,2634.842,1633.8374
forecast_7574,2025-11-12 14:00:00,3569.448297503537,2565.1863,1677.0175
forecast_7575,2025-11-12 15:00:00,4978.055284716416,2829.083,1849.7439
forecast_7576,2025-11-12 16:00:00,6129.744253271807,3764.3782,2339.8591
forecast_7577,2025-11-12 17:00:00,9051.94463228655,5324.416,3259.7712
forecast_7578,2025-11-12 18:00:00,11137.570814224318,9093.618,5643.6274
forecast_7579,2025-11-12 19:00:00,13659.015926801954,13105.256,8597.284
forecast_7580,2025-11-12 20:00:00,16547.77425183579,15576.703,11256.569
forecast_7581,2025-11-12 21:00:00,18026.733818550652,17041.467,12981.796
forecast_7582,2025-11-12 22:00:00,17671.08454793017,18098.902,14195.605
forecast_7583,2025-11-12 23:00:00,19087.22088244662,18507.633,14680.282
forecast_7584,2025-11-13 00:00:00,21558.481302237666,18774.6,15019.613
forecast_7585,2025-11-13 01:00:00,21600.0,18984.957,15434.216
forecast_7586,2025-11-13 02:00:00,21463.96747686514,19223.646,16148.334
forecast_7587,2025-11-13 03:00:00,19340.29475111753,19337.268,16470.656
forecast_7588,2025-11-13 04:00:00,17671.368661454824,19182.896,16052.467
forecast_7589,2025-11-13 05:00:00,17127.777968524748,18869.58,14882.914
forecast_7590,2025-11-13 06:00:00,17059.329047160507,18487.928,13643.906
forecast_7591,2025-11-13 07:00:00,16854.619596746037,18132.902,12561.649
forecast_7592,2025-11-13 08:00:00,15236.223135146138,17701.652,11855.205
forecast_7593,2025-11-13 09:00:00,12568.630546305802,17102.043,10984.629
forecast_7594,2025-11-13 10:00:00,11804.156438880447,15663.051,9638.141
forecast_7595,2025-11-13 11:00:00,9942.326784432093,13197.322,7884.7944
forecast_7596,2025-11-13 12:00:00,4179.827565142133,9968.156,5597.4155
forecast_7597,2025-11-13 13:00:00,3927.1015579550485,5420.7656,2349.2007
forecast_7598,2025-11-13 14:00:00,2569.7820829508687,2750.0298,1103.8103
forecast_7599,2025-11-13 15:00:00,1983.4781861908482,1889.0093,760.3951
forecast_7600,2025-11-13 16:00:00,3114.689076769402,1617.7405,670.21606
forecast_7601,2025-11-13 17:00:00,4092.975868775975,1826.8738,887.3653
forecast_7602,2025-11-13 18:00:00,4084.1322648212363,2555.6538,1098.7355
forecast_7603,2025-11-13 19:00:00,4161.53603347239,3513.1824,1247.3461
forecast_7604,2025-11-13 20:00:00,4033.1209128502433,4050.068,1693.1873
forecast_7605,2025-11-13 21:00:00,4701.024461002865,4202.221,2354.5083
forecast_7606,2025-11-13 22:00:00,4621.640417371737,4949.0005,3253.1853
forecast_7607,2025-11-13 23:00:00,5787.74609776894,4410.717,3648.2913
forecast_7608,2025-11-14 00:00:00,6875.6746924376785,4197.744,4022.5527
forecast_7609,2025-11-14 01:00:00,2317.414497169028,4148.1353,4009.523
forecast_7610,2025-11-14 02:00:00,2803.2066831488637,1653.3823,2562.1406
forecast_7611,2025-11-14 03:00:00,2527.6557427838206,1318.8801,2027.0029
forecast_7612,2025-11-14 04:00:00,2549.536690050521,1328.3303,1877.5088
forecast_7613,2025-11-14 05:00:00,2568.9125290898987,1519.7917,1964.8861
forecast_7614,2025-11-14 06:00:00,2456.8466264744816,1784.5471,2116.4285
forecast_7615,2025-11-14 07:00:00,2618.264052792433,2233.324,2339.161
forecast_7616,2025-11-14 08:00:00,3535.891789824185,2661.6628,2534.434
forecast_7617,2025-11-14 09:00:00,3935.6203174078983,2720.254,2204.4905
forecast_7618,2025-11-14 10:00:00,3599.547463130476,2323.2344,1626.998
forecast_7619,2025-11-14 11:00:00,2384.467368043772,2141.755,1303.566
forecast_7620,2025-11-14 12:00:00,1905.3619858971201,2244.207,1318.4056
forecast_7621,2025-11-14 13:00:00,2440.8035135129144,2105.268,1297.3401
forecast_7622,2025-11-14 14:00:00,2239.962864274574,2313.5032,1549.264
forecast_7623,2025-11-14 15:00:00,3133.297390784433,2655.5737,1908.2368
forecast_7624,2025-11-14 16:00:00,4666.81545000467,3484.8123,2646.6687
forecast_7625,2025-11-14 17:00:00,6272.89651349924,4723.801,3798.5713
forecast_7626,2025-11-14 18:00:00,7538.294628960615,6859.3896,4870.107
forecast_7627,2025-11-14 19:00:00,9300.174511323246,9496.676,6009.293
forecast_7628,2025-11-14 20:00:00,9908.931314019268,11678.81,7116.2925
forecast_7629,2025-11-14 21:00:00,9425.272600380922,13076.938,7587.0493
forecast_7630,2025-11-14 22:00:00,9387.262630501802,12485.157,6396.488
forecast_7631,2025-11-14 23:00:00,8670.612266406486,10738.762,4921.4473
forecast_7632,2025-11-15 00:00:00,8421.066206535641,7594.1,3562.9473
forecast_7633,2025-11-15 01:00:00,4340.642232776243,4996.44,2493.615
forecast_7634,2025-11-15 02:00:00,4493.131231211951,3596.4688,2265.4526
forecast_7635,2025-11-15 03:00:00,4598.23265020157,2580.4773,2044.2319
forecast_7636,2025-11-15 04:00:00,4764.630920704885,2400.1404,1917.1501
forecast_7637,2025-11-15 05:00:00,4636.563546380673,2493.1704,1844.2454
forecast_7638,2025-11-15 06:00:00,4727.0561320306915,2362.7188,1607.5308
forecast_7639,2025-11-15 07:00:00,4547.328807842834,2237.0366,1371.5847
forecast_7640,2025-11-15 08:00:00,3862.958892035753,1845.7744,1214.4846
forecast_7641,2025-11-15 09:00:00,1620.7772236346427,1316.0089,860.80664
forecast_7642,2025-11-15 10:00:00,917.7482743619759,942.9628,530.4112
forecast_7643,2025-11-15 11:00:00,615.8450805047231,790.9777,395.75476
forecast_7644,2025-11-15 12:00:00,726.2509779058198,764.49036,364.29135
forecast_7645,2025-11-15 13:00:00,520.7832563027943,791.70416,363.53687
forecast_7646,2025-11-15 14:00:00,492.49196642391644,804.99316,359.58423
forecast_7647,2025-11-15 15:00:00,714.8406051745656,876.70685,420.584
forecast_7648,2025-11-15 16:00:00,1264.390210221883,1023.1102,568.97107
forecast_7649,2025-11-15 17:00:00,2987.58816336903,1340.582,835.9591
forecast_7650,2025-11-15 18:00:00,4056.18298351144,2324.4338,1510.9122
forecast_7651,2025-11-15 19:00:00,5334.735568181135,4512.319,2991.655
forecast_7652,2025-11-15 20:00:00,6591.075817963602,6909.8003,4872.726
forecast_7653,2025-11-15 21:00:00,8314.736192342452,8538.427,6096.5767
forecast_7654,2025-11-15 22:00:00,8625.44788554797,9366.012,6178.5425
forecast_7655,2025-11-15 23:00:00,8079.209591934416,9733.383,5671.6934
forecast_7656,2025-11-16 00:00:00,7536.030676437061,9119.768,4965.057
forecast_7657,2025-11-16 01:00:00,10066.396987126993,8470.988,4059.5063
forecast_7658,2025-11-16 02:00:00,8139.8551652883025,7711.419,4154.9907
forecast_7659,2025-11-16 03:00:00,9525.72670164599,7052.061,4155.0503
forecast_7660,2025-11-16 04:00:00,9915.521380997821,6854.5225,3869.8257
forecast_7661,2025-11-16 05:00:00,11132.164930663537,7358.624,4017.3298
forecast_7662,2025-11-16 06:00:00,11645.310968373751,9169.951,4273.706
forecast_7663,2025-11-16 07:00:00,12636.624040469474,11089.933,4775.3643
forecast_7664,2025-11-16 08:00:00,10443.941049928811,13214.858,5514.7754
forecast_7665,2025-11-16 09:00:00,10553.699137002277,13609.868,5205.1855
forecast_7666,2025-11-16 10:00:00,9923.243779168019,14176.3,5136.1655
forecast_7667,2025-11-16 11:00:00,9737.225851199217,14175.667,5877.816
forecast_7668,2025-11-16 12:00:00,12977.905770688549,13730.206,7055.757
forecast_7669,2025-11-16 13:00:00,11919.965370081229,13337.61,8248.394
forecast_7670,2025-11-16 14:00:00,11717.537798776115,13387.826,9307.495
forecast_7671,2025-11-16 15:00:00,13742.248027913018,13386.449,9711.409
forecast_7672,2025-11-16 16:00:00,16247.1072645155,14663.893,11597.859
forecast_7673,2025-11-16 17:00:00,17563.96740634172,16068.068,14078.45
forecast_7674,2025-11-16 18:00:00,18626.803982219237,17438.92,16259.312
forecast_7675,2025-11-16 19:00:00,19105.367098931347,18439.652,17836.148
forecast_7676,2025-11-16 20:00:00,19717.568361323913,19057.92,18751.543
forecast_7677,2025-11-16 21:00:00,20456.88328147517,19447.543,19205.672
forecast_7678,2025-11-16 22:00:00,20499.96844443144,19643.691,19359.117
forecast_7679,2025-11-16 23:00:00,19662.16371368665,19713.625,19402.77
forecast_7680,2025-11-17 00:00:00,19733.22932260421,19628.412,19357.281
forecast_7681,2025-11-17 01:00:00,19989.610104176674,19393.713,19058.814
forecast_7682,2025-11-17 02:00:00,19984.865897778574,19312.684,18735.547
forecast_7683,2025-11-17 03:00:00,19675.47879114819,19257.428,18480.232
forecast_7684,2025-11-17 04:00:00,19682.416253463645,19143.709,18221.1
forecast_7685,2025-11-17 05:00:00,19596.70114865885,19111.213,18052.387
forecast_7686,2025-11-17 06:00:00,19775.792261710012,18905.553,17800.285
forecast_7687,2025-11-17 07:00:00,19397.79725906388,18844.004,17767.307
forecast_7688,2025-11-17 08:00:00,18619.549698978903,18786.645,17723.713
forecast_7689,2025-11-17 09:00:00,17484.91944851661,18515.828,17348.902
forecast_7690,2025-11-17 10:00:00,14789.42343432194,17457.121,15882.967
forecast_7691,2025-11-17 11:00:00,13971.862941619398,15103.429,13076.468
forecast_7692,2025-11-17 12:00:00,14139.657355811523,13550.503,11650.296
forecast_7693,2025-11-17 13:00:00,13765.541838237861,12786.522,11177.748
forecast_7694,2025-11-17 14:00:00,13614.468505930256,12187.519,10603.334
forecast_7695,2025-11-17 15:00:00,13534.196770697512,12277.818,10427.03
forecast_7696,2025-11-17 16:00:00,13211.247407376019,12602.074,10461.251
forecast_7697,2025-11-17 17:00:00,13613.440372792516,13037.871,10713.897
forecast_7698,2025-11-17 18:00:00,12636.052269980197,14233.331,11756.796
forecast_7699,2025-11-17 19:00:00,12890.929247244616,14713.682,12010.333
forecast_7700,2025-11-17 20:00:00,13465.69225119302,15256.048,12119.846
forecast_7701,2025-11-17 21:00:00,13676.606834299693,16359.039,12839.227
forecast_7702,2025-11-17 22:00:00,15459.156249485513,16971.428,13093.781
forecast_7703,2025-11-17 23:00:00,13858.394055628143,17369.764,13081.115
forecast_7704,2025-11-18 00:00:00,15835.781912802255,17620.668,12741.124
forecast_7705,2025-11-18 01:00:00,14028.088827315567,17890.28,12348.712
forecast_7706,2025-11-18 02:00:00,13731.249792497863,18199.48,12175.831
forecast_7707,2025-11-18 03:00:00,13797.417900623386,18334.713,11928.052
forecast_7708,2025-11-18 04:00:00,14520.40140777396,18388.504,11660.942
forecast_7709,2025-11-18 05:00:00,14234.937166624677,18484.988,11991.401
forecast_7710,2025-11-18 06:00:00,14836.212853398698,18555.162,12410.102
forecast_7711,2025-11-18 07:00:00,16610.695522726797,18443.408,12870.677
forecast_7712,2025-11-18 08:00:00,15287.088060328251,18495.988,13727.791
forecast_7713,2025-11-18 09:00:00,14079.081740335398,18364.451,14109.137
forecast_7714,2025-11-18 10:00:00,13256.485993300492,17758.898,13353.247
forecast_7715,2025-11-18 11:00:00,14040.038082672454,16831.795,11724.748
forecast_7716,2025-11-18 12:00:00,13803.359797849293,16237.784,10826.415
forecast_7717,2025-11-18 13:00:00,12895.23936647295,15677.382,10301.825
forecast_7718,2025-11-18 14:00:00,11726.550278271896,14656.075,9200.207
forecast_7719,2025-11-18 15:00:00,11002.836699891082,13222.308,7375.3193
forecast_7720,2025-11-18 16:00:00,8405.777200221557,12127.503,6293.799
forecast_7721,2025-11-18 17:00:00,7952.1857787930485,9849.975,4754.147
forecast_7722,2025-11-18 18:00:00,6274.263619971657,9320.689,4046.9116
forecast_7723,2025-11-18 19:00:00,6141.723482085041,10073.09,3900.9768
forecast_7724,2025-11-18 20:00:00,6338.971239611656,9751.719,3545.067
forecast_7725,2025-11-18 21:00:00,7563.260671719949,9834.511,3186.2056
forecast_7726,2025-11-18 22:00:00,7747.1336919289115,11144.095,3235.0618
forecast_7727,2025-11-18 23:00:00,7334.9998438606,12254.005,3755.1033
forecast_7728,2025-11-19 00:00:00,8426.168090647643,13209.92,4421.144
forecast_7729,2025-11-19 01:00:00,8370.365984635228,13485.28,4554.6934
forecast_7730,2025-11-19 02:00:00,7995.264183460615,15276.03,5938.9443
forecast_7731,2025-11-19 03:00:00,8160.2582221310595,15496.727,6549.5435
forecast_7732,2025-11-19 04:00:00,8032.99934627517,14390.573,5564.8496
forecast_7733,2025-11-19 05:00:00,6053.370293754492,14102.591,4905.8667
forecast_7734,2025-11-19 06:00:00,5541.944889874018,13073.817,4449.9688
forecast_7735,2025-11-19 07:00:00,3385.5992712114767,10498.38,3748.2368
forecast_7736,2025-11-19 08:00:00,2590.334486589854,7700.8438,3133.7236
forecast_7737,2025-11-19 09:00:00,1956.859148664305,3301.6982,1867.9019
forecast_7738,2025-11-19 10:00:00,839.9271438149406,1569.9949,1043.3701
forecast_7739,2025-11-19 11:00:00,515.9813699788813,999.97906,578.1118
forecast_7740,2025-11-19 12:00:00,385.6710450722561,846.8341,357.60434
forecast_7741,2025-11-19 13:00:00,558.3582328663817,846.06323,288.75775
forecast_7742,2025-11-19 14:00:00,954.3358318115718,916.81635,298.7906
forecast_7743,2025-11-19 15:00:00,1381.7716738061413,1108.4208,406.8033
forecast_7744,2025-11-19 16:00:00,2328.5701697791674,1468.2468,700.0538
forecast_7745,2025-11-19 17:00:00,5890.370543664584,2170.757,1380.3083
forecast_7746,2025-11-19 18:00:00,8581.741014915699,4472.1455,3158.09
forecast_7747,2025-11-19 19:00:00,9827.755469369082,8928.505,6633.509
forecast_7748,2025-11-19 20:00:00,12166.915548022745,13176.997,10534.445
forecast_7749,2025-11-19 21:00:00,15511.21339023968,15928.251,13251.807
forecast_7750,2025-11-19 22:00:00,18305.652828356568,17528.047,14861.351
forecast_7751,2025-11-19 23:00:00,19945.902299703135,18604.002,16225.743
forecast_7752,2025-11-20 00:00:00,21101.7084594543,19157.277,17122.275
forecast_7753,2025-11-20 01:00:00,20595.707197503107,19414.02,17302.412
forecast_7754,2025-11-20 02:00:00,20498.322681112346,19653.076,17441.31
forecast_7755,2025-11-20 03:00:00,21436.07819886375,19710.572,17322.434
forecast_7756,2025-11-20 04:00:00,21357.806579385477,19674.826,16994.803
forecast_7757,2025-11-20 05:00:00,21001.170721885057,19508.082,16192.515
forecast_7758,2025-11-20 06:00:00,20642.152286062254,19309.348,15132.036
forecast_7759,2025-11-20 07:00:00,20360.150612521556,19180.045,14906.784
forecast_7760,2025-11-20 08:00:00,16935.310275510572,19040.72,15334.489
forecast_7761,2025-11-20 09:00:00,17844.06040169546,18866.39,15659.417
forecast_7762,2025-11-20 10:00:00,18101.926915761025,18770.508,15988.784
forecast_7763,2025-11-20 11:00:00,18107.570155865593,18588.342,15959.783
forecast_7764,2025-11-20 12:00:00,18049.097150394184,18465.418,15934.683
forecast_7765,2025-11-20 13:00:00,18513.490907037794,18326.428,15715.421
forecast_7766,2025-11-20 14:00:00,19859.411554616705,18403.79,15981.126
forecast_7767,2025-11-20 15:00:00,19609.573470626834,18565.291,16595.6
forecast_7768,2025-11-20 16:00:00,19860.599443645435,18675.07,17017.56
forecast_7769,2025-11-20 17:00:00,19904.319893614524,18809.023,17604.4
forecast_7770,2025-11-20 18:00:00,19917.71880482216,18879.227,18058.998
forecast_7771,2025-11-20 19:00:00,19660.707148017653,18999.078,18328.441
forecast_7772,2025-11-20 20:00:00,19291.469987416996,19109.799,18276.494
forecast_7773,2025-11-20 21:00:00,18977.07425883475,19167.75,18096.729
forecast_7774,2025-11-20 22:00:00,18716.008998894522,19105.096,17806.537
forecast_7775,2025-11-20 23:00:00,18614.889371017754,18998.0,17515.49
forecast_7776,2025-11-21 00:00:00,17747.835057392265,18986.867,17426.92
forecast_7777,2025-11-21 01:00:00,17298.273187446575,18718.453,16833.957
forecast_7778,2025-11-21 02:00:00,17687.599488748296,18112.25,15393.525
forecast_7779,2025-11-21 03:00:00,17330.354704992984,17728.664,14067.039
forecast_7780,2025-11-21 04:00:00,18482.30151757784,17475.932,13562.32
forecast_7781,2025-11-21 05:00:00,19181.524532617743,17407.016,13660.03
forecast_7782,2025-11-21 06:00:00,20135.038972133432,17374.285,13751.194
forecast_7783,2025-11-21 07:00:00,20038.10088214229,17542.693,13915.392
forecast_7784,2025-11-21 08:00:00,19459.448601892338,17754.932,14159.174
forecast_7785,2025-11-21 09:00:00,16363.180067912986,17839.475,14343.248
forecast_7786,2025-11-21 10:00:00,15754.878970492822,17619.84,14233.646
forecast_7787,2025-11-21 11:00:00,15330.320184046905,17263.402,13832.595
forecast_7788,2025-11-21 12:00:00,15830.55053077642,17106.182,13706.502
forecast_7789,2025-11-21 13:00:00,16562.260616137708,17272.037,14178.883
forecast_7790,2025-11-21 14:00:00,16440.04387403215,17360.402,14578.762
forecast_7791,2025-11-21 15:00:00,17007.652485640687,17311.244,14704.356
forecast_7792,2025-11-21 16:00:00,16992.28035415682,17413.867,14283.287
forecast_7793,2025-11-21 17:00:00,16794.396997942364,17884.342,15267.307
forecast_7794,2025-11-21 18:00:00,17222.969658601363,18255.48,16372.29
forecast_7795,2025-11-21 19:00:00,16671.457170417467,18411.225,16874.883
forecast_7796,2025-11-21 20:00:00,16921.542263746553,18497.748,16754.393
forecast_7797,2025-11-21 21:00:00,17417.75173441079,18551.035,16369.411
forecast_7798,2025-11-21 22:00:00,17479.821764377884,18677.045,16252.7295
forecast_7799,2025-11-21 23:00:00,16111.184993519075,18770.61,16227.856
forecast_7800,2025-11-22 00:00:00,15328.427028875964,18603.818,15872.131
forecast_7801,2025-11-22 01:00:00,15800.571556320407,18256.504,14822.082
forecast_7802,2025-11-22 02:00:00,17317.13523162513,18084.268,14460.132
forecast_7803,2025-11-22 03:00:00,17230.98888912145,17801.895,14216.827
forecast_7804,2025-11-22 04:00:00,17411.634713368894,17540.406,13561.414
forecast_7805,2025-11-22 05:00:00,18241.315805587757,17527.607,13229.058
forecast_7806,2025-11-22 06:00:00,19091.461603598746,17514.805,13144.272
forecast_7807,2025-11-22 07:00:00,19196.427021811232,17468.15,13059.835
forecast_7808,2025-11-22 08:00:00,18957.129779587813,17304.582,12744.376
forecast_7809,2025-11-22 09:00:00,16510.434872006674,17022.695,12076.756
forecast_7810,2025-11-22 10:00:00,12124.71212535339,16190.105,10606.773
forecast_7811,2025-11-22 11:00:00,11748.304983558459,15141.924,8994.196
forecast_7812,2025-11-22 12:00:00,11534.520203827713,14041.672,7848.3584
forecast_7813,2025-11-22 13:00:00,11892.054375982156,13368.598,7694.1157
forecast_7814,2025-11-22 14:00:00,12018.946690804634,13104.922,8188.946
forecast_7815,2025-11-22 15:00:00,13003.323195153233,13171.519,9059.153
forecast_7816,2025-11-22 16:00:00,13749.387609413585,13836.793,10087.082
forecast_7817,2025-11-22 17:00:00,17095.023164042934,15123.875,11452.844
forecast_7818,2025-11-22 18:00:00,18317.934437471617,16981.705,13508.975
forecast_7819,2025-11-22 19:00:00,18809.41483652725,18180.793,15169.355
forecast_7820,2025-11-22 20:00:00,19153.217597255847,18817.066,16095.781
forecast_7821,2025-11-22 21:00:00,19746.99494901321,19038.734,16277.862
forecast_7822,2025-11-22 22:00:00,18983.56167954894,19023.168,16047.221
forecast_7823,2025-11-22 23:00:00,19442.29655534041,18835.605,15762.119
forecast_7824,2025-11-23 00:00:00,20473.65271001086,19074.883,15967.945
forecast_7825,2025-11-23 01:00:00,20558.568466982237,19176.652,15887.094
forecast_7826,2025-11-23 02:00:00,20769.64809677461,19454.812,15987.666
forecast_7827,2025-11-23 03:00:00,21175.771157635787,19491.299,15967.977
forecast_7828,2025-11-23 04:00:00,21475.141159108323,19483.867,15824.264
forecast_7829,2025-11-23 05:00:00,21547.696999488267,19445.057,15653.339
forecast_7830,2025-11-23 06:00:00,21596.331125607503,19324.61,15299.299
forecast_7831,2025-11-23 07:00:00,21547.864899938093,19165.285,14843.671
forecast_7832,2025-11-23 08:00:00,20283.656367884476,18964.188,14422.096
forecast_7833,2025-11-23 09:00:00,16993.850221868957,18664.047,13971.246
forecast_7834,2025-11-23 10:00:00,18110.546752324746,18360.008,13951.878
forecast_7835,2025-11-23 11:00:00,17067.439933884463,17972.39,13713.466
forecast_7836,2025-11-23 12:00:00,16255.90583318241,17236.283,12870.653
forecast_7837,2025-11-23 13:00:00,13337.582846376115,16477.395,11898.294
forecast_7838,2025-11-23 14:00:00,11651.116968114846,14738.54,9724.607
forecast_7839,2025-11-23 15:00:00,11397.738219333154,13101.555,8148.1416
forecast_7840,2025-11-23 16:00:00,12202.112574713341,12720.401,7956.092
forecast_7841,2025-11-23 17:00:00,13209.531253715419,14442.169,9692.535
forecast_7842,2025-11-23 18:00:00,16631.788670614354,16478.717,11973.824
forecast_7843,2025-11-23 19:00:00,18403.226662997105,17827.414,14080.636
forecast_7844,2025-11-23 20:00:00,17580.27702075344,18527.875,15695.821
forecast_7845,2025-11-23 21:00:00,16550.16840871938,18763.367,16375.235
forecast_7846,2025-11-23 22:00:00,14596.564540748162,18541.568,15603.859
forecast_7847,2025-11-23 23:00:00,13383.910919585973,17633.748,12782.42
forecast_7848,2025-11-24 00:00:00,12948.282301641695,16783.717,10127.164
forecast_7849,2025-11-24 01:00:00,13839.844396984696,15570.164,8253.247
forecast_7850,2025-11-24 02:00:00,12540.743049166907,15272.796,8792.835
forecast_7851,2025-11-24 03:00:00,13414.232956952397,15076.017,9533.14
forecast_7852,2025-11-24 04:00:00,12611.160149205785,14778.716,9322.319
forecast_7853,2025-11-24 05:00:00,9564.387105807897,14335.364,8649.973
forecast_7854,2025-11-24 06:00:00,12238.977113332088,13219.907,7470.7275
forecast_7855,2025-11-24 07:00:00,13801.540971063521,13411.508,7097.1284
forecast_7856,2025-11-24 08:00:00,14465.830371551603,14144.716,7723.1226
forecast_7857,2025-11-24 09:00:00,10451.365100360721,14629.825,8647.873
forecast_7858,2025-11-24 10:00:00,8747.436957913691,14033.491,8915.208
forecast_7859,2025-11-24 11:00:00,13567.110496465524,11837.15,7402.5957
forecast_7860,2025-11-24 12:00:00,11008.236517756826,11754.059,7966.625
forecast_7861,2025-11-24 13:00:00,11294.444963632399,12603.468,9388.862
forecast_7862,2025-11-24 14:00:00,12494.919942970424,13360.478,10592.8125
forecast_7863,2025-11-24 15:00:00,12355.364740061015,13962.597,11423.87
forecast_7864,2025-11-24 16:00:00,11888.704795748961,14127.946,11444.271
forecast_7865,2025-11-24 17:00:00,12099.049824293257,14460.816,11075.232
forecast_7866,2025-11-24 18:00:00,11595.318725511417,14920.51,11485.047
forecast_7867,2025-11-24 19:00:00,11197.318969883214,15120.553,11615.2295
forecast_7868,2025-11-24 20:00:00,11246.049698551942,15210.995,11054.978
forecast_7869,2025-11-24 21:00:00,12306.362870855333,14914.217,10724.505
forecast_7870,2025-11-24 22:00:00,12229.389289010627,14740.065,9696.569
forecast_7871,2025-11-24 23:00:00,12264.522712022414,15476.435,9081.475
forecast_7872,2025-11-25 00:00:00,13962.801602207923,16460.191,10756.116
forecast_7873,2025-11-25 01:00:00,11980.0523515815,16617.336,11658.305
forecast_7874,2025-11-25 02:00:00,13913.243237374018,16579.367,11493.475
forecast_7875,2025-11-25 03:00:00,12639.79006843491,16583.912,11570.825
forecast_7876,2025-11-25 04:00:00,12307.0426127105,15851.029,11009.524
forecast_7877,2025-11-25 05:00:00,14114.522939710016,14321.697,9274.849
forecast_7878,2025-11-25 06:00:00,14111.507020785742,13830.389,8949.41
forecast_7879,2025-11-25 07:00:00,14102.291150875808,13757.266,9191.971
forecast_7880,2025-11-25 08:00:00,12301.444123018533,14121.852,9621.635
forecast_7881,2025-11-25 09:00:00,6812.388223168916,13469.375,8858.8955
forecast_7882,2025-11-25 10:00:00,8171.6425329940585,9910.002,5952.963
forecast_7883,2025-11-25 11:00:00,6411.072419687258,9028.005,4951.902
forecast_7884,2025-11-25 12:00:00,6300.891802155933,9631.378,6203.8804
forecast_7885,2025-11-25 13:00:00,8577.027610509254,10025.735,6365.7046
forecast_7886,2025-11-25 14:00:00,10358.510350685096,10594.164,7419.4404
forecast_7887,2025-11-25 15:00:00,9239.243504741547,10653.719,8227.044
forecast_7888,2025-11-25 16:00:00,10158.021260553704,10672.431,7800.1167
forecast_7889,2025-11-25 17:00:00,12132.302674583745,11191.824,7645.09
forecast_7890,2025-11-25 18:00:00,12019.695746362911,12828.28,10447.021
forecast_7891,2025-11-25 19:00:00,9325.172397601904,13393.83,12406.809
forecast_7892,2025-11-25 20:00:00,8990.383062408075,13279.061,12355.909
forecast_7893,2025-11-25 21:00:00,7200.565763759894,11952.466,9837.422
forecast_7894,2025-11-25 22:00:00,5803.28271704716,9101.932,4807.4653
forecast_7895,2025-11-25 23:00:00,5392.524695689323,7768.4927,2315.0544
forecast_7896,2025-11-26 00:00:00,4557.300038942487,7873.5356,1514.9313
forecast_7897,2025-11-26 01:00:00,4236.784849229177,6219.453,934.8526
forecast_7898,2025-11-26 02:00:00,2868.6133360464873,2556.4885,513.2854
forecast_7899,2025-11-26 03:00:00,2275.321153738905,1484.5425,386.99335
forecast_7900,2025-11-26 04:00:00,1215.083919482405,1064.7546,354.80115
forecast_7901,2025-11-26 05:00:00,1289.1778571223874,862.86633,319.4329
forecast_7902,2025-11-26 06:00:00,1565.7348035730975,1005.46643,344.47192
forecast_7903,2025-11-26 07:00:00,1914.485831969148,1829.8396,388.60815
forecast_7904,2025-11-26 08:00:00,2233.9986061490517,3535.501,569.0875
forecast_7905,2025-11-26 09:00:00,2789.3818365782236,4123.8022,794.55536
forecast_7906,2025-11-26 10:00:00,2965.60131724316,3515.9521,894.6458
forecast_7907,2025-11-26 11:00:00,1940.664698189826,3085.4915,978.7841
forecast_7908,2025-11-26 12:00:00,1940.6067708293651,3159.2014,1104.2058
forecast_7909,2025-11-26 13:00:00,3189.72763653394,2978.3105,1128.3441
forecast_7910,2025-11-26 14:00:00,4599.461019943213,3277.107,1352.7766
forecast_7911,2025-11-26 15:00:00,5280.303116082294,4035.0876,1871.33
forecast_7912,2025-11-26 16:00:00,5518.566736153001,5430.3755,3111.4705
forecast_7913,2025-11-26 17:00:00,9278.778296556637,7150.163,4896.349
forecast_7914,2025-11-26 18:00:00,10005.567420829439,9602.444,7127.056
forecast_7915,2025-11-26 19:00:00,11555.596894479844,12584.304,9483.194
forecast_7916,2025-11-26 20:00:00,13116.403057561789,14936.798,11357.682
forecast_7917,2025-11-26 21:00:00,12006.829757044134,15989.888,11459.632
forecast_7918,2025-11-26 22:00:00,13110.605059811718,16668.004,10913.569
forecast_7919,2025-11-26 23:00:00,11097.329507969103,16880.803,10359.059
forecast_7920,2025-11-27 00:00:00,15484.959316648994,16875.248,10312.013
forecast_7921,2025-11-27 01:00:00,15618.858430492757,17306.354,11175.748
forecast_7922,2025-11-27 02:00:00,15660.940526377974,17643.861,12248.621
forecast_7923,2025-11-27 03:00:00,15759.375089297819,18021.018,13230.671
forecast_7924,2025-11-27 04:00:00,14604.677030766727,18195.8,13705.384
forecast_7925,2025-11-27 05:00:00,14270.755166318999,18223.174,13120.971
forecast_7926,2025-11-27 06:00:00,16206.438886787751,18652.674,13205.201
forecast_7927,2025-11-27 07:00:00,10914.076890631426,18173.113,12062.593
forecast_7928,2025-11-27 08:00:00,13833.76950521622,16538.088,9928.95
forecast_7929,2025-11-27 09:00:00,15660.72871963984,16279.232,10905.295
forecast_7930,2025-11-27 10:00:00,13472.056229342019,16897.217,13807.525
forecast_7931,2025-11-27 11:00:00,14240.195127011837,16298.698,14555.748
forecast_7932,2025-11-27 12:00:00,14808.448804692727,16206.454,14925.315
forecast_7933,2025-11-27 13:00:00,15820.220470566794,16587.629,15682.012
forecast_7934,2025-11-27 14:00:00,18269.058020309032,17547.996,16713.266
forecast_7935,2025-11-27 15:00:00,17963.61107370341,18238.408,17328.203
forecast_7936,2025-11-27 16:00:00,19072.51758514884,18451.57,17747.434
forecast_7937,2025-11-27 17:00:00,18962.80277025178,18675.43,18006.969
forecast_7938,2025-11-27 18:00:00,19132.226333177605,18810.15,18245.068
forecast_7939,2025-11-27 19:00:00,18984.549859799416,18804.61,18207.781
forecast_7940,2025-11-27 20:00:00,19078.53612700668,18788.262,18030.27
forecast_7941,2025-11-27 21:00:00,18682.879536294782,18856.402,17661.043
forecast_7942,2025-11-27 22:00:00,17893.72479739588,18898.008,17402.59
forecast_7943,2025-11-27 23:00:00,18389.2710475059,18899.111,17230.867
forecast_7944,2025-11-28 00:00:00,18325.92948199949,18913.533,16945.928
forecast_7945,2025-11-28 01:00:00,17677.486771764576,18953.75,16656.018
forecast_7946,2025-11-28 02:00:00,17765.84252601806,18869.447,15805.32
forecast_7947,2025-11-28 03:00:00,18375.465532172846,18284.809,14147.711
forecast_7948,2025-11-28 04:00:00,18623.50633844724,18018.84,14047.701
forecast_7949,2025-11-28 05:00:00,16537.774903029527,17776.12,14413.115
forecast_7950,2025-11-28 06:00:00,17161.997513516075,16580.646,13760.388
forecast_7951,2025-11-28 07:00:00,17338.966829447134,14075.462,11695.381
forecast_7952,2025-11-28 08:00:00,15367.900235380584,12118.97,9731.28
forecast_7953,2025-11-28 09:00:00,12750.516402752897,10683.21,8102.43
forecast_7954,2025-11-28 10:00:00,10452.881603558328,9009.693,6163.3877
forecast_7955,2025-11-28 11:00:00,8904.509061885861,7630.2827,4429.471
forecast_7956,2025-11-28 12:00:00,9482.867621907526,7034.2173,3694.253
forecast_7957,2025-11-28 13:00:00,7579.916567804878,7016.9434,3857.2166
forecast_7958,2025-11-28 14:00:00,7540.845819490062,6728.7236,4475.4976
forecast_7959,2025-11-28 15:00:00,7146.398930698913,6419.899,4764.0415
forecast_7960,2025-11-28 16:00:00,6047.895199922402,6132.247,4538.266
forecast_7961,2025-11-28 17:00:00,7960.147843995401,6409.0938,4222.61
forecast_7962,2025-11-28 18:00:00,6447.044857565752,7536.177,4328.1274
forecast_7963,2025-11-28 19:00:00,5314.5172542998525,7738.6245,3960.7114
forecast_7964,2025-11-28 20:00:00,4236.21397005032,6129.577,2915.588
forecast_7965,2025-11-28 21:00:00,4032.7670123917032,4498.7515,2229.574
forecast_7966,2025-11-28 22:00:00,5251.301259758597,3467.8252,2025.8661
forecast_7967,2025-11-28 23:00:00,5611.935598453132,3027.928,2206.2144
forecast_7968,2025-11-29 00:00:00,6152.90844674387,3054.5823,2549.3613
forecast_7969,2025-11-29 01:00:00,5838.443879738603,3381.4927,2796.0923
forecast_7970,2025-11-29 02:00:00,6948.000588588186,3667.598,3211.2974
forecast_7971,2025-11-29 03:00:00,9399.147662857125,5433.125,3929.0583
forecast_7972,2025-11-29 04:00:00,11286.352913511166,8729.974,4816.547
forecast_7973,2025-11-29 05:00:00,12094.676457314872,12471.513,6103.407
forecast_7974,2025-11-29 06:00:00,12545.122721788382,14420.798,7227.557
forecast_7975,2025-11-29 07:00:00,12901.874358258914,15820.309,8592.768
forecast_7976,2025-11-29 08:00:00,11216.296898061008,16214.1875,9197.077
forecast_7977,2025-11-29 09:00:00,9697.835273040064,15444.878,8381.768
forecast_7978,2025-11-29 10:00:00,7610.190922534434,14729.741,7227.46
forecast_7979,2025-11-29 11:00:00,8077.497433712099,13763.779,6261.143
forecast_7980,2025-11-29 12:00:00,13263.92734087758,13670.82,6970.2056
forecast_7981,2025-11-29 13:00:00,15460.521111013004,14317.25,9258.041
forecast_7982,2025-11-29 14:00:00,15754.567841860995,15248.038,12028.894
forecast_7983,2025-11-29 15:00:00,16357.785442825938,16072.493,13857.719
forecast_7984,2025-11-29 16:00:00,17485.008448045937,16972.494,15202.025
forecast_7985,2025-11-29 17:00:00,19392.20129316252,17924.459,16511.37
forecast_7986,2025-11-29 18:00:00,20431.638607223824,18751.977,17618.277
forecast_7987,2025-11-29 19:00:00,20546.127578904874,19296.348,18451.781
forecast_7988,2025-11-29 20:00:00,20893.87882043539,19600.477,19019.781
forecast_7989,2025-11-29 21:00:00,20896.96698883577,19709.67,19296.797
forecast_7990,2025-11-29 22:00:00,20908.376043602388,19680.984,19363.717
forecast_7991,2025-11-29 23:00:00,20979.881519307277,19612.379,19283.205
forecast_7992,2025-11-30 00:00:00,20609.549522075267,19506.678,19071.81
forecast_7993,2025-11-30 01:00:00,20820.786211192226,19281.03,18560.623
forecast_7994,2025-11-30 02:00:00,19833.278705867546,19185.2,17796.383
forecast_7995,2025-11-30 03:00:00,19528.28370820682,19036.453,17258.127
forecast_7996,2025-11-30 04:00:00,19046.317351732294,18807.998,16900.893
forecast_7997,2025-11-30 05:00:00,17742.114369825904,18396.664,16321.348
forecast_7998,2025-11-30 06:00:00,15898.35209105946,17659.72,15290.519
forecast_7999,2025-11-30 07:00:00,15278.508854439819,16542.67,13692.883
forecast_8000,2025-11-30 08:00:00,14489.01500916013,15786.231,12613.017
forecast_8001,2025-11-30 09:00:00,12631.427921365621,15182.163,11952.532
forecast_8002,2025-11-30 10:00:00,13433.246433758937,14644.966,11501.041
forecast_8003,2025-11-30 11:00:00,13606.767111663477,13653.165,10255.075
forecast_8004,2025-11-30 12:00:00,12553.388682064155,12415.069,9387.907
forecast_8005,2025-11-30 13:00:00,12400.553835313067,11298.792,8516.997
forecast_8006,2025-11-30 14:00:00,12147.823142668543,9962.963,7467.554
forecast_8007,2025-11-30 15:00:00,10409.310396571242,9284.596,6576.4814
forecast_8008,2025-11-30 16:00:00,9918.567861190006,9897.242,6739.54
forecast_8009,2025-11-30 17:00:00,11495.231909061962,11581.95,8124.8765
forecast_8010,2025-11-30 18:00:00,15007.053848323858,13904.917,10546.209
forecast_8011,2025-11-30 19:00:00,19006.109128861637,16405.934,14260.525
forecast_8012,2025-11-30 20:00:00,19798.52401917865,17844.705,16961.744
forecast_8013,2025-11-30 21:00:00,20064.108900127107,18628.623,18266.23
forecast_8014,2025-11-30 22:00:00,20155.76875080256,19034.678,18796.736
forecast_8015,2025-11-30 23:00:00,20059.144494605513,19286.816,18882.184
forecast_8016,2025-12-01 00:00:00,20160.593875334023,19437.312,18857.037
forecast_8017,2025-12-01 01:00:00,20176.555743605815,19526.883,18720.89
forecast_8018,2025-12-01 02:00:00,19798.833629512355,19546.496,18559.715
forecast_8019,2025-12-01 03:00:00,19699.801435499317,19419.465,18292.725
forecast_8020,2025-12-01 04:00:00,19722.198907263337,19180.383,17674.902
forecast_8021,2025-12-01 05:00:00,20261.273558822188,19050.613,17209.172
forecast_8022,2025-12-01 06:00:00,20809.490045033355,19039.838,17146.783
forecast_8023,2025-12-01 07:00:00,20425.687710689035,19052.928,17251.965
forecast_8024,2025-12-01 08:00:00,19782.847565810487,18792.975,17010.332
forecast_8025,2025-12-01 09:00:00,16929.954930663258,18123.611,16091.183
forecast_8026,2025-12-01 10:00:00,13001.107266325915,15926.559,13681.376
forecast_8027,2025-12-01 11:00:00,8111.121028634449,10967.626,9941.932
forecast_8028,2025-12-01 12:00:00,5918.306371251358,5869.603,5669.277
forecast_8029,2025-12-01 13:00:00,6167.09088513944,3578.6997,3165.013
forecast_8030,2025-12-01 14:00:00,4416.013148770747,2909.4622,2309.4565
forecast_8031,2025-12-01 15:00:00,3681.068100506876,2306.21,1749.9939
forecast_8032,2025-12-01 16:00:00,4070.0909591725904,2091.7463,1382.2902
forecast_8033,2025-12-01 17:00:00,3992.1442954193008,2333.1365,1492.1176
forecast_8034,2025-12-01 18:00:00,4671.31957814754,2990.6672,2089.6562
forecast_8035,2025-12-01 19:00:00,6749.21871212577,4325.4277,3030.816
forecast_8036,2025-12-01 20:00:00,8060.461506552234,5833.3887,4721.317
forecast_8037,2025-12-01 21:00:00,9914.201420599531,7882.5005,6490.878
forecast_8038,2025-12-01 22:00:00,10805.800641197977,8852.463,7442.26
forecast_8039,2025-12-01 23:00:00,12339.828572438924,11003.555,8136.245
forecast_8040,2025-12-02 00:00:00,13857.44751086592,14109.1,9569.816
forecast_8041,2025-12-02 01:00:00,12641.956453756633,16319.29,10090.484
forecast_8042,2025-12-02 02:00:00,14656.255240446792,17450.582,10868.117
forecast_8043,2025-12-02 03:00:00,17366.98121877962,18378.75,11801.148
forecast_8044,2025-12-02 04:00:00,16214.043604802438,19082.416,12757.995
forecast_8045,2025-12-02 05:00:00,15353.540744176855,19183.662,12662.293
forecast_8046,2025-12-02 06:00:00,15899.216641587394,19066.148,12019.12
forecast_8047,2025-12-02 07:00:00,11860.718450584372,18850.492,11294.53
forecast_8048,2025-12-02 08:00:00,9818.603658290682,17846.14,8906.577
forecast_8049,2025-12-02 09:00:00,7526.153162616602,16425.938,6669.627
forecast_8050,2025-12-02 10:00:00,6937.005691360474,13555.644,4959.2935
forecast_8051,2025-12-02 11:00:00,5881.015516268616,9164.482,3971.9578
forecast_8052,2025-12-02 12:00:00,8019.625632851731,6757.662,3654.3132
forecast_8053,2025-12-02 13:00:00,8960.008772785099,7749.8296,5057.7646
forecast_8054,2025-12-02 14:00:00,10183.639600550869,9825.973,7154.8667
forecast_8055,2025-12-02 15:00:00,12259.054097366174,11630.892,8941.278
forecast_8056,2025-12-02 16:00:00,13816.098610268797,13431.652,10526.011
forecast_8057,2025-12-02 17:00:00,14960.775363335206,14757.653,12024.007
forecast_8058,2025-12-02 18:00:00,15175.749749629747,15979.027,13311.735
forecast_8059,2025-12-02 19:00:00,15126.296556791458,17105.822,14380.77
forecast_8060,2025-12-02 20:00:00,14783.559362433469,18116.715,15088.936
forecast_8061,2025-12-02 21:00:00,14719.09952339561,18833.717,15505.9375
forecast_8062,2025-12-02 22:00:00,14639.855647305749,19250.484,15508.794
forecast_8063,2025-12-02 23:00:00,14416.998903724696,19457.484,15093.34
forecast_8064,2025-12-03 00:00:00,14582.257221596148,19512.293,14535.955
forecast_8065,2025-12-03 01:00:00,15745.244059787241,19516.664,13771.856
forecast_8066,2025-12-03 02:00:00,16225.567775375068,19725.803,14275.464
forecast_8067,2025-12-03 03:00:00,15341.73392309499,19848.875,14874.127
forecast_8068,2025-12-03 04:00:00,15050.842709569839,19866.05,14886.372
forecast_8069,2025-12-03 05:00:00,13962.746784277795,19769.17,14467.8
forecast_8070,2025-12-03 06:00:00,13661.892602408372,19538.314,13907.646
forecast_8071,2025-12-03 07:00:00,14223.57986905639,19172.982,13455.017
forecast_8072,2025-12-03 08:00:00,14528.226883845686,18857.508,13256.213
forecast_8073,2025-12-03 09:00:00,14366.252882427838,18681.53,13383.552
forecast_8074,2025-12-03 10:00:00,16371.81330738171,18560.123,13439.98
forecast_8075,2025-12-03 11:00:00,16528.503356394278,18527.18,13463.819
forecast_8076,2025-12-03 12:00:00,16589.37182382881,18432.834,13498.1045
forecast_8077,2025-12-03 13:00:00,16301.327646298761,18320.418,13626.464
forecast_8078,2025-12-03 14:00:00,16622.68467205251,18224.184,13739.127
forecast_8079,2025-12-03 15:00:00,16100.837412287721,18176.191,14107.779
forecast_8080,2025-12-03 16:00:00,16114.309532286412,18157.264,14510.6455
forecast_8081,2025-12-03 17:00:00,15539.922530312655,18111.805,14952.141
forecast_8082,2025-12-03 18:00:00,15410.502994568227,18024.479,15088.84
forecast_8083,2025-12-03 19:00:00,14871.35073409768,17753.98,14373.74
forecast_8084,2025-12-03 20:00:00,14834.193394595517,17706.895,14217.175
forecast_8085,2025-12-03 21:00:00,14695.984156752405,17756.863,14355.668
forecast_8086,2025-12-03 22:00:00,15228.50324533435,17689.064,14249.904
forecast_8087,2025-12-03 23:00:00,15231.212839484499,17744.506,14108.033
forecast_8088,2025-12-04 00:00:00,13323.693406362894,17702.955,13659.275
forecast_8089,2025-12-04 01:00:00,13373.848243462005,17157.852,11783.359
forecast_8090,2025-12-04 02:00:00,16814.29152331254,17697.592,11633.812
forecast_8091,2025-12-04 03:00:00,17346.528140976014,18471.164,12435.47
forecast_8092,2025-12-04 04:00:00,18977.78289732185,19039.604,13340.786
forecast_8093,2025-12-04 05:00:00,19944.91104517329,19367.73,14047.63
forecast_8094,2025-12-04 06:00:00,20199.20668311363,19587.912,14838.811
forecast_8095,2025-12-04 07:00:00,19044.1603910116,19782.277,15946.851
forecast_8096,2025-12-04 08:00:00,17621.38806479401,19818.84,16552.371
forecast_8097,2025-12-04 09:00:00,16081.542591397294,19787.87,16665.822
forecast_8098,2025-12-04 10:00:00,14666.180264153967,19592.773,16191.828
forecast_8099,2025-12-04 11:00:00,12228.487241558996,19293.414,15342.173
forecast_8100,2025-12-04 12:00:00,11408.14419213838,18770.324,14060.33
forecast_8101,2025-12-04 13:00:00,11959.141545754675,17874.572,12512.484
forecast_8102,2025-12-04 14:00:00,11967.462315678735,16380.925,10864.088
forecast_8103,2025-12-04 15:00:00,11763.363960758139,14985.458,9590.106
forecast_8104,2025-12-04 16:00:00,12331.310551658087,13772.003,8242.509
forecast_8105,2025-12-04 17:00:00,14332.61504717743,15186.248,9274.579
forecast_8106,2025-12-04 18:00:00,16006.134793791232,17144.658,12367.484
forecast_8107,2025-12-04 19:00:00,16327.937372633409,17907.824,15426.63
forecast_8108,2025-12-04 20:00:00,16350.463528869452,18117.625,16876.08
forecast_8109,2025-12-04 21:00:00,16341.07087512198,18281.719,17593.266
forecast_8110,2025-12-04 22:00:00,15479.055545072348,18254.129,17577.334
forecast_8111,2025-12-04 23:00:00,15601.604494440231,18038.053,17033.031
forecast_8112,2025-12-05 00:00:00,15045.616963309152,18025.994,16571.525
forecast_8113,2025-12-05 01:00:00,14267.100862049398,17803.516,15838.949
forecast_8114,2025-12-05 02:00:00,14976.04024735544,17586.55,14797.588
forecast_8115,2025-12-05 03:00:00,14648.058785331978,17401.7,14125.681
forecast_8116,2025-12-05 04:00:00,14706.010247678936,16714.678,13062.055
forecast_8117,2025-12-05 05:00:00,13905.076040342017,16026.743,12214.859
forecast_8118,2025-12-05 06:00:00,13803.389799200822,15370.788,11470.521
forecast_8119,2025-12-05 07:00:00,15788.132898000009,15491.818,11267.145
forecast_8120,2025-12-05 08:00:00,17587.442469242826,16027.776,11537.921
forecast_8121,2025-12-05 09:00:00,16599.149999354573,16480.127,11853.373
forecast_8122,2025-12-05 10:00:00,13476.338682412174,16330.1045,11297.939
forecast_8123,2025-12-05 11:00:00,12868.123652660994,16074.587,9945.528
forecast_8124,2025-12-05 12:00:00,10622.24684508801,16335.686,9259.712
forecast_8125,2025-12-05 13:00:00,10214.38432848916,16532.633,9095.24
forecast_8126,2025-12-05 14:00:00,12286.068089712076,16256.511,9052.208
forecast_8127,2025-12-05 15:00:00,13578.036707967965,16579.666,9875.391
forecast_8128,2025-12-05 16:00:00,15358.40563537938,17546.342,11786.018
forecast_8129,2025-12-05 17:00:00,19136.014367712476,18257.379,13546.749
forecast_8130,2025-12-05 18:00:00,19369.482161970016,18962.482,14907.152
forecast_8131,2025-12-05 19:00:00,17110.136310048423,19272.795,15362.925
forecast_8132,2025-12-05 20:00:00,19550.822436186856,19276.486,15022.869
forecast_8133,2025-12-05 21:00:00,20138.38200784621,19220.61,14871.144
forecast_8134,2025-12-05 22:00:00,19592.983627576185,19187.46,15249.838
forecast_8135,2025-12-05 23:00:00,19569.850196749336,19001.566,15491.574
forecast_8136,2025-12-06 00:00:00,20525.93392828114,18893.479,15514.182
forecast_8137,2025-12-06 01:00:00,21577.76882453281,19054.145,15492.746
forecast_8138,2025-12-06 02:00:00,21600.0,19248.197,15673.672
forecast_8139,2025-12-06 03:00:00,21600.0,19462.43,15900.042
forecast_8140,2025-12-06 04:00:00,21600.0,19458.824,15729.722
forecast_8141,2025-12-06 05:00:00,21552.690691700685,19342.3,15074.789
forecast_8142,2025-12-06 06:00:00,21553.464074354273,19340.979,14668.192
forecast_8143,2025-12-06 07:00:00,21534.273073303575,19282.773,14476.688
forecast_8144,2025-12-06 08:00:00,19245.040380057762,19156.258,14285.707
forecast_8145,2025-12-06 09:00:00,17998.598965435864,18962.7,13906.355
forecast_8146,2025-12-06 10:00:00,16332.337571923073,18887.77,13982.288
forecast_8147,2025-12-06 11:00:00,15137.603307041874,18746.035,14054.169
forecast_8148,2025-12-06 12:00:00,16095.336812397534,18418.38,13956.254
forecast_8149,2025-12-06 13:00:00,15387.08073861629,17902.805,13823.899
forecast_8150,2025-12-06 14:00:00,15442.12051358353,17385.252,13783.941
forecast_8151,2025-12-06 15:00:00,17838.553401994723,17456.217,14227.055
forecast_8152,2025-12-06 16:00:00,17666.836964003603,17885.299,15351.42
forecast_8153,2025-12-06 17:00:00,17044.44404871128,18277.916,16038.789
forecast_8154,2025-12-06 18:00:00,18086.234308509276,18631.908,16830.709
forecast_8155,2025-12-06 19:00:00,18719.92095424434,18839.16,17430.54
forecast_8156,2025-12-06 20:00:00,19198.319546042567,18920.025,17784.002
forecast_8157,2025-12-06 21:00:00,19300.019154154492,18924.115,18067.918
forecast_8158,2025-12-06 22:00:00,19315.13366427832,18966.35,18326.953
forecast_8159,2025-12-06 23:00:00,19522.678828627522,18993.861,18381.71
forecast_8160,2025-12-07 00:00:00,19516.888990694184,18957.582,18242.207
forecast_8161,2025-12-07 01:00:00,19215.568811304216,18941.02,17933.498
forecast_8162,2025-12-07 02:00:00,18833.137319058525,18907.992,17586.135
forecast_8163,2025-12-07 03:00:00,18725.28888466625,18772.895,17108.693
forecast_8164,2025-12-07 04:00:00,18291.82742985987,18673.219,16793.727
forecast_8165,2025-12-07 05:00:00,18061.740231966767,18546.121,16472.098
forecast_8166,2025-12-07 06:00:00,18513.622826675506,18404.174,16260.579
forecast_8167,2025-12-07 07:00:00,18891.83413333344,18497.475,16401.717
forecast_8168,2025-12-07 08:00:00,18854.785991071647,18622.346,16736.92
forecast_8169,2025-12-07 09:00:00,18068.52990127774,18601.098,16872.342
forecast_8170,2025-12-07 10:00:00,17072.748511716833,18363.809,16637.68
forecast_8171,2025-12-07 11:00:00,16667.223401919386,18007.715,16131.386
forecast_8172,2025-12-07 12:00:00,16923.421667443396,17631.555,15731.719
forecast_8173,2025-12-07 13:00:00,16976.149379005437,17466.889,15751.096
forecast_8174,2025-12-07 14:00:00,17429.447985724364,17441.215,15982.047
forecast_8175,2025-12-07 15:00:00,17906.238860651007,17638.844,16469.018
forecast_8176,2025-12-07 16:00:00,18249.826665517205,17929.873,17032.72
forecast_8177,2025-12-07 17:00:00,18062.09418103694,18310.125,17519.97
forecast_8178,2025-12-07 18:00:00,18204.438164102656,18571.545,17974.596
forecast_8179,2025-12-07 19:00:00,18303.72301837912,18769.203,18321.906
forecast_8180,2025-12-07 20:00:00,18601.81244824223,18882.56,18475.797
forecast_8181,2025-12-07 21:00:00,18721.503048973093,18900.285,18436.412
forecast_8182,2025-12-07 22:00:00,18788.880180517885,18973.748,18323.67
forecast_8183,2025-12-07 23:00:00,18865.791126165648,19079.38,18201.805
forecast_8184,2025-12-08 00:00:00,18677.64965809375,19139.672,18010.078
forecast_8185,2025-12-08 01:00:00,18210.358669078298,19094.54,17624.375
forecast_8186,2025-12-08 02:00:00,17208.05852497001,19140.879,17060.953
forecast_8187,2025-12-08 03:00:00,16711.74527988866,19159.041,16572.395
forecast_8188,2025-12-08 04:00:00,16294.510056273315,18938.021,15627.003
forecast_8189,2025-12-08 05:00:00,14501.60933708482,17826.158,13492.16
forecast_8190,2025-12-08 06:00:00,13557.436649465506,15327.666,10869.568
forecast_8191,2025-12-08 07:00:00,12156.50130045113,13068.151,9760.13
forecast_8192,2025-12-08 08:00:00,11598.951630461765,11171.843,8811.189
forecast_8193,2025-12-08 09:00:00,9687.841896371185,9323.397,7748.077
forecast_8194,2025-12-08 10:00:00,9550.709348435157,7801.5776,6075.737
forecast_8195,2025-12-08 11:00:00,5450.850952728258,5623.303,4218.355
forecast_8196,2025-12-08 12:00:00,4821.23802011977,3632.8887,2291.6836
forecast_8197,2025-12-08 13:00:00,4455.295650603472,2888.2778,1459.7656
forecast_8198,2025-12-08 14:00:00,4164.622406595173,2639.1692,1249.8418
forecast_8199,2025-12-08 15:00:00,4779.380857926773,2719.3901,1389.7437
forecast_8200,2025-12-08 16:00:00,5834.291271588882,3321.0552,1941.8553
forecast_8201,2025-12-08 17:00:00,7125.084975894589,4250.646,3022.2786
forecast_8202,2025-12-08 18:00:00,7971.50320632714,7071.2686,5119.375
forecast_8203,2025-12-08 19:00:00,10965.093838077644,11173.877,7737.894
forecast_8204,2025-12-08 20:00:00,11844.674711839236,14434.938,9873.476
forecast_8205,2025-12-08 21:00:00,14119.28353391448,16320.348,10871.788
forecast_8206,2025-12-08 22:00:00,13729.894170794085,17444.076,11151.619
forecast_8207,2025-12-08 23:00:00,13113.709048518998,17781.46,10654.372
forecast_8208,2025-12-09 00:00:00,14197.6075472146,17741.62,9720.869
forecast_8209,2025-12-09 01:00:00,14774.152487404639,17694.984,8969.796
forecast_8210,2025-12-09 02:00:00,16639.36513032749,17822.93,8994.265
forecast_8211,2025-12-09 03:00:00,16956.24723416587,18294.926,9699.888
forecast_8212,2025-12-09 04:00:00,17211.208881375696,18657.217,10362.591
forecast_8213,2025-12-09 05:00:00,16541.12067466664,18760.129,10653.376
forecast_8214,2025-12-09 06:00:00,16547.826902164114,18810.361,10856.684
forecast_8215,2025-12-09 07:00:00,18461.832910638466,18859.719,11317.646
forecast_8216,2025-12-09 08:00:00,19618.246311326224,18973.123,12141.413
forecast_8217,2025-12-09 09:00:00,16614.004797064823,19076.865,13107.443
forecast_8218,2025-12-09 10:00:00,15543.38948524175,18856.703,13238.194
forecast_8219,2025-12-09 11:00:00,15083.815300730947,18541.016,12759.218
forecast_8220,2025-12-09 12:00:00,13086.031361803447,18317.506,12524.565
forecast_8221,2025-12-09 13:00:00,13326.575479823709,17474.383,11386.849
forecast_8222,2025-12-09 14:00:00,12288.858733911256,16773.041,10674.173
forecast_8223,2025-12-09 15:00:00,12051.532684914791,16430.926,10364.632
forecast_8224,2025-12-09 16:00:00,11688.647374222726,16265.371,9954.136
forecast_8225,2025-12-09 17:00:00,12527.910228077857,16288.665,9610.226
forecast_8226,2025-12-09 18:00:00,12761.924876369087,17027.193,10177.161
forecast_8227,2025-12-09 19:00:00,12791.057071070165,17690.047,11342.799
forecast_8228,2025-12-09 20:00:00,12603.96814089374,18069.08,11959.17
forecast_8229,2025-12-09 21:00:00,12193.525873514449,18043.93,11156.073
forecast_8230,2025-12-09 22:00:00,12077.68439427386,17571.252,9253.641
forecast_8231,2025-12-09 23:00:00,10967.633126902369,16802.645,7684.4893
forecast_8232,2025-12-10 00:00:00,10604.625454486028,16035.697,6981.4526
forecast_8233,2025-12-10 01:00:00,10381.07085039056,15558.808,6554.831
forecast_8234,2025-12-10 02:00:00,12288.193385919973,15536.693,6555.329
forecast_8235,2025-12-10 03:00:00,12083.116694370661,16299.703,7091.1475
forecast_8236,2025-12-10 04:00:00,12345.173903381188,17340.168,8533.71
forecast_8237,2025-12-10 05:00:00,11756.344598447975,17748.666,9736.567
forecast_8238,2025-12-10 06:00:00,12571.826429323844,17641.014,9968.24
forecast_8239,2025-12-10 07:00:00,13093.55205574566,17584.67,9764.843
forecast_8240,2025-12-10 08:00:00,13006.866766348423,17343.467,9797.777
forecast_8241,2025-12-10 09:00:00,12886.743064139417,17039.559,10022.679
forecast_8242,2025-12-10 10:00:00,11143.995443695449,16173.735,9579.54
forecast_8243,2025-12-10 11:00:00,10940.956000188706,15125.496,8801.298
forecast_8244,2025-12-10 12:00:00,10577.911174858476,13287.343,7504.3604
forecast_8245,2025-12-10 13:00:00,10981.336872100313,11212.864,6426.8506
forecast_8246,2025-12-10 14:00:00,10272.70654215254,9843.565,5700.73
forecast_8247,2025-12-10 15:00:00,6849.774954672361,8077.3247,5060.305
forecast_8248,2025-12-10 16:00:00,6223.165614225092,5719.828,3544.9128
forecast_8249,2025-12-10 17:00:00,5685.643291324113,4861.1064,2685.4065
forecast_8250,2025-12-10 18:00:00,5461.102951544434,5810.5347,2445.264
forecast_8251,2025-12-10 19:00:00,5063.83483601855,8214.995,2896.5388
forecast_8252,2025-12-10 20:00:00,6419.552829026257,9473.405,3389.7668
forecast_8253,2025-12-10 21:00:00,9668.532466046512,10795.093,3858.8362
forecast_8254,2025-12-10 22:00:00,13864.115226877557,12863.732,5374.505
forecast_8255,2025-12-10 23:00:00,15272.987125614316,15594.662,9000.076
forecast_8256,2025-12-11 00:00:00,14469.780812964555,17733.176,12644.234
forecast_8257,2025-12-11 01:00:00,17307.487775167225,18603.023,13298.756
forecast_8258,2025-12-11 02:00:00,18214.165002836584,19359.4,14573.142
forecast_8259,2025-12-11 03:00:00,19166.825835170643,19656.74,15968.441
forecast_8260,2025-12-11 04:00:00,19389.500535094125,19767.506,17054.209
forecast_8261,2025-12-11 05:00:00,19505.2504233577,19648.164,17586.77
forecast_8262,2025-12-11 06:00:00,18886.049940448716,19526.902,17683.168
forecast_8263,2025-12-11 07:00:00,18366.743224534894,19318.217,16853.562
forecast_8264,2025-12-11 08:00:00,18832.429833629925,19156.572,16685.766
forecast_8265,2025-12-11 09:00:00,17587.385857519876,18848.375,16084.213
forecast_8266,2025-12-11 10:00:00,18400.930719463006,18401.148,15678.289
forecast_8267,2025-12-11 11:00:00,17019.78724887643,18064.26,15395.0
forecast_8268,2025-12-11 12:00:00,15535.168029890716,17684.148,15279.143
forecast_8269,2025-12-11 13:00:00,12972.59778156297,17398.893,15211.489
forecast_8270,2025-12-11 14:00:00,11816.900370322443,16023.635,13373.067
forecast_8271,2025-12-11 15:00:00,12079.573296500092,14027.094,10832.932
forecast_8272,2025-12-11 16:00:00,11810.117196765272,13284.54,10072.834
forecast_8273,2025-12-11 17:00:00,13440.95933657217,13205.337,10618.595
forecast_8274,2025-12-11 18:00:00,12578.341725132126,13104.044,11228.29
forecast_8275,2025-12-11 19:00:00,10412.441159013093,13163.205,11640.713
forecast_8276,2025-12-11 20:00:00,9061.094141950094,11332.58,9814.569
forecast_8277,2025-12-11 21:00:00,4458.949904104154,6346.546,5335.5063
forecast_8278,2025-12-11 22:00:00,4087.2582301507523,2431.1,1564.4598
forecast_8279,2025-12-11 23:00:00,3867.1552784253627,1732.5254,540.43085
forecast_8280,2025-12-12 00:00:00,2861.5295844567436,2195.1997,306.70172
forecast_8281,2025-12-12 01:00:00,1160.77629343844,2783.2976,288.65875
forecast_8282,2025-12-12 02:00:00,1274.7446390194073,3120.4133,327.8107
forecast_8283,2025-12-12 03:00:00,1431.9627253122533,3694.9304,431.44724
forecast_8284,2025-12-12 04:00:00,1453.9108296471825,3673.7834,533.0069
forecast_8285,2025-12-12 05:00:00,1283.891322841526,3051.8965,614.0456
forecast_8286,2025-12-12 06:00:00,1363.9016998323818,2475.9475,688.6558
forecast_8287,2025-12-12 07:00:00,1500.427986827198,1962.2805,712.30475
forecast_8288,2025-12-12 08:00:00,1348.6067348859715,1458.9355,616.1036
forecast_8289,2025-12-12 09:00:00,1354.0230708027734,1229.5209,528.86707
forecast_8290,2025-12-12 10:00:00,860.313599387602,1017.7736,441.60358
forecast_8291,2025-12-12 11:00:00,827.238990891863,815.12256,332.73026
forecast_8292,2025-12-12 12:00:00,532.9741509686783,694.0199,269.09308
forecast_8293,2025-12-12 13:00:00,454.05080823014555,612.8662,205.84097
forecast_8294,2025-12-12 14:00:00,414.9184139287461,577.6494,178.00327
forecast_8295,2025-12-12 15:00:00,375.6545128667917,558.1833,163.2589
forecast_8296,2025-12-12 16:00:00,418.59867550122493,551.3522,165.4326
forecast_8297,2025-12-12 17:00:00,626.5849699180378,552.1643,188.69987
forecast_8298,2025-12-12 18:00:00,970.9860400600971,556.8575,221.89482
forecast_8299,2025-12-12 19:00:00,1005.4502552855334,567.368,244.86539
forecast_8300,2025-12-12 20:00:00,1303.7795080818946,592.05383,309.5828
forecast_8301,2025-12-12 21:00:00,1871.0144094287102,627.68396,400.36942
forecast_8302,2025-12-12 22:00:00,1654.5765372050237,678.4367,546.22314
forecast_8303,2025-12-12 23:00:00,1910.9699515139953,755.3206,743.83636
forecast_8304,2025-12-13 00:00:00,1993.850795740299,859.4463,970.10486
forecast_8305,2025-12-13 01:00:00,1939.5792279015538,1059.5723,1394.5568
forecast_8306,2025-12-13 02:00:00,2612.44849210168,1460.5093,2346.6665
forecast_8307,2025-12-13 03:00:00,2449.552578078908,1588.9346,2403.103
forecast_8308,2025-12-13 04:00:00,3472.2711278364786,1831.957,2871.8135
forecast_8309,2025-12-13 05:00:00,3375.5188152531864,3130.7864,3860.5642
forecast_8310,2025-12-13 06:00:00,2902.566206618835,3709.7188,3986.1526
forecast_8311,2025-12-13 07:00:00,3816.8335514807895,4046.957,3988.8706
forecast_8312,2025-12-13 08:00:00,5408.592417775331,3595.2234,3603.8867
forecast_8313,2025-12-13 09:00:00,3964.149092817927,3645.6582,3394.7236
forecast_8314,2025-12-13 10:00:00,1538.0372912757055,3081.7307,2669.7712
forecast_8315,2025-12-13 11:00:00,994.0818822875623,1716.7859,1855.201
forecast_8316,2025-12-13 12:00:00,845.3651561230954,964.61273,911.7275
forecast_8317,2025-12-13 13:00:00,821.406466622788,885.11304,615.76074
forecast_8318,2025-12-13 14:00:00,719.1075496590947,787.0491,482.24026
forecast_8319,2025-12-13 15:00:00,722.8792927051061,755.5465,358.0349
forecast_8320,2025-12-13 16:00:00,1375.6345991740345,787.04974,310.81464
forecast_8321,2025-12-13 17:00:00,1840.6260503345893,865.88904,339.54468
forecast_8322,2025-12-13 18:00:00,2534.285705767199,942.8236,426.35135
forecast_8323,2025-12-13 19:00:00,2399.4086373655405,1204.729,672.39703
forecast_8324,2025-12-13 20:00:00,2479.549203407831,1678.7231,1285.3214
forecast_8325,2025-12-13 21:00:00,2837.086433049908,2165.2,2080.8567
forecast_8326,2025-12-13 22:00:00,4755.415518554796,3183.802,3123.9153
forecast_8327,2025-12-13 23:00:00,8064.398349296947,5106.1772,5115.587
forecast_8328,2025-12-14 00:00:00,9498.074015762833,7022.486,7342.386
forecast_8329,2025-12-14 01:00:00,13936.509113148306,11217.488,9484.125
forecast_8330,2025-12-14 02:00:00,14051.274581770675,15046.833,12759.129
forecast_8331,2025-12-14 03:00:00,15758.238641945745,15914.471,13963.555
forecast_8332,2025-12-14 04:00:00,15355.548884583204,17145.006,14561.142
forecast_8333,2025-12-14 05:00:00,15881.878679239853,17237.248,14278.05
forecast_8334,2025-12-14 06:00:00,16283.487630783455,16694.094,13778.03
forecast_8335,2025-12-14 07:00:00,16912.744289683047,16012.182,13524.063
forecast_8336,2025-12-14 08:00:00,16454.827540064805,16224.217,14116.078
forecast_8337,2025-12-14 09:00:00,15334.801481295946,16521.2,14731.557
forecast_8338,2025-12-14 10:00:00,14651.52865813177,15782.2,14137.143
forecast_8339,2025-12-14 11:00:00,14059.577014803559,14471.816,12186.443
forecast_8340,2025-12-14 12:00:00,14139.526745980427,13709.662,11126.6045
forecast_8341,2025-12-14 13:00:00,13008.803146448136,13128.687,10562.55
forecast_8342,2025-12-14 14:00:00,10487.530932528993,12179.658,9468.421
forecast_8343,2025-12-14 15:00:00,10003.82067627124,11637.36,8164.766
forecast_8344,2025-12-14 16:00:00,11828.6038237664,12154.723,8066.4346
forecast_8345,2025-12-14 17:00:00,13696.329649980391,13586.176,9382.449
forecast_8346,2025-12-14 18:00:00,14320.434535604174,15437.843,11876.907
forecast_8347,2025-12-14 19:00:00,14434.357863090147,16716.672,14163.103
forecast_8348,2025-12-14 20:00:00,15239.836822971844,17410.924,15417.767
forecast_8349,2025-12-14 21:00:00,15724.811387492555,17888.426,15960.903
forecast_8350,2025-12-14 22:00:00,15421.03974060168,18256.871,15993.753
forecast_8351,2025-12-14 23:00:00,15340.055052427584,18404.225,15626.634
forecast_8352,2025-12-15 00:00:00,16466.43430791991,18435.518,15260.553
forecast_8353,2025-12-15 01:00:00,17642.239895681,18389.377,14559.814
forecast_8354,2025-12-15 02:00:00,18502.89794695985,18455.545,14417.595
forecast_8355,2025-12-15 03:00:00,18400.923050917227,18583.764,14382.313
forecast_8356,2025-12-15 04:00:00,18237.131315179853,18603.873,14126.249
forecast_8357,2025-12-15 05:00:00,18378.42725925066,18571.64,13808.75
forecast_8358,2025-12-15 06:00:00,18706.225554098663,18480.936,13394.091
forecast_8359,2025-12-15 07:00:00,18115.88665869017,18357.838,12801.603
forecast_8360,2025-12-15 08:00:00,17007.371000154868,18226.924,12160.0205
forecast_8361,2025-12-15 09:00:00,17173.33047592231,17995.62,11502.892
forecast_8362,2025-12-15 10:00:00,15924.494600992462,17556.432,10945.121
forecast_8363,2025-12-15 11:00:00,14037.299970817581,16830.727,10013.01
forecast_8364,2025-12-15 12:00:00,11220.072866112383,16349.844,9373.504
forecast_8365,2025-12-15 13:00:00,11451.656415570133,15410.7,8639.135
forecast_8366,2025-12-15 14:00:00,14428.569421239703,14730.075,8650.235
forecast_8367,2025-12-15 15:00:00,12907.159827589057,15934.154,10374.745
forecast_8368,2025-12-15 16:00:00,16150.668558172873,16338.19,11715.333
forecast_8369,2025-12-15 17:00:00,18766.59571808362,17393.285,13005.009
forecast_8370,2025-12-15 18:00:00,19607.88711255594,18743.053,14723.112
forecast_8371,2025-12-15 19:00:00,20054.546783709313,19499.072,16107.207
forecast_8372,2025-12-15 20:00:00,19217.84731369676,19770.115,16653.82
forecast_8373,2025-12-15 21:00:00,18924.341396126005,19900.514,16705.678
forecast_8374,2025-12-15 22:00:00,18957.361455619033,19898.67,16349.72
forecast_8375,2025-12-15 23:00:00,17300.730644900017,19736.945,15415.472
forecast_8376,2025-12-16 00:00:00,15562.840701788895,19397.035,14179.716
forecast_8377,2025-12-16 01:00:00,16905.691190925096,19149.018,12776.886
forecast_8378,2025-12-16 02:00:00,16066.30635193965,19550.133,13831.946
forecast_8379,2025-12-16 03:00:00,14432.313013856305,19579.02,14513.636
forecast_8380,2025-12-16 04:00:00,12117.085137142274,18965.521,13391.88
forecast_8381,2025-12-16 05:00:00,11481.193264033904,17607.756,10460.603
forecast_8382,2025-12-16 06:00:00,11270.21164563641,16405.467,8876.272
forecast_8383,2025-12-16 07:00:00,11049.413775153358,15062.751,7678.27
forecast_8384,2025-12-16 08:00:00,10051.976732651941,14344.6045,7356.6
forecast_8385,2025-12-16 09:00:00,9997.24163282206,13793.276,7348.564
forecast_8386,2025-12-16 10:00:00,10129.59466440538,13348.799,7351.41
forecast_8387,2025-12-16 11:00:00,11707.125090942021,12661.313,6672.607
forecast_8388,2025-12-16 12:00:00,12124.801044387215,12545.056,6857.7227
forecast_8389,2025-12-16 13:00:00,12303.429955145428,11830.306,6640.151
forecast_8390,2025-12-16 14:00:00,12897.916619901374,11535.239,6628.198
forecast_8391,2025-12-16 15:00:00,9884.577173058533,11363.25,6954.0415
forecast_8392,2025-12-16 16:00:00,10363.901820685413,11274.863,6972.199
forecast_8393,2025-12-16 17:00:00,9892.631696115148,11338.641,6929.893
forecast_8394,2025-12-16 18:00:00,9017.270527731256,10701.01,5580.897
forecast_8395,2025-12-16 19:00:00,7850.0501206428535,10121.834,4311.2627
forecast_8396,2025-12-16 20:00:00,7946.379827803018,9727.153,3071.6436
forecast_8397,2025-12-16 21:00:00,7303.189685743953,9531.439,2248.4631
forecast_8398,2025-12-16 22:00:00,7206.472653171629,9740.369,1889.1428
forecast_8399,2025-12-16 23:00:00,6497.054616887531,9117.978,1698.5833
forecast_8400,2025-12-17 00:00:00,6294.238968840656,8150.756,1432.0322
forecast_8401,2025-12-17 01:00:00,6318.207250470208,8690.55,1501.2198
forecast_8402,2025-12-17 02:00:00,7952.998820864576,10209.038,2707.2156
forecast_8403,2025-12-17 03:00:00,8716.415412054434,10963.23,4194.2227
forecast_8404,2025-12-17 04:00:00,7599.288467971518,9926.686,4206.383
forecast_8405,2025-12-17 05:00:00,6418.239780689056,8406.78,3120.3164
forecast_8406,2025-12-17 06:00:00,7409.716936330822,7432.4707,2389.7231
forecast_8407,2025-12-17 07:00:00,7194.1801849047715,7238.015,2057.2815
forecast_8408,2025-12-17 08:00:00,6626.255295046854,7999.8174,2393.5845
forecast_8409,2025-12-17 09:00:00,5047.742167125244,7472.834,2507.5774
forecast_8410,2025-12-17 10:00:00,4787.696907443915,6405.636,2406.689
forecast_8411,2025-12-17 11:00:00,4225.767523930107,5122.734,2182.6868
forecast_8412,2025-12-17 12:00:00,4191.962713111829,4035.1958,1917.6969
forecast_8413,2025-12-17 13:00:00,3871.3021874326055,3067.2766,1739.3942
forecast_8414,2025-12-17 14:00:00,3190.3778895214177,2328.0815,1475.1929
forecast_8415,2025-12-17 15:00:00,3033.623660163883,1752.3242,1142.217
forecast_8416,2025-12-17 16:00:00,2910.6019995151078,1522.4607,958.8369
forecast_8417,2025-12-17 17:00:00,4181.705969690448,1308.5378,968.9123
forecast_8418,2025-12-17 18:00:00,4576.493409901376,1672.2014,1331.0585
forecast_8419,2025-12-17 19:00:00,4110.179677976753,3073.8252,2173.6968
forecast_8420,2025-12-17 20:00:00,4654.207433837865,4892.5996,2935.532
forecast_8421,2025-12-17 21:00:00,6304.881758862966,6323.1235,3845.597
forecast_8422,2025-12-17 22:00:00,7434.492209466506,7668.575,4430.0444
forecast_8423,2025-12-17 23:00:00,8611.888680061667,10140.855,5677.605
forecast_8424,2025-12-18 00:00:00,8809.930634067281,12176.693,6576.8657
forecast_8425,2025-12-18 01:00:00,12115.0849345174,13963.815,7067.0825
forecast_8426,2025-12-18 02:00:00,14037.349982889653,15761.59,8167.5566
forecast_8427,2025-12-18 03:00:00,15481.652076037753,16714.652,8913.611
forecast_8428,2025-12-18 04:00:00,15258.895113631652,16970.791,9073.05
forecast_8429,2025-12-18 05:00:00,15351.301238295593,16609.922,8613.01
forecast_8430,2025-12-18 06:00:00,13523.840150411144,15947.625,7992.2876
forecast_8431,2025-12-18 07:00:00,12403.80990598419,14713.901,7173.083
forecast_8432,2025-12-18 08:00:00,12508.696092129721,12765.138,5917.294
forecast_8433,2025-12-18 09:00:00,9796.210440524414,10589.877,4698.3555
forecast_8434,2025-12-18 10:00:00,7485.72882730657,7107.2627,3231.6377
forecast_8435,2025-12-18 11:00:00,6309.382389075597,4160.7227,2013.1483
forecast_8436,2025-12-18 12:00:00,5409.795814038212,3049.3286,1583.9271
forecast_8437,2025-12-18 13:00:00,4539.073712278905,2535.7107,1537.8955
forecast_8438,2025-12-18 14:00:00,3633.80923215956,2170.0034,1557.4047
forecast_8439,2025-12-18 15:00:00,3611.8728188787795,2066.1772,1714.7349
forecast_8440,2025-12-18 16:00:00,4325.071819628294,2203.134,1890.1858
forecast_8441,2025-12-18 17:00:00,5266.041863909337,2865.385,2427.5996
forecast_8442,2025-12-18 18:00:00,6379.934003829476,4466.4805,3817.634
forecast_8443,2025-12-18 19:00:00,5792.7745772166,6029.57,4865.448
forecast_8444,2025-12-18 20:00:00,6683.152751102768,7047.242,5569.912
forecast_8445,2025-12-18 21:00:00,9259.653126154342,6819.003,6031.425
forecast_8446,2025-12-18 22:00:00,9417.529654477064,7981.784,6454.166
forecast_8447,2025-12-18 23:00:00,10428.621970365813,9551.308,7312.2495
forecast_8448,2025-12-19 00:00:00,11856.968641936626,10947.52,8340.47
forecast_8449,2025-12-19 01:00:00,16458.38956216812,12822.522,9340.314
forecast_8450,2025-12-19 02:00:00,16288.20577038412,15828.491,12189.861
forecast_8451,2025-12-19 03:00:00,16184.268676000664,17318.018,13463.852
forecast_8452,2025-12-19 04:00:00,15014.940250948512,17796.146,13093.6875
forecast_8453,2025-12-19 05:00:00,14199.8587123328,17628.506,10920.883
forecast_8454,2025-12-19 06:00:00,15426.376940964241,17667.48,9461.49
forecast_8455,2025-12-19 07:00:00,17215.540312191122,17996.383,9897.72
forecast_8456,2025-12-19 08:00:00,16814.886920493384,18681.158,12269.838
forecast_8457,2025-12-19 09:00:00,17380.396985180934,19066.797,14106.115
forecast_8458,2025-12-19 10:00:00,20269.580245274978,19115.244,14508.996
forecast_8459,2025-12-19 11:00:00,20476.043675322704,19158.408,14758.757
forecast_8460,2025-12-19 12:00:00,18116.65288647778,19357.262,15610.137
forecast_8461,2025-12-19 13:00:00,17184.49332743705,19298.46,16098.863
forecast_8462,2025-12-19 14:00:00,17562.425341504015,18977.566,16002.764
forecast_8463,2025-12-19 15:00:00,17448.936822808337,18748.973,16029.721
forecast_8464,2025-12-19 16:00:00,17934.25509810473,18662.229,16195.991
forecast_8465,2025-12-19 17:00:00,16930.65202317845,18675.178,16291.44
forecast_8466,2025-12-19 18:00:00,18646.449991008103,19100.135,16938.807
forecast_8467,2025-12-19 19:00:00,19037.08921777218,19368.715,17637.348
forecast_8468,2025-12-19 20:00:00,17917.586173897012,19565.84,18137.703
forecast_8469,2025-12-19 21:00:00,18280.100893115326,19591.977,17981.96
forecast_8470,2025-12-19 22:00:00,16677.496815689665,19540.057,17479.107
forecast_8471,2025-12-19 23:00:00,16153.69570402877,19494.094,17114.46
forecast_8472,2025-12-20 00:00:00,16103.9571600168,19139.582,16011.5205
forecast_8473,2025-12-20 01:00:00,16680.028975727575,18501.666,14079.592
forecast_8474,2025-12-20 02:00:00,15223.904787903575,18232.346,12772.619
forecast_8475,2025-12-20 03:00:00,15291.532459653667,17763.8,11646.149
forecast_8476,2025-12-20 04:00:00,14923.98690030885,17377.152,10976.147
forecast_8477,2025-12-20 05:00:00,13432.107305540434,16953.408,10576.808
forecast_8478,2025-12-20 06:00:00,12898.156689261934,16256.216,10121.548
forecast_8479,2025-12-20 07:00:00,13316.430283306061,15680.271,9956.404
forecast_8480,2025-12-20 08:00:00,13689.399133606108,15577.092,10348.333
forecast_8481,2025-12-20 09:00:00,13635.968816351635,15720.99,11208.592
forecast_8482,2025-12-20 10:00:00,13783.874299105339,15569.826,11525.808
forecast_8483,2025-12-20 11:00:00,12038.92829561809,15173.512,11510.08
forecast_8484,2025-12-20 12:00:00,13646.753299057165,15064.925,11901.474
forecast_8485,2025-12-20 13:00:00,14165.079455103618,14875.592,12461.496
forecast_8486,2025-12-20 14:00:00,12943.177851994742,14298.864,12557.909
forecast_8487,2025-12-20 15:00:00,10456.46388370304,13191.691,11620.398
forecast_8488,2025-12-20 16:00:00,10176.137957832178,12435.047,10436.933
forecast_8489,2025-12-20 17:00:00,10644.604555061189,11734.241,8386.359
forecast_8490,2025-12-20 18:00:00,10072.079451718664,12436.391,7961.981
forecast_8491,2025-12-20 19:00:00,10232.36765351906,12734.293,8779.911
forecast_8492,2025-12-20 20:00:00,9387.452304756802,13279.595,9792.682
forecast_8493,2025-12-20 21:00:00,9487.209524757445,13680.973,10069.428
forecast_8494,2025-12-20 22:00:00,10415.160000376125,13342.348,9167.358
forecast_8495,2025-12-20 23:00:00,11445.297264276107,13853.568,9928.787
forecast_8496,2025-12-21 00:00:00,15684.295983754795,14443.339,11050.018
forecast_8497,2025-12-21 01:00:00,19863.988896310213,15821.077,12360.387
forecast_8498,2025-12-21 02:00:00,19170.266009186053,18112.887,15136.822
forecast_8499,2025-12-21 03:00:00,19314.26504564008,18780.04,16178.82
forecast_8500,2025-12-21 04:00:00,18259.312700530973,19092.553,16343.465
forecast_8501,2025-12-21 05:00:00,18745.01276075851,19356.787,16199.029
forecast_8502,2025-12-21 06:00:00,18310.658120338085,19431.629,15813.217
forecast_8503,2025-12-21 07:00:00,18054.95361659745,19303.61,14710.037
forecast_8504,2025-12-21 08:00:00,17388.016912004598,18851.336,13247.626
forecast_8505,2025-12-21 09:00:00,16183.634122880092,18419.785,12551.9
forecast_8506,2025-12-21 10:00:00,14465.460559351868,16815.066,10790.082
forecast_8507,2025-12-21 11:00:00,12951.316013373435,13966.873,8763.708
forecast_8508,2025-12-21 12:00:00,10709.814828644583,10937.836,6969.747
forecast_8509,2025-12-21 13:00:00,8987.10822728623,8714.91,5564.625
forecast_8510,2025-12-21 14:00:00,6750.929767340952,5939.161,3628.705
forecast_8511,2025-12-21 15:00:00,5171.648951582156,3239.0652,1829.8795
forecast_8512,2025-12-21 16:00:00,3416.935255290864,1947.8481,953.7606
forecast_8513,2025-12-21 17:00:00,3290.2681366309807,1545.8159,633.52057
forecast_8514,2025-12-21 18:00:00,5214.8132383118445,1396.9077,580.5079
forecast_8515,2025-12-21 19:00:00,4575.475288890368,1367.7993,617.13416
forecast_8516,2025-12-21 20:00:00,3200.7803412420085,1426.2405,697.6605
forecast_8517,2025-12-21 21:00:00,1725.103858250035,1244.7738,620.0873
forecast_8518,2025-12-21 22:00:00,2321.7310334043977,1067.8906,518.5186
forecast_8519,2025-12-21 23:00:00,1540.3331768299593,995.8442,489.72473
forecast_8520,2025-12-22 00:00:00,1126.162188268199,958.8574,427.73114
forecast_8521,2025-12-22 01:00:00,1321.9364715597694,887.8916,309.79373
forecast_8522,2025-12-22 02:00:00,1369.610681903284,802.6416,255.91087
forecast_8523,2025-12-22 03:00:00,749.5104136558941,816.5454,277.7148
forecast_8524,2025-12-22 04:00:00,738.150765825011,871.5767,281.1157
forecast_8525,2025-12-22 05:00:00,1058.2979156053152,938.88684,257.64023
forecast_8526,2025-12-22 06:00:00,1015.0580711175653,1010.03937,244.29712
forecast_8527,2025-12-22 07:00:00,1131.1341267509792,1101.5496,273.42307
forecast_8528,2025-12-22 08:00:00,1091.848121937045,1085.9469,250.18942
forecast_8529,2025-12-22 09:00:00,891.0787200975792,1086.6951,242.83728
forecast_8530,2025-12-22 10:00:00,530.6688119673821,1046.8015,222.09288
forecast_8531,2025-12-22 11:00:00,527.8442069957258,967.18866,208.6965
forecast_8532,2025-12-22 12:00:00,377.88873951322176,849.2378,187.66325
forecast_8533,2025-12-22 13:00:00,350.79600510829766,759.1477,168.49564
forecast_8534,2025-12-22 14:00:00,324.5730048488305,693.9263,146.74405
forecast_8535,2025-12-22 15:00:00,337.09801413414255,661.04004,145.12946
forecast_8536,2025-12-22 16:00:00,405.04248607412546,659.42017,144.45476
forecast_8537,2025-12-22 17:00:00,781.8548344173139,689.79645,137.85239
forecast_8538,2025-12-22 18:00:00,643.5502019319393,773.6047,147.74185
forecast_8539,2025-12-22 19:00:00,727.3345545526569,967.35455,218.55501
forecast_8540,2025-12-22 20:00:00,1170.4979237140453,1228.5527,380.67712
forecast_8541,2025-12-22 21:00:00,1251.509145241069,1379.6273,713.42194
forecast_8542,2025-12-22 22:00:00,1889.2707865284597,1528.9702,1074.2164
forecast_8543,2025-12-22 23:00:00,1672.7582554990659,1897.3943,1766.6681
forecast_8544,2025-12-23 00:00:00,2624.1662071409937,2051.6953,2259.1155
forecast_8545,2025-12-23 01:00:00,3870.652014256327,2469.7595,2615.9358
forecast_8546,2025-12-23 02:00:00,4016.2467218748284,2309.665,2910.6458
forecast_8547,2025-12-23 03:00:00,4617.8262212908285,2641.8684,3195.16
forecast_8548,2025-12-23 04:00:00,3104.8848896799745,3477.3376,3790.714
forecast_8549,2025-12-23 05:00:00,3006.3695222638166,3426.8875,3807.9785
forecast_8550,2025-12-23 06:00:00,3609.3317311031597,3152.6682,3309.864
forecast_8551,2025-12-23 07:00:00,3151.6285403234715,2921.2842,2881.5706
forecast_8552,2025-12-23 08:00:00,2884.429179138454,3848.6826,3066.5234
forecast_8553,2025-12-23 09:00:00,3566.4617314135003,3439.4019,3221.5957
forecast_8554,2025-12-23 10:00:00,3842.0479729688914,3264.812,3175.4656
forecast_8555,2025-12-23 11:00:00,6086.1377286884335,3983.5417,3447.5176
forecast_8556,2025-12-23 12:00:00,4997.4359821927565,5738.4165,4663.6475
forecast_8557,2025-12-23 13:00:00,2904.2173047792694,5492.546,5152.7944
forecast_8558,2025-12-23 14:00:00,2928.0353993799017,3652.2864,4445.48
forecast_8559,2025-12-23 15:00:00,3688.5879420815877,2749.2961,3438.7615
forecast_8560,2025-12-23 16:00:00,3029.8159811087344,2254.446,2822.3242
forecast_8561,2025-12-23 17:00:00,3236.9095654802086,2140.7795,2158.2954
forecast_8562,2025-12-23 18:00:00,5167.127005608345,2711.8057,1956.665
forecast_8563,2025-12-23 19:00:00,6759.602324537194,3653.7156,2534.9722
forecast_8564,2025-12-23 20:00:00,8102.696012485704,6303.5493,3545.1677
forecast_8565,2025-12-23 21:00:00,7724.798497219115,7811.4966,4826.247
forecast_8566,2025-12-23 22:00:00,7296.077258677335,9683.269,5768.669
forecast_8567,2025-12-23 23:00:00,7074.589577801335,9668.254,5993.5557
forecast_8568,2025-12-24 00:00:00,6936.713252169023,9124.525,5351.9463
forecast_8569,2025-12-24 01:00:00,5993.943196953404,7863.6055,4401.521
forecast_8570,2025-12-24 02:00:00,5354.539856134908,4102.196,2487.019
forecast_8571,2025-12-24 03:00:00,4500.650143547002,2371.9915,1761.9982
forecast_8572,2025-12-24 04:00:00,3822.3997701194485,1136.8005,1105.9523
forecast_8573,2025-12-24 05:00:00,3749.3824053686203,796.3273,737.13617
forecast_8574,2025-12-24 06:00:00,2249.158930056027,712.10693,517.70154
forecast_8575,2025-12-24 07:00:00,1162.1303073691784,682.21545,433.7082
forecast_8576,2025-12-24 08:00:00,1127.1940722632887,659.9818,363.9974
forecast_8577,2025-12-24 09:00:00,462.4818364824539,585.1906,225.46785
forecast_8578,2025-12-24 10:00:00,333.1703560237743,546.82983,140.19078
forecast_8579,2025-12-24 11:00:00,319.68000000000006,538.0808,106.952805
forecast_8580,2025-12-24 12:00:00,359.2672758641001,535.81244,94.86574
forecast_8581,2025-12-24 13:00:00,340.10269720417534,534.6118,100.79206
forecast_8582,2025-12-24 14:00:00,391.4745330221591,535.19916,125.380066
forecast_8583,2025-12-24 15:00:00,365.7249008178198,537.656,168.4743
forecast_8584,2025-12-24 16:00:00,385.0288034835061,542.04114,266.4216
forecast_8585,2025-12-24 17:00:00,363.5162715141572,541.3036,434.07275
forecast_8586,2025-12-24 18:00:00,415.81071670918584,536.4739,471.49646
forecast_8587,2025-12-24 19:00:00,455.9842249570371,533.9759,386.76483
forecast_8588,2025-12-24 20:00:00,498.5439568359822,534.4594,296.9528
forecast_8589,2025-12-24 21:00:00,337.1141779430843,536.22925,234.03014
forecast_8590,2025-12-24 22:00:00,616.0943861277184,549.09454,180.03311
forecast_8591,2025-12-24 23:00:00,629.4894201425493,602.26575,228.02737
forecast_8592,2025-12-25 00:00:00,1199.8298698255355,637.6225,443.1886
forecast_8593,2025-12-25 01:00:00,2302.3559722971004,635.40533,1127.84
forecast_8594,2025-12-25 02:00:00,3009.9816993547192,609.86774,2202.7087
forecast_8595,2025-12-25 03:00:00,4098.250830989353,611.76575,3672.7634
forecast_8596,2025-12-25 04:00:00,6590.953999372153,624.45636,4925.8506
forecast_8597,2025-12-25 05:00:00,7492.197116106124,687.74927,6474.1777
forecast_8598,2025-12-25 06:00:00,8671.040264718493,793.1254,7763.9995
forecast_8599,2025-12-25 07:00:00,11229.034396857136,991.5278,8474.839
forecast_8600,2025-12-25 08:00:00,14532.786519994517,1472.4402,9783.463
forecast_8601,2025-12-25 09:00:00,13474.750116180436,2710.2012,12100.206
forecast_8602,2025-12-25 10:00:00,13711.674681823606,5019.6313,13408.836
forecast_8603,2025-12-25 11:00:00,14661.710427521624,7550.834,13912.884
forecast_8604,2025-12-25 12:00:00,15415.302789347,9961.39,14189.437
forecast_8605,2025-12-25 13:00:00,16255.363302513515,11738.333,13735.966
forecast_8606,2025-12-25 14:00:00,16679.294894548857,13328.219,13498.769
forecast_8607,2025-12-25 15:00:00,16699.238104447137,14401.627,12902.399
forecast_8608,2025-12-25 16:00:00,16989.963532659094,15531.572,12692.298
forecast_8609,2025-12-25 17:00:00,16961.944817028867,16703.777,12820.77
forecast_8610,2025-12-25 18:00:00,16890.137961764674,17414.158,13062.09
forecast_8611,2025-12-25 19:00:00,16196.866637034345,17919.418,13615.978
forecast_8612,2025-12-25 20:00:00,15978.292501982749,18265.008,14044.479
forecast_8613,2025-12-25 21:00:00,16467.780207165,18547.996,14420.28
forecast_8614,2025-12-25 22:00:00,16505.00683683339,18733.986,14935.875
forecast_8615,2025-12-25 23:00:00,17187.67188634483,18810.531,15174.43
forecast_8616,2025-12-26 00:00:00,17764.036866086135,18927.186,15460.004
forecast_8617,2025-12-26 01:00:00,16819.802371605838,18977.523,15252.571
forecast_8618,2025-12-26 02:00:00,16010.603312977992,18945.732,14447.835
forecast_8619,2025-12-26 03:00:00,16202.946001332759,18504.545,12173.937
forecast_8620,2025-12-26 04:00:00,16647.527432673327,18273.648,10581.924
forecast_8621,2025-12-26 05:00:00,16294.96463696511,18086.816,9496.116
forecast_8622,2025-12-26 06:00:00,18413.148723213915,17909.586,8538.247
forecast_8623,2025-12-26 07:00:00,17610.222408110294,18146.543,8309.768
forecast_8624,2025-12-26 08:00:00,16403.97391578172,18646.988,8729.935
forecast_8625,2025-12-26 09:00:00,16427.229525973,18888.926,8942.857
forecast_8626,2025-12-26 10:00:00,14038.155883101572,18837.361,8912.027
forecast_8627,2025-12-26 11:00:00,12310.584355913052,18470.0,8349.191
forecast_8628,2025-12-26 12:00:00,8730.709185866257,17955.254,7860.981
forecast_8629,2025-12-26 13:00:00,10418.63756160653,16558.883,6955.991
forecast_8630,2025-12-26 14:00:00,10726.135168466099,15031.493,6332.0024
forecast_8631,2025-12-26 15:00:00,10066.973146633034,14355.105,6253.552
forecast_8632,2025-12-26 16:00:00,9932.55782871695,14142.374,6482.4478
forecast_8633,2025-12-26 17:00:00,11528.090409046836,14755.721,7371.0864
forecast_8634,2025-12-26 18:00:00,12720.62894649227,16104.474,8927.15
forecast_8635,2025-12-26 19:00:00,14145.440040394582,17432.113,10450.547
forecast_8636,2025-12-26 20:00:00,15774.430333634848,18345.691,11511.701
forecast_8637,2025-12-26 21:00:00,17787.622693956888,18964.176,12416.046
forecast_8638,2025-12-26 22:00:00,17934.722948985753,19288.94,13064.7295
forecast_8639,2025-12-26 23:00:00,18053.804824241233,19331.963,13438.708
forecast_8640,2025-12-27 00:00:00,17331.12580438076,19184.152,13404.181
forecast_8641,2025-12-27 01:00:00,18897.679935336862,19091.291,13127.793
forecast_8642,2025-12-27 02:00:00,18595.499655812804,19279.613,13841.304
forecast_8643,2025-12-27 03:00:00,17377.581457713735,19424.246,14035.291
forecast_8644,2025-12-27 04:00:00,18128.408032519754,19385.164,13350.923
forecast_8645,2025-12-27 05:00:00,16295.600507675952,19271.3,12639.974
forecast_8646,2025-12-27 06:00:00,16620.8017726472,19030.842,11549.913
forecast_8647,2025-12-27 07:00:00,16784.170904677063,18811.213,10960.482
forecast_8648,2025-12-27 08:00:00,16591.86123402672,18644.58,10870.488
forecast_8649,2025-12-27 09:00:00,15663.686163167404,18449.73,11198.495
forecast_8650,2025-12-27 10:00:00,14393.443017466701,18163.588,11429.901
forecast_8651,2025-12-27 11:00:00,15297.867517734558,17827.568,11633.917
forecast_8652,2025-12-27 12:00:00,15024.280844749435,17743.482,11912.435
forecast_8653,2025-12-27 13:00:00,15330.360333159131,17449.463,11666.216
forecast_8654,2025-12-27 14:00:00,15845.654696464453,17125.799,11414.136
forecast_8655,2025-12-27 15:00:00,16320.633154024554,17213.664,11942.327
forecast_8656,2025-12-27 16:00:00,16322.315827623734,17425.45,12845.933
forecast_8657,2025-12-27 17:00:00,17557.590784621963,17557.006,13144.298
forecast_8658,2025-12-27 18:00:00,17979.71324832497,18113.17,14100.741
forecast_8659,2025-12-27 19:00:00,18553.616811024654,18771.203,15595.22
forecast_8660,2025-12-27 20:00:00,18356.93669248387,19092.553,16209.617
forecast_8661,2025-12-27 21:00:00,17808.585247352727,19243.172,16025.1455
forecast_8662,2025-12-27 22:00:00,18514.706748004468,19398.395,15883.38
forecast_8663,2025-12-27 23:00:00,17796.454076732218,19492.78,16048.986
forecast_8664,2025-12-28 00:00:00,16590.86500932964,19511.205,16206.086
forecast_8665,2025-12-28 01:00:00,19230.622217824457,19432.186,15841.699
forecast_8666,2025-12-28 02:00:00,20138.17726309799,19504.668,15947.432
forecast_8667,2025-12-28 03:00:00,20555.423841188516,19565.754,16249.301
forecast_8668,2025-12-28 04:00:00,20498.860430104574,19594.441,16393.754
forecast_8669,2025-12-28 05:00:00,19227.28029166691,19540.357,16352.179
forecast_8670,2025-12-28 06:00:00,19999.869779775654,19443.072,16173.042
forecast_8671,2025-12-28 07:00:00,19190.809329836604,19281.24,15886.544
forecast_8672,2025-12-28 08:00:00,18927.161325225497,19084.914,15511.376
forecast_8673,2025-12-28 09:00:00,17644.31264465854,18901.793,15345.372
forecast_8674,2025-12-28 10:00:00,16996.58558813753,18527.668,15027.931
forecast_8675,2025-12-28 11:00:00,16274.393050143852,17845.91,14362.696
forecast_8676,2025-12-28 12:00:00,15997.623719985939,16929.629,13730.093
forecast_8677,2025-12-28 13:00:00,14484.773383574935,15962.955,13139.116
forecast_8678,2025-12-28 14:00:00,13021.85555188135,14634.594,11885.282
forecast_8679,2025-12-28 15:00:00,13472.304966761756,13876.481,10912.418
forecast_8680,2025-12-28 16:00:00,14370.595410089994,13977.3955,10631.044
forecast_8681,2025-12-28 17:00:00,14996.81359681307,14777.061,11493.781
forecast_8682,2025-12-28 18:00:00,15540.367674672721,15953.463,13022.812
forecast_8683,2025-12-28 19:00:00,14665.687272262085,17028.195,14220.447
forecast_8684,2025-12-28 20:00:00,17598.710831477372,17391.312,14886.5205
forecast_8685,2025-12-28 21:00:00,16750.592398361194,17708.102,15363.233
forecast_8686,2025-12-28 22:00:00,16883.050184689175,17859.51,15579.344
forecast_8687,2025-12-28 23:00:00,16902.82571373113,17840.896,15570.112
forecast_8688,2025-12-29 00:00:00,17718.94703848214,17780.242,15538.065
forecast_8689,2025-12-29 01:00:00,18380.027593269468,17847.967,15418.933
forecast_8690,2025-12-29 02:00:00,19201.218410924488,18336.086,15971.046
forecast_8691,2025-12-29 03:00:00,20113.83927919959,18566.598,16319.265
forecast_8692,2025-12-29 04:00:00,19932.831340041288,18768.47,16557.258
forecast_8693,2025-12-29 05:00:00,20121.148435112696,18826.633,16682.191
forecast_8694,2025-12-29 06:00:00,20477.266284867066,18753.355,16734.525
forecast_8695,2025-12-29 07:00:00,20245.504834996977,18686.86,16611.006
forecast_8696,2025-12-29 08:00:00,20264.20917912541,18648.805,16492.91
forecast_8697,2025-12-29 09:00:00,20344.7596138961,18639.436,16551.074
forecast_8698,2025-12-29 10:00:00,20496.186614472932,18615.672,16599.398
forecast_8699,2025-12-29 11:00:00,20548.59611611947,18554.82,16596.88
forecast_8700,2025-12-29 12:00:00,19654.61231693993,18471.184,16487.297
forecast_8701,2025-12-29 13:00:00,19335.92632902647,18417.637,16284.718
forecast_8702,2025-12-29 14:00:00,19399.400034446327,18155.688,15821.694
forecast_8703,2025-12-29 15:00:00,18669.60271454108,17927.912,15624.115
forecast_8704,2025-12-29 16:00:00,18705.371967678522,17777.615,15531.356
forecast_8705,2025-12-29 17:00:00,19608.161540720994,17654.895,15488.2705
forecast_8706,2025-12-29 18:00:00,19630.969925961428,17888.8,15701.835
forecast_8707,2025-12-29 19:00:00,18351.759274663622,18066.38,15797.035
forecast_8708,2025-12-29 20:00:00,16995.27523718221,17814.352,15254.679
forecast_8709,2025-12-29 21:00:00,16578.552892257838,17294.025,14240.738
forecast_8710,2025-12-29 22:00:00,16192.179359618063,16907.617,13376.419
forecast_8711,2025-12-29 23:00:00,13679.352741495579,16781.686,13083.858
forecast_8712,2025-12-30 00:00:00,12920.394800015347,16520.387,12691.418
forecast_8713,2025-12-30 01:00:00,12793.873702856037,15998.522,11837.538
forecast_8714,2025-12-30 02:00:00,13377.000064529822,15180.751,10663.564
forecast_8715,2025-12-30 03:00:00,13709.193647459386,14365.138,9688.618
forecast_8716,2025-12-30 04:00:00,15131.57270065128,13897.408,9060.805
forecast_8717,2025-12-30 05:00:00,14265.02761642399,13837.22,8929.178
forecast_8718,2025-12-30 06:00:00,12666.382841107596,13137.374,8369.864
forecast_8719,2025-12-30 07:00:00,12176.377913445103,12060.834,7440.538
forecast_8720,2025-12-30 08:00:00,11398.400967277885,11734.6875,6831.963
forecast_8721,2025-12-30 09:00:00,10041.990331056744,12096.309,6605.9966
forecast_8722,2025-12-30 10:00:00,8361.5407096237,10870.837,6008.6562
forecast_8723,2025-12-30 11:00:00,9856.827189657337,8426.533,4821.2593
forecast_8724,2025-12-30 12:00:00,10120.859356591374,7267.842,4404.4253
forecast_8725,2025-12-30 13:00:00,11411.645653416916,8817.025,5616.897
forecast_8726,2025-12-30 14:00:00,11730.381880432335,10681.372,7406.5776
forecast_8727,2025-12-30 15:00:00,12473.769041183465,11797.476,8496.333
forecast_8728,2025-12-30 16:00:00,13397.399416839924,12793.0,9208.897
forecast_8729,2025-12-30 17:00:00,13838.128902728933,13422.891,9802.648
forecast_8730,2025-12-30 18:00:00,14861.498487081657,13713.667,9833.417
forecast_8731,2025-12-30 19:00:00,15010.116446051186,14432.62,10444.967
forecast_8732,2025-12-30 20:00:00,14569.671140353523,15089.834,11289.109
forecast_8733,2025-12-30 21:00:00,15536.041236178422,15754.934,11993.103
forecast_8734,2025-12-30 22:00:00,15760.466940465114,16359.13,12534.038
forecast_8735,2025-12-30 23:00:00,15772.663815813521,17126.25,13337.547
forecast_8736,2025-12-31 00:00:00,15675.288709812583,17628.66,13852.758
forecast_8737,2025-12-31 01:00:00,16946.75932956308,17879.209,13545.601
forecast_8738,2025-12-31 02:00:00,17512.0473385023,17954.883,13416.345
forecast_8739,2025-12-31 03:00:00,17240.00920783334,18164.447,13530.657
forecast_8740,2025-12-31 04:00:00,16917.546253156237,18076.229,13045.594
forecast_8741,2025-12-31 05:00:00,16475.07554143046,17567.855,12047.478
forecast_8742,2025-12-31 06:00:00,16479.110879591866,16452.521,10808.95
forecast_8743,2025-12-31 07:00:00,16300.2778685476,15488.347,10381.082
forecast_8744,2025-12-31 08:00:00,15878.346068562618,14746.429,10262.291
forecast_8745,2025-12-31 09:00:00,13080.608500988637,14189.731,10074.466
forecast_8746,2025-12-31 10:00:00,11946.094577783437,12499.436,8734.717
forecast_8747,2025-12-31 11:00:00,11172.223979537444,10103.733,6713.646
forecast_8748,2025-12-31 12:00:00,9151.216244058993,8333.197,5275.8027
forecast_8749,2025-12-31 13:00:00,8740.945742857148,8008.416,4772.2524
forecast_8750,2025-12-31 14:00:00,8887.317874502718,8593.753,4804.846
forecast_8751,2025-12-31 15:00:00,9510.518270873172,9055.548,5151.506
forecast_8752,2025-12-31 16:00:00,10428.348267968993,9026.432,5462.7925
forecast_8753,2025-12-31 17:00:00,9555.929367827614,9344.959,5752.723
forecast_8754,2025-12-31 18:00:00,8499.856412166246,9736.649,5989.1963
forecast_8755,2025-12-31 19:00:00,9321.669819109593,10560.428,6040.3657
forecast_8756,2025-12-31 20:00:00,12179.83706489492,12118.428,6522.005
forecast_8757,2025-12-31 21:00:00,13568.656455101795,14366.808,7823.4106
forecast_8758,2025-12-31 22:00:00,14773.69668685771,15939.744,9229.637
forecast_8759,2025-12-31 23:00:00,14267.42614758476,17019.805,10332.307
forecast_8760,2026-01-01 00:00:00,13593.499684757056,17497.002,10590.036
