forecast_id,forecast_kst_dtm,kpx_group_1,kpx_group_2,kpx_group_3
forecast_0001,2025-01-01 01:00:00,0.0,0.0,0.0
forecast_0002,2025-01-01 02:00:00,0.0,0.0,0.0
forecast_0003,2025-01-01 03:00:00,0.0,0.0,0.0
forecast_0004,2025-01-01 04:00:00,0.0,0.0,0.0
forecast_0005,2025-01-01 05:00:00,0.0,0.0,0.0
forecast_0006,2025-01-01 06:00:00,0.0,0.0,0.0
forecast_0007,2025-01-01 07:00:00,0.0,0.0,0.0
forecast_0008,2025-01-01 08:00:00,0.0,0.0,0.0
forecast_0009,2025-01-01 09:00:00,0.0,0.0,0.0
forecast_0010,2025-01-01 10:00:00,0.0,0.0,0.0
forecast_0011,2025-01-01 11:00:00,0.0,0.0,0.0
forecast_0012,2025-01-01 12:00:00,0.0,0.0,0.0
forecast_0013,2025-01-01 13:00:00,0.0,0.0,0.0
forecast_0014,2025-01-01 14:00:00,0.0,0.0,0.0
forecast_0015,2025-01-01 15:00:00,0.0,0.0,0.0
forecast_0016,2025-01-01 16:00:00,0.0,0.0,0.0
forecast_0017,2025-01-01 17:00:00,0.0,0.0,0.0
forecast_0018,2025-01-01 18:00:00,0.0,0.0,0.0
forecast_0019,2025-01-01 19:00:00,0.0,0.0,0.0
forecast_0020,2025-01-01 20:00:00,0.0,0.0,0.0
forecast_0021,2025-01-01 21:00:00,0.0,0.0,0.0
forecast_0022,2025-01-01 22:00:00,0.0,0.0,0.0
forecast_0023,2025-01-01 23:00:00,0.0,0.0,0.0
forecast_0024,2025-01-02 00:00:00,0.0,0.0,0.0
forecast_0025,2025-01-02 01:00:00,11127.115,17204.594,16257.067
forecast_0026,2025-01-02 02:00:00,8553.65,16580.646,12498.885
forecast_0027,2025-01-02 03:00:00,7843.8945,15976.094,9907.167
forecast_0028,2025-01-02 04:00:00,8341.651,15126.733,9396.164
forecast_0029,2025-01-02 05:00:00,8517.69,14912.504,9509.788
forecast_0030,2025-01-02 06:00:00,8288.956,14150.162,9300.4795
forecast_0031,2025-01-02 07:00:00,6602.1978,12704.313,8411.676
forecast_0032,2025-01-02 08:00:00,6381.859,10683.057,6492.4067
forecast_0033,2025-01-02 09:00:00,5051.5605,6828.5596,4961.4717
forecast_0034,2025-01-02 10:00:00,3393.0283,2102.8062,3852.4302
forecast_0035,2025-01-02 11:00:00,5030.6235,1384.5892,3051.208
forecast_0036,2025-01-02 12:00:00,8480.132,1704.2568,3883.176
forecast_0037,2025-01-02 13:00:00,9056.082,3357.9685,2255.427
forecast_0038,2025-01-02 14:00:00,6830.6226,4755.248,1860.2498
forecast_0039,2025-01-02 15:00:00,5572.066,6253.369,2540.8855
forecast_0040,2025-01-02 16:00:00,5706.2456,7504.576,3190.4106
forecast_0041,2025-01-02 17:00:00,7160.9946,8180.6143,3381.5854
forecast_0042,2025-01-02 18:00:00,7116.0347,8244.167,3531.407
forecast_0043,2025-01-02 19:00:00,7247.6123,8836.392,5401.891
forecast_0044,2025-01-02 20:00:00,7418.4736,9356.151,9594.42
forecast_0045,2025-01-02 21:00:00,7352.33,8296.279,11222.337
forecast_0046,2025-01-02 22:00:00,8321.195,9112.152,12473.846
forecast_0047,2025-01-02 23:00:00,9421.639,10926.804,11528.292
forecast_0048,2025-01-03 00:00:00,11721.283,10863.641,9756.905
forecast_0049,2025-01-03 01:00:00,14409.986,12095.106,9601.298
forecast_0050,2025-01-03 02:00:00,15300.677,12870.101,13197.395
forecast_0051,2025-01-03 03:00:00,15274.636,14031.003,12541.098
forecast_0052,2025-01-03 04:00:00,13976.335,14553.79,10913.921
forecast_0053,2025-01-03 05:00:00,13448.248,13717.687,10665.766
forecast_0054,2025-01-03 06:00:00,13109.712,13090.565,10868.978
forecast_0055,2025-01-03 07:00:00,12854.387,12571.674,10111.131
forecast_0056,2025-01-03 08:00:00,12530.279,12198.791,9514.772
forecast_0057,2025-01-03 09:00:00,12208.235,12339.646,9201.563
forecast_0058,2025-01-03 10:00:00,10387.407,10531.935,7941.351
forecast_0059,2025-01-03 11:00:00,9259.306,9069.29,7074.825
forecast_0060,2025-01-03 12:00:00,9914.43,9260.222,6445.8677
forecast_0061,2025-01-03 13:00:00,10863.322,9592.344,7443.0093
forecast_0062,2025-01-03 14:00:00,11863.25,10029.792,9551.289
forecast_0063,2025-01-03 15:00:00,12865.57,10393.211,10472.986
forecast_0064,2025-01-03 16:00:00,14151.584,11113.086,11595.63
forecast_0065,2025-01-03 17:00:00,14479.385,12255.929,11567.413
forecast_0066,2025-01-03 18:00:00,14122.603,12906.334,9426.148
forecast_0067,2025-01-03 19:00:00,13342.763,12218.574,7065.2207
forecast_0068,2025-01-03 20:00:00,13788.552,10697.087,9745.144
forecast_0069,2025-01-03 21:00:00,14150.915,8732.647,12120.691
forecast_0070,2025-01-03 22:00:00,14334.226,8384.737,12242.026
forecast_0071,2025-01-03 23:00:00,14302.691,8961.4375,13504.204
forecast_0072,2025-01-04 00:00:00,12294.535,9419.748,13630.232
forecast_0073,2025-01-04 01:00:00,10331.446,9964.996,11809.586
forecast_0074,2025-01-04 02:00:00,13943.744,11921.45,10859.545
forecast_0075,2025-01-04 03:00:00,12655.288,12551.21,9959.951
forecast_0076,2025-01-04 04:00:00,13202.282,11923.304,9307.188
forecast_0077,2025-01-04 05:00:00,12604.083,11369.496,8355.953
forecast_0078,2025-01-04 06:00:00,13546.977,11268.081,8357.745
forecast_0079,2025-01-04 07:00:00,13878.026,11825.695,9155.976
forecast_0080,2025-01-04 08:00:00,12948.04,11596.528,9639.703
forecast_0081,2025-01-04 09:00:00,12304.436,10909.962,10012.335
forecast_0082,2025-01-04 10:00:00,11864.802,10489.579,10335.888
forecast_0083,2025-01-04 11:00:00,12714.435,9255.564,10496.879
forecast_0084,2025-01-04 12:00:00,11574.77,8932.748,10585.728
forecast_0085,2025-01-04 13:00:00,8813.795,9745.758,10493.853
forecast_0086,2025-01-04 14:00:00,6616.1294,10681.505,10090.915
forecast_0087,2025-01-04 15:00:00,6502.995,10192.883,9027.065
forecast_0088,2025-01-04 16:00:00,7881.1987,9301.904,6858.7607
forecast_0089,2025-01-04 17:00:00,9454.903,9269.725,6074.891
forecast_0090,2025-01-04 18:00:00,12687.661,11262.509,8644.652
forecast_0091,2025-01-04 19:00:00,15343.209,14940.0,10266.121
forecast_0092,2025-01-04 20:00:00,15473.949,17296.004,12004.096
forecast_0093,2025-01-04 21:00:00,14597.381,17810.018,15788.889
forecast_0094,2025-01-04 22:00:00,14046.266,17756.754,17314.871
forecast_0095,2025-01-04 23:00:00,15012.118,18024.535,17669.979
forecast_0096,2025-01-05 00:00:00,15591.992,18752.012,15889.711
forecast_0097,2025-01-05 01:00:00,15090.448,19584.46,12714.302
forecast_0098,2025-01-05 02:00:00,14805.231,19391.742,11127.317
forecast_0099,2025-01-05 03:00:00,14198.645,18192.504,12533.213
forecast_0100,2025-01-05 04:00:00,12966.043,16273.307,11052.251
forecast_0101,2025-01-05 05:00:00,13415.677,15454.278,9963.087
forecast_0102,2025-01-05 06:00:00,13274.727,15546.586,8941.316
forecast_0103,2025-01-05 07:00:00,11895.953,14653.285,9998.706
forecast_0104,2025-01-05 08:00:00,11810.89,12846.0,10623.423
forecast_0105,2025-01-05 09:00:00,12256.475,11011.175,10771.808
forecast_0106,2025-01-05 10:00:00,10865.753,10336.923,9562.746
forecast_0107,2025-01-05 11:00:00,12524.378,9630.652,9276.622
forecast_0108,2025-01-05 12:00:00,13527.365,10902.104,9867.187
forecast_0109,2025-01-05 13:00:00,13921.253,12474.319,12869.324
forecast_0110,2025-01-05 14:00:00,15021.624,12842.292,16534.844
forecast_0111,2025-01-05 15:00:00,14851.89,11773.674,17272.512
forecast_0112,2025-01-05 16:00:00,16707.893,12981.647,15311.551
forecast_0113,2025-01-05 17:00:00,15769.616,13772.145,13525.252
forecast_0114,2025-01-05 18:00:00,14303.362,11770.377,10646.135
forecast_0115,2025-01-05 19:00:00,13373.133,11598.022,12573.916
forecast_0116,2025-01-05 20:00:00,12466.146,12846.77,13933.495
forecast_0117,2025-01-05 21:00:00,13652.387,13483.382,15240.073
forecast_0118,2025-01-05 22:00:00,11877.812,12774.291,14820.622
forecast_0119,2025-01-05 23:00:00,11446.737,11842.402,12959.541
forecast_0120,2025-01-06 00:00:00,11752.791,11098.145,11237.13
forecast_0121,2025-01-06 01:00:00,11541.424,10535.092,9075.61
forecast_0122,2025-01-06 02:00:00,11490.268,11447.459,7024.9106
forecast_0123,2025-01-06 03:00:00,11538.524,10453.492,6338.4873
forecast_0124,2025-01-06 04:00:00,11428.216,9007.837,5694.9077
forecast_0125,2025-01-06 05:00:00,9774.166,6973.6416,4877.1772
forecast_0126,2025-01-06 06:00:00,8439.598,3805.448,2624.0352
forecast_0127,2025-01-06 07:00:00,5868.758,1613.7618,1247.5142
forecast_0128,2025-01-06 08:00:00,2349.4355,1377.2335,689.4344
forecast_0129,2025-01-06 09:00:00,1028.5111,1779.3903,707.27386
forecast_0130,2025-01-06 10:00:00,918.9304,2262.419,1079.3829
forecast_0131,2025-01-06 11:00:00,4123.988,6755.8433,3186.9033
forecast_0132,2025-01-06 12:00:00,7635.8135,9356.674,3654.802
forecast_0133,2025-01-06 13:00:00,5863.7593,11088.295,4220.0215
forecast_0134,2025-01-06 14:00:00,3591.5608,9369.513,3966.7097
forecast_0135,2025-01-06 15:00:00,3290.627,6982.2793,4050.7942
forecast_0136,2025-01-06 16:00:00,3288.4358,6153.6714,4179.8135
forecast_0137,2025-01-06 17:00:00,2557.7417,7784.39,5240.298
forecast_0138,2025-01-06 18:00:00,4330.3193,9884.89,7517.237
forecast_0139,2025-01-06 19:00:00,7261.0503,11101.121,8731.803
forecast_0140,2025-01-06 20:00:00,10083.413,13306.455,10939.501
forecast_0141,2025-01-06 21:00:00,10405.759,14096.848,11986.763
forecast_0142,2025-01-06 22:00:00,9690.526,13194.941,12757.877
forecast_0143,2025-01-06 23:00:00,10562.369,13338.876,13309.22
forecast_0144,2025-01-07 00:00:00,11755.956,13827.15,12700.257
forecast_0145,2025-01-07 01:00:00,13720.668,14203.717,12128.144
forecast_0146,2025-01-07 02:00:00,14209.265,15489.66,11555.356
forecast_0147,2025-01-07 03:00:00,15855.666,16375.395,11034.887
forecast_0148,2025-01-07 04:00:00,15748.745,16350.931,10467.044
forecast_0149,2025-01-07 05:00:00,14785.096,16526.748,10068.32
forecast_0150,2025-01-07 06:00:00,14634.009,16392.482,9487.679
forecast_0151,2025-01-07 07:00:00,14828.632,16701.434,9090.941
forecast_0152,2025-01-07 08:00:00,15265.692,17186.861,9129.759
forecast_0153,2025-01-07 09:00:00,15683.4795,17205.191,9888.277
forecast_0154,2025-01-07 10:00:00,15861.991,16993.35,11813.808
forecast_0155,2025-01-07 11:00:00,16648.617,16754.05,13387.967
forecast_0156,2025-01-07 12:00:00,17195.346,16478.867,14571.007
forecast_0157,2025-01-07 13:00:00,17268.232,16489.947,14836.809
forecast_0158,2025-01-07 14:00:00,17077.652,16517.018,14483.251
forecast_0159,2025-01-07 15:00:00,16520.639,15631.933,13419.143
forecast_0160,2025-01-07 16:00:00,16596.69,14958.909,12716.87
forecast_0161,2025-01-07 17:00:00,16204.187,13337.892,13132.274
forecast_0162,2025-01-07 18:00:00,16386.324,14648.419,15365.256
forecast_0163,2025-01-07 19:00:00,16397.707,16172.514,17472.818
forecast_0164,2025-01-07 20:00:00,15920.18,16138.37,17496.436
forecast_0165,2025-01-07 21:00:00,16610.492,15677.625,16556.021
forecast_0166,2025-01-07 22:00:00,16680.22,15121.267,16301.01
forecast_0167,2025-01-07 23:00:00,16699.834,15309.128,16836.162
forecast_0168,2025-01-08 00:00:00,16402.545,15855.863,17285.25
forecast_0169,2025-01-08 01:00:00,15293.957,16708.924,17152.125
forecast_0170,2025-01-08 02:00:00,14516.985,17527.355,16838.934
forecast_0171,2025-01-08 03:00:00,14066.101,17305.88,16130.668
forecast_0172,2025-01-08 04:00:00,13325.664,16115.6,14541.42
forecast_0173,2025-01-08 05:00:00,12821.764,15778.675,12377.521
forecast_0174,2025-01-08 06:00:00,12766.228,15164.66,10747.8545
forecast_0175,2025-01-08 07:00:00,13083.012,13221.623,9554.87
forecast_0176,2025-01-08 08:00:00,13446.858,13195.503,8629.834
forecast_0177,2025-01-08 09:00:00,13343.929,15264.506,8734.144
forecast_0178,2025-01-08 10:00:00,13433.132,15687.685,10350.946
forecast_0179,2025-01-08 11:00:00,13232.756,16544.527,12250.8955
forecast_0180,2025-01-08 12:00:00,14067.468,16682.072,13027.93
forecast_0181,2025-01-08 13:00:00,14896.059,16244.376,13138.045
forecast_0182,2025-01-08 14:00:00,15124.371,16305.712,12733.809
forecast_0183,2025-01-08 15:00:00,15325.64,16459.816,12830.639
forecast_0184,2025-01-08 16:00:00,15331.617,16661.572,12989.713
forecast_0185,2025-01-08 17:00:00,15622.909,17101.135,12513.803
forecast_0186,2025-01-08 18:00:00,15298.985,17422.072,13154.135
forecast_0187,2025-01-08 19:00:00,15100.212,17583.527,15141.358
forecast_0188,2025-01-08 20:00:00,15107.756,17668.566,17044.336
forecast_0189,2025-01-08 21:00:00,15117.725,17584.916,17256.48
forecast_0190,2025-01-08 22:00:00,14981.46,17253.82,15767.818
forecast_0191,2025-01-08 23:00:00,15096.186,16598.605,15577.596
forecast_0192,2025-01-09 00:00:00,14752.728,16684.3,16008.294
forecast_0193,2025-01-09 01:00:00,13864.527,15713.91,16234.738
forecast_0194,2025-01-09 02:00:00,12573.878,14727.513,16083.341
forecast_0195,2025-01-09 03:00:00,12609.084,14304.663,15066.648
forecast_0196,2025-01-09 04:00:00,12184.836,14188.343,13257.026
forecast_0197,2025-01-09 05:00:00,12102.313,14333.144,11975.53
forecast_0198,2025-01-09 06:00:00,11825.21,13799.583,10544.929
forecast_0199,2025-01-09 07:00:00,11703.076,14025.245,9617.117
forecast_0200,2025-01-09 08:00:00,11549.366,14305.917,8176.222
forecast_0201,2025-01-09 09:00:00,11615.442,15805.649,7738.0913
forecast_0202,2025-01-09 10:00:00,11663.437,16463.875,7517.1353
forecast_0203,2025-01-09 11:00:00,12199.725,16649.357,7826.443
forecast_0204,2025-01-09 12:00:00,12617.674,16889.053,9458.23
forecast_0205,2025-01-09 13:00:00,13037.257,16969.045,11147.59
forecast_0206,2025-01-09 14:00:00,13396.117,17078.07,11720.689
forecast_0207,2025-01-09 15:00:00,14025.612,17257.45,10964.681
forecast_0208,2025-01-09 16:00:00,14659.684,17222.49,8970.416
forecast_0209,2025-01-09 17:00:00,14713.28,16997.379,5971.8755
forecast_0210,2025-01-09 18:00:00,14760.768,16959.053,5878.172
forecast_0211,2025-01-09 19:00:00,12781.001,13508.457,3703.942
forecast_0212,2025-01-09 20:00:00,9872.915,9784.332,2417.0654
forecast_0213,2025-01-09 21:00:00,10913.938,11750.085,4015.876
forecast_0214,2025-01-09 22:00:00,16295.661,14682.3545,7459.8325
forecast_0215,2025-01-09 23:00:00,19316.459,18942.223,9169.4795
forecast_0216,2025-01-10 00:00:00,20003.645,20472.828,10813.3125
forecast_0217,2025-01-10 01:00:00,19655.688,20980.67,10679.107
forecast_0218,2025-01-10 02:00:00,16724.932,20751.135,9008.509
forecast_0219,2025-01-10 03:00:00,16236.581,19735.215,8787.276
forecast_0220,2025-01-10 04:00:00,17489.291,18861.277,8669.423
forecast_0221,2025-01-10 05:00:00,17409.918,18752.473,7461.79
forecast_0222,2025-01-10 06:00:00,17977.637,18942.855,6374.592
forecast_0223,2025-01-10 07:00:00,17488.945,18359.16,5148.3813
forecast_0224,2025-01-10 08:00:00,16014.132,15113.781,3653.7834
forecast_0225,2025-01-10 09:00:00,14419.442,9907.766,2735.117
forecast_0226,2025-01-10 10:00:00,10498.081,3525.7795,3231.0752
forecast_0227,2025-01-10 11:00:00,3702.4053,943.7788,3803.2754
forecast_0228,2025-01-10 12:00:00,1879.7611,409.45325,2906.1501
forecast_0229,2025-01-10 13:00:00,1304.541,500.8864,2488.4656
forecast_0230,2025-01-10 14:00:00,1303.994,992.18085,1283.8193
forecast_0231,2025-01-10 15:00:00,1600.8824,1596.2878,905.3842
forecast_0232,2025-01-10 16:00:00,1966.0095,2053.1682,2326.4192
forecast_0233,2025-01-10 17:00:00,3054.2764,1958.8441,2546.258
forecast_0234,2025-01-10 18:00:00,3643.0334,2913.3582,2531.8826
forecast_0235,2025-01-10 19:00:00,2827.5237,4567.3774,3227.3135
forecast_0236,2025-01-10 20:00:00,2098.4255,6621.268,5262.2236
forecast_0237,2025-01-10 21:00:00,1821.7152,5617.024,5474.8354
forecast_0238,2025-01-10 22:00:00,1421.9269,4904.8623,4676.2847
forecast_0239,2025-01-10 23:00:00,2232.4175,5018.176,3950.8408
forecast_0240,2025-01-11 00:00:00,5959.091,6024.457,4483.899
forecast_0241,2025-01-11 01:00:00,4287.507,6906.485,6415.668
forecast_0242,2025-01-11 02:00:00,4453.0605,7038.4595,9570.466
forecast_0243,2025-01-11 03:00:00,2721.4375,5672.8374,10467.494
forecast_0244,2025-01-11 04:00:00,1476.6191,4963.3496,10146.51
forecast_0245,2025-01-11 05:00:00,1372.7734,4456.6113,8531.207
forecast_0246,2025-01-11 06:00:00,3474.4148,2442.8518,5889.014
forecast_0247,2025-01-11 07:00:00,3516.7456,1226.2548,4029.3035
forecast_0248,2025-01-11 08:00:00,3275.4177,766.07776,3142.942
forecast_0249,2025-01-11 09:00:00,3499.951,728.0223,2584.7708
forecast_0250,2025-01-11 10:00:00,2342.7341,448.52768,1515.1445
forecast_0251,2025-01-11 11:00:00,818.33545,345.03342,759.6821
forecast_0252,2025-01-11 12:00:00,614.67676,381.5427,529.16235
forecast_0253,2025-01-11 13:00:00,612.4903,378.0557,508.60907
forecast_0254,2025-01-11 14:00:00,425.15027,535.3207,376.77362
forecast_0255,2025-01-11 15:00:00,364.57886,530.5706,335.1908
forecast_0256,2025-01-11 16:00:00,440.3481,403.27173,333.18918
forecast_0257,2025-01-11 17:00:00,758.56464,723.85596,397.9551
forecast_0258,2025-01-11 18:00:00,1650.6067,1816.8073,571.41943
forecast_0259,2025-01-11 19:00:00,2742.9265,3076.6292,906.0951
forecast_0260,2025-01-11 20:00:00,3538.0432,4342.048,1392.563
forecast_0261,2025-01-11 21:00:00,5213.5635,5924.094,3034.6177
forecast_0262,2025-01-11 22:00:00,8576.883,6233.1772,6533.98
forecast_0263,2025-01-11 23:00:00,11553.9795,6555.75,10158.434
forecast_0264,2025-01-12 00:00:00,14309.298,8518.863,12235.866
forecast_0265,2025-01-12 01:00:00,16068.403,10343.747,13468.364
forecast_0266,2025-01-12 02:00:00,16288.95,8976.577,14218.555
forecast_0267,2025-01-12 03:00:00,16610.453,11639.139,13712.76
forecast_0268,2025-01-12 04:00:00,18281.959,15454.307,13341.104
forecast_0269,2025-01-12 05:00:00,15188.652,16868.127,13168.58
forecast_0270,2025-01-12 06:00:00,10948.905,16614.26,13431.532
forecast_0271,2025-01-12 07:00:00,10720.578,15780.581,13367.6045
forecast_0272,2025-01-12 08:00:00,10500.693,15769.587,13349.586
forecast_0273,2025-01-12 09:00:00,10175.65,16212.577,13532.567
forecast_0274,2025-01-12 10:00:00,9718.248,14948.553,13028.099
forecast_0275,2025-01-12 11:00:00,9149.347,13577.112,11604.455
forecast_0276,2025-01-12 12:00:00,9118.369,11537.921,10194.066
forecast_0277,2025-01-12 13:00:00,9575.132,9207.82,8265.705
forecast_0278,2025-01-12 14:00:00,9520.725,9089.955,7599.7524
forecast_0279,2025-01-12 15:00:00,10083.162,9803.905,8053.468
forecast_0280,2025-01-12 16:00:00,11547.263,10470.567,8156.7207
forecast_0281,2025-01-12 17:00:00,12973.747,11894.678,8666.786
forecast_0282,2025-01-12 18:00:00,13361.482,14136.51,9488.912
forecast_0283,2025-01-12 19:00:00,15312.695,17029.168,10412.501
forecast_0284,2025-01-12 20:00:00,16681.875,18395.086,11289.738
forecast_0285,2025-01-12 21:00:00,16474.924,18596.031,11319.394
forecast_0286,2025-01-12 22:00:00,16448.395,18401.635,10677.444
forecast_0287,2025-01-12 23:00:00,16102.732,16911.01,8683.385
forecast_0288,2025-01-13 00:00:00,16269.806,15524.474,8110.682
forecast_0289,2025-01-13 01:00:00,16344.178,14693.322,9608.087
forecast_0290,2025-01-13 02:00:00,16462.23,14135.521,12306.173
forecast_0291,2025-01-13 03:00:00,17743.883,14977.861,12986.958
forecast_0292,2025-01-13 04:00:00,19604.928,18190.193,11843.649
forecast_0293,2025-01-13 05:00:00,20618.035,20007.348,11127.355
forecast_0294,2025-01-13 06:00:00,20736.469,20639.703,11644.731
forecast_0295,2025-01-13 07:00:00,20364.236,20777.9,13266.324
forecast_0296,2025-01-13 08:00:00,19757.572,20675.516,14661.225
forecast_0297,2025-01-13 09:00:00,18994.465,20196.932,15076.144
forecast_0298,2025-01-13 10:00:00,18858.408,19606.117,14813.555
forecast_0299,2025-01-13 11:00:00,18068.91,18878.012,14426.067
forecast_0300,2025-01-13 12:00:00,16381.149,17306.744,14868.013
forecast_0301,2025-01-13 13:00:00,14243.42,13628.721,14702.161
forecast_0302,2025-01-13 14:00:00,12466.434,11583.849,14309.645
forecast_0303,2025-01-13 15:00:00,11604.132,10348.531,13643.996
forecast_0304,2025-01-13 16:00:00,12335.6045,12261.167,15795.553
forecast_0305,2025-01-13 17:00:00,11748.265,10334.066,12559.959
forecast_0306,2025-01-13 18:00:00,11971.311,6685.323,8880.875
forecast_0307,2025-01-13 19:00:00,13016.494,5721.745,9611.559
forecast_0308,2025-01-13 20:00:00,13249.864,7042.633,12519.109
forecast_0309,2025-01-13 21:00:00,14290.246,9399.41,15427.463
forecast_0310,2025-01-13 22:00:00,14740.738,10847.304,17388.62
forecast_0311,2025-01-13 23:00:00,14041.796,12545.612,18507.69
forecast_0312,2025-01-14 00:00:00,13728.243,14158.751,19108.754
forecast_0313,2025-01-14 01:00:00,15234.426,16512.668,18988.56
forecast_0314,2025-01-14 02:00:00,16225.489,18580.012,17677.684
forecast_0315,2025-01-14 03:00:00,17313.13,18943.516,15282.327
forecast_0316,2025-01-14 04:00:00,17478.848,18274.455,12219.015
forecast_0317,2025-01-14 05:00:00,17519.705,17706.89,11290.706
forecast_0318,2025-01-14 06:00:00,17724.049,17586.764,11595.702
forecast_0319,2025-01-14 07:00:00,17561.775,17700.857,11914.39
forecast_0320,2025-01-14 08:00:00,16282.833,17744.186,12640.044
forecast_0321,2025-01-14 09:00:00,15970.366,17524.248,12244.336
forecast_0322,2025-01-14 10:00:00,15799.962,16916.412,11640.226
forecast_0323,2025-01-14 11:00:00,15168.902,16444.611,11500.466
forecast_0324,2025-01-14 12:00:00,14738.79,15095.582,10801.794
forecast_0325,2025-01-14 13:00:00,13417.383,13889.337,10566.357
forecast_0326,2025-01-14 14:00:00,13096.434,13062.441,10362.859
forecast_0327,2025-01-14 15:00:00,11327.218,12364.227,10015.362
forecast_0328,2025-01-14 16:00:00,11782.246,12397.756,9911.334
forecast_0329,2025-01-14 17:00:00,10158.544,12562.538,10477.373
forecast_0330,2025-01-14 18:00:00,9437.919,12190.533,11087.34
forecast_0331,2025-01-14 19:00:00,10695.839,11600.344,10729.122
forecast_0332,2025-01-14 20:00:00,12612.137,11114.883,11071.226
forecast_0333,2025-01-14 21:00:00,10962.127,11021.703,11461.465
forecast_0334,2025-01-14 22:00:00,9483.151,11247.1875,12593.271
forecast_0335,2025-01-14 23:00:00,11109.798,11677.299,15089.263
forecast_0336,2025-01-15 00:00:00,11827.01,11617.121,13765.225
forecast_0337,2025-01-15 01:00:00,13353.046,10757.808,12001.459
forecast_0338,2025-01-15 02:00:00,13811.299,11008.086,10177.232
forecast_0339,2025-01-15 03:00:00,13157.715,11609.874,9596.552
forecast_0340,2025-01-15 04:00:00,12404.084,10981.582,8711.57
forecast_0341,2025-01-15 05:00:00,11792.745,10090.761,7398.746
forecast_0342,2025-01-15 06:00:00,11815.945,10223.265,6717.1245
forecast_0343,2025-01-15 07:00:00,13110.62,11966.683,8404.157
forecast_0344,2025-01-15 08:00:00,14890.082,13533.729,11317.639
forecast_0345,2025-01-15 09:00:00,14107.698,11176.455,10427.893
forecast_0346,2025-01-15 10:00:00,14318.85,11505.428,10506.639
forecast_0347,2025-01-15 11:00:00,12108.387,9103.442,10647.073
forecast_0348,2025-01-15 12:00:00,15474.08,13158.679,14384.008
forecast_0349,2025-01-15 13:00:00,15240.931,13219.731,15349.387
forecast_0350,2025-01-15 14:00:00,14540.763,13307.43,14982.024
forecast_0351,2025-01-15 15:00:00,12174.745,13691.813,14853.872
forecast_0352,2025-01-15 16:00:00,11368.669,12782.987,14572.051
forecast_0353,2025-01-15 17:00:00,10336.815,11640.815,12834.87
forecast_0354,2025-01-15 18:00:00,12345.979,12886.843,11155.559
forecast_0355,2025-01-15 19:00:00,15747.047,15771.607,10500.508
forecast_0356,2025-01-15 20:00:00,18049.627,18570.035,8891.424
forecast_0357,2025-01-15 21:00:00,19159.78,18987.71,11588.663
forecast_0358,2025-01-15 22:00:00,19461.97,18860.99,13866.325
forecast_0359,2025-01-15 23:00:00,19719.8,19296.578,14787.471
forecast_0360,2025-01-16 00:00:00,20145.484,19700.727,15211.217
forecast_0361,2025-01-16 01:00:00,20464.012,19916.758,14897.682
forecast_0362,2025-01-16 02:00:00,20486.643,19892.877,13408.841
forecast_0363,2025-01-16 03:00:00,20484.799,19966.725,16794.861
forecast_0364,2025-01-16 04:00:00,20733.664,20127.322,19153.793
forecast_0365,2025-01-16 05:00:00,20825.508,20142.396,18906.215
forecast_0366,2025-01-16 06:00:00,20699.426,20028.51,18069.486
forecast_0367,2025-01-16 07:00:00,20493.002,19925.717,17506.004
forecast_0368,2025-01-16 08:00:00,20062.662,19942.967,16841.287
forecast_0369,2025-01-16 09:00:00,18875.807,19963.725,15128.615
forecast_0370,2025-01-16 10:00:00,17685.168,19964.863,13684.83
forecast_0371,2025-01-16 11:00:00,17086.346,19925.957,13299.308
forecast_0372,2025-01-16 12:00:00,16364.32,20047.273,13329.82
forecast_0373,2025-01-16 13:00:00,14702.207,19787.678,12803.622
forecast_0374,2025-01-16 14:00:00,14159.91,19208.318,12484.806
forecast_0375,2025-01-16 15:00:00,15830.333,18598.025,12545.82
forecast_0376,2025-01-16 16:00:00,17230.238,16747.264,13478.942
forecast_0377,2025-01-16 17:00:00,18031.18,16271.33,13876.824
forecast_0378,2025-01-16 18:00:00,17719.53,16740.246,14466.639
forecast_0379,2025-01-16 19:00:00,17477.451,17750.246,15522.726
forecast_0380,2025-01-16 20:00:00,16366.377,17981.396,16104.548
forecast_0381,2025-01-16 21:00:00,14630.869,15928.414,14985.587
forecast_0382,2025-01-16 22:00:00,14084.996,13679.759,13901.948
forecast_0383,2025-01-16 23:00:00,12103.056,11668.218,12496.352
forecast_0384,2025-01-17 00:00:00,7253.6724,7351.645,8679.537
forecast_0385,2025-01-17 01:00:00,5328.8315,3041.2273,4590.6616
forecast_0386,2025-01-17 02:00:00,2374.3296,826.9765,1062.4452
forecast_0387,2025-01-17 03:00:00,655.1418,565.23083,281.01706
forecast_0388,2025-01-17 04:00:00,164.80652,423.30777,146.94994
forecast_0389,2025-01-17 05:00:00,113.485146,296.78696,98.227
forecast_0390,2025-01-17 06:00:00,212.12639,179.81848,55.40384
forecast_0391,2025-01-17 07:00:00,454.45355,249.99362,46.47844
forecast_0392,2025-01-17 08:00:00,736.17255,268.37552,59.47732
forecast_0393,2025-01-17 09:00:00,681.8049,271.57532,83.33059
forecast_0394,2025-01-17 10:00:00,404.72107,159.65154,99.17689
forecast_0395,2025-01-17 11:00:00,318.00986,119.67947,132.38237
forecast_0396,2025-01-17 12:00:00,259.55423,96.49822,259.2293
forecast_0397,2025-01-17 13:00:00,235.23296,106.974365,560.2882
forecast_0398,2025-01-17 14:00:00,278.57745,164.89561,1624.2821
forecast_0399,2025-01-17 15:00:00,497.95776,262.31708,2256.1309
forecast_0400,2025-01-17 16:00:00,857.07916,468.1292,2447.1792
forecast_0401,2025-01-17 17:00:00,1843.7917,1714.8191,3448.6133
forecast_0402,2025-01-17 18:00:00,3197.5283,2353.0486,5415.4014
forecast_0403,2025-01-17 19:00:00,5824.544,5377.59,7997.6714
forecast_0404,2025-01-17 20:00:00,7868.5767,7180.7524,9725.573
forecast_0405,2025-01-17 21:00:00,9936.172,6568.048,11176.397
forecast_0406,2025-01-17 22:00:00,11543.356,8159.5938,13212.65
forecast_0407,2025-01-17 23:00:00,11579.66,10192.269,14417.053
forecast_0408,2025-01-18 00:00:00,11409.342,10817.398,13734.066
forecast_0409,2025-01-18 01:00:00,14010.998,10979.747,12155.622
forecast_0410,2025-01-18 02:00:00,16162.382,6904.9995,9599.114
forecast_0411,2025-01-18 03:00:00,17866.57,5861.213,9832.17
forecast_0412,2025-01-18 04:00:00,18761.828,7373.9365,13424.086
forecast_0413,2025-01-18 05:00:00,18919.041,13488.906,16909.52
forecast_0414,2025-01-18 06:00:00,18634.691,15718.152,17374.125
forecast_0415,2025-01-18 07:00:00,15524.895,11210.409,13891.155
forecast_0416,2025-01-18 08:00:00,13156.449,5412.5474,9608.338
forecast_0417,2025-01-18 09:00:00,10908.283,3731.0562,4736.1123
forecast_0418,2025-01-18 10:00:00,6776.3916,1849.5767,1866.3254
forecast_0419,2025-01-18 11:00:00,1793.5197,1099.6926,1402.8416
forecast_0420,2025-01-18 12:00:00,647.65967,1119.8354,2069.0583
forecast_0421,2025-01-18 13:00:00,1013.9438,1773.8365,5995.172
forecast_0422,2025-01-18 14:00:00,1437.9908,1831.1644,4257.5586
forecast_0423,2025-01-18 15:00:00,1563.377,1966.6444,3081.5974
forecast_0424,2025-01-18 16:00:00,2664.7031,2418.1208,2547.1482
forecast_0425,2025-01-18 17:00:00,5285.0376,3298.9358,2355.362
forecast_0426,2025-01-18 18:00:00,10645.399,6334.684,2631.6646
forecast_0427,2025-01-18 19:00:00,15829.533,12151.679,4292.1343
forecast_0428,2025-01-18 20:00:00,18323.188,17031.652,9230.234
forecast_0429,2025-01-18 21:00:00,19821.588,19517.225,14955.97
forecast_0430,2025-01-18 22:00:00,20013.205,19951.389,17346.611
forecast_0431,2025-01-18 23:00:00,17846.432,19517.145,15675.057
forecast_0432,2025-01-19 00:00:00,17808.992,18057.863,11156.651
forecast_0433,2025-01-19 01:00:00,17494.408,17087.082,9874.684
forecast_0434,2025-01-19 02:00:00,17246.873,13980.008,8211.843
forecast_0435,2025-01-19 03:00:00,15940.985,16390.771,8383.569
forecast_0436,2025-01-19 04:00:00,15113.17,19004.307,11699.919
forecast_0437,2025-01-19 05:00:00,13485.4375,16984.055,13546.824
forecast_0438,2025-01-19 06:00:00,15210.425,14846.356,15188.935
forecast_0439,2025-01-19 07:00:00,16194.774,13954.394,14647.146
forecast_0440,2025-01-19 08:00:00,16932.824,14801.145,15405.733
forecast_0441,2025-01-19 09:00:00,15693.783,15963.529,14645.805
forecast_0442,2025-01-19 10:00:00,14377.089,16895.049,14412.86
forecast_0443,2025-01-19 11:00:00,12446.893,17321.896,11774.523
forecast_0444,2025-01-19 12:00:00,10925.973,17761.592,9723.081
forecast_0445,2025-01-19 13:00:00,11682.965,18324.912,7452.1904
forecast_0446,2025-01-19 14:00:00,11931.992,17563.459,6314.352
forecast_0447,2025-01-19 15:00:00,10985.138,15283.4375,5430.0137
forecast_0448,2025-01-19 16:00:00,8728.455,6668.501,3975.24
forecast_0449,2025-01-19 17:00:00,6669.0215,2626.0874,3893.2947
forecast_0450,2025-01-19 18:00:00,6167.9976,4486.4717,3312.3804
forecast_0451,2025-01-19 19:00:00,7413.467,10661.349,2986.327
forecast_0452,2025-01-19 20:00:00,5940.5137,15091.305,4130.6455
forecast_0453,2025-01-19 21:00:00,8076.7603,15269.69,5261.718
forecast_0454,2025-01-19 22:00:00,11682.968,12575.6,5953.9395
forecast_0455,2025-01-19 23:00:00,13813.453,8983.501,5663.6978
forecast_0456,2025-01-20 00:00:00,14606.335,8980.018,5933.4326
forecast_0457,2025-01-20 01:00:00,14218.975,10358.014,5679.118
forecast_0458,2025-01-20 02:00:00,11902.003,8495.16,4917.964
forecast_0459,2025-01-20 03:00:00,8543.461,4473.4087,4338.1836
forecast_0460,2025-01-20 04:00:00,7311.666,2163.4458,3486.8142
forecast_0461,2025-01-20 05:00:00,6717.9697,907.3139,3050.657
forecast_0462,2025-01-20 06:00:00,5169.084,794.42,3791.1667
forecast_0463,2025-01-20 07:00:00,3138.339,980.7225,4186.088
forecast_0464,2025-01-20 08:00:00,2337.2341,946.0058,2985.0981
forecast_0465,2025-01-20 09:00:00,1150.1248,557.7729,1223.9386
forecast_0466,2025-01-20 10:00:00,142.2811,246.7951,201.27881
forecast_0467,2025-01-20 11:00:00,76.50815,178.61244,100.81101
forecast_0468,2025-01-20 12:00:00,36.174946,142.73636,70.53989
forecast_0469,2025-01-20 13:00:00,20.396862,82.73255,80.97768
forecast_0470,2025-01-20 14:00:00,13.850931,101.74961,132.34682
forecast_0471,2025-01-20 15:00:00,20.352581,158.11139,238.42017
forecast_0472,2025-01-20 16:00:00,32.327755,189.74496,283.50156
forecast_0473,2025-01-20 17:00:00,62.050644,157.78802,328.18002
forecast_0474,2025-01-20 18:00:00,54.737,129.91422,293.90268
forecast_0475,2025-01-20 19:00:00,83.42515,173.51808,135.60263
forecast_0476,2025-01-20 20:00:00,151.9845,235.29353,55.45608
forecast_0477,2025-01-20 21:00:00,164.86674,250.92464,71.97468
forecast_0478,2025-01-20 22:00:00,85.1821,225.12871,206.84552
forecast_0479,2025-01-20 23:00:00,63.652397,162.68239,421.92462
forecast_0480,2025-01-21 00:00:00,59.445404,177.1578,1281.2208
forecast_0481,2025-01-21 01:00:00,69.65044,66.977394,3557.8674
forecast_0482,2025-01-21 02:00:00,495.77335,135.09917,5920.4316
forecast_0483,2025-01-21 03:00:00,1213.9574,342.1159,7060.398
forecast_0484,2025-01-21 04:00:00,2428.8074,785.18286,6468.4087
forecast_0485,2025-01-21 05:00:00,2517.3079,1402.0903,4052.2822
forecast_0486,2025-01-21 06:00:00,2295.4863,1118.9683,2434.27
forecast_0487,2025-01-21 07:00:00,1474.6549,1250.5826,1228.3574
forecast_0488,2025-01-21 08:00:00,1616.8358,2015.6915,716.2351
forecast_0489,2025-01-21 09:00:00,1703.9558,1678.4857,469.32126
forecast_0490,2025-01-21 10:00:00,716.86743,1123.2949,268.66208
forecast_0491,2025-01-21 11:00:00,260.32925,1340.9608,201.43362
forecast_0492,2025-01-21 12:00:00,187.78241,1726.5583,211.3118
forecast_0493,2025-01-21 13:00:00,625.1929,1683.924,289.9897
forecast_0494,2025-01-21 14:00:00,1484.1082,1651.7075,346.6792
forecast_0495,2025-01-21 15:00:00,2755.0427,3433.4312,528.9665
forecast_0496,2025-01-21 16:00:00,2828.8977,4690.4326,839.6015
forecast_0497,2025-01-21 17:00:00,2265.4043,4955.6074,1590.0737
forecast_0498,2025-01-21 18:00:00,2902.4836,6255.7646,3951.26
forecast_0499,2025-01-21 19:00:00,6906.1636,6659.4644,6377.6255
forecast_0500,2025-01-21 20:00:00,9626.822,9916.94,10175.611
forecast_0501,2025-01-21 21:00:00,11125.958,14119.944,15491.132
forecast_0502,2025-01-21 22:00:00,12594.915,13616.937,18619.332
forecast_0503,2025-01-21 23:00:00,14557.471,13069.911,18023.06
forecast_0504,2025-01-22 00:00:00,15717.623,11755.017,16248.875
forecast_0505,2025-01-22 01:00:00,16884.082,10659.537,15442.704
forecast_0506,2025-01-22 02:00:00,13271.432,7083.373,11823.919
forecast_0507,2025-01-22 03:00:00,12522.319,5666.22,11237.372
forecast_0508,2025-01-22 04:00:00,13011.201,6399.2637,12227.756
forecast_0509,2025-01-22 05:00:00,12504.149,10272.107,13962.538
forecast_0510,2025-01-22 06:00:00,11691.397,12927.671,14613.771
forecast_0511,2025-01-22 07:00:00,12002.425,13276.97,15391.021
forecast_0512,2025-01-22 08:00:00,11894.622,11921.77,15261.451
forecast_0513,2025-01-22 09:00:00,11374.475,9990.341,15326.3955
forecast_0514,2025-01-22 10:00:00,11590.576,8770.318,13612.394
forecast_0515,2025-01-22 11:00:00,8850.273,8851.172,11959.155
forecast_0516,2025-01-22 12:00:00,6214.051,7736.938,8704.997
forecast_0517,2025-01-22 13:00:00,4607.2246,5517.8315,6615.2617
forecast_0518,2025-01-22 14:00:00,4098.0835,3874.2349,4760.702
forecast_0519,2025-01-22 15:00:00,4002.3792,3714.3845,3138.7424
forecast_0520,2025-01-22 16:00:00,3572.5063,3330.5317,1887.553
forecast_0521,2025-01-22 17:00:00,5436.342,4519.063,2995.1348
forecast_0522,2025-01-22 18:00:00,6418.957,4192.499,2220.725
forecast_0523,2025-01-22 19:00:00,9008.477,5537.0693,3066.8398
forecast_0524,2025-01-22 20:00:00,9038.732,5517.309,3835.144
forecast_0525,2025-01-22 21:00:00,11072.469,7236.2144,5448.0444
forecast_0526,2025-01-22 22:00:00,14181.422,10768.996,5349.5977
forecast_0527,2025-01-22 23:00:00,15579.354,11506.043,5268.068
forecast_0528,2025-01-23 00:00:00,13784.163,10366.12,5153.267
forecast_0529,2025-01-23 01:00:00,11799.805,7511.7754,5294.0654
forecast_0530,2025-01-23 02:00:00,14448.302,13165.4,8468.454
forecast_0531,2025-01-23 03:00:00,11902.634,12596.302,9010.298
forecast_0532,2025-01-23 04:00:00,13045.736,14451.313,9300.302
forecast_0533,2025-01-23 05:00:00,12076.983,13601.099,9525.67
forecast_0534,2025-01-23 06:00:00,10198.704,12029.419,10508.204
forecast_0535,2025-01-23 07:00:00,10288.032,11433.164,11566.243
forecast_0536,2025-01-23 08:00:00,9400.372,10938.291,11168.183
forecast_0537,2025-01-23 09:00:00,7523.53,9582.975,9407.289
forecast_0538,2025-01-23 10:00:00,4570.7114,4266.651,6003.6177
forecast_0539,2025-01-23 11:00:00,3676.3137,1108.2186,4210.9453
forecast_0540,2025-01-23 12:00:00,2931.544,677.1941,3224.7395
forecast_0541,2025-01-23 13:00:00,2744.6772,1023.0511,3370.615
forecast_0542,2025-01-23 14:00:00,2987.4902,1403.4526,3443.211
forecast_0543,2025-01-23 15:00:00,3785.9155,1032.1105,2774.9214
forecast_0544,2025-01-23 16:00:00,3429.1577,774.5172,1556.9017
forecast_0545,2025-01-23 17:00:00,2185.2979,625.85834,1275.6432
forecast_0546,2025-01-23 18:00:00,930.30225,626.8225,815.4666
forecast_0547,2025-01-23 19:00:00,2888.9734,987.095,1919.6619
forecast_0548,2025-01-23 20:00:00,9054.057,1309.7582,3438.3328
forecast_0549,2025-01-23 21:00:00,10761.057,1385.863,3753.6147
forecast_0550,2025-01-23 22:00:00,5446.5815,646.15857,3817.4272
forecast_0551,2025-01-23 23:00:00,2287.7603,405.7473,3726.141
forecast_0552,2025-01-24 00:00:00,1683.368,464.62592,3847.825
forecast_0553,2025-01-24 01:00:00,1847.5592,258.36386,2211.3022
forecast_0554,2025-01-24 02:00:00,1481.4938,143.0723,492.89728
forecast_0555,2025-01-24 03:00:00,1152.4768,178.28629,132.1016
forecast_0556,2025-01-24 04:00:00,980.7801,255.06221,157.34453
forecast_0557,2025-01-24 05:00:00,968.42487,417.3679,206.77094
forecast_0558,2025-01-24 06:00:00,435.20782,337.8944,102.985664
forecast_0559,2025-01-24 07:00:00,627.531,472.1304,69.649666
forecast_0560,2025-01-24 08:00:00,588.0131,373.22162,57.669968
forecast_0561,2025-01-24 09:00:00,745.3145,388.7687,69.242455
forecast_0562,2025-01-24 10:00:00,509.29306,222.5117,80.62771
forecast_0563,2025-01-24 11:00:00,392.35104,139.50275,90.97527
forecast_0564,2025-01-24 12:00:00,313.92633,95.19773,93.31447
forecast_0565,2025-01-24 13:00:00,190.81117,50.445053,85.66676
forecast_0566,2025-01-24 14:00:00,123.5708,41.723846,104.03844
forecast_0567,2025-01-24 15:00:00,61.321564,44.309174,122.88436
forecast_0568,2025-01-24 16:00:00,56.079193,78.9811,120.84223
forecast_0569,2025-01-24 17:00:00,82.486786,176.24197,133.54631
forecast_0570,2025-01-24 18:00:00,180.12161,384.28888,158.97694
forecast_0571,2025-01-24 19:00:00,290.36377,683.76276,173.25627
forecast_0572,2025-01-24 20:00:00,917.0999,1445.3398,398.55032
forecast_0573,2025-01-24 21:00:00,1180.2596,1932.9448,1136.2069
forecast_0574,2025-01-24 22:00:00,830.21857,2363.838,904.8956
forecast_0575,2025-01-24 23:00:00,733.7556,2965.7769,603.0718
forecast_0576,2025-01-25 00:00:00,664.4211,3326.3755,287.40317
forecast_0577,2025-01-25 01:00:00,1090.9806,5019.6577,149.19316
forecast_0578,2025-01-25 02:00:00,308.0067,786.226,107.42989
forecast_0579,2025-01-25 03:00:00,439.08582,1083.1654,64.431274
forecast_0580,2025-01-25 04:00:00,967.1649,2894.0627,51.327354
forecast_0581,2025-01-25 05:00:00,1291.3066,4851.427,52.27177
forecast_0582,2025-01-25 06:00:00,838.492,5242.187,49.44432
forecast_0583,2025-01-25 07:00:00,604.83624,4465.2866,51.547096
forecast_0584,2025-01-25 08:00:00,697.77,4331.0825,62.935368
forecast_0585,2025-01-25 09:00:00,404.29892,3795.34,64.530075
forecast_0586,2025-01-25 10:00:00,152.0305,3068.6523,63.453663
forecast_0587,2025-01-25 11:00:00,64.25279,2946.0664,72.367355
forecast_0588,2025-01-25 12:00:00,39.278694,2454.6729,70.36117
forecast_0589,2025-01-25 13:00:00,41.88807,1861.4875,68.16974
forecast_0590,2025-01-25 14:00:00,45.28033,1005.32715,63.441658
forecast_0591,2025-01-25 15:00:00,52.397285,586.2118,65.550865
forecast_0592,2025-01-25 16:00:00,42.505608,182.0507,56.332085
forecast_0593,2025-01-25 17:00:00,56.068897,109.836136,50.74554
forecast_0594,2025-01-25 18:00:00,93.96793,187.49132,52.90746
forecast_0595,2025-01-25 19:00:00,184.46848,385.5237,56.576607
forecast_0596,2025-01-25 20:00:00,251.78786,284.79834,61.9835
forecast_0597,2025-01-25 21:00:00,324.9756,48.0436,71.41691
forecast_0598,2025-01-25 22:00:00,449.666,34.00547,79.99969
forecast_0599,2025-01-25 23:00:00,390.45084,34.80055,78.77731
forecast_0600,2025-01-26 00:00:00,351.0854,45.43893,95.85649
forecast_0601,2025-01-26 01:00:00,230.6659,27.773018,126.196754
forecast_0602,2025-01-26 02:00:00,384.75806,24.600115,129.50409
forecast_0603,2025-01-26 03:00:00,270.3435,15.791982,99.852844
forecast_0604,2025-01-26 04:00:00,222.28688,14.429023,99.78042
forecast_0605,2025-01-26 05:00:00,183.78748,11.4824915,70.24116
forecast_0606,2025-01-26 06:00:00,105.7953,8.370466,68.17822
forecast_0607,2025-01-26 07:00:00,49.97792,8.329528,68.11267
forecast_0608,2025-01-26 08:00:00,31.029823,9.254029,72.84783
forecast_0609,2025-01-26 09:00:00,29.700415,9.342186,66.14677
forecast_0610,2025-01-26 10:00:00,34.551044,8.680647,54.21064
forecast_0611,2025-01-26 11:00:00,39.071945,11.651959,36.82956
forecast_0612,2025-01-26 12:00:00,39.028076,11.358894,26.437582
forecast_0613,2025-01-26 13:00:00,36.027664,10.540813,21.65617
forecast_0614,2025-01-26 14:00:00,35.994305,9.935743,26.35823
forecast_0615,2025-01-26 15:00:00,27.940845,11.664133,43.457817
forecast_0616,2025-01-26 16:00:00,17.46926,13.225733,71.24701
forecast_0617,2025-01-26 17:00:00,15.71418,20.839748,90.04912
forecast_0618,2025-01-26 18:00:00,23.548733,22.339798,154.85954
forecast_0619,2025-01-26 19:00:00,27.593119,19.144527,212.17656
forecast_0620,2025-01-26 20:00:00,27.935963,20.015604,185.50227
forecast_0621,2025-01-26 21:00:00,47.53237,17.922918,190.7518
forecast_0622,2025-01-26 22:00:00,94.57573,26.642698,258.804
forecast_0623,2025-01-26 23:00:00,78.52168,37.47901,362.32138
forecast_0624,2025-01-27 00:00:00,90.85915,26.365623,182.3632
forecast_0625,2025-01-27 01:00:00,113.17975,23.68145,167.74312
forecast_0626,2025-01-27 02:00:00,190.10518,21.261497,284.11322
forecast_0627,2025-01-27 03:00:00,175.42442,46.08982,277.0945
forecast_0628,2025-01-27 04:00:00,116.377686,98.4699,267.09412
forecast_0629,2025-01-27 05:00:00,70.8532,122.79143,262.10947
forecast_0630,2025-01-27 06:00:00,63.784073,120.54376,158.08284
forecast_0631,2025-01-27 07:00:00,52.01859,46.1601,81.888535
forecast_0632,2025-01-27 08:00:00,37.04569,44.271152,67.58692
forecast_0633,2025-01-27 09:00:00,46.460968,34.26908,58.079617
forecast_0634,2025-01-27 10:00:00,117.74347,33.481537,38.977325
forecast_0635,2025-01-27 11:00:00,204.84767,42.502777,35.936905
forecast_0636,2025-01-27 12:00:00,475.88474,127.11819,100.80662
forecast_0637,2025-01-27 13:00:00,1636.6517,3512.262,377.0746
forecast_0638,2025-01-27 14:00:00,9433.696,5995.013,2294.3728
forecast_0639,2025-01-27 15:00:00,8671.604,9592.381,10027.665
forecast_0640,2025-01-27 16:00:00,10614.379,13801.965,14878.952
forecast_0641,2025-01-27 17:00:00,11887.1455,15863.892,15387.991
forecast_0642,2025-01-27 18:00:00,13777.716,17732.648,15893.363
forecast_0643,2025-01-27 19:00:00,13137.231,17956.246,18379.09
forecast_0644,2025-01-27 20:00:00,13614.547,17841.748,19157.643
forecast_0645,2025-01-27 21:00:00,15453.526,17187.11,19139.473
forecast_0646,2025-01-27 22:00:00,16716.832,17111.896,18623.438
forecast_0647,2025-01-27 23:00:00,14846.106,16932.738,17674.168
forecast_0648,2025-01-28 00:00:00,14141.301,17045.912,16741.535
forecast_0649,2025-01-28 01:00:00,14058.524,16654.441,15975.629
forecast_0650,2025-01-28 02:00:00,13346.504,16209.795,15899.17
forecast_0651,2025-01-28 03:00:00,13058.026,15671.9375,15679.879
forecast_0652,2025-01-28 04:00:00,12868.669,15334.866,15358.178
forecast_0653,2025-01-28 05:00:00,12713.267,15003.795,14033.186
forecast_0654,2025-01-28 06:00:00,12004.354,14852.304,12759.005
forecast_0655,2025-01-28 07:00:00,12068.2295,14834.466,12299.171
forecast_0656,2025-01-28 08:00:00,12414.524,15226.576,11964.177
forecast_0657,2025-01-28 09:00:00,13100.965,15544.468,11875.8545
forecast_0658,2025-01-28 10:00:00,13877.177,14904.541,11504.23
forecast_0659,2025-01-28 11:00:00,17314.412,13672.496,11623.396
forecast_0660,2025-01-28 12:00:00,17668.344,13886.408,13284.827
forecast_0661,2025-01-28 13:00:00,17724.773,14292.432,13885.963
forecast_0662,2025-01-28 14:00:00,17708.322,14701.365,13819.364
forecast_0663,2025-01-28 15:00:00,17488.848,15400.163,13749.32
forecast_0664,2025-01-28 16:00:00,16818.518,15831.597,13757.653
forecast_0665,2025-01-28 17:00:00,16601.512,16217.991,13766.455
forecast_0666,2025-01-28 18:00:00,16391.941,15747.587,13905.2705
forecast_0667,2025-01-28 19:00:00,15996.217,15246.481,14017.478
forecast_0668,2025-01-28 20:00:00,16139.91,15402.173,14306.884
forecast_0669,2025-01-28 21:00:00,15930.74,15668.486,14687.947
forecast_0670,2025-01-28 22:00:00,16040.899,16087.733,15113.437
forecast_0671,2025-01-28 23:00:00,15958.284,16696.564,15412.718
forecast_0672,2025-01-29 00:00:00,15967.313,16821.588,15491.067
forecast_0673,2025-01-29 01:00:00,15641.371,16009.008,15744.806
forecast_0674,2025-01-29 02:00:00,15095.777,14928.272,16299.765
forecast_0675,2025-01-29 03:00:00,14831.37,14961.356,17265.143
forecast_0676,2025-01-29 04:00:00,14369.438,14809.619,18047.262
forecast_0677,2025-01-29 05:00:00,14566.028,15074.017,18462.453
forecast_0678,2025-01-29 06:00:00,14810.195,15471.024,18681.074
forecast_0679,2025-01-29 07:00:00,14902.843,15588.966,18339.332
forecast_0680,2025-01-29 08:00:00,15008.354,15567.831,17802.197
forecast_0681,2025-01-29 09:00:00,15147.961,15345.412,16899.438
forecast_0682,2025-01-29 10:00:00,15114.607,15029.495,15630.059
forecast_0683,2025-01-29 11:00:00,14913.157,14909.888,14912.076
forecast_0684,2025-01-29 12:00:00,14834.084,15339.908,14968.896
forecast_0685,2025-01-29 13:00:00,14459.772,15966.476,14590.709
forecast_0686,2025-01-29 14:00:00,14673.762,15937.865,14503.672
forecast_0687,2025-01-29 15:00:00,14467.7,15145.506,13894.435
forecast_0688,2025-01-29 16:00:00,14517.663,14347.215,13319.393
forecast_0689,2025-01-29 17:00:00,14749.418,13661.255,13557.624
forecast_0690,2025-01-29 18:00:00,14839.399,12716.948,14058.675
forecast_0691,2025-01-29 19:00:00,15306.908,12134.479,14609.348
forecast_0692,2025-01-29 20:00:00,15837.374,12371.757,15462.135
forecast_0693,2025-01-29 21:00:00,15834.065,12620.209,15916.208
forecast_0694,2025-01-29 22:00:00,15932.36,12810.183,16178.98
forecast_0695,2025-01-29 23:00:00,15799.8125,12590.319,16463.352
forecast_0696,2025-01-30 00:00:00,15747.163,12117.342,16464.945
forecast_0697,2025-01-30 01:00:00,15714.355,11704.026,15908.589
forecast_0698,2025-01-30 02:00:00,15036.147,12017.433,14624.926
forecast_0699,2025-01-30 03:00:00,15109.069,12834.875,13331.86
forecast_0700,2025-01-30 04:00:00,15261.404,13897.999,12562.341
forecast_0701,2025-01-30 05:00:00,15240.582,15236.517,12041.03
forecast_0702,2025-01-30 06:00:00,15005.396,16381.566,11506.932
forecast_0703,2025-01-30 07:00:00,14369.389,16962.045,11225.3125
forecast_0704,2025-01-30 08:00:00,13982.9795,17150.064,11252.117
forecast_0705,2025-01-30 09:00:00,14515.483,17367.645,11298.788
forecast_0706,2025-01-30 10:00:00,15171.224,17480.13,11174.972
forecast_0707,2025-01-30 11:00:00,15047.825,15764.854,11448.571
forecast_0708,2025-01-30 12:00:00,14848.553,13181.49,11461.573
forecast_0709,2025-01-30 13:00:00,14605.36,13793.569,11885.761
forecast_0710,2025-01-30 14:00:00,14071.164,12982.997,10997.963
forecast_0711,2025-01-30 15:00:00,13636.275,12420.618,10125.75
forecast_0712,2025-01-30 16:00:00,12717.081,12651.008,13100.888
forecast_0713,2025-01-30 17:00:00,11894.953,11351.801,12591.019
forecast_0714,2025-01-30 18:00:00,11208.885,12500.709,11387.241
forecast_0715,2025-01-30 19:00:00,11606.857,13782.2705,14551.338
forecast_0716,2025-01-30 20:00:00,9320.871,14484.053,11952.047
forecast_0717,2025-01-30 21:00:00,8527.703,15619.036,11615.591
forecast_0718,2025-01-30 22:00:00,9521.995,16162.088,14034.887
forecast_0719,2025-01-30 23:00:00,10438.495,16741.564,15993.303
forecast_0720,2025-01-31 00:00:00,9150.863,17443.953,16573.295
forecast_0721,2025-01-31 01:00:00,8453.872,17361.662,15593.414
forecast_0722,2025-01-31 02:00:00,8786.862,16850.92,15367.837
forecast_0723,2025-01-31 03:00:00,6685.336,15872.104,15550.334
forecast_0724,2025-01-31 04:00:00,6122.4473,15530.775,15275.169
forecast_0725,2025-01-31 05:00:00,5917.4336,15731.044,15018.516
forecast_0726,2025-01-31 06:00:00,6038.674,15009.256,14997.906
forecast_0727,2025-01-31 07:00:00,7293.8823,14859.757,15637.105
forecast_0728,2025-01-31 08:00:00,7964.927,14771.198,16210.3955
forecast_0729,2025-01-31 09:00:00,6983.984,14717.306,16296.665
forecast_0730,2025-01-31 10:00:00,3923.3438,11917.947,15392.489
forecast_0731,2025-01-31 11:00:00,3552.4353,8404.209,12842.37
forecast_0732,2025-01-31 12:00:00,5953.275,9040.516,11425.583
forecast_0733,2025-01-31 13:00:00,8798.475,6760.6807,13786.271
forecast_0734,2025-01-31 14:00:00,10010.149,4357.9507,10804.866
forecast_0735,2025-01-31 15:00:00,10119.249,3587.4944,3592.7634
forecast_0736,2025-01-31 16:00:00,6977.878,2200.0776,2190.8582
forecast_0737,2025-01-31 17:00:00,5138.9463,2357.947,1923.1029
forecast_0738,2025-01-31 18:00:00,5449.163,2847.5083,1601.0665
forecast_0739,2025-01-31 19:00:00,4125.513,3971.3108,1479.9758
forecast_0740,2025-01-31 20:00:00,2627.6316,6415.357,1472.4122
forecast_0741,2025-01-31 21:00:00,1262.0839,7825.213,1460.5544
forecast_0742,2025-01-31 22:00:00,1358.8452,9365.28,2573.0388
forecast_0743,2025-01-31 23:00:00,711.9067,9334.986,3972.6753
forecast_0744,2025-02-01 00:00:00,658.5745,8739.235,5318.1636
forecast_0745,2025-02-01 01:00:00,449.65106,4190.367,5641.575
forecast_0746,2025-02-01 02:00:00,883.13367,3427.49,6274.5474
forecast_0747,2025-02-01 03:00:00,694.9563,2112.0503,5100.252
forecast_0748,2025-02-01 04:00:00,561.5964,870.5059,3647.564
forecast_0749,2025-02-01 05:00:00,223.32257,582.7988,1078.2391
forecast_0750,2025-02-01 06:00:00,172.37149,574.042,728.01685
forecast_0751,2025-02-01 07:00:00,82.6364,484.9645,89.57757
forecast_0752,2025-02-01 08:00:00,186.32225,627.7784,45.508232
forecast_0753,2025-02-01 09:00:00,236.45651,583.0374,70.647545
forecast_0754,2025-02-01 10:00:00,103.7698,463.133,96.04655
forecast_0755,2025-02-01 11:00:00,41.976315,405.28275,135.67473
forecast_0756,2025-02-01 12:00:00,27.298304,284.1646,290.0778
forecast_0757,2025-02-01 13:00:00,23.708311,192.6986,390.42966
forecast_0758,2025-02-01 14:00:00,20.44223,111.09984,331.80917
forecast_0759,2025-02-01 15:00:00,28.12052,109.20402,403.52045
forecast_0760,2025-02-01 16:00:00,27.641687,145.9368,423.67154
forecast_0761,2025-02-01 17:00:00,25.122623,137.26445,289.02377
forecast_0762,2025-02-01 18:00:00,25.023054,139.82855,176.35187
forecast_0763,2025-02-01 19:00:00,22.758062,81.01454,89.71497
forecast_0764,2025-02-01 20:00:00,20.28015,40.973297,47.34372
forecast_0765,2025-02-01 21:00:00,19.622442,29.687973,31.296623
forecast_0766,2025-02-01 22:00:00,17.582779,16.705297,20.858574
forecast_0767,2025-02-01 23:00:00,20.776804,25.243021,22.149132
forecast_0768,2025-02-02 00:00:00,19.13457,18.68701,26.50133
forecast_0769,2025-02-02 01:00:00,18.948267,17.011292,49.35803
forecast_0770,2025-02-02 02:00:00,16.048542,15.358696,99.97148
forecast_0771,2025-02-02 03:00:00,29.85645,29.973515,122.987274
forecast_0772,2025-02-02 04:00:00,41.512627,55.706024,90.71485
forecast_0773,2025-02-02 05:00:00,66.19365,107.12156,63.021294
forecast_0774,2025-02-02 06:00:00,117.752235,144.5347,43.576023
forecast_0775,2025-02-02 07:00:00,94.059,102.79239,25.806274
forecast_0776,2025-02-02 08:00:00,48.137638,112.65037,35.634537
forecast_0777,2025-02-02 09:00:00,46.174377,207.8658,56.445385
forecast_0778,2025-02-02 10:00:00,46.823547,233.6829,75.23453
forecast_0779,2025-02-02 11:00:00,53.41913,424.8267,62.167244
forecast_0780,2025-02-02 12:00:00,91.103226,516.86304,55.944763
forecast_0781,2025-02-02 13:00:00,201.5826,829.0842,76.70702
forecast_0782,2025-02-02 14:00:00,245.6238,546.34534,114.9112
forecast_0783,2025-02-02 15:00:00,294.37753,357.60178,359.79865
forecast_0784,2025-02-02 16:00:00,287.57578,195.68198,806.52246
forecast_0785,2025-02-02 17:00:00,632.39294,389.55603,1556.1085
forecast_0786,2025-02-02 18:00:00,1002.8252,720.68005,1920.9799
forecast_0787,2025-02-02 19:00:00,3388.7185,1236.7637,2758.2764
forecast_0788,2025-02-02 20:00:00,6662.2866,2267.3054,4831.4277
forecast_0789,2025-02-02 21:00:00,6477.9917,4683.09,7442.228
forecast_0790,2025-02-02 22:00:00,6320.466,5994.952,10989.259
forecast_0791,2025-02-02 23:00:00,7461.884,6221.4424,14897.686
forecast_0792,2025-02-03 00:00:00,9076.991,8384.74,17417.43
forecast_0793,2025-02-03 01:00:00,12313.094,13393.092,18384.752
forecast_0794,2025-02-03 02:00:00,17390.17,17898.158,17794.254
forecast_0795,2025-02-03 03:00:00,19869.389,19230.178,18559.885
forecast_0796,2025-02-03 04:00:00,19724.975,18623.342,18957.977
forecast_0797,2025-02-03 05:00:00,18680.666,16612.135,17758.852
forecast_0798,2025-02-03 06:00:00,17799.346,16041.987,14635.709
forecast_0799,2025-02-03 07:00:00,17888.748,16003.9,13579.623
forecast_0800,2025-02-03 08:00:00,17756.385,16469.617,13861.309
forecast_0801,2025-02-03 09:00:00,17226.021,17241.678,13390.983
forecast_0802,2025-02-03 10:00:00,16809.287,17385.54,12648.949
forecast_0803,2025-02-03 11:00:00,16359.606,16104.384,10026.646
forecast_0804,2025-02-03 12:00:00,16488.678,16345.388,9401.902
forecast_0805,2025-02-03 13:00:00,16809.531,16158.025,10154.035
forecast_0806,2025-02-03 14:00:00,15716.037,15013.242,10290.021
forecast_0807,2025-02-03 15:00:00,15275.522,13075.953,9717.84
forecast_0808,2025-02-03 16:00:00,15400.654,11896.491,10483.502
forecast_0809,2025-02-03 17:00:00,15162.563,10708.6455,10553.967
forecast_0810,2025-02-03 18:00:00,15107.193,12260.384,11158.138
forecast_0811,2025-02-03 19:00:00,14668.682,13734.502,13545.37
forecast_0812,2025-02-03 20:00:00,14996.146,14606.936,15459.034
forecast_0813,2025-02-03 21:00:00,14713.636,14962.009,14517.235
forecast_0814,2025-02-03 22:00:00,14631.982,15030.484,14744.85
forecast_0815,2025-02-03 23:00:00,14749.643,14850.299,15459.789
forecast_0816,2025-02-04 00:00:00,14902.977,14691.275,15509.818
forecast_0817,2025-02-04 01:00:00,15216.302,14619.195,14795.389
forecast_0818,2025-02-04 02:00:00,15412.787,15220.653,13489.11
forecast_0819,2025-02-04 03:00:00,16189.201,15741.799,12332.438
forecast_0820,2025-02-04 04:00:00,16000.225,15538.155,11186.709
forecast_0821,2025-02-04 05:00:00,15820.284,14839.297,10264.799
forecast_0822,2025-02-04 06:00:00,16209.186,13165.298,9680.441
forecast_0823,2025-02-04 07:00:00,16685.498,12294.305,9194.916
forecast_0824,2025-02-04 08:00:00,16084.399,12872.348,8281.594
forecast_0825,2025-02-04 09:00:00,15647.285,13220.674,7318.3564
forecast_0826,2025-02-04 10:00:00,14456.828,12963.683,7434.488
forecast_0827,2025-02-04 11:00:00,13971.033,11204.701,10295.297
forecast_0828,2025-02-04 12:00:00,14560.566,8917.926,14960.246
forecast_0829,2025-02-04 13:00:00,14756.351,7207.186,15966.724
forecast_0830,2025-02-04 14:00:00,15012.558,5694.569,14352.452
forecast_0831,2025-02-04 15:00:00,15501.489,4787.085,12296.766
forecast_0832,2025-02-04 16:00:00,16197.999,4731.5894,11343.988
forecast_0833,2025-02-04 17:00:00,16352.1455,5290.542,12531.54
forecast_0834,2025-02-04 18:00:00,15906.5205,5777.747,13310.439
forecast_0835,2025-02-04 19:00:00,15062.03,5744.246,13454.157
forecast_0836,2025-02-04 20:00:00,14159.718,5920.103,12048.1455
forecast_0837,2025-02-04 21:00:00,14291.755,7438.794,12928.127
forecast_0838,2025-02-04 22:00:00,14844.94,8480.487,13893.416
forecast_0839,2025-02-04 23:00:00,15445.36,9839.039,14132.745
forecast_0840,2025-02-05 00:00:00,14567.9795,11872.53,13190.366
forecast_0841,2025-02-05 01:00:00,14942.646,13329.802,11925.827
forecast_0842,2025-02-05 02:00:00,15642.656,14341.902,9565.777
forecast_0843,2025-02-05 03:00:00,15381.197,14454.815,7753.6953
forecast_0844,2025-02-05 04:00:00,14771.604,14584.214,6719.8823
forecast_0845,2025-02-05 05:00:00,14681.313,15136.793,6456.232
forecast_0846,2025-02-05 06:00:00,15188.429,15789.901,6286.959
forecast_0847,2025-02-05 07:00:00,16082.877,15968.8545,6082.5664
forecast_0848,2025-02-05 08:00:00,16566.734,15834.243,6293.291
forecast_0849,2025-02-05 09:00:00,16554.947,15875.956,6376.2007
forecast_0850,2025-02-05 10:00:00,16359.66,15982.286,6672.71
forecast_0851,2025-02-05 11:00:00,16518.617,16198.161,9270.424
forecast_0852,2025-02-05 12:00:00,16356.981,16741.4,11658.393
forecast_0853,2025-02-05 13:00:00,16134.144,17064.855,12949.627
forecast_0854,2025-02-05 14:00:00,16403.154,17263.58,13833.662
forecast_0855,2025-02-05 15:00:00,16382.367,17284.182,12789.266
forecast_0856,2025-02-05 16:00:00,16348.887,17486.484,11648.172
forecast_0857,2025-02-05 17:00:00,16254.976,17803.512,11688.679
forecast_0858,2025-02-05 18:00:00,15927.742,17926.672,12067.127
forecast_0859,2025-02-05 19:00:00,15477.0205,17634.441,13541.889
forecast_0860,2025-02-05 20:00:00,15026.297,17183.023,15187.871
forecast_0861,2025-02-05 21:00:00,14993.688,16611.047,16577.79
forecast_0862,2025-02-05 22:00:00,15226.133,15664.248,16620.709
forecast_0863,2025-02-05 23:00:00,15327.168,14961.074,16130.385
forecast_0864,2025-02-06 00:00:00,15596.092,13953.786,16041.436
forecast_0865,2025-02-06 01:00:00,15800.37,13240.871,15984.945
forecast_0866,2025-02-06 02:00:00,15971.623,13623.057,15599.189
forecast_0867,2025-02-06 03:00:00,16547.148,15719.337,14554.949
forecast_0868,2025-02-06 04:00:00,16687.904,16627.89,13031.204
forecast_0869,2025-02-06 05:00:00,16789.258,16576.275,11837.137
forecast_0870,2025-02-06 06:00:00,16473.928,15586.685,11072.957
forecast_0871,2025-02-06 07:00:00,15985.547,14938.076,10300.673
forecast_0872,2025-02-06 08:00:00,15303.596,14687.251,9315.434
forecast_0873,2025-02-06 09:00:00,14820.571,14363.713,8121.319
forecast_0874,2025-02-06 10:00:00,14528.591,13960.418,6774.8926
forecast_0875,2025-02-06 11:00:00,14281.716,12226.925,5873.3784
forecast_0876,2025-02-06 12:00:00,14123.358,11714.97,6505.495
forecast_0877,2025-02-06 13:00:00,13844.48,12091.75,8620.557
forecast_0878,2025-02-06 14:00:00,13855.074,12775.619,10634.007
forecast_0879,2025-02-06 15:00:00,14204.627,13273.476,12703.059
forecast_0880,2025-02-06 16:00:00,15293.166,13994.176,13015.387
forecast_0881,2025-02-06 17:00:00,15137.98,13587.698,12900.699
forecast_0882,2025-02-06 18:00:00,15095.915,13835.608,12923.266
forecast_0883,2025-02-06 19:00:00,14446.787,12925.8955,13789.62
forecast_0884,2025-02-06 20:00:00,14848.48,12503.546,14612.915
forecast_0885,2025-02-06 21:00:00,14870.726,12197.295,14996.623
forecast_0886,2025-02-06 22:00:00,14673.959,11975.434,14958.548
forecast_0887,2025-02-06 23:00:00,14743.978,11802.551,13482.224
forecast_0888,2025-02-07 00:00:00,14527.211,10753.628,13344.564
forecast_0889,2025-02-07 01:00:00,14494.804,10417.856,12253.453
forecast_0890,2025-02-07 02:00:00,14141.964,8638.691,10194.166
forecast_0891,2025-02-07 03:00:00,12196.117,8178.5337,9010.617
forecast_0892,2025-02-07 04:00:00,9180.674,8825.202,8487.22
forecast_0893,2025-02-07 05:00:00,5519.8535,9065.167,7486.3955
forecast_0894,2025-02-07 06:00:00,3353.3552,8426.363,6518.2427
forecast_0895,2025-02-07 07:00:00,1979.4785,7560.7964,5319.3765
forecast_0896,2025-02-07 08:00:00,1571.005,6916.941,6739.114
forecast_0897,2025-02-07 09:00:00,1800.3419,6148.4316,7870.7485
forecast_0898,2025-02-07 10:00:00,2355.2964,5699.9004,8901.255
forecast_0899,2025-02-07 11:00:00,3567.9878,7192.0996,10872.743
forecast_0900,2025-02-07 12:00:00,4245.61,8443.557,10322.3
forecast_0901,2025-02-07 13:00:00,4932.476,9090.582,10534.893
forecast_0902,2025-02-07 14:00:00,5134.7637,9102.283,9729.552
forecast_0903,2025-02-07 15:00:00,5867.54,8798.986,9049.61
forecast_0904,2025-02-07 16:00:00,7147.9316,8509.289,8322.597
forecast_0905,2025-02-07 17:00:00,8669.353,9111.144,7827.0024
forecast_0906,2025-02-07 18:00:00,9663.406,10884.524,8583.58
forecast_0907,2025-02-07 19:00:00,10199.76,11634.571,9709.315
forecast_0908,2025-02-07 20:00:00,9767.521,11477.589,10559.126
forecast_0909,2025-02-07 21:00:00,8959.448,12744.082,13662.26
forecast_0910,2025-02-07 22:00:00,8783.86,14817.301,15288.7
forecast_0911,2025-02-07 23:00:00,8701.939,15899.13,14515.527
forecast_0912,2025-02-08 00:00:00,9207.505,16950.0,14115.901
forecast_0913,2025-02-08 01:00:00,11192.616,17710.547,13347.79
forecast_0914,2025-02-08 02:00:00,12412.581,17777.902,11618.214
forecast_0915,2025-02-08 03:00:00,14790.025,17998.777,9964.579
forecast_0916,2025-02-08 04:00:00,15260.696,18087.525,9201.692
forecast_0917,2025-02-08 05:00:00,15353.022,17570.219,8302.04
forecast_0918,2025-02-08 06:00:00,15410.905,16994.469,7811.1914
forecast_0919,2025-02-08 07:00:00,15371.562,16316.352,7228.559
forecast_0920,2025-02-08 08:00:00,13454.508,14614.247,6475.7534
forecast_0921,2025-02-08 09:00:00,11902.913,9696.03,5569.489
forecast_0922,2025-02-08 10:00:00,5468.8027,5443.858,4004.003
forecast_0923,2025-02-08 11:00:00,1348.2058,4236.5503,2922.0435
forecast_0924,2025-02-08 12:00:00,955.598,3384.3125,3233.087
forecast_0925,2025-02-08 13:00:00,698.47064,2008.9453,3706.2388
forecast_0926,2025-02-08 14:00:00,601.81134,844.48065,3435.355
forecast_0927,2025-02-08 15:00:00,690.4665,813.13965,3336.4773
forecast_0928,2025-02-08 16:00:00,1016.17725,1955.6425,3241.1697
forecast_0929,2025-02-08 17:00:00,1478.1232,2859.8904,3508.7861
forecast_0930,2025-02-08 18:00:00,1914.6361,3078.4453,3282.8606
forecast_0931,2025-02-08 19:00:00,3907.578,5969.937,4606.948
forecast_0932,2025-02-08 20:00:00,4192.3613,8437.281,7700.375
forecast_0933,2025-02-08 21:00:00,3077.3865,7884.675,9802.076
forecast_0934,2025-02-08 22:00:00,3658.9902,9656.717,13005.978
forecast_0935,2025-02-08 23:00:00,9402.752,11662.453,16854.023
forecast_0936,2025-02-09 00:00:00,13334.658,13719.261,18344.129
forecast_0937,2025-02-09 01:00:00,16808.643,16139.715,18360.86
forecast_0938,2025-02-09 02:00:00,12225.095,16375.507,16503.064
forecast_0939,2025-02-09 03:00:00,12823.193,15599.76,13768.203
forecast_0940,2025-02-09 04:00:00,13234.536,15966.227,11300.682
forecast_0941,2025-02-09 05:00:00,14995.95,17098.582,13567.627
forecast_0942,2025-02-09 06:00:00,16963.865,18658.537,18979.775
forecast_0943,2025-02-09 07:00:00,18918.365,18870.797,19869.129
forecast_0944,2025-02-09 08:00:00,20296.338,18356.64,18959.432
forecast_0945,2025-02-09 09:00:00,19610.646,17329.338,16017.369
forecast_0946,2025-02-09 10:00:00,15055.012,15314.458,11664.45
forecast_0947,2025-02-09 11:00:00,9578.543,12695.996,10668.688
forecast_0948,2025-02-09 12:00:00,5989.3525,10338.011,10270.952
forecast_0949,2025-02-09 13:00:00,4681.51,7280.785,8184.659
forecast_0950,2025-02-09 14:00:00,6009.8125,6064.945,8080.136
forecast_0951,2025-02-09 15:00:00,7487.5576,7051.5713,8363.938
forecast_0952,2025-02-09 16:00:00,10248.316,8456.668,7786.8105
forecast_0953,2025-02-09 17:00:00,12769.777,9164.619,8413.222
forecast_0954,2025-02-09 18:00:00,14935.354,9495.349,10922.08
forecast_0955,2025-02-09 19:00:00,16563.285,10685.003,12779.334
forecast_0956,2025-02-09 20:00:00,15887.936,11680.404,15042.864
forecast_0957,2025-02-09 21:00:00,15151.046,12047.966,15996.324
forecast_0958,2025-02-09 22:00:00,14738.786,12350.83,13462.223
forecast_0959,2025-02-09 23:00:00,15065.524,12807.913,13333.415
forecast_0960,2025-02-10 00:00:00,16763.25,13484.005,14144.592
forecast_0961,2025-02-10 01:00:00,17639.367,14400.605,14965.358
forecast_0962,2025-02-10 02:00:00,18657.455,14851.308,15157.453
forecast_0963,2025-02-10 03:00:00,19767.09,14671.9,14406.067
forecast_0964,2025-02-10 04:00:00,20378.67,14525.359,13481.287
forecast_0965,2025-02-10 05:00:00,20252.062,14660.726,12658.754
forecast_0966,2025-02-10 06:00:00,20179.422,16177.257,13177.521
forecast_0967,2025-02-10 07:00:00,19873.03,18170.762,13394.943
forecast_0968,2025-02-10 08:00:00,19567.723,19498.197,13805.744
forecast_0969,2025-02-10 09:00:00,18896.9,19743.21,14703.247
forecast_0970,2025-02-10 10:00:00,17913.662,18590.197,15379.743
forecast_0971,2025-02-10 11:00:00,16339.517,16479.336,15103.76
forecast_0972,2025-02-10 12:00:00,14694.56,15752.964,14307.3545
forecast_0973,2025-02-10 13:00:00,13381.736,16798.74,14029.156
forecast_0974,2025-02-10 14:00:00,12072.036,17188.533,13659.9795
forecast_0975,2025-02-10 15:00:00,12279.66,16279.151,11766.655
forecast_0976,2025-02-10 16:00:00,10700.028,15364.562,8845.455
forecast_0977,2025-02-10 17:00:00,9660.239,14903.217,7131.921
forecast_0978,2025-02-10 18:00:00,9301.83,13295.7705,7960.9185
forecast_0979,2025-02-10 19:00:00,9472.588,13119.77,10264.652
forecast_0980,2025-02-10 20:00:00,9820.952,12258.377,8440.815
forecast_0981,2025-02-10 21:00:00,10369.366,11704.298,7683.4805
forecast_0982,2025-02-10 22:00:00,10304.461,10799.748,8079.2866
forecast_0983,2025-02-10 23:00:00,10564.32,10592.841,10135.086
forecast_0984,2025-02-11 00:00:00,9898.985,10105.599,10935.157
forecast_0985,2025-02-11 01:00:00,9064.501,8332.515,10115.324
forecast_0986,2025-02-11 02:00:00,6098.429,5808.6714,6730.078
forecast_0987,2025-02-11 03:00:00,6217.0166,3485.0962,6579.158
forecast_0988,2025-02-11 04:00:00,6728.716,2737.9045,11460.064
forecast_0989,2025-02-11 05:00:00,6559.5166,3601.4736,13841.014
forecast_0990,2025-02-11 06:00:00,5328.6104,4281.105,10193.641
forecast_0991,2025-02-11 07:00:00,3775.1208,4172.0063,5769.9595
forecast_0992,2025-02-11 08:00:00,2666.101,4003.0183,4490.1055
forecast_0993,2025-02-11 09:00:00,2988.205,2732.6438,4359.9478
forecast_0994,2025-02-11 10:00:00,1911.3973,2365.2075,2261.3232
forecast_0995,2025-02-11 11:00:00,890.29626,2507.2598,2224.4038
forecast_0996,2025-02-11 12:00:00,710.4655,2876.6094,2571.7725
forecast_0997,2025-02-11 13:00:00,524.40155,2624.5718,2329.1335
forecast_0998,2025-02-11 14:00:00,341.95398,2003.2677,2070.7622
forecast_0999,2025-02-11 15:00:00,354.30466,1748.4548,2497.9587
forecast_1000,2025-02-11 16:00:00,327.6614,1267.1818,2106.6206
forecast_1001,2025-02-11 17:00:00,416.5966,1592.158,1467.9841
forecast_1002,2025-02-11 18:00:00,1441.8407,1736.0833,1453.6699
forecast_1003,2025-02-11 19:00:00,8103.5947,4705.7256,2457.1536
forecast_1004,2025-02-11 20:00:00,11911.975,8537.76,3737.5188
forecast_1005,2025-02-11 21:00:00,12211.032,9791.886,6198.8975
forecast_1006,2025-02-11 22:00:00,10233.305,10846.223,8734.208
forecast_1007,2025-02-11 23:00:00,9019.211,12826.302,10787.718
forecast_1008,2025-02-12 00:00:00,12622.696,17650.387,13103.328
forecast_1009,2025-02-12 01:00:00,16350.254,19587.113,14302.99
forecast_1010,2025-02-12 02:00:00,18673.588,19619.094,12543.957
forecast_1011,2025-02-12 03:00:00,17879.055,19466.113,12628.507
forecast_1012,2025-02-12 04:00:00,15724.447,18677.424,12654.714
forecast_1013,2025-02-12 05:00:00,16597.273,18758.96,13199.182
forecast_1014,2025-02-12 06:00:00,16996.9,17269.154,13732.1
forecast_1015,2025-02-12 07:00:00,13901.651,14114.44,12247.184
forecast_1016,2025-02-12 08:00:00,9710.173,6534.9175,8352.489
forecast_1017,2025-02-12 09:00:00,5146.2847,3176.7678,3614.1553
forecast_1018,2025-02-12 10:00:00,2399.0808,2693.8386,3693.5352
forecast_1019,2025-02-12 11:00:00,4054.4556,4588.2285,6926.06
forecast_1020,2025-02-12 12:00:00,5805.759,9914.163,8003.0547
forecast_1021,2025-02-12 13:00:00,7172.273,14349.707,8304.867
forecast_1022,2025-02-12 14:00:00,8422.449,15753.011,7179.277
forecast_1023,2025-02-12 15:00:00,7270.408,16472.625,9319.698
forecast_1024,2025-02-12 16:00:00,6866.1772,16542.281,14951.193
forecast_1025,2025-02-12 17:00:00,5724.053,16605.186,18730.691
forecast_1026,2025-02-12 18:00:00,5398.038,17296.818,19901.182
forecast_1027,2025-02-12 19:00:00,7008.259,18306.45,19572.531
forecast_1028,2025-02-12 20:00:00,9115.128,19689.951,17604.328
forecast_1029,2025-02-12 21:00:00,10824.506,20042.328,15306.729
forecast_1030,2025-02-12 22:00:00,11538.473,19582.387,15222.024
forecast_1031,2025-02-12 23:00:00,12204.955,19010.746,14740.645
forecast_1032,2025-02-13 00:00:00,12217.112,18657.736,12281.63
forecast_1033,2025-02-13 01:00:00,10408.744,17527.361,8896.317
forecast_1034,2025-02-13 02:00:00,8454.978,16069.752,7347.5503
forecast_1035,2025-02-13 03:00:00,9115.425,16683.355,6402.923
forecast_1036,2025-02-13 04:00:00,9468.11,14296.927,4897.62
forecast_1037,2025-02-13 05:00:00,9851.868,10884.666,3577.1084
forecast_1038,2025-02-13 06:00:00,14245.309,14526.876,6201.8584
forecast_1039,2025-02-13 07:00:00,15727.15,16098.128,12142.43
forecast_1040,2025-02-13 08:00:00,15355.06,15259.706,14978.262
forecast_1041,2025-02-13 09:00:00,13768.336,15089.237,15836.025
forecast_1042,2025-02-13 10:00:00,12345.275,14460.979,14585.438
forecast_1043,2025-02-13 11:00:00,11992.69,14951.016,12459.766
forecast_1044,2025-02-13 12:00:00,12369.294,13799.522,11100.041
forecast_1045,2025-02-13 13:00:00,11619.013,13123.968,10440.025
forecast_1046,2025-02-13 14:00:00,12050.221,13805.034,10794.955
forecast_1047,2025-02-13 15:00:00,12356.536,14494.624,12056.79
forecast_1048,2025-02-13 16:00:00,13990.789,15296.575,12935.801
forecast_1049,2025-02-13 17:00:00,15984.921,16332.364,14238.911
forecast_1050,2025-02-13 18:00:00,17856.215,16209.887,15589.575
forecast_1051,2025-02-13 19:00:00,18704.092,14949.552,15952.253
forecast_1052,2025-02-13 20:00:00,18109.572,15535.705,16919.947
forecast_1053,2025-02-13 21:00:00,16936.688,16649.646,18469.266
forecast_1054,2025-02-13 22:00:00,16603.45,17986.838,19414.76
forecast_1055,2025-02-13 23:00:00,16919.8,18957.363,19863.861
forecast_1056,2025-02-14 00:00:00,17072.832,19590.291,20075.176
forecast_1057,2025-02-14 01:00:00,17686.617,19967.375,20230.682
forecast_1058,2025-02-14 02:00:00,18133.02,20050.291,20163.76
forecast_1059,2025-02-14 03:00:00,18933.71,19720.771,19912.002
forecast_1060,2025-02-14 04:00:00,19100.021,19668.158,19562.678
forecast_1061,2025-02-14 05:00:00,18710.125,19228.092,18935.572
forecast_1062,2025-02-14 06:00:00,18268.88,18571.363,17864.92
forecast_1063,2025-02-14 07:00:00,18770.213,18371.348,16883.486
forecast_1064,2025-02-14 08:00:00,20073.746,18521.344,15768.785
forecast_1065,2025-02-14 09:00:00,20384.54,18564.371,15105.196
forecast_1066,2025-02-14 10:00:00,18565.025,15962.589,13465.36
forecast_1067,2025-02-14 11:00:00,11748.899,12032.477,12094.677
forecast_1068,2025-02-14 12:00:00,9562.481,9862.547,8630.888
forecast_1069,2025-02-14 13:00:00,11141.901,10934.93,4868.9766
forecast_1070,2025-02-14 14:00:00,8790.041,9255.125,4009.6038
forecast_1071,2025-02-14 15:00:00,7175.328,6616.8076,5817.745
forecast_1072,2025-02-14 16:00:00,6842.734,5730.187,3523.5437
forecast_1073,2025-02-14 17:00:00,7776.745,6862.9385,5467.254
forecast_1074,2025-02-14 18:00:00,8647.7,8850.216,8578.271
forecast_1075,2025-02-14 19:00:00,10245.181,11628.401,11698.225
forecast_1076,2025-02-14 20:00:00,10531.267,13380.078,10168.405
forecast_1077,2025-02-14 21:00:00,10236.089,13901.506,7878.038
forecast_1078,2025-02-14 22:00:00,9356.549,14518.023,9906.298
forecast_1079,2025-02-14 23:00:00,9585.289,14674.625,11285.526
forecast_1080,2025-02-15 00:00:00,10664.723,13402.503,10462.21
forecast_1081,2025-02-15 01:00:00,12940.193,13513.472,9267.828
forecast_1082,2025-02-15 02:00:00,12788.567,12276.533,7786.7163
forecast_1083,2025-02-15 03:00:00,13302.294,12189.614,8538.638
forecast_1084,2025-02-15 04:00:00,11460.466,12243.829,9296.794
forecast_1085,2025-02-15 05:00:00,10772.145,12462.377,9222.809
forecast_1086,2025-02-15 06:00:00,12188.462,12613.019,10379.4795
forecast_1087,2025-02-15 07:00:00,14240.893,15292.664,11319.693
forecast_1088,2025-02-15 08:00:00,15358.305,13685.303,9136.845
forecast_1089,2025-02-15 09:00:00,13497.803,11843.928,7008.7295
forecast_1090,2025-02-15 10:00:00,9207.421,9482.878,4866.884
forecast_1091,2025-02-15 11:00:00,9465.411,10727.969,4826.7817
forecast_1092,2025-02-15 12:00:00,11586.427,10981.671,4984.2197
forecast_1093,2025-02-15 13:00:00,12565.549,11305.945,5717.501
forecast_1094,2025-02-15 14:00:00,13094.169,13270.06,6760.765
forecast_1095,2025-02-15 15:00:00,13394.965,13097.17,7725.708
forecast_1096,2025-02-15 16:00:00,13130.2295,14043.83,9346.26
forecast_1097,2025-02-15 17:00:00,8768.73,15740.3545,11578.698
forecast_1098,2025-02-15 18:00:00,8985.33,16653.242,13674.474
forecast_1099,2025-02-15 19:00:00,11626.898,17947.037,17428.365
forecast_1100,2025-02-15 20:00:00,11780.031,18929.727,18963.688
forecast_1101,2025-02-15 21:00:00,12463.952,19825.42,19375.246
forecast_1102,2025-02-15 22:00:00,11356.165,20719.732,19084.783
forecast_1103,2025-02-15 23:00:00,11075.678,20996.727,18054.783
forecast_1104,2025-02-16 00:00:00,12615.656,20932.84,14894.469
forecast_1105,2025-02-16 01:00:00,17254.686,20989.213,13247.891
forecast_1106,2025-02-16 02:00:00,18080.066,21038.373,12585.065
forecast_1107,2025-02-16 03:00:00,17519.756,20902.129,10889.332
forecast_1108,2025-02-16 04:00:00,16853.543,20649.525,8931.569
forecast_1109,2025-02-16 05:00:00,17263.258,20548.617,8122.3726
forecast_1110,2025-02-16 06:00:00,18325.39,20420.62,7541.3345
forecast_1111,2025-02-16 07:00:00,18276.613,19800.342,6587.548
forecast_1112,2025-02-16 08:00:00,18540.441,17904.062,5961.372
forecast_1113,2025-02-16 09:00:00,17991.574,16384.742,6363.1123
forecast_1114,2025-02-16 10:00:00,13151.354,14683.002,9473.029
forecast_1115,2025-02-16 11:00:00,8440.24,10447.496,8271.522
forecast_1116,2025-02-16 12:00:00,10819.483,7377.142,7253.4097
forecast_1117,2025-02-16 13:00:00,11956.347,7654.045,7331.6177
forecast_1118,2025-02-16 14:00:00,10225.627,9935.733,7018.015
forecast_1119,2025-02-16 15:00:00,11134.387,10900.758,7554.376
forecast_1120,2025-02-16 16:00:00,12273.849,9356.181,8505.436
forecast_1121,2025-02-16 17:00:00,13609.808,11335.126,9149.868
forecast_1122,2025-02-16 18:00:00,15016.834,15872.326,11130.667
forecast_1123,2025-02-16 19:00:00,15300.936,17925.928,12933.819
forecast_1124,2025-02-16 20:00:00,15467.984,18730.191,14520.649
forecast_1125,2025-02-16 21:00:00,15736.306,18996.451,14784.619
forecast_1126,2025-02-16 22:00:00,16321.895,18765.8,13923.067
forecast_1127,2025-02-16 23:00:00,16483.855,18746.023,14041.818
forecast_1128,2025-02-17 00:00:00,16791.186,18277.361,14076.01
forecast_1129,2025-02-17 01:00:00,16381.107,17331.32,13595.621
forecast_1130,2025-02-17 02:00:00,14846.934,15291.827,12136.956
forecast_1131,2025-02-17 03:00:00,14579.467,14792.32,11199.306
forecast_1132,2025-02-17 04:00:00,14058.697,13511.242,10190.486
forecast_1133,2025-02-17 05:00:00,12263.896,12703.424,8728.559
forecast_1134,2025-02-17 06:00:00,10947.689,11437.354,7606.1953
forecast_1135,2025-02-17 07:00:00,10132.127,12267.778,7414.6006
forecast_1136,2025-02-17 08:00:00,10954.228,13945.808,7674.449
forecast_1137,2025-02-17 09:00:00,12017.892,14307.569,8239.783
forecast_1138,2025-02-17 10:00:00,12344.272,14196.198,9580.606
forecast_1139,2025-02-17 11:00:00,14226.33,14587.736,9914.7
forecast_1140,2025-02-17 12:00:00,15058.633,13836.171,11880.141
forecast_1141,2025-02-17 13:00:00,15012.931,13187.96,10079.552
forecast_1142,2025-02-17 14:00:00,15019.595,12714.366,8156.739
forecast_1143,2025-02-17 15:00:00,14330.623,11928.541,6668.958
forecast_1144,2025-02-17 16:00:00,13039.534,9957.6,4375.983
forecast_1145,2025-02-17 17:00:00,9772.16,5927.368,2696.3806
forecast_1146,2025-02-17 18:00:00,6890.525,3357.91,2219.5037
forecast_1147,2025-02-17 19:00:00,5278.297,4041.0393,3364.8218
forecast_1148,2025-02-17 20:00:00,4110.2124,4164.1577,4120.1167
forecast_1149,2025-02-17 21:00:00,4128.4805,4042.8933,3933.7356
forecast_1150,2025-02-17 22:00:00,3996.4133,3717.3152,3216.5232
forecast_1151,2025-02-17 23:00:00,4024.6387,3315.1018,3347.3313
forecast_1152,2025-02-18 00:00:00,5359.948,3298.0496,4497.0166
forecast_1153,2025-02-18 01:00:00,6254.748,3865.391,6212.8384
forecast_1154,2025-02-18 02:00:00,8957.582,3986.5188,7401.73
forecast_1155,2025-02-18 03:00:00,10561.546,5857.6685,10078.294
forecast_1156,2025-02-18 04:00:00,12172.273,8101.519,10200.829
forecast_1157,2025-02-18 05:00:00,14560.657,9312.924,10671.686
forecast_1158,2025-02-18 06:00:00,15368.863,9020.565,11099.891
forecast_1159,2025-02-18 07:00:00,14603.5625,8660.399,12270.694
forecast_1160,2025-02-18 08:00:00,13648.681,8368.895,13325.154
forecast_1161,2025-02-18 09:00:00,11409.487,6563.6406,11317.464
forecast_1162,2025-02-18 10:00:00,9755.735,5929.938,12465.436
forecast_1163,2025-02-18 11:00:00,8943.222,6389.9663,14656.143
forecast_1164,2025-02-18 12:00:00,10960.567,9657.602,15141.714
forecast_1165,2025-02-18 13:00:00,13707.477,9802.268,14405.931
forecast_1166,2025-02-18 14:00:00,15807.441,12872.605,14774.934
forecast_1167,2025-02-18 15:00:00,16738.45,13852.354,14363.515
forecast_1168,2025-02-18 16:00:00,16580.021,14725.319,13518.331
forecast_1169,2025-02-18 17:00:00,15811.172,15559.266,11778.234
forecast_1170,2025-02-18 18:00:00,15034.065,15887.563,8666.008
forecast_1171,2025-02-18 19:00:00,14188.074,15260.647,7000.3916
forecast_1172,2025-02-18 20:00:00,14641.48,15014.066,8652.903
forecast_1173,2025-02-18 21:00:00,13216.808,14386.552,7206.726
forecast_1174,2025-02-18 22:00:00,12035.942,14473.395,7229.8906
forecast_1175,2025-02-18 23:00:00,10076.001,15652.694,8035.42
forecast_1176,2025-02-19 00:00:00,9072.463,16822.033,7932.63
forecast_1177,2025-02-19 01:00:00,8747.635,17003.46,8930.447
forecast_1178,2025-02-19 02:00:00,6939.205,12351.22,6795.1914
forecast_1179,2025-02-19 03:00:00,11446.582,12341.789,5133.6187
forecast_1180,2025-02-19 04:00:00,11107.564,13564.27,4762.0947
forecast_1181,2025-02-19 05:00:00,11991.635,15185.191,5450.337
forecast_1182,2025-02-19 06:00:00,12094.071,17486.725,6408.293
forecast_1183,2025-02-19 07:00:00,11798.132,19142.365,7992.368
forecast_1184,2025-02-19 08:00:00,10494.659,18232.291,9273.514
forecast_1185,2025-02-19 09:00:00,8246.144,14718.145,8243.925
forecast_1186,2025-02-19 10:00:00,5847.259,9665.595,5521.173
forecast_1187,2025-02-19 11:00:00,4564.097,6074.195,4960.747
forecast_1188,2025-02-19 12:00:00,3974.4602,3621.9167,5239.088
forecast_1189,2025-02-19 13:00:00,3965.171,2955.3696,4821.937
forecast_1190,2025-02-19 14:00:00,4548.6304,4118.354,5318.7104
forecast_1191,2025-02-19 15:00:00,6450.777,5868.131,6361.2886
forecast_1192,2025-02-19 16:00:00,6704.331,3254.88,6946.0566
forecast_1193,2025-02-19 17:00:00,7024.658,3293.86,8397.3955
forecast_1194,2025-02-19 18:00:00,5369.9644,3818.9285,9814.922
forecast_1195,2025-02-19 19:00:00,4679.4727,4555.0454,10174.593
forecast_1196,2025-02-19 20:00:00,4405.722,4974.1797,9619.103
forecast_1197,2025-02-19 21:00:00,3210.7935,5026.097,6797.8154
forecast_1198,2025-02-19 22:00:00,4788.884,4882.0923,5346.8
forecast_1199,2025-02-19 23:00:00,6429.9233,4322.49,5864.4717
forecast_1200,2025-02-20 00:00:00,7061.7417,3913.1113,5188.615
forecast_1201,2025-02-20 01:00:00,8080.921,3992.869,6004.1064
forecast_1202,2025-02-20 02:00:00,4267.696,3093.0806,4230.364
forecast_1203,2025-02-20 03:00:00,6255.733,2973.491,4162.427
forecast_1204,2025-02-20 04:00:00,7563.4365,3297.5078,5629.1523
forecast_1205,2025-02-20 05:00:00,6191.365,4136.781,8229.509
forecast_1206,2025-02-20 06:00:00,5121.477,4208.7324,8769.237
forecast_1207,2025-02-20 07:00:00,5180.7593,4908.308,6725.4937
forecast_1208,2025-02-20 08:00:00,6994.8584,5732.482,5430.9346
forecast_1209,2025-02-20 09:00:00,8237.156,5448.889,7052.337
forecast_1210,2025-02-20 10:00:00,7898.1147,4237.964,9961.681
forecast_1211,2025-02-20 11:00:00,6953.61,3624.176,9178.991
forecast_1212,2025-02-20 12:00:00,5967.0903,4034.9065,7882.18
forecast_1213,2025-02-20 13:00:00,7932.1274,7509.925,8154.095
forecast_1214,2025-02-20 14:00:00,11558.571,10554.172,10191.174
forecast_1215,2025-02-20 15:00:00,12959.211,11270.274,10883.799
forecast_1216,2025-02-20 16:00:00,12442.879,11370.667,10746.405
forecast_1217,2025-02-20 17:00:00,10664.122,11492.758,8784.973
forecast_1218,2025-02-20 18:00:00,10184.014,11876.71,8390.235
forecast_1219,2025-02-20 19:00:00,10268.379,12981.776,11929.121
forecast_1220,2025-02-20 20:00:00,11051.681,12847.589,11069.443
forecast_1221,2025-02-20 21:00:00,10286.941,11011.007,9092.856
forecast_1222,2025-02-20 22:00:00,10913.758,8995.809,6917.257
forecast_1223,2025-02-20 23:00:00,10991.899,8382.312,5806.716
forecast_1224,2025-02-21 00:00:00,11374.627,9316.025,5880.5156
forecast_1225,2025-02-21 01:00:00,10310.518,9803.639,5703.5127
forecast_1226,2025-02-21 02:00:00,9133.996,8083.5713,3584.5366
forecast_1227,2025-02-21 03:00:00,12272.457,6430.451,3344.2937
forecast_1228,2025-02-21 04:00:00,13665.369,6414.0244,4995.3
forecast_1229,2025-02-21 05:00:00,13398.487,6828.5347,7163.276
forecast_1230,2025-02-21 06:00:00,12073.64,7753.9424,8594.557
forecast_1231,2025-02-21 07:00:00,10570.576,7578.1035,8743.435
forecast_1232,2025-02-21 08:00:00,10088.7295,7121.796,7902.905
forecast_1233,2025-02-21 09:00:00,8545.39,5976.5596,6261.8203
forecast_1234,2025-02-21 10:00:00,7055.4077,4515.173,4642.805
forecast_1235,2025-02-21 11:00:00,6740.0874,3164.943,3174.293
forecast_1236,2025-02-21 12:00:00,5634.0996,3272.892,2783.7659
forecast_1237,2025-02-21 13:00:00,6149.484,4160.154,2949.4124
forecast_1238,2025-02-21 14:00:00,10212.239,5447.053,4839.411
forecast_1239,2025-02-21 15:00:00,10700.718,5275.557,6092.2866
forecast_1240,2025-02-21 16:00:00,10329.361,5526.17,7298.771
forecast_1241,2025-02-21 17:00:00,9538.745,6259.04,7207.8105
forecast_1242,2025-02-21 18:00:00,7081.393,7447.4854,8286.417
forecast_1243,2025-02-21 19:00:00,7146.926,10656.504,10758.565
forecast_1244,2025-02-21 20:00:00,11824.283,13394.741,13287.48
forecast_1245,2025-02-21 21:00:00,13481.902,14626.018,15921.952
forecast_1246,2025-02-21 22:00:00,13929.309,15881.389,18394.934
forecast_1247,2025-02-21 23:00:00,13325.143,16002.683,17002.342
forecast_1248,2025-02-22 00:00:00,12130.983,15509.729,12200.842
forecast_1249,2025-02-22 01:00:00,11098.226,13601.588,9685.645
forecast_1250,2025-02-22 02:00:00,12497.383,12847.1045,13444.323
forecast_1251,2025-02-22 03:00:00,12968.09,12719.755,13073.904
forecast_1252,2025-02-22 04:00:00,12774.034,12970.951,13311.426
forecast_1253,2025-02-22 05:00:00,13343.148,13782.027,12119.305
forecast_1254,2025-02-22 06:00:00,13799.024,15268.901,8242.62
forecast_1255,2025-02-22 07:00:00,9079.828,9466.443,4255.619
forecast_1256,2025-02-22 08:00:00,5088.3105,4104.0635,4428.313
forecast_1257,2025-02-22 09:00:00,2939.3608,4704.3965,4527.6265
forecast_1258,2025-02-22 10:00:00,1908.7148,4287.936,4699.15
forecast_1259,2025-02-22 11:00:00,1754.4725,2618.6692,3442.9075
forecast_1260,2025-02-22 12:00:00,3036.3555,2849.5198,1994.8092
forecast_1261,2025-02-22 13:00:00,7133.183,4725.9224,2539.493
forecast_1262,2025-02-22 14:00:00,12914.139,5558.3784,5517.8247
forecast_1263,2025-02-22 15:00:00,10159.679,5486.5796,6490.8574
forecast_1264,2025-02-22 16:00:00,8819.933,6660.0703,6244.2114
forecast_1265,2025-02-22 17:00:00,7622.4097,7734.8813,5664.0083
forecast_1266,2025-02-22 18:00:00,7242.151,9480.714,5427.966
forecast_1267,2025-02-22 19:00:00,8641.012,10857.693,5972.89
forecast_1268,2025-02-22 20:00:00,10302.734,10808.255,6766.79
forecast_1269,2025-02-22 21:00:00,12957.963,11048.983,7516.667
forecast_1270,2025-02-22 22:00:00,16769.19,13376.213,10832.84
forecast_1271,2025-02-22 23:00:00,17581.635,15789.355,12164.471
forecast_1272,2025-02-23 00:00:00,17107.656,16935.82,12831.423
forecast_1273,2025-02-23 01:00:00,16268.772,17289.57,13881.265
forecast_1274,2025-02-23 02:00:00,16920.967,17440.676,12498.925
forecast_1275,2025-02-23 03:00:00,18742.459,17811.941,17149.148
forecast_1276,2025-02-23 04:00:00,19511.89,17798.998,19645.145
forecast_1277,2025-02-23 05:00:00,19349.135,17868.867,18714.398
forecast_1278,2025-02-23 06:00:00,18591.281,17932.44,17701.252
forecast_1279,2025-02-23 07:00:00,18514.006,17922.531,18090.256
forecast_1280,2025-02-23 08:00:00,18442.463,17817.72,18904.807
forecast_1281,2025-02-23 09:00:00,16773.648,17456.602,17984.883
forecast_1282,2025-02-23 10:00:00,14579.465,16325.113,14211.718
forecast_1283,2025-02-23 11:00:00,14483.536,15889.725,13040.631
forecast_1284,2025-02-23 12:00:00,15634.747,16352.233,14771.597
forecast_1285,2025-02-23 13:00:00,16530.443,16442.025,12342.466
forecast_1286,2025-02-23 14:00:00,16241.236,16115.527,9202.033
forecast_1287,2025-02-23 15:00:00,15056.403,15423.863,6613.73
forecast_1288,2025-02-23 16:00:00,14064.657,14431.485,4896.9087
forecast_1289,2025-02-23 17:00:00,12422.917,12050.046,4027.5808
forecast_1290,2025-02-23 18:00:00,10677.553,6898.3906,3414.2017
forecast_1291,2025-02-23 19:00:00,10239.345,4985.443,4315.0923
forecast_1292,2025-02-23 20:00:00,8931.091,7420.205,5568.1235
forecast_1293,2025-02-23 21:00:00,7395.244,8916.691,6705.318
forecast_1294,2025-02-23 22:00:00,8913.466,9973.751,6798.9224
forecast_1295,2025-02-23 23:00:00,10511.284,13096.145,7705.2935
forecast_1296,2025-02-24 00:00:00,9494.915,14721.496,8933.592
forecast_1297,2025-02-24 01:00:00,8169.5435,14429.584,10467.496
forecast_1298,2025-02-24 02:00:00,13184.011,15370.201,10566.403
forecast_1299,2025-02-24 03:00:00,14608.917,17525.346,9760.178
forecast_1300,2025-02-24 04:00:00,16876.834,19579.82,11413.241
forecast_1301,2025-02-24 05:00:00,17843.777,20545.615,13961.587
forecast_1302,2025-02-24 06:00:00,16126.168,20693.598,15639.653
forecast_1303,2025-02-24 07:00:00,14156.798,20179.021,16259.22
forecast_1304,2025-02-24 08:00:00,16112.588,18601.193,14540.635
forecast_1305,2025-02-24 09:00:00,15534.564,13738.641,11388.42
forecast_1306,2025-02-24 10:00:00,13401.1875,8624.294,8526.095
forecast_1307,2025-02-24 11:00:00,11278.322,5778.7637,7589.935
forecast_1308,2025-02-24 12:00:00,11024.157,5823.8423,8046.16
forecast_1309,2025-02-24 13:00:00,10880.682,6346.418,5911.8
forecast_1310,2025-02-24 14:00:00,10535.83,6282.29,6340.0527
forecast_1311,2025-02-24 15:00:00,10289.067,7515.4067,6358.149
forecast_1312,2025-02-24 16:00:00,11282.288,10628.029,7772.68
forecast_1313,2025-02-24 17:00:00,12600.237,11710.069,9444.722
forecast_1314,2025-02-24 18:00:00,13570.62,12885.046,11569.413
forecast_1315,2025-02-24 19:00:00,15380.6,15159.398,14948.677
forecast_1316,2025-02-24 20:00:00,17391.701,18158.59,17267.412
forecast_1317,2025-02-24 21:00:00,18224.1,19557.33,17676.402
forecast_1318,2025-02-24 22:00:00,18801.332,19795.082,18717.031
forecast_1319,2025-02-24 23:00:00,19148.896,19718.158,19885.807
forecast_1320,2025-02-25 00:00:00,19046.023,19754.771,20126.973
forecast_1321,2025-02-25 01:00:00,19407.17,20130.295,19383.861
forecast_1322,2025-02-25 02:00:00,20127.254,20410.057,19341.459
forecast_1323,2025-02-25 03:00:00,20767.06,20550.762,19401.506
forecast_1324,2025-02-25 04:00:00,20938.193,20718.56,19143.432
forecast_1325,2025-02-25 05:00:00,21048.742,20904.928,19404.875
forecast_1326,2025-02-25 06:00:00,20905.268,20967.771,19303.195
forecast_1327,2025-02-25 07:00:00,20590.252,20961.488,19404.572
forecast_1328,2025-02-25 08:00:00,20473.451,20932.693,19386.404
forecast_1329,2025-02-25 09:00:00,20055.145,20816.543,19223.174
forecast_1330,2025-02-25 10:00:00,19062.418,20572.797,18929.498
forecast_1331,2025-02-25 11:00:00,18441.23,20251.82,19137.676
forecast_1332,2025-02-25 12:00:00,16798.98,19704.56,15523.144
forecast_1333,2025-02-25 13:00:00,15269.912,17723.002,15859.515
forecast_1334,2025-02-25 14:00:00,15031.841,15745.397,15961.223
forecast_1335,2025-02-25 15:00:00,15568.874,16235.029,16534.586
forecast_1336,2025-02-25 16:00:00,15189.968,17335.75,17336.121
forecast_1337,2025-02-25 17:00:00,14895.025,17583.549,17549.816
forecast_1338,2025-02-25 18:00:00,16059.301,17026.018,18023.174
forecast_1339,2025-02-25 19:00:00,16972.041,17133.816,18070.963
forecast_1340,2025-02-25 20:00:00,17116.58,17899.084,18623.941
forecast_1341,2025-02-25 21:00:00,16452.16,18605.41,19616.742
forecast_1342,2025-02-25 22:00:00,17103.932,19144.193,20294.041
forecast_1343,2025-02-25 23:00:00,18385.867,19496.36,20187.674
forecast_1344,2025-02-26 00:00:00,19456.43,19517.398,19981.395
forecast_1345,2025-02-26 01:00:00,20049.236,19312.791,19827.25
forecast_1346,2025-02-26 02:00:00,20079.672,19020.6,19711.145
forecast_1347,2025-02-26 03:00:00,19997.576,18714.53,19528.1
forecast_1348,2025-02-26 04:00:00,19565.604,18441.957,18791.86
forecast_1349,2025-02-26 05:00:00,18865.617,18607.553,17457.213
forecast_1350,2025-02-26 06:00:00,18104.727,18659.92,15451.765
forecast_1351,2025-02-26 07:00:00,15038.785,18515.176,11051.218
forecast_1352,2025-02-26 08:00:00,13827.685,18532.178,7479.971
forecast_1353,2025-02-26 09:00:00,12015.684,17906.875,6244.0586
forecast_1354,2025-02-26 10:00:00,11618.655,17399.045,8099.3394
forecast_1355,2025-02-26 11:00:00,11957.991,9161.42,9196.245
forecast_1356,2025-02-26 12:00:00,12964.97,4404.318,7929.2017
forecast_1357,2025-02-26 13:00:00,15111.815,10679.567,9141.856
forecast_1358,2025-02-26 14:00:00,15195.827,11149.531,12239.727
forecast_1359,2025-02-26 15:00:00,13937.267,10230.579,11222.322
forecast_1360,2025-02-26 16:00:00,13294.174,12084.787,10736.442
forecast_1361,2025-02-26 17:00:00,12904.006,13731.315,12425.73
forecast_1362,2025-02-26 18:00:00,12688.132,14331.383,13282.783
forecast_1363,2025-02-26 19:00:00,13441.734,16271.632,14371.357
forecast_1364,2025-02-26 20:00:00,15487.484,18482.588,16020.053
forecast_1365,2025-02-26 21:00:00,17549.752,19377.502,18442.95
forecast_1366,2025-02-26 22:00:00,18877.152,19547.64,19690.469
forecast_1367,2025-02-26 23:00:00,18794.94,19461.568,18987.943
forecast_1368,2025-02-27 00:00:00,17817.766,19463.334,17809.55
forecast_1369,2025-02-27 01:00:00,17634.578,19620.55,18776.117
forecast_1370,2025-02-27 02:00:00,17612.385,19611.783,18992.693
forecast_1371,2025-02-27 03:00:00,17482.506,19569.457,19508.441
forecast_1372,2025-02-27 04:00:00,17307.086,19523.322,19276.24
forecast_1373,2025-02-27 05:00:00,17875.293,19708.566,18626.344
forecast_1374,2025-02-27 06:00:00,18351.451,19978.465,17881.02
forecast_1375,2025-02-27 07:00:00,18581.041,20169.664,17975.943
forecast_1376,2025-02-27 08:00:00,18929.277,19908.31,17896.996
forecast_1377,2025-02-27 09:00:00,18431.479,18685.639,16988.416
forecast_1378,2025-02-27 10:00:00,12707.306,14290.745,15877.3955
forecast_1379,2025-02-27 11:00:00,9534.188,13939.625,15500.046
forecast_1380,2025-02-27 12:00:00,8347.18,14866.964,15474.256
forecast_1381,2025-02-27 13:00:00,6226.613,13847.603,15091.398
forecast_1382,2025-02-27 14:00:00,5266.503,12236.847,13762.627
forecast_1383,2025-02-27 15:00:00,4381.704,9410.928,10452.492
forecast_1384,2025-02-27 16:00:00,4881.299,7343.458,9024.35
forecast_1385,2025-02-27 17:00:00,5799.4834,4300.8525,8439.837
forecast_1386,2025-02-27 18:00:00,6423.58,4227.8335,6311.5664
forecast_1387,2025-02-27 19:00:00,5646.289,6738.4014,4907.317
forecast_1388,2025-02-27 20:00:00,6355.171,10019.25,5557.366
forecast_1389,2025-02-27 21:00:00,6388.6084,13778.607,5576.274
forecast_1390,2025-02-27 22:00:00,6673.1167,16304.542,6880.112
forecast_1391,2025-02-27 23:00:00,5495.595,16146.047,5726.418
forecast_1392,2025-02-28 00:00:00,4713.284,15132.332,4702.263
forecast_1393,2025-02-28 01:00:00,5075.5083,16157.165,3749.8245
forecast_1394,2025-02-28 02:00:00,5389.678,15997.332,1804.954
forecast_1395,2025-02-28 03:00:00,10849.866,16115.285,3555.795
forecast_1396,2025-02-28 04:00:00,15072.432,17222.84,8675.885
forecast_1397,2025-02-28 05:00:00,15990.006,16071.884,7336.726
forecast_1398,2025-02-28 06:00:00,16354.8545,14837.96,9581.783
forecast_1399,2025-02-28 07:00:00,15629.43,13637.397,8775.826
forecast_1400,2025-02-28 08:00:00,17532.83,15429.331,11378.6875
forecast_1401,2025-02-28 09:00:00,16791.006,15023.501,12054.745
forecast_1402,2025-02-28 10:00:00,17221.643,15068.82,15715.896
forecast_1403,2025-02-28 11:00:00,16186.052,15187.495,16540.836
forecast_1404,2025-02-28 12:00:00,12350.465,12806.686,14423.457
forecast_1405,2025-02-28 13:00:00,9876.688,9086.91,10692.926
forecast_1406,2025-02-28 14:00:00,9876.254,5426.277,12681.519
forecast_1407,2025-02-28 15:00:00,10618.951,4541.786,14934.868
forecast_1408,2025-02-28 16:00:00,13097.703,4754.588,13260.181
forecast_1409,2025-02-28 17:00:00,17047.373,8020.7686,13489.131
forecast_1410,2025-02-28 18:00:00,18827.867,11966.539,14038.207
forecast_1411,2025-02-28 19:00:00,20319.455,16049.202,10839.544
forecast_1412,2025-02-28 20:00:00,20783.877,18678.424,9865.889
forecast_1413,2025-02-28 21:00:00,20216.334,18951.807,8713.93
forecast_1414,2025-02-28 22:00:00,17364.953,17645.719,7156.973
forecast_1415,2025-02-28 23:00:00,14011.557,14638.1455,6311.813
forecast_1416,2025-03-01 00:00:00,14215.642,9639.02,6168.6606
forecast_1417,2025-03-01 01:00:00,14078.327,7545.6177,4050.4807
forecast_1418,2025-03-01 02:00:00,14694.924,10961.611,6509.356
forecast_1419,2025-03-01 03:00:00,13429.701,10862.559,5737.287
forecast_1420,2025-03-01 04:00:00,10297.708,9487.601,5044.286
forecast_1421,2025-03-01 05:00:00,5323.3594,7468.287,4073.4368
forecast_1422,2025-03-01 06:00:00,2041.5503,4246.1562,2172.2769
forecast_1423,2025-03-01 07:00:00,277.41028,1920.745,1257.5364
forecast_1424,2025-03-01 08:00:00,285.30884,1130.535,1045.5624
forecast_1425,2025-03-01 09:00:00,222.08168,781.08984,617.64484
forecast_1426,2025-03-01 10:00:00,220.69092,492.03595,263.0281
forecast_1427,2025-03-01 11:00:00,199.84438,320.72272,241.27675
forecast_1428,2025-03-01 12:00:00,289.48322,370.0552,451.8119
forecast_1429,2025-03-01 13:00:00,621.6109,862.55383,698.4502
forecast_1430,2025-03-01 14:00:00,1396.3291,1703.3131,630.858
forecast_1431,2025-03-01 15:00:00,3367.6885,3560.3525,879.8775
forecast_1432,2025-03-01 16:00:00,4432.423,4169.3467,1149.8645
forecast_1433,2025-03-01 17:00:00,2716.9404,3655.8562,957.3118
forecast_1434,2025-03-01 18:00:00,2699.251,4605.047,1253.1514
forecast_1435,2025-03-01 19:00:00,975.1474,4457.932,1031.1929
forecast_1436,2025-03-01 20:00:00,995.5733,3631.3735,1407.3071
forecast_1437,2025-03-01 21:00:00,1383.8362,2496.0286,1280.1658
forecast_1438,2025-03-01 22:00:00,2127.102,1377.9945,1293.1398
forecast_1439,2025-03-01 23:00:00,2000.6013,1283.6434,1530.0735
forecast_1440,2025-03-02 00:00:00,1573.3933,1153.939,2622.8828
forecast_1441,2025-03-02 01:00:00,1072.6029,1043.2296,3683.5435
forecast_1442,2025-03-02 02:00:00,2594.4,1212.6426,7054.492
forecast_1443,2025-03-02 03:00:00,2233.0112,859.7675,7150.329
forecast_1444,2025-03-02 04:00:00,1732.8412,695.7947,5682.3804
forecast_1445,2025-03-02 05:00:00,1010.82324,552.87024,3771.309
forecast_1446,2025-03-02 06:00:00,673.9862,536.1607,3705.629
forecast_1447,2025-03-02 07:00:00,294.24603,289.3615,1359.287
forecast_1448,2025-03-02 08:00:00,271.84543,258.63788,410.09305
forecast_1449,2025-03-02 09:00:00,174.85725,281.1039,206.42143
forecast_1450,2025-03-02 10:00:00,146.9434,265.5616,273.6494
forecast_1451,2025-03-02 11:00:00,1617.6686,620.2508,1522.844
forecast_1452,2025-03-02 12:00:00,5023.2085,2268.0037,2172.7683
forecast_1453,2025-03-02 13:00:00,5611.6978,5281.128,2082.1514
forecast_1454,2025-03-02 14:00:00,6490.3877,7631.2866,3445.5205
forecast_1455,2025-03-02 15:00:00,6754.3145,9510.232,3955.523
forecast_1456,2025-03-02 16:00:00,7130.385,11134.567,5172.745
forecast_1457,2025-03-02 17:00:00,6588.093,10432.677,5993.4346
forecast_1458,2025-03-02 18:00:00,5640.6816,8969.667,5250.231
forecast_1459,2025-03-02 19:00:00,5509.8384,8367.671,5717.2495
forecast_1460,2025-03-02 20:00:00,7770.929,8581.214,6061.42
forecast_1461,2025-03-02 21:00:00,7915.4253,5518.161,5286.0005
forecast_1462,2025-03-02 22:00:00,7902.3506,5152.928,5495.6636
forecast_1463,2025-03-02 23:00:00,9114.838,7507.179,6221.6294
forecast_1464,2025-03-03 00:00:00,8997.818,8317.073,4662.702
forecast_1465,2025-03-03 01:00:00,10449.268,12142.421,3324.7266
forecast_1466,2025-03-03 02:00:00,13062.653,15145.663,4308.276
forecast_1467,2025-03-03 03:00:00,13164.275,14372.651,4668.4536
forecast_1468,2025-03-03 04:00:00,13651.405,14570.577,6317.292
forecast_1469,2025-03-03 05:00:00,13786.849,12966.826,7106.1543
forecast_1470,2025-03-03 06:00:00,13182.792,12968.478,7681.701
forecast_1471,2025-03-03 07:00:00,13295.823,14848.144,9021.644
forecast_1472,2025-03-03 08:00:00,13268.385,15183.448,9515.262
forecast_1473,2025-03-03 09:00:00,8887.138,15026.676,8524.7295
forecast_1474,2025-03-03 10:00:00,4808.591,15309.986,8168.027
forecast_1475,2025-03-03 11:00:00,2988.4373,15635.072,9115.568
forecast_1476,2025-03-03 12:00:00,2330.5532,16205.77,10811.314
forecast_1477,2025-03-03 13:00:00,1970.3439,14309.114,11604.076
forecast_1478,2025-03-03 14:00:00,1964.6146,11080.715,10475.897
forecast_1479,2025-03-03 15:00:00,2923.2847,11547.847,11337.462
forecast_1480,2025-03-03 16:00:00,2435.713,9303.155,11245.808
forecast_1481,2025-03-03 17:00:00,2056.0273,7250.696,10502.679
forecast_1482,2025-03-03 18:00:00,1978.8214,7541.204,10783.373
forecast_1483,2025-03-03 19:00:00,1361.1074,7076.0454,11216.659
forecast_1484,2025-03-03 20:00:00,1188.8562,6436.521,10041.3125
forecast_1485,2025-03-03 21:00:00,702.11743,6059.9883,8337.822
forecast_1486,2025-03-03 22:00:00,579.75793,6663.033,8744.657
forecast_1487,2025-03-03 23:00:00,650.0824,7385.55,8569.205
forecast_1488,2025-03-04 00:00:00,636.46826,6514.873,8450.119
forecast_1489,2025-03-04 01:00:00,686.79895,8729.025,8702.224
forecast_1490,2025-03-04 02:00:00,531.45355,12162.541,10205.421
forecast_1491,2025-03-04 03:00:00,347.8252,12334.747,10710.395
forecast_1492,2025-03-04 04:00:00,315.05118,12230.144,10962.271
forecast_1493,2025-03-04 05:00:00,342.51605,13242.746,11221.664
forecast_1494,2025-03-04 06:00:00,382.3626,14119.195,11135.301
forecast_1495,2025-03-04 07:00:00,448.35184,15871.664,11591.425
forecast_1496,2025-03-04 08:00:00,568.21625,17019.775,12100.396
forecast_1497,2025-03-04 09:00:00,721.98004,17657.219,12007.942
forecast_1498,2025-03-04 10:00:00,853.5295,18347.893,10145.848
forecast_1499,2025-03-04 11:00:00,1060.2356,18646.37,9638.545
forecast_1500,2025-03-04 12:00:00,1429.5941,18991.178,9698.251
forecast_1501,2025-03-04 13:00:00,2227.5474,19104.695,10693.141
forecast_1502,2025-03-04 14:00:00,2683.3635,18703.168,12333.251
forecast_1503,2025-03-04 15:00:00,3198.0073,18298.582,13316.633
forecast_1504,2025-03-04 16:00:00,4117.792,18016.926,13807.437
forecast_1505,2025-03-04 17:00:00,4334.395,17161.383,13710.571
forecast_1506,2025-03-04 18:00:00,3208.457,16018.781,13391.193
forecast_1507,2025-03-04 19:00:00,2491.112,15847.253,13813.1875
forecast_1508,2025-03-04 20:00:00,5225.976,14926.931,12912.818
forecast_1509,2025-03-04 21:00:00,7196.712,13982.098,12650.536
forecast_1510,2025-03-04 22:00:00,11040.607,14690.653,14596.548
forecast_1511,2025-03-04 23:00:00,11268.374,13978.391,13626.331
forecast_1512,2025-03-05 00:00:00,10029.604,13229.0205,12985.101
forecast_1513,2025-03-05 01:00:00,6757.954,13423.817,11076.151
forecast_1514,2025-03-05 02:00:00,3114.8098,9011.702,6896.972
forecast_1515,2025-03-05 03:00:00,938.6522,6008.178,6392.5264
forecast_1516,2025-03-05 04:00:00,659.7922,3303.2483,6461.2695
forecast_1517,2025-03-05 05:00:00,380.29184,1916.4152,4706.517
forecast_1518,2025-03-05 06:00:00,232.07845,1623.4943,2608.8782
forecast_1519,2025-03-05 07:00:00,166.23746,1398.4951,2114.421
forecast_1520,2025-03-05 08:00:00,63.83141,808.65,1642.5449
forecast_1521,2025-03-05 09:00:00,37.3337,300.66324,1399.5736
forecast_1522,2025-03-05 10:00:00,33.908215,109.00478,1263.7761
forecast_1523,2025-03-05 11:00:00,33.054398,54.07735,963.0125
forecast_1524,2025-03-05 12:00:00,37.34479,50.6301,749.55896
forecast_1525,2025-03-05 13:00:00,36.729412,60.001892,413.67404
forecast_1526,2025-03-05 14:00:00,31.760178,72.49958,192.93764
forecast_1527,2025-03-05 15:00:00,37.780163,85.28007,99.16742
forecast_1528,2025-03-05 16:00:00,45.041077,93.15899,92.10336
forecast_1529,2025-03-05 17:00:00,57.047325,68.01982,73.977264
forecast_1530,2025-03-05 18:00:00,91.55923,45.178513,37.757305
forecast_1531,2025-03-05 19:00:00,83.04825,41.059288,37.51187
forecast_1532,2025-03-05 20:00:00,99.26302,46.730827,46.506683
forecast_1533,2025-03-05 21:00:00,296.19824,69.5423,92.02383
forecast_1534,2025-03-05 22:00:00,739.99677,77.918304,137.23677
forecast_1535,2025-03-05 23:00:00,751.9723,73.19128,106.41509
forecast_1536,2025-03-06 00:00:00,560.4131,84.22561,110.56077
forecast_1537,2025-03-06 01:00:00,392.72083,67.68101,89.10619
forecast_1538,2025-03-06 02:00:00,170.27512,72.52876,92.02802
forecast_1539,2025-03-06 03:00:00,125.85662,72.63825,110.99178
forecast_1540,2025-03-06 04:00:00,125.879776,51.461052,160.34703
forecast_1541,2025-03-06 05:00:00,80.113914,47.5616,184.63684
forecast_1542,2025-03-06 06:00:00,139.59398,56.85638,213.93346
forecast_1543,2025-03-06 07:00:00,127.94955,77.61669,163.04817
forecast_1544,2025-03-06 08:00:00,124.8815,118.659515,162.6468
forecast_1545,2025-03-06 09:00:00,80.037834,119.50611,127.17119
forecast_1546,2025-03-06 10:00:00,66.52804,116.68772,86.62365
forecast_1547,2025-03-06 11:00:00,49.67302,59.60142,37.777706
forecast_1548,2025-03-06 12:00:00,66.566505,35.696743,25.511297
forecast_1549,2025-03-06 13:00:00,47.374462,25.89062,40.49356
forecast_1550,2025-03-06 14:00:00,39.597977,29.472504,81.75755
forecast_1551,2025-03-06 15:00:00,72.265594,57.045074,127.76123
forecast_1552,2025-03-06 16:00:00,75.0095,124.969086,182.98387
forecast_1553,2025-03-06 17:00:00,84.13696,272.74142,191.23967
forecast_1554,2025-03-06 18:00:00,74.62801,398.98517,190.69412
forecast_1555,2025-03-06 19:00:00,80.539825,363.60596,109.73512
forecast_1556,2025-03-06 20:00:00,105.565025,424.32922,67.45836
forecast_1557,2025-03-06 21:00:00,186.61346,487.46667,86.73875
forecast_1558,2025-03-06 22:00:00,711.49225,2537.6301,225.28812
forecast_1559,2025-03-06 23:00:00,1128.1207,3329.7869,497.59158
forecast_1560,2025-03-07 00:00:00,1282.2432,3148.674,621.9977
forecast_1561,2025-03-07 01:00:00,622.6216,690.701,727.70544
forecast_1562,2025-03-07 02:00:00,383.79913,349.864,864.88184
forecast_1563,2025-03-07 03:00:00,406.96713,493.35867,708.6489
forecast_1564,2025-03-07 04:00:00,338.52988,183.0097,162.24338
forecast_1565,2025-03-07 05:00:00,323.34937,161.95715,104.1981
forecast_1566,2025-03-07 06:00:00,384.39386,124.67193,69.522736
forecast_1567,2025-03-07 07:00:00,341.94354,122.42658,62.49538
forecast_1568,2025-03-07 08:00:00,463.4364,50.274715,44.22623
forecast_1569,2025-03-07 09:00:00,118.77785,28.376516,31.557053
forecast_1570,2025-03-07 10:00:00,27.943506,23.982567,25.221693
forecast_1571,2025-03-07 11:00:00,9.486811,20.967867,16.546558
forecast_1572,2025-03-07 12:00:00,7.070851,21.11626,11.0365715
forecast_1573,2025-03-07 13:00:00,9.499525,25.072956,20.752851
forecast_1574,2025-03-07 14:00:00,9.484447,18.163061,30.569433
forecast_1575,2025-03-07 15:00:00,12.491798,50.05218,35.28439
forecast_1576,2025-03-07 16:00:00,21.381767,112.34315,60.704403
forecast_1577,2025-03-07 17:00:00,36.085133,102.95907,114.49633
forecast_1578,2025-03-07 18:00:00,67.98255,51.57015,718.6701
forecast_1579,2025-03-07 19:00:00,53.70345,63.31231,1027.1785
forecast_1580,2025-03-07 20:00:00,83.577576,173.4522,1918.8104
forecast_1581,2025-03-07 21:00:00,97.99741,181.94041,1945.5043
forecast_1582,2025-03-07 22:00:00,264.7884,119.53354,1598.6624
forecast_1583,2025-03-07 23:00:00,474.9924,173.6957,1070.9952
forecast_1584,2025-03-08 00:00:00,543.8343,356.822,1281.3597
forecast_1585,2025-03-08 01:00:00,570.0333,647.7171,3381.1655
forecast_1586,2025-03-08 02:00:00,1105.9076,716.2571,5548.0327
forecast_1587,2025-03-08 03:00:00,3101.5525,968.6997,6962.9414
forecast_1588,2025-03-08 04:00:00,5652.8604,1252.3378,7828.3735
forecast_1589,2025-03-08 05:00:00,7891.8125,1149.814,7175.2183
forecast_1590,2025-03-08 06:00:00,9240.907,674.04517,5582.807
forecast_1591,2025-03-08 07:00:00,7749.3325,746.7444,4551.956
forecast_1592,2025-03-08 08:00:00,6347.716,619.5138,4549.1367
forecast_1593,2025-03-08 09:00:00,3653.0098,307.77835,4127.694
forecast_1594,2025-03-08 10:00:00,2250.1187,195.75227,4476.349
forecast_1595,2025-03-08 11:00:00,2425.86,213.02637,4617.6104
forecast_1596,2025-03-08 12:00:00,2062.6433,224.48026,3009.0652
forecast_1597,2025-03-08 13:00:00,1454.9825,259.13846,2980.632
forecast_1598,2025-03-08 14:00:00,2540.196,720.6105,3165.0027
forecast_1599,2025-03-08 15:00:00,4761.0366,2565.9346,4235.654
forecast_1600,2025-03-08 16:00:00,5555.4585,4925.768,5682.2095
forecast_1601,2025-03-08 17:00:00,6148.0845,5783.4985,5728.6265
forecast_1602,2025-03-08 18:00:00,5566.1743,4340.086,5057.8164
forecast_1603,2025-03-08 19:00:00,9995.881,6573.457,5977.568
forecast_1604,2025-03-08 20:00:00,16194.848,10723.407,6787.1445
forecast_1605,2025-03-08 21:00:00,16043.696,12423.328,6386.3916
forecast_1606,2025-03-08 22:00:00,14910.346,10758.233,5498.461
forecast_1607,2025-03-08 23:00:00,15510.928,8327.435,5736.916
forecast_1608,2025-03-09 00:00:00,15021.856,6232.291,7461.8535
forecast_1609,2025-03-09 01:00:00,14734.319,4179.5366,7690.1006
forecast_1610,2025-03-09 02:00:00,9628.452,1413.7354,4751.262
forecast_1611,2025-03-09 03:00:00,2894.2092,876.8417,2958.7903
forecast_1612,2025-03-09 04:00:00,1672.5461,692.0454,1786.8605
forecast_1613,2025-03-09 05:00:00,1480.8372,665.707,899.7645
forecast_1614,2025-03-09 06:00:00,1240.2986,630.18915,462.26434
forecast_1615,2025-03-09 07:00:00,1280.044,564.9911,466.83453
forecast_1616,2025-03-09 08:00:00,1097.0603,537.5879,683.73047
forecast_1617,2025-03-09 09:00:00,333.60028,310.21112,316.18137
forecast_1618,2025-03-09 10:00:00,157.39876,198.61542,169.44498
forecast_1619,2025-03-09 11:00:00,46.572983,105.048195,72.34563
forecast_1620,2025-03-09 12:00:00,32.84392,128.92545,100.92446
forecast_1621,2025-03-09 13:00:00,18.276579,84.135284,71.439545
forecast_1622,2025-03-09 14:00:00,23.684418,68.81886,60.100586
forecast_1623,2025-03-09 15:00:00,61.89824,89.22005,86.06053
forecast_1624,2025-03-09 16:00:00,110.031136,131.91261,81.28914
forecast_1625,2025-03-09 17:00:00,64.13919,141.18777,44.39478
forecast_1626,2025-03-09 18:00:00,83.133736,196.4878,39.097256
forecast_1627,2025-03-09 19:00:00,315.93515,627.55316,61.0844
forecast_1628,2025-03-09 20:00:00,840.327,1048.0078,277.3319
forecast_1629,2025-03-09 21:00:00,764.8074,1664.8453,1354.7959
forecast_1630,2025-03-09 22:00:00,621.667,1967.9336,3080.01
forecast_1631,2025-03-09 23:00:00,736.8912,1374.4836,4689.743
forecast_1632,2025-03-10 00:00:00,1321.462,1312.1776,6335.4043
forecast_1633,2025-03-10 01:00:00,1613.3752,913.65845,6755.852
forecast_1634,2025-03-10 02:00:00,2145.37,906.5239,6376.665
forecast_1635,2025-03-10 03:00:00,3381.998,1790.9906,6294.765
forecast_1636,2025-03-10 04:00:00,5509.824,4584.455,6391.274
forecast_1637,2025-03-10 05:00:00,6663.931,9291.232,5475.6963
forecast_1638,2025-03-10 06:00:00,7508.7866,10437.674,4193.191
forecast_1639,2025-03-10 07:00:00,7706.2354,9595.388,3354.8154
forecast_1640,2025-03-10 08:00:00,8018.329,11978.352,2912.8738
forecast_1641,2025-03-10 09:00:00,8584.354,12660.173,2163.7905
forecast_1642,2025-03-10 10:00:00,7150.335,11418.372,906.9607
forecast_1643,2025-03-10 11:00:00,3609.219,9082.187,389.03464
forecast_1644,2025-03-10 12:00:00,2152.7937,5230.932,345.60468
forecast_1645,2025-03-10 13:00:00,1580.1355,2933.874,385.48172
forecast_1646,2025-03-10 14:00:00,1809.4226,2483.3435,1308.2625
forecast_1647,2025-03-10 15:00:00,4054.3967,4683.0825,2839.8877
forecast_1648,2025-03-10 16:00:00,7367.175,5206.6025,3343.7197
forecast_1649,2025-03-10 17:00:00,8903.896,4339.1997,4110.918
forecast_1650,2025-03-10 18:00:00,7432.229,5146.3174,4461.6016
forecast_1651,2025-03-10 19:00:00,7810.667,8038.759,4719.79
forecast_1652,2025-03-10 20:00:00,9407.291,11171.232,7097.714
forecast_1653,2025-03-10 21:00:00,11706.426,11619.865,8920.329
forecast_1654,2025-03-10 22:00:00,14801.537,10980.63,9666.279
forecast_1655,2025-03-10 23:00:00,16952.04,11486.488,10365.024
forecast_1656,2025-03-11 00:00:00,18068.057,13492.184,12321.486
forecast_1657,2025-03-11 01:00:00,19079.502,17012.23,15350.107
forecast_1658,2025-03-11 02:00:00,18907.14,17808.225,16891.732
forecast_1659,2025-03-11 03:00:00,16834.613,17636.623,15446.996
forecast_1660,2025-03-11 04:00:00,17014.46,17926.84,11362.727
forecast_1661,2025-03-11 05:00:00,17756.777,18521.73,13524.553
forecast_1662,2025-03-11 06:00:00,18326.139,18942.855,19088.512
forecast_1663,2025-03-11 07:00:00,18219.434,17475.102,18465.654
forecast_1664,2025-03-11 08:00:00,14785.703,10587.978,8490.8955
forecast_1665,2025-03-11 09:00:00,5564.498,2584.7605,2768.8079
forecast_1666,2025-03-11 10:00:00,2511.4937,753.9948,1158.5443
forecast_1667,2025-03-11 11:00:00,1211.7714,496.13214,509.8811
forecast_1668,2025-03-11 12:00:00,633.7684,204.52756,494.73978
forecast_1669,2025-03-11 13:00:00,853.884,235.42819,813.166
forecast_1670,2025-03-11 14:00:00,778.1798,210.67436,512.2904
forecast_1671,2025-03-11 15:00:00,966.49524,193.3106,468.41458
forecast_1672,2025-03-11 16:00:00,1289.8634,253.98132,491.5228
forecast_1673,2025-03-11 17:00:00,896.90704,675.23474,442.62192
forecast_1674,2025-03-11 18:00:00,458.41437,921.5419,220.22594
forecast_1675,2025-03-11 19:00:00,3030.0244,2760.7576,674.4257
forecast_1676,2025-03-11 20:00:00,6788.218,8031.8613,1526.4004
forecast_1677,2025-03-11 21:00:00,6468.31,10719.156,3874.7456
forecast_1678,2025-03-11 22:00:00,7674.051,13451.609,7072.4404
forecast_1679,2025-03-11 23:00:00,4840.732,14243.867,4231.564
forecast_1680,2025-03-12 00:00:00,9814.438,17569.236,6063.9697
forecast_1681,2025-03-12 01:00:00,12099.044,19419.934,10272.209
forecast_1682,2025-03-12 02:00:00,11163.789,17856.12,12342.523
forecast_1683,2025-03-12 03:00:00,11912.408,13855.581,11227.749
forecast_1684,2025-03-12 04:00:00,12141.371,11663.581,9193.585
forecast_1685,2025-03-12 05:00:00,16174.218,16183.456,8299.01
forecast_1686,2025-03-12 06:00:00,19702.256,17855.324,9528.79
forecast_1687,2025-03-12 07:00:00,19932.396,18829.453,14069.182
forecast_1688,2025-03-12 08:00:00,19367.443,18800.924,16831.252
forecast_1689,2025-03-12 09:00:00,20399.871,18765.58,19104.713
forecast_1690,2025-03-12 10:00:00,20650.08,17681.78,20105.514
forecast_1691,2025-03-12 11:00:00,20064.295,15784.838,19211.562
forecast_1692,2025-03-12 12:00:00,19393.195,14963.558,17577.744
forecast_1693,2025-03-12 13:00:00,18760.94,17057.52,17464.201
forecast_1694,2025-03-12 14:00:00,17682.623,18050.57,17618.867
forecast_1695,2025-03-12 15:00:00,18036.145,18744.107,17955.0
forecast_1696,2025-03-12 16:00:00,18562.172,18360.61,17806.773
forecast_1697,2025-03-12 17:00:00,18622.533,18907.324,18606.635
forecast_1698,2025-03-12 18:00:00,16824.932,19223.46,18651.268
forecast_1699,2025-03-12 19:00:00,18110.152,19092.988,18047.73
forecast_1700,2025-03-12 20:00:00,18478.441,18662.766,16895.432
forecast_1701,2025-03-12 21:00:00,16579.135,17151.89,12796.461
forecast_1702,2025-03-12 22:00:00,16882.695,15374.226,9631.174
forecast_1703,2025-03-12 23:00:00,12511.771,13336.225,8557.018
forecast_1704,2025-03-13 00:00:00,12551.802,9876.118,7352.7573
forecast_1705,2025-03-13 01:00:00,12039.246,8586.485,7141.4985
forecast_1706,2025-03-13 02:00:00,10205.084,6879.6484,6184.6274
forecast_1707,2025-03-13 03:00:00,11444.774,8009.4556,5618.343
forecast_1708,2025-03-13 04:00:00,15125.644,12058.118,6073.791
forecast_1709,2025-03-13 05:00:00,17506.82,12681.08,5992.5713
forecast_1710,2025-03-13 06:00:00,17208.06,12080.204,4735.8315
forecast_1711,2025-03-13 07:00:00,15382.795,11294.534,3570.5708
forecast_1712,2025-03-13 08:00:00,13802.642,11893.672,3580.4346
forecast_1713,2025-03-13 09:00:00,10963.188,10430.87,2111.3936
forecast_1714,2025-03-13 10:00:00,7756.6987,5925.1724,1117.2727
forecast_1715,2025-03-13 11:00:00,5881.033,3055.7388,1020.8782
forecast_1716,2025-03-13 12:00:00,4934.003,2136.061,801.607
forecast_1717,2025-03-13 13:00:00,4620.235,1345.3064,1112.1194
forecast_1718,2025-03-13 14:00:00,3703.2786,662.11774,1379.3546
forecast_1719,2025-03-13 15:00:00,1334.2349,444.80188,1156.4539
forecast_1720,2025-03-13 16:00:00,533.78204,494.40787,975.221
forecast_1721,2025-03-13 17:00:00,149.62357,505.3267,579.2858
forecast_1722,2025-03-13 18:00:00,77.148834,347.62128,306.51315
forecast_1723,2025-03-13 19:00:00,320.62872,949.3117,492.8184
forecast_1724,2025-03-13 20:00:00,1439.4524,2064.5679,1104.476
forecast_1725,2025-03-13 21:00:00,3812.1704,3849.5852,2522.6199
forecast_1726,2025-03-13 22:00:00,3982.038,5178.435,2284.2693
forecast_1727,2025-03-13 23:00:00,5030.084,3941.2097,2742.2715
forecast_1728,2025-03-14 00:00:00,4653.5664,1579.7682,2081.238
forecast_1729,2025-03-14 01:00:00,3661.0435,608.7973,2405.1626
forecast_1730,2025-03-14 02:00:00,1497.3273,838.90314,1754.6593
forecast_1731,2025-03-14 03:00:00,600.17004,507.11884,898.1311
forecast_1732,2025-03-14 04:00:00,1073.0874,327.65878,494.4183
forecast_1733,2025-03-14 05:00:00,514.52997,290.11853,199.04742
forecast_1734,2025-03-14 06:00:00,224.72656,286.1075,151.37883
forecast_1735,2025-03-14 07:00:00,372.3583,233.59903,322.87372
forecast_1736,2025-03-14 08:00:00,242.65305,325.6801,156.05394
forecast_1737,2025-03-14 09:00:00,278.83994,403.8243,66.892006
forecast_1738,2025-03-14 10:00:00,265.30112,546.6156,72.51276
forecast_1739,2025-03-14 11:00:00,278.61234,519.0134,175.3204
forecast_1740,2025-03-14 12:00:00,366.12335,766.6015,233.3278
forecast_1741,2025-03-14 13:00:00,429.51865,842.95905,250.87509
forecast_1742,2025-03-14 14:00:00,461.3934,895.3852,262.796
forecast_1743,2025-03-14 15:00:00,473.97076,937.01855,244.65118
forecast_1744,2025-03-14 16:00:00,404.3121,895.8077,232.68318
forecast_1745,2025-03-14 17:00:00,378.63846,867.9671,274.0951
forecast_1746,2025-03-14 18:00:00,308.34482,428.58292,271.42035
forecast_1747,2025-03-14 19:00:00,360.02814,404.70667,282.41513
forecast_1748,2025-03-14 20:00:00,504.4028,340.64996,328.05994
forecast_1749,2025-03-14 21:00:00,777.9053,412.85812,349.16888
forecast_1750,2025-03-14 22:00:00,854.0949,552.82294,248.75443
forecast_1751,2025-03-14 23:00:00,1135.7446,784.5463,195.67065
forecast_1752,2025-03-15 00:00:00,1348.735,1143.594,198.77611
forecast_1753,2025-03-15 01:00:00,1400.1947,1664.0242,680.19006
forecast_1754,2025-03-15 02:00:00,2430.65,2785.0444,3498.2725
forecast_1755,2025-03-15 03:00:00,3156.422,4164.8213,4477.1475
forecast_1756,2025-03-15 04:00:00,3914.1506,5526.451,4467.7236
forecast_1757,2025-03-15 05:00:00,3871.867,6985.062,3027.4602
forecast_1758,2025-03-15 06:00:00,3713.3271,6881.717,2123.002
forecast_1759,2025-03-15 07:00:00,3778.79,6189.1187,2402.7913
forecast_1760,2025-03-15 08:00:00,4191.455,6266.196,2442.508
forecast_1761,2025-03-15 09:00:00,5592.654,8368.393,2796.6965
forecast_1762,2025-03-15 10:00:00,6173.9453,8042.8066,2989.0151
forecast_1763,2025-03-15 11:00:00,6483.6816,8756.032,3135.4502
forecast_1764,2025-03-15 12:00:00,4038.4048,8528.838,2120.3245
forecast_1765,2025-03-15 13:00:00,1887.6545,7575.9033,1830.4965
forecast_1766,2025-03-15 14:00:00,1728.5284,7249.118,1567.4354
forecast_1767,2025-03-15 15:00:00,1900.8138,7782.4995,1324.8986
forecast_1768,2025-03-15 16:00:00,1708.3208,5858.534,1140.154
forecast_1769,2025-03-15 17:00:00,2218.41,4443.4014,928.8953
forecast_1770,2025-03-15 18:00:00,2670.0977,3320.8823,431.45267
forecast_1771,2025-03-15 19:00:00,2605.4202,2975.6,241.61327
forecast_1772,2025-03-15 20:00:00,2120.4146,1675.002,133.02638
forecast_1773,2025-03-15 21:00:00,2121.6133,1028.8679,114.0639
forecast_1774,2025-03-15 22:00:00,1842.6748,769.2836,128.38046
forecast_1775,2025-03-15 23:00:00,1919.9796,478.41037,313.38202
forecast_1776,2025-03-16 00:00:00,1426.0188,299.78223,853.0074
forecast_1777,2025-03-16 01:00:00,710.992,246.33923,1302.1561
forecast_1778,2025-03-16 02:00:00,693.53015,145.46844,1402.9762
forecast_1779,2025-03-16 03:00:00,546.1222,111.982056,1020.6993
forecast_1780,2025-03-16 04:00:00,434.38187,77.941666,411.6802
forecast_1781,2025-03-16 05:00:00,281.9606,59.633793,197.6289
forecast_1782,2025-03-16 06:00:00,142.7469,59.468445,217.0956
forecast_1783,2025-03-16 07:00:00,54.41367,66.95568,407.51984
forecast_1784,2025-03-16 08:00:00,31.281675,58.112274,492.22253
forecast_1785,2025-03-16 09:00:00,30.44456,47.015472,359.02835
forecast_1786,2025-03-16 10:00:00,25.545008,41.328056,202.26266
forecast_1787,2025-03-16 11:00:00,23.274654,39.586124,132.62416
forecast_1788,2025-03-16 12:00:00,17.59888,38.30298,145.76627
forecast_1789,2025-03-16 13:00:00,20.44265,46.116413,181.26775
forecast_1790,2025-03-16 14:00:00,37.0658,69.35422,339.11026
forecast_1791,2025-03-16 15:00:00,167.38727,237.1761,1176.8273
forecast_1792,2025-03-16 16:00:00,686.9146,2413.6326,2513.997
forecast_1793,2025-03-16 17:00:00,2784.3154,2469.7427,3610.4976
forecast_1794,2025-03-16 18:00:00,4498.9204,5551.8135,6149.5244
forecast_1795,2025-03-16 19:00:00,4623.1846,9057.322,7581.584
forecast_1796,2025-03-16 20:00:00,4333.9453,10261.285,9706.224
forecast_1797,2025-03-16 21:00:00,5453.4385,10998.223,10892.084
forecast_1798,2025-03-16 22:00:00,7245.942,11492.15,12166.616
forecast_1799,2025-03-16 23:00:00,9348.776,11903.771,12377.792
forecast_1800,2025-03-17 00:00:00,8297.035,11690.074,12543.665
forecast_1801,2025-03-17 01:00:00,4561.732,7714.054,8215.222
forecast_1802,2025-03-17 02:00:00,7720.523,7566.4243,10855.54
forecast_1803,2025-03-17 03:00:00,8265.408,8468.833,13259.399
forecast_1804,2025-03-17 04:00:00,5909.777,6993.195,7798.364
forecast_1805,2025-03-17 05:00:00,5437.8237,8530.542,6087.5483
forecast_1806,2025-03-17 06:00:00,5026.0537,7098.059,4344.4565
forecast_1807,2025-03-17 07:00:00,4691.6343,5337.5522,2901.176
forecast_1808,2025-03-17 08:00:00,2734.894,2446.8252,1754.6786
forecast_1809,2025-03-17 09:00:00,1405.9807,2027.114,1858.1779
forecast_1810,2025-03-17 10:00:00,1071.3873,2069.6777,1107.5411
forecast_1811,2025-03-17 11:00:00,1745.6985,1904.7166,915.93
forecast_1812,2025-03-17 12:00:00,4105.2275,2951.6165,1706.7778
forecast_1813,2025-03-17 13:00:00,12743.845,5819.3994,3396.0242
forecast_1814,2025-03-17 14:00:00,12481.738,8301.127,6266.09
forecast_1815,2025-03-17 15:00:00,11606.682,8594.022,6373.3267
forecast_1816,2025-03-17 16:00:00,9152.062,9756.915,5667.14
forecast_1817,2025-03-17 17:00:00,8615.371,7805.2476,5784.2915
forecast_1818,2025-03-17 18:00:00,10434.029,6962.739,6395.01
forecast_1819,2025-03-17 19:00:00,10838.232,6494.154,6692.9443
forecast_1820,2025-03-17 20:00:00,11680.814,7180.3315,8005.0137
forecast_1821,2025-03-17 21:00:00,9474.643,7147.806,8282.343
forecast_1822,2025-03-17 22:00:00,10145.187,7850.373,9494.735
forecast_1823,2025-03-17 23:00:00,10157.352,8570.97,9373.031
forecast_1824,2025-03-18 00:00:00,11158.46,6664.277,9359.045
forecast_1825,2025-03-18 01:00:00,6979.299,3968.5056,6377.464
forecast_1826,2025-03-18 02:00:00,8069.802,3201.4963,3388.155
forecast_1827,2025-03-18 03:00:00,6675.22,2878.216,1165.4249
forecast_1828,2025-03-18 04:00:00,6717.115,2702.7053,382.1184
forecast_1829,2025-03-18 05:00:00,7327.4844,3028.39,199.99837
forecast_1830,2025-03-18 06:00:00,8101.43,2915.1445,268.96884
forecast_1831,2025-03-18 07:00:00,7274.4478,2247.4744,442.15875
forecast_1832,2025-03-18 08:00:00,2860.4604,952.7091,693.0584
forecast_1833,2025-03-18 09:00:00,487.88397,373.89502,2922.659
forecast_1834,2025-03-18 10:00:00,128.03363,486.99832,4334.3276
forecast_1835,2025-03-18 11:00:00,67.38965,389.99185,2749.8506
forecast_1836,2025-03-18 12:00:00,119.71706,496.1231,1854.2145
forecast_1837,2025-03-18 13:00:00,394.28687,623.2082,2082.12
forecast_1838,2025-03-18 14:00:00,763.2365,763.88434,1700.3828
forecast_1839,2025-03-18 15:00:00,2178.7666,3116.8274,2414.599
forecast_1840,2025-03-18 16:00:00,6174.2104,6954.8433,1635.7728
forecast_1841,2025-03-18 17:00:00,8872.6455,6221.499,2963.845
forecast_1842,2025-03-18 18:00:00,9931.164,7713.438,5486.8433
forecast_1843,2025-03-18 19:00:00,9844.674,11115.164,7320.4907
forecast_1844,2025-03-18 20:00:00,9495.881,12427.882,7679.4956
forecast_1845,2025-03-18 21:00:00,9835.396,12483.225,9679.975
forecast_1846,2025-03-18 22:00:00,8699.294,12151.957,6352.6724
forecast_1847,2025-03-18 23:00:00,2439.4539,9504.964,4598.1533
forecast_1848,2025-03-19 00:00:00,516.0239,5450.048,2700.0095
forecast_1849,2025-03-19 01:00:00,288.6394,3208.2678,1826.4132
forecast_1850,2025-03-19 02:00:00,358.4464,1505.4911,1598.8087
forecast_1851,2025-03-19 03:00:00,453.06064,1533.5226,1833.1686
forecast_1852,2025-03-19 04:00:00,610.0165,1245.5282,1823.7114
forecast_1853,2025-03-19 05:00:00,689.09607,1353.3099,2441.3418
forecast_1854,2025-03-19 06:00:00,519.48035,1361.9153,2191.8071
forecast_1855,2025-03-19 07:00:00,638.92456,1699.803,1988.7059
forecast_1856,2025-03-19 08:00:00,907.88275,1759.8672,2910.661
forecast_1857,2025-03-19 09:00:00,803.83307,1366.6687,2783.328
forecast_1858,2025-03-19 10:00:00,816.6741,2285.2454,2708.6904
forecast_1859,2025-03-19 11:00:00,2044.4285,4868.89,4332.152
forecast_1860,2025-03-19 12:00:00,2119.8687,2999.3,7008.6626
forecast_1861,2025-03-19 13:00:00,3630.9739,3212.3716,7816.4927
forecast_1862,2025-03-19 14:00:00,4544.101,4250.3223,6689.8345
forecast_1863,2025-03-19 15:00:00,5431.4316,5271.3687,6212.8037
forecast_1864,2025-03-19 16:00:00,6631.419,6547.484,6575.224
forecast_1865,2025-03-19 17:00:00,7234.3228,6734.169,8397.893
forecast_1866,2025-03-19 18:00:00,8791.056,5919.501,10329.027
forecast_1867,2025-03-19 19:00:00,11795.821,5898.3843,12378.481
forecast_1868,2025-03-19 20:00:00,15482.485,6937.727,13867.132
forecast_1869,2025-03-19 21:00:00,16745.605,8076.508,16441.314
forecast_1870,2025-03-19 22:00:00,16070.284,8611.082,18673.824
forecast_1871,2025-03-19 23:00:00,16443.494,9119.739,18999.23
forecast_1872,2025-03-20 00:00:00,16761.17,10287.272,18068.584
forecast_1873,2025-03-20 01:00:00,17700.504,12881.777,16931.885
forecast_1874,2025-03-20 02:00:00,17351.035,14620.464,14209.821
forecast_1875,2025-03-20 03:00:00,18556.182,15027.89,17868.443
forecast_1876,2025-03-20 04:00:00,19160.31,15439.938,19395.668
forecast_1877,2025-03-20 05:00:00,18712.084,15521.138,18434.408
forecast_1878,2025-03-20 06:00:00,18530.99,15924.468,16801.045
forecast_1879,2025-03-20 07:00:00,19162.723,17164.092,16622.037
forecast_1880,2025-03-20 08:00:00,19905.879,19040.707,17128.898
forecast_1881,2025-03-20 09:00:00,20007.896,20082.748,17048.102
forecast_1882,2025-03-20 10:00:00,19988.297,20445.29,16363.079
forecast_1883,2025-03-20 11:00:00,19473.691,20356.793,16264.627
forecast_1884,2025-03-20 12:00:00,18876.172,20047.309,15973.532
forecast_1885,2025-03-20 13:00:00,18795.33,19754.14,15582.313
forecast_1886,2025-03-20 14:00:00,18752.932,19636.246,15822.906
forecast_1887,2025-03-20 15:00:00,18702.656,19412.938,16323.737
forecast_1888,2025-03-20 16:00:00,18504.477,19114.842,16860.494
forecast_1889,2025-03-20 17:00:00,18049.71,18981.36,18012.82
forecast_1890,2025-03-20 18:00:00,18328.459,19242.826,18606.113
forecast_1891,2025-03-20 19:00:00,18312.555,19638.377,19119.418
forecast_1892,2025-03-20 20:00:00,18024.38,19923.334,19853.283
forecast_1893,2025-03-20 21:00:00,17557.332,19998.04,20155.756
forecast_1894,2025-03-20 22:00:00,17344.83,20018.514,20353.953
forecast_1895,2025-03-20 23:00:00,17709.85,20020.389,20553.65
forecast_1896,2025-03-21 00:00:00,18038.664,19877.867,20504.818
forecast_1897,2025-03-21 01:00:00,18163.129,19187.725,20432.256
forecast_1898,2025-03-21 02:00:00,17707.99,19602.826,20232.6
forecast_1899,2025-03-21 03:00:00,18043.168,19847.652,20172.75
forecast_1900,2025-03-21 04:00:00,17827.555,19824.043,20010.266
forecast_1901,2025-03-21 05:00:00,17075.291,19583.807,19775.846
forecast_1902,2025-03-21 06:00:00,15748.851,19319.645,19439.152
forecast_1903,2025-03-21 07:00:00,15732.918,19280.344,19056.895
forecast_1904,2025-03-21 08:00:00,16735.55,19698.32,19381.47
forecast_1905,2025-03-21 09:00:00,16428.193,20193.828,19649.145
forecast_1906,2025-03-21 10:00:00,14926.3955,20437.473,19226.363
forecast_1907,2025-03-21 11:00:00,15977.702,20668.652,18417.846
forecast_1908,2025-03-21 12:00:00,16216.669,20706.414,17400.336
forecast_1909,2025-03-21 13:00:00,16108.767,20527.766,15799.954
forecast_1910,2025-03-21 14:00:00,16186.711,20262.254,13482.523
forecast_1911,2025-03-21 15:00:00,16392.502,19874.787,11758.396
forecast_1912,2025-03-21 16:00:00,16542.246,19035.418,11704.127
forecast_1913,2025-03-21 17:00:00,16709.805,18821.512,12961.15
forecast_1914,2025-03-21 18:00:00,17189.77,18720.215,15104.64
forecast_1915,2025-03-21 19:00:00,17533.154,18873.46,17321.004
forecast_1916,2025-03-21 20:00:00,17459.465,19624.518,19136.56
forecast_1917,2025-03-21 21:00:00,17556.334,19926.75,20116.963
forecast_1918,2025-03-21 22:00:00,17539.082,19878.486,19764.361
forecast_1919,2025-03-21 23:00:00,17315.04,19337.508,19584.918
forecast_1920,2025-03-22 00:00:00,16974.322,19477.617,19525.879
forecast_1921,2025-03-22 01:00:00,16737.303,19476.627,19777.914
forecast_1922,2025-03-22 02:00:00,16670.115,20053.232,19044.95
forecast_1923,2025-03-22 03:00:00,17683.98,20403.049,18890.879
forecast_1924,2025-03-22 04:00:00,16855.502,20016.61,18714.586
forecast_1925,2025-03-22 05:00:00,16145.805,20073.322,18611.05
forecast_1926,2025-03-22 06:00:00,16288.433,20301.236,19004.117
forecast_1927,2025-03-22 07:00:00,16355.13,20498.93,19322.281
forecast_1928,2025-03-22 08:00:00,16553.326,20708.809,19231.668
forecast_1929,2025-03-22 09:00:00,16133.641,20796.844,18531.14
forecast_1930,2025-03-22 10:00:00,14863.422,20773.197,16437.342
forecast_1931,2025-03-22 11:00:00,14762.584,20759.1,14533.664
forecast_1932,2025-03-22 12:00:00,15592.441,20531.113,13746.687
forecast_1933,2025-03-22 13:00:00,16191.1875,19907.287,12948.3545
forecast_1934,2025-03-22 14:00:00,16533.709,19118.135,12681.763
forecast_1935,2025-03-22 15:00:00,16797.207,19101.484,13490.5625
forecast_1936,2025-03-22 16:00:00,16918.879,19167.635,13980.814
forecast_1937,2025-03-22 17:00:00,17029.512,19050.666,14937.61
forecast_1938,2025-03-22 18:00:00,17296.84,18873.008,14639.513
forecast_1939,2025-03-22 19:00:00,17571.12,18811.31,15859.132
forecast_1940,2025-03-22 20:00:00,17867.543,18952.959,17525.68
forecast_1941,2025-03-22 21:00:00,17072.139,18805.367,18265.451
forecast_1942,2025-03-22 22:00:00,15990.05,18641.713,19074.373
forecast_1943,2025-03-22 23:00:00,14789.3,18851.865,19548.162
forecast_1944,2025-03-23 00:00:00,15394.163,19352.857,19123.625
forecast_1945,2025-03-23 01:00:00,16442.984,20102.44,18676.201
forecast_1946,2025-03-23 02:00:00,15783.925,19810.686,16817.902
forecast_1947,2025-03-23 03:00:00,16133.803,19987.229,16765.428
forecast_1948,2025-03-23 04:00:00,15536.895,20206.068,17408.994
forecast_1949,2025-03-23 05:00:00,13115.737,20123.092,16108.575
forecast_1950,2025-03-23 06:00:00,12304.753,20127.305,13594.722
forecast_1951,2025-03-23 07:00:00,11642.93,19473.945,12689.912
forecast_1952,2025-03-23 08:00:00,9840.777,17253.004,9600.452
forecast_1953,2025-03-23 09:00:00,7516.7026,11553.915,7277.97
forecast_1954,2025-03-23 10:00:00,3691.9246,5349.9663,3081.5728
forecast_1955,2025-03-23 11:00:00,575.1864,1835.4036,945.60583
forecast_1956,2025-03-23 12:00:00,143.45375,482.18515,376.42285
forecast_1957,2025-03-23 13:00:00,137.86455,463.35544,245.42932
forecast_1958,2025-03-23 14:00:00,495.60254,619.9427,321.37912
forecast_1959,2025-03-23 15:00:00,2365.3567,802.8311,777.72217
forecast_1960,2025-03-23 16:00:00,4697.496,1553.8721,1714.7954
forecast_1961,2025-03-23 17:00:00,5750.3525,3672.6907,1953.9691
forecast_1962,2025-03-23 18:00:00,5242.949,5456.1094,1955.5742
forecast_1963,2025-03-23 19:00:00,429.3282,2167.4954,1007.2084
forecast_1964,2025-03-23 20:00:00,3799.509,5326.1704,1860.7584
forecast_1965,2025-03-23 21:00:00,5906.4985,13734.862,1947.027
forecast_1966,2025-03-23 22:00:00,10931.63,16526.625,3102.2974
forecast_1967,2025-03-23 23:00:00,15695.489,17086.574,8924.132
forecast_1968,2025-03-24 00:00:00,14367.013,18573.908,13002.18
forecast_1969,2025-03-24 01:00:00,13993.73,18837.62,12370.457
forecast_1970,2025-03-24 02:00:00,15890.925,18691.207,9784.849
forecast_1971,2025-03-24 03:00:00,15300.194,18135.629,7470.4927
forecast_1972,2025-03-24 04:00:00,17752.662,19223.498,10327.541
forecast_1973,2025-03-24 05:00:00,16496.709,19422.357,11718.454
forecast_1974,2025-03-24 06:00:00,16012.116,19662.766,12879.697
forecast_1975,2025-03-24 07:00:00,15806.068,19173.994,14478.259
forecast_1976,2025-03-24 08:00:00,16027.392,18816.33,15741.238
forecast_1977,2025-03-24 09:00:00,16578.945,19225.88,16850.91
forecast_1978,2025-03-24 10:00:00,13615.149,18821.082,16808.508
forecast_1979,2025-03-24 11:00:00,15948.391,18549.035,17369.44
forecast_1980,2025-03-24 12:00:00,15511.514,17819.484,17196.928
forecast_1981,2025-03-24 13:00:00,15566.855,16311.03,15853.302
forecast_1982,2025-03-24 14:00:00,16438.758,14329.022,13638.951
forecast_1983,2025-03-24 15:00:00,16647.56,14291.512,12582.619
forecast_1984,2025-03-24 16:00:00,16453.848,14827.685,11556.783
forecast_1985,2025-03-24 17:00:00,16369.722,15027.15,12849.481
forecast_1986,2025-03-24 18:00:00,15616.061,13397.771,11462.109
forecast_1987,2025-03-24 19:00:00,14527.022,13931.398,12245.093
forecast_1988,2025-03-24 20:00:00,13121.57,16136.425,13334.742
forecast_1989,2025-03-24 21:00:00,12854.905,15637.139,6464.2905
forecast_1990,2025-03-24 22:00:00,12692.234,15614.805,8578.894
forecast_1991,2025-03-24 23:00:00,15813.214,16945.365,16813.623
forecast_1992,2025-03-25 00:00:00,14268.655,15312.583,18089.932
forecast_1993,2025-03-25 01:00:00,12882.095,14636.77,17728.139
forecast_1994,2025-03-25 02:00:00,13544.186,15360.358,16884.441
forecast_1995,2025-03-25 03:00:00,17342.445,16063.723,13747.492
forecast_1996,2025-03-25 04:00:00,19336.898,16524.77,8709.669
forecast_1997,2025-03-25 05:00:00,19061.488,16945.855,4964.295
forecast_1998,2025-03-25 06:00:00,15586.883,14795.907,2886.0266
forecast_1999,2025-03-25 07:00:00,10873.856,11881.5205,2116.564
forecast_2000,2025-03-25 08:00:00,9012.348,8126.335,1052.55
forecast_2001,2025-03-25 09:00:00,7021.008,6564.2,734.5361
forecast_2002,2025-03-25 10:00:00,5681.815,5544.0713,915.5502
forecast_2003,2025-03-25 11:00:00,6388.507,7171.7954,6448.8267
forecast_2004,2025-03-25 12:00:00,5438.6606,8622.06,3896.8928
forecast_2005,2025-03-25 13:00:00,5085.7114,10061.2705,3443.5757
forecast_2006,2025-03-25 14:00:00,6418.277,12487.851,5717.868
forecast_2007,2025-03-25 15:00:00,7877.8564,13028.76,7842.518
forecast_2008,2025-03-25 16:00:00,9182.854,13584.164,9720.696
forecast_2009,2025-03-25 17:00:00,10873.625,14302.774,11618.6
forecast_2010,2025-03-25 18:00:00,12949.718,15135.56,14397.723
forecast_2011,2025-03-25 19:00:00,14137.27,16352.885,16059.23
forecast_2012,2025-03-25 20:00:00,14811.083,18112.707,17035.957
forecast_2013,2025-03-25 21:00:00,14860.887,19262.043,17300.256
forecast_2014,2025-03-25 22:00:00,14474.801,19511.328,17996.768
forecast_2015,2025-03-25 23:00:00,14340.172,19487.246,18603.295
forecast_2016,2025-03-26 00:00:00,14573.581,19525.09,19303.787
forecast_2017,2025-03-26 01:00:00,14364.594,19250.285,19648.047
forecast_2018,2025-03-26 02:00:00,14433.888,19110.865,19710.916
forecast_2019,2025-03-26 03:00:00,15480.141,18937.398,19599.938
forecast_2020,2025-03-26 04:00:00,15971.768,18588.46,18569.098
forecast_2021,2025-03-26 05:00:00,15777.44,17483.385,13911.836
forecast_2022,2025-03-26 06:00:00,15066.421,11123.328,7989.1055
forecast_2023,2025-03-26 07:00:00,15037.049,9937.109,8418.755
forecast_2024,2025-03-26 08:00:00,10019.752,4153.2646,4429.9834
forecast_2025,2025-03-26 09:00:00,832.0404,1023.0612,993.8653
forecast_2026,2025-03-26 10:00:00,203.82346,347.9133,829.3741
forecast_2027,2025-03-26 11:00:00,68.94885,273.6509,294.96915
forecast_2028,2025-03-26 12:00:00,109.761955,394.6692,228.26929
forecast_2029,2025-03-26 13:00:00,581.4473,856.2728,293.2436
forecast_2030,2025-03-26 14:00:00,1386.9874,1477.456,815.4337
forecast_2031,2025-03-26 15:00:00,1644.5052,2142.194,4242.0737
forecast_2032,2025-03-26 16:00:00,1634.0109,2254.6917,2145.7131
forecast_2033,2025-03-26 17:00:00,1416.2799,1953.0737,2599.228
forecast_2034,2025-03-26 18:00:00,1644.9644,2721.2275,2558.0771
forecast_2035,2025-03-26 19:00:00,3406.5576,5319.4126,1978.2585
forecast_2036,2025-03-26 20:00:00,6441.9546,8810.774,2810.65
forecast_2037,2025-03-26 21:00:00,7555.75,10525.457,4355.386
forecast_2038,2025-03-26 22:00:00,9828.006,11260.845,7848.2217
forecast_2039,2025-03-26 23:00:00,10114.278,11237.323,10255.034
forecast_2040,2025-03-27 00:00:00,12485.105,13111.192,13838.494
forecast_2041,2025-03-27 01:00:00,14610.472,16364.784,16554.3
forecast_2042,2025-03-27 02:00:00,14820.902,19167.596,17050.598
forecast_2043,2025-03-27 03:00:00,16425.164,20219.459,15540.98
forecast_2044,2025-03-27 04:00:00,17194.576,20312.178,13869.767
forecast_2045,2025-03-27 05:00:00,16695.057,20227.035,12377.896
forecast_2046,2025-03-27 06:00:00,14676.449,19744.758,7832.594
forecast_2047,2025-03-27 07:00:00,14769.484,17129.809,5162.137
forecast_2048,2025-03-27 08:00:00,9023.541,16162.528,10885.264
forecast_2049,2025-03-27 09:00:00,6540.9834,15722.722,13403.882
forecast_2050,2025-03-27 10:00:00,6639.984,9918.938,11696.763
forecast_2051,2025-03-27 11:00:00,7815.376,10070.227,11834.963
forecast_2052,2025-03-27 12:00:00,7601.232,9388.951,11273.444
forecast_2053,2025-03-27 13:00:00,8095.0137,7834.432,10250.979
forecast_2054,2025-03-27 14:00:00,7560.858,6846.3813,8621.568
forecast_2055,2025-03-27 15:00:00,6588.893,7114.1094,7335.224
forecast_2056,2025-03-27 16:00:00,5105.572,5496.2114,6555.069
forecast_2057,2025-03-27 17:00:00,3803.5166,2787.7415,4219.4653
forecast_2058,2025-03-27 18:00:00,2128.3196,4462.624,853.1248
forecast_2059,2025-03-27 19:00:00,4454.9683,9317.702,701.89575
forecast_2060,2025-03-27 20:00:00,3287.4329,11205.627,1864.5515
forecast_2061,2025-03-27 21:00:00,5603.8115,12616.009,3329.2166
forecast_2062,2025-03-27 22:00:00,6380.5034,12957.987,3958.8254
forecast_2063,2025-03-27 23:00:00,8706.601,12413.462,4673.1494
forecast_2064,2025-03-28 00:00:00,9807.279,11104.294,6825.981
forecast_2065,2025-03-28 01:00:00,8607.992,7928.11,5802.278
forecast_2066,2025-03-28 02:00:00,3948.6343,2258.5452,1424.8936
forecast_2067,2025-03-28 03:00:00,2609.2268,1463.2662,522.20416
forecast_2068,2025-03-28 04:00:00,1605.115,1439.0472,221.49518
forecast_2069,2025-03-28 05:00:00,797.5463,1193.7222,199.7234
forecast_2070,2025-03-28 06:00:00,706.84406,1254.0248,699.4137
forecast_2071,2025-03-28 07:00:00,266.6227,662.26434,408.54376
forecast_2072,2025-03-28 08:00:00,166.76523,443.89618,255.47008
forecast_2073,2025-03-28 09:00:00,168.44853,302.68787,211.57568
forecast_2074,2025-03-28 10:00:00,226.93605,271.63608,216.10103
forecast_2075,2025-03-28 11:00:00,304.7361,241.9461,510.5768
forecast_2076,2025-03-28 12:00:00,257.26556,232.45448,360.14517
forecast_2077,2025-03-28 13:00:00,174.97447,189.20421,215.48082
forecast_2078,2025-03-28 14:00:00,120.2408,252.73474,200.37276
forecast_2079,2025-03-28 15:00:00,103.531334,243.85161,171.2255
forecast_2080,2025-03-28 16:00:00,135.23834,302.80728,145.91385
forecast_2081,2025-03-28 17:00:00,210.71715,406.70062,153.4284
forecast_2082,2025-03-28 18:00:00,217.49121,492.3817,108.27069
forecast_2083,2025-03-28 19:00:00,303.6844,1321.1577,286.6506
forecast_2084,2025-03-28 20:00:00,5554.4927,5399.411,3054.502
forecast_2085,2025-03-28 21:00:00,11655.457,6239.176,5057.143
forecast_2086,2025-03-28 22:00:00,9680.201,5241.1074,5522.5127
forecast_2087,2025-03-28 23:00:00,7606.6846,4177.035,5227.995
forecast_2088,2025-03-29 00:00:00,6868.1978,4102.652,5486.941
forecast_2089,2025-03-29 01:00:00,6440.393,4254.938,3909.3196
forecast_2090,2025-03-29 02:00:00,2302.2324,2512.8342,873.7365
forecast_2091,2025-03-29 03:00:00,355.12134,1558.7485,90.15196
forecast_2092,2025-03-29 04:00:00,311.3665,1225.3048,51.156517
forecast_2093,2025-03-29 05:00:00,682.08795,1609.468,111.95751
forecast_2094,2025-03-29 06:00:00,1349.8787,2517.237,439.55185
forecast_2095,2025-03-29 07:00:00,2598.4968,3844.5332,2292.7595
forecast_2096,2025-03-29 08:00:00,3877.5918,4106.9165,3677.0059
forecast_2097,2025-03-29 09:00:00,5772.526,6332.4507,4556.728
forecast_2098,2025-03-29 10:00:00,6123.7437,6503.5493,6302.5645
forecast_2099,2025-03-29 11:00:00,5784.6357,7324.094,7120.9062
forecast_2100,2025-03-29 12:00:00,7331.9785,9454.382,7533.6074
forecast_2101,2025-03-29 13:00:00,8536.51,11602.449,8904.13
forecast_2102,2025-03-29 14:00:00,9796.423,13246.64,10406.067
forecast_2103,2025-03-29 15:00:00,11417.19,14714.407,10923.654
forecast_2104,2025-03-29 16:00:00,12419.561,16326.28,8735.632
forecast_2105,2025-03-29 17:00:00,12568.709,16226.889,9919.662
forecast_2106,2025-03-29 18:00:00,12459.7,15587.931,8437.327
forecast_2107,2025-03-29 19:00:00,12351.632,15597.949,11016.361
forecast_2108,2025-03-29 20:00:00,12764.174,15296.818,8897.424
forecast_2109,2025-03-29 21:00:00,12951.623,13681.051,7905.726
forecast_2110,2025-03-29 22:00:00,12693.021,12212.913,7555.466
forecast_2111,2025-03-29 23:00:00,12191.887,12104.899,6347.795
forecast_2112,2025-03-30 00:00:00,11884.4,10991.4,5912.008
forecast_2113,2025-03-30 01:00:00,11838.366,11734.807,8164.2065
forecast_2114,2025-03-30 02:00:00,11772.46,10243.55,8951.996
forecast_2115,2025-03-30 03:00:00,11076.613,10617.928,9926.004
forecast_2116,2025-03-30 04:00:00,9387.407,10600.526,10631.875
forecast_2117,2025-03-30 05:00:00,7234.5117,10937.882,9171.678
forecast_2118,2025-03-30 06:00:00,4462.391,10725.922,5503.2847
forecast_2119,2025-03-30 07:00:00,4513.363,10696.836,4233.771
forecast_2120,2025-03-30 08:00:00,3698.3538,9711.483,4214.167
forecast_2121,2025-03-30 09:00:00,4017.7217,8260.784,4393.9307
forecast_2122,2025-03-30 10:00:00,7015.1616,7343.4966,4902.984
forecast_2123,2025-03-30 11:00:00,7545.3687,6619.5586,6370.2144
forecast_2124,2025-03-30 12:00:00,7516.565,7446.781,7412.392
forecast_2125,2025-03-30 13:00:00,8102.81,8111.2876,8669.283
forecast_2126,2025-03-30 14:00:00,8271.418,7172.6743,9568.665
forecast_2127,2025-03-30 15:00:00,8302.641,7341.0615,9416.53
forecast_2128,2025-03-30 16:00:00,7915.2007,6486.151,7443.288
forecast_2129,2025-03-30 17:00:00,7742.717,5738.2646,5043.189
forecast_2130,2025-03-30 18:00:00,7346.58,6078.945,4550.5845
forecast_2131,2025-03-30 19:00:00,6468.67,6804.428,3246.5269
forecast_2132,2025-03-30 20:00:00,5464.9917,6299.322,1755.5106
forecast_2133,2025-03-30 21:00:00,4583.635,5416.2295,1375.6166
forecast_2134,2025-03-30 22:00:00,3768.1453,6150.3755,2389.2769
forecast_2135,2025-03-30 23:00:00,4317.6396,5842.7266,3220.3118
forecast_2136,2025-03-31 00:00:00,5399.1787,5644.067,3869.0928
forecast_2137,2025-03-31 01:00:00,6228.633,4820.618,5314.4336
forecast_2138,2025-03-31 02:00:00,11725.534,8691.554,11658.771
forecast_2139,2025-03-31 03:00:00,10874.962,7623.9746,15617.992
forecast_2140,2025-03-31 04:00:00,13674.569,8522.924,16108.448
forecast_2141,2025-03-31 05:00:00,14351.261,9395.332,14084.163
forecast_2142,2025-03-31 06:00:00,15686.553,9807.013,13773.29
forecast_2143,2025-03-31 07:00:00,14424.845,8484.242,11386.716
forecast_2144,2025-03-31 08:00:00,8006.2812,4567.9575,5339.47
forecast_2145,2025-03-31 09:00:00,4508.0386,2076.7056,4303.159
forecast_2146,2025-03-31 10:00:00,1927.1516,1012.0451,1601.6467
forecast_2147,2025-03-31 11:00:00,1341.4081,663.76215,1138.2698
forecast_2148,2025-03-31 12:00:00,3100.297,843.1402,1858.575
forecast_2149,2025-03-31 13:00:00,6449.8716,1509.4669,3256.357
forecast_2150,2025-03-31 14:00:00,3722.807,2652.5386,3401.5955
forecast_2151,2025-03-31 15:00:00,3403.8835,3284.0613,3589.8633
forecast_2152,2025-03-31 16:00:00,4331.812,2636.719,3805.279
forecast_2153,2025-03-31 17:00:00,4458.903,2870.9104,4067.5588
forecast_2154,2025-03-31 18:00:00,3789.746,5033.0264,4713.217
forecast_2155,2025-03-31 19:00:00,3427.1794,5834.078,5600.3086
forecast_2156,2025-03-31 20:00:00,5903.0127,7678.5923,11857.065
forecast_2157,2025-03-31 21:00:00,7169.2954,5276.3516,11186.498
forecast_2158,2025-03-31 22:00:00,8873.472,2016.707,6825.616
forecast_2159,2025-03-31 23:00:00,8330.292,2598.7268,5450.466
forecast_2160,2025-04-01 00:00:00,10509.293,9238.052,8281.167
forecast_2161,2025-04-01 01:00:00,12509.634,14076.1875,7975.956
forecast_2162,2025-04-01 02:00:00,9932.448,13722.307,3972.9014
forecast_2163,2025-04-01 03:00:00,6872.899,11467.821,2980.0583
forecast_2164,2025-04-01 04:00:00,6055.3896,9671.696,2182.9087
forecast_2165,2025-04-01 05:00:00,3988.1633,8565.61,2430.117
forecast_2166,2025-04-01 06:00:00,1322.0748,3173.3691,2640.0552
forecast_2167,2025-04-01 07:00:00,1243.5836,1572.0414,2135.3203
forecast_2168,2025-04-01 08:00:00,909.1796,923.7881,1652.8053
forecast_2169,2025-04-01 09:00:00,371.15585,499.0617,437.95425
forecast_2170,2025-04-01 10:00:00,164.58466,275.42258,96.33044
forecast_2171,2025-04-01 11:00:00,91.24628,160.2669,47.994137
forecast_2172,2025-04-01 12:00:00,37.640675,104.27962,25.441021
forecast_2173,2025-04-01 13:00:00,27.063284,108.765854,21.887268
forecast_2174,2025-04-01 14:00:00,40.42799,332.0006,40.828857
forecast_2175,2025-04-01 15:00:00,260.67374,1098.6953,192.5317
forecast_2176,2025-04-01 16:00:00,432.15506,956.33624,579.6687
forecast_2177,2025-04-01 17:00:00,1000.94556,1216.0989,787.8495
forecast_2178,2025-04-01 18:00:00,1322.438,1566.8973,852.85614
forecast_2179,2025-04-01 19:00:00,1301.5632,1754.534,663.7533
forecast_2180,2025-04-01 20:00:00,1882.7915,1369.1941,592.70294
forecast_2181,2025-04-01 21:00:00,1980.782,1377.2507,616.9359
forecast_2182,2025-04-01 22:00:00,1832.3563,1044.296,546.658
forecast_2183,2025-04-01 23:00:00,1489.8737,1119.5991,375.34097
forecast_2184,2025-04-02 00:00:00,1293.2595,1379.897,324.96017
forecast_2185,2025-04-02 01:00:00,1415.041,1774.537,473.8393
forecast_2186,2025-04-02 02:00:00,1384.0538,1934.8247,534.82245
forecast_2187,2025-04-02 03:00:00,1738.0211,2208.0396,416.96588
forecast_2188,2025-04-02 04:00:00,1597.278,2582.5142,541.0369
forecast_2189,2025-04-02 05:00:00,1264.5934,3186.6545,545.7392
forecast_2190,2025-04-02 06:00:00,939.80566,3497.9763,258.2736
forecast_2191,2025-04-02 07:00:00,597.55414,2988.6116,173.19803
forecast_2192,2025-04-02 08:00:00,362.0777,2486.7754,248.83954
forecast_2193,2025-04-02 09:00:00,208.19954,1895.5532,565.6663
forecast_2194,2025-04-02 10:00:00,200.59256,1364.1613,1892.8446
forecast_2195,2025-04-02 11:00:00,176.82323,1266.1858,2556.3333
forecast_2196,2025-04-02 12:00:00,222.20729,1866.1893,3373.9863
forecast_2197,2025-04-02 13:00:00,221.58806,1542.9479,3145.5745
forecast_2198,2025-04-02 14:00:00,358.32745,1389.1161,3011.1982
forecast_2199,2025-04-02 15:00:00,385.99164,1730.8827,3105.687
forecast_2200,2025-04-02 16:00:00,624.36774,1479.6106,3115.4336
forecast_2201,2025-04-02 17:00:00,897.84247,1673.9458,3008.55
forecast_2202,2025-04-02 18:00:00,1083.4004,1831.4553,1923.4421
forecast_2203,2025-04-02 19:00:00,2359.1929,2036.662,1357.3307
forecast_2204,2025-04-02 20:00:00,2347.5054,1116.2252,691.28845
forecast_2205,2025-04-02 21:00:00,2666.4756,1262.2957,485.5035
forecast_2206,2025-04-02 22:00:00,3394.7524,1881.9504,272.08292
forecast_2207,2025-04-02 23:00:00,3989.5457,2922.5662,220.0184
forecast_2208,2025-04-03 00:00:00,4172.272,4409.2974,327.63885
forecast_2209,2025-04-03 01:00:00,3371.241,4390.3184,492.34393
forecast_2210,2025-04-03 02:00:00,2348.7524,2379.0874,380.1828
forecast_2211,2025-04-03 03:00:00,2027.9819,1841.6318,621.0302
forecast_2212,2025-04-03 04:00:00,2064.6592,2774.6802,922.12805
forecast_2213,2025-04-03 05:00:00,1664.402,3062.4326,1105.2057
forecast_2214,2025-04-03 06:00:00,1146.0575,3317.2522,1379.4214
forecast_2215,2025-04-03 07:00:00,886.5754,2220.9104,1423.2098
forecast_2216,2025-04-03 08:00:00,725.3218,1449.654,900.9183
forecast_2217,2025-04-03 09:00:00,607.871,929.9676,402.1236
forecast_2218,2025-04-03 10:00:00,402.01355,630.83765,150.97044
forecast_2219,2025-04-03 11:00:00,457.93018,334.0416,136.04417
forecast_2220,2025-04-03 12:00:00,277.3536,141.75743,133.97086
forecast_2221,2025-04-03 13:00:00,156.68149,61.295326,130.44864
forecast_2222,2025-04-03 14:00:00,54.015373,45.393784,100.482605
forecast_2223,2025-04-03 15:00:00,34.768257,62.602783,87.7856
forecast_2224,2025-04-03 16:00:00,41.838856,142.5982,102.35895
forecast_2225,2025-04-03 17:00:00,54.792744,328.4966,82.69381
forecast_2226,2025-04-03 18:00:00,97.662926,543.2153,72.41318
forecast_2227,2025-04-03 19:00:00,141.5065,685.66595,121.68981
forecast_2228,2025-04-03 20:00:00,333.54767,963.7306,255.2246
forecast_2229,2025-04-03 21:00:00,1803.7891,2411.4368,827.7259
forecast_2230,2025-04-03 22:00:00,3121.937,4810.7256,2782.1648
forecast_2231,2025-04-03 23:00:00,2698.936,4184.998,4979.352
forecast_2232,2025-04-04 00:00:00,3727.4255,4390.6006,6311.1904
forecast_2233,2025-04-04 01:00:00,8144.725,4128.5337,6371.8276
forecast_2234,2025-04-04 02:00:00,10191.404,2152.9807,6059.2617
forecast_2235,2025-04-04 03:00:00,10153.234,2334.8306,6129.0347
forecast_2236,2025-04-04 04:00:00,10064.407,3035.9631,5373.9316
forecast_2237,2025-04-04 05:00:00,10832.044,3991.372,5470.542
forecast_2238,2025-04-04 06:00:00,11701.1,5233.9927,5994.165
forecast_2239,2025-04-04 07:00:00,12110.42,5625.7515,5864.086
forecast_2240,2025-04-04 08:00:00,10119.62,5513.397,4804.447
forecast_2241,2025-04-04 09:00:00,5402.1494,5127.64,3268.3591
forecast_2242,2025-04-04 10:00:00,1775.8385,2759.2146,1169.4818
forecast_2243,2025-04-04 11:00:00,641.5375,775.4908,385.72324
forecast_2244,2025-04-04 12:00:00,1145.373,568.162,340.5706
forecast_2245,2025-04-04 13:00:00,1014.59784,437.5137,520.8541
forecast_2246,2025-04-04 14:00:00,1143.3385,415.99106,855.57477
forecast_2247,2025-04-04 15:00:00,784.47766,221.5872,883.4347
forecast_2248,2025-04-04 16:00:00,2349.9575,687.47034,1562.3555
forecast_2249,2025-04-04 17:00:00,2253.292,990.1453,2000.2192
forecast_2250,2025-04-04 18:00:00,1916.1201,1701.7577,2188.3508
forecast_2251,2025-04-04 19:00:00,1444.7749,3286.1956,2662.8513
forecast_2252,2025-04-04 20:00:00,1072.878,4659.495,1864.3
forecast_2253,2025-04-04 21:00:00,3074.8118,5998.218,1813.2714
forecast_2254,2025-04-04 22:00:00,6713.196,6134.1064,2064.8247
forecast_2255,2025-04-04 23:00:00,5523.667,4306.919,1807.7014
forecast_2256,2025-04-05 00:00:00,5195.6265,6709.986,2836.9133
forecast_2257,2025-04-05 01:00:00,4548.044,8174.74,4497.6094
forecast_2258,2025-04-05 02:00:00,7017.2812,8649.823,7808.567
forecast_2259,2025-04-05 03:00:00,10514.897,8306.645,8842.809
forecast_2260,2025-04-05 04:00:00,9468.783,6204.5005,9183.491
forecast_2261,2025-04-05 05:00:00,7314.165,9421.0625,8603.772
forecast_2262,2025-04-05 06:00:00,7316.0347,10970.417,7963.2036
forecast_2263,2025-04-05 07:00:00,10479.919,12068.888,9190.025
forecast_2264,2025-04-05 08:00:00,7410.358,9466.873,8516.213
forecast_2265,2025-04-05 09:00:00,4260.7383,7169.216,6627.931
forecast_2266,2025-04-05 10:00:00,4470.391,5557.7524,2542.4026
forecast_2267,2025-04-05 11:00:00,2301.6438,3502.4897,1387.2668
forecast_2268,2025-04-05 12:00:00,4011.4534,6939.268,6801.22
forecast_2269,2025-04-05 13:00:00,3153.6816,7365.532,7732.252
forecast_2270,2025-04-05 14:00:00,4514.8833,7767.7515,3928.2083
forecast_2271,2025-04-05 15:00:00,4634.5645,8006.318,4101.3784
forecast_2272,2025-04-05 16:00:00,5873.61,7533.384,4643.976
forecast_2273,2025-04-05 17:00:00,9103.516,8417.244,7390.5957
forecast_2274,2025-04-05 18:00:00,12385.292,11625.509,12593.085
forecast_2275,2025-04-05 19:00:00,12527.618,14560.208,16627.994
forecast_2276,2025-04-05 20:00:00,11714.457,16224.301,16652.516
forecast_2277,2025-04-05 21:00:00,12871.95,17354.922,16326.671
forecast_2278,2025-04-05 22:00:00,12368.802,17593.725,16852.834
forecast_2279,2025-04-05 23:00:00,12571.781,16983.824,16923.938
forecast_2280,2025-04-06 00:00:00,13235.719,16330.684,17789.533
forecast_2281,2025-04-06 01:00:00,13945.896,15854.577,17839.91
forecast_2282,2025-04-06 02:00:00,11276.874,15959.952,16706.41
forecast_2283,2025-04-06 03:00:00,12150.68,15252.302,15696.025
forecast_2284,2025-04-06 04:00:00,13678.323,14448.379,15318.296
forecast_2285,2025-04-06 05:00:00,15128.068,14352.541,14947.175
forecast_2286,2025-04-06 06:00:00,16820.865,15265.329,15484.752
forecast_2287,2025-04-06 07:00:00,17408.402,15848.539,14857.089
forecast_2288,2025-04-06 08:00:00,17801.424,16369.414,14825.377
forecast_2289,2025-04-06 09:00:00,17092.61,16905.13,14195.455
forecast_2290,2025-04-06 10:00:00,15911.377,16565.465,12360.135
forecast_2291,2025-04-06 11:00:00,16837.082,14241.804,9749.904
forecast_2292,2025-04-06 12:00:00,11701.103,9345.147,5411.35
forecast_2293,2025-04-06 13:00:00,10769.499,11373.7295,4345.7764
forecast_2294,2025-04-06 14:00:00,11781.288,13675.228,7642.325
forecast_2295,2025-04-06 15:00:00,12411.563,13864.289,9972.621
forecast_2296,2025-04-06 16:00:00,12957.992,14455.987,10973.892
forecast_2297,2025-04-06 17:00:00,13050.148,15154.277,12483.15
forecast_2298,2025-04-06 18:00:00,14263.537,16048.044,13376.302
forecast_2299,2025-04-06 19:00:00,14816.221,16524.912,13327.578
forecast_2300,2025-04-06 20:00:00,15447.282,17560.643,14473.157
forecast_2301,2025-04-06 21:00:00,15855.129,18813.402,16613.486
forecast_2302,2025-04-06 22:00:00,15748.501,18511.822,18272.191
forecast_2303,2025-04-06 23:00:00,15843.566,18130.398,19404.99
forecast_2304,2025-04-07 00:00:00,14529.482,17441.436,19309.836
forecast_2305,2025-04-07 01:00:00,13787.107,15978.641,17906.309
forecast_2306,2025-04-07 02:00:00,15417.377,15803.57,17262.275
forecast_2307,2025-04-07 03:00:00,15063.607,14883.537,17073.04
forecast_2308,2025-04-07 04:00:00,13051.498,14098.54,14766.723
forecast_2309,2025-04-07 05:00:00,12210.147,13031.376,11547.995
forecast_2310,2025-04-07 06:00:00,14493.268,12732.115,12625.949
forecast_2311,2025-04-07 07:00:00,14512.516,11530.693,13828.969
forecast_2312,2025-04-07 08:00:00,12543.287,11657.088,15482.12
forecast_2313,2025-04-07 09:00:00,9514.851,10810.482,13630.907
forecast_2314,2025-04-07 10:00:00,10481.608,9887.493,13287.897
forecast_2315,2025-04-07 11:00:00,9435.314,8518.305,12421.195
forecast_2316,2025-04-07 12:00:00,7493.934,7719.6357,10024.444
forecast_2317,2025-04-07 13:00:00,6607.7837,8472.095,9780.615
forecast_2318,2025-04-07 14:00:00,6023.4814,7102.4775,7846.6084
forecast_2319,2025-04-07 15:00:00,8050.145,9527.288,11852.961
forecast_2320,2025-04-07 16:00:00,10621.376,12287.897,15172.597
forecast_2321,2025-04-07 17:00:00,12606.174,12902.334,16887.133
forecast_2322,2025-04-07 18:00:00,14196.721,14164.556,18681.203
forecast_2323,2025-04-07 19:00:00,16503.357,16371.658,19938.254
forecast_2324,2025-04-07 20:00:00,18508.77,17468.453,20329.154
forecast_2325,2025-04-07 21:00:00,19158.307,18377.361,20535.82
forecast_2326,2025-04-07 22:00:00,19130.809,18722.406,20461.854
forecast_2327,2025-04-07 23:00:00,19124.473,18940.465,20494.205
forecast_2328,2025-04-08 00:00:00,19189.523,18974.424,20577.146
forecast_2329,2025-04-08 01:00:00,19253.594,18505.684,20495.037
forecast_2330,2025-04-08 02:00:00,19297.932,18304.13,20130.576
forecast_2331,2025-04-08 03:00:00,19422.545,17521.906,19518.215
forecast_2332,2025-04-08 04:00:00,19702.8,16852.068,18653.688
forecast_2333,2025-04-08 05:00:00,19872.486,16783.469,17972.305
forecast_2334,2025-04-08 06:00:00,19649.445,16288.411,16348.175
forecast_2335,2025-04-08 07:00:00,18565.555,16318.058,13342.02
forecast_2336,2025-04-08 08:00:00,18371.062,16360.756,13126.883
forecast_2337,2025-04-08 09:00:00,18199.844,16829.0,11805.464
forecast_2338,2025-04-08 10:00:00,15640.291,13164.822,5935.4546
forecast_2339,2025-04-08 11:00:00,14096.926,14281.702,6728.0283
forecast_2340,2025-04-08 12:00:00,13648.553,13560.589,9075.245
forecast_2341,2025-04-08 13:00:00,13318.132,13806.697,10053.342
forecast_2342,2025-04-08 14:00:00,12876.894,9922.469,9393.836
forecast_2343,2025-04-08 15:00:00,12992.633,6744.132,7671.5317
forecast_2344,2025-04-08 16:00:00,12033.386,5373.4434,5987.3335
forecast_2345,2025-04-08 17:00:00,5827.5996,3411.6455,2864.4182
forecast_2346,2025-04-08 18:00:00,5827.5996,3411.6455,2864.4182
forecast_2347,2025-04-08 19:00:00,5827.5996,3411.6455,2864.4182
forecast_2348,2025-04-08 20:00:00,5827.5996,3411.6455,2864.4182
forecast_2349,2025-04-08 21:00:00,5827.5996,3411.6455,2864.4182
forecast_2350,2025-04-08 22:00:00,5827.5996,3411.6455,2864.4182
forecast_2351,2025-04-08 23:00:00,5827.5996,3411.6455,2864.4182
forecast_2352,2025-04-09 00:00:00,5827.5996,3411.6455,2864.4182
forecast_2353,2025-04-09 01:00:00,5827.5996,3411.6455,2864.4182
forecast_2354,2025-04-09 02:00:00,5827.5996,3411.6455,2864.4182
forecast_2355,2025-04-09 03:00:00,5827.5996,3411.6455,2864.4182
forecast_2356,2025-04-09 04:00:00,5827.5996,3411.6455,2864.4182
forecast_2357,2025-04-09 05:00:00,5827.5996,3411.6455,2864.4182
forecast_2358,2025-04-09 06:00:00,5827.5996,3411.6455,2864.4182
forecast_2359,2025-04-09 07:00:00,5827.5996,3411.6455,2864.4182
forecast_2360,2025-04-09 08:00:00,5827.5996,3411.6455,2864.4182
forecast_2361,2025-04-09 09:00:00,5827.5996,3411.6455,2864.4182
forecast_2362,2025-04-09 10:00:00,5827.5996,3411.6455,2864.4182
forecast_2363,2025-04-09 11:00:00,5827.5996,3411.6455,2864.4182
forecast_2364,2025-04-09 12:00:00,5827.5996,3411.6455,2864.4182
forecast_2365,2025-04-09 13:00:00,5827.5996,3411.6455,2864.4182
forecast_2366,2025-04-09 14:00:00,5827.5996,3411.6455,2864.4182
forecast_2367,2025-04-09 15:00:00,5827.5996,3411.6455,2864.4182
forecast_2368,2025-04-09 16:00:00,5827.5996,3411.6455,2864.4182
forecast_2369,2025-04-09 17:00:00,5827.5996,3411.6455,2864.4182
forecast_2370,2025-04-09 18:00:00,8533.213,8919.539,3476.69
forecast_2371,2025-04-09 19:00:00,8909.037,12008.795,6727.647
forecast_2372,2025-04-09 20:00:00,7594.136,8800.021,6530.8047
forecast_2373,2025-04-09 21:00:00,8512.504,4196.14,6166.5503
forecast_2374,2025-04-09 22:00:00,7502.7563,3263.6978,4490.227
forecast_2375,2025-04-09 23:00:00,7473.444,7810.7856,3881.0605
forecast_2376,2025-04-10 00:00:00,6018.0176,6821.9727,2825.1775
forecast_2377,2025-04-10 01:00:00,4407.1543,6690.0024,3878.335
forecast_2378,2025-04-10 02:00:00,6476.1133,4982.01,4081.2083
forecast_2379,2025-04-10 03:00:00,10757.213,7730.141,4947.305
forecast_2380,2025-04-10 04:00:00,10854.064,7203.3867,6405.568
forecast_2381,2025-04-10 05:00:00,10287.059,4617.7065,6404.7817
forecast_2382,2025-04-10 06:00:00,9806.469,2563.016,4802.8916
forecast_2383,2025-04-10 07:00:00,7971.903,1292.9915,4420.079
forecast_2384,2025-04-10 08:00:00,6176.71,808.47003,3565.819
forecast_2385,2025-04-10 09:00:00,5070.766,1019.276,2871.9204
forecast_2386,2025-04-10 10:00:00,4707.4883,1855.0692,3117.6204
forecast_2387,2025-04-10 11:00:00,5596.1997,2009.3188,3882.2412
forecast_2388,2025-04-10 12:00:00,6078.1973,2403.0486,3790.8267
forecast_2389,2025-04-10 13:00:00,5253.873,2253.9675,2394.3418
forecast_2390,2025-04-10 14:00:00,4058.2112,2118.256,2143.1306
forecast_2391,2025-04-10 15:00:00,3591.827,1827.3436,1770.3092
forecast_2392,2025-04-10 16:00:00,4318.3774,2595.2026,1770.9656
forecast_2393,2025-04-10 17:00:00,4301.139,1958.8546,859.11926
forecast_2394,2025-04-10 18:00:00,3737.8093,2415.7263,857.5243
forecast_2395,2025-04-10 19:00:00,4168.5703,1636.3442,720.3147
forecast_2396,2025-04-10 20:00:00,5750.941,2389.2017,1176.3099
forecast_2397,2025-04-10 21:00:00,6160.582,2431.4644,1328.8475
forecast_2398,2025-04-10 22:00:00,3628.1443,2063.1765,1061.9536
forecast_2399,2025-04-10 23:00:00,3368.1118,1648.8512,1532.1609
forecast_2400,2025-04-11 00:00:00,2199.1677,2109.705,1327.7347
forecast_2401,2025-04-11 01:00:00,2064.72,4217.563,1569.0432
forecast_2402,2025-04-11 02:00:00,2200.7146,3862.6138,1698.0731
forecast_2403,2025-04-11 03:00:00,3055.0276,2383.3748,1977.5194
forecast_2404,2025-04-11 04:00:00,3164.0571,1320.813,2099.004
forecast_2405,2025-04-11 05:00:00,2990.8745,903.45337,1680.9624
forecast_2406,2025-04-11 06:00:00,2381.8323,804.1267,1134.1495
forecast_2407,2025-04-11 07:00:00,1308.6326,697.21643,483.0638
forecast_2408,2025-04-11 08:00:00,602.4582,363.12863,120.68981
forecast_2409,2025-04-11 09:00:00,157.07336,174.70172,35.615967
forecast_2410,2025-04-11 10:00:00,50.622276,62.611797,19.743372
forecast_2411,2025-04-11 11:00:00,25.422928,53.547447,27.061533
forecast_2412,2025-04-11 12:00:00,49.978497,79.621155,60.66793
forecast_2413,2025-04-11 13:00:00,95.03323,161.44319,138.57033
forecast_2414,2025-04-11 14:00:00,123.98376,375.8296,447.89227
forecast_2415,2025-04-11 15:00:00,119.02628,498.292,866.9477
forecast_2416,2025-04-11 16:00:00,115.97644,376.8246,1013.46716
forecast_2417,2025-04-11 17:00:00,136.80229,301.84473,885.71924
forecast_2418,2025-04-11 18:00:00,127.65809,206.55716,506.96637
forecast_2419,2025-04-11 19:00:00,345.44305,208.73242,376.45596
forecast_2420,2025-04-11 20:00:00,1835.3146,929.8111,414.6852
forecast_2421,2025-04-11 21:00:00,5056.8237,1476.8735,502.68494
forecast_2422,2025-04-11 22:00:00,4847.916,1552.8506,464.86606
forecast_2423,2025-04-11 23:00:00,5346.567,2205.988,514.00006
forecast_2424,2025-04-12 00:00:00,5182.601,2981.3599,680.90765
forecast_2425,2025-04-12 01:00:00,4621.548,2666.544,908.18713
forecast_2426,2025-04-12 02:00:00,2338.384,1301.3757,596.84845
forecast_2427,2025-04-12 03:00:00,2282.1638,1231.5314,527.06464
forecast_2428,2025-04-12 04:00:00,2251.793,1589.3704,772.6143
forecast_2429,2025-04-12 05:00:00,3247.945,1915.4651,1360.216
forecast_2430,2025-04-12 06:00:00,3268.0479,1577.9954,1918.7489
forecast_2431,2025-04-12 07:00:00,3539.3955,1471.6025,2828.9329
forecast_2432,2025-04-12 08:00:00,7171.2173,2679.9275,5680.202
forecast_2433,2025-04-12 09:00:00,3848.656,1854.4646,6894.659
forecast_2434,2025-04-12 10:00:00,5676.193,4005.4226,10187.353
forecast_2435,2025-04-12 11:00:00,5608.456,5027.3247,11219.468
forecast_2436,2025-04-12 12:00:00,4888.9053,5275.9683,11704.462
forecast_2437,2025-04-12 13:00:00,5042.45,5857.188,13405.618
forecast_2438,2025-04-12 14:00:00,6811.357,6323.7935,13989.777
forecast_2439,2025-04-12 15:00:00,6268.363,6707.7383,14051.382
forecast_2440,2025-04-12 16:00:00,4660.171,8294.233,11426.519
forecast_2441,2025-04-12 17:00:00,5354.957,9854.741,14627.796
forecast_2442,2025-04-12 18:00:00,5966.689,11031.052,13795.23
forecast_2443,2025-04-12 19:00:00,7514.9395,12218.665,14652.427
forecast_2444,2025-04-12 20:00:00,10077.061,14194.82,15385.258
forecast_2445,2025-04-12 21:00:00,10943.758,15488.781,17247.293
forecast_2446,2025-04-12 22:00:00,11814.364,16110.9795,17875.18
forecast_2447,2025-04-12 23:00:00,12862.807,16720.38,16956.025
forecast_2448,2025-04-13 00:00:00,14464.424,17415.621,16305.956
forecast_2449,2025-04-13 01:00:00,14919.895,17407.52,16754.352
forecast_2450,2025-04-13 02:00:00,13563.718,17433.533,14678.288
forecast_2451,2025-04-13 03:00:00,13634.415,16570.404,9866.888
forecast_2452,2025-04-13 04:00:00,17306.29,17337.207,14887.693
forecast_2453,2025-04-13 05:00:00,18574.88,18549.299,15137.228
forecast_2454,2025-04-13 06:00:00,18781.283,18158.23,14814.847
forecast_2455,2025-04-13 07:00:00,18311.076,18428.895,15266.818
forecast_2456,2025-04-13 08:00:00,18403.328,18846.88,15328.665
forecast_2457,2025-04-13 09:00:00,18029.611,19114.393,14945.735
forecast_2458,2025-04-13 10:00:00,18806.672,19803.64,15123.305
forecast_2459,2025-04-13 11:00:00,19484.965,20578.967,14277.102
forecast_2460,2025-04-13 12:00:00,18860.346,20682.488,13812.699
forecast_2461,2025-04-13 13:00:00,18448.348,20257.05,13065.845
forecast_2462,2025-04-13 14:00:00,18576.566,19547.69,12015.001
forecast_2463,2025-04-13 15:00:00,18536.398,18876.725,11857.567
forecast_2464,2025-04-13 16:00:00,18421.832,18298.107,12670.034
forecast_2465,2025-04-13 17:00:00,18405.486,17823.201,13471.082
forecast_2466,2025-04-13 18:00:00,18570.805,18199.266,15136.199
forecast_2467,2025-04-13 19:00:00,17954.027,18872.6,16691.559
forecast_2468,2025-04-13 20:00:00,17797.607,19083.107,18129.498
forecast_2469,2025-04-13 21:00:00,17971.594,18857.771,18852.156
forecast_2470,2025-04-13 22:00:00,18947.252,18986.39,19193.994
forecast_2471,2025-04-13 23:00:00,19521.068,18928.8,19215.04
forecast_2472,2025-04-14 00:00:00,18647.764,17427.072,18834.291
forecast_2473,2025-04-14 01:00:00,18465.053,16498.566,18593.426
forecast_2474,2025-04-14 02:00:00,14506.983,17147.1,18315.414
forecast_2475,2025-04-14 03:00:00,8626.585,16969.604,16506.88
forecast_2476,2025-04-14 04:00:00,7863.694,15697.519,12408.021
forecast_2477,2025-04-14 05:00:00,8558.548,12921.441,10072.68
forecast_2478,2025-04-14 06:00:00,10009.42,12032.844,11059.291
forecast_2479,2025-04-14 07:00:00,8144.6523,10398.823,7593.3916
forecast_2480,2025-04-14 08:00:00,6289.702,10016.984,6530.397
forecast_2481,2025-04-14 09:00:00,4314.1626,7196.2866,5218.6543
forecast_2482,2025-04-14 10:00:00,2224.9375,4802.9536,3946.4514
forecast_2483,2025-04-14 11:00:00,1247.7305,2529.1255,2481.0962
forecast_2484,2025-04-14 12:00:00,922.64844,3414.8157,1737.8834
forecast_2485,2025-04-14 13:00:00,1701.49,5884.1245,2476.858
forecast_2486,2025-04-14 14:00:00,2564.307,6358.1055,3312.715
forecast_2487,2025-04-14 15:00:00,2948.3013,4762.137,2566.2188
forecast_2488,2025-04-14 16:00:00,762.4507,1730.1957,1700.1343
forecast_2489,2025-04-14 17:00:00,334.1277,1902.8354,1700.0308
forecast_2490,2025-04-14 18:00:00,383.08813,3257.8489,2300.129
forecast_2491,2025-04-14 19:00:00,481.55942,4043.222,3440.281
forecast_2492,2025-04-14 20:00:00,1019.1051,3202.2031,3063.879
forecast_2493,2025-04-14 21:00:00,2067.081,1715.0552,3192.8843
forecast_2494,2025-04-14 22:00:00,3368.826,1861.9598,3796.9873
forecast_2495,2025-04-14 23:00:00,3745.0613,3946.3635,4848.4023
forecast_2496,2025-04-15 00:00:00,4366.3276,4770.821,4400.79
forecast_2497,2025-04-15 01:00:00,4253.565,4632.9507,4647.1006
forecast_2498,2025-04-15 02:00:00,7420.9253,5669.945,3914.4197
forecast_2499,2025-04-15 03:00:00,10914.9,7031.9106,3625.146
forecast_2500,2025-04-15 04:00:00,9252.829,5988.892,1129.5546
forecast_2501,2025-04-15 05:00:00,6584.633,3658.7676,1018.32684
forecast_2502,2025-04-15 06:00:00,4946.7993,3342.1914,2462.2756
forecast_2503,2025-04-15 07:00:00,5038.1367,2263.2622,3313.2131
forecast_2504,2025-04-15 08:00:00,8191.723,4622.3657,5094.439
forecast_2505,2025-04-15 09:00:00,5614.2935,3651.243,3892.8445
forecast_2506,2025-04-15 10:00:00,4076.873,7029.233,4461.9297
forecast_2507,2025-04-15 11:00:00,4388.3247,7454.8687,5086.8877
forecast_2508,2025-04-15 12:00:00,6682.841,9448.351,5425.259
forecast_2509,2025-04-15 13:00:00,7128.5093,9042.299,4861.164
forecast_2510,2025-04-15 14:00:00,8904.352,8971.265,4691.4463
forecast_2511,2025-04-15 15:00:00,11165.764,9605.871,4894.346
forecast_2512,2025-04-15 16:00:00,13562.255,10223.767,4900.6245
forecast_2513,2025-04-15 17:00:00,14268.785,10078.011,5826.3003
forecast_2514,2025-04-15 18:00:00,14115.621,9785.788,8084.03
forecast_2515,2025-04-15 19:00:00,13876.769,10752.613,11618.203
forecast_2516,2025-04-15 20:00:00,14265.623,12255.919,15967.686
forecast_2517,2025-04-15 21:00:00,14709.238,12337.761,18624.717
forecast_2518,2025-04-15 22:00:00,15590.284,12623.599,19214.85
forecast_2519,2025-04-15 23:00:00,16146.942,13924.933,19252.564
forecast_2520,2025-04-16 00:00:00,16100.198,14918.567,18324.613
forecast_2521,2025-04-16 01:00:00,14838.791,15713.312,17463.82
forecast_2522,2025-04-16 02:00:00,10218.317,15236.8955,13351.116
forecast_2523,2025-04-16 03:00:00,13715.929,16350.907,11362.811
forecast_2524,2025-04-16 04:00:00,15102.21,14798.697,14782.631
forecast_2525,2025-04-16 05:00:00,16174.275,12919.311,17412.549
forecast_2526,2025-04-16 06:00:00,18312.557,11682.061,19407.998
forecast_2527,2025-04-16 07:00:00,19292.92,12886.607,19698.307
forecast_2528,2025-04-16 08:00:00,18169.297,13587.328,12764.412
forecast_2529,2025-04-16 09:00:00,15822.5,13269.385,9521.56
forecast_2530,2025-04-16 10:00:00,9872.663,10652.268,12554.22
forecast_2531,2025-04-16 11:00:00,6523.1274,8662.519,10552.448
forecast_2532,2025-04-16 12:00:00,6221.471,10125.315,9469.057
forecast_2533,2025-04-16 13:00:00,9416.331,12339.399,12390.725
forecast_2534,2025-04-16 14:00:00,10812.539,12387.248,13138.745
forecast_2535,2025-04-16 15:00:00,12742.2705,12784.847,13359.138
forecast_2536,2025-04-16 16:00:00,14459.225,13678.892,13812.419
forecast_2537,2025-04-16 17:00:00,15860.833,16462.955,15785.475
forecast_2538,2025-04-16 18:00:00,17275.67,18722.578,16757.63
forecast_2539,2025-04-16 19:00:00,18479.113,19545.941,18062.098
forecast_2540,2025-04-16 20:00:00,18535.662,19615.736,18838.857
forecast_2541,2025-04-16 21:00:00,18160.338,19353.992,19476.426
forecast_2542,2025-04-16 22:00:00,17406.89,18579.69,19779.494
forecast_2543,2025-04-16 23:00:00,15367.3955,17576.615,19656.586
forecast_2544,2025-04-17 00:00:00,14630.809,18077.145,18858.322
forecast_2545,2025-04-17 01:00:00,16107.096,19776.174,18398.225
forecast_2546,2025-04-17 02:00:00,14900.741,18810.422,16923.123
forecast_2547,2025-04-17 03:00:00,12358.736,18869.057,17534.027
forecast_2548,2025-04-17 04:00:00,11267.422,18222.414,16758.773
forecast_2549,2025-04-17 05:00:00,7793.7188,17184.51,11437.728
forecast_2550,2025-04-17 06:00:00,6527.464,15993.248,7882.9814
forecast_2551,2025-04-17 07:00:00,7512.731,15261.179,8648.307
forecast_2552,2025-04-17 08:00:00,8398.706,16068.4795,9765.693
forecast_2553,2025-04-17 09:00:00,9540.263,16110.908,11140.912
forecast_2554,2025-04-17 10:00:00,7805.7373,14820.361,11600.166
forecast_2555,2025-04-17 11:00:00,9211.533,11588.854,11753.428
forecast_2556,2025-04-17 12:00:00,8570.351,10475.125,12901.681
forecast_2557,2025-04-17 13:00:00,5783.345,9995.951,12542.145
forecast_2558,2025-04-17 14:00:00,4097.3486,8055.2163,7393.904
forecast_2559,2025-04-17 15:00:00,4190.5,7125.478,5713.1807
forecast_2560,2025-04-17 16:00:00,5198.816,7541.503,5917.6694
forecast_2561,2025-04-17 17:00:00,7253.025,10833.314,7446.042
forecast_2562,2025-04-17 18:00:00,8622.852,13268.038,10361.4
forecast_2563,2025-04-17 19:00:00,9490.86,15871.376,14529.607
forecast_2564,2025-04-17 20:00:00,11055.92,18336.992,18221.385
forecast_2565,2025-04-17 21:00:00,13227.027,17938.623,18673.012
forecast_2566,2025-04-17 22:00:00,14613.803,18130.305,16729.613
forecast_2567,2025-04-17 23:00:00,15333.183,18524.62,14596.177
forecast_2568,2025-04-18 00:00:00,15950.987,18982.346,13813.87
forecast_2569,2025-04-18 01:00:00,18069.64,19277.543,14889.959
forecast_2570,2025-04-18 02:00:00,18568.658,19513.674,13587.143
forecast_2571,2025-04-18 03:00:00,17233.516,19213.73,12828.651
forecast_2572,2025-04-18 04:00:00,15689.15,19254.389,13183.715
forecast_2573,2025-04-18 05:00:00,15457.703,19375.756,14249.359
forecast_2574,2025-04-18 06:00:00,13887.403,19470.957,13906.723
forecast_2575,2025-04-18 07:00:00,12929.544,19538.498,9323.425
forecast_2576,2025-04-18 08:00:00,11904.705,19326.637,10357.54
forecast_2577,2025-04-18 09:00:00,10340.104,15633.1045,8271.093
forecast_2578,2025-04-18 10:00:00,9695.224,10189.295,5567.555
forecast_2579,2025-04-18 11:00:00,8930.803,8861.133,5133.3213
forecast_2580,2025-04-18 12:00:00,7685.3066,7189.543,5514.5737
forecast_2581,2025-04-18 13:00:00,7239.2495,8127.2446,7130.8545
forecast_2582,2025-04-18 14:00:00,5101.1587,7509.151,5939.8887
forecast_2583,2025-04-18 15:00:00,5413.629,6417.802,5898.31
forecast_2584,2025-04-18 16:00:00,4368.2544,5079.051,4162.763
forecast_2585,2025-04-18 17:00:00,6593.134,6634.801,3819.0088
forecast_2586,2025-04-18 18:00:00,5622.2866,7917.691,3867.4968
forecast_2587,2025-04-18 19:00:00,6079.5537,9605.021,5781.581
forecast_2588,2025-04-18 20:00:00,7919.5522,11420.094,6626.221
forecast_2589,2025-04-18 21:00:00,12583.409,13983.934,9177.342
forecast_2590,2025-04-18 22:00:00,13000.245,15154.141,11258.152
forecast_2591,2025-04-18 23:00:00,11843.858,15703.44,11533.609
forecast_2592,2025-04-19 00:00:00,10563.283,15565.819,13592.438
forecast_2593,2025-04-19 01:00:00,11197.847,15598.083,14178.81
forecast_2594,2025-04-19 02:00:00,10730.681,14464.536,8391.185
forecast_2595,2025-04-19 03:00:00,12046.832,14427.735,12425.971
forecast_2596,2025-04-19 04:00:00,12400.845,14908.141,16855.053
forecast_2597,2025-04-19 05:00:00,11467.976,14645.934,16080.328
forecast_2598,2025-04-19 06:00:00,10753.904,14594.221,14219.157
forecast_2599,2025-04-19 07:00:00,10476.236,13531.838,11717.7705
forecast_2600,2025-04-19 08:00:00,11524.908,10873.006,9598.833
forecast_2601,2025-04-19 09:00:00,12661.657,11122.686,12340.9
forecast_2602,2025-04-19 10:00:00,11831.948,11049.106,11914.172
forecast_2603,2025-04-19 11:00:00,14444.524,14663.134,12864.831
forecast_2604,2025-04-19 12:00:00,16346.357,16135.3545,14747.65
forecast_2605,2025-04-19 13:00:00,16492.021,17993.865,14700.37
forecast_2606,2025-04-19 14:00:00,16178.7,19246.445,15540.745
forecast_2607,2025-04-19 15:00:00,15319.889,19936.611,16423.03
forecast_2608,2025-04-19 16:00:00,15959.242,20057.193,16732.322
forecast_2609,2025-04-19 17:00:00,16679.969,19714.08,16502.521
forecast_2610,2025-04-19 18:00:00,17625.273,19480.252,17009.895
forecast_2611,2025-04-19 19:00:00,17695.008,19238.994,17715.828
forecast_2612,2025-04-19 20:00:00,17865.41,19065.535,16967.898
forecast_2613,2025-04-19 21:00:00,18580.373,19001.71,14740.883
forecast_2614,2025-04-19 22:00:00,18046.174,18522.346,14783.787
forecast_2615,2025-04-19 23:00:00,16278.3125,15950.35,16816.16
forecast_2616,2025-04-20 00:00:00,14720.189,8743.173,12787.039
forecast_2617,2025-04-20 01:00:00,14386.723,5763.2876,5200.989
forecast_2618,2025-04-20 02:00:00,13275.328,5344.9136,5483.3105
forecast_2619,2025-04-20 03:00:00,7443.524,4179.8564,5233.498
forecast_2620,2025-04-20 04:00:00,2291.3452,1932.8478,2488.3162
forecast_2621,2025-04-20 05:00:00,491.7555,1265.385,636.93365
forecast_2622,2025-04-20 06:00:00,694.7949,887.84674,119.49229
forecast_2623,2025-04-20 07:00:00,875.1525,655.4848,57.9191
forecast_2624,2025-04-20 08:00:00,747.2047,850.30585,42.390556
forecast_2625,2025-04-20 09:00:00,759.10944,741.76764,37.34466
forecast_2626,2025-04-20 10:00:00,597.2759,426.91592,55.680607
forecast_2627,2025-04-20 11:00:00,178.7271,349.77933,119.51551
forecast_2628,2025-04-20 12:00:00,55.83844,460.2013,221.79727
forecast_2629,2025-04-20 13:00:00,40.472214,214.12173,128.0363
forecast_2630,2025-04-20 14:00:00,48.44383,271.64017,146.61668
forecast_2631,2025-04-20 15:00:00,73.82263,224.10231,160.7882
forecast_2632,2025-04-20 16:00:00,162.49103,227.20561,134.92949
forecast_2633,2025-04-20 17:00:00,234.62178,517.5476,112.57223
forecast_2634,2025-04-20 18:00:00,248.91675,1290.9294,86.982605
forecast_2635,2025-04-20 19:00:00,296.8928,2093.316,80.72179
forecast_2636,2025-04-20 20:00:00,462.1096,2221.6152,101.60408
forecast_2637,2025-04-20 21:00:00,751.0304,1933.9396,73.1583
forecast_2638,2025-04-20 22:00:00,758.683,1375.0581,68.74848
forecast_2639,2025-04-20 23:00:00,1125.707,2489.778,91.047356
forecast_2640,2025-04-21 00:00:00,947.0381,2039.1086,109.18558
forecast_2641,2025-04-21 01:00:00,568.5599,971.95715,112.32381
forecast_2642,2025-04-21 02:00:00,423.5199,495.57474,101.96642
forecast_2643,2025-04-21 03:00:00,1306.193,417.08557,223.18893
forecast_2644,2025-04-21 04:00:00,1215.9772,251.25644,329.3222
forecast_2645,2025-04-21 05:00:00,2139.197,299.53168,321.5494
forecast_2646,2025-04-21 06:00:00,2932.8928,471.21277,401.5902
forecast_2647,2025-04-21 07:00:00,2964.3987,736.6684,404.4069
forecast_2648,2025-04-21 08:00:00,1850.8435,866.6373,505.04352
forecast_2649,2025-04-21 09:00:00,886.9295,625.5448,505.74405
forecast_2650,2025-04-21 10:00:00,410.96793,515.09753,541.0103
forecast_2651,2025-04-21 11:00:00,111.2731,313.71927,660.02625
forecast_2652,2025-04-21 12:00:00,136.03683,213.61313,840.0431
forecast_2653,2025-04-21 13:00:00,270.19208,228.61984,739.80035
forecast_2654,2025-04-21 14:00:00,680.71124,565.0657,859.356
forecast_2655,2025-04-21 15:00:00,922.5703,690.0413,574.79114
forecast_2656,2025-04-21 16:00:00,885.1988,1018.3398,642.90027
forecast_2657,2025-04-21 17:00:00,1648.5436,1075.7523,707.29767
forecast_2658,2025-04-21 18:00:00,1327.6475,1213.8368,494.02942
forecast_2659,2025-04-21 19:00:00,1507.6935,1697.3069,567.42535
forecast_2660,2025-04-21 20:00:00,3030.1392,2960.6978,1003.25653
forecast_2661,2025-04-21 21:00:00,4873.1226,6279.888,2009.4657
forecast_2662,2025-04-21 22:00:00,4865.8975,8183.317,2784.2466
forecast_2663,2025-04-21 23:00:00,4831.193,8610.449,5549.4136
forecast_2664,2025-04-22 00:00:00,5972.1714,7554.0693,7891.2964
forecast_2665,2025-04-22 01:00:00,5920.115,5861.6763,7522.146
forecast_2666,2025-04-22 02:00:00,8436.122,6041.3945,5987.8545
forecast_2667,2025-04-22 03:00:00,10907.105,5730.4736,9152.388
forecast_2668,2025-04-22 04:00:00,10757.433,6059.626,6372.903
forecast_2669,2025-04-22 05:00:00,8045.85,5188.145,3665.9111
forecast_2670,2025-04-22 06:00:00,5039.175,6297.6675,2216.3306
forecast_2671,2025-04-22 07:00:00,2213.7188,6749.399,2268.581
forecast_2672,2025-04-22 08:00:00,398.86966,6692.107,2153.5967
forecast_2673,2025-04-22 09:00:00,343.43283,6480.2373,1744.1575
forecast_2674,2025-04-22 10:00:00,1447.3342,7846.0137,3640.8853
forecast_2675,2025-04-22 11:00:00,1637.8923,6075.299,2938.3708
forecast_2676,2025-04-22 12:00:00,2209.2307,6703.485,3335.3987
forecast_2677,2025-04-22 13:00:00,2897.824,7149.4985,5211.8916
forecast_2678,2025-04-22 14:00:00,3996.8916,9199.854,6218.6445
forecast_2679,2025-04-22 15:00:00,3515.983,10682.151,6172.19
forecast_2680,2025-04-22 16:00:00,1829.2817,10198.624,4804.403
forecast_2681,2025-04-22 17:00:00,1169.29,8001.524,4206.8965
forecast_2682,2025-04-22 18:00:00,1152.6089,4649.1343,1537.1284
forecast_2683,2025-04-22 19:00:00,1483.8058,2141.428,794.04553
forecast_2684,2025-04-22 20:00:00,3479.3071,3866.6382,1106.5842
forecast_2685,2025-04-22 21:00:00,5059.6934,4542.098,4360.2104
forecast_2686,2025-04-22 22:00:00,7027.702,5179.893,7119.5444
forecast_2687,2025-04-22 23:00:00,6344.1475,3135.537,6998.3486
forecast_2688,2025-04-23 00:00:00,5554.0557,2209.2212,6712.372
forecast_2689,2025-04-23 01:00:00,3815.6729,1668.4485,7709.676
forecast_2690,2025-04-23 02:00:00,6158.347,1928.1036,8793.617
forecast_2691,2025-04-23 03:00:00,5393.3647,935.22076,7914.4917
forecast_2692,2025-04-23 04:00:00,5554.113,1337.9656,6513.968
forecast_2693,2025-04-23 05:00:00,6695.662,2147.5176,5675.0376
forecast_2694,2025-04-23 06:00:00,6761.942,3153.2434,3949.643
forecast_2695,2025-04-23 07:00:00,6400.538,4609.0273,3695.8826
forecast_2696,2025-04-23 08:00:00,5621.216,4179.4175,3400.4604
forecast_2697,2025-04-23 09:00:00,4727.619,3443.6013,2761.7886
forecast_2698,2025-04-23 10:00:00,2442.8281,2862.1096,1483.5493
forecast_2699,2025-04-23 11:00:00,629.326,752.24554,821.9331
forecast_2700,2025-04-23 12:00:00,222.77678,445.8348,507.66135
forecast_2701,2025-04-23 13:00:00,94.00935,273.0062,235.90633
forecast_2702,2025-04-23 14:00:00,54.270576,276.48376,122.49188
forecast_2703,2025-04-23 15:00:00,43.321037,298.7302,80.27262
forecast_2704,2025-04-23 16:00:00,47.488403,282.94797,66.1416
forecast_2705,2025-04-23 17:00:00,90.84871,332.5763,56.905586
forecast_2706,2025-04-23 18:00:00,1442.2327,698.3619,225.15614
forecast_2707,2025-04-23 19:00:00,5071.179,3024.758,1701.4255
forecast_2708,2025-04-23 20:00:00,9482.911,7759.268,2785.4348
forecast_2709,2025-04-23 21:00:00,10242.897,8620.734,5992.788
forecast_2710,2025-04-23 22:00:00,10620.871,7924.9087,8853.578
forecast_2711,2025-04-23 23:00:00,11166.004,7561.8066,8517.9
forecast_2712,2025-04-24 00:00:00,12385.145,8546.872,7802.7534
forecast_2713,2025-04-24 01:00:00,14114.052,10297.425,8435.078
forecast_2714,2025-04-24 02:00:00,13814.307,11192.571,9037.363
forecast_2715,2025-04-24 03:00:00,12998.272,12668.292,8654.374
forecast_2716,2025-04-24 04:00:00,12905.27,13075.077,9236.303
forecast_2717,2025-04-24 05:00:00,12401.297,13885.202,10523.845
forecast_2718,2025-04-24 06:00:00,9713.099,13631.654,9214.974
forecast_2719,2025-04-24 07:00:00,8013.595,12870.601,10038.655
forecast_2720,2025-04-24 08:00:00,7105.7383,11140.147,13040.176
forecast_2721,2025-04-24 09:00:00,6298.77,9977.35,10028.713
forecast_2722,2025-04-24 10:00:00,5518.9194,7394.989,5856.0176
forecast_2723,2025-04-24 11:00:00,4487.4854,5352.2314,4821.6187
forecast_2724,2025-04-24 12:00:00,5629.402,7341.52,5802.299
forecast_2725,2025-04-24 13:00:00,6637.0234,11962.412,9961.613
forecast_2726,2025-04-24 14:00:00,7426.8906,13721.528,9022.254
forecast_2727,2025-04-24 15:00:00,8595.547,14416.475,8817.196
forecast_2728,2025-04-24 16:00:00,10294.508,16332.294,10304.5
forecast_2729,2025-04-24 17:00:00,12055.649,17924.287,11936.745
forecast_2730,2025-04-24 18:00:00,13370.433,17869.346,12870.954
forecast_2731,2025-04-24 19:00:00,14508.222,17234.676,14107.841
forecast_2732,2025-04-24 20:00:00,14949.839,17759.973,16093.119
forecast_2733,2025-04-24 21:00:00,14722.965,18355.652,16690.6
forecast_2734,2025-04-24 22:00:00,14149.224,18832.928,16504.09
forecast_2735,2025-04-24 23:00:00,12974.878,17306.227,16151.253
forecast_2736,2025-04-25 00:00:00,11940.261,14758.106,15495.643
forecast_2737,2025-04-25 01:00:00,10859.249,12327.198,13551.291
forecast_2738,2025-04-25 02:00:00,10798.136,14569.617,11797.4
forecast_2739,2025-04-25 03:00:00,11094.171,14981.419,9588.012
forecast_2740,2025-04-25 04:00:00,11354.447,12435.558,7972.197
forecast_2741,2025-04-25 05:00:00,11426.923,13697.432,5549.763
forecast_2742,2025-04-25 06:00:00,11296.289,14231.839,4681.525
forecast_2743,2025-04-25 07:00:00,11204.68,13409.449,4923.1064
forecast_2744,2025-04-25 08:00:00,10014.073,11240.616,4265.177
forecast_2745,2025-04-25 09:00:00,8264.393,10352.655,4179.0415
forecast_2746,2025-04-25 10:00:00,9310.105,9544.441,4260.9424
forecast_2747,2025-04-25 11:00:00,12097.8,8811.83,5502.6465
forecast_2748,2025-04-25 12:00:00,13157.485,8593.173,8441.921
forecast_2749,2025-04-25 13:00:00,12860.041,8561.862,9917.812
forecast_2750,2025-04-25 14:00:00,12232.965,8858.787,10640.495
forecast_2751,2025-04-25 15:00:00,12283.256,9415.756,11251.302
forecast_2752,2025-04-25 16:00:00,12770.588,9871.7,11227.9375
forecast_2753,2025-04-25 17:00:00,12967.25,10188.517,10847.758
forecast_2754,2025-04-25 18:00:00,13073.265,11360.312,10676.662
forecast_2755,2025-04-25 19:00:00,13444.527,12446.009,11740.339
forecast_2756,2025-04-25 20:00:00,13151.258,13317.0,13134.912
forecast_2757,2025-04-25 21:00:00,14620.574,13258.206,14939.666
forecast_2758,2025-04-25 22:00:00,15781.717,12409.289,17390.307
forecast_2759,2025-04-25 23:00:00,15560.793,11473.323,17562.01
forecast_2760,2025-04-26 00:00:00,13001.005,10841.982,15329.744
forecast_2761,2025-04-26 01:00:00,10690.057,10058.654,11294.766
forecast_2762,2025-04-26 02:00:00,6151.406,8268.027,5328.2124
forecast_2763,2025-04-26 03:00:00,3167.7698,8263.159,6821.4575
forecast_2764,2025-04-26 04:00:00,4624.6284,9072.635,9647.139
forecast_2765,2025-04-26 05:00:00,6404.838,10326.013,12073.833
forecast_2766,2025-04-26 06:00:00,8948.083,10875.732,15003.43
forecast_2767,2025-04-26 07:00:00,12768.13,11982.558,15339.231
forecast_2768,2025-04-26 08:00:00,13376.16,10444.645,14727.252
forecast_2769,2025-04-26 09:00:00,12579.175,9898.395,14699.129
forecast_2770,2025-04-26 10:00:00,10652.479,9762.499,14547.4
forecast_2771,2025-04-26 11:00:00,10838.808,11573.513,15693.276
forecast_2772,2025-04-26 12:00:00,11900.878,12429.253,15615.885
forecast_2773,2025-04-26 13:00:00,13754.512,13050.666,15181.797
forecast_2774,2025-04-26 14:00:00,15430.264,12708.696,14176.58
forecast_2775,2025-04-26 15:00:00,16632.424,12736.139,13807.461
forecast_2776,2025-04-26 16:00:00,17408.887,13819.884,14888.267
forecast_2777,2025-04-26 17:00:00,17825.225,14965.51,15932.795
forecast_2778,2025-04-26 18:00:00,17932.67,15861.238,17656.871
forecast_2779,2025-04-26 19:00:00,18227.803,16603.78,18943.607
forecast_2780,2025-04-26 20:00:00,18619.188,17052.164,19836.389
forecast_2781,2025-04-26 21:00:00,19305.172,17492.998,20346.244
forecast_2782,2025-04-26 22:00:00,19880.229,18107.479,20545.076
forecast_2783,2025-04-26 23:00:00,20257.926,18500.385,20730.855
forecast_2784,2025-04-27 00:00:00,20762.297,18734.465,20640.275
forecast_2785,2025-04-27 01:00:00,20852.512,18524.633,20742.4
forecast_2786,2025-04-27 02:00:00,20927.17,19126.328,20818.605
forecast_2787,2025-04-27 03:00:00,21023.494,19682.035,20784.969
forecast_2788,2025-04-27 04:00:00,21027.496,19889.045,20711.752
forecast_2789,2025-04-27 05:00:00,21132.357,20244.729,20711.305
forecast_2790,2025-04-27 06:00:00,21202.738,20473.963,20634.48
forecast_2791,2025-04-27 07:00:00,21185.115,20512.475,20383.389
forecast_2792,2025-04-27 08:00:00,21018.432,20263.338,19904.666
forecast_2793,2025-04-27 09:00:00,20304.953,19902.701,19553.33
forecast_2794,2025-04-27 10:00:00,18602.635,19290.82,18915.28
forecast_2795,2025-04-27 11:00:00,16840.17,18594.053,16590.059
forecast_2796,2025-04-27 12:00:00,15978.239,18160.463,14152.542
forecast_2797,2025-04-27 13:00:00,14545.7295,17687.977,12183.351
forecast_2798,2025-04-27 14:00:00,13588.945,17217.59,10814.857
forecast_2799,2025-04-27 15:00:00,12695.546,17014.555,11989.306
forecast_2800,2025-04-27 16:00:00,11383.858,17125.125,11537.036
forecast_2801,2025-04-27 17:00:00,10523.088,17784.81,11868.218
forecast_2802,2025-04-27 18:00:00,10833.999,17849.484,11983.9375
forecast_2803,2025-04-27 19:00:00,11948.413,16981.5,11725.531
forecast_2804,2025-04-27 20:00:00,13334.0,16760.498,9993.213
forecast_2805,2025-04-27 21:00:00,15758.132,19029.846,14135.8545
forecast_2806,2025-04-27 22:00:00,15448.139,18167.93,15269.95
forecast_2807,2025-04-27 23:00:00,15278.621,19029.893,15888.7
forecast_2808,2025-04-28 00:00:00,14277.134,19198.82,15863.032
forecast_2809,2025-04-28 01:00:00,12481.637,18251.867,9747.656
forecast_2810,2025-04-28 02:00:00,12836.322,18548.617,9976.05
forecast_2811,2025-04-28 03:00:00,13851.323,18417.066,9762.606
forecast_2812,2025-04-28 04:00:00,13075.445,17903.06,9193.552
forecast_2813,2025-04-28 05:00:00,10090.293,16119.733,6876.9873
forecast_2814,2025-04-28 06:00:00,8902.227,13292.401,6971.425
forecast_2815,2025-04-28 07:00:00,10264.464,11293.701,6720.9517
forecast_2816,2025-04-28 08:00:00,3506.201,7537.4966,3662.4148
forecast_2817,2025-04-28 09:00:00,1795.0768,4699.9604,1556.0692
forecast_2818,2025-04-28 10:00:00,1209.2268,2612.3113,832.0719
forecast_2819,2025-04-28 11:00:00,2398.3523,3306.3843,2370.6423
forecast_2820,2025-04-28 12:00:00,8948.146,8344.718,4951.501
forecast_2821,2025-04-28 13:00:00,11509.189,12266.547,5240.057
forecast_2822,2025-04-28 14:00:00,11811.6,12377.336,6889.5225
forecast_2823,2025-04-28 15:00:00,10944.234,13021.903,9657.553
forecast_2824,2025-04-28 16:00:00,8744.859,12916.031,9686.093
forecast_2825,2025-04-28 17:00:00,5235.05,10782.762,4446.082
forecast_2826,2025-04-28 18:00:00,3545.522,6254.0103,1344.3281
forecast_2827,2025-04-28 19:00:00,2516.3877,2257.1792,465.20132
forecast_2828,2025-04-28 20:00:00,1769.1115,2337.8755,488.36023
forecast_2829,2025-04-28 21:00:00,1795.9254,2202.3008,866.3635
forecast_2830,2025-04-28 22:00:00,2064.688,1449.9156,1512.5449
forecast_2831,2025-04-28 23:00:00,2011.9988,1291.2507,2404.5295
forecast_2832,2025-04-29 00:00:00,1595.5256,1056.2605,1617.1943
forecast_2833,2025-04-29 01:00:00,1421.0962,1123.8191,3329.377
forecast_2834,2025-04-29 02:00:00,1662.8444,964.1269,1699.6173
forecast_2835,2025-04-29 03:00:00,1882.7668,698.204,1217.4797
forecast_2836,2025-04-29 04:00:00,3084.9763,605.6359,988.7884
forecast_2837,2025-04-29 05:00:00,4043.5208,558.75757,787.9773
forecast_2838,2025-04-29 06:00:00,4405.632,725.6353,1063.8481
forecast_2839,2025-04-29 07:00:00,4473.22,1155.9049,2733.9846
forecast_2840,2025-04-29 08:00:00,3739.0308,1576.7856,3541.043
forecast_2841,2025-04-29 09:00:00,3438.6985,3085.4773,4909.97
forecast_2842,2025-04-29 10:00:00,4719.7373,2210.905,4846.7686
forecast_2843,2025-04-29 11:00:00,6662.251,3101.0593,4413.7896
forecast_2844,2025-04-29 12:00:00,6010.703,2641.0107,3774.6707
forecast_2845,2025-04-29 13:00:00,5733.5254,3441.765,5210.636
forecast_2846,2025-04-29 14:00:00,5852.01,3314.2202,6318.576
forecast_2847,2025-04-29 15:00:00,5285.039,3573.3599,7306.7905
forecast_2848,2025-04-29 16:00:00,5222.6494,4330.8535,8591.515
forecast_2849,2025-04-29 17:00:00,4415.6655,4146.321,9113.992
forecast_2850,2025-04-29 18:00:00,3916.963,3163.381,9441.46
forecast_2851,2025-04-29 19:00:00,4456.719,2524.163,10098.227
forecast_2852,2025-04-29 20:00:00,10574.686,5393.6655,14684.638
forecast_2853,2025-04-29 21:00:00,14294.636,9859.311,17721.299
forecast_2854,2025-04-29 22:00:00,17766.627,12920.274,18354.154
forecast_2855,2025-04-29 23:00:00,19478.744,16680.355,18648.926
forecast_2856,2025-04-30 00:00:00,20132.297,18394.959,18569.506
forecast_2857,2025-04-30 01:00:00,20223.488,18762.0,17898.92
forecast_2858,2025-04-30 02:00:00,19969.959,19220.705,17154.453
forecast_2859,2025-04-30 03:00:00,19433.266,18980.66,16742.418
forecast_2860,2025-04-30 04:00:00,18792.08,18659.914,16563.957
forecast_2861,2025-04-30 05:00:00,18094.396,18493.111,16482.672
forecast_2862,2025-04-30 06:00:00,17672.945,18280.045,16093.03
forecast_2863,2025-04-30 07:00:00,17227.441,18079.13,15590.003
forecast_2864,2025-04-30 08:00:00,16176.05,17749.943,14710.858
forecast_2865,2025-04-30 09:00:00,14526.793,17166.686,14388.434
forecast_2866,2025-04-30 10:00:00,13795.431,16919.2,15196.513
forecast_2867,2025-04-30 11:00:00,12826.428,17251.338,16179.758
forecast_2868,2025-04-30 12:00:00,10254.175,17258.078,14044.951
forecast_2869,2025-04-30 13:00:00,8848.599,16718.05,9471.744
forecast_2870,2025-04-30 14:00:00,7408.299,13313.502,8546.949
forecast_2871,2025-04-30 15:00:00,5566.207,8299.742,9773.622
forecast_2872,2025-04-30 16:00:00,6588.6914,7127.336,12264.25
forecast_2873,2025-04-30 17:00:00,3483.8667,6799.837,12176.952
forecast_2874,2025-04-30 18:00:00,3337.1702,6117.2495,9202.547
forecast_2875,2025-04-30 19:00:00,3262.064,6393.5376,10075.488
forecast_2876,2025-04-30 20:00:00,3159.5586,5965.0376,8460.498
forecast_2877,2025-04-30 21:00:00,3179.6562,5743.174,8151.8926
forecast_2878,2025-04-30 22:00:00,3382.6526,7050.26,8001.178
forecast_2879,2025-04-30 23:00:00,4893.9365,8833.33,9534.8125
forecast_2880,2025-05-01 00:00:00,6963.1694,10514.821,10474.8955
forecast_2881,2025-05-01 01:00:00,8476.495,11587.005,8057.6133
forecast_2882,2025-05-01 02:00:00,9732.666,11901.314,5988.068
forecast_2883,2025-05-01 03:00:00,13661.177,13381.359,10739.399
forecast_2884,2025-05-01 04:00:00,17026.467,15401.866,17429.627
forecast_2885,2025-05-01 05:00:00,18014.17,16301.271,19071.8
forecast_2886,2025-05-01 06:00:00,16934.744,18576.096,19174.418
forecast_2887,2025-05-01 07:00:00,15922.906,19696.072,19556.357
forecast_2888,2025-05-01 08:00:00,15039.548,19624.502,19809.186
forecast_2889,2025-05-01 09:00:00,14665.249,19057.945,19835.23
forecast_2890,2025-05-01 10:00:00,14985.723,18435.816,20055.904
forecast_2891,2025-05-01 11:00:00,15909.431,17948.908,20014.0
forecast_2892,2025-05-01 12:00:00,17210.594,17172.117,19938.988
forecast_2893,2025-05-01 13:00:00,17000.768,17949.846,19166.26
forecast_2894,2025-05-01 14:00:00,16260.831,18138.104,19132.45
forecast_2895,2025-05-01 15:00:00,15805.164,17807.883,17795.488
forecast_2896,2025-05-01 16:00:00,14677.682,17606.838,18370.375
forecast_2897,2025-05-01 17:00:00,15179.295,17430.865,20045.982
forecast_2898,2025-05-01 18:00:00,15859.307,16894.975,19333.117
forecast_2899,2025-05-01 19:00:00,15770.824,16996.854,15096.973
forecast_2900,2025-05-01 20:00:00,14931.749,15994.891,8845.782
forecast_2901,2025-05-01 21:00:00,12304.34,11364.787,10519.345
forecast_2902,2025-05-01 22:00:00,9648.691,4383.9277,10890.024
forecast_2903,2025-05-01 23:00:00,13140.975,9110.93,13105.919
forecast_2904,2025-05-02 00:00:00,12964.896,13956.9375,13987.484
forecast_2905,2025-05-02 01:00:00,13979.135,17040.242,15957.179
forecast_2906,2025-05-02 02:00:00,17473.521,19217.854,17352.549
forecast_2907,2025-05-02 03:00:00,17026.596,19392.506,17110.738
forecast_2908,2025-05-02 04:00:00,17254.11,19800.639,17703.668
forecast_2909,2025-05-02 05:00:00,15161.211,17453.434,14014.323
forecast_2910,2025-05-02 06:00:00,17237.387,16128.525,16203.149
forecast_2911,2025-05-02 07:00:00,16732.393,15422.555,15985.383
forecast_2912,2025-05-02 08:00:00,15165.532,15455.727,12671.905
forecast_2913,2025-05-02 09:00:00,13590.883,14647.115,9517.055
forecast_2914,2025-05-02 10:00:00,12025.805,10908.377,7221.942
forecast_2915,2025-05-02 11:00:00,12213.035,7405.8896,5567.303
forecast_2916,2025-05-02 12:00:00,9584.472,4033.5688,4386.813
forecast_2917,2025-05-02 13:00:00,5681.3384,3454.2117,4220.037
forecast_2918,2025-05-02 14:00:00,4647.433,4741.118,3767.8022
forecast_2919,2025-05-02 15:00:00,4652.0703,5364.0796,4919.891
forecast_2920,2025-05-02 16:00:00,3992.9868,4514.339,4307.154
forecast_2921,2025-05-02 17:00:00,3820.9749,3674.745,3664.9438
forecast_2922,2025-05-02 18:00:00,3533.7144,2900.1816,3444.4617
forecast_2923,2025-05-02 19:00:00,4241.123,3917.6797,7576.7617
forecast_2924,2025-05-02 20:00:00,7175.058,4729.9233,9182.701
forecast_2925,2025-05-02 21:00:00,7594.83,5612.7935,10608.829
forecast_2926,2025-05-02 22:00:00,6127.8833,6210.243,10863.823
forecast_2927,2025-05-02 23:00:00,7673.7876,6119.444,12039.06
forecast_2928,2025-05-03 00:00:00,8166.678,6458.5845,13179.025
forecast_2929,2025-05-03 01:00:00,8738.676,7439.0854,11932.552
forecast_2930,2025-05-03 02:00:00,12392.99,9195.964,11110.713
forecast_2931,2025-05-03 03:00:00,16009.359,9934.719,10251.496
forecast_2932,2025-05-03 04:00:00,14143.421,10360.504,7872.686
forecast_2933,2025-05-03 05:00:00,9163.065,8976.378,4825.302
forecast_2934,2025-05-03 06:00:00,5906.47,7566.741,3437.471
forecast_2935,2025-05-03 07:00:00,4465.3843,5625.464,2177.419
forecast_2936,2025-05-03 08:00:00,4583.2773,3993.2559,2303.4517
forecast_2937,2025-05-03 09:00:00,6318.613,3498.485,2954.7856
forecast_2938,2025-05-03 10:00:00,8390.037,4031.9011,4070.8638
forecast_2939,2025-05-03 11:00:00,8280.491,5509.8276,3724.1848
forecast_2940,2025-05-03 12:00:00,9020.171,7958.3223,2818.4438
forecast_2941,2025-05-03 13:00:00,9235.354,10206.594,3019.915
forecast_2942,2025-05-03 14:00:00,11030.174,11624.201,3856.8142
forecast_2943,2025-05-03 15:00:00,12195.494,11746.975,5969.4263
forecast_2944,2025-05-03 16:00:00,14458.036,11359.032,10301.157
forecast_2945,2025-05-03 17:00:00,13480.006,9386.222,15220.706
forecast_2946,2025-05-03 18:00:00,11537.326,8236.278,16645.625
forecast_2947,2025-05-03 19:00:00,16196.312,8927.593,16501.05
forecast_2948,2025-05-03 20:00:00,16655.127,10643.749,15410.256
forecast_2949,2025-05-03 21:00:00,15450.35,11795.104,15557.788
forecast_2950,2025-05-03 22:00:00,15120.434,11950.662,15601.662
forecast_2951,2025-05-03 23:00:00,14415.892,10382.528,14898.529
forecast_2952,2025-05-04 00:00:00,13680.289,9149.953,14307.018
forecast_2953,2025-05-04 01:00:00,13569.6455,9314.008,13190.837
forecast_2954,2025-05-04 02:00:00,14915.031,10685.875,11296.771
forecast_2955,2025-05-04 03:00:00,14851.989,11656.107,9870.385
forecast_2956,2025-05-04 04:00:00,15268.155,11320.77,8430.533
forecast_2957,2025-05-04 05:00:00,15149.9795,12111.54,8256.284
forecast_2958,2025-05-04 06:00:00,14693.1045,13437.906,8540.31
forecast_2959,2025-05-04 07:00:00,15114.815,15675.24,9114.675
forecast_2960,2025-05-04 08:00:00,14437.536,15795.96,7751.109
forecast_2961,2025-05-04 09:00:00,13571.734,16043.618,7471.3716
forecast_2962,2025-05-04 10:00:00,12217.853,15174.325,6892.767
forecast_2963,2025-05-04 11:00:00,11352.473,13805.766,8402.596
forecast_2964,2025-05-04 12:00:00,11884.176,14679.588,10236.653
forecast_2965,2025-05-04 13:00:00,14482.672,16065.163,9720.855
forecast_2966,2025-05-04 14:00:00,15880.002,17493.547,10269.647
forecast_2967,2025-05-04 15:00:00,16616.697,17500.865,12472.771
forecast_2968,2025-05-04 16:00:00,17359.043,17094.926,13759.632
forecast_2969,2025-05-04 17:00:00,17529.842,16542.201,13703.651
forecast_2970,2025-05-04 18:00:00,16873.162,16144.288,13520.304
forecast_2971,2025-05-04 19:00:00,16243.409,15903.863,13830.361
forecast_2972,2025-05-04 20:00:00,15924.935,16243.307,14221.346
forecast_2973,2025-05-04 21:00:00,14333.879,16122.641,13079.973
forecast_2974,2025-05-04 22:00:00,10208.326,13254.818,9766.449
forecast_2975,2025-05-04 23:00:00,4557.973,4432.6665,3133.5898
forecast_2976,2025-05-05 00:00:00,1792.3385,4038.6,749.75793
forecast_2977,2025-05-05 01:00:00,709.96844,5835.027,891.9142
forecast_2978,2025-05-05 02:00:00,928.0072,6169.054,761.41003
forecast_2979,2025-05-05 03:00:00,376.43408,3119.127,722.9604
forecast_2980,2025-05-05 04:00:00,556.8917,4082.0615,979.6199
forecast_2981,2025-05-05 05:00:00,1374.2263,4756.1553,657.20557
forecast_2982,2025-05-05 06:00:00,3211.18,4339.659,574.10626
forecast_2983,2025-05-05 07:00:00,1495.3828,3281.9648,270.89453
forecast_2984,2025-05-05 08:00:00,372.5063,1454.3904,73.02595
forecast_2985,2025-05-05 09:00:00,219.64378,713.15137,60.829967
forecast_2986,2025-05-05 10:00:00,245.67996,599.63983,36.08697
forecast_2987,2025-05-05 11:00:00,148.76784,322.3635,55.19607
forecast_2988,2025-05-05 12:00:00,45.21355,97.02503,21.474407
forecast_2989,2025-05-05 13:00:00,57.907253,79.33072,15.157158
forecast_2990,2025-05-05 14:00:00,139.21423,96.15148,28.209578
forecast_2991,2025-05-05 15:00:00,246.34842,92.68974,66.47861
forecast_2992,2025-05-05 16:00:00,466.6573,84.09005,72.11645
forecast_2993,2025-05-05 17:00:00,411.96884,125.422485,71.606094
forecast_2994,2025-05-05 18:00:00,369.90054,211.97891,78.62615
forecast_2995,2025-05-05 19:00:00,451.4978,444.8259,293.70306
forecast_2996,2025-05-05 20:00:00,1776.8994,3333.8955,2973.7957
forecast_2997,2025-05-05 21:00:00,1783.0342,6683.5044,5241.042
forecast_2998,2025-05-05 22:00:00,2113.9805,7315.121,3833.7766
forecast_2999,2025-05-05 23:00:00,2995.7358,6937.5967,3147.8018
forecast_3000,2025-05-06 00:00:00,2687.169,6836.488,1715.5833
forecast_3001,2025-05-06 01:00:00,2289.25,7234.172,1638.7507
forecast_3002,2025-05-06 02:00:00,739.5931,2727.2021,479.20712
forecast_3003,2025-05-06 03:00:00,465.8666,712.6121,343.50244
forecast_3004,2025-05-06 04:00:00,923.8097,469.37057,170.52748
forecast_3005,2025-05-06 05:00:00,1091.8171,198.24547,69.1022
forecast_3006,2025-05-06 06:00:00,1897.6011,724.14386,74.10236
forecast_3007,2025-05-06 07:00:00,4318.097,1224.8884,136.9119
forecast_3008,2025-05-06 08:00:00,6005.378,1503.3195,270.17484
forecast_3009,2025-05-06 09:00:00,5581.968,2323.7368,711.9989
forecast_3010,2025-05-06 10:00:00,4161.4604,2771.1204,1468.3372
forecast_3011,2025-05-06 11:00:00,2900.338,1592.4218,1545.7496
forecast_3012,2025-05-06 12:00:00,1103.5529,1290.4492,1608.3121
forecast_3013,2025-05-06 13:00:00,609.0171,1087.2709,1426.8842
forecast_3014,2025-05-06 14:00:00,769.26276,891.67584,1144.9817
forecast_3015,2025-05-06 15:00:00,965.42847,769.9518,826.7684
forecast_3016,2025-05-06 16:00:00,1393.4514,686.515,505.06183
forecast_3017,2025-05-06 17:00:00,1984.4662,544.99316,159.04543
forecast_3018,2025-05-06 18:00:00,2424.7144,898.89417,140.24344
forecast_3019,2025-05-06 19:00:00,1786.3837,588.048,82.84898
forecast_3020,2025-05-06 20:00:00,891.69977,309.63068,102.78491
forecast_3021,2025-05-06 21:00:00,748.87067,325.12552,195.10246
forecast_3022,2025-05-06 22:00:00,715.1366,805.8055,1532.081
forecast_3023,2025-05-06 23:00:00,1090.2291,1076.5344,2836.929
forecast_3024,2025-05-07 00:00:00,1660.9229,2287.0605,4891.6904
forecast_3025,2025-05-07 01:00:00,1751.9241,3064.6072,5973.642
forecast_3026,2025-05-07 02:00:00,1505.0928,2487.5667,3913.613
forecast_3027,2025-05-07 03:00:00,992.2037,2168.9446,2666.952
forecast_3028,2025-05-07 04:00:00,975.8354,1613.0985,2384.504
forecast_3029,2025-05-07 05:00:00,2249.8125,2328.7927,2170.476
forecast_3030,2025-05-07 06:00:00,3951.922,1721.1222,2883.5676
forecast_3031,2025-05-07 07:00:00,5016.623,1801.0573,2819.86
forecast_3032,2025-05-07 08:00:00,3762.1821,1454.9825,2158.7454
forecast_3033,2025-05-07 09:00:00,1576.0157,1134.0237,1728.294
forecast_3034,2025-05-07 10:00:00,1324.1543,1087.9146,1524.1602
forecast_3035,2025-05-07 11:00:00,1235.5936,427.99988,1184.5669
forecast_3036,2025-05-07 12:00:00,1120.5997,413.23718,908.88824
forecast_3037,2025-05-07 13:00:00,990.95135,349.0476,806.8014
forecast_3038,2025-05-07 14:00:00,719.9572,313.8222,708.0315
forecast_3039,2025-05-07 15:00:00,951.8462,441.17233,945.98785
forecast_3040,2025-05-07 16:00:00,624.9134,617.4112,441.06305
forecast_3041,2025-05-07 17:00:00,848.21185,525.92725,268.77167
forecast_3042,2025-05-07 18:00:00,697.7965,724.77563,209.97035
forecast_3043,2025-05-07 19:00:00,752.5684,485.70764,93.47977
forecast_3044,2025-05-07 20:00:00,2141.0872,1253.4846,204.79637
forecast_3045,2025-05-07 21:00:00,4670.2944,3003.7605,1951.0118
forecast_3046,2025-05-07 22:00:00,6878.205,4438.716,7454.416
forecast_3047,2025-05-07 23:00:00,7337.2617,4596.709,9387.915
forecast_3048,2025-05-08 00:00:00,7692.0957,4587.507,8138.2725
forecast_3049,2025-05-08 01:00:00,6539.77,3858.673,5842.1157
forecast_3050,2025-05-08 02:00:00,8033.837,3394.1736,4868.3804
forecast_3051,2025-05-08 03:00:00,9150.86,3511.9402,3544.6548
forecast_3052,2025-05-08 04:00:00,8528.644,4474.0654,3028.1038
forecast_3053,2025-05-08 05:00:00,10284.341,6258.7314,3544.2998
forecast_3054,2025-05-08 06:00:00,10966.643,6445.06,3111.0579
forecast_3055,2025-05-08 07:00:00,7066.4204,4261.723,1788.831
forecast_3056,2025-05-08 08:00:00,2488.7073,1515.9565,451.48883
forecast_3057,2025-05-08 09:00:00,350.82004,273.205,143.36333
forecast_3058,2025-05-08 10:00:00,78.83047,142.82562,31.475904
forecast_3059,2025-05-08 11:00:00,31.723408,148.93489,29.843195
forecast_3060,2025-05-08 12:00:00,37.6402,117.384735,40.72102
forecast_3061,2025-05-08 13:00:00,115.413025,110.98969,60.300777
forecast_3062,2025-05-08 14:00:00,468.89804,341.79337,572.83545
forecast_3063,2025-05-08 15:00:00,2140.4412,1955.065,3671.2405
forecast_3064,2025-05-08 16:00:00,1036.7601,1551.5956,2395.3054
forecast_3065,2025-05-08 17:00:00,1972.6189,2060.696,3009.2212
forecast_3066,2025-05-08 18:00:00,1657.9194,1603.5133,1785.0354
forecast_3067,2025-05-08 19:00:00,2380.8015,2056.269,1605.8282
forecast_3068,2025-05-08 20:00:00,2847.0627,2642.6982,1636.8826
forecast_3069,2025-05-08 21:00:00,1708.9248,2560.3276,1090.5349
forecast_3070,2025-05-08 22:00:00,2097.0874,2573.9373,1077.4283
forecast_3071,2025-05-08 23:00:00,2301.3816,2977.379,997.7764
forecast_3072,2025-05-09 00:00:00,2182.5046,3407.6233,926.05334
forecast_3073,2025-05-09 01:00:00,1858.3228,4093.1604,1763.8097
forecast_3074,2025-05-09 02:00:00,1641.3037,7125.461,3271.1973
forecast_3075,2025-05-09 03:00:00,1482.5319,9217.333,4078.8035
forecast_3076,2025-05-09 04:00:00,1484.6494,8565.108,4880.8457
forecast_3077,2025-05-09 05:00:00,1997.7705,8397.682,5177.5312
forecast_3078,2025-05-09 06:00:00,1362.589,3738.3674,3763.0435
forecast_3079,2025-05-09 07:00:00,1876.82,2368.5679,4063.8882
forecast_3080,2025-05-09 08:00:00,2170.8813,1327.7278,2377.3733
forecast_3081,2025-05-09 09:00:00,1984.2983,1209.5084,2477.2583
forecast_3082,2025-05-09 10:00:00,1623.2405,731.5355,876.8684
forecast_3083,2025-05-09 11:00:00,889.2992,496.9866,1984.5588
forecast_3084,2025-05-09 12:00:00,1145.8676,344.12518,2493.6987
forecast_3085,2025-05-09 13:00:00,1878.7281,1245.9661,3118.0608
forecast_3086,2025-05-09 14:00:00,4068.93,6676.0933,5143.3574
forecast_3087,2025-05-09 15:00:00,7504.557,16092.148,11345.006
forecast_3088,2025-05-09 16:00:00,10771.034,18475.938,15269.526
forecast_3089,2025-05-09 17:00:00,15502.421,18651.184,15271.994
forecast_3090,2025-05-09 18:00:00,16505.4,18903.451,15818.987
forecast_3091,2025-05-09 19:00:00,16940.232,18767.902,16542.717
forecast_3092,2025-05-09 20:00:00,13986.126,17465.242,15440.842
forecast_3093,2025-05-09 21:00:00,5733.295,9250.622,10833.741
forecast_3094,2025-05-09 22:00:00,2282.4587,584.50995,6042.6245
forecast_3095,2025-05-09 23:00:00,1007.6913,237.54169,1862.8029
forecast_3096,2025-05-10 00:00:00,4076.3816,1776.483,2983.505
forecast_3097,2025-05-10 01:00:00,9116.756,3921.174,3639.537
forecast_3098,2025-05-10 02:00:00,11638.942,6654.613,6427.3228
forecast_3099,2025-05-10 03:00:00,15125.9375,10152.727,9076.07
forecast_3100,2025-05-10 04:00:00,17212.527,14192.682,9415.47
forecast_3101,2025-05-10 05:00:00,17642.148,15661.01,10449.186
forecast_3102,2025-05-10 06:00:00,16567.094,15727.237,12174.809
forecast_3103,2025-05-10 07:00:00,15821.896,15922.264,12453.586
forecast_3104,2025-05-10 08:00:00,15571.333,15622.939,12209.861
forecast_3105,2025-05-10 09:00:00,17213.451,15844.669,12314.195
forecast_3106,2025-05-10 10:00:00,18878.86,15943.257,13778.807
forecast_3107,2025-05-10 11:00:00,19762.598,15631.634,13549.927
forecast_3108,2025-05-10 12:00:00,19573.738,15491.785,13147.388
forecast_3109,2025-05-10 13:00:00,19758.812,15621.279,12297.646
forecast_3110,2025-05-10 14:00:00,19966.025,15893.143,10922.138
forecast_3111,2025-05-10 15:00:00,19879.693,16338.48,9936.185
forecast_3112,2025-05-10 16:00:00,19259.709,16774.5,9481.864
forecast_3113,2025-05-10 17:00:00,18077.947,16789.691,9659.771
forecast_3114,2025-05-10 18:00:00,17851.332,16725.865,10173.81
forecast_3115,2025-05-10 19:00:00,15364.746,16465.5,10809.544
forecast_3116,2025-05-10 20:00:00,6196.8345,15692.962,10622.26
forecast_3117,2025-05-10 21:00:00,11640.123,14026.2,9596.8955
forecast_3118,2025-05-10 22:00:00,8219.513,11809.313,6172.894
forecast_3119,2025-05-10 23:00:00,8657.3125,11920.423,6120.746
forecast_3120,2025-05-11 00:00:00,7798.817,10577.891,5489.2393
forecast_3121,2025-05-11 01:00:00,7726.3325,9171.449,2873.2883
forecast_3122,2025-05-11 02:00:00,7534.0835,9222.954,5271.266
forecast_3123,2025-05-11 03:00:00,4687.7764,9386.325,8923.081
forecast_3124,2025-05-11 04:00:00,2431.5972,9542.963,4781.757
forecast_3125,2025-05-11 05:00:00,1422.058,9115.874,3131.8728
forecast_3126,2025-05-11 06:00:00,1642.9119,9215.132,3598.0408
forecast_3127,2025-05-11 07:00:00,1598.4824,6913.6704,1886.7517
forecast_3128,2025-05-11 08:00:00,1383.3478,4353.972,1173.7224
forecast_3129,2025-05-11 09:00:00,709.755,3134.0354,617.4241
forecast_3130,2025-05-11 10:00:00,260.9938,2088.4705,311.27667
forecast_3131,2025-05-11 11:00:00,130.5832,1028.7397,338.58246
forecast_3132,2025-05-11 12:00:00,122.95029,781.8333,458.19043
forecast_3133,2025-05-11 13:00:00,225.926,919.66077,340.60767
forecast_3134,2025-05-11 14:00:00,364.13547,1479.829,436.08
forecast_3135,2025-05-11 15:00:00,1030.3589,2485.452,659.4654
forecast_3136,2025-05-11 16:00:00,1871.6311,2994.6028,519.04315
forecast_3137,2025-05-11 17:00:00,2389.604,2210.2505,702.081
forecast_3138,2025-05-11 18:00:00,3488.1487,2234.6626,980.25494
forecast_3139,2025-05-11 19:00:00,4052.9644,2004.4354,2583.403
forecast_3140,2025-05-11 20:00:00,5467.758,3923.6995,4321.462
forecast_3141,2025-05-11 21:00:00,6952.92,7456.796,7671.613
forecast_3142,2025-05-11 22:00:00,9424.038,9230.322,10522.228
forecast_3143,2025-05-11 23:00:00,13267.392,10747.601,12746.166
forecast_3144,2025-05-12 00:00:00,15751.511,13074.037,13416.318
forecast_3145,2025-05-12 01:00:00,16722.842,13915.517,13925.2705
forecast_3146,2025-05-12 02:00:00,15316.483,13429.429,13572.65
forecast_3147,2025-05-12 03:00:00,14932.099,14241.238,14051.101
forecast_3148,2025-05-12 04:00:00,16068.237,15063.794,14344.799
forecast_3149,2025-05-12 05:00:00,17202.496,15124.856,13913.088
forecast_3150,2025-05-12 06:00:00,17327.059,14647.17,13122.614
forecast_3151,2025-05-12 07:00:00,14986.213,13533.173,13285.833
forecast_3152,2025-05-12 08:00:00,14626.747,13082.448,12710.645
forecast_3153,2025-05-12 09:00:00,12963.344,12694.05,12988.417
forecast_3154,2025-05-12 10:00:00,9738.795,10944.8955,12818.177
forecast_3155,2025-05-12 11:00:00,7354.446,8224.255,12975.973
forecast_3156,2025-05-12 12:00:00,5309.9277,4360.9136,10024.111
forecast_3157,2025-05-12 13:00:00,4546.1753,3027.8804,6626.3276
forecast_3158,2025-05-12 14:00:00,4465.6846,2062.3389,5465.5986
forecast_3159,2025-05-12 15:00:00,5009.601,2916.1836,6011.8765
forecast_3160,2025-05-12 16:00:00,6479.983,5008.8604,6196.992
forecast_3161,2025-05-12 17:00:00,8756.805,7084.112,11995.336
forecast_3162,2025-05-12 18:00:00,11004.383,6824.038,14476.89
forecast_3163,2025-05-12 19:00:00,12339.191,6645.6924,16455.242
forecast_3164,2025-05-12 20:00:00,16088.611,10099.479,17971.115
forecast_3165,2025-05-12 21:00:00,17848.578,14392.068,17789.871
forecast_3166,2025-05-12 22:00:00,19750.162,17079.242,17798.783
forecast_3167,2025-05-12 23:00:00,20498.412,18643.941,18199.81
forecast_3168,2025-05-13 00:00:00,20598.984,19094.412,18177.504
forecast_3169,2025-05-13 01:00:00,21039.691,19240.123,17354.941
forecast_3170,2025-05-13 02:00:00,21143.092,19213.955,16202.559
forecast_3171,2025-05-13 03:00:00,21283.074,19306.414,15466.312
forecast_3172,2025-05-13 04:00:00,21303.705,19231.043,15973.14
forecast_3173,2025-05-13 05:00:00,21270.99,18662.258,16189.012
forecast_3174,2025-05-13 06:00:00,21279.693,18229.475,16978.299
forecast_3175,2025-05-13 07:00:00,21265.54,17829.467,16719.34
forecast_3176,2025-05-13 08:00:00,20916.373,18166.104,18824.236
forecast_3177,2025-05-13 09:00:00,15330.862,17924.273,18545.684
forecast_3178,2025-05-13 10:00:00,12820.457,17941.025,18325.057
forecast_3179,2025-05-13 11:00:00,12433.901,17092.213,16169.478
forecast_3180,2025-05-13 12:00:00,13972.303,16786.117,14858.413
forecast_3181,2025-05-13 13:00:00,14295.359,15826.329,13686.688
forecast_3182,2025-05-13 14:00:00,14196.8955,13554.692,11125.79
forecast_3183,2025-05-13 15:00:00,13478.446,12067.028,10277.034
forecast_3184,2025-05-13 16:00:00,11706.057,11321.999,9734.219
forecast_3185,2025-05-13 17:00:00,8985.708,9781.935,9073.824
forecast_3186,2025-05-13 18:00:00,8542.473,8585.847,13357.557
forecast_3187,2025-05-13 19:00:00,9625.073,9705.856,12455.017
forecast_3188,2025-05-13 20:00:00,14649.459,12433.981,17182.2
forecast_3189,2025-05-13 21:00:00,16005.614,15272.802,19438.295
forecast_3190,2025-05-13 22:00:00,15697.385,16445.12,18926.932
forecast_3191,2025-05-13 23:00:00,16318.126,17079.238,17893.771
forecast_3192,2025-05-14 00:00:00,16364.226,16596.848,15935.909
forecast_3193,2025-05-14 01:00:00,15679.615,15876.429,13644.421
forecast_3194,2025-05-14 02:00:00,16316.568,15463.596,11602.779
forecast_3195,2025-05-14 03:00:00,18316.951,15532.836,9625.781
forecast_3196,2025-05-14 04:00:00,19339.602,16288.414,7331.1343
forecast_3197,2025-05-14 05:00:00,19838.285,17056.688,6496.5776
forecast_3198,2025-05-14 06:00:00,19874.871,17357.49,8038.26
forecast_3199,2025-05-14 07:00:00,19100.81,17417.033,10131.383
forecast_3200,2025-05-14 08:00:00,15916.303,16288.064,9367.26
forecast_3201,2025-05-14 09:00:00,12117.922,13194.093,5944.549
forecast_3202,2025-05-14 10:00:00,7183.8354,9151.113,2915.247
forecast_3203,2025-05-14 11:00:00,2600.7317,5667.04,2174.0876
forecast_3204,2025-05-14 12:00:00,1361.863,3794.7344,1699.029
forecast_3205,2025-05-14 13:00:00,1445.9911,3850.757,1584.962
forecast_3206,2025-05-14 14:00:00,2101.182,3942.9001,2321.288
forecast_3207,2025-05-14 15:00:00,2155.2559,3108.4893,2235.0088
forecast_3208,2025-05-14 16:00:00,2390.4854,3740.146,3369.868
forecast_3209,2025-05-14 17:00:00,2462.699,5149.763,3151.9844
forecast_3210,2025-05-14 18:00:00,2328.0334,6598.2505,3366.347
forecast_3211,2025-05-14 19:00:00,2303.1116,8394.341,2858.7144
forecast_3212,2025-05-14 20:00:00,2449.7942,9257.543,3236.5054
forecast_3213,2025-05-14 21:00:00,2283.0195,9346.437,3056.5212
forecast_3214,2025-05-14 22:00:00,2908.6008,8755.368,3265.6636
forecast_3215,2025-05-14 23:00:00,6832.1123,9872.951,3743.8472
forecast_3216,2025-05-15 00:00:00,6144.5474,11568.336,4025.4868
forecast_3217,2025-05-15 01:00:00,6472.7056,12527.274,4117.5356
forecast_3218,2025-05-15 02:00:00,7173.4175,14370.177,6525.554
forecast_3219,2025-05-15 03:00:00,11193.818,15577.415,9737.742
forecast_3220,2025-05-15 04:00:00,15497.097,15343.617,12646.131
forecast_3221,2025-05-15 05:00:00,16704.783,15022.104,13860.201
forecast_3222,2025-05-15 06:00:00,14682.664,14625.793,13488.915
forecast_3223,2025-05-15 07:00:00,15217.414,15185.912,13839.965
forecast_3224,2025-05-15 08:00:00,16552.27,16782.176,16057.906
forecast_3225,2025-05-15 09:00:00,17990.418,18364.842,17241.855
forecast_3226,2025-05-15 10:00:00,16566.85,19528.188,17758.504
forecast_3227,2025-05-15 11:00:00,16056.997,19786.85,17809.229
forecast_3228,2025-05-15 12:00:00,16184.08,19675.178,16419.986
forecast_3229,2025-05-15 13:00:00,17467.375,19318.604,16248.643
forecast_3230,2025-05-15 14:00:00,18778.324,19385.453,18637.059
forecast_3231,2025-05-15 15:00:00,19618.771,19647.984,19011.922
forecast_3232,2025-05-15 16:00:00,19716.94,19722.893,18240.445
forecast_3233,2025-05-15 17:00:00,19752.516,19320.926,16104.981
forecast_3234,2025-05-15 18:00:00,19906.158,17342.387,14027.323
forecast_3235,2025-05-15 19:00:00,20380.781,17420.693,14724.124
forecast_3236,2025-05-15 20:00:00,20491.244,17722.234,15869.724
forecast_3237,2025-05-15 21:00:00,20481.486,17330.936,16317.854
forecast_3238,2025-05-15 22:00:00,20589.82,16798.166,16683.219
forecast_3239,2025-05-15 23:00:00,20625.758,16735.414,17260.264
forecast_3240,2025-05-16 00:00:00,20028.912,15287.124,16230.664
forecast_3241,2025-05-16 01:00:00,18568.834,13459.239,14696.149
forecast_3242,2025-05-16 02:00:00,17812.127,13395.579,13835.029
forecast_3243,2025-05-16 03:00:00,17750.459,13437.552,13892.674
forecast_3244,2025-05-16 04:00:00,16581.268,13457.047,12803.877
forecast_3245,2025-05-16 05:00:00,15126.071,12726.487,10822.135
forecast_3246,2025-05-16 06:00:00,14607.834,11457.643,10152.696
forecast_3247,2025-05-16 07:00:00,14353.576,8813.409,10941.85
forecast_3248,2025-05-16 08:00:00,13287.991,7300.7144,11860.938
forecast_3249,2025-05-16 09:00:00,13297.74,6448.9907,11558.122
forecast_3250,2025-05-16 10:00:00,12371.994,5180.1475,9021.926
forecast_3251,2025-05-16 11:00:00,10252.486,4977.5723,7512.0576
forecast_3252,2025-05-16 12:00:00,6995.795,5356.518,6422.7803
forecast_3253,2025-05-16 13:00:00,7357.5254,7287.502,6719.108
forecast_3254,2025-05-16 14:00:00,3917.8477,6666.5757,4348.801
forecast_3255,2025-05-16 15:00:00,2274.6394,4498.9365,3392.1338
forecast_3256,2025-05-16 16:00:00,1184.3612,2087.0015,2150.073
forecast_3257,2025-05-16 17:00:00,1070.6371,1894.9537,2338.4707
forecast_3258,2025-05-16 18:00:00,780.7997,3984.3066,2937.1628
forecast_3259,2025-05-16 19:00:00,1670.1309,7069.5503,2643.1675
forecast_3260,2025-05-16 20:00:00,2372.747,8148.6616,2595.2278
forecast_3261,2025-05-16 21:00:00,2044.0297,7132.9795,3262.2583
forecast_3262,2025-05-16 22:00:00,1339.4917,4948.5776,3668.1362
forecast_3263,2025-05-16 23:00:00,854.96356,3887.8296,4140.4824
forecast_3264,2025-05-17 00:00:00,1349.962,6633.2485,4919.8223
forecast_3265,2025-05-17 01:00:00,1653.1212,6307.1714,5155.752
forecast_3266,2025-05-17 02:00:00,1414.2631,5434.9453,4527.4233
forecast_3267,2025-05-17 03:00:00,1293.8481,4235.523,3312.191
forecast_3268,2025-05-17 04:00:00,1782.1322,6121.721,4854.947
forecast_3269,2025-05-17 05:00:00,1387.3563,6985.016,5988.7407
forecast_3270,2025-05-17 06:00:00,342.61658,5538.0884,5328.313
forecast_3271,2025-05-17 07:00:00,379.49973,4601.564,1946.354
forecast_3272,2025-05-17 08:00:00,198.82083,424.37576,497.8058
forecast_3273,2025-05-17 09:00:00,506.366,132.15678,362.21542
forecast_3274,2025-05-17 10:00:00,3450.5652,889.0363,749.82104
forecast_3275,2025-05-17 11:00:00,8174.496,2013.1332,1371.7
forecast_3276,2025-05-17 12:00:00,8782.628,3122.2441,1082.1641
forecast_3277,2025-05-17 13:00:00,5992.0938,5523.3394,2082.368
forecast_3278,2025-05-17 14:00:00,5385.728,10567.6,3476.944
forecast_3279,2025-05-17 15:00:00,7241.716,13715.236,3993.885
forecast_3280,2025-05-17 16:00:00,8975.238,15126.464,5040.701
forecast_3281,2025-05-17 17:00:00,9816.811,16989.242,7579.046
forecast_3282,2025-05-17 18:00:00,10464.711,18507.72,10875.875
forecast_3283,2025-05-17 19:00:00,11627.605,19360.838,12434.35
forecast_3284,2025-05-17 20:00:00,13543.489,19510.674,12853.314
forecast_3285,2025-05-17 21:00:00,15110.829,19340.512,13115.176
forecast_3286,2025-05-17 22:00:00,15559.161,19221.26,13507.699
forecast_3287,2025-05-17 23:00:00,16080.614,19226.158,13560.552
forecast_3288,2025-05-18 00:00:00,17052.016,19269.006,13212.804
forecast_3289,2025-05-18 01:00:00,17813.357,18587.926,12971.854
forecast_3290,2025-05-18 02:00:00,18192.94,17747.799,12829.706
forecast_3291,2025-05-18 03:00:00,18335.732,16787.053,12420.303
forecast_3292,2025-05-18 04:00:00,16151.6045,13377.942,11581.294
forecast_3293,2025-05-18 05:00:00,12458.597,8539.677,8893.385
forecast_3294,2025-05-18 06:00:00,9236.638,9806.236,6493.147
forecast_3295,2025-05-18 07:00:00,5796.5425,3957.3308,3664.9814
forecast_3296,2025-05-18 08:00:00,2758.7844,1480.8528,573.2931
forecast_3297,2025-05-18 09:00:00,742.07794,650.6926,204.37567
forecast_3298,2025-05-18 10:00:00,160.1305,784.29724,89.149536
forecast_3299,2025-05-18 11:00:00,53.53028,833.8965,86.89206
forecast_3300,2025-05-18 12:00:00,135.36458,1005.261,230.68674
forecast_3301,2025-05-18 13:00:00,716.8039,1169.4012,781.7765
forecast_3302,2025-05-18 14:00:00,2245.2942,2063.3042,2311.7458
forecast_3303,2025-05-18 15:00:00,3753.9153,3314.1794,1924.157
forecast_3304,2025-05-18 16:00:00,6303.814,5102.7285,3027.901
forecast_3305,2025-05-18 17:00:00,8451.533,5696.9746,3490.8171
forecast_3306,2025-05-18 18:00:00,10135.0625,8286.942,4026.3276
forecast_3307,2025-05-18 19:00:00,12318.451,10084.716,3487.6284
forecast_3308,2025-05-18 20:00:00,15211.397,13123.051,4103.3823
forecast_3309,2025-05-18 21:00:00,17250.523,13275.937,5341.8125
forecast_3310,2025-05-18 22:00:00,17640.768,11860.176,7056.891
forecast_3311,2025-05-18 23:00:00,16694.781,10922.716,11706.4795
forecast_3312,2025-05-19 00:00:00,15173.205,11951.754,15051.332
forecast_3313,2025-05-19 01:00:00,14923.977,11383.59,12769.688
forecast_3314,2025-05-19 02:00:00,13363.252,10299.164,7518.581
forecast_3315,2025-05-19 03:00:00,9901.5,10089.029,6745.9644
forecast_3316,2025-05-19 04:00:00,6561.1333,9437.311,4109.3755
forecast_3317,2025-05-19 05:00:00,5732.7036,10092.399,5199.867
forecast_3318,2025-05-19 06:00:00,5999.496,9597.801,5728.3213
forecast_3319,2025-05-19 07:00:00,8780.255,11321.221,9714.991
forecast_3320,2025-05-19 08:00:00,6826.798,14565.986,12815.31
forecast_3321,2025-05-19 09:00:00,8055.1733,17347.67,14289.663
forecast_3322,2025-05-19 10:00:00,6649.4224,17260.96,12474.502
forecast_3323,2025-05-19 11:00:00,7670.1216,17119.477,11495.722
forecast_3324,2025-05-19 12:00:00,7325.9067,16906.51,11029.144
forecast_3325,2025-05-19 13:00:00,8947.394,17192.506,11435.012
forecast_3326,2025-05-19 14:00:00,10444.718,17722.037,12027.316
forecast_3327,2025-05-19 15:00:00,11869.464,18355.92,13082.61
forecast_3328,2025-05-19 16:00:00,13248.299,18767.078,15603.776
forecast_3329,2025-05-19 17:00:00,13974.206,18326.385,17372.125
forecast_3330,2025-05-19 18:00:00,14268.649,18339.559,19298.934
forecast_3331,2025-05-19 19:00:00,14312.027,18767.238,20247.148
forecast_3332,2025-05-19 20:00:00,14623.079,18957.383,20356.768
forecast_3333,2025-05-19 21:00:00,15154.845,18964.45,20129.852
forecast_3334,2025-05-19 22:00:00,15539.438,18872.559,19906.637
forecast_3335,2025-05-19 23:00:00,15512.703,18709.443,19529.69
forecast_3336,2025-05-20 00:00:00,15498.683,18411.594,18873.432
forecast_3337,2025-05-20 01:00:00,15631.808,18268.244,17911.205
forecast_3338,2025-05-20 02:00:00,16470.219,18032.537,17372.186
forecast_3339,2025-05-20 03:00:00,17236.223,17836.46,17003.45
forecast_3340,2025-05-20 04:00:00,16733.217,16933.389,15651.669
forecast_3341,2025-05-20 05:00:00,16653.951,15817.797,15996.33
forecast_3342,2025-05-20 06:00:00,16373.355,15259.595,17059.02
forecast_3343,2025-05-20 07:00:00,15351.221,15472.263,16239.045
forecast_3344,2025-05-20 08:00:00,14700.617,16010.63,15042.222
forecast_3345,2025-05-20 09:00:00,14568.487,16408.027,15102.489
forecast_3346,2025-05-20 10:00:00,14518.64,16512.03,14591.73
forecast_3347,2025-05-20 11:00:00,13918.332,14747.103,12341.594
forecast_3348,2025-05-20 12:00:00,13261.101,9382.538,11221.991
forecast_3349,2025-05-20 13:00:00,13546.211,9454.736,12860.466
forecast_3350,2025-05-20 14:00:00,11983.155,10953.064,13229.91
forecast_3351,2025-05-20 15:00:00,10762.094,11636.114,14102.41
forecast_3352,2025-05-20 16:00:00,10610.539,11434.22,14619.644
forecast_3353,2025-05-20 17:00:00,10904.659,12532.919,15576.331
forecast_3354,2025-05-20 18:00:00,11677.496,13751.226,16746.658
forecast_3355,2025-05-20 19:00:00,12980.875,15005.381,18410.055
forecast_3356,2025-05-20 20:00:00,18335.527,17153.584,19891.041
forecast_3357,2025-05-20 21:00:00,20654.545,18510.342,20439.232
forecast_3358,2025-05-20 22:00:00,20645.736,18746.719,20520.102
forecast_3359,2025-05-20 23:00:00,20417.246,18411.025,20520.885
forecast_3360,2025-05-21 00:00:00,20487.139,17970.572,20558.703
forecast_3361,2025-05-21 01:00:00,20581.436,17398.646,20552.754
forecast_3362,2025-05-21 02:00:00,20122.82,17048.184,19530.152
forecast_3363,2025-05-21 03:00:00,18396.045,17245.656,16831.264
forecast_3364,2025-05-21 04:00:00,16965.482,17320.693,16377.714
forecast_3365,2025-05-21 05:00:00,15045.222,17322.523,15690.968
forecast_3366,2025-05-21 06:00:00,13165.57,16932.234,15704.047
forecast_3367,2025-05-21 07:00:00,11629.36,15949.044,12756.783
forecast_3368,2025-05-21 08:00:00,6978.2075,10015.976,7576.6123
forecast_3369,2025-05-21 09:00:00,2155.3096,4255.5967,4123.722
forecast_3370,2025-05-21 10:00:00,1391.5514,1462.0151,2088.419
forecast_3371,2025-05-21 11:00:00,596.2995,792.01953,509.74634
forecast_3372,2025-05-21 12:00:00,174.47112,913.6357,195.10329
forecast_3373,2025-05-21 13:00:00,87.62104,1754.7858,176.82857
forecast_3374,2025-05-21 14:00:00,58.768192,1859.6301,268.7456
forecast_3375,2025-05-21 15:00:00,70.16634,984.51654,334.96783
forecast_3376,2025-05-21 16:00:00,109.239975,603.7017,207.53447
forecast_3377,2025-05-21 17:00:00,148.81047,216.61703,117.85825
forecast_3378,2025-05-21 18:00:00,159.42206,156.6719,103.27242
forecast_3379,2025-05-21 19:00:00,219.50179,177.96367,170.80281
forecast_3380,2025-05-21 20:00:00,175.79503,145.94371,158.72769
forecast_3381,2025-05-21 21:00:00,172.19244,100.34956,165.75723
forecast_3382,2025-05-21 22:00:00,223.5155,104.81771,204.9504
forecast_3383,2025-05-21 23:00:00,235.1226,90.291954,245.10521
forecast_3384,2025-05-22 00:00:00,201.27028,79.53348,246.01106
forecast_3385,2025-05-22 01:00:00,277.37735,104.332535,196.4686
forecast_3386,2025-05-22 02:00:00,462.30258,179.9117,479.22736
forecast_3387,2025-05-22 03:00:00,436.28644,430.4514,1087.4403
forecast_3388,2025-05-22 04:00:00,820.8777,792.3327,2319.326
forecast_3389,2025-05-22 05:00:00,761.97516,631.1312,3099.1553
forecast_3390,2025-05-22 06:00:00,766.0616,830.62256,3232.0828
forecast_3391,2025-05-22 07:00:00,684.00464,700.1974,2625.8538
forecast_3392,2025-05-22 08:00:00,705.45294,390.00214,1288.2043
forecast_3393,2025-05-22 09:00:00,937.5675,397.2583,491.59787
forecast_3394,2025-05-22 10:00:00,1503.2539,613.9146,167.59006
forecast_3395,2025-05-22 11:00:00,2553.9456,785.0777,148.15909
forecast_3396,2025-05-22 12:00:00,3291.5508,859.40094,269.508
forecast_3397,2025-05-22 13:00:00,3263.6338,929.7402,474.40308
forecast_3398,2025-05-22 14:00:00,2597.2793,720.4624,811.2687
forecast_3399,2025-05-22 15:00:00,1621.0592,510.77887,1084.3827
forecast_3400,2025-05-22 16:00:00,866.2865,280.13107,1119.0199
forecast_3401,2025-05-22 17:00:00,626.1277,95.86795,506.8956
forecast_3402,2025-05-22 18:00:00,480.62613,76.06632,255.7059
forecast_3403,2025-05-22 19:00:00,413.58127,121.37955,281.75784
forecast_3404,2025-05-22 20:00:00,387.0607,359.8071,366.25168
forecast_3405,2025-05-22 21:00:00,676.32086,795.3377,604.27234
forecast_3406,2025-05-22 22:00:00,1547.2019,643.9283,984.11346
forecast_3407,2025-05-22 23:00:00,2592.8582,617.223,1302.7844
forecast_3408,2025-05-23 00:00:00,3587.4482,606.07465,1459.504
forecast_3409,2025-05-23 01:00:00,5668.6973,1316.7015,1743.0791
forecast_3410,2025-05-23 02:00:00,6860.427,2531.379,1540.0239
forecast_3411,2025-05-23 03:00:00,6806.705,4498.18,1094.6425
forecast_3412,2025-05-23 04:00:00,5823.452,6055.584,869.5834
forecast_3413,2025-05-23 05:00:00,5128.1655,6788.7886,1135.6561
forecast_3414,2025-05-23 06:00:00,4055.436,6041.068,932.0632
forecast_3415,2025-05-23 07:00:00,3152.369,5361.944,918.6929
forecast_3416,2025-05-23 08:00:00,2552.7253,4208.0044,919.733
forecast_3417,2025-05-23 09:00:00,1676.441,3063.0442,1135.735
forecast_3418,2025-05-23 10:00:00,1213.7177,1923.1266,1128.7286
forecast_3419,2025-05-23 11:00:00,1562.7861,1634.7031,865.90106
forecast_3420,2025-05-23 12:00:00,1189.5724,1538.3198,712.32074
forecast_3421,2025-05-23 13:00:00,1318.8584,1314.91,625.7263
forecast_3422,2025-05-23 14:00:00,1562.0355,1134.3467,568.3997
forecast_3423,2025-05-23 15:00:00,2229.4062,1338.9923,540.6308
forecast_3424,2025-05-23 16:00:00,2025.2583,1387.3535,517.4471
forecast_3425,2025-05-23 17:00:00,2349.4722,1622.7598,433.2017
forecast_3426,2025-05-23 18:00:00,3169.0608,2138.4014,453.8843
forecast_3427,2025-05-23 19:00:00,4846.1436,2922.338,545.68585
forecast_3428,2025-05-23 20:00:00,3510.0007,3337.75,629.78687
forecast_3429,2025-05-23 21:00:00,4344.033,4314.629,879.55255
forecast_3430,2025-05-23 22:00:00,5411.186,4446.758,1208.997
forecast_3431,2025-05-23 23:00:00,5860.1685,4176.8276,1901.1578
forecast_3432,2025-05-24 00:00:00,3984.7087,3199.8745,2893.8308
forecast_3433,2025-05-24 01:00:00,3787.4243,2911.2688,2631.6628
forecast_3434,2025-05-24 02:00:00,5574.5396,4747.1973,3042.4612
forecast_3435,2025-05-24 03:00:00,6876.836,4660.8677,2353.4707
forecast_3436,2025-05-24 04:00:00,8980.244,5952.818,2162.5286
forecast_3437,2025-05-24 05:00:00,10270.964,7265.288,2149.1587
forecast_3438,2025-05-24 06:00:00,8270.953,6877.5654,1839.5415
forecast_3439,2025-05-24 07:00:00,7417.14,8107.5522,1954.0872
forecast_3440,2025-05-24 08:00:00,5504.258,7141.909,1778.4741
forecast_3441,2025-05-24 09:00:00,5578.656,6500.931,1584.3997
forecast_3442,2025-05-24 10:00:00,5882.8164,6135.5537,1347.8337
forecast_3443,2025-05-24 11:00:00,6116.2266,5770.1934,1138.9143
forecast_3444,2025-05-24 12:00:00,7137.9175,6444.7856,977.1129
forecast_3445,2025-05-24 13:00:00,6308.4644,5443.069,728.8774
forecast_3446,2025-05-24 14:00:00,6121.2334,5381.1855,657.50684
forecast_3447,2025-05-24 15:00:00,5855.562,5049.067,690.67316
forecast_3448,2025-05-24 16:00:00,6290.578,5828.0645,1119.5372
forecast_3449,2025-05-24 17:00:00,7638.9497,7140.587,2936.83
forecast_3450,2025-05-24 18:00:00,7471.2134,6283.608,6085.258
forecast_3451,2025-05-24 19:00:00,7175.312,5352.4644,7413.9277
forecast_3452,2025-05-24 20:00:00,6799.0234,5276.3906,7251.8306
forecast_3453,2025-05-24 21:00:00,6577.439,4249.346,4816.8843
forecast_3454,2025-05-24 22:00:00,6698.054,3973.5112,4706.557
forecast_3455,2025-05-24 23:00:00,6208.49,4072.671,4040.4324
forecast_3456,2025-05-25 00:00:00,5489.416,3507.848,3124.8936
forecast_3457,2025-05-25 01:00:00,4570.829,2538.4167,2516.2656
forecast_3458,2025-05-25 02:00:00,4564.2754,3249.5862,3059.2148
forecast_3459,2025-05-25 03:00:00,2866.97,3042.4255,3266.091
forecast_3460,2025-05-25 04:00:00,726.3849,2194.3447,1831.6641
forecast_3461,2025-05-25 05:00:00,457.5941,2043.8853,1495.2703
forecast_3462,2025-05-25 06:00:00,854.704,2452.2493,1957.7708
forecast_3463,2025-05-25 07:00:00,3714.3933,2684.278,3085.044
forecast_3464,2025-05-25 08:00:00,4732.9546,1339.221,2585.171
forecast_3465,2025-05-25 09:00:00,3769.9004,566.7798,1621.8947
forecast_3466,2025-05-25 10:00:00,2996.3147,253.6762,767.7969
forecast_3467,2025-05-25 11:00:00,1887.0721,137.54765,400.07544
forecast_3468,2025-05-25 12:00:00,1482.9226,202.50415,293.40094
forecast_3469,2025-05-25 13:00:00,4124.2715,460.12286,617.5227
forecast_3470,2025-05-25 14:00:00,5733.585,950.57495,905.6569
forecast_3471,2025-05-25 15:00:00,5177.1704,1069.343,928.83765
forecast_3472,2025-05-25 16:00:00,4118.339,683.24084,628.79456
forecast_3473,2025-05-25 17:00:00,2558.3755,711.5934,602.18713
forecast_3474,2025-05-25 18:00:00,1082.1626,819.1486,262.3641
forecast_3475,2025-05-25 19:00:00,2209.7444,800.7558,212.28825
forecast_3476,2025-05-25 20:00:00,6376.204,1581.9648,1280.2911
forecast_3477,2025-05-25 21:00:00,5194.841,1902.7506,3235.945
forecast_3478,2025-05-25 22:00:00,4145.516,4226.2876,2974.7227
forecast_3479,2025-05-25 23:00:00,4091.3452,5128.664,4345.322
forecast_3480,2025-05-26 00:00:00,3915.7092,5497.306,6104.927
forecast_3481,2025-05-26 01:00:00,3879.5383,5876.8193,7835.1445
forecast_3482,2025-05-26 02:00:00,5248.9746,6585.327,9232.775
forecast_3483,2025-05-26 03:00:00,5036.7944,5405.5356,8604.684
forecast_3484,2025-05-26 04:00:00,4044.57,4412.5225,6231.2935
forecast_3485,2025-05-26 05:00:00,3058.28,2071.0276,3651.6094
forecast_3486,2025-05-26 06:00:00,1900.3595,1029.8649,1419.4385
forecast_3487,2025-05-26 07:00:00,838.0175,385.96976,391.41623
forecast_3488,2025-05-26 08:00:00,141.09218,89.494545,147.04634
forecast_3489,2025-05-26 09:00:00,36.20944,49.720757,89.5036
forecast_3490,2025-05-26 10:00:00,21.047348,62.20286,55.412903
forecast_3491,2025-05-26 11:00:00,35.518623,61.884823,128.32722
forecast_3492,2025-05-26 12:00:00,11.477736,39.539932,97.36141
forecast_3493,2025-05-26 13:00:00,17.437998,71.51709,82.26508
forecast_3494,2025-05-26 14:00:00,47.734097,162.90364,197.7064
forecast_3495,2025-05-26 15:00:00,69.656136,344.75214,574.05176
forecast_3496,2025-05-26 16:00:00,89.89384,390.86237,449.31995
forecast_3497,2025-05-26 17:00:00,85.8862,377.26248,369.1799
forecast_3498,2025-05-26 18:00:00,74.16718,416.71796,398.52573
forecast_3499,2025-05-26 19:00:00,68.75338,813.966,328.75327
forecast_3500,2025-05-26 20:00:00,177.7697,1733.1089,295.6001
forecast_3501,2025-05-26 21:00:00,211.81721,1977.5483,269.69705
forecast_3502,2025-05-26 22:00:00,414.60556,2835.6519,301.59033
forecast_3503,2025-05-26 23:00:00,891.74274,3640.416,310.4676
forecast_3504,2025-05-27 00:00:00,1504.225,5290.6685,366.1098
forecast_3505,2025-05-27 01:00:00,2099.927,7542.491,1093.5667
forecast_3506,2025-05-27 02:00:00,2687.2354,7058.484,2982.5186
forecast_3507,2025-05-27 03:00:00,3241.8125,5909.756,2616.6858
forecast_3508,2025-05-27 04:00:00,4324.8237,4057.921,2412.6511
forecast_3509,2025-05-27 05:00:00,4274.674,2540.0342,2268.9753
forecast_3510,2025-05-27 06:00:00,2895.6143,1516.2689,2271.5054
forecast_3511,2025-05-27 07:00:00,1278.2534,1042.9409,1531.5299
forecast_3512,2025-05-27 08:00:00,449.84985,751.0659,653.7833
forecast_3513,2025-05-27 09:00:00,161.56235,354.9685,261.8132
forecast_3514,2025-05-27 10:00:00,52.10497,122.792534,133.86978
forecast_3515,2025-05-27 11:00:00,23.164165,55.12828,152.53307
forecast_3516,2025-05-27 12:00:00,13.937659,39.376762,211.86842
forecast_3517,2025-05-27 13:00:00,37.01752,42.22474,338.9423
forecast_3518,2025-05-27 14:00:00,27.291893,106.76347,499.93832
forecast_3519,2025-05-27 15:00:00,51.778893,275.17996,276.9733
forecast_3520,2025-05-27 16:00:00,22.875854,93.5473,111.24915
forecast_3521,2025-05-27 17:00:00,34.884514,41.6853,61.71996
forecast_3522,2025-05-27 18:00:00,48.180805,32.934883,49.87685
forecast_3523,2025-05-27 19:00:00,62.571445,32.748436,48.98008
forecast_3524,2025-05-27 20:00:00,68.865234,96.31444,77.34652
forecast_3525,2025-05-27 21:00:00,354.1639,1040.6995,290.81262
forecast_3526,2025-05-27 22:00:00,2144.0977,3075.775,1230.991
forecast_3527,2025-05-27 23:00:00,1659.7843,5081.395,1556.5111
forecast_3528,2025-05-28 00:00:00,901.25543,2144.8582,826.5457
forecast_3529,2025-05-28 01:00:00,613.7726,1566.7227,455.46466
forecast_3530,2025-05-28 02:00:00,1471.9261,3370.7324,823.9986
forecast_3531,2025-05-28 03:00:00,4500.103,5223.323,1462.5942
forecast_3532,2025-05-28 04:00:00,5750.6455,5102.1206,3041.2397
forecast_3533,2025-05-28 05:00:00,5024.6006,5481.755,4247.26
forecast_3534,2025-05-28 06:00:00,4629.1343,4644.11,4733.487
forecast_3535,2025-05-28 07:00:00,3896.5325,1805.0918,3012.4978
forecast_3536,2025-05-28 08:00:00,2058.2695,736.62024,711.5716
forecast_3537,2025-05-28 09:00:00,412.6259,343.66608,86.76532
forecast_3538,2025-05-28 10:00:00,56.715137,126.91203,29.560776
forecast_3539,2025-05-28 11:00:00,28.355442,121.29003,36.3516
forecast_3540,2025-05-28 12:00:00,27.182753,186.56813,44.200394
forecast_3541,2025-05-28 13:00:00,150.56,328.79398,182.48601
forecast_3542,2025-05-28 14:00:00,227.9311,363.5988,176.57382
forecast_3543,2025-05-28 15:00:00,708.2714,1014.35626,557.73914
forecast_3544,2025-05-28 16:00:00,1804.6135,2573.1494,1168.2155
forecast_3545,2025-05-28 17:00:00,2042.59,2153.9492,1398.1978
forecast_3546,2025-05-28 18:00:00,591.03424,815.8776,523.4118
forecast_3547,2025-05-28 19:00:00,170.61855,440.03098,445.66312
forecast_3548,2025-05-28 20:00:00,177.65657,303.66812,392.9336
forecast_3549,2025-05-28 21:00:00,390.25003,76.007256,345.64926
forecast_3550,2025-05-28 22:00:00,436.23834,132.78734,274.8564
forecast_3551,2025-05-28 23:00:00,472.18457,239.39359,292.06033
forecast_3552,2025-05-29 00:00:00,599.13995,379.04578,383.06824
forecast_3553,2025-05-29 01:00:00,458.69315,317.2458,617.7904
forecast_3554,2025-05-29 02:00:00,531.5458,317.93216,840.3665
forecast_3555,2025-05-29 03:00:00,525.8647,265.45496,679.96
forecast_3556,2025-05-29 04:00:00,628.3855,284.98306,708.8258
forecast_3557,2025-05-29 05:00:00,559.1544,282.84213,556.147
forecast_3558,2025-05-29 06:00:00,229.65569,352.1018,311.3906
forecast_3559,2025-05-29 07:00:00,139.0067,479.54037,174.25116
forecast_3560,2025-05-29 08:00:00,142.96669,366.29022,99.57762
forecast_3561,2025-05-29 09:00:00,214.59402,431.53598,54.039352
forecast_3562,2025-05-29 10:00:00,193.43817,904.99274,49.691795
forecast_3563,2025-05-29 11:00:00,280.63043,1648.9648,113.01454
forecast_3564,2025-05-29 12:00:00,437.6809,1587.7268,136.48424
forecast_3565,2025-05-29 13:00:00,436.31934,2243.495,176.78116
forecast_3566,2025-05-29 14:00:00,619.15125,1698.2228,232.1892
forecast_3567,2025-05-29 15:00:00,805.8903,1228.087,199.31744
forecast_3568,2025-05-29 16:00:00,773.769,1107.274,262.70334
forecast_3569,2025-05-29 17:00:00,1039.224,977.40607,282.02533
forecast_3570,2025-05-29 18:00:00,1053.5414,898.28925,282.8306
forecast_3571,2025-05-29 19:00:00,994.7368,949.9344,255.74023
forecast_3572,2025-05-29 20:00:00,1802.0791,1235.1187,238.57384
forecast_3573,2025-05-29 21:00:00,2985.071,1783.276,215.60869
forecast_3574,2025-05-29 22:00:00,1999.4479,2756.4946,275.82404
forecast_3575,2025-05-29 23:00:00,1789.7507,2471.1467,291.3108
forecast_3576,2025-05-30 00:00:00,1556.1356,1576.654,260.83023
forecast_3577,2025-05-30 01:00:00,1736.9655,1889.3909,259.71704
forecast_3578,2025-05-30 02:00:00,1954.9789,1990.9429,246.1102
forecast_3579,2025-05-30 03:00:00,2372.3127,2061.0803,230.80536
forecast_3580,2025-05-30 04:00:00,2768.9258,2418.9426,272.24496
forecast_3581,2025-05-30 05:00:00,3458.88,2980.4326,371.60495
forecast_3582,2025-05-30 06:00:00,3506.4976,3176.6033,397.57095
forecast_3583,2025-05-30 07:00:00,3234.504,2711.9119,346.59772
forecast_3584,2025-05-30 08:00:00,1892.8401,1845.2751,376.8375
forecast_3585,2025-05-30 09:00:00,1473.998,1640.205,661.98846
forecast_3586,2025-05-30 10:00:00,1266.9392,1879.0889,1371.2162
forecast_3587,2025-05-30 11:00:00,886.19196,1356.6748,2135.29
forecast_3588,2025-05-30 12:00:00,568.9868,870.59314,1676.752
forecast_3589,2025-05-30 13:00:00,396.66116,788.5372,1543.4622
forecast_3590,2025-05-30 14:00:00,309.24817,673.9679,1344.8123
forecast_3591,2025-05-30 15:00:00,254.88701,441.84424,1002.4556
forecast_3592,2025-05-30 16:00:00,252.61783,283.1896,740.0216
forecast_3593,2025-05-30 17:00:00,262.4717,243.66243,577.74457
forecast_3594,2025-05-30 18:00:00,254.52324,248.41331,458.90604
forecast_3595,2025-05-30 19:00:00,374.04803,408.07837,457.1335
forecast_3596,2025-05-30 20:00:00,754.5437,1131.2036,589.99536
forecast_3597,2025-05-30 21:00:00,1470.7675,2162.8464,807.11914
forecast_3598,2025-05-30 22:00:00,1506.0027,1230.4658,1030.4506
forecast_3599,2025-05-30 23:00:00,1219.6227,1410.5227,1027.257
forecast_3600,2025-05-31 00:00:00,844.98224,978.6831,1208.1077
forecast_3601,2025-05-31 01:00:00,804.7608,774.3579,1316.5183
forecast_3602,2025-05-31 02:00:00,366.48685,608.91797,1265.8143
forecast_3603,2025-05-31 03:00:00,273.52054,881.3999,1342.204
forecast_3604,2025-05-31 04:00:00,489.04584,1074.9799,1647.6753
forecast_3605,2025-05-31 05:00:00,756.72076,1147.8381,1785.6406
forecast_3606,2025-05-31 06:00:00,1011.29,1136.2247,1716.4113
forecast_3607,2025-05-31 07:00:00,927.1813,670.53546,1021.25366
forecast_3608,2025-05-31 08:00:00,766.7494,349.42133,382.21735
forecast_3609,2025-05-31 09:00:00,780.4798,205.96294,142.14734
forecast_3610,2025-05-31 10:00:00,516.63745,190.67126,171.14575
forecast_3611,2025-05-31 11:00:00,520.5355,203.44162,218.02184
forecast_3612,2025-05-31 12:00:00,728.44556,411.81937,310.91364
forecast_3613,2025-05-31 13:00:00,1112.8579,704.2979,532.49567
forecast_3614,2025-05-31 14:00:00,1316.4609,791.1192,636.6859
forecast_3615,2025-05-31 15:00:00,1645.9012,850.9092,601.7178
forecast_3616,2025-05-31 16:00:00,1505.7994,597.55646,473.7674
forecast_3617,2025-05-31 17:00:00,1322.8116,510.38037,414.49615
forecast_3618,2025-05-31 18:00:00,845.7248,293.6377,366.44458
forecast_3619,2025-05-31 19:00:00,650.3694,239.65132,270.96072
forecast_3620,2025-05-31 20:00:00,1300.187,373.4748,311.21408
forecast_3621,2025-05-31 21:00:00,3137.1042,932.93646,318.1889
forecast_3622,2025-05-31 22:00:00,2727.7644,1238.7615,465.6384
forecast_3623,2025-05-31 23:00:00,1967.2561,969.7205,460.93442
forecast_3624,2025-06-01 00:00:00,2064.454,1236.0723,429.01804
forecast_3625,2025-06-01 01:00:00,1682.2437,940.58093,176.2461
forecast_3626,2025-06-01 02:00:00,1318.1094,1028.764,95.57662
forecast_3627,2025-06-01 03:00:00,2185.075,1046.5315,178.05713
forecast_3628,2025-06-01 04:00:00,3459.468,1375.5259,517.33276
forecast_3629,2025-06-01 05:00:00,4445.923,1574.0908,1122.9976
forecast_3630,2025-06-01 06:00:00,2429.7737,1081.7017,985.88086
forecast_3631,2025-06-01 07:00:00,1447.3807,515.8413,823.15015
forecast_3632,2025-06-01 08:00:00,563.1427,115.99976,292.71545
forecast_3633,2025-06-01 09:00:00,185.32976,52.808098,115.55488
forecast_3634,2025-06-01 10:00:00,48.630787,54.90894,61.483406
forecast_3635,2025-06-01 11:00:00,48.133587,84.781296,70.33669
forecast_3636,2025-06-01 12:00:00,60.699944,239.1801,109.450134
forecast_3637,2025-06-01 13:00:00,175.93916,264.97168,118.27824
forecast_3638,2025-06-01 14:00:00,202.38786,317.0229,186.49356
forecast_3639,2025-06-01 15:00:00,148.04178,273.36646,121.42098
forecast_3640,2025-06-01 16:00:00,80.16763,145.96127,70.26166
forecast_3641,2025-06-01 17:00:00,40.37813,69.789055,43.412968
forecast_3642,2025-06-01 18:00:00,84.28431,172.13046,70.90893
forecast_3643,2025-06-01 19:00:00,334.71127,447.63876,319.60367
forecast_3644,2025-06-01 20:00:00,984.2625,498.9155,1749.6304
forecast_3645,2025-06-01 21:00:00,5019.7188,447.39728,4620.0005
forecast_3646,2025-06-01 22:00:00,5456.74,481.00732,6233.1973
forecast_3647,2025-06-01 23:00:00,4342.871,504.79007,7661.9663
forecast_3648,2025-06-02 00:00:00,2718.1416,363.78192,5566.536
forecast_3649,2025-06-02 01:00:00,2341.0894,576.6291,5340.071
forecast_3650,2025-06-02 02:00:00,2812.4478,799.7189,5304.688
forecast_3651,2025-06-02 03:00:00,4826.546,734.62256,3549.896
forecast_3652,2025-06-02 04:00:00,7535.363,761.70734,2308.413
forecast_3653,2025-06-02 05:00:00,5491.7783,471.4316,1515.487
forecast_3654,2025-06-02 06:00:00,4588.2593,431.91266,1151.0975
forecast_3655,2025-06-02 07:00:00,1598.6865,223.07483,518.5823
forecast_3656,2025-06-02 08:00:00,297.5777,109.11861,321.5657
forecast_3657,2025-06-02 09:00:00,108.54311,61.082413,292.28467
forecast_3658,2025-06-02 10:00:00,123.820984,42.42227,465.4532
forecast_3659,2025-06-02 11:00:00,81.72535,68.080505,915.2502
forecast_3660,2025-06-02 12:00:00,71.76819,327.66125,876.273
forecast_3661,2025-06-02 13:00:00,74.61639,1290.0911,509.66913
forecast_3662,2025-06-02 14:00:00,91.89358,2927.2644,310.1489
forecast_3663,2025-06-02 15:00:00,155.40318,3420.3628,252.71257
forecast_3664,2025-06-02 16:00:00,549.4729,4266.848,295.858
forecast_3665,2025-06-02 17:00:00,2201.8713,5589.9976,291.91577
forecast_3666,2025-06-02 18:00:00,4424.4277,5592.6196,315.4054
forecast_3667,2025-06-02 19:00:00,5110.2104,5998.0757,288.1783
forecast_3668,2025-06-02 20:00:00,4362.7593,6586.368,303.9779
forecast_3669,2025-06-02 21:00:00,3784.0896,5019.546,413.70844
forecast_3670,2025-06-02 22:00:00,3267.5771,3445.702,701.3769
forecast_3671,2025-06-02 23:00:00,2439.9802,1784.7128,903.0831
forecast_3672,2025-06-03 00:00:00,1912.7766,664.8896,1029.0502
forecast_3673,2025-06-03 01:00:00,1845.1027,677.75256,1840.6536
forecast_3674,2025-06-03 02:00:00,1595.9043,586.4005,2228.976
forecast_3675,2025-06-03 03:00:00,1368.4459,235.41275,1172.7014
forecast_3676,2025-06-03 04:00:00,1779.1667,167.41739,701.92084
forecast_3677,2025-06-03 05:00:00,1678.3909,151.35571,376.29153
forecast_3678,2025-06-03 06:00:00,1676.2554,139.73009,272.57455
forecast_3679,2025-06-03 07:00:00,1289.0839,173.05554,224.50188
forecast_3680,2025-06-03 08:00:00,717.824,144.50848,162.00027
forecast_3681,2025-06-03 09:00:00,434.53363,96.94593,73.26128
forecast_3682,2025-06-03 10:00:00,265.97922,175.66652,140.732
forecast_3683,2025-06-03 11:00:00,509.37463,1373.4518,1119.4373
forecast_3684,2025-06-03 12:00:00,1375.753,2981.1914,2819.1743
forecast_3685,2025-06-03 13:00:00,4131.0176,6324.736,4502.3784
forecast_3686,2025-06-03 14:00:00,7724.4644,10938.172,4638.4893
forecast_3687,2025-06-03 15:00:00,10098.485,11834.301,5249.8286
forecast_3688,2025-06-03 16:00:00,11780.256,13413.716,4208.68
forecast_3689,2025-06-03 17:00:00,12436.835,14686.725,4690.4766
forecast_3690,2025-06-03 18:00:00,12214.138,15639.781,6101.266
forecast_3691,2025-06-03 19:00:00,11850.74,16450.799,7699.823
forecast_3692,2025-06-03 20:00:00,11933.288,16842.88,8252.426
forecast_3693,2025-06-03 21:00:00,12611.841,17258.445,9080.142
forecast_3694,2025-06-03 22:00:00,13533.48,18221.46,11341.7
forecast_3695,2025-06-03 23:00:00,13395.131,18196.379,12845.309
forecast_3696,2025-06-04 00:00:00,13367.568,17466.68,13466.139
forecast_3697,2025-06-04 01:00:00,13041.41,16057.423,13032.759
forecast_3698,2025-06-04 02:00:00,12432.874,15858.565,12976.944
forecast_3699,2025-06-04 03:00:00,12602.352,14717.134,12596.003
forecast_3700,2025-06-04 04:00:00,13580.598,13021.792,12895.465
forecast_3701,2025-06-04 05:00:00,14850.596,13197.569,13032.62
forecast_3702,2025-06-04 06:00:00,14670.738,13653.362,13384.782
forecast_3703,2025-06-04 07:00:00,15047.794,14039.339,13308.934
forecast_3704,2025-06-04 08:00:00,14915.77,14541.887,13368.539
forecast_3705,2025-06-04 09:00:00,15487.063,15758.31,14003.48
forecast_3706,2025-06-04 10:00:00,15708.152,16563.227,14661.699
forecast_3707,2025-06-04 11:00:00,16033.672,16950.521,15455.428
forecast_3708,2025-06-04 12:00:00,16584.928,16745.557,15958.453
forecast_3709,2025-06-04 13:00:00,16615.55,16384.273,15753.043
forecast_3710,2025-06-04 14:00:00,16863.102,16142.673,14566.99
forecast_3711,2025-06-04 15:00:00,16569.5,15918.24,13431.348
forecast_3712,2025-06-04 16:00:00,15664.528,15567.916,11542.246
forecast_3713,2025-06-04 17:00:00,15223.116,15290.955,11029.739
forecast_3714,2025-06-04 18:00:00,13619.211,14913.261,11388.006
forecast_3715,2025-06-04 19:00:00,11840.469,13351.422,8157.138
forecast_3716,2025-06-04 20:00:00,11618.49,12598.573,8553.777
forecast_3717,2025-06-04 21:00:00,13989.197,12565.377,11893.723
forecast_3718,2025-06-04 22:00:00,13670.755,11150.355,11917.186
forecast_3719,2025-06-04 23:00:00,11044.1,8943.687,11657.575
forecast_3720,2025-06-05 00:00:00,12055.266,10662.985,12514.327
forecast_3721,2025-06-05 01:00:00,11646.941,11869.777,9976.641
forecast_3722,2025-06-05 02:00:00,7467.2944,8297.544,3265.607
forecast_3723,2025-06-05 03:00:00,8837.294,10079.362,4162.1226
forecast_3724,2025-06-05 04:00:00,12785.994,10841.334,6600.6543
forecast_3725,2025-06-05 05:00:00,16380.594,10022.526,11659.625
forecast_3726,2025-06-05 06:00:00,17853.209,8854.853,9622.2705
forecast_3727,2025-06-05 07:00:00,18150.133,7360.5454,6312.668
forecast_3728,2025-06-05 08:00:00,18098.232,7977.377,8050.0757
forecast_3729,2025-06-05 09:00:00,16124.656,6339.662,9150.761
forecast_3730,2025-06-05 10:00:00,11732.259,4649.0674,8959.681
forecast_3731,2025-06-05 11:00:00,7731.143,3374.1113,7364.753
forecast_3732,2025-06-05 12:00:00,5586.4307,2329.6216,4011.0913
forecast_3733,2025-06-05 13:00:00,5414.9165,3107.4436,4594.4097
forecast_3734,2025-06-05 14:00:00,5343.955,3682.688,4153.3022
forecast_3735,2025-06-05 15:00:00,5426.9985,4664.969,3616.2554
forecast_3736,2025-06-05 16:00:00,5210.469,6401.45,4436.9863
forecast_3737,2025-06-05 17:00:00,7676.163,9974.689,6330.8804
forecast_3738,2025-06-05 18:00:00,9524.592,9495.858,9520.371
forecast_3739,2025-06-05 19:00:00,13686.749,9936.896,13545.882
forecast_3740,2025-06-05 20:00:00,17806.08,12418.649,16935.297
forecast_3741,2025-06-05 21:00:00,20052.795,13854.553,18724.99
forecast_3742,2025-06-05 22:00:00,20590.305,16229.075,18780.768
forecast_3743,2025-06-05 23:00:00,20213.91,17087.441,18673.229
forecast_3744,2025-06-06 00:00:00,19276.352,17207.002,18454.107
forecast_3745,2025-06-06 01:00:00,18380.443,17202.44,17184.9
forecast_3746,2025-06-06 02:00:00,18172.213,16846.316,14309.3125
forecast_3747,2025-06-06 03:00:00,18628.52,17376.48,12413.435
forecast_3748,2025-06-06 04:00:00,18182.541,17531.79,12219.062
forecast_3749,2025-06-06 05:00:00,15573.314,17517.492,13820.742
forecast_3750,2025-06-06 06:00:00,12832.263,17279.703,14104.371
forecast_3751,2025-06-06 07:00:00,12372.016,17194.29,12705.479
forecast_3752,2025-06-06 08:00:00,11515.223,16985.395,10409.21
forecast_3753,2025-06-06 09:00:00,10334.581,15887.728,8144.562
forecast_3754,2025-06-06 10:00:00,9447.827,14304.36,8044.2446
forecast_3755,2025-06-06 11:00:00,7918.4126,12478.902,8495.852
forecast_3756,2025-06-06 12:00:00,7379.4546,10329.844,9687.982
forecast_3757,2025-06-06 13:00:00,8720.592,10513.196,11799.518
forecast_3758,2025-06-06 14:00:00,10594.695,10957.97,12493.644
forecast_3759,2025-06-06 15:00:00,12343.683,11725.876,12919.176
forecast_3760,2025-06-06 16:00:00,14164.968,11574.451,13247.497
forecast_3761,2025-06-06 17:00:00,15778.933,12574.529,13271.262
forecast_3762,2025-06-06 18:00:00,16943.814,14256.426,15383.955
forecast_3763,2025-06-06 19:00:00,17681.377,15745.9375,16905.818
forecast_3764,2025-06-06 20:00:00,18153.387,16690.387,17869.273
forecast_3765,2025-06-06 21:00:00,18224.979,17185.215,16619.4
forecast_3766,2025-06-06 22:00:00,18511.205,17672.725,15268.046
forecast_3767,2025-06-06 23:00:00,18956.654,18165.6,14480.541
forecast_3768,2025-06-07 00:00:00,19290.588,18564.014,14095.31
forecast_3769,2025-06-07 01:00:00,19562.098,18488.95,14585.872
forecast_3770,2025-06-07 02:00:00,19856.826,17950.756,14958.415
forecast_3771,2025-06-07 03:00:00,20144.084,17691.023,15913.1875
forecast_3772,2025-06-07 04:00:00,20172.547,17626.13,17355.33
forecast_3773,2025-06-07 05:00:00,19922.916,17547.635,18286.32
forecast_3774,2025-06-07 06:00:00,19600.041,17651.416,18785.133
forecast_3775,2025-06-07 07:00:00,18120.148,17197.973,17437.035
forecast_3776,2025-06-07 08:00:00,15358.969,17068.225,17459.06
forecast_3777,2025-06-07 09:00:00,9794.502,16099.388,12849.926
forecast_3778,2025-06-07 10:00:00,5848.9404,14382.113,7946.768
forecast_3779,2025-06-07 11:00:00,5577.9023,13694.396,9841.507
forecast_3780,2025-06-07 12:00:00,5718.8857,11632.318,5858.1147
forecast_3781,2025-06-07 13:00:00,4785.2305,8904.74,2833.2305
forecast_3782,2025-06-07 14:00:00,3869.245,5753.086,1937.2495
forecast_3783,2025-06-07 15:00:00,3732.091,4822.547,2651.0742
forecast_3784,2025-06-07 16:00:00,4455.485,4834.587,2859.2673
forecast_3785,2025-06-07 17:00:00,4663.584,3854.2678,2988.244
forecast_3786,2025-06-07 18:00:00,4432.846,3885.6638,4805.3516
forecast_3787,2025-06-07 19:00:00,5380.6655,5421.6743,9587.165
forecast_3788,2025-06-07 20:00:00,11637.805,9152.266,17445.584
forecast_3789,2025-06-07 21:00:00,15777.279,13073.757,19552.184
forecast_3790,2025-06-07 22:00:00,16321.378,15685.603,19317.467
forecast_3791,2025-06-07 23:00:00,16586.799,16306.111,18451.568
forecast_3792,2025-06-08 00:00:00,15723.964,15884.355,16861.256
forecast_3793,2025-06-08 01:00:00,14022.775,13835.801,11853.248
forecast_3794,2025-06-08 02:00:00,12730.603,12042.712,9899.961
forecast_3795,2025-06-08 03:00:00,12536.2705,11754.024,10451.889
forecast_3796,2025-06-08 04:00:00,12638.035,11062.893,11136.512
forecast_3797,2025-06-08 05:00:00,12708.904,9908.851,10507.499
forecast_3798,2025-06-08 06:00:00,11163.714,7812.8467,6543.6885
forecast_3799,2025-06-08 07:00:00,6543.084,4556.2544,3419.6345
forecast_3800,2025-06-08 08:00:00,2311.323,1423.1426,1869.011
forecast_3801,2025-06-08 09:00:00,751.0003,777.36694,638.07825
forecast_3802,2025-06-08 10:00:00,205.3741,685.45544,166.19379
forecast_3803,2025-06-08 11:00:00,47.38402,238.96004,131.62909
forecast_3804,2025-06-08 12:00:00,22.050169,153.72937,148.19879
forecast_3805,2025-06-08 13:00:00,20.42833,205.83398,179.06384
forecast_3806,2025-06-08 14:00:00,11.756777,152.27925,113.77232
forecast_3807,2025-06-08 15:00:00,13.131166,130.5412,64.66181
forecast_3808,2025-06-08 16:00:00,23.354288,96.3309,48.32689
forecast_3809,2025-06-08 17:00:00,80.83216,110.1843,77.224106
forecast_3810,2025-06-08 18:00:00,178.4437,243.96683,166.69371
forecast_3811,2025-06-08 19:00:00,177.79071,440.60336,288.8835
forecast_3812,2025-06-08 20:00:00,181.52263,889.6164,495.55637
forecast_3813,2025-06-08 21:00:00,275.5301,1136.6824,546.105
forecast_3814,2025-06-08 22:00:00,1302.2981,1575.2595,1308.1299
forecast_3815,2025-06-08 23:00:00,6263.898,2376.5544,2708.9238
forecast_3816,2025-06-09 00:00:00,7363.2275,4040.104,3985.971
forecast_3817,2025-06-09 01:00:00,7357.3164,7557.7886,5208.1143
forecast_3818,2025-06-09 02:00:00,6933.7373,8549.143,5891.1865
forecast_3819,2025-06-09 03:00:00,6972.896,9735.45,6240.532
forecast_3820,2025-06-09 04:00:00,7230.7407,9923.85,5780.1685
forecast_3821,2025-06-09 05:00:00,7285.776,10801.61,4853.017
forecast_3822,2025-06-09 06:00:00,6924.5396,10622.6,4355.3105
forecast_3823,2025-06-09 07:00:00,5049.803,5569.2188,3280.274
forecast_3824,2025-06-09 08:00:00,2429.788,1143.504,1817.6627
forecast_3825,2025-06-09 09:00:00,985.07477,399.15228,858.57526
forecast_3826,2025-06-09 10:00:00,380.51086,212.2415,322.08096
forecast_3827,2025-06-09 11:00:00,187.1582,159.15697,218.85634
forecast_3828,2025-06-09 12:00:00,178.29861,173.70549,328.96237
forecast_3829,2025-06-09 13:00:00,247.1276,395.8657,747.2948
forecast_3830,2025-06-09 14:00:00,252.75786,1233.347,619.7131
forecast_3831,2025-06-09 15:00:00,417.5318,1829.5137,971.6486
forecast_3832,2025-06-09 16:00:00,681.7298,1605.9429,1080.9904
forecast_3833,2025-06-09 17:00:00,1394.5557,2739.309,1113.0789
forecast_3834,2025-06-09 18:00:00,1534.9064,4329.797,1053.5836
forecast_3835,2025-06-09 19:00:00,1290.7793,3301.7288,966.082
forecast_3836,2025-06-09 20:00:00,922.7085,2615.5212,876.7426
forecast_3837,2025-06-09 21:00:00,1472.2977,3872.5596,1008.62585
forecast_3838,2025-06-09 22:00:00,2240.975,5691.772,1656.6179
forecast_3839,2025-06-09 23:00:00,3326.0168,8340.316,8667.93
forecast_3840,2025-06-10 00:00:00,4108.1694,8654.464,7434.0244
forecast_3841,2025-06-10 01:00:00,4072.7336,9920.255,5109.1304
forecast_3842,2025-06-10 02:00:00,7983.2607,12885.3,6716.7637
forecast_3843,2025-06-10 03:00:00,9962.762,17032.277,9425.89
forecast_3844,2025-06-10 04:00:00,11766.251,19043.771,13500.835
forecast_3845,2025-06-10 05:00:00,14178.652,19648.213,14377.735
forecast_3846,2025-06-10 06:00:00,16890.19,20116.01,13332.957
forecast_3847,2025-06-10 07:00:00,16098.079,20329.16,12919.549
forecast_3848,2025-06-10 08:00:00,14298.815,19858.123,11383.659
forecast_3849,2025-06-10 09:00:00,11047.152,17286.56,9829.353
forecast_3850,2025-06-10 10:00:00,8776.532,9282.808,11138.991
forecast_3851,2025-06-10 11:00:00,6532.0396,5345.4346,5413.6943
forecast_3852,2025-06-10 12:00:00,4428.7783,5150.031,3048.426
forecast_3853,2025-06-10 13:00:00,3555.6316,6089.827,3586.1558
forecast_3854,2025-06-10 14:00:00,3586.138,8078.292,4405.585
forecast_3855,2025-06-10 15:00:00,5552.557,9592.117,2952.5427
forecast_3856,2025-06-10 16:00:00,6188.027,10629.42,3945.6855
forecast_3857,2025-06-10 17:00:00,4302.827,8223.517,5380.711
forecast_3858,2025-06-10 18:00:00,4281.54,11640.373,8104.6714
forecast_3859,2025-06-10 19:00:00,4683.959,10061.99,14480.707
forecast_3860,2025-06-10 20:00:00,6280.599,11685.315,17423.193
forecast_3861,2025-06-10 21:00:00,9988.262,14391.374,17785.06
forecast_3862,2025-06-10 22:00:00,13407.958,14119.994,16997.926
forecast_3863,2025-06-10 23:00:00,15095.861,14796.383,14493.582
forecast_3864,2025-06-11 00:00:00,14661.927,15591.299,11093.877
forecast_3865,2025-06-11 01:00:00,13892.455,15909.404,9519.071
forecast_3866,2025-06-11 02:00:00,13829.009,16107.625,9556.203
forecast_3867,2025-06-11 03:00:00,13520.019,15940.171,9915.113
forecast_3868,2025-06-11 04:00:00,13586.044,15459.754,10608.488
forecast_3869,2025-06-11 05:00:00,14778.755,14445.485,9207.66
forecast_3870,2025-06-11 06:00:00,15294.394,12110.631,5482.0273
forecast_3871,2025-06-11 07:00:00,15820.497,9929.349,3612.1797
forecast_3872,2025-06-11 08:00:00,14027.339,9366.611,2674.5676
forecast_3873,2025-06-11 09:00:00,7705.83,8026.2876,1722.4252
forecast_3874,2025-06-11 10:00:00,4454.618,7454.9097,1551.9247
forecast_3875,2025-06-11 11:00:00,4087.0789,8509.232,3468.755
forecast_3876,2025-06-11 12:00:00,3926.2825,7530.2163,4293.3345
forecast_3877,2025-06-11 13:00:00,4942.967,6044.7305,3371.1626
forecast_3878,2025-06-11 14:00:00,4952.7134,4824.914,3767.2532
forecast_3879,2025-06-11 15:00:00,5135.043,4380.5044,4563.564
forecast_3880,2025-06-11 16:00:00,4079.5073,3602.043,4393.4424
forecast_3881,2025-06-11 17:00:00,2336.961,2559.9578,2863.4854
forecast_3882,2025-06-11 18:00:00,1645.7073,2124.3027,2703.7915
forecast_3883,2025-06-11 19:00:00,1123.3065,1599.1885,1635.0994
forecast_3884,2025-06-11 20:00:00,733.9554,855.9671,988.8582
forecast_3885,2025-06-11 21:00:00,2510.4407,1134.245,2320.027
forecast_3886,2025-06-11 22:00:00,3640.525,888.22437,1992.7424
forecast_3887,2025-06-11 23:00:00,5004.759,1289.4553,2180.885
forecast_3888,2025-06-12 00:00:00,7559.8237,2844.789,2655.1738
forecast_3889,2025-06-12 01:00:00,7312.936,3666.9988,2729.017
forecast_3890,2025-06-12 02:00:00,4500.895,1758.4883,1820.8651
forecast_3891,2025-06-12 03:00:00,2137.582,979.7763,1851.6592
forecast_3892,2025-06-12 04:00:00,440.55746,253.5438,1276.3912
forecast_3893,2025-06-12 05:00:00,180.18143,108.93168,787.9384
forecast_3894,2025-06-12 06:00:00,151.00894,152.09091,329.90082
forecast_3895,2025-06-12 07:00:00,66.71768,125.71089,104.04638
forecast_3896,2025-06-12 08:00:00,63.669827,270.95853,100.81302
forecast_3897,2025-06-12 09:00:00,67.036095,387.91043,176.41159
forecast_3898,2025-06-12 10:00:00,66.16583,310.6574,207.67435
forecast_3899,2025-06-12 11:00:00,42.39343,244.33919,202.39499
forecast_3900,2025-06-12 12:00:00,36.648064,216.39517,169.41284
forecast_3901,2025-06-12 13:00:00,28.254162,138.26245,126.42737
forecast_3902,2025-06-12 14:00:00,25.583897,78.38578,91.83477
forecast_3903,2025-06-12 15:00:00,24.350134,44.55324,82.23648
forecast_3904,2025-06-12 16:00:00,24.395098,38.881157,72.26241
forecast_3905,2025-06-12 17:00:00,29.029318,37.1995,66.275925
forecast_3906,2025-06-12 18:00:00,39.30207,52.768017,75.15814
forecast_3907,2025-06-12 19:00:00,51.951153,79.713356,76.92962
forecast_3908,2025-06-12 20:00:00,98.23508,214.14043,112.19879
forecast_3909,2025-06-12 21:00:00,274.2385,590.26337,304.26404
forecast_3910,2025-06-12 22:00:00,359.16534,971.8585,838.27826
forecast_3911,2025-06-12 23:00:00,303.80792,2304.853,1542.4386
forecast_3912,2025-06-13 00:00:00,205.40251,3434.1814,1685.5143
forecast_3913,2025-06-13 01:00:00,126.39684,4879.8213,901.9295
forecast_3914,2025-06-13 02:00:00,523.1793,6360.496,1829.5063
forecast_3915,2025-06-13 03:00:00,1043.9271,7547.6807,2220.5205
forecast_3916,2025-06-13 04:00:00,1810.427,8008.325,2211.8735
forecast_3917,2025-06-13 05:00:00,3016.2183,6748.3745,1957.0055
forecast_3918,2025-06-13 06:00:00,3659.9844,5309.701,1832.751
forecast_3919,2025-06-13 07:00:00,1876.8616,3351.7217,1554.3265
forecast_3920,2025-06-13 08:00:00,355.10587,1230.9866,812.22186
forecast_3921,2025-06-13 09:00:00,82.21863,213.86168,341.3892
forecast_3922,2025-06-13 10:00:00,51.686386,116.01638,156.03268
forecast_3923,2025-06-13 11:00:00,50.09044,81.30868,150.37427
forecast_3924,2025-06-13 12:00:00,38.32891,116.26298,252.13417
forecast_3925,2025-06-13 13:00:00,149.8347,168.15868,442.50345
forecast_3926,2025-06-13 14:00:00,236.79431,352.69754,550.4981
forecast_3927,2025-06-13 15:00:00,534.7515,913.1697,821.78253
forecast_3928,2025-06-13 16:00:00,1052.29,1861.9641,965.95984
forecast_3929,2025-06-13 17:00:00,1013.091,2169.1404,766.9752
forecast_3930,2025-06-13 18:00:00,1636.6812,2898.613,1453.2598
forecast_3931,2025-06-13 19:00:00,2390.63,4097.7476,1872.0742
forecast_3932,2025-06-13 20:00:00,3667.4985,4116.752,2790.0403
forecast_3933,2025-06-13 21:00:00,5135.9624,4405.809,3837.9812
forecast_3934,2025-06-13 22:00:00,5099.765,6086.2573,4746.322
forecast_3935,2025-06-13 23:00:00,4567.149,6631.7964,4470.482
forecast_3936,2025-06-14 00:00:00,4973.9854,7392.386,4838.3394
forecast_3937,2025-06-14 01:00:00,3419.4807,6036.4507,4865.3726
forecast_3938,2025-06-14 02:00:00,7559.0557,11252.107,7847.51
forecast_3939,2025-06-14 03:00:00,8075.5337,15994.284,8418.675
forecast_3940,2025-06-14 04:00:00,8661.543,16292.212,9671.914
forecast_3941,2025-06-14 05:00:00,7771.0815,14098.781,10764.485
forecast_3942,2025-06-14 06:00:00,7617.9287,11971.536,11553.046
forecast_3943,2025-06-14 07:00:00,5024.42,11374.976,9909.535
forecast_3944,2025-06-14 08:00:00,2597.2566,5562.8213,1986.099
forecast_3945,2025-06-14 09:00:00,1433.2239,1356.611,295.8951
forecast_3946,2025-06-14 10:00:00,982.70087,453.99387,336.84906
forecast_3947,2025-06-14 11:00:00,2202.1553,1338.6427,938.48785
forecast_3948,2025-06-14 12:00:00,1283.0304,1014.9492,679.8934
forecast_3949,2025-06-14 13:00:00,343.7129,561.0966,1100.5975
forecast_3950,2025-06-14 14:00:00,61.88065,422.6169,912.4783
forecast_3951,2025-06-14 15:00:00,29.743439,431.52234,368.064
forecast_3952,2025-06-14 16:00:00,40.683205,417.24496,221.70648
forecast_3953,2025-06-14 17:00:00,65.655464,355.34756,122.48619
forecast_3954,2025-06-14 18:00:00,106.999275,231.95654,140.048
forecast_3955,2025-06-14 19:00:00,118.45756,151.49034,163.32109
forecast_3956,2025-06-14 20:00:00,130.37741,128.17415,155.73195
forecast_3957,2025-06-14 21:00:00,301.71234,193.2389,132.50499
forecast_3958,2025-06-14 22:00:00,1513.9508,868.36505,207.04465
forecast_3959,2025-06-14 23:00:00,4176.084,1965.7137,299.1606
forecast_3960,2025-06-15 00:00:00,6060.8384,2342.0146,546.7629
forecast_3961,2025-06-15 01:00:00,5393.277,2327.1387,767.11694
forecast_3962,2025-06-15 02:00:00,7166.384,6072.2305,2980.8594
forecast_3963,2025-06-15 03:00:00,7950.4224,6575.955,4140.976
forecast_3964,2025-06-15 04:00:00,8260.73,6204.3003,4537.634
forecast_3965,2025-06-15 05:00:00,8129.847,5620.4287,6310.141
forecast_3966,2025-06-15 06:00:00,7310.5796,4930.8936,7614.059
forecast_3967,2025-06-15 07:00:00,5404.377,3672.3303,6176.625
forecast_3968,2025-06-15 08:00:00,3958.2932,2128.819,4532.926
forecast_3969,2025-06-15 09:00:00,1910.1027,2042.4147,2019.8717
forecast_3970,2025-06-15 10:00:00,700.2163,1948.2638,416.5245
forecast_3971,2025-06-15 11:00:00,269.84778,1345.2805,175.86757
forecast_3972,2025-06-15 12:00:00,210.42859,1088.2716,321.26202
forecast_3973,2025-06-15 13:00:00,302.6338,1340.7128,877.8986
forecast_3974,2025-06-15 14:00:00,480.87668,1614.4968,865.59827
forecast_3975,2025-06-15 15:00:00,861.82635,1757.375,1352.9586
forecast_3976,2025-06-15 16:00:00,1386.7964,2445.1238,2029.7749
forecast_3977,2025-06-15 17:00:00,1612.2494,3019.8337,3243.1475
forecast_3978,2025-06-15 18:00:00,1474.3307,3200.723,2473.8582
forecast_3979,2025-06-15 19:00:00,1443.5951,4800.823,2314.5496
forecast_3980,2025-06-15 20:00:00,1657.0024,6821.8813,2559.0562
forecast_3981,2025-06-15 21:00:00,2054.5657,9189.524,3380.083
forecast_3982,2025-06-15 22:00:00,3011.1055,10352.275,4535.079
forecast_3983,2025-06-15 23:00:00,4237.154,9862.601,5181.299
forecast_3984,2025-06-16 00:00:00,6728.097,8855.326,6397.8843
forecast_3985,2025-06-16 01:00:00,9153.47,12829.457,8541.645
forecast_3986,2025-06-16 02:00:00,12808.437,12976.59,10950.6
forecast_3987,2025-06-16 03:00:00,14816.902,14335.968,13943.179
forecast_3988,2025-06-16 04:00:00,13806.199,16716.693,15300.579
forecast_3989,2025-06-16 05:00:00,13751.405,16132.162,15276.966
forecast_3990,2025-06-16 06:00:00,13492.85,11905.069,14745.025
forecast_3991,2025-06-16 07:00:00,13414.942,11331.926,12982.235
forecast_3992,2025-06-16 08:00:00,12387.948,7743.0596,9229.707
forecast_3993,2025-06-16 09:00:00,12005.794,7000.7314,10390.499
forecast_3994,2025-06-16 10:00:00,12457.621,6033.34,6455.9004
forecast_3995,2025-06-16 11:00:00,12597.533,7686.057,3677.3809
forecast_3996,2025-06-16 12:00:00,11359.312,8862.711,3317.1794
forecast_3997,2025-06-16 13:00:00,9790.122,8754.612,2603.5574
forecast_3998,2025-06-16 14:00:00,10301.78,8587.868,4222.4707
forecast_3999,2025-06-16 15:00:00,9077.172,9318.954,2340.037
forecast_4000,2025-06-16 16:00:00,6641.611,11043.96,3214.1812
forecast_4001,2025-06-16 17:00:00,11976.473,13597.99,6965.9873
forecast_4002,2025-06-16 18:00:00,12976.547,15909.827,11286.97
forecast_4003,2025-06-16 19:00:00,12793.056,16695.344,14846.807
forecast_4004,2025-06-16 20:00:00,12589.96,16028.926,15723.294
forecast_4005,2025-06-16 21:00:00,10584.819,13505.016,12797.512
forecast_4006,2025-06-16 22:00:00,13162.008,11798.985,11263.609
forecast_4007,2025-06-16 23:00:00,15710.295,12920.62,13778.519
forecast_4008,2025-06-17 00:00:00,16431.195,13412.718,15746.961
forecast_4009,2025-06-17 01:00:00,16802.12,14581.095,16211.27
forecast_4010,2025-06-17 02:00:00,17345.32,15333.235,15799.039
forecast_4011,2025-06-17 03:00:00,17888.969,15314.755,15323.495
forecast_4012,2025-06-17 04:00:00,17995.518,15317.314,15408.1875
forecast_4013,2025-06-17 05:00:00,17938.072,15330.394,16314.705
forecast_4014,2025-06-17 06:00:00,17628.28,15258.22,17431.855
forecast_4015,2025-06-17 07:00:00,16696.89,15458.976,18083.332
forecast_4016,2025-06-17 08:00:00,14070.15,15328.3955,15500.4375
forecast_4017,2025-06-17 09:00:00,12844.457,14613.673,11120.969
forecast_4018,2025-06-17 10:00:00,12502.226,13237.109,13472.322
forecast_4019,2025-06-17 11:00:00,11960.171,11623.996,14503.497
forecast_4020,2025-06-17 12:00:00,10703.711,11701.84,13637.8125
forecast_4021,2025-06-17 13:00:00,9626.18,11900.596,12748.092
forecast_4022,2025-06-17 14:00:00,8092.946,11107.192,11999.764
forecast_4023,2025-06-17 15:00:00,5389.672,10741.931,8661.05
forecast_4024,2025-06-17 16:00:00,3819.287,10245.95,4314.4565
forecast_4025,2025-06-17 17:00:00,5057.019,13189.57,6514.826
forecast_4026,2025-06-17 18:00:00,4377.3184,12939.296,8297.641
forecast_4027,2025-06-17 19:00:00,5981.1543,14628.9375,16799.793
forecast_4028,2025-06-17 20:00:00,6171.8506,13915.562,17150.834
forecast_4029,2025-06-17 21:00:00,5644.741,14672.349,14497.681
forecast_4030,2025-06-17 22:00:00,6522.6597,16069.467,10798.281
forecast_4031,2025-06-17 23:00:00,7617.7207,15836.039,8122.007
forecast_4032,2025-06-18 00:00:00,9619.14,15350.197,8584.052
forecast_4033,2025-06-18 01:00:00,11267.06,12292.28,7372.9585
forecast_4034,2025-06-18 02:00:00,11248.132,11910.832,7379.0386
forecast_4035,2025-06-18 03:00:00,12229.645,12777.927,8381.452
forecast_4036,2025-06-18 04:00:00,13081.946,12384.883,8038.5137
forecast_4037,2025-06-18 05:00:00,14210.528,11495.682,5517.5728
forecast_4038,2025-06-18 06:00:00,15456.573,10824.748,3996.584
forecast_4039,2025-06-18 07:00:00,15083.482,9820.796,4329.167
forecast_4040,2025-06-18 08:00:00,14857.408,8692.731,4618.235
forecast_4041,2025-06-18 09:00:00,12352.569,6895.177,4670.2915
forecast_4042,2025-06-18 10:00:00,7884.3315,2917.6018,2945.8625
forecast_4043,2025-06-18 11:00:00,6472.0127,1898.0039,2440.1545
forecast_4044,2025-06-18 12:00:00,6245.238,2495.6748,2649.1902
forecast_4045,2025-06-18 13:00:00,5508.9,2050.942,2750.333
forecast_4046,2025-06-18 14:00:00,5057.0034,1709.7689,2151.5083
forecast_4047,2025-06-18 15:00:00,4568.327,1329.6519,1689.5175
forecast_4048,2025-06-18 16:00:00,3912.677,1583.1453,1948.548
forecast_4049,2025-06-18 17:00:00,4234.9834,2010.7928,2610.1665
forecast_4050,2025-06-18 18:00:00,5406.8755,3269.2974,2763.0808
forecast_4051,2025-06-18 19:00:00,5406.8755,3269.2974,2763.0808
forecast_4052,2025-06-18 20:00:00,5406.8755,3269.2974,2763.0808
forecast_4053,2025-06-18 21:00:00,5406.8755,3269.2974,2763.0808
forecast_4054,2025-06-18 22:00:00,5406.8755,3269.2974,2763.0808
forecast_4055,2025-06-18 23:00:00,5406.8755,3269.2974,2763.0808
forecast_4056,2025-06-19 00:00:00,5406.8755,3269.2974,2763.0808
forecast_4057,2025-06-19 01:00:00,5406.8755,3269.2974,2763.0808
forecast_4058,2025-06-19 02:00:00,5406.8755,3269.2974,2763.0808
forecast_4059,2025-06-19 03:00:00,5406.8755,3269.2974,2763.0808
forecast_4060,2025-06-19 04:00:00,5406.8755,3269.2974,2763.0808
forecast_4061,2025-06-19 05:00:00,5406.8755,3269.2974,2763.0808
forecast_4062,2025-06-19 06:00:00,5406.8755,3269.2974,2763.0808
forecast_4063,2025-06-19 07:00:00,5406.8755,3269.2974,2763.0808
forecast_4064,2025-06-19 08:00:00,5406.8755,3269.2974,2763.0808
forecast_4065,2025-06-19 09:00:00,5406.8755,3269.2974,2763.0808
forecast_4066,2025-06-19 10:00:00,5406.8755,3269.2974,2763.0808
forecast_4067,2025-06-19 11:00:00,5406.8755,3269.2974,2763.0808
forecast_4068,2025-06-19 12:00:00,5406.8755,3269.2974,2763.0808
forecast_4069,2025-06-19 13:00:00,5406.8755,3269.2974,2763.0808
forecast_4070,2025-06-19 14:00:00,5406.8755,3269.2974,2763.0808
forecast_4071,2025-06-19 15:00:00,5406.8755,3269.2974,2763.0808
forecast_4072,2025-06-19 16:00:00,5406.8755,3269.2974,2763.0808
forecast_4073,2025-06-19 17:00:00,5406.8755,3269.2974,2763.0808
forecast_4074,2025-06-19 18:00:00,5406.8755,3269.2974,2763.0808
forecast_4075,2025-06-19 19:00:00,804.9764,818.98425,3862.7742
forecast_4076,2025-06-19 20:00:00,853.7901,1728.9141,3459.2837
forecast_4077,2025-06-19 21:00:00,1011.8704,2579.943,3367.0664
forecast_4078,2025-06-19 22:00:00,1426.0422,3150.051,3083.4443
forecast_4079,2025-06-19 23:00:00,1962.2092,4094.358,2495.6758
forecast_4080,2025-06-20 00:00:00,2413.011,4746.315,2221.2034
forecast_4081,2025-06-20 01:00:00,3019.0796,5748.694,2801.6309
forecast_4082,2025-06-20 02:00:00,4728.055,7637.586,6102.185
forecast_4083,2025-06-20 03:00:00,5986.427,8814.402,8076.352
forecast_4084,2025-06-20 04:00:00,7203.3843,12537.217,9412.449
forecast_4085,2025-06-20 05:00:00,8730.417,15733.445,9856.579
forecast_4086,2025-06-20 06:00:00,10702.02,15426.496,9529.543
forecast_4087,2025-06-20 07:00:00,11117.533,13833.848,8325.151
forecast_4088,2025-06-20 08:00:00,9106.316,13249.347,6128.0503
forecast_4089,2025-06-20 09:00:00,7118.0425,12045.193,4083.9856
forecast_4090,2025-06-20 10:00:00,5955.7373,13425.354,4075.4993
forecast_4091,2025-06-20 11:00:00,4653.829,11499.713,5951.8623
forecast_4092,2025-06-20 12:00:00,4374.761,9390.714,10555.14
forecast_4093,2025-06-20 13:00:00,5727.857,9807.486,12690.158
forecast_4094,2025-06-20 14:00:00,8742.028,11349.731,13679.979
forecast_4095,2025-06-20 15:00:00,12179.105,12273.349,13844.99
forecast_4096,2025-06-20 16:00:00,14737.357,13739.524,14522.015
forecast_4097,2025-06-20 17:00:00,17067.777,14677.141,17351.672
forecast_4098,2025-06-20 18:00:00,18940.992,16278.371,19419.104
forecast_4099,2025-06-20 19:00:00,19076.879,16693.32,19806.959
forecast_4100,2025-06-20 20:00:00,19528.576,16909.182,19515.006
forecast_4101,2025-06-20 21:00:00,19438.826,16877.396,18638.104
forecast_4102,2025-06-20 22:00:00,18836.076,16981.115,17347.592
forecast_4103,2025-06-20 23:00:00,18564.578,16978.166,16231.17
forecast_4104,2025-06-21 00:00:00,18611.879,16859.666,15057.075
forecast_4105,2025-06-21 01:00:00,18471.338,16746.193,14055.537
forecast_4106,2025-06-21 02:00:00,17255.385,16387.13,13643.659
forecast_4107,2025-06-21 03:00:00,16512.512,15915.415,13149.224
forecast_4108,2025-06-21 04:00:00,15611.995,15557.533,12233.093
forecast_4109,2025-06-21 05:00:00,14869.928,15791.956,11719.057
forecast_4110,2025-06-21 06:00:00,13828.309,15228.6,11957.036
forecast_4111,2025-06-21 07:00:00,13569.053,15481.316,14467.373
forecast_4112,2025-06-21 08:00:00,13488.536,13389.746,15744.309
forecast_4113,2025-06-21 09:00:00,13111.965,13500.885,16523.96
forecast_4114,2025-06-21 10:00:00,11484.563,12274.993,17362.781
forecast_4115,2025-06-21 11:00:00,9804.639,13743.751,17827.75
forecast_4116,2025-06-21 12:00:00,7215.781,14311.733,17036.508
forecast_4117,2025-06-21 13:00:00,5209.1104,13086.396,15786.845
forecast_4118,2025-06-21 14:00:00,4373.5923,14568.805,14393.02
forecast_4119,2025-06-21 15:00:00,3056.3406,12915.449,10149.0205
forecast_4120,2025-06-21 16:00:00,3418.6804,15307.794,12234.467
forecast_4121,2025-06-21 17:00:00,3788.8857,16354.914,11840.638
forecast_4122,2025-06-21 18:00:00,4817.0977,15863.205,14158.005
forecast_4123,2025-06-21 19:00:00,6208.65,15711.394,15642.36
forecast_4124,2025-06-21 20:00:00,7121.8154,15794.387,15808.937
forecast_4125,2025-06-21 21:00:00,7857.964,14541.256,13535.6
forecast_4126,2025-06-21 22:00:00,9521.14,13341.009,13066.81
forecast_4127,2025-06-21 23:00:00,10614.934,10996.25,14493.549
forecast_4128,2025-06-22 00:00:00,10055.025,9970.21,16631.865
forecast_4129,2025-06-22 01:00:00,8934.332,12966.194,18642.07
forecast_4130,2025-06-22 02:00:00,7897.4595,12841.078,18810.873
forecast_4131,2025-06-22 03:00:00,7402.997,12182.354,16291.681
forecast_4132,2025-06-22 04:00:00,5944.191,11751.996,10723.002
forecast_4133,2025-06-22 05:00:00,6106.7983,11005.325,8086.5425
forecast_4134,2025-06-22 06:00:00,5742.986,9877.333,7344.2656
forecast_4135,2025-06-22 07:00:00,4206.7485,8612.152,5044.162
forecast_4136,2025-06-22 08:00:00,2819.571,7269.803,2466.4932
forecast_4137,2025-06-22 09:00:00,2308.4497,5127.519,1909.4651
forecast_4138,2025-06-22 10:00:00,2347.0808,4086.0024,2005.0768
forecast_4139,2025-06-22 11:00:00,1778.1187,4276.968,2803.313
forecast_4140,2025-06-22 12:00:00,1642.4171,4177.185,3038.8816
forecast_4141,2025-06-22 13:00:00,1769.0392,3147.4434,2219.2104
forecast_4142,2025-06-22 14:00:00,2736.0881,1956.4625,2272.4104
forecast_4143,2025-06-22 15:00:00,1952.469,1696.9326,1612.1375
forecast_4144,2025-06-22 16:00:00,1879.4333,1434.3293,1056.3177
forecast_4145,2025-06-22 17:00:00,2579.142,1244.9738,1847.367
forecast_4146,2025-06-22 18:00:00,2616.9827,880.86255,2141.8955
forecast_4147,2025-06-22 19:00:00,4049.597,988.4349,3548.2034
forecast_4148,2025-06-22 20:00:00,5761.433,1540.7313,4363.47
forecast_4149,2025-06-22 21:00:00,8257.037,2765.5422,6996.6807
forecast_4150,2025-06-22 22:00:00,6358.399,2552.2878,7959.27
forecast_4151,2025-06-22 23:00:00,6751.4536,3255.5508,8158.4883
forecast_4152,2025-06-23 00:00:00,5977.885,3791.4978,7863.354
forecast_4153,2025-06-23 01:00:00,3692.0273,5277.9653,6036.6426
forecast_4154,2025-06-23 02:00:00,1924.4348,2658.5247,4862.859
forecast_4155,2025-06-23 03:00:00,1511.6609,1157.5566,5224.0312
forecast_4156,2025-06-23 04:00:00,1039.5895,597.33765,5246.5244
forecast_4157,2025-06-23 05:00:00,720.8703,542.38007,4289.3657
forecast_4158,2025-06-23 06:00:00,559.0887,485.2795,3383.7546
forecast_4159,2025-06-23 07:00:00,260.27933,186.49124,1821.099
forecast_4160,2025-06-23 08:00:00,165.10994,47.241455,496.5634
forecast_4161,2025-06-23 09:00:00,748.67395,36.290974,207.12386
forecast_4162,2025-06-23 10:00:00,558.7207,57.197422,175.42058
forecast_4163,2025-06-23 11:00:00,240.3335,81.22698,134.49954
forecast_4164,2025-06-23 12:00:00,101.205055,132.15164,118.93531
forecast_4165,2025-06-23 13:00:00,76.493904,229.13622,136.67577
forecast_4166,2025-06-23 14:00:00,60.306206,396.13422,226.39485
forecast_4167,2025-06-23 15:00:00,52.181267,536.246,361.7069
forecast_4168,2025-06-23 16:00:00,78.26907,615.1935,340.6182
forecast_4169,2025-06-23 17:00:00,88.22572,903.9941,277.1798
forecast_4170,2025-06-23 18:00:00,92.83556,699.14777,194.48022
forecast_4171,2025-06-23 19:00:00,90.962715,521.70575,125.503265
forecast_4172,2025-06-23 20:00:00,91.798515,141.17213,57.23351
forecast_4173,2025-06-23 21:00:00,152.80917,116.51558,36.71895
forecast_4174,2025-06-23 22:00:00,290.52853,115.44235,33.880383
forecast_4175,2025-06-23 23:00:00,464.78668,76.05584,26.696823
forecast_4176,2025-06-24 00:00:00,625.6943,60.58431,28.934563
forecast_4177,2025-06-24 01:00:00,748.81226,150.99551,58.045876
forecast_4178,2025-06-24 02:00:00,442.30527,149.30994,128.90648
forecast_4179,2025-06-24 03:00:00,269.41406,224.21336,153.01672
forecast_4180,2025-06-24 04:00:00,340.49173,502.9541,189.74829
forecast_4181,2025-06-24 05:00:00,503.16907,1270.9513,100.52138
forecast_4182,2025-06-24 06:00:00,707.20215,1927.31,129.68193
forecast_4183,2025-06-24 07:00:00,1390.0447,1277.5431,147.25356
forecast_4184,2025-06-24 08:00:00,1551.2855,839.1054,175.02948
forecast_4185,2025-06-24 09:00:00,1456.1704,865.12274,267.20352
forecast_4186,2025-06-24 10:00:00,1323.943,801.0285,339.94263
forecast_4187,2025-06-24 11:00:00,1484.1138,608.0636,353.714
forecast_4188,2025-06-24 12:00:00,1270.918,532.81366,301.7792
forecast_4189,2025-06-24 13:00:00,1400.8495,698.767,229.28668
forecast_4190,2025-06-24 14:00:00,1628.5359,829.52094,270.0088
forecast_4191,2025-06-24 15:00:00,2423.5225,1121.1066,278.34286
forecast_4192,2025-06-24 16:00:00,3152.8706,1823.4486,288.60272
forecast_4193,2025-06-24 17:00:00,3005.0598,2212.1238,323.72934
forecast_4194,2025-06-24 18:00:00,3524.1787,3091.1414,386.9829
forecast_4195,2025-06-24 19:00:00,3012.3096,2775.5166,290.94516
forecast_4196,2025-06-24 20:00:00,6014.301,3240.2754,314.28668
forecast_4197,2025-06-24 21:00:00,8771.491,4543.273,409.091
forecast_4198,2025-06-24 22:00:00,11352.165,5808.9277,695.62006
forecast_4199,2025-06-24 23:00:00,13140.994,6291.844,999.3607
forecast_4200,2025-06-25 00:00:00,13626.368,6449.96,1637.3584
forecast_4201,2025-06-25 01:00:00,13713.626,6303.989,2606.5105
forecast_4202,2025-06-25 02:00:00,13632.194,4762.856,2307.1033
forecast_4203,2025-06-25 03:00:00,8376.477,4543.206,2076.6533
forecast_4204,2025-06-25 04:00:00,3249.7961,4680.8013,1352.9236
forecast_4205,2025-06-25 05:00:00,1773.7101,4232.711,910.7662
forecast_4206,2025-06-25 06:00:00,1433.8383,3912.5679,559.93646
forecast_4207,2025-06-25 07:00:00,831.9687,3610.0225,431.27478
forecast_4208,2025-06-25 08:00:00,639.31506,2612.8762,310.80093
forecast_4209,2025-06-25 09:00:00,805.36786,1810.8319,199.13536
forecast_4210,2025-06-25 10:00:00,1271.2083,1727.6139,219.05078
forecast_4211,2025-06-25 11:00:00,917.2877,555.3278,128.39433
forecast_4212,2025-06-25 12:00:00,625.53015,250.63103,67.76489
forecast_4213,2025-06-25 13:00:00,544.91437,201.19186,62.04919
forecast_4214,2025-06-25 14:00:00,581.4903,246.63461,64.54729
forecast_4215,2025-06-25 15:00:00,520.761,225.29779,63.656124
forecast_4216,2025-06-25 16:00:00,364.92563,186.25302,47.29424
forecast_4217,2025-06-25 17:00:00,232.69408,210.25835,53.098732
forecast_4218,2025-06-25 18:00:00,386.34262,469.98398,232.97345
forecast_4219,2025-06-25 19:00:00,813.1441,1155.3479,1183.609
forecast_4220,2025-06-25 20:00:00,1725.3054,1485.3882,1524.5529
forecast_4221,2025-06-25 21:00:00,2644.5652,1404.5627,1568.7493
forecast_4222,2025-06-25 22:00:00,4390.481,1574.4451,2671.691
forecast_4223,2025-06-25 23:00:00,5012.3164,2056.544,3199.9666
forecast_4224,2025-06-26 00:00:00,4710.4863,2887.9595,3925.9697
forecast_4225,2025-06-26 01:00:00,4737.89,3481.1865,5564.828
forecast_4226,2025-06-26 02:00:00,5907.8354,5375.881,8659.327
forecast_4227,2025-06-26 03:00:00,6405.758,7367.8066,11962.168
forecast_4228,2025-06-26 04:00:00,8315.424,9086.045,13299.792
forecast_4229,2025-06-26 05:00:00,10221.256,9783.901,12749.364
forecast_4230,2025-06-26 06:00:00,10486.848,11230.57,12049.681
forecast_4231,2025-06-26 07:00:00,10966.732,12767.422,12010.648
forecast_4232,2025-06-26 08:00:00,10106.073,14146.1455,11964.696
forecast_4233,2025-06-26 09:00:00,10073.136,15177.071,11889.853
forecast_4234,2025-06-26 10:00:00,10064.196,15957.799,11928.267
forecast_4235,2025-06-26 11:00:00,9595.417,15834.672,10096.68
forecast_4236,2025-06-26 12:00:00,7846.2163,13908.604,6680.7983
forecast_4237,2025-06-26 13:00:00,6442.1577,10722.983,6349.8965
forecast_4238,2025-06-26 14:00:00,4003.752,7095.133,4808.8027
forecast_4239,2025-06-26 15:00:00,1783.508,5216.9463,3199.7341
forecast_4240,2025-06-26 16:00:00,5748.116,5820.1313,3007.5364
forecast_4241,2025-06-26 17:00:00,6290.97,6235.816,3399.5513
forecast_4242,2025-06-26 18:00:00,5827.366,6852.147,3440.222
forecast_4243,2025-06-26 19:00:00,5638.849,5821.6445,3669.3967
forecast_4244,2025-06-26 20:00:00,6083.0713,2951.8682,3242.295
forecast_4245,2025-06-26 21:00:00,5980.6416,3836.2612,4619.531
forecast_4246,2025-06-26 22:00:00,4716.0044,4819.6084,6299.286
forecast_4247,2025-06-26 23:00:00,3000.5374,4729.64,5416.9526
forecast_4248,2025-06-27 00:00:00,1869.0591,4236.11,4913.8384
forecast_4249,2025-06-27 01:00:00,3252.6997,6774.074,5094.6973
forecast_4250,2025-06-27 02:00:00,1700.9395,6652.7466,4268.9854
forecast_4251,2025-06-27 03:00:00,547.1126,6794.7275,4330.0903
forecast_4252,2025-06-27 04:00:00,522.50037,4686.826,3338.1628
forecast_4253,2025-06-27 05:00:00,955.7687,3503.9224,2867.867
forecast_4254,2025-06-27 06:00:00,1371.5118,2033.8389,2188.7874
forecast_4255,2025-06-27 07:00:00,1060.8792,1421.8005,899.7517
forecast_4256,2025-06-27 08:00:00,481.51114,821.1031,553.0907
forecast_4257,2025-06-27 09:00:00,174.97365,242.97461,438.25824
forecast_4258,2025-06-27 10:00:00,193.73064,120.889496,392.53067
forecast_4259,2025-06-27 11:00:00,144.46373,112.31454,363.55472
forecast_4260,2025-06-27 12:00:00,62.005608,81.72138,164.42209
forecast_4261,2025-06-27 13:00:00,45.32308,102.09996,111.0039
forecast_4262,2025-06-27 14:00:00,118.66265,141.0399,141.76767
forecast_4263,2025-06-27 15:00:00,460.0154,530.28406,345.5073
forecast_4264,2025-06-27 16:00:00,219.9628,322.60663,187.62459
forecast_4265,2025-06-27 17:00:00,49.8589,228.53314,98.89121
forecast_4266,2025-06-27 18:00:00,104.06928,272.12378,63.22163
forecast_4267,2025-06-27 19:00:00,537.3219,446.81677,72.32713
forecast_4268,2025-06-27 20:00:00,1026.1354,427.937,63.503334
forecast_4269,2025-06-27 21:00:00,998.64606,588.374,167.73575
forecast_4270,2025-06-27 22:00:00,2400.5413,1577.6646,570.5384
forecast_4271,2025-06-27 23:00:00,6176.825,3716.27,977.9911
forecast_4272,2025-06-28 00:00:00,6923.7017,4436.599,1576.9951
forecast_4273,2025-06-28 01:00:00,7640.2925,4724.475,1853.7175
forecast_4274,2025-06-28 02:00:00,7874.6006,6077.9907,1944.8002
forecast_4275,2025-06-28 03:00:00,8906.726,5545.6416,2143.3008
forecast_4276,2025-06-28 04:00:00,10138.258,5152.2754,2767.8748
forecast_4277,2025-06-28 05:00:00,9853.046,6088.0664,3903.5732
forecast_4278,2025-06-28 06:00:00,9358.839,7286.7183,4992.6665
forecast_4279,2025-06-28 07:00:00,9217.943,7613.4985,6582.1304
forecast_4280,2025-06-28 08:00:00,8504.311,8686.269,7956.463
forecast_4281,2025-06-28 09:00:00,8289.928,6469.5327,5979.286
forecast_4282,2025-06-28 10:00:00,8265.43,5789.76,4870.3896
forecast_4283,2025-06-28 11:00:00,6181.8984,4052.296,3988.941
forecast_4284,2025-06-28 12:00:00,3204.7854,2719.0435,2119.5117
forecast_4285,2025-06-28 13:00:00,1272.0117,1531.8137,1025.3091
forecast_4286,2025-06-28 14:00:00,596.62006,1018.0836,684.9775
forecast_4287,2025-06-28 15:00:00,390.67584,1020.5403,462.23935
forecast_4288,2025-06-28 16:00:00,530.93695,971.5602,1841.0464
forecast_4289,2025-06-28 17:00:00,616.24646,1172.0643,1914.9553
forecast_4290,2025-06-28 18:00:00,807.3449,1762.5403,1931.6394
forecast_4291,2025-06-28 19:00:00,1293.2543,2645.377,1705.9436
forecast_4292,2025-06-28 20:00:00,2106.9587,4652.0386,2017.299
forecast_4293,2025-06-28 21:00:00,3851.2834,5710.5605,1920.2494
forecast_4294,2025-06-28 22:00:00,3696.1013,7889.586,2426.598
forecast_4295,2025-06-28 23:00:00,2993.6619,8993.454,2754.036
forecast_4296,2025-06-29 00:00:00,3067.1409,8654.442,3626.3562
forecast_4297,2025-06-29 01:00:00,3228.0498,6993.612,4340.9595
forecast_4298,2025-06-29 02:00:00,4970.012,7668.541,6168.556
forecast_4299,2025-06-29 03:00:00,4542.5103,8639.612,6953.9385
forecast_4300,2025-06-29 04:00:00,6050.3438,7911.329,6428.0566
forecast_4301,2025-06-29 05:00:00,7710.1465,9442.21,7663.153
forecast_4302,2025-06-29 06:00:00,7994.631,12753.721,10076.516
forecast_4303,2025-06-29 07:00:00,7544.8325,12499.312,11089.933
forecast_4304,2025-06-29 08:00:00,7744.775,11100.832,11221.187
forecast_4305,2025-06-29 09:00:00,7863.2197,9505.777,9865.374
forecast_4306,2025-06-29 10:00:00,6942.402,7983.1147,6169.239
forecast_4307,2025-06-29 11:00:00,3682.0078,5593.611,4923.3423
forecast_4308,2025-06-29 12:00:00,2159.3955,5352.446,4324.3594
forecast_4309,2025-06-29 13:00:00,2235.414,4979.938,3003.2683
forecast_4310,2025-06-29 14:00:00,2148.9993,3355.6016,2024.3711
forecast_4311,2025-06-29 15:00:00,1653.2703,2788.192,1779.1127
forecast_4312,2025-06-29 16:00:00,1213.1418,1165.8566,1688.8783
forecast_4313,2025-06-29 17:00:00,1638.5563,1430.5453,2927.73
forecast_4314,2025-06-29 18:00:00,2760.8193,1711.3079,3954.4717
forecast_4315,2025-06-29 19:00:00,4438.402,4846.438,3865.9849
forecast_4316,2025-06-29 20:00:00,8396.555,10157.711,3949.3557
forecast_4317,2025-06-29 21:00:00,12036.608,11863.096,4512.445
forecast_4318,2025-06-29 22:00:00,16302.581,11756.244,5148.7207
forecast_4319,2025-06-29 23:00:00,17586.074,11346.635,5904.8735
forecast_4320,2025-06-30 00:00:00,18738.238,11794.398,7809.1455
forecast_4321,2025-06-30 01:00:00,18721.625,9861.08,8720.23
forecast_4322,2025-06-30 02:00:00,15689.471,10025.487,7645.6196
forecast_4323,2025-06-30 03:00:00,14041.325,9639.23,5352.946
forecast_4324,2025-06-30 04:00:00,12244.035,9460.576,5043.7803
forecast_4325,2025-06-30 05:00:00,11545.407,11157.288,5412.0903
forecast_4326,2025-06-30 06:00:00,12550.406,12454.356,5998.47
forecast_4327,2025-06-30 07:00:00,14535.552,12365.821,7734.86
forecast_4328,2025-06-30 08:00:00,13931.422,10980.153,6629.262
forecast_4329,2025-06-30 09:00:00,11460.784,8587.9375,6828.7876
forecast_4330,2025-06-30 10:00:00,7407.9214,6778.683,7151.7056
forecast_4331,2025-06-30 11:00:00,3074.5857,5815.099,5114.4507
forecast_4332,2025-06-30 12:00:00,1294.2784,4210.71,3307.864
forecast_4333,2025-06-30 13:00:00,1492.6326,2603.6248,2558.0942
forecast_4334,2025-06-30 14:00:00,1773.3434,1781.8076,2182.5845
forecast_4335,2025-06-30 15:00:00,1947.5961,1609.1978,3663.158
forecast_4336,2025-06-30 16:00:00,2129.3154,2722.1472,3891.5618
forecast_4337,2025-06-30 17:00:00,4072.386,9083.087,3127.8555
forecast_4338,2025-06-30 18:00:00,5416.069,13110.469,3257.096
forecast_4339,2025-06-30 19:00:00,6885.3647,13563.446,4064.5347
forecast_4340,2025-06-30 20:00:00,9437.231,14449.098,4808.7817
forecast_4341,2025-06-30 21:00:00,10868.761,14884.224,7851.3374
forecast_4342,2025-06-30 22:00:00,11544.005,13907.405,11100.825
forecast_4343,2025-06-30 23:00:00,7924.098,12146.828,11744.067
forecast_4344,2025-07-01 00:00:00,7610.309,11251.131,10290.754
forecast_4345,2025-07-01 01:00:00,8261.628,11033.399,9768.377
forecast_4346,2025-07-01 02:00:00,9394.679,11790.835,9391.002
forecast_4347,2025-07-01 03:00:00,9410.522,11064.312,7804.0264
forecast_4348,2025-07-01 04:00:00,9656.021,10297.839,5842.897
forecast_4349,2025-07-01 05:00:00,10523.552,10142.67,6025.52
forecast_4350,2025-07-01 06:00:00,11441.785,10374.416,7511.913
forecast_4351,2025-07-01 07:00:00,10566.728,11149.576,6688.4507
forecast_4352,2025-07-01 08:00:00,6532.7363,10135.197,4219.043
forecast_4353,2025-07-01 09:00:00,4178.304,8381.533,3778.1711
forecast_4354,2025-07-01 10:00:00,2594.9429,4538.9883,4667.4155
forecast_4355,2025-07-01 11:00:00,2910.4282,2785.253,5874.802
forecast_4356,2025-07-01 12:00:00,3833.455,2915.3833,6839.278
forecast_4357,2025-07-01 13:00:00,3915.1667,3040.917,8869.124
forecast_4358,2025-07-01 14:00:00,3889.123,3594.6184,8654.164
forecast_4359,2025-07-01 15:00:00,4406.3555,3842.2148,5916.805
forecast_4360,2025-07-01 16:00:00,4563.6074,3613.624,3975.3481
forecast_4361,2025-07-01 17:00:00,5232.7075,3272.555,3333.3323
forecast_4362,2025-07-01 18:00:00,4947.192,4163.795,3765.6504
forecast_4363,2025-07-01 19:00:00,6066.7886,5060.657,7410.3535
forecast_4364,2025-07-01 20:00:00,8682.8955,8727.91,12887.113
forecast_4365,2025-07-01 21:00:00,13916.912,9697.679,14881.796
forecast_4366,2025-07-01 22:00:00,15867.651,10966.143,15057.448
forecast_4367,2025-07-01 23:00:00,15037.495,11023.748,14001.997
forecast_4368,2025-07-02 00:00:00,12314.624,11310.641,12326.647
forecast_4369,2025-07-02 01:00:00,13116.571,12683.678,12298.014
forecast_4370,2025-07-02 02:00:00,16126.594,14789.391,13516.12
forecast_4371,2025-07-02 03:00:00,17185.93,15721.208,14744.656
forecast_4372,2025-07-02 04:00:00,15927.78,15957.737,16393.773
forecast_4373,2025-07-02 05:00:00,15418.382,15805.591,16548.715
forecast_4374,2025-07-02 06:00:00,16909.793,15806.964,15611.054
forecast_4375,2025-07-02 07:00:00,17389.719,15960.051,13583.037
forecast_4376,2025-07-02 08:00:00,15502.15,15911.489,12560.951
forecast_4377,2025-07-02 09:00:00,12946.294,15491.449,11718.989
forecast_4378,2025-07-02 10:00:00,10484.979,13667.706,9501.44
forecast_4379,2025-07-02 11:00:00,8010.236,9593.848,6561.742
forecast_4380,2025-07-02 12:00:00,5018.2944,6133.7725,4385.3394
forecast_4381,2025-07-02 13:00:00,5731.78,6541.768,5450.977
forecast_4382,2025-07-02 14:00:00,4004.1125,8791.25,6310.48
forecast_4383,2025-07-02 15:00:00,3830.9978,10036.299,6167.5586
forecast_4384,2025-07-02 16:00:00,3858.4038,10569.624,7067.3003
forecast_4385,2025-07-02 17:00:00,3173.6123,8568.7,6763.822
forecast_4386,2025-07-02 18:00:00,4688.363,7022.577,6200.2183
forecast_4387,2025-07-02 19:00:00,4167.9814,8412.994,4681.2163
forecast_4388,2025-07-02 20:00:00,7135.398,9006.171,4783.4365
forecast_4389,2025-07-02 21:00:00,10407.467,10402.365,6002.416
forecast_4390,2025-07-02 22:00:00,11237.978,12655.408,8263.381
forecast_4391,2025-07-02 23:00:00,12998.931,14102.651,7930.4595
forecast_4392,2025-07-03 00:00:00,13785.47,13798.034,8090.546
forecast_4393,2025-07-03 01:00:00,14486.603,14126.737,7945.1807
forecast_4394,2025-07-03 02:00:00,12486.828,14286.784,6961.231
forecast_4395,2025-07-03 03:00:00,10120.112,13693.163,8576.732
forecast_4396,2025-07-03 04:00:00,10002.708,13334.813,11441.769
forecast_4397,2025-07-03 05:00:00,11111.957,13261.782,12105.954
forecast_4398,2025-07-03 06:00:00,11850.098,13577.655,13770.299
forecast_4399,2025-07-03 07:00:00,10900.542,13339.147,12319.353
forecast_4400,2025-07-03 08:00:00,8885.266,11970.613,9747.8545
forecast_4401,2025-07-03 09:00:00,7154.9365,11273.741,9978.066
forecast_4402,2025-07-03 10:00:00,7323.1123,10117.75,12207.249
forecast_4403,2025-07-03 11:00:00,6478.74,8281.591,8552.013
forecast_4404,2025-07-03 12:00:00,5080.8027,6253.3823,6393.015
forecast_4405,2025-07-03 13:00:00,3519.3186,5509.033,5063.5786
forecast_4406,2025-07-03 14:00:00,3222.8171,5851.132,5961.9126
forecast_4407,2025-07-03 15:00:00,3683.2656,6248.5723,9998.679
forecast_4408,2025-07-03 16:00:00,4528.6616,6754.3896,14204.17
forecast_4409,2025-07-03 17:00:00,4961.917,6406.996,14911.478
forecast_4410,2025-07-03 18:00:00,4716.699,5057.61,12980.907
forecast_4411,2025-07-03 19:00:00,6369.7964,5738.303,11266.087
forecast_4412,2025-07-03 20:00:00,13275.923,11241.529,14216.539
forecast_4413,2025-07-03 21:00:00,15799.009,16441.412,19208.818
forecast_4414,2025-07-03 22:00:00,15371.674,17812.934,18218.248
forecast_4415,2025-07-03 23:00:00,16555.83,16079.674,14725.048
forecast_4416,2025-07-04 00:00:00,15251.947,14247.943,12429.592
forecast_4417,2025-07-04 01:00:00,14031.857,13630.567,12359.642
forecast_4418,2025-07-04 02:00:00,11979.488,12710.405,12027.491
forecast_4419,2025-07-04 03:00:00,13435.788,14601.695,9797.879
forecast_4420,2025-07-04 04:00:00,15315.48,16258.434,11734.846
forecast_4421,2025-07-04 05:00:00,16665.941,16962.918,13133.298
forecast_4422,2025-07-04 06:00:00,15909.578,17535.502,13717.406
forecast_4423,2025-07-04 07:00:00,14739.544,17684.25,13909.304
forecast_4424,2025-07-04 08:00:00,13956.594,17764.89,13065.433
forecast_4425,2025-07-04 09:00:00,13398.651,17828.406,13673.545
forecast_4426,2025-07-04 10:00:00,12900.88,18374.38,13897.292
forecast_4427,2025-07-04 11:00:00,13573.663,18702.0,13448.257
forecast_4428,2025-07-04 12:00:00,13847.604,18616.932,13437.869
forecast_4429,2025-07-04 13:00:00,12666.479,17860.486,13316.706
forecast_4430,2025-07-04 14:00:00,13039.249,16587.219,13414.243
forecast_4431,2025-07-04 15:00:00,12818.157,15617.265,16264.442
forecast_4432,2025-07-04 16:00:00,13527.256,13897.74,16474.324
forecast_4433,2025-07-04 17:00:00,12941.93,13724.573,16742.965
forecast_4434,2025-07-04 18:00:00,13148.907,14985.806,19183.908
forecast_4435,2025-07-04 19:00:00,14287.721,15893.372,19687.807
forecast_4436,2025-07-04 20:00:00,14807.49,15864.606,19991.566
forecast_4437,2025-07-04 21:00:00,15792.267,15143.234,19837.934
forecast_4438,2025-07-04 22:00:00,16177.993,14581.94,19766.11
forecast_4439,2025-07-04 23:00:00,15979.952,14710.799,19232.992
forecast_4440,2025-07-05 00:00:00,14717.136,14937.29,18717.105
forecast_4441,2025-07-05 01:00:00,15573.04,16415.75,16388.426
forecast_4442,2025-07-05 02:00:00,14810.394,16734.15,16227.896
forecast_4443,2025-07-05 03:00:00,15154.68,16199.199,16960.793
forecast_4444,2025-07-05 04:00:00,13838.083,15959.849,17304.43
forecast_4445,2025-07-05 05:00:00,12710.433,15465.16,16656.25
forecast_4446,2025-07-05 06:00:00,11904.877,14374.053,15660.416
forecast_4447,2025-07-05 07:00:00,12025.662,12618.566,14604.9375
forecast_4448,2025-07-05 08:00:00,10893.623,10822.864,13374.689
forecast_4449,2025-07-05 09:00:00,8851.878,8228.901,10973.115
forecast_4450,2025-07-05 10:00:00,8722.737,5898.7847,9485.1
forecast_4451,2025-07-05 11:00:00,10751.267,4338.872,6324.688
forecast_4452,2025-07-05 12:00:00,10054.188,2772.7273,2909.6433
forecast_4453,2025-07-05 13:00:00,9048.099,1786.9219,1813.6952
forecast_4454,2025-07-05 14:00:00,11368.92,3309.3298,6142.3325
forecast_4455,2025-07-05 15:00:00,13205.362,6549.0854,11128.43
forecast_4456,2025-07-05 16:00:00,14292.218,10320.717,10492.365
forecast_4457,2025-07-05 17:00:00,14244.112,12743.0625,11966.544
forecast_4458,2025-07-05 18:00:00,14794.899,14378.868,16122.294
forecast_4459,2025-07-05 19:00:00,15150.192,14607.231,19160.74
forecast_4460,2025-07-05 20:00:00,16983.082,16376.696,19643.23
forecast_4461,2025-07-05 21:00:00,19311.992,17589.799,19447.193
forecast_4462,2025-07-05 22:00:00,19067.562,17546.996,19040.42
forecast_4463,2025-07-05 23:00:00,16944.951,17180.945,17763.807
forecast_4464,2025-07-06 00:00:00,17222.268,16851.281,16120.828
forecast_4465,2025-07-06 01:00:00,18093.268,16266.958,16660.178
forecast_4466,2025-07-06 02:00:00,18227.424,15789.93,17308.682
forecast_4467,2025-07-06 03:00:00,18835.73,15257.651,17511.59
forecast_4468,2025-07-06 04:00:00,18795.75,14826.034,17654.865
forecast_4469,2025-07-06 05:00:00,17833.89,14806.435,18156.564
forecast_4470,2025-07-06 06:00:00,16394.607,14680.931,17046.8
forecast_4471,2025-07-06 07:00:00,15541.264,14726.22,14901.697
forecast_4472,2025-07-06 08:00:00,14327.606,15106.155,11933.497
forecast_4473,2025-07-06 09:00:00,12113.329,15434.441,8870.467
forecast_4474,2025-07-06 10:00:00,9278.791,14560.607,6026.065
forecast_4475,2025-07-06 11:00:00,5942.111,11222.804,4820.8696
forecast_4476,2025-07-06 12:00:00,4180.6704,6144.6763,4090.904
forecast_4477,2025-07-06 13:00:00,3146.4172,4681.0874,3305.826
forecast_4478,2025-07-06 14:00:00,2204.1052,5141.3584,1300.0144
forecast_4479,2025-07-06 15:00:00,2368.829,5254.627,1187.855
forecast_4480,2025-07-06 16:00:00,2125.7385,4203.4873,1963.341
forecast_4481,2025-07-06 17:00:00,2369.545,2891.8367,1680.7866
forecast_4482,2025-07-06 18:00:00,3489.1536,3002.5618,1801.0145
forecast_4483,2025-07-06 19:00:00,6571.199,4783.5405,3465.0935
forecast_4484,2025-07-06 20:00:00,10697.405,6979.9644,5584.714
forecast_4485,2025-07-06 21:00:00,13034.497,9357.144,7854.006
forecast_4486,2025-07-06 22:00:00,14407.286,12207.218,8554.158
forecast_4487,2025-07-06 23:00:00,14724.825,14313.803,11982.666
forecast_4488,2025-07-07 00:00:00,14541.2,13798.08,15336.937
forecast_4489,2025-07-07 01:00:00,13855.015,13331.456,16680.186
forecast_4490,2025-07-07 02:00:00,12094.598,12729.768,10899.591
forecast_4491,2025-07-07 03:00:00,12006.225,13026.064,9004.67
forecast_4492,2025-07-07 04:00:00,13249.294,12591.063,9505.444
forecast_4493,2025-07-07 05:00:00,11887.214,10660.566,7081.322
forecast_4494,2025-07-07 06:00:00,8061.7456,6195.223,3901.2402
forecast_4495,2025-07-07 07:00:00,3950.7307,1679.9562,2247.313
forecast_4496,2025-07-07 08:00:00,1299.0088,402.6813,1190.4734
forecast_4497,2025-07-07 09:00:00,451.9908,213.38553,478.83838
forecast_4498,2025-07-07 10:00:00,122.29007,147.2389,215.1987
forecast_4499,2025-07-07 11:00:00,60.157276,139.0808,360.50876
forecast_4500,2025-07-07 12:00:00,40.048454,147.0725,610.0812
forecast_4501,2025-07-07 13:00:00,32.52465,172.48021,428.7235
forecast_4502,2025-07-07 14:00:00,41.64372,225.08762,286.36575
forecast_4503,2025-07-07 15:00:00,58.18777,200.29155,165.25198
forecast_4504,2025-07-07 16:00:00,91.80448,146.7509,83.07918
forecast_4505,2025-07-07 17:00:00,141.5995,150.82808,69.20251
forecast_4506,2025-07-07 18:00:00,164.14044,307.5976,62.568897
forecast_4507,2025-07-07 19:00:00,199.38484,781.4108,96.1187
forecast_4508,2025-07-07 20:00:00,244.07254,1253.2191,129.37183
forecast_4509,2025-07-07 21:00:00,364.0078,1141.1652,131.09824
forecast_4510,2025-07-07 22:00:00,595.66876,1115.4313,122.27172
forecast_4511,2025-07-07 23:00:00,988.9326,676.5288,88.38257
forecast_4512,2025-07-08 00:00:00,1190.5493,589.1797,59.533203
forecast_4513,2025-07-08 01:00:00,1508.92,646.01544,31.375414
forecast_4514,2025-07-08 02:00:00,1415.0006,349.52573,24.049034
forecast_4515,2025-07-08 03:00:00,913.7422,156.12523,20.224203
forecast_4516,2025-07-08 04:00:00,604.8667,84.57972,22.205564
forecast_4517,2025-07-08 05:00:00,305.93094,56.643078,20.181904
forecast_4518,2025-07-08 06:00:00,151.0816,48.59817,17.444828
forecast_4519,2025-07-08 07:00:00,125.66548,58.610596,25.058855
forecast_4520,2025-07-08 08:00:00,60.86133,58.71473,28.251995
forecast_4521,2025-07-08 09:00:00,49.457996,75.95656,42.234085
forecast_4522,2025-07-08 10:00:00,58.388428,94.45574,61.570488
forecast_4523,2025-07-08 11:00:00,56.88889,77.29273,74.77907
forecast_4524,2025-07-08 12:00:00,64.29582,100.79248,101.604996
forecast_4525,2025-07-08 13:00:00,88.18459,198.22206,136.32494
forecast_4526,2025-07-08 14:00:00,205.7539,279.05597,184.79959
forecast_4527,2025-07-08 15:00:00,249.23796,235.63324,174.94907
forecast_4528,2025-07-08 16:00:00,268.14444,198.15314,143.79755
forecast_4529,2025-07-08 17:00:00,303.10727,171.15353,116.50786
forecast_4530,2025-07-08 18:00:00,323.5663,170.8834,106.09892
forecast_4531,2025-07-08 19:00:00,443.02893,240.28387,91.08691
forecast_4532,2025-07-08 20:00:00,708.4462,280.88647,71.24698
forecast_4533,2025-07-08 21:00:00,979.9634,508.4021,67.7581
forecast_4534,2025-07-08 22:00:00,1001.2643,630.9273,63.893425
forecast_4535,2025-07-08 23:00:00,979.8322,1070.5419,58.18405
forecast_4536,2025-07-09 00:00:00,954.87836,1584.7032,70.78415
forecast_4537,2025-07-09 01:00:00,815.60364,2074.0544,73.06853
forecast_4538,2025-07-09 02:00:00,685.56323,1468.3044,53.750923
forecast_4539,2025-07-09 03:00:00,1053.5874,1704.8872,63.813286
forecast_4540,2025-07-09 04:00:00,1545.3453,2077.5322,101.52451
forecast_4541,2025-07-09 05:00:00,1899.3495,1976.2308,137.83395
forecast_4542,2025-07-09 06:00:00,2368.1262,1518.7035,173.50027
forecast_4543,2025-07-09 07:00:00,2858.8494,1154.0651,185.66437
forecast_4544,2025-07-09 08:00:00,3065.1536,928.5163,184.61232
forecast_4545,2025-07-09 09:00:00,2730.5623,778.07056,165.95998
forecast_4546,2025-07-09 10:00:00,1759.2003,583.6991,180.44562
forecast_4547,2025-07-09 11:00:00,754.9911,286.473,218.28816
forecast_4548,2025-07-09 12:00:00,320.15765,247.62527,278.30817
forecast_4549,2025-07-09 13:00:00,207.61317,273.1597,333.87033
forecast_4550,2025-07-09 14:00:00,186.502,287.31323,365.476
forecast_4551,2025-07-09 15:00:00,232.8457,301.44476,399.04678
forecast_4552,2025-07-09 16:00:00,194.11572,239.73552,324.34534
forecast_4553,2025-07-09 17:00:00,153.80641,290.1625,231.77599
forecast_4554,2025-07-09 18:00:00,164.00684,444.13672,180.32018
forecast_4555,2025-07-09 19:00:00,308.72565,1020.7971,215.33646
forecast_4556,2025-07-09 20:00:00,773.9631,1365.0807,206.26817
forecast_4557,2025-07-09 21:00:00,1886.0398,1481.1536,225.17387
forecast_4558,2025-07-09 22:00:00,2811.7288,1392.9305,367.3574
forecast_4559,2025-07-09 23:00:00,3518.2075,1930.7915,559.9674
forecast_4560,2025-07-10 00:00:00,4229.777,2673.3503,687.75745
forecast_4561,2025-07-10 01:00:00,5002.2026,4442.0703,672.31885
forecast_4562,2025-07-10 02:00:00,5323.9097,4054.572,556.74945
forecast_4563,2025-07-10 03:00:00,4400.524,3896.4822,642.8979
forecast_4564,2025-07-10 04:00:00,4212.014,4066.6526,707.0839
forecast_4565,2025-07-10 05:00:00,4770.419,4794.1323,796.0703
forecast_4566,2025-07-10 06:00:00,6200.286,5437.401,895.87915
forecast_4567,2025-07-10 07:00:00,6414.07,5421.324,1013.1437
forecast_4568,2025-07-10 08:00:00,5000.5044,4724.3584,1136.0906
forecast_4569,2025-07-10 09:00:00,4088.2715,4679.23,1491.5012
forecast_4570,2025-07-10 10:00:00,3570.4282,4359.395,1873.8218
forecast_4571,2025-07-10 11:00:00,2727.479,3541.5315,2151.5063
forecast_4572,2025-07-10 12:00:00,2243.5076,3342.2937,2407.3313
forecast_4573,2025-07-10 13:00:00,1803.5121,3307.3179,2400.395
forecast_4574,2025-07-10 14:00:00,1216.503,3302.1387,2258.5527
forecast_4575,2025-07-10 15:00:00,823.905,2829.3296,1944.3097
forecast_4576,2025-07-10 16:00:00,616.3758,2671.5728,1714.1377
forecast_4577,2025-07-10 17:00:00,590.76587,3212.5718,1539.0327
forecast_4578,2025-07-10 18:00:00,758.6235,4116.231,1458.456
forecast_4579,2025-07-10 19:00:00,2037.5067,5586.238,1525.733
forecast_4580,2025-07-10 20:00:00,4604.771,8708.15,1534.6505
forecast_4581,2025-07-10 21:00:00,5420.558,11738.059,1608.6105
forecast_4582,2025-07-10 22:00:00,6140.6997,11853.47,1790.2717
forecast_4583,2025-07-10 23:00:00,7780.1826,11710.922,2361.7158
forecast_4584,2025-07-11 00:00:00,8197.173,10257.864,2572.007
forecast_4585,2025-07-11 01:00:00,8009.1235,9270.893,2980.6204
forecast_4586,2025-07-11 02:00:00,7920.286,6708.9634,2980.9165
forecast_4587,2025-07-11 03:00:00,8441.958,7591.3984,3528.8362
forecast_4588,2025-07-11 04:00:00,8745.402,8323.176,4264.476
forecast_4589,2025-07-11 05:00:00,8779.209,8807.848,5149.2495
forecast_4590,2025-07-11 06:00:00,8490.406,9275.857,5819.9624
forecast_4591,2025-07-11 07:00:00,7762.155,8850.248,5782.7173
forecast_4592,2025-07-11 08:00:00,7302.6533,8179.6274,5388.843
forecast_4593,2025-07-11 09:00:00,7066.6045,7652.6206,5432.652
forecast_4594,2025-07-11 10:00:00,6411.4634,6335.2017,4883.7163
forecast_4595,2025-07-11 11:00:00,4652.09,4073.4365,3781.148
forecast_4596,2025-07-11 12:00:00,3310.293,3004.8542,3230.868
forecast_4597,2025-07-11 13:00:00,2783.0823,3412.3489,2772.0964
forecast_4598,2025-07-11 14:00:00,2153.868,4000.6006,2264.6025
forecast_4599,2025-07-11 15:00:00,1632.4696,4147.9404,1772.2468
forecast_4600,2025-07-11 16:00:00,995.98566,3550.5366,1318.1603
forecast_4601,2025-07-11 17:00:00,635.4102,3687.212,1020.32056
forecast_4602,2025-07-11 18:00:00,797.7174,5508.2524,975.1965
forecast_4603,2025-07-11 19:00:00,2305.764,7237.0894,1001.1995
forecast_4604,2025-07-11 20:00:00,3643.9219,9312.939,1154.0455
forecast_4605,2025-07-11 21:00:00,4553.829,10300.386,1549.365
forecast_4606,2025-07-11 22:00:00,5572.4976,10358.088,2081.2651
forecast_4607,2025-07-11 23:00:00,7041.8833,9472.454,2615.0896
forecast_4608,2025-07-12 00:00:00,8090.2744,7647.3613,3012.729
forecast_4609,2025-07-12 01:00:00,8294.117,6821.3223,3397.9922
forecast_4610,2025-07-12 02:00:00,7256.8184,3870.1646,3241.9333
forecast_4611,2025-07-12 03:00:00,6649.24,3405.2993,3240.592
forecast_4612,2025-07-12 04:00:00,5876.997,4721.232,3021.9653
forecast_4613,2025-07-12 05:00:00,5496.663,5241.428,2739.6592
forecast_4614,2025-07-12 06:00:00,5101.5244,4449.1953,1908.8932
forecast_4615,2025-07-12 07:00:00,4523.1006,3177.581,908.82794
forecast_4616,2025-07-12 08:00:00,3490.5042,2057.7498,338.86456
forecast_4617,2025-07-12 09:00:00,2055.9792,1439.0696,161.65273
forecast_4618,2025-07-12 10:00:00,987.5254,1007.2372,134.39764
forecast_4619,2025-07-12 11:00:00,253.92317,496.7673,145.25858
forecast_4620,2025-07-12 12:00:00,87.4381,294.16647,146.24918
forecast_4621,2025-07-12 13:00:00,46.553417,190.37933,144.9502
forecast_4622,2025-07-12 14:00:00,55.443764,195.594,136.86642
forecast_4623,2025-07-12 15:00:00,80.75283,303.3268,149.09372
forecast_4624,2025-07-12 16:00:00,81.95219,306.1896,134.31781
forecast_4625,2025-07-12 17:00:00,81.8183,282.82562,109.87924
forecast_4626,2025-07-12 18:00:00,75.91294,161.99226,71.81027
forecast_4627,2025-07-12 19:00:00,113.28288,90.18997,49.611935
forecast_4628,2025-07-12 20:00:00,232.76236,121.506,66.352455
forecast_4629,2025-07-12 21:00:00,372.86798,304.48438,283.41406
forecast_4630,2025-07-12 22:00:00,587.06287,901.2857,983.3221
forecast_4631,2025-07-12 23:00:00,632.31287,1547.9202,1630.7726
forecast_4632,2025-07-13 00:00:00,1199.9286,2678.1758,1958.901
forecast_4633,2025-07-13 01:00:00,1641.0288,3817.7632,2177.666
forecast_4634,2025-07-13 02:00:00,1588.0006,3946.6282,2871.4624
forecast_4635,2025-07-13 03:00:00,1460.1058,2984.502,3364.6228
forecast_4636,2025-07-13 04:00:00,1976.2854,1570.4108,3415.264
forecast_4637,2025-07-13 05:00:00,1421.4595,689.35046,2813.9578
forecast_4638,2025-07-13 06:00:00,1502.7433,350.5341,1803.3918
forecast_4639,2025-07-13 07:00:00,838.78516,138.98962,771.3738
forecast_4640,2025-07-13 08:00:00,224.72733,62.363365,285.6775
forecast_4641,2025-07-13 09:00:00,74.033905,35.96628,91.83611
forecast_4642,2025-07-13 10:00:00,43.32153,34.288406,52.230885
forecast_4643,2025-07-13 11:00:00,34.366325,54.32443,73.500824
forecast_4644,2025-07-13 12:00:00,70.537,218.28189,124.63703
forecast_4645,2025-07-13 13:00:00,154.28139,339.68173,101.10326
forecast_4646,2025-07-13 14:00:00,431.02457,408.93704,213.21333
forecast_4647,2025-07-13 15:00:00,558.2954,655.0862,258.9783
forecast_4648,2025-07-13 16:00:00,617.50146,752.82697,129.90324
forecast_4649,2025-07-13 17:00:00,1168.0042,1191.3899,373.31894
forecast_4650,2025-07-13 18:00:00,2278.372,2067.3403,414.9857
forecast_4651,2025-07-13 19:00:00,2953.05,2767.285,693.29126
forecast_4652,2025-07-13 20:00:00,2802.347,3592.2917,797.2714
forecast_4653,2025-07-13 21:00:00,2499.2866,4182.027,760.762
forecast_4654,2025-07-13 22:00:00,1871.582,6366.358,498.45676
forecast_4655,2025-07-13 23:00:00,1595.0563,9671.92,1520.3715
forecast_4656,2025-07-14 00:00:00,1654.0286,11102.859,3456.8289
forecast_4657,2025-07-14 01:00:00,1689.8121,10329.114,4711.4307
forecast_4658,2025-07-14 02:00:00,2232.105,7962.3887,2771.2202
forecast_4659,2025-07-14 03:00:00,2668.886,5971.137,1167.7352
forecast_4660,2025-07-14 04:00:00,4105.9346,8364.24,2240.1445
forecast_4661,2025-07-14 05:00:00,4378.702,7555.416,1526.5908
forecast_4662,2025-07-14 06:00:00,4764.5127,6253.0566,1597.8873
forecast_4663,2025-07-14 07:00:00,4952.872,5480.474,2571.1445
forecast_4664,2025-07-14 08:00:00,5883.343,6221.5312,3308.8167
forecast_4665,2025-07-14 09:00:00,5827.9653,6864.295,3780.2761
forecast_4666,2025-07-14 10:00:00,5668.0327,7870.058,4185.9883
forecast_4667,2025-07-14 11:00:00,3786.9932,8914.288,3544.2854
forecast_4668,2025-07-14 12:00:00,2749.1018,9344.243,3017.0571
forecast_4669,2025-07-14 13:00:00,2381.4758,8965.931,2374.3013
forecast_4670,2025-07-14 14:00:00,2399.075,8133.2305,2740.6384
forecast_4671,2025-07-14 15:00:00,2479.0474,6337.297,1782.7086
forecast_4672,2025-07-14 16:00:00,3062.0122,6078.47,2018.2496
forecast_4673,2025-07-14 17:00:00,4021.8728,6641.145,2416.7522
forecast_4674,2025-07-14 18:00:00,3816.0305,5731.0825,2096.0186
forecast_4675,2025-07-14 19:00:00,3438.9731,5104.5283,2179.0442
forecast_4676,2025-07-14 20:00:00,3341.4153,5258.6646,2257.453
forecast_4677,2025-07-14 21:00:00,3066.0203,5599.6196,2717.9807
forecast_4678,2025-07-14 22:00:00,2635.7854,5519.782,2738.6562
forecast_4679,2025-07-14 23:00:00,2976.2915,6300.1064,3734.7312
forecast_4680,2025-07-15 00:00:00,3846.6145,6805.2036,4270.333
forecast_4681,2025-07-15 01:00:00,4040.2693,9041.934,5314.82
forecast_4682,2025-07-15 02:00:00,6277.8916,14050.241,7405.4575
forecast_4683,2025-07-15 03:00:00,8689.746,14194.41,7745.6025
forecast_4684,2025-07-15 04:00:00,8821.273,12858.931,6056.383
forecast_4685,2025-07-15 05:00:00,8596.273,10386.765,3529.03
forecast_4686,2025-07-15 06:00:00,8543.353,9413.669,5119.032
forecast_4687,2025-07-15 07:00:00,8036.164,5977.2085,6822.886
forecast_4688,2025-07-15 08:00:00,5849.2163,3590.49,5712.505
forecast_4689,2025-07-15 09:00:00,3691.4285,3161.85,5821.849
forecast_4690,2025-07-15 10:00:00,4114.8687,3523.207,9586.83
forecast_4691,2025-07-15 11:00:00,4414.5044,2763.991,7895.1885
forecast_4692,2025-07-15 12:00:00,5198.0947,2528.7292,7461.0444
forecast_4693,2025-07-15 13:00:00,5425.8433,2724.203,7336.062
forecast_4694,2025-07-15 14:00:00,6154.5894,2897.8704,5195.183
forecast_4695,2025-07-15 15:00:00,5882.1763,3193.2263,3650.8164
forecast_4696,2025-07-15 16:00:00,5239.472,4255.587,2968.2922
forecast_4697,2025-07-15 17:00:00,4799.6616,3937.279,1762.0486
forecast_4698,2025-07-15 18:00:00,4753.4976,4118.062,1170.204
forecast_4699,2025-07-15 19:00:00,4319.0205,2786.1262,1375.114
forecast_4700,2025-07-15 20:00:00,3912.2498,2710.2605,1338.8374
forecast_4701,2025-07-15 21:00:00,3620.785,4014.392,1835.1178
forecast_4702,2025-07-15 22:00:00,3946.2031,5573.366,2923.1511
forecast_4703,2025-07-15 23:00:00,4106.7764,5499.9614,3664.9465
forecast_4704,2025-07-16 00:00:00,4124.7476,7628.5103,4170.5513
forecast_4705,2025-07-16 01:00:00,5585.855,10248.939,4618.521
forecast_4706,2025-07-16 02:00:00,10283.823,11660.07,8044.168
forecast_4707,2025-07-16 03:00:00,8863.364,14048.4375,10325.531
forecast_4708,2025-07-16 04:00:00,9566.832,16400.273,12652.193
forecast_4709,2025-07-16 05:00:00,12707.879,16806.725,12945.552
forecast_4710,2025-07-16 06:00:00,14978.29,16006.912,12875.104
forecast_4711,2025-07-16 07:00:00,15263.892,15148.395,11310.5
forecast_4712,2025-07-16 08:00:00,13583.719,13426.043,7942.7344
forecast_4713,2025-07-16 09:00:00,9176.219,10792.327,7570.388
forecast_4714,2025-07-16 10:00:00,5011.0894,8278.463,6895.435
forecast_4715,2025-07-16 11:00:00,3027.3599,5795.8574,6411.419
forecast_4716,2025-07-16 12:00:00,2051.4907,3732.3289,3531.9143
forecast_4717,2025-07-16 13:00:00,2001.7615,3561.758,3081.7727
forecast_4718,2025-07-16 14:00:00,2075.9048,5198.214,5200.4824
forecast_4719,2025-07-16 15:00:00,2339.3262,3708.7944,6930.074
forecast_4720,2025-07-16 16:00:00,1860.3324,1361.4642,5124.053
forecast_4721,2025-07-16 17:00:00,2409.0627,3865.935,4322.196
forecast_4722,2025-07-16 18:00:00,2960.2917,8311.86,3024.4102
forecast_4723,2025-07-16 19:00:00,4834.137,9022.422,2430.7808
forecast_4724,2025-07-16 20:00:00,5431.247,9102.511,2046.4297
forecast_4725,2025-07-16 21:00:00,5073.644,7978.9097,2029.3381
forecast_4726,2025-07-16 22:00:00,6270.14,8017.839,2724.6294
forecast_4727,2025-07-16 23:00:00,8108.9834,8466.835,4393.8047
forecast_4728,2025-07-17 00:00:00,8393.778,9446.797,6324.8545
forecast_4729,2025-07-17 01:00:00,9970.254,11516.1455,8410.003
forecast_4730,2025-07-17 02:00:00,11294.782,13319.695,10824.288
forecast_4731,2025-07-17 03:00:00,11067.99,16033.164,14707.265
forecast_4732,2025-07-17 04:00:00,10495.506,17134.334,14696.435
forecast_4733,2025-07-17 05:00:00,12147.239,15673.231,13412.497
forecast_4734,2025-07-17 06:00:00,11187.274,13067.561,12617.657
forecast_4735,2025-07-17 07:00:00,9314.403,11832.246,14458.691
forecast_4736,2025-07-17 08:00:00,7297.9414,11978.535,15461.13
forecast_4737,2025-07-17 09:00:00,6958.869,11189.502,14674.321
forecast_4738,2025-07-17 10:00:00,7539.641,10539.202,15485.918
forecast_4739,2025-07-17 11:00:00,8330.403,10524.095,16056.395
forecast_4740,2025-07-17 12:00:00,7569.358,10145.162,15263.761
forecast_4741,2025-07-17 13:00:00,7073.3643,10450.3955,11683.007
forecast_4742,2025-07-17 14:00:00,7560.846,11218.389,10287.911
forecast_4743,2025-07-17 15:00:00,7907.3257,11275.436,11585.061
forecast_4744,2025-07-17 16:00:00,7427.51,10831.107,9868.584
forecast_4745,2025-07-17 17:00:00,6561.7437,11256.989,9066.254
forecast_4746,2025-07-17 18:00:00,5234.468,11144.893,9602.426
forecast_4747,2025-07-17 19:00:00,5384.6626,10750.159,8196.16
forecast_4748,2025-07-17 20:00:00,5389.762,10891.644,7503.405
forecast_4749,2025-07-17 21:00:00,5287.461,11835.855,7182.285
forecast_4750,2025-07-17 22:00:00,6881.3745,13992.592,7451.2407
forecast_4751,2025-07-17 23:00:00,5851.779,12032.034,3733.5535
forecast_4752,2025-07-18 00:00:00,6383.9614,12884.706,5545.154
forecast_4753,2025-07-18 01:00:00,6769.2783,11518.853,5215.226
forecast_4754,2025-07-18 02:00:00,10968.58,16227.937,12134.573
forecast_4755,2025-07-18 03:00:00,13166.14,16409.514,16440.111
forecast_4756,2025-07-18 04:00:00,14118.821,15901.492,17327.01
forecast_4757,2025-07-18 05:00:00,12670.364,14846.405,15318.791
forecast_4758,2025-07-18 06:00:00,10617.641,13880.282,9388.162
forecast_4759,2025-07-18 07:00:00,10617.641,13880.282,9388.162
forecast_4760,2025-07-18 08:00:00,10617.641,13880.282,9388.162
forecast_4761,2025-07-18 09:00:00,10617.641,13880.282,9388.162
forecast_4762,2025-07-18 10:00:00,10617.641,13880.282,9388.162
forecast_4763,2025-07-18 11:00:00,10617.641,13880.282,9388.162
forecast_4764,2025-07-18 12:00:00,10617.641,13880.282,9388.162
forecast_4765,2025-07-18 13:00:00,10617.641,13880.282,9388.162
forecast_4766,2025-07-18 14:00:00,10617.641,13880.282,9388.162
forecast_4767,2025-07-18 15:00:00,10617.641,13880.282,9388.162
forecast_4768,2025-07-18 16:00:00,10617.641,13880.282,9388.162
forecast_4769,2025-07-18 17:00:00,10617.641,13880.282,9388.162
forecast_4770,2025-07-18 18:00:00,10617.641,13880.282,9388.162
forecast_4771,2025-07-18 19:00:00,10617.641,13880.282,9388.162
forecast_4772,2025-07-18 20:00:00,10617.641,13880.282,9388.162
forecast_4773,2025-07-18 21:00:00,10617.641,13880.282,9388.162
forecast_4774,2025-07-18 22:00:00,10617.641,13880.282,9388.162
forecast_4775,2025-07-18 23:00:00,10617.641,13880.282,9388.162
forecast_4776,2025-07-19 00:00:00,10617.641,13880.282,9388.162
forecast_4777,2025-07-19 01:00:00,10617.641,13880.282,9388.162
forecast_4778,2025-07-19 02:00:00,10617.641,13880.282,9388.162
forecast_4779,2025-07-19 03:00:00,10617.641,13880.282,9388.162
forecast_4780,2025-07-19 04:00:00,10617.641,13880.282,9388.162
forecast_4781,2025-07-19 05:00:00,10617.641,13880.282,9388.162
forecast_4782,2025-07-19 06:00:00,10617.641,13880.282,9388.162
forecast_4783,2025-07-19 07:00:00,2713.8582,2197.475,2136.4968
forecast_4784,2025-07-19 08:00:00,2761.4436,2472.1885,3842.5159
forecast_4785,2025-07-19 09:00:00,1405.73,3003.4863,8390.464
forecast_4786,2025-07-19 10:00:00,624.1463,2751.988,10205.557
forecast_4787,2025-07-19 11:00:00,886.0995,5101.6504,10832.779
forecast_4788,2025-07-19 12:00:00,2197.3933,8104.123,10079.833
forecast_4789,2025-07-19 13:00:00,2708.3855,10267.332,9322.219
forecast_4790,2025-07-19 14:00:00,3016.8872,11051.224,7520.9087
forecast_4791,2025-07-19 15:00:00,3682.735,12637.905,8564.217
forecast_4792,2025-07-19 16:00:00,4692.8506,12995.081,9792.318
forecast_4793,2025-07-19 17:00:00,5352.409,13808.252,10171.968
forecast_4794,2025-07-19 18:00:00,5950.431,15017.776,9087.126
forecast_4795,2025-07-19 19:00:00,5949.42,15150.464,6326.733
forecast_4796,2025-07-19 20:00:00,6681.6924,15378.4,4211.9385
forecast_4797,2025-07-19 21:00:00,8518.4375,15301.355,4651.024
forecast_4798,2025-07-19 22:00:00,9083.929,13535.762,5445.9365
forecast_4799,2025-07-19 23:00:00,8296.601,12973.707,7052.583
forecast_4800,2025-07-20 00:00:00,3874.0012,11001.732,5336.8687
forecast_4801,2025-07-20 01:00:00,4782.758,8347.962,3647.2085
forecast_4802,2025-07-20 02:00:00,8652.682,11111.488,9031.098
forecast_4803,2025-07-20 03:00:00,10959.658,14713.437,17337.24
forecast_4804,2025-07-20 04:00:00,9993.418,16513.963,17410.277
forecast_4805,2025-07-20 05:00:00,9041.361,16898.0,13804.491
forecast_4806,2025-07-20 06:00:00,8712.956,15773.693,8062.334
forecast_4807,2025-07-20 07:00:00,7213.4033,15956.44,4842.17
forecast_4808,2025-07-20 08:00:00,7085.7007,15785.864,4294.343
forecast_4809,2025-07-20 09:00:00,4802.3135,14367.447,3694.082
forecast_4810,2025-07-20 10:00:00,3335.7947,10673.132,2805.0745
forecast_4811,2025-07-20 11:00:00,2966.7617,4060.7288,3524.245
forecast_4812,2025-07-20 12:00:00,2605.458,2423.4,3697.9426
forecast_4813,2025-07-20 13:00:00,3272.448,2932.9482,3685.141
forecast_4814,2025-07-20 14:00:00,3900.6348,3484.4265,3175.1868
forecast_4815,2025-07-20 15:00:00,4088.9663,3459.0286,2481.2146
forecast_4816,2025-07-20 16:00:00,4334.254,2539.962,1625.4222
forecast_4817,2025-07-20 17:00:00,5344.4316,2841.2942,1145.0962
forecast_4818,2025-07-20 18:00:00,6397.208,5462.9536,1534.2361
forecast_4819,2025-07-20 19:00:00,6275.2344,5685.837,2010.6296
forecast_4820,2025-07-20 20:00:00,10090.022,7187.5254,3038.5918
forecast_4821,2025-07-20 21:00:00,13240.252,8340.376,5565.763
forecast_4822,2025-07-20 22:00:00,15724.601,11975.383,7915.6494
forecast_4823,2025-07-20 23:00:00,17035.244,15632.483,9113.969
forecast_4824,2025-07-21 00:00:00,16661.52,15818.853,9607.425
forecast_4825,2025-07-21 01:00:00,15799.413,14971.06,9771.819
forecast_4826,2025-07-21 02:00:00,15251.621,13796.244,10848.163
forecast_4827,2025-07-21 03:00:00,15260.536,14465.163,10512.209
forecast_4828,2025-07-21 04:00:00,14448.37,14780.834,9478.573
forecast_4829,2025-07-21 05:00:00,12405.867,13691.518,8255.189
forecast_4830,2025-07-21 06:00:00,11250.03,12847.242,6729.8564
forecast_4831,2025-07-21 07:00:00,11434.723,12998.622,6507.1714
forecast_4832,2025-07-21 08:00:00,10368.943,12274.79,5660.1313
forecast_4833,2025-07-21 09:00:00,10908.974,10814.946,7867.4624
forecast_4834,2025-07-21 10:00:00,11422.306,9560.115,11451.658
forecast_4835,2025-07-21 11:00:00,10606.188,8709.561,13120.96
forecast_4836,2025-07-21 12:00:00,10532.682,7633.5776,12870.257
forecast_4837,2025-07-21 13:00:00,8913.796,5124.639,9852.191
forecast_4838,2025-07-21 14:00:00,8193.278,4334.6743,5878.761
forecast_4839,2025-07-21 15:00:00,7377.758,4025.6545,3198.9292
forecast_4840,2025-07-21 16:00:00,7365.906,3727.807,1851.9652
forecast_4841,2025-07-21 17:00:00,6687.872,3012.7668,2294.4626
forecast_4842,2025-07-21 18:00:00,7129.3433,3173.6304,3788.476
forecast_4843,2025-07-21 19:00:00,8589.114,3561.7927,3157.7312
forecast_4844,2025-07-21 20:00:00,12043.295,5746.659,4896.356
forecast_4845,2025-07-21 21:00:00,12685.255,7178.2124,7459.0527
forecast_4846,2025-07-21 22:00:00,13121.513,8827.72,10270.175
forecast_4847,2025-07-21 23:00:00,12803.399,9803.234,12200.537
forecast_4848,2025-07-22 00:00:00,12040.451,10918.641,12967.35
forecast_4849,2025-07-22 01:00:00,11578.607,10487.233,12512.015
forecast_4850,2025-07-22 02:00:00,10031.7,12544.141,13517.278
forecast_4851,2025-07-22 03:00:00,11676.508,14785.116,14037.635
forecast_4852,2025-07-22 04:00:00,13997.709,13284.417,12525.245
forecast_4853,2025-07-22 05:00:00,13482.64,10970.273,12288.954
forecast_4854,2025-07-22 06:00:00,14503.11,11365.607,13041.644
forecast_4855,2025-07-22 07:00:00,14370.12,12217.563,14261.281
forecast_4856,2025-07-22 08:00:00,11036.841,11454.0205,11265.312
forecast_4857,2025-07-22 09:00:00,7092.6943,9334.815,9354.641
forecast_4858,2025-07-22 10:00:00,3419.266,5334.4443,6558.137
forecast_4859,2025-07-22 11:00:00,1466.5928,3955.5596,4478.565
forecast_4860,2025-07-22 12:00:00,713.24,2912.0232,1970.9658
forecast_4861,2025-07-22 13:00:00,801.58923,1293.0958,1571.3872
forecast_4862,2025-07-22 14:00:00,1333.0883,785.9163,1504.1075
forecast_4863,2025-07-22 15:00:00,1661.0376,1141.411,2312.4778
forecast_4864,2025-07-22 16:00:00,2649.7786,971.4828,2890.609
forecast_4865,2025-07-22 17:00:00,4071.6055,1137.8395,2259.0425
forecast_4866,2025-07-22 18:00:00,5099.011,1153.6288,1775.0769
forecast_4867,2025-07-22 19:00:00,9557.525,1061.7833,2403.7012
forecast_4868,2025-07-22 20:00:00,11463.209,1557.1119,3520.8687
forecast_4869,2025-07-22 21:00:00,13470.884,1608.9382,5909.025
forecast_4870,2025-07-22 22:00:00,13509.208,1886.4255,8199.909
forecast_4871,2025-07-22 23:00:00,13891.964,2256.387,7728.5
forecast_4872,2025-07-23 00:00:00,14108.5205,1910.4033,8518.32
forecast_4873,2025-07-23 01:00:00,13481.404,2402.5742,9641.9375
forecast_4874,2025-07-23 02:00:00,11298.286,3468.3171,8502.243
forecast_4875,2025-07-23 03:00:00,10179.29,7674.428,7222.2124
forecast_4876,2025-07-23 04:00:00,10824.612,9173.202,6777.343
forecast_4877,2025-07-23 05:00:00,11858.971,10167.001,8313.784
forecast_4878,2025-07-23 06:00:00,12285.335,7773.6357,7775.349
forecast_4879,2025-07-23 07:00:00,10998.2,5469.456,4437.531
forecast_4880,2025-07-23 08:00:00,9316.144,3082.49,3404.7998
forecast_4881,2025-07-23 09:00:00,5794.503,1075.8337,2569.8271
forecast_4882,2025-07-23 10:00:00,1825.2247,540.16534,1361.5754
forecast_4883,2025-07-23 11:00:00,457.2269,302.21335,508.80725
forecast_4884,2025-07-23 12:00:00,89.72394,148.0854,379.82214
forecast_4885,2025-07-23 13:00:00,45.019108,107.58863,466.76196
forecast_4886,2025-07-23 14:00:00,77.52805,117.4318,363.72186
forecast_4887,2025-07-23 15:00:00,73.61301,96.00426,292.75522
forecast_4888,2025-07-23 16:00:00,88.1639,83.16256,219.62375
forecast_4889,2025-07-23 17:00:00,81.82518,96.55326,146.4851
forecast_4890,2025-07-23 18:00:00,49.625263,113.59824,222.33253
forecast_4891,2025-07-23 19:00:00,117.07563,228.06042,422.29376
forecast_4892,2025-07-23 20:00:00,561.8365,910.27246,797.9199
forecast_4893,2025-07-23 21:00:00,698.1194,1518.2942,917.4995
forecast_4894,2025-07-23 22:00:00,1687.807,2384.3364,1409.1735
forecast_4895,2025-07-23 23:00:00,3430.7715,2102.6626,1886.7825
forecast_4896,2025-07-24 00:00:00,4634.9175,1735.8466,2059.8403
forecast_4897,2025-07-24 01:00:00,6573.176,2494.1296,2858.3662
forecast_4898,2025-07-24 02:00:00,8759.545,3512.072,3602.683
forecast_4899,2025-07-24 03:00:00,9449.261,4322.823,4285.657
forecast_4900,2025-07-24 04:00:00,8473.666,5259.0615,5863.5796
forecast_4901,2025-07-24 05:00:00,7331.35,5421.905,7190.3257
forecast_4902,2025-07-24 06:00:00,6801.56,5150.113,7295.829
forecast_4903,2025-07-24 07:00:00,6702.2373,3807.7847,5932.2173
forecast_4904,2025-07-24 08:00:00,4639.462,2060.3508,3278.0254
forecast_4905,2025-07-24 09:00:00,1399.2035,942.3176,1246.5209
forecast_4906,2025-07-24 10:00:00,273.7648,363.35376,595.079
forecast_4907,2025-07-24 11:00:00,188.43016,163.3255,254.78291
forecast_4908,2025-07-24 12:00:00,106.4032,134.13954,179.35735
forecast_4909,2025-07-24 13:00:00,37.919304,54.9428,116.06237
forecast_4910,2025-07-24 14:00:00,24.32124,36.02276,84.67106
forecast_4911,2025-07-24 15:00:00,29.506445,31.998255,90.67549
forecast_4912,2025-07-24 16:00:00,35.051,33.550823,130.43571
forecast_4913,2025-07-24 17:00:00,52.720448,44.593803,154.78764
forecast_4914,2025-07-24 18:00:00,82.391426,56.816425,225.75906
forecast_4915,2025-07-24 19:00:00,76.129745,87.111946,236.87373
forecast_4916,2025-07-24 20:00:00,76.53087,247.32198,237.26088
forecast_4917,2025-07-24 21:00:00,127.36892,639.35547,547.00195
forecast_4918,2025-07-24 22:00:00,109.100914,680.9428,542.9001
forecast_4919,2025-07-24 23:00:00,139.20995,819.11475,404.9826
forecast_4920,2025-07-25 00:00:00,160.28564,902.3893,714.45544
forecast_4921,2025-07-25 01:00:00,206.51833,678.03186,1182.2086
forecast_4922,2025-07-25 02:00:00,693.4931,483.2329,1611.7976
forecast_4923,2025-07-25 03:00:00,1813.3923,719.76263,2491.5645
forecast_4924,2025-07-25 04:00:00,2407.688,1123.4509,4438.416
forecast_4925,2025-07-25 05:00:00,3183.391,2061.9119,6374.371
forecast_4926,2025-07-25 06:00:00,3078.151,2783.57,6601.723
forecast_4927,2025-07-25 07:00:00,2729.8054,3020.339,5610.8164
forecast_4928,2025-07-25 08:00:00,1282.2113,1508.5033,2350.6782
forecast_4929,2025-07-25 09:00:00,318.5028,382.06866,436.14322
forecast_4930,2025-07-25 10:00:00,204.4339,176.7403,114.93126
forecast_4931,2025-07-25 11:00:00,214.75182,93.232216,87.545395
forecast_4932,2025-07-25 12:00:00,297.1393,92.612625,69.51209
forecast_4933,2025-07-25 13:00:00,458.75427,85.37773,41.19391
forecast_4934,2025-07-25 14:00:00,506.93066,58.112553,37.56866
forecast_4935,2025-07-25 15:00:00,543.16266,60.7748,43.223125
forecast_4936,2025-07-25 16:00:00,520.3259,57.976387,42.732235
forecast_4937,2025-07-25 17:00:00,575.7652,57.924324,60.527992
forecast_4938,2025-07-25 18:00:00,745.26025,89.67602,215.20784
forecast_4939,2025-07-25 19:00:00,1122.4408,205.39272,966.09827
forecast_4940,2025-07-25 20:00:00,1531.1146,565.4476,1460.8147
forecast_4941,2025-07-25 21:00:00,2451.3635,1544.819,4006.5981
forecast_4942,2025-07-25 22:00:00,4710.573,2366.4963,7772.2803
forecast_4943,2025-07-25 23:00:00,7278.733,2593.0818,10487.551
forecast_4944,2025-07-26 00:00:00,7961.0483,2563.9097,11525.069
forecast_4945,2025-07-26 01:00:00,6700.0254,2269.8672,8841.239
forecast_4946,2025-07-26 02:00:00,7341.485,3261.8796,10942.119
forecast_4947,2025-07-26 03:00:00,7217.911,4247.7163,12758.975
forecast_4948,2025-07-26 04:00:00,7902.937,4730.5786,14397.85
forecast_4949,2025-07-26 05:00:00,7307.2573,4494.798,14242.068
forecast_4950,2025-07-26 06:00:00,7328.1255,3035.0647,9915.447
forecast_4951,2025-07-26 07:00:00,2936.3257,421.86548,1577.3446
forecast_4952,2025-07-26 08:00:00,660.38403,123.85445,694.05347
forecast_4953,2025-07-26 09:00:00,258.01343,63.776863,630.0071
forecast_4954,2025-07-26 10:00:00,252.42336,37.916992,251.39781
forecast_4955,2025-07-26 11:00:00,660.0946,69.50909,324.60886
forecast_4956,2025-07-26 12:00:00,618.10516,274.63434,369.6899
forecast_4957,2025-07-26 13:00:00,570.5189,672.5462,214.487
forecast_4958,2025-07-26 14:00:00,513.2661,539.38196,86.70012
forecast_4959,2025-07-26 15:00:00,440.3569,251.68878,47.78894
forecast_4960,2025-07-26 16:00:00,406.16183,171.07487,38.688885
forecast_4961,2025-07-26 17:00:00,236.36987,163.30771,37.17385
forecast_4962,2025-07-26 18:00:00,133.71294,104.26706,44.86167
forecast_4963,2025-07-26 19:00:00,208.62778,110.099495,132.07831
forecast_4964,2025-07-26 20:00:00,299.3209,234.87796,684.5692
forecast_4965,2025-07-26 21:00:00,976.6781,1030.7,2228.931
forecast_4966,2025-07-26 22:00:00,2168.2605,2407.1519,3376.3293
forecast_4967,2025-07-26 23:00:00,4209.752,3196.4744,4893.794
forecast_4968,2025-07-27 00:00:00,7286.237,3573.6082,6378.469
forecast_4969,2025-07-27 01:00:00,9718.007,3240.591,10370.665
forecast_4970,2025-07-27 02:00:00,11924.735,4382.7227,15192.326
forecast_4971,2025-07-27 03:00:00,12581.382,4743.687,15313.464
forecast_4972,2025-07-27 04:00:00,11194.453,5875.7383,14831.81
forecast_4973,2025-07-27 05:00:00,10313.213,6786.2954,15503.24
forecast_4974,2025-07-27 06:00:00,10699.761,6860.7725,15672.593
forecast_4975,2025-07-27 07:00:00,10943.8955,6741.499,13666.086
forecast_4976,2025-07-27 08:00:00,10028.769,7336.695,5608.336
forecast_4977,2025-07-27 09:00:00,7060.0625,6277.1987,1853.5444
forecast_4978,2025-07-27 10:00:00,2582.1326,2991.4346,1188.4033
forecast_4979,2025-07-27 11:00:00,1055.6324,1153.7782,1203.0522
forecast_4980,2025-07-27 12:00:00,1254.5604,740.16705,1079.156
forecast_4981,2025-07-27 13:00:00,1598.546,1033.1716,1270.6942
forecast_4982,2025-07-27 14:00:00,1617.1997,1223.4513,1365.9669
forecast_4983,2025-07-27 15:00:00,1486.4355,1451.2428,1198.393
forecast_4984,2025-07-27 16:00:00,1937.486,1817.2703,1486.2444
forecast_4985,2025-07-27 17:00:00,2463.1287,3249.5479,2405.61
forecast_4986,2025-07-27 18:00:00,2372.4546,3294.181,2921.489
forecast_4987,2025-07-27 19:00:00,2865.726,3374.852,3335.2927
forecast_4988,2025-07-27 20:00:00,4601.677,3800.572,5085.1694
forecast_4989,2025-07-27 21:00:00,8234.944,6716.3623,9205.778
forecast_4990,2025-07-27 22:00:00,8487.522,11087.945,13214.839
forecast_4991,2025-07-27 23:00:00,8132.8276,14200.189,13937.392
forecast_4992,2025-07-28 00:00:00,7950.5244,13624.63,14232.952
forecast_4993,2025-07-28 01:00:00,8031.287,11416.457,14188.154
forecast_4994,2025-07-28 02:00:00,9762.525,12344.637,14128.909
forecast_4995,2025-07-28 03:00:00,12092.822,14966.1455,13753.198
forecast_4996,2025-07-28 04:00:00,12490.42,14790.431,12854.537
forecast_4997,2025-07-28 05:00:00,12480.193,13787.3955,11977.051
forecast_4998,2025-07-28 06:00:00,12311.692,12392.842,11164.598
forecast_4999,2025-07-28 07:00:00,10756.627,10758.697,8962.131
forecast_5000,2025-07-28 08:00:00,7768.973,8468.713,4232.1484
forecast_5001,2025-07-28 09:00:00,3898.068,5258.0273,1073.174
forecast_5002,2025-07-28 10:00:00,1005.5605,1878.3369,392.72357
forecast_5003,2025-07-28 11:00:00,423.34906,739.8256,203.9165
forecast_5004,2025-07-28 12:00:00,298.26053,422.1849,79.60193
forecast_5005,2025-07-28 13:00:00,530.8314,275.0793,68.31644
forecast_5006,2025-07-28 14:00:00,749.7428,176.68112,74.9424
forecast_5007,2025-07-28 15:00:00,441.39526,94.4344,68.45864
forecast_5008,2025-07-28 16:00:00,282.5621,63.840355,65.72169
forecast_5009,2025-07-28 17:00:00,416.18,304.44342,144.59753
forecast_5010,2025-07-28 18:00:00,377.30368,1613.9791,283.45435
forecast_5011,2025-07-28 19:00:00,288.38217,1360.7046,247.9095
forecast_5012,2025-07-28 20:00:00,497.41916,1085.2576,301.1923
forecast_5013,2025-07-28 21:00:00,820.4899,1139.6918,722.2606
forecast_5014,2025-07-28 22:00:00,687.4752,1166.0149,565.74243
forecast_5015,2025-07-28 23:00:00,726.0139,688.5893,323.75385
forecast_5016,2025-07-29 00:00:00,466.6303,414.4376,164.27164
forecast_5017,2025-07-29 01:00:00,427.34512,353.32358,124.86238
forecast_5018,2025-07-29 02:00:00,698.6905,462.4399,238.5961
forecast_5019,2025-07-29 03:00:00,1939.4911,790.5859,408.21286
forecast_5020,2025-07-29 04:00:00,3950.1553,1850.7556,1054.1965
forecast_5021,2025-07-29 05:00:00,5026.5166,2664.4148,1226.4746
forecast_5022,2025-07-29 06:00:00,3591.1338,2060.8538,476.26523
forecast_5023,2025-07-29 07:00:00,1602.6722,1239.6954,198.48103
forecast_5024,2025-07-29 08:00:00,261.27527,506.24182,29.096601
forecast_5025,2025-07-29 09:00:00,67.44474,130.25739,6.429474
forecast_5026,2025-07-29 10:00:00,55.125214,50.0003,6.4014916
forecast_5027,2025-07-29 11:00:00,72.95285,45.26041,13.65921
forecast_5028,2025-07-29 12:00:00,62.668415,42.802498,16.00711
forecast_5029,2025-07-29 13:00:00,47.272038,53.840946,22.740097
forecast_5030,2025-07-29 14:00:00,32.15131,66.18128,28.840197
forecast_5031,2025-07-29 15:00:00,29.387497,89.59944,43.542774
forecast_5032,2025-07-29 16:00:00,45.27135,140.52496,58.96163
forecast_5033,2025-07-29 17:00:00,78.91242,140.41896,97.89716
forecast_5034,2025-07-29 18:00:00,136.97131,160.87587,145.50061
forecast_5035,2025-07-29 19:00:00,181.52658,160.57812,147.36684
forecast_5036,2025-07-29 20:00:00,213.6674,167.84946,123.48857
forecast_5037,2025-07-29 21:00:00,334.9189,329.33865,291.83838
forecast_5038,2025-07-29 22:00:00,485.63904,631.5984,551.9813
forecast_5039,2025-07-29 23:00:00,665.7164,914.83026,751.016
forecast_5040,2025-07-30 00:00:00,1247.2721,1406.788,980.7786
forecast_5041,2025-07-30 01:00:00,2275.0088,1896.6486,829.493
forecast_5042,2025-07-30 02:00:00,2115.5747,1915.9572,833.2848
forecast_5043,2025-07-30 03:00:00,1285.1923,2033.2028,984.00385
forecast_5044,2025-07-30 04:00:00,1073.5337,1798.8708,1135.0671
forecast_5045,2025-07-30 05:00:00,735.8447,1174.3931,987.39246
forecast_5046,2025-07-30 06:00:00,414.58386,585.5529,550.6695
forecast_5047,2025-07-30 07:00:00,272.40402,282.67352,251.63943
forecast_5048,2025-07-30 08:00:00,130.95941,108.422264,86.11589
forecast_5049,2025-07-30 09:00:00,87.94387,81.33418,78.319534
forecast_5050,2025-07-30 10:00:00,223.7653,127.655365,124.36414
forecast_5051,2025-07-30 11:00:00,157.04533,116.86772,322.38416
forecast_5052,2025-07-30 12:00:00,86.8096,109.7594,406.07663
forecast_5053,2025-07-30 13:00:00,58.69642,127.590385,525.3542
forecast_5054,2025-07-30 14:00:00,50.310272,180.50256,503.6692
forecast_5055,2025-07-30 15:00:00,61.443798,308.82474,441.60852
forecast_5056,2025-07-30 16:00:00,72.68887,369.75064,300.8991
forecast_5057,2025-07-30 17:00:00,109.780815,506.08914,194.9414
forecast_5058,2025-07-30 18:00:00,139.4162,257.20822,115.28324
forecast_5059,2025-07-30 19:00:00,184.23604,166.14647,82.437614
forecast_5060,2025-07-30 20:00:00,262.37775,171.62053,69.11865
forecast_5061,2025-07-30 21:00:00,339.71378,200.6193,61.30654
forecast_5062,2025-07-30 22:00:00,341.9894,247.3334,59.15267
forecast_5063,2025-07-30 23:00:00,402.0735,410.77835,55.354904
forecast_5064,2025-07-31 00:00:00,444.40997,484.43097,71.68228
forecast_5065,2025-07-31 01:00:00,418.94308,623.97076,114.4396
forecast_5066,2025-07-31 02:00:00,535.6916,635.9699,542.2157
forecast_5067,2025-07-31 03:00:00,498.58176,578.6912,733.2753
forecast_5068,2025-07-31 04:00:00,1074.7354,763.5095,1119.7538
forecast_5069,2025-07-31 05:00:00,1220.35,936.9284,817.33813
forecast_5070,2025-07-31 06:00:00,1460.8091,862.17004,607.16925
forecast_5071,2025-07-31 07:00:00,1249.0697,730.21625,379.65982
forecast_5072,2025-07-31 08:00:00,1110.6528,537.2453,195.93614
forecast_5073,2025-07-31 09:00:00,627.2468,249.043,45.60519
forecast_5074,2025-07-31 10:00:00,382.39035,178.07227,44.34744
forecast_5075,2025-07-31 11:00:00,208.94228,201.99477,108.61005
forecast_5076,2025-07-31 12:00:00,135.34982,358.22595,466.6029
forecast_5077,2025-07-31 13:00:00,143.3816,736.05493,513.30475
forecast_5078,2025-07-31 14:00:00,209.13911,1001.27783,454.79254
forecast_5079,2025-07-31 15:00:00,373.02597,934.46436,539.024
forecast_5080,2025-07-31 16:00:00,499.08206,665.928,460.93362
forecast_5081,2025-07-31 17:00:00,385.5015,373.98227,330.5015
forecast_5082,2025-07-31 18:00:00,316.51178,312.51624,198.29362
forecast_5083,2025-07-31 19:00:00,412.18555,283.75748,109.231735
forecast_5084,2025-07-31 20:00:00,414.87598,212.79288,73.036316
forecast_5085,2025-07-31 21:00:00,392.7302,127.83498,66.41771
forecast_5086,2025-07-31 22:00:00,307.09424,114.37116,103.2884
forecast_5087,2025-07-31 23:00:00,291.8509,109.24304,159.7643
forecast_5088,2025-08-01 00:00:00,275.12036,111.87484,197.10774
forecast_5089,2025-08-01 01:00:00,200.23543,139.13947,260.05286
forecast_5090,2025-08-01 02:00:00,222.05098,161.99724,239.58931
forecast_5091,2025-08-01 03:00:00,181.71533,183.3817,166.85268
forecast_5092,2025-08-01 04:00:00,283.06998,221.69955,180.4613
forecast_5093,2025-08-01 05:00:00,193.43169,233.74796,197.06325
forecast_5094,2025-08-01 06:00:00,165.05307,232.2184,273.15143
forecast_5095,2025-08-01 07:00:00,66.42483,133.6076,132.90164
forecast_5096,2025-08-01 08:00:00,51.229202,105.12854,47.970966
forecast_5097,2025-08-01 09:00:00,35.92484,82.7182,59.058357
forecast_5098,2025-08-01 10:00:00,27.933807,44.47335,81.15253
forecast_5099,2025-08-01 11:00:00,24.413519,28.168488,204.62141
forecast_5100,2025-08-01 12:00:00,43.138927,36.828823,393.825
forecast_5101,2025-08-01 13:00:00,55.102222,49.627083,247.66148
forecast_5102,2025-08-01 14:00:00,63.551125,67.680275,262.09357
forecast_5103,2025-08-01 15:00:00,38.7137,67.84465,140.80754
forecast_5104,2025-08-01 16:00:00,51.410885,72.347206,84.471886
forecast_5105,2025-08-01 17:00:00,86.60925,88.478134,72.51641
forecast_5106,2025-08-01 18:00:00,122.635216,86.62826,58.910095
forecast_5107,2025-08-01 19:00:00,125.99871,52.335163,34.70041
forecast_5108,2025-08-01 20:00:00,184.9158,67.27507,45.58905
forecast_5109,2025-08-01 21:00:00,239.61923,73.794075,47.975647
forecast_5110,2025-08-01 22:00:00,266.27512,60.706177,34.47045
forecast_5111,2025-08-01 23:00:00,244.76888,57.693344,42.24299
forecast_5112,2025-08-02 00:00:00,181.59439,80.34973,58.362167
forecast_5113,2025-08-02 01:00:00,281.20102,250.84421,238.15044
forecast_5114,2025-08-02 02:00:00,967.2128,665.1285,529.6812
forecast_5115,2025-08-02 03:00:00,2008.4446,1954.8505,721.97943
forecast_5116,2025-08-02 04:00:00,4375.964,5336.232,1080.633
forecast_5117,2025-08-02 05:00:00,5518.9463,6761.515,1021.2189
forecast_5118,2025-08-02 06:00:00,6635.5166,7857.4575,1554.9927
forecast_5119,2025-08-02 07:00:00,9356.958,8437.394,2380.566
forecast_5120,2025-08-02 08:00:00,12477.819,7880.0464,3112.5479
forecast_5121,2025-08-02 09:00:00,11437.62,5061.611,3992.0117
forecast_5122,2025-08-02 10:00:00,9381.511,3097.8157,3405.8096
forecast_5123,2025-08-02 11:00:00,5032.2646,2704.6597,2382.4558
forecast_5124,2025-08-02 12:00:00,2666.3604,1906.652,1461.515
forecast_5125,2025-08-02 13:00:00,2047.4268,1212.5114,1079.152
forecast_5126,2025-08-02 14:00:00,1790.9785,1112.1848,860.6623
forecast_5127,2025-08-02 15:00:00,1640.35,905.242,749.6257
forecast_5128,2025-08-02 16:00:00,1435.571,389.67072,307.49777
forecast_5129,2025-08-02 17:00:00,1310.9628,417.5514,350.06396
forecast_5130,2025-08-02 18:00:00,1063.9686,387.08063,198.38469
forecast_5131,2025-08-02 19:00:00,418.10812,402.58145,85.05849
forecast_5132,2025-08-02 20:00:00,557.9183,499.22513,179.15071
forecast_5133,2025-08-02 21:00:00,1510.2162,965.37616,810.10876
forecast_5134,2025-08-02 22:00:00,909.73645,1193.696,1682.6975
forecast_5135,2025-08-02 23:00:00,659.5692,1540.1768,1885.5935
forecast_5136,2025-08-03 00:00:00,688.901,2240.2532,2711.6309
forecast_5137,2025-08-03 01:00:00,1070.4683,2781.3184,3603.7947
forecast_5138,2025-08-03 02:00:00,1394.1498,3026.0732,3929.9714
forecast_5139,2025-08-03 03:00:00,2235.6187,3870.3196,3969.0527
forecast_5140,2025-08-03 04:00:00,2023.2023,4266.876,3906.3271
forecast_5141,2025-08-03 05:00:00,1577.6909,3480.522,3270.1362
forecast_5142,2025-08-03 06:00:00,1482.4034,2181.7876,2637.174
forecast_5143,2025-08-03 07:00:00,1022.6591,1466.801,2050.5857
forecast_5144,2025-08-03 08:00:00,453.2801,426.24307,536.6237
forecast_5145,2025-08-03 09:00:00,195.08669,213.49579,144.0447
forecast_5146,2025-08-03 10:00:00,110.89837,191.91264,58.603943
forecast_5147,2025-08-03 11:00:00,56.956814,193.1814,49.703876
forecast_5148,2025-08-03 12:00:00,52.78489,140.55608,63.737274
forecast_5149,2025-08-03 13:00:00,39.513783,114.857544,160.45634
forecast_5150,2025-08-03 14:00:00,49.335953,175.22548,357.95804
forecast_5151,2025-08-03 15:00:00,101.64192,650.0853,761.2438
forecast_5152,2025-08-03 16:00:00,497.2621,1994.2986,661.0327
forecast_5153,2025-08-03 17:00:00,547.2709,2559.7954,641.7374
forecast_5154,2025-08-03 18:00:00,1496.9269,4036.2573,1086.7682
forecast_5155,2025-08-03 19:00:00,1961.8849,4932.369,741.39886
forecast_5156,2025-08-03 20:00:00,3816.6018,5086.78,810.7731
forecast_5157,2025-08-03 21:00:00,4844.0034,5359.938,997.3467
forecast_5158,2025-08-03 22:00:00,4407.9517,4937.196,2242.4126
forecast_5159,2025-08-03 23:00:00,5485.874,5119.7627,3751.5654
forecast_5160,2025-08-04 00:00:00,6807.6675,5955.652,5318.183
forecast_5161,2025-08-04 01:00:00,6978.751,6440.0444,5142.872
forecast_5162,2025-08-04 02:00:00,4224.941,4904.3545,3624.1995
forecast_5163,2025-08-04 03:00:00,5603.7354,6242.3857,4386.7656
forecast_5164,2025-08-04 04:00:00,3829.834,8350.578,6212.337
forecast_5165,2025-08-04 05:00:00,6219.882,12859.521,14649.827
forecast_5166,2025-08-04 06:00:00,8239.84,15279.175,15086.067
forecast_5167,2025-08-04 07:00:00,10868.922,15626.858,13439.153
forecast_5168,2025-08-04 08:00:00,9997.798,15024.926,10221.657
forecast_5169,2025-08-04 09:00:00,7065.4087,14796.996,8115.0386
forecast_5170,2025-08-04 10:00:00,6424.06,14276.585,7416.6895
forecast_5171,2025-08-04 11:00:00,5024.5537,13816.933,5256.778
forecast_5172,2025-08-04 12:00:00,4743.7734,13096.372,2734.4968
forecast_5173,2025-08-04 13:00:00,4328.8335,11990.831,1870.4895
forecast_5174,2025-08-04 14:00:00,2957.194,7632.2495,1512.8375
forecast_5175,2025-08-04 15:00:00,2459.5994,3002.8596,1210.6244
forecast_5176,2025-08-04 16:00:00,1961.0117,560.3787,257.96457
forecast_5177,2025-08-04 17:00:00,1299.0175,290.1098,81.9214
forecast_5178,2025-08-04 18:00:00,1074.4183,148.57838,76.53823
forecast_5179,2025-08-04 19:00:00,1045.7025,109.447426,166.76389
forecast_5180,2025-08-04 20:00:00,625.9386,185.15425,464.00955
forecast_5181,2025-08-04 21:00:00,473.281,300.7194,786.71216
forecast_5182,2025-08-04 22:00:00,932.0147,895.7181,2079.895
forecast_5183,2025-08-04 23:00:00,2828.8242,2387.8489,3789.478
forecast_5184,2025-08-05 00:00:00,4555.3555,3896.8477,4197.1567
forecast_5185,2025-08-05 01:00:00,8348.501,4669.8027,5000.0947
forecast_5186,2025-08-05 02:00:00,4534.066,4036.1863,6386.5347
forecast_5187,2025-08-05 03:00:00,4166.197,2983.7478,5715.053
forecast_5188,2025-08-05 04:00:00,4889.739,2217.138,2955.7742
forecast_5189,2025-08-05 05:00:00,5125.133,1485.313,1501.4409
forecast_5190,2025-08-05 06:00:00,4977.094,1036.5604,983.2963
forecast_5191,2025-08-05 07:00:00,4527.685,831.54144,650.4177
forecast_5192,2025-08-05 08:00:00,3008.1545,914.1586,684.1577
forecast_5193,2025-08-05 09:00:00,1669.95,791.7827,815.9117
forecast_5194,2025-08-05 10:00:00,937.07733,544.35297,753.5729
forecast_5195,2025-08-05 11:00:00,961.4661,440.16168,810.6742
forecast_5196,2025-08-05 12:00:00,1268.7749,754.1518,757.3572
forecast_5197,2025-08-05 13:00:00,1672.9039,1439.6909,1175.599
forecast_5198,2025-08-05 14:00:00,1668.3258,1895.1726,1653.6213
forecast_5199,2025-08-05 15:00:00,2314.4172,2173.0015,1776.8413
forecast_5200,2025-08-05 16:00:00,3740.1528,3237.8535,4767.143
forecast_5201,2025-08-05 17:00:00,4499.293,4052.382,9730.205
forecast_5202,2025-08-05 18:00:00,5462.8643,5003.626,10356.226
forecast_5203,2025-08-05 19:00:00,5558.873,6770.9683,9376.883
forecast_5204,2025-08-05 20:00:00,8867.695,8608.967,10005.224
forecast_5205,2025-08-05 21:00:00,13242.123,9872.365,11457.028
forecast_5206,2025-08-05 22:00:00,13787.479,10664.403,12114.8125
forecast_5207,2025-08-05 23:00:00,11897.994,11320.181,11992.538
forecast_5208,2025-08-06 00:00:00,12080.545,9923.12,12105.932
forecast_5209,2025-08-06 01:00:00,13654.751,8637.449,11796.465
forecast_5210,2025-08-06 02:00:00,13794.592,13500.375,11094.455
forecast_5211,2025-08-06 03:00:00,14332.023,16265.691,11774.497
forecast_5212,2025-08-06 04:00:00,14014.661,14811.88,12961.531
forecast_5213,2025-08-06 05:00:00,13164.425,11448.654,13691.763
forecast_5214,2025-08-06 06:00:00,13042.675,14929.2705,14634.764
forecast_5215,2025-08-06 07:00:00,12096.112,14556.972,14808.623
forecast_5216,2025-08-06 08:00:00,11206.97,16232.586,14414.695
forecast_5217,2025-08-06 09:00:00,9175.041,16205.043,12989.746
forecast_5218,2025-08-06 10:00:00,7520.5737,15919.945,12835.324
forecast_5219,2025-08-06 11:00:00,3717.2612,15456.288,12409.158
forecast_5220,2025-08-06 12:00:00,7117.968,15764.523,15006.219
forecast_5221,2025-08-06 13:00:00,9237.515,15691.939,17020.328
forecast_5222,2025-08-06 14:00:00,10583.431,16198.249,17853.441
forecast_5223,2025-08-06 15:00:00,9522.099,16087.423,16759.756
forecast_5224,2025-08-06 16:00:00,9370.42,16535.5,17291.436
forecast_5225,2025-08-06 17:00:00,7563.413,16577.094,16910.53
forecast_5226,2025-08-06 18:00:00,11047.993,16458.584,17488.375
forecast_5227,2025-08-06 19:00:00,11767.252,15523.492,17774.322
forecast_5228,2025-08-06 20:00:00,12955.17,15064.928,17738.572
forecast_5229,2025-08-06 21:00:00,12205.831,13570.504,17282.846
forecast_5230,2025-08-06 22:00:00,12995.112,14117.975,14297.526
forecast_5231,2025-08-06 23:00:00,12961.136,14971.585,12037.519
forecast_5232,2025-08-07 00:00:00,14161.587,15021.564,13871.811
forecast_5233,2025-08-07 01:00:00,16070.414,16328.798,15652.307
forecast_5234,2025-08-07 02:00:00,15565.086,15940.062,14780.34
forecast_5235,2025-08-07 03:00:00,15863.366,16178.452,14408.947
forecast_5236,2025-08-07 04:00:00,16453.895,16236.452,13010.706
forecast_5237,2025-08-07 05:00:00,16596.832,16416.123,11423.188
forecast_5238,2025-08-07 06:00:00,16903.982,16136.896,9206.796
forecast_5239,2025-08-07 07:00:00,16405.008,15754.985,6559.154
forecast_5240,2025-08-07 08:00:00,14350.758,14799.726,5151.9287
forecast_5241,2025-08-07 09:00:00,10454.009,9898.021,4308.366
forecast_5242,2025-08-07 10:00:00,8183.8506,2686.8652,2158.9338
forecast_5243,2025-08-07 11:00:00,6695.707,1481.4119,1151.4657
forecast_5244,2025-08-07 12:00:00,4817.352,1002.91125,1080.8085
forecast_5245,2025-08-07 13:00:00,3530.0208,1070.653,1513.9125
forecast_5246,2025-08-07 14:00:00,1760.9463,1135.7864,357.88556
forecast_5247,2025-08-07 15:00:00,942.55273,887.3364,254.89888
forecast_5248,2025-08-07 16:00:00,566.22565,434.4304,251.80582
forecast_5249,2025-08-07 17:00:00,398.31793,422.5664,231.63658
forecast_5250,2025-08-07 18:00:00,810.4229,766.6957,220.32114
forecast_5251,2025-08-07 19:00:00,1179.4932,812.8947,176.7773
forecast_5252,2025-08-07 20:00:00,1006.90826,456.7869,128.66026
forecast_5253,2025-08-07 21:00:00,1263.6726,393.3684,171.52019
forecast_5254,2025-08-07 22:00:00,4151.0815,847.6237,1245.2144
forecast_5255,2025-08-07 23:00:00,6337.5327,1285.8119,4352.9106
forecast_5256,2025-08-08 00:00:00,6079.218,1610.6951,5617.5767
forecast_5257,2025-08-08 01:00:00,4993.7827,2038.0107,7601.208
forecast_5258,2025-08-08 02:00:00,3488.629,2496.4553,9482.768
forecast_5259,2025-08-08 03:00:00,4016.5667,2938.7993,10349.5205
forecast_5260,2025-08-08 04:00:00,5776.1953,2391.4211,7838.0913
forecast_5261,2025-08-08 05:00:00,5976.41,1036.2029,5646.679
forecast_5262,2025-08-08 06:00:00,4801.182,321.27795,4356.4546
forecast_5263,2025-08-08 07:00:00,2007.7648,162.81079,2256.4155
forecast_5264,2025-08-08 08:00:00,587.4472,123.34242,604.0921
forecast_5265,2025-08-08 09:00:00,194.68452,54.034184,229.14041
forecast_5266,2025-08-08 10:00:00,68.068016,28.390476,332.95126
forecast_5267,2025-08-08 11:00:00,58.885384,19.462458,181.93158
forecast_5268,2025-08-08 12:00:00,46.92016,18.142012,69.387924
forecast_5269,2025-08-08 13:00:00,62.1944,31.860064,61.496647
forecast_5270,2025-08-08 14:00:00,60.510063,32.749653,79.28507
forecast_5271,2025-08-08 15:00:00,111.41212,38.56873,138.01874
forecast_5272,2025-08-08 16:00:00,60.88839,30.972906,154.0821
forecast_5273,2025-08-08 17:00:00,58.292297,40.215816,94.57744
forecast_5274,2025-08-08 18:00:00,56.58105,61.75226,84.49403
forecast_5275,2025-08-08 19:00:00,44.831543,44.813076,56.69385
forecast_5276,2025-08-08 20:00:00,53.484264,48.60349,39.912827
forecast_5277,2025-08-08 21:00:00,89.85355,100.34042,84.04435
forecast_5278,2025-08-08 22:00:00,143.54115,152.85672,156.7793
forecast_5279,2025-08-08 23:00:00,307.36658,236.55478,212.18468
forecast_5280,2025-08-09 00:00:00,473.1453,421.63794,244.6347
forecast_5281,2025-08-09 01:00:00,888.58026,563.3284,374.76328
forecast_5282,2025-08-09 02:00:00,1024.241,454.97873,526.93604
forecast_5283,2025-08-09 03:00:00,1617.0342,499.32086,413.09488
forecast_5284,2025-08-09 04:00:00,2145.0652,551.1719,402.6194
forecast_5285,2025-08-09 05:00:00,2576.3923,762.8015,1009.9398
forecast_5286,2025-08-09 06:00:00,2838.325,857.1772,1556.429
forecast_5287,2025-08-09 07:00:00,2584.1328,582.543,1842.3274
forecast_5288,2025-08-09 08:00:00,3168.034,394.19006,2308.9883
forecast_5289,2025-08-09 09:00:00,2730.5227,217.12482,1884.0308
forecast_5290,2025-08-09 10:00:00,1865.3533,246.874,1422.6589
forecast_5291,2025-08-09 11:00:00,2055.2983,482.13278,2177.022
forecast_5292,2025-08-09 12:00:00,2397.6714,1062.1709,2311.1604
forecast_5293,2025-08-09 13:00:00,2250.5378,1849.2896,3352.8298
forecast_5294,2025-08-09 14:00:00,2329.782,1751.909,2377.4197
forecast_5295,2025-08-09 15:00:00,2256.842,1302.9144,1656.7295
forecast_5296,2025-08-09 16:00:00,493.11105,499.46988,469.66147
forecast_5297,2025-08-09 17:00:00,293.3906,279.54312,303.4102
forecast_5298,2025-08-09 18:00:00,288.80826,334.85065,1179.5753
forecast_5299,2025-08-09 19:00:00,278.27002,564.3054,1083.1168
forecast_5300,2025-08-09 20:00:00,352.82062,1301.2603,900.209
forecast_5301,2025-08-09 21:00:00,447.27878,2357.8057,1293.0714
forecast_5302,2025-08-09 22:00:00,569.4292,3017.317,2652.4219
forecast_5303,2025-08-09 23:00:00,784.8815,2625.0615,3951.0764
forecast_5304,2025-08-10 00:00:00,684.6755,1168.5912,3358.788
forecast_5305,2025-08-10 01:00:00,497.38705,518.20544,2019.06
forecast_5306,2025-08-10 02:00:00,314.39044,180.9945,634.98755
forecast_5307,2025-08-10 03:00:00,163.51048,50.328922,138.90608
forecast_5308,2025-08-10 04:00:00,117.0904,33.82795,38.816467
forecast_5309,2025-08-10 05:00:00,110.786224,68.02869,26.806488
forecast_5310,2025-08-10 06:00:00,198.43933,152.70554,37.073006
forecast_5311,2025-08-10 07:00:00,397.69247,346.51495,100.98113
forecast_5312,2025-08-10 08:00:00,420.4945,305.96786,129.68735
forecast_5313,2025-08-10 09:00:00,553.7018,301.6278,128.2457
forecast_5314,2025-08-10 10:00:00,715.4622,372.57962,150.70282
forecast_5315,2025-08-10 11:00:00,507.8569,339.14645,211.73006
forecast_5316,2025-08-10 12:00:00,374.16513,308.01483,231.83173
forecast_5317,2025-08-10 13:00:00,230.98189,214.54367,244.32187
forecast_5318,2025-08-10 14:00:00,123.55511,118.24445,193.48898
forecast_5319,2025-08-10 15:00:00,100.72792,102.41925,191.15582
forecast_5320,2025-08-10 16:00:00,85.858345,99.72557,246.83498
forecast_5321,2025-08-10 17:00:00,103.30332,100.11936,198.85986
forecast_5322,2025-08-10 18:00:00,130.61546,79.29681,107.630775
forecast_5323,2025-08-10 19:00:00,96.05472,63.784107,50.567852
forecast_5324,2025-08-10 20:00:00,86.63986,62.009914,26.060377
forecast_5325,2025-08-10 21:00:00,104.21501,70.98386,30.777304
forecast_5326,2025-08-10 22:00:00,95.407845,83.67449,32.430866
forecast_5327,2025-08-10 23:00:00,94.18121,68.4096,35.053886
forecast_5328,2025-08-11 00:00:00,93.060234,54.218845,39.131496
forecast_5329,2025-08-11 01:00:00,73.574875,42.201214,36.286736
forecast_5330,2025-08-11 02:00:00,39.42353,45.188725,16.94412
forecast_5331,2025-08-11 03:00:00,32.838886,53.56854,19.886326
forecast_5332,2025-08-11 04:00:00,57.316933,55.260246,49.977432
forecast_5333,2025-08-11 05:00:00,78.23101,67.30616,49.225563
forecast_5334,2025-08-11 06:00:00,107.57557,68.06837,71.74472
forecast_5335,2025-08-11 07:00:00,109.39826,65.652435,68.65539
forecast_5336,2025-08-11 08:00:00,74.60681,62.33722,42.113384
forecast_5337,2025-08-11 09:00:00,94.41885,64.69645,51.13462
forecast_5338,2025-08-11 10:00:00,75.317474,84.88824,64.78195
forecast_5339,2025-08-11 11:00:00,62.805416,116.66382,91.46704
forecast_5340,2025-08-11 12:00:00,50.94702,109.88779,92.53543
forecast_5341,2025-08-11 13:00:00,22.568151,54.49308,50.98384
forecast_5342,2025-08-11 14:00:00,20.33723,30.652597,24.27608
forecast_5343,2025-08-11 15:00:00,19.281038,24.130054,54.032307
forecast_5344,2025-08-11 16:00:00,21.625706,31.921274,46.705875
forecast_5345,2025-08-11 17:00:00,53.69029,68.38483,75.965546
forecast_5346,2025-08-11 18:00:00,101.05122,117.829765,81.76424
forecast_5347,2025-08-11 19:00:00,190.60062,233.73846,147.59987
forecast_5348,2025-08-11 20:00:00,244.44185,316.8034,186.9038
forecast_5349,2025-08-11 21:00:00,395.22028,211.3378,161.87537
forecast_5350,2025-08-11 22:00:00,184.95708,159.96976,220.88861
forecast_5351,2025-08-11 23:00:00,73.9505,124.760254,205.70427
forecast_5352,2025-08-12 00:00:00,83.83068,265.73615,151.91594
forecast_5353,2025-08-12 01:00:00,62.911903,369.79617,153.61859
forecast_5354,2025-08-12 02:00:00,143.67924,386.5207,144.96632
forecast_5355,2025-08-12 03:00:00,708.44574,349.45688,145.37059
forecast_5356,2025-08-12 04:00:00,1000.0702,289.27438,129.78885
forecast_5357,2025-08-12 05:00:00,585.0551,240.10309,155.34236
forecast_5358,2025-08-12 06:00:00,434.87476,139.9039,223.85179
forecast_5359,2025-08-12 07:00:00,279.82022,134.80493,329.466
forecast_5360,2025-08-12 08:00:00,100.126305,78.577805,132.32661
forecast_5361,2025-08-12 09:00:00,80.0532,89.85932,78.18009
forecast_5362,2025-08-12 10:00:00,149.94955,106.30933,58.966206
forecast_5363,2025-08-12 11:00:00,136.58559,119.87674,76.832245
forecast_5364,2025-08-12 12:00:00,98.43018,127.020424,93.83437
forecast_5365,2025-08-12 13:00:00,73.26331,136.8923,90.91387
forecast_5366,2025-08-12 14:00:00,53.09957,123.964005,76.51634
forecast_5367,2025-08-12 15:00:00,38.575394,144.95131,69.51381
forecast_5368,2025-08-12 16:00:00,39.81215,132.5542,66.19511
forecast_5369,2025-08-12 17:00:00,48.98821,78.222496,67.32495
forecast_5370,2025-08-12 18:00:00,79.97158,152.94614,103.63961
forecast_5371,2025-08-12 19:00:00,182.20056,820.96484,169.89745
forecast_5372,2025-08-12 20:00:00,235.28113,1409.4507,184.13818
forecast_5373,2025-08-12 21:00:00,257.12573,547.86456,130.59058
forecast_5374,2025-08-12 22:00:00,212.57266,352.04102,110.368225
forecast_5375,2025-08-12 23:00:00,219.55402,400.68024,250.96115
forecast_5376,2025-08-13 00:00:00,245.89186,826.67676,591.3678
forecast_5377,2025-08-13 01:00:00,401.76138,1068.2589,1158.7848
forecast_5378,2025-08-13 02:00:00,1714.0647,1441.6896,1419.8822
forecast_5379,2025-08-13 03:00:00,4077.749,1238.5369,1226.8822
forecast_5380,2025-08-13 04:00:00,1663.2645,1017.53754,1301.4165
forecast_5381,2025-08-13 05:00:00,1232.3531,852.42505,1604.2908
forecast_5382,2025-08-13 06:00:00,959.06256,1279.4412,1982.5302
forecast_5383,2025-08-13 07:00:00,1876.5127,3643.3071,3358.4734
forecast_5384,2025-08-13 08:00:00,3036.6782,4339.099,3941.5764
forecast_5385,2025-08-13 09:00:00,5871.378,4804.596,4658.145
forecast_5386,2025-08-13 10:00:00,7017.394,8929.611,7169.608
forecast_5387,2025-08-13 11:00:00,6701.4126,13587.255,11518.988
forecast_5388,2025-08-13 12:00:00,7323.6636,14454.278,9864.772
forecast_5389,2025-08-13 13:00:00,7264.9985,13585.907,6886.8687
forecast_5390,2025-08-13 14:00:00,6098.9243,12244.096,6420.881
forecast_5391,2025-08-13 15:00:00,4313.477,9720.423,6274.462
forecast_5392,2025-08-13 16:00:00,2865.095,9092.479,4986.527
forecast_5393,2025-08-13 17:00:00,2553.8445,10239.656,7041.715
forecast_5394,2025-08-13 18:00:00,3318.783,10641.775,8999.379
forecast_5395,2025-08-13 19:00:00,4172.21,14021.141,9739.734
forecast_5396,2025-08-13 20:00:00,7218.788,15980.557,9181.67
forecast_5397,2025-08-13 21:00:00,9700.371,17246.86,12896.562
forecast_5398,2025-08-13 22:00:00,7604.03,18073.176,16879.67
forecast_5399,2025-08-13 23:00:00,8586.273,18958.6,19410.857
forecast_5400,2025-08-14 00:00:00,11090.848,19468.361,19885.375
forecast_5401,2025-08-14 01:00:00,12283.231,19656.53,20077.879
forecast_5402,2025-08-14 02:00:00,13535.127,19557.758,20263.652
forecast_5403,2025-08-14 03:00:00,14157.553,19294.904,20065.03
forecast_5404,2025-08-14 04:00:00,13955.725,18893.555,19665.729
forecast_5405,2025-08-14 05:00:00,13002.452,18725.297,19444.121
forecast_5406,2025-08-14 06:00:00,12510.542,18578.363,18572.35
forecast_5407,2025-08-14 07:00:00,11470.152,18418.777,15716.112
forecast_5408,2025-08-14 08:00:00,9921.958,17581.623,8098.1963
forecast_5409,2025-08-14 09:00:00,8700.884,17302.434,9770.583
forecast_5410,2025-08-14 10:00:00,7668.164,16398.934,11234.407
forecast_5411,2025-08-14 11:00:00,7077.396,11909.176,7636.753
forecast_5412,2025-08-14 12:00:00,7475.787,7796.3364,5730.765
forecast_5413,2025-08-14 13:00:00,6039.244,7054.138,4155.19
forecast_5414,2025-08-14 14:00:00,4709.714,3555.096,3602.7285
forecast_5415,2025-08-14 15:00:00,5112.19,4097.131,2161.7886
forecast_5416,2025-08-14 16:00:00,4245.3174,5918.034,2449.5127
forecast_5417,2025-08-14 17:00:00,5266.255,8991.23,6187.857
forecast_5418,2025-08-14 18:00:00,5784.3984,12688.367,12643.234
forecast_5419,2025-08-14 19:00:00,6732.1904,11947.942,15009.627
forecast_5420,2025-08-14 20:00:00,7461.9746,11709.231,14737.75
forecast_5421,2025-08-14 21:00:00,8009.203,13393.248,13953.337
forecast_5422,2025-08-14 22:00:00,9198.985,14562.263,14307.901
forecast_5423,2025-08-14 23:00:00,13444.984,14270.744,14426.425
forecast_5424,2025-08-15 00:00:00,13904.59,13268.277,13411.391
forecast_5425,2025-08-15 01:00:00,12772.254,11537.706,12785.161
forecast_5426,2025-08-15 02:00:00,11106.888,7457.4146,11718.815
forecast_5427,2025-08-15 03:00:00,7047.658,6390.0117,11391.911
forecast_5428,2025-08-15 04:00:00,7222.4385,6757.5703,10126.16
forecast_5429,2025-08-15 05:00:00,8909.185,6257.2534,7958.6616
forecast_5430,2025-08-15 06:00:00,8694.75,4330.045,4443.8735
forecast_5431,2025-08-15 07:00:00,10905.647,2678.3267,3236.2983
forecast_5432,2025-08-15 08:00:00,9424.398,836.66406,2168.261
forecast_5433,2025-08-15 09:00:00,6493.5737,209.80363,1048.7346
forecast_5434,2025-08-15 10:00:00,2582.232,87.746376,333.0563
forecast_5435,2025-08-15 11:00:00,508.73212,64.96749,121.13499
forecast_5436,2025-08-15 12:00:00,167.09972,39.946415,109.20132
forecast_5437,2025-08-15 13:00:00,95.81467,32.49623,197.03291
forecast_5438,2025-08-15 14:00:00,155.49503,50.414204,242.32176
forecast_5439,2025-08-15 15:00:00,175.224,79.943886,141.19427
forecast_5440,2025-08-15 16:00:00,218.88992,92.49336,107.26469
forecast_5441,2025-08-15 17:00:00,307.2541,179.22289,141.39409
forecast_5442,2025-08-15 18:00:00,305.2679,339.11285,189.89513
forecast_5443,2025-08-15 19:00:00,115.903625,203.12035,155.83768
forecast_5444,2025-08-15 20:00:00,190.77837,247.99695,97.80822
forecast_5445,2025-08-15 21:00:00,1748.4912,402.19354,493.15912
forecast_5446,2025-08-15 22:00:00,4077.5154,921.0848,3408.7417
forecast_5447,2025-08-15 23:00:00,6506.991,1601.4249,2928.091
forecast_5448,2025-08-16 00:00:00,7198.5796,2042.398,4405.91
forecast_5449,2025-08-16 01:00:00,6882.217,2897.7314,5729.557
forecast_5450,2025-08-16 02:00:00,8047.514,2862.9185,7421.3853
forecast_5451,2025-08-16 03:00:00,9695.075,3039.1816,8691.3955
forecast_5452,2025-08-16 04:00:00,10061.54,4034.4954,8449.871
forecast_5453,2025-08-16 05:00:00,10540.377,6225.5845,5774.478
forecast_5454,2025-08-16 06:00:00,10236.176,7762.7505,3881.7573
forecast_5455,2025-08-16 07:00:00,11458.9,8091.739,3264.1653
forecast_5456,2025-08-16 08:00:00,11365.278,5706.605,2496.694
forecast_5457,2025-08-16 09:00:00,8507.505,2620.4014,1920.617
forecast_5458,2025-08-16 10:00:00,4949.8345,1525.8109,1207.4287
forecast_5459,2025-08-16 11:00:00,3376.5566,1518.7203,914.5918
forecast_5460,2025-08-16 12:00:00,3761.9863,2095.1614,1460.5089
forecast_5461,2025-08-16 13:00:00,4086.996,3232.7175,2087.0767
forecast_5462,2025-08-16 14:00:00,3235.0457,4388.608,6783.554
forecast_5463,2025-08-16 15:00:00,2945.9937,4884.893,7318.983
forecast_5464,2025-08-16 16:00:00,4346.7944,4545.155,7043.567
forecast_5465,2025-08-16 17:00:00,8067.6816,4270.8955,8076.95
forecast_5466,2025-08-16 18:00:00,10461.428,7055.672,11589.011
forecast_5467,2025-08-16 19:00:00,10656.87,10853.696,14458.664
forecast_5468,2025-08-16 20:00:00,13957.931,14467.416,15683.217
forecast_5469,2025-08-16 21:00:00,18276.1,15905.55,14142.767
forecast_5470,2025-08-16 22:00:00,18697.521,16086.584,13157.731
forecast_5471,2025-08-16 23:00:00,17462.34,15699.02,13606.802
forecast_5472,2025-08-17 00:00:00,16478.705,15402.9375,14666.649
forecast_5473,2025-08-17 01:00:00,16446.357,15106.821,15087.418
forecast_5474,2025-08-17 02:00:00,16532.152,14990.575,15722.365
forecast_5475,2025-08-17 03:00:00,17222.988,15473.693,15712.881
forecast_5476,2025-08-17 04:00:00,17332.93,16472.627,14844.818
forecast_5477,2025-08-17 05:00:00,17543.102,17719.205,16612.518
forecast_5478,2025-08-17 06:00:00,17666.193,18482.312,15570.6455
forecast_5479,2025-08-17 07:00:00,16941.277,18686.107,13353.554
forecast_5480,2025-08-17 08:00:00,15496.814,18046.783,11444.165
forecast_5481,2025-08-17 09:00:00,13167.277,16175.367,7727.22
forecast_5482,2025-08-17 10:00:00,8467.32,13232.008,5388.297
forecast_5483,2025-08-17 11:00:00,4025.7734,10660.855,4922.9277
forecast_5484,2025-08-17 12:00:00,2303.556,5781.9175,4397.885
forecast_5485,2025-08-17 13:00:00,2184.9463,4202.349,2986.4722
forecast_5486,2025-08-17 14:00:00,1805.5048,5647.5728,1457.406
forecast_5487,2025-08-17 15:00:00,1865.4346,6545.029,1175.208
forecast_5488,2025-08-17 16:00:00,1554.1083,6761.689,2880.09
forecast_5489,2025-08-17 17:00:00,1463.4083,6241.457,2090.5215
forecast_5490,2025-08-17 18:00:00,1688.3573,3444.7983,1801.5127
forecast_5491,2025-08-17 19:00:00,4877.6704,4716.6,3371.5552
forecast_5492,2025-08-17 20:00:00,7058.9434,7414.4507,4361.955
forecast_5493,2025-08-17 21:00:00,5772.517,7066.5464,5271.1055
forecast_5494,2025-08-17 22:00:00,5323.9927,6979.7397,4814.267
forecast_5495,2025-08-17 23:00:00,3856.539,5917.2886,4738.926
forecast_5496,2025-08-18 00:00:00,4255.4277,4649.9126,5219.922
forecast_5497,2025-08-18 01:00:00,2935.8354,4262.1025,4158.1973
forecast_5498,2025-08-18 02:00:00,2402.5867,7102.8022,4715.8994
forecast_5499,2025-08-18 03:00:00,2306.6355,9060.562,5243.1465
forecast_5500,2025-08-18 04:00:00,3645.5454,9489.1455,5090.8374
forecast_5501,2025-08-18 05:00:00,4559.81,7574.33,4003.4082
forecast_5502,2025-08-18 06:00:00,6108.517,7162.797,3839.9456
forecast_5503,2025-08-18 07:00:00,7124.368,7628.992,3665.4038
forecast_5504,2025-08-18 08:00:00,8489.965,7473.178,3319.965
forecast_5505,2025-08-18 09:00:00,8676.08,6981.372,3992.4338
forecast_5506,2025-08-18 10:00:00,8422.618,6072.0967,4498.3164
forecast_5507,2025-08-18 11:00:00,7647.963,5410.4946,4679.5127
forecast_5508,2025-08-18 12:00:00,7270.398,5924.558,5829.4873
forecast_5509,2025-08-18 13:00:00,6782.9043,7096.9766,4649.46
forecast_5510,2025-08-18 14:00:00,5447.506,3925.2812,5004.8364
forecast_5511,2025-08-18 15:00:00,5628.054,4324.644,6708.163
forecast_5512,2025-08-18 16:00:00,5780.2656,4845.1763,6924.752
forecast_5513,2025-08-18 17:00:00,5618.0547,4400.1484,6928.3335
forecast_5514,2025-08-18 18:00:00,6017.8125,3643.225,7446.102
forecast_5515,2025-08-18 19:00:00,7015.7754,6675.436,7973.813
forecast_5516,2025-08-18 20:00:00,8945.73,10847.793,8562.393
forecast_5517,2025-08-18 21:00:00,9926.845,14311.542,9706.694
forecast_5518,2025-08-18 22:00:00,9921.338,13588.164,10513.787
forecast_5519,2025-08-18 23:00:00,10874.713,14352.292,10399.008
forecast_5520,2025-08-19 00:00:00,11048.559,15085.011,10814.158
forecast_5521,2025-08-19 01:00:00,12268.431,16253.273,14525.06
forecast_5522,2025-08-19 02:00:00,12832.171,17639.61,15913.032
forecast_5523,2025-08-19 03:00:00,12700.208,17852.115,15534.841
forecast_5524,2025-08-19 04:00:00,12881.106,16594.309,15566.166
forecast_5525,2025-08-19 05:00:00,11382.419,16094.584,16193.801
forecast_5526,2025-08-19 06:00:00,9131.635,15113.926,16389.768
forecast_5527,2025-08-19 07:00:00,7495.18,13720.569,15827.357
forecast_5528,2025-08-19 08:00:00,6297.59,12439.713,12655.567
forecast_5529,2025-08-19 09:00:00,5887.5166,11319.907,13545.658
forecast_5530,2025-08-19 10:00:00,6973.147,10146.995,13631.639
forecast_5531,2025-08-19 11:00:00,6949.4243,7839.138,12227.446
forecast_5532,2025-08-19 12:00:00,5094.23,5552.311,11087.366
forecast_5533,2025-08-19 13:00:00,5367.1875,6406.3213,10342.608
forecast_5534,2025-08-19 14:00:00,3847.4404,9201.877,6925.634
forecast_5535,2025-08-19 15:00:00,5875.9717,9267.398,5811.744
forecast_5536,2025-08-19 16:00:00,6757.4194,8633.878,6288.3545
forecast_5537,2025-08-19 17:00:00,8295.421,8753.238,9761.729
forecast_5538,2025-08-19 18:00:00,8755.497,9109.751,9287.274
forecast_5539,2025-08-19 19:00:00,9554.118,11377.187,9798.138
forecast_5540,2025-08-19 20:00:00,14062.988,15348.067,10946.245
forecast_5541,2025-08-19 21:00:00,15814.267,17388.443,12325.259
forecast_5542,2025-08-19 22:00:00,15829.997,18665.088,13156.752
forecast_5543,2025-08-19 23:00:00,15447.56,18594.652,13444.967
forecast_5544,2025-08-20 00:00:00,14664.898,17557.36,13722.258
forecast_5545,2025-08-20 01:00:00,14997.493,17061.273,16094.32
forecast_5546,2025-08-20 02:00:00,15188.152,16713.799,17303.076
forecast_5547,2025-08-20 03:00:00,15539.276,17032.486,17010.395
forecast_5548,2025-08-20 04:00:00,15150.614,17545.893,15565.226
forecast_5549,2025-08-20 05:00:00,16035.864,17619.508,13264.977
forecast_5550,2025-08-20 06:00:00,16107.197,17551.45,11988.0205
forecast_5551,2025-08-20 07:00:00,16283.292,17552.346,12716.929
forecast_5552,2025-08-20 08:00:00,14591.411,16180.338,10390.356
forecast_5553,2025-08-20 09:00:00,11090.127,10903.087,7952.115
forecast_5554,2025-08-20 10:00:00,6357.716,4650.9985,5172.7344
forecast_5555,2025-08-20 11:00:00,4186.4873,2367.853,4782.949
forecast_5556,2025-08-20 12:00:00,2294.6335,2105.7517,4323.0415
forecast_5557,2025-08-20 13:00:00,2177.0732,2104.7954,3137.668
forecast_5558,2025-08-20 14:00:00,2049.9019,2179.232,1937.2393
forecast_5559,2025-08-20 15:00:00,1617.4987,2268.7034,1510.0409
forecast_5560,2025-08-20 16:00:00,2996.6985,2909.2266,1904.6077
forecast_5561,2025-08-20 17:00:00,5341.581,4643.6787,2510.0837
forecast_5562,2025-08-20 18:00:00,6391.7705,9451.995,3683.7124
forecast_5563,2025-08-20 19:00:00,8441.631,8215.952,3477.9849
forecast_5564,2025-08-20 20:00:00,13601.437,7463.81,5406.781
forecast_5565,2025-08-20 21:00:00,15514.772,7295.766,5114.345
forecast_5566,2025-08-20 22:00:00,16211.857,6660.782,3960.821
forecast_5567,2025-08-20 23:00:00,15766.757,8081.9067,4919.121
forecast_5568,2025-08-21 00:00:00,15312.569,12150.775,7173.4023
forecast_5569,2025-08-21 01:00:00,13736.77,14920.873,7033.8804
forecast_5570,2025-08-21 02:00:00,12241.714,14366.974,5077.2026
forecast_5571,2025-08-21 03:00:00,12300.851,14395.605,8376.38
forecast_5572,2025-08-21 04:00:00,14680.651,14770.154,11143.982
forecast_5573,2025-08-21 05:00:00,16830.807,14523.2705,14583.788
forecast_5574,2025-08-21 06:00:00,15545.14,13135.021,13466.226
forecast_5575,2025-08-21 07:00:00,13850.078,10448.145,9135.842
forecast_5576,2025-08-21 08:00:00,10160.292,3512.971,4533.338
forecast_5577,2025-08-21 09:00:00,4935.3335,442.3356,2589.0576
forecast_5578,2025-08-21 10:00:00,1188.6658,160.46698,1332.9219
forecast_5579,2025-08-21 11:00:00,266.423,138.19212,695.0181
forecast_5580,2025-08-21 12:00:00,259.12527,107.17722,378.093
forecast_5581,2025-08-21 13:00:00,389.99048,103.18025,185.50894
forecast_5582,2025-08-21 14:00:00,469.3348,127.03759,141.38223
forecast_5583,2025-08-21 15:00:00,401.42935,103.21223,242.01607
forecast_5584,2025-08-21 16:00:00,409.6143,38.181034,245.26315
forecast_5585,2025-08-21 17:00:00,287.49918,24.682152,81.05903
forecast_5586,2025-08-21 18:00:00,222.8623,34.027187,53.087696
forecast_5587,2025-08-21 19:00:00,178.33789,75.891594,71.10356
forecast_5588,2025-08-21 20:00:00,159.38365,157.71918,179.28035
forecast_5589,2025-08-21 21:00:00,151.56468,373.72653,683.5627
forecast_5590,2025-08-21 22:00:00,174.04974,1133.4017,1252.3629
forecast_5591,2025-08-21 23:00:00,237.7969,2554.611,1517.3547
forecast_5592,2025-08-22 00:00:00,323.75436,2588.833,1460.1266
forecast_5593,2025-08-22 01:00:00,896.69446,3228.8914,1719.63
forecast_5594,2025-08-22 02:00:00,1221.6499,2364.813,2542.1382
forecast_5595,2025-08-22 03:00:00,1040.5353,3238.3638,3598.41
forecast_5596,2025-08-22 04:00:00,1794.784,4533.987,3901.9402
forecast_5597,2025-08-22 05:00:00,3607.909,6610.436,3763.318
forecast_5598,2025-08-22 06:00:00,5226.3037,8587.892,4712.8115
forecast_5599,2025-08-22 07:00:00,7094.8203,8424.75,6594.343
forecast_5600,2025-08-22 08:00:00,9259.587,7067.953,8006.2876
forecast_5601,2025-08-22 09:00:00,10223.047,5040.728,7281.138
forecast_5602,2025-08-22 10:00:00,8545.007,3436.7444,4865.1143
forecast_5603,2025-08-22 11:00:00,5308.214,2254.341,2596.3801
forecast_5604,2025-08-22 12:00:00,3566.3352,1534.5668,1692.3135
forecast_5605,2025-08-22 13:00:00,2365.6174,1186.1487,1400.845
forecast_5606,2025-08-22 14:00:00,1747.498,1182.9032,1453.0907
forecast_5607,2025-08-22 15:00:00,2798.592,1323.5848,2288.2737
forecast_5608,2025-08-22 16:00:00,4306.009,1542.1593,3540.2944
forecast_5609,2025-08-22 17:00:00,6420.6895,3050.64,4155.272
forecast_5610,2025-08-22 18:00:00,9660.943,5004.575,4467.1274
forecast_5611,2025-08-22 19:00:00,12783.068,6101.118,4255.4717
forecast_5612,2025-08-22 20:00:00,16928.48,8565.407,6275.606
forecast_5613,2025-08-22 21:00:00,17982.252,9528.902,7795.6084
forecast_5614,2025-08-22 22:00:00,16702.943,12716.758,8362.812
forecast_5615,2025-08-22 23:00:00,16011.237,13062.43,8917.441
forecast_5616,2025-08-23 00:00:00,16459.756,13162.379,9777.812
forecast_5617,2025-08-23 01:00:00,17506.727,13999.942,12691.208
forecast_5618,2025-08-23 02:00:00,17866.516,14793.821,12102.072
forecast_5619,2025-08-23 03:00:00,18339.719,14687.138,9967.093
forecast_5620,2025-08-23 04:00:00,17870.18,12837.769,10138.033
forecast_5621,2025-08-23 05:00:00,15663.969,10994.756,10482.549
forecast_5622,2025-08-23 06:00:00,14002.962,9691.393,6622.772
forecast_5623,2025-08-23 07:00:00,10763.526,5845.626,3318.186
forecast_5624,2025-08-23 08:00:00,4224.889,1198.2019,1928.5505
forecast_5625,2025-08-23 09:00:00,941.1028,354.7568,1010.33136
forecast_5626,2025-08-23 10:00:00,447.3457,313.64233,444.93796
forecast_5627,2025-08-23 11:00:00,458.75717,294.27814,290.1474
forecast_5628,2025-08-23 12:00:00,429.577,212.08853,180.21808
forecast_5629,2025-08-23 13:00:00,366.15015,206.88042,181.35852
forecast_5630,2025-08-23 14:00:00,262.46243,192.80635,292.25183
forecast_5631,2025-08-23 15:00:00,257.48444,205.32695,201.76534
forecast_5632,2025-08-23 16:00:00,144.94576,73.077805,92.7338
forecast_5633,2025-08-23 17:00:00,153.28996,46.78899,61.513374
forecast_5634,2025-08-23 18:00:00,213.50928,61.78539,61.19178
forecast_5635,2025-08-23 19:00:00,163.88387,103.430466,78.32184
forecast_5636,2025-08-23 20:00:00,177.12688,230.38402,44.69127
forecast_5637,2025-08-23 21:00:00,384.56183,479.83014,480.88757
forecast_5638,2025-08-23 22:00:00,774.3407,1982.6102,1549.3811
forecast_5639,2025-08-23 23:00:00,773.5838,1955.1179,1607.5156
forecast_5640,2025-08-24 00:00:00,719.21356,1908.5366,2026.4338
forecast_5641,2025-08-24 01:00:00,1001.4532,1953.12,2124.2446
forecast_5642,2025-08-24 02:00:00,790.3334,1395.5492,1852.9735
forecast_5643,2025-08-24 03:00:00,731.8237,1265.5488,1598.8251
forecast_5644,2025-08-24 04:00:00,750.8229,1203.7302,1011.4061
forecast_5645,2025-08-24 05:00:00,747.5649,1260.5684,925.6458
forecast_5646,2025-08-24 06:00:00,379.29498,878.4543,810.1335
forecast_5647,2025-08-24 07:00:00,307.04343,635.9659,395.51996
forecast_5648,2025-08-24 08:00:00,169.18309,434.9777,115.31133
forecast_5649,2025-08-24 09:00:00,103.17207,265.84546,40.31408
forecast_5650,2025-08-24 10:00:00,89.47818,180.19258,19.425632
forecast_5651,2025-08-24 11:00:00,92.88997,201.5682,22.230234
forecast_5652,2025-08-24 12:00:00,130.30043,312.00293,41.415977
forecast_5653,2025-08-24 13:00:00,179.02597,377.75012,104.50433
forecast_5654,2025-08-24 14:00:00,527.0749,422.46973,311.43552
forecast_5655,2025-08-24 15:00:00,790.77454,438.52475,509.427
forecast_5656,2025-08-24 16:00:00,485.21048,425.971,321.24637
forecast_5657,2025-08-24 17:00:00,965.0519,997.09454,374.36667
forecast_5658,2025-08-24 18:00:00,976.38446,956.1164,1411.6019
forecast_5659,2025-08-24 19:00:00,1434.7274,730.86096,673.62036
forecast_5660,2025-08-24 20:00:00,1855.4999,653.1923,622.80084
forecast_5661,2025-08-24 21:00:00,1484.2344,562.5448,878.9948
forecast_5662,2025-08-24 22:00:00,1015.1914,888.85626,949.965
forecast_5663,2025-08-24 23:00:00,1112.6234,1108.0332,909.9816
forecast_5664,2025-08-25 00:00:00,911.27893,1227.324,914.82983
forecast_5665,2025-08-25 01:00:00,510.8814,1184.5465,669.7419
forecast_5666,2025-08-25 02:00:00,226.1521,1130.5795,789.32587
forecast_5667,2025-08-25 03:00:00,189.21188,1067.2097,806.72815
forecast_5668,2025-08-25 04:00:00,324.55017,916.05133,813.7808
forecast_5669,2025-08-25 05:00:00,561.6169,803.40955,781.1137
forecast_5670,2025-08-25 06:00:00,829.7492,743.79553,605.3771
forecast_5671,2025-08-25 07:00:00,766.37823,954.3772,747.8493
forecast_5672,2025-08-25 08:00:00,1073.9978,1452.0079,942.3154
forecast_5673,2025-08-25 09:00:00,684.9186,764.2398,503.79807
forecast_5674,2025-08-25 10:00:00,476.91318,461.02432,216.16336
forecast_5675,2025-08-25 11:00:00,564.20105,386.21057,133.87866
forecast_5676,2025-08-25 12:00:00,758.04675,452.25183,193.07715
forecast_5677,2025-08-25 13:00:00,904.96826,642.16693,256.68665
forecast_5678,2025-08-25 14:00:00,534.2375,250.389,253.33215
forecast_5679,2025-08-25 15:00:00,492.74146,312.74692,876.38477
forecast_5680,2025-08-25 16:00:00,917.25586,698.534,1332.1152
forecast_5681,2025-08-25 17:00:00,1946.9968,1677.771,1287.0717
forecast_5682,2025-08-25 18:00:00,2182.978,2532.3806,1663.1532
forecast_5683,2025-08-25 19:00:00,3490.2646,3487.5742,2463.454
forecast_5684,2025-08-25 20:00:00,5313.4854,3917.9924,2441.1663
forecast_5685,2025-08-25 21:00:00,11294.693,5585.007,3451.0303
forecast_5686,2025-08-25 22:00:00,11839.085,7921.9434,4887.497
forecast_5687,2025-08-25 23:00:00,14860.825,10411.461,8545.612
forecast_5688,2025-08-26 00:00:00,16394.736,12330.647,13279.438
forecast_5689,2025-08-26 01:00:00,17216.521,13937.387,15236.006
forecast_5690,2025-08-26 02:00:00,17950.863,15984.115,14470.516
forecast_5691,2025-08-26 03:00:00,19003.45,17082.656,13490.274
forecast_5692,2025-08-26 04:00:00,19052.879,16360.104,13546.353
forecast_5693,2025-08-26 05:00:00,19103.729,15318.332,13163.604
forecast_5694,2025-08-26 06:00:00,17763.94,14522.719,13000.8545
forecast_5695,2025-08-26 07:00:00,16025.448,14475.052,13771.552
forecast_5696,2025-08-26 08:00:00,14363.132,14085.651,14295.42
forecast_5697,2025-08-26 09:00:00,13721.096,13555.602,14301.319
forecast_5698,2025-08-26 10:00:00,14591.712,14472.202,15824.084
forecast_5699,2025-08-26 11:00:00,13899.531,12975.927,15322.871
forecast_5700,2025-08-26 12:00:00,12477.956,11395.435,15521.619
forecast_5701,2025-08-26 13:00:00,9407.917,10082.507,13916.273
forecast_5702,2025-08-26 14:00:00,10345.719,10702.25,13728.287
forecast_5703,2025-08-26 15:00:00,9612.906,12283.599,12792.538
forecast_5704,2025-08-26 16:00:00,11309.142,15016.509,11825.006
forecast_5705,2025-08-26 17:00:00,11108.809,14604.576,11400.216
forecast_5706,2025-08-26 18:00:00,12945.542,15398.768,12648.923
forecast_5707,2025-08-26 19:00:00,13183.987,15911.741,15725.682
forecast_5708,2025-08-26 20:00:00,13796.432,16282.861,15860.23
forecast_5709,2025-08-26 21:00:00,13203.641,14468.859,9286.063
forecast_5710,2025-08-26 22:00:00,12750.975,11688.307,6735.6255
forecast_5711,2025-08-26 23:00:00,11447.299,10718.13,8802.573
forecast_5712,2025-08-27 00:00:00,10929.968,9506.957,9483.934
forecast_5713,2025-08-27 01:00:00,10532.474,7493.7305,6544.557
forecast_5714,2025-08-27 02:00:00,9874.219,6689.602,5031.391
forecast_5715,2025-08-27 03:00:00,7970.9863,5824.7627,3488.8884
forecast_5716,2025-08-27 04:00:00,5088.025,4438.1865,2202.7625
forecast_5717,2025-08-27 05:00:00,2819.1794,2293.1892,1454.263
forecast_5718,2025-08-27 06:00:00,969.3584,1315.0876,669.864
forecast_5719,2025-08-27 07:00:00,414.83774,678.5249,264.0056
forecast_5720,2025-08-27 08:00:00,92.48893,96.55179,93.49157
forecast_5721,2025-08-27 09:00:00,47.53056,45.5429,44.088097
forecast_5722,2025-08-27 10:00:00,21.602856,42.08513,66.15764
forecast_5723,2025-08-27 11:00:00,27.414017,39.70547,138.33873
forecast_5724,2025-08-27 12:00:00,28.851181,30.551949,103.19854
forecast_5725,2025-08-27 13:00:00,21.876339,31.700607,73.32978
forecast_5726,2025-08-27 14:00:00,31.217278,32.007767,194.46266
forecast_5727,2025-08-27 15:00:00,53.1662,39.064323,173.09978
forecast_5728,2025-08-27 16:00:00,55.18453,56.504086,134.67139
forecast_5729,2025-08-27 17:00:00,80.923035,119.7226,309.643
forecast_5730,2025-08-27 18:00:00,188.48582,158.07509,573.55475
forecast_5731,2025-08-27 19:00:00,332.25278,216.09126,488.70697
forecast_5732,2025-08-27 20:00:00,452.85635,241.39664,337.68094
forecast_5733,2025-08-27 21:00:00,404.15866,156.082,178.7808
forecast_5734,2025-08-27 22:00:00,321.9723,135.72792,81.48289
forecast_5735,2025-08-27 23:00:00,329.31116,123.12297,48.89059
forecast_5736,2025-08-28 00:00:00,300.06952,121.262596,33.034363
forecast_5737,2025-08-28 01:00:00,233.71179,81.45372,25.838314
forecast_5738,2025-08-28 02:00:00,309.5096,225.53392,59.298943
forecast_5739,2025-08-28 03:00:00,267.32175,498.70193,278.4627
forecast_5740,2025-08-28 04:00:00,292.6089,684.9251,648.5544
forecast_5741,2025-08-28 05:00:00,351.92148,847.6358,635.2347
forecast_5742,2025-08-28 06:00:00,604.23096,1728.1846,1654.2133
forecast_5743,2025-08-28 07:00:00,876.69855,5100.804,2600.0015
forecast_5744,2025-08-28 08:00:00,1347.6256,4824.8564,2202.7588
forecast_5745,2025-08-28 09:00:00,1355.0466,7601.612,1739.7343
forecast_5746,2025-08-28 10:00:00,758.81647,6992.448,1479.5724
forecast_5747,2025-08-28 11:00:00,576.94086,5642.62,1901.1622
forecast_5748,2025-08-28 12:00:00,785.7051,4315.841,1994.2653
forecast_5749,2025-08-28 13:00:00,2041.6165,3317.186,2663.557
forecast_5750,2025-08-28 14:00:00,3035.6323,3332.1665,3888.5383
forecast_5751,2025-08-28 15:00:00,4107.649,3650.5728,4835.093
forecast_5752,2025-08-28 16:00:00,3754.2546,3965.1497,5644.26
forecast_5753,2025-08-28 17:00:00,3904.913,5282.0874,7344.6
forecast_5754,2025-08-28 18:00:00,6335.9707,6438.976,8099.1157
forecast_5755,2025-08-28 19:00:00,8943.43,7401.2153,8925.664
forecast_5756,2025-08-28 20:00:00,9984.761,8863.73,8638.06
forecast_5757,2025-08-28 21:00:00,11980.945,11333.467,7204.884
forecast_5758,2025-08-28 22:00:00,12181.417,7660.727,5985.855
forecast_5759,2025-08-28 23:00:00,13766.793,11902.993,7320.4785
forecast_5760,2025-08-29 00:00:00,14506.284,15623.698,10167.56
forecast_5761,2025-08-29 01:00:00,14427.381,16894.184,13181.746
forecast_5762,2025-08-29 02:00:00,14736.406,18105.408,17746.318
forecast_5763,2025-08-29 03:00:00,15516.687,17954.184,19521.648
forecast_5764,2025-08-29 04:00:00,15363.959,17748.67,19896.082
forecast_5765,2025-08-29 05:00:00,14665.897,17375.928,19781.848
forecast_5766,2025-08-29 06:00:00,14285.605,17130.014,19681.857
forecast_5767,2025-08-29 07:00:00,14498.201,17015.82,19911.994
forecast_5768,2025-08-29 08:00:00,14319.477,16924.945,19554.191
forecast_5769,2025-08-29 09:00:00,12929.809,16410.57,17678.566
forecast_5770,2025-08-29 10:00:00,12489.363,15187.937,13935.476
forecast_5771,2025-08-29 11:00:00,13704.406,12815.719,10971.924
forecast_5772,2025-08-29 12:00:00,13746.483,9904.199,10131.221
forecast_5773,2025-08-29 13:00:00,10388.162,7536.29,9318.437
forecast_5774,2025-08-29 14:00:00,7737.7827,8025.6206,9535.44
forecast_5775,2025-08-29 15:00:00,6800.464,10481.366,10173.001
forecast_5776,2025-08-29 16:00:00,10013.529,12337.805,11084.097
forecast_5777,2025-08-29 17:00:00,9243.294,12413.434,10497.91
forecast_5778,2025-08-29 18:00:00,8504.949,12579.9375,8836.876
forecast_5779,2025-08-29 19:00:00,8581.399,12704.007,2702.3264
forecast_5780,2025-08-29 20:00:00,11703.549,12767.142,4028.4558
forecast_5781,2025-08-29 21:00:00,12746.91,13836.586,6706.1167
forecast_5782,2025-08-29 22:00:00,16251.166,15111.255,9664.37
forecast_5783,2025-08-29 23:00:00,18036.562,16036.6045,11561.649
forecast_5784,2025-08-30 00:00:00,17826.049,15775.589,9768.523
forecast_5785,2025-08-30 01:00:00,17120.67,14269.654,7741.29
forecast_5786,2025-08-30 02:00:00,17372.322,12841.59,6440.646
forecast_5787,2025-08-30 03:00:00,16755.064,11779.541,5084.144
forecast_5788,2025-08-30 04:00:00,14359.494,10957.157,4242.739
forecast_5789,2025-08-30 05:00:00,9150.07,10327.794,4380.9126
forecast_5790,2025-08-30 06:00:00,6414.2446,9530.521,5097.3906
forecast_5791,2025-08-30 07:00:00,5770.7505,8597.006,5359.841
forecast_5792,2025-08-30 08:00:00,5110.6,7079.482,4751.301
forecast_5793,2025-08-30 09:00:00,3970.8965,4450.559,3761.9548
forecast_5794,2025-08-30 10:00:00,2121.4114,1415.7416,1566.4845
forecast_5795,2025-08-30 11:00:00,899.8435,472.79578,509.30258
forecast_5796,2025-08-30 12:00:00,583.3254,457.06616,292.79745
forecast_5797,2025-08-30 13:00:00,650.3363,432.26367,370.53616
forecast_5798,2025-08-30 14:00:00,935.8757,456.61792,505.66977
forecast_5799,2025-08-30 15:00:00,1309.5276,421.2084,634.0855
forecast_5800,2025-08-30 16:00:00,1855.6666,538.1453,1041.1179
forecast_5801,2025-08-30 17:00:00,1882.4514,773.77264,1692.4954
forecast_5802,2025-08-30 18:00:00,1570.308,1004.7908,1245.8959
forecast_5803,2025-08-30 19:00:00,2200.4998,1087.96,938.97687
forecast_5804,2025-08-30 20:00:00,5420.5117,1990.7811,825.12634
forecast_5805,2025-08-30 21:00:00,8165.8267,3175.9128,1327.171
forecast_5806,2025-08-30 22:00:00,8450.981,2970.3667,2234.006
forecast_5807,2025-08-30 23:00:00,7351.4526,3548.792,3367.4375
forecast_5808,2025-08-31 00:00:00,4554.3765,4332.033,3605.9592
forecast_5809,2025-08-31 01:00:00,4584.6597,4483.7095,3835.3887
forecast_5810,2025-08-31 02:00:00,4350.8716,4371.6978,3870.5828
forecast_5811,2025-08-31 03:00:00,3875.0593,4636.345,3195.0706
forecast_5812,2025-08-31 04:00:00,3676.2026,6098.7363,2883.7566
forecast_5813,2025-08-31 05:00:00,4787.0835,6118.465,2844.4263
forecast_5814,2025-08-31 06:00:00,4258.6694,4815.6587,2869.4922
forecast_5815,2025-08-31 07:00:00,3627.4756,3473.736,2233.1987
forecast_5816,2025-08-31 08:00:00,1679.6337,1398.7495,1198.3398
forecast_5817,2025-08-31 09:00:00,407.51242,516.9063,261.81195
forecast_5818,2025-08-31 10:00:00,181.9115,310.84818,77.05977
forecast_5819,2025-08-31 11:00:00,191.59067,395.65778,113.36099
forecast_5820,2025-08-31 12:00:00,298.13992,450.0026,193.46806
forecast_5821,2025-08-31 13:00:00,631.5563,674.7831,423.3125
forecast_5822,2025-08-31 14:00:00,727.3808,1477.4169,1549.6873
forecast_5823,2025-08-31 15:00:00,1099.4014,2321.6313,3434.1038
forecast_5824,2025-08-31 16:00:00,1842.0118,2949.4023,4235.3594
forecast_5825,2025-08-31 17:00:00,2999.2058,3256.403,3439.2222
forecast_5826,2025-08-31 18:00:00,3740.4185,3661.625,2804.701
forecast_5827,2025-08-31 19:00:00,4301.7334,4459.898,1801.786
forecast_5828,2025-08-31 20:00:00,7134.53,9464.1875,1892.0156
forecast_5829,2025-08-31 21:00:00,6074.8545,12976.594,2156.0107
forecast_5830,2025-08-31 22:00:00,8770.277,12265.234,3576.8909
forecast_5831,2025-08-31 23:00:00,9711.775,11990.528,5506.005
forecast_5832,2025-09-01 00:00:00,11727.64,13085.106,6813.47
forecast_5833,2025-09-01 01:00:00,12303.08,13079.383,7658.4194
forecast_5834,2025-09-01 02:00:00,15858.682,13334.353,10426.96
forecast_5835,2025-09-01 03:00:00,17306.771,15421.975,10332.378
forecast_5836,2025-09-01 04:00:00,17277.994,15726.348,8970.063
forecast_5837,2025-09-01 05:00:00,16986.623,16687.375,11518.386
forecast_5838,2025-09-01 06:00:00,17569.025,16327.92,13924.245
forecast_5839,2025-09-01 07:00:00,17300.764,15765.903,14057.44
forecast_5840,2025-09-01 08:00:00,17651.736,15661.931,13442.866
forecast_5841,2025-09-01 09:00:00,16891.191,14868.343,11833.064
forecast_5842,2025-09-01 10:00:00,14822.257,13776.549,10245.808
forecast_5843,2025-09-01 11:00:00,12621.824,11281.147,8858.5
forecast_5844,2025-09-01 12:00:00,10016.778,8041.772,6420.7886
forecast_5845,2025-09-01 13:00:00,8889.766,6219.702,3570.674
forecast_5846,2025-09-01 14:00:00,9013.679,6168.478,1679.5181
forecast_5847,2025-09-01 15:00:00,9613.304,5140.089,1448.2526
forecast_5848,2025-09-01 16:00:00,10477.422,7587.029,1754.2715
forecast_5849,2025-09-01 17:00:00,9739.659,11497.233,2215.6372
forecast_5850,2025-09-01 18:00:00,8046.396,10649.963,3365.7383
forecast_5851,2025-09-01 19:00:00,11059.777,8787.839,6148.741
forecast_5852,2025-09-01 20:00:00,11516.488,6590.547,5779.8
forecast_5853,2025-09-01 21:00:00,9932.14,5869.57,4786.505
forecast_5854,2025-09-01 22:00:00,9064.118,5438.5664,4564.729
forecast_5855,2025-09-01 23:00:00,7026.7417,6757.2583,5573.7207
forecast_5856,2025-09-02 00:00:00,9138.616,8980.71,5760.6533
forecast_5857,2025-09-02 01:00:00,10871.316,7565.588,5476.5986
forecast_5858,2025-09-02 02:00:00,13368.083,8306.77,7822.685
forecast_5859,2025-09-02 03:00:00,13819.475,9053.788,7020.1006
forecast_5860,2025-09-02 04:00:00,13845.126,10243.937,5478.387
forecast_5861,2025-09-02 05:00:00,12789.267,11735.219,6139.84
forecast_5862,2025-09-02 06:00:00,9064.4375,11106.976,6533.9614
forecast_5863,2025-09-02 07:00:00,5987.5044,8608.747,7227.629
forecast_5864,2025-09-02 08:00:00,4217.0,6679.2266,7076.0107
forecast_5865,2025-09-02 09:00:00,2241.8076,3490.7922,5913.493
forecast_5866,2025-09-02 10:00:00,1943.4291,1570.8486,3545.8977
forecast_5867,2025-09-02 11:00:00,2374.0076,858.54486,1218.9929
forecast_5868,2025-09-02 12:00:00,2212.3687,651.6713,744.0718
forecast_5869,2025-09-02 13:00:00,1865.524,391.61557,820.3492
forecast_5870,2025-09-02 14:00:00,1242.5198,190.77023,1221.3544
forecast_5871,2025-09-02 15:00:00,217.78339,96.64629,587.8415
forecast_5872,2025-09-02 16:00:00,135.91777,100.7121,125.86092
forecast_5873,2025-09-02 17:00:00,79.98085,79.36623,177.22623
forecast_5874,2025-09-02 18:00:00,63.082962,65.85643,108.09216
forecast_5875,2025-09-02 19:00:00,60.79009,91.6735,100.99857
forecast_5876,2025-09-02 20:00:00,70.164055,121.44725,121.21094
forecast_5877,2025-09-02 21:00:00,84.19564,192.61818,98.59625
forecast_5878,2025-09-02 22:00:00,90.459236,135.87239,148.04703
forecast_5879,2025-09-02 23:00:00,120.1173,139.34119,403.55057
forecast_5880,2025-09-03 00:00:00,109.59889,140.5305,1321.1338
forecast_5881,2025-09-03 01:00:00,65.21573,71.54758,320.44083
forecast_5882,2025-09-03 02:00:00,46.633232,143.97531,204.47469
forecast_5883,2025-09-03 03:00:00,63.709793,116.021996,58.64124
forecast_5884,2025-09-03 04:00:00,54.961143,114.73127,32.595787
forecast_5885,2025-09-03 05:00:00,91.49283,119.93131,50.80948
forecast_5886,2025-09-03 06:00:00,76.10182,112.366714,48.06289
forecast_5887,2025-09-03 07:00:00,83.436485,88.38818,33.69471
forecast_5888,2025-09-03 08:00:00,61.82415,65.08462,32.00122
forecast_5889,2025-09-03 09:00:00,66.654976,47.315758,46.136433
forecast_5890,2025-09-03 10:00:00,65.17953,46.990448,93.668594
forecast_5891,2025-09-03 11:00:00,70.9395,65.7362,283.93353
forecast_5892,2025-09-03 12:00:00,53.58821,71.48456,423.66153
forecast_5893,2025-09-03 13:00:00,50.262833,64.3415,369.66623
forecast_5894,2025-09-03 14:00:00,49.106186,62.909603,267.6807
forecast_5895,2025-09-03 15:00:00,66.004295,82.85434,215.36044
forecast_5896,2025-09-03 16:00:00,78.445694,131.66515,158.22908
forecast_5897,2025-09-03 17:00:00,158.12682,175.75984,87.84777
forecast_5898,2025-09-03 18:00:00,142.52408,148.3813,50.404545
forecast_5899,2025-09-03 19:00:00,137.02415,110.640205,27.668642
forecast_5900,2025-09-03 20:00:00,94.17749,73.74104,13.714439
forecast_5901,2025-09-03 21:00:00,141.71391,68.571655,21.950165
forecast_5902,2025-09-03 22:00:00,144.30049,95.46347,35.835026
forecast_5903,2025-09-03 23:00:00,183.16551,180.95688,37.17033
forecast_5904,2025-09-04 00:00:00,166.84558,296.95978,61.371113
forecast_5905,2025-09-04 01:00:00,177.68413,396.4359,179.84435
forecast_5906,2025-09-04 02:00:00,836.0842,587.961,97.97627
forecast_5907,2025-09-04 03:00:00,1311.0687,768.29034,111.560005
forecast_5908,2025-09-04 04:00:00,999.225,840.138,126.22081
forecast_5909,2025-09-04 05:00:00,914.5761,947.49097,219.51288
forecast_5910,2025-09-04 06:00:00,828.58136,624.1219,206.0804
forecast_5911,2025-09-04 07:00:00,1214.4987,589.2249,211.99887
forecast_5912,2025-09-04 08:00:00,1186.516,668.75134,208.61378
forecast_5913,2025-09-04 09:00:00,1262.552,621.931,171.1005
forecast_5914,2025-09-04 10:00:00,1013.3583,598.6828,121.75571
forecast_5915,2025-09-04 11:00:00,779.0387,709.5179,116.54753
forecast_5916,2025-09-04 12:00:00,647.65735,590.5702,104.91111
forecast_5917,2025-09-04 13:00:00,545.7477,457.6187,132.46011
forecast_5918,2025-09-04 14:00:00,457.30423,407.4635,157.48546
forecast_5919,2025-09-04 15:00:00,356.25934,379.101,133.86604
forecast_5920,2025-09-04 16:00:00,378.62607,457.25867,131.69817
forecast_5921,2025-09-04 17:00:00,701.0856,717.04016,196.52818
forecast_5922,2025-09-04 18:00:00,1176.633,999.41296,337.4283
forecast_5923,2025-09-04 19:00:00,1566.7068,912.38837,520.3385
forecast_5924,2025-09-04 20:00:00,1944.8016,693.06024,514.4757
forecast_5925,2025-09-04 21:00:00,1768.9784,770.77,622.344
forecast_5926,2025-09-04 22:00:00,1706.723,1077.4781,959.21643
forecast_5927,2025-09-04 23:00:00,1994.4114,1241.4198,1212.8472
forecast_5928,2025-09-05 00:00:00,2398.4502,1702.0741,1459.7777
forecast_5929,2025-09-05 01:00:00,3087.631,2596.731,1238.7603
forecast_5930,2025-09-05 02:00:00,2870.8462,2236.507,667.887
forecast_5931,2025-09-05 03:00:00,2238.936,1311.8192,707.0498
forecast_5932,2025-09-05 04:00:00,1342.156,373.64127,619.08246
forecast_5933,2025-09-05 05:00:00,2002.2068,599.328,789.65796
forecast_5934,2025-09-05 06:00:00,2357.9265,761.5927,1113.5538
forecast_5935,2025-09-05 07:00:00,2740.7395,516.0661,782.269
forecast_5936,2025-09-05 08:00:00,2366.1663,411.33932,730.0025
forecast_5937,2025-09-05 09:00:00,1809.2299,529.5487,918.63715
forecast_5938,2025-09-05 10:00:00,627.18,326.79886,971.1636
forecast_5939,2025-09-05 11:00:00,132.37027,117.26697,560.61975
forecast_5940,2025-09-05 12:00:00,40.11906,62.01395,213.66223
forecast_5941,2025-09-05 13:00:00,16.56948,27.18221,39.565353
forecast_5942,2025-09-05 14:00:00,13.966827,18.780607,14.013037
forecast_5943,2025-09-05 15:00:00,19.848133,26.50806,27.250967
forecast_5944,2025-09-05 16:00:00,39.839706,45.56329,39.566387
forecast_5945,2025-09-05 17:00:00,94.88712,128.95496,69.458595
forecast_5946,2025-09-05 18:00:00,128.17511,242.45667,75.95584
forecast_5947,2025-09-05 19:00:00,159.58633,291.41794,128.1397
forecast_5948,2025-09-05 20:00:00,315.3468,1055.0533,162.4519
forecast_5949,2025-09-05 21:00:00,840.95984,2806.9055,191.06111
forecast_5950,2025-09-05 22:00:00,2114.573,5149.292,888.7272
forecast_5951,2025-09-05 23:00:00,3572.369,4864.5303,2422.3489
forecast_5952,2025-09-06 00:00:00,4942.488,5666.9116,4277.9937
forecast_5953,2025-09-06 01:00:00,5553.987,5664.7935,3979.9128
forecast_5954,2025-09-06 02:00:00,6629.5923,8847.021,4989.433
forecast_5955,2025-09-06 03:00:00,9563.409,8623.176,5944.699
forecast_5956,2025-09-06 04:00:00,13010.274,10235.263,7196.661
forecast_5957,2025-09-06 05:00:00,17380.404,13285.63,9785.787
forecast_5958,2025-09-06 06:00:00,18438.053,16217.389,11140.376
forecast_5959,2025-09-06 07:00:00,17599.197,17232.447,14431.791
forecast_5960,2025-09-06 08:00:00,16983.723,16487.146,16495.857
forecast_5961,2025-09-06 09:00:00,13301.082,13690.18,12527.626
forecast_5962,2025-09-06 10:00:00,16390.488,12077.328,12021.338
forecast_5963,2025-09-06 11:00:00,16804.494,12259.429,11992.096
forecast_5964,2025-09-06 12:00:00,16133.895,12594.207,13803.687
forecast_5965,2025-09-06 13:00:00,15948.767,12180.942,14959.823
forecast_5966,2025-09-06 14:00:00,14815.507,11565.775,15211.714
forecast_5967,2025-09-06 15:00:00,14154.183,11310.536,15006.628
forecast_5968,2025-09-06 16:00:00,15411.075,12941.129,15301.209
forecast_5969,2025-09-06 17:00:00,16302.168,14056.245,15710.512
forecast_5970,2025-09-06 18:00:00,16875.418,14762.439,15553.619
forecast_5971,2025-09-06 19:00:00,16348.775,15995.75,15949.564
forecast_5972,2025-09-06 20:00:00,16078.406,16413.592,16724.662
forecast_5973,2025-09-06 21:00:00,15689.191,17431.191,16483.375
forecast_5974,2025-09-06 22:00:00,16058.3125,17407.453,17278.73
forecast_5975,2025-09-06 23:00:00,15704.482,16673.5,17543.197
forecast_5976,2025-09-07 00:00:00,14408.16,16308.962,17168.91
forecast_5977,2025-09-07 01:00:00,15749.67,16774.988,17133.45
forecast_5978,2025-09-07 02:00:00,15517.829,17420.152,16755.541
forecast_5979,2025-09-07 03:00:00,13350.3125,17750.385,16444.404
forecast_5980,2025-09-07 04:00:00,11277.817,17663.896,15569.858
forecast_5981,2025-09-07 05:00:00,9451.051,17843.617,14509.464
forecast_5982,2025-09-07 06:00:00,8922.695,17983.088,13310.631
forecast_5983,2025-09-07 07:00:00,8707.675,17798.963,12023.136
forecast_5984,2025-09-07 08:00:00,10087.365,17292.125,13257.38
forecast_5985,2025-09-07 09:00:00,9665.493,16899.941,13029.517
forecast_5986,2025-09-07 10:00:00,4026.3433,12009.442,10154.639
forecast_5987,2025-09-07 11:00:00,1569.1923,6663.6675,6424.306
forecast_5988,2025-09-07 12:00:00,1469.9609,6247.4487,3251.8223
forecast_5989,2025-09-07 13:00:00,2995.5452,3872.252,1774.9832
forecast_5990,2025-09-07 14:00:00,3074.148,1831.3694,1296.0175
forecast_5991,2025-09-07 15:00:00,1797.1262,1254.7433,1509.9916
forecast_5992,2025-09-07 16:00:00,1556.5847,1420.6537,1564.643
forecast_5993,2025-09-07 17:00:00,1984.2755,1762.5939,1858.564
forecast_5994,2025-09-07 18:00:00,1658.8777,2674.3418,2270.1138
forecast_5995,2025-09-07 19:00:00,2730.8896,5838.099,3829.32
forecast_5996,2025-09-07 20:00:00,5228.362,8930.165,5641.512
forecast_5997,2025-09-07 21:00:00,5438.571,11003.045,5381.593
forecast_5998,2025-09-07 22:00:00,4346.9146,11294.283,4549.745
forecast_5999,2025-09-07 23:00:00,5540.725,11556.165,4454.3433
forecast_6000,2025-09-08 00:00:00,9528.881,10874.83,5493.0635
forecast_6001,2025-09-08 01:00:00,11761.746,9996.317,8678.408
forecast_6002,2025-09-08 02:00:00,11374.045,6994.357,5740.6377
forecast_6003,2025-09-08 03:00:00,10165.651,5071.6704,4799.342
forecast_6004,2025-09-08 04:00:00,5803.1255,2472.0366,3125.4644
forecast_6005,2025-09-08 05:00:00,2073.441,1225.2347,1589.7642
forecast_6006,2025-09-08 06:00:00,837.0363,889.63324,717.6544
forecast_6007,2025-09-08 07:00:00,456.5369,670.1804,446.80396
forecast_6008,2025-09-08 08:00:00,209.73578,382.59464,256.65402
forecast_6009,2025-09-08 09:00:00,70.57876,152.92693,162.46822
forecast_6010,2025-09-08 10:00:00,63.237667,90.089386,168.31659
forecast_6011,2025-09-08 11:00:00,29.328861,82.07798,135.03442
forecast_6012,2025-09-08 12:00:00,25.986929,116.563995,80.236984
forecast_6013,2025-09-08 13:00:00,21.15726,135.03894,50.413055
forecast_6014,2025-09-08 14:00:00,48.249695,121.302574,122.213234
forecast_6015,2025-09-08 15:00:00,67.72826,98.17183,362.5177
forecast_6016,2025-09-08 16:00:00,81.692276,83.519394,149.46848
forecast_6017,2025-09-08 17:00:00,1081.4578,251.17203,460.96878
forecast_6018,2025-09-08 18:00:00,3015.6052,765.9018,1111.1089
forecast_6019,2025-09-08 19:00:00,5349.116,607.6984,576.6144
forecast_6020,2025-09-08 20:00:00,5477.321,623.86676,764.6557
forecast_6021,2025-09-08 21:00:00,4211.054,1104.5172,535.973
forecast_6022,2025-09-08 22:00:00,3067.3828,944.8416,695.98157
forecast_6023,2025-09-08 23:00:00,1990.918,790.4494,1008.31366
forecast_6024,2025-09-09 00:00:00,1204.7081,1127.027,1381.0823
forecast_6025,2025-09-09 01:00:00,1557.0071,1792.5814,940.6269
forecast_6026,2025-09-09 02:00:00,1677.0801,824.8018,1082.046
forecast_6027,2025-09-09 03:00:00,1964.6877,962.0305,2021.7854
forecast_6028,2025-09-09 04:00:00,1131.1351,724.06616,1462.1403
forecast_6029,2025-09-09 05:00:00,699.47833,239.28343,879.4415
forecast_6030,2025-09-09 06:00:00,571.9729,123.226204,472.4289
forecast_6031,2025-09-09 07:00:00,628.9922,84.99035,380.09415
forecast_6032,2025-09-09 08:00:00,563.51306,55.686153,343.96014
forecast_6033,2025-09-09 09:00:00,623.70807,44.19908,201.08463
forecast_6034,2025-09-09 10:00:00,786.55396,58.31714,115.15636
forecast_6035,2025-09-09 11:00:00,1130.5758,113.54535,84.10097
forecast_6036,2025-09-09 12:00:00,770.9494,189.43016,74.99234
forecast_6037,2025-09-09 13:00:00,425.24216,262.4518,74.135826
forecast_6038,2025-09-09 14:00:00,1008.0713,668.3152,366.42877
forecast_6039,2025-09-09 15:00:00,675.6854,1126.5051,280.03235
forecast_6040,2025-09-09 16:00:00,367.23712,1741.3085,278.08472
forecast_6041,2025-09-09 17:00:00,359.52527,2217.016,331.3775
forecast_6042,2025-09-09 18:00:00,474.34296,2274.4531,377.2936
forecast_6043,2025-09-09 19:00:00,854.3404,2062.1758,491.96854
forecast_6044,2025-09-09 20:00:00,1177.6536,2105.8225,690.74097
forecast_6045,2025-09-09 21:00:00,1155.4125,2332.7305,714.27704
forecast_6046,2025-09-09 22:00:00,783.9452,2053.7092,441.491
forecast_6047,2025-09-09 23:00:00,758.60657,1999.1248,293.20746
forecast_6048,2025-09-10 00:00:00,1011.82166,2067.3813,165.87794
forecast_6049,2025-09-10 01:00:00,1365.675,1610.6927,148.76494
forecast_6050,2025-09-10 02:00:00,1617.7477,1429.9724,100.24455
forecast_6051,2025-09-10 03:00:00,2226.103,1354.1334,193.06738
forecast_6052,2025-09-10 04:00:00,2385.426,1335.4471,406.1047
forecast_6053,2025-09-10 05:00:00,1381.215,1293.6495,324.76938
forecast_6054,2025-09-10 06:00:00,2494.7578,2068.8928,370.36765
forecast_6055,2025-09-10 07:00:00,2606.7048,2521.654,412.2574
forecast_6056,2025-09-10 08:00:00,2276.6155,1953.7218,338.23065
forecast_6057,2025-09-10 09:00:00,2062.952,1937.5475,666.40137
forecast_6058,2025-09-10 10:00:00,1146.4612,1869.8977,582.49225
forecast_6059,2025-09-10 11:00:00,525.25684,1318.6757,481.48685
forecast_6060,2025-09-10 12:00:00,450.26172,1013.5795,421.24234
forecast_6061,2025-09-10 13:00:00,338.582,717.9891,325.91013
forecast_6062,2025-09-10 14:00:00,279.09653,718.4477,247.2762
forecast_6063,2025-09-10 15:00:00,146.45471,500.1921,192.26234
forecast_6064,2025-09-10 16:00:00,77.104126,304.97516,150.53111
forecast_6065,2025-09-10 17:00:00,68.91998,252.79239,152.00433
forecast_6066,2025-09-10 18:00:00,109.014915,195.34093,137.01993
forecast_6067,2025-09-10 19:00:00,203.99771,142.53784,156.5484
forecast_6068,2025-09-10 20:00:00,679.4942,192.90616,321.003
forecast_6069,2025-09-10 21:00:00,1325.3901,292.8829,623.2263
forecast_6070,2025-09-10 22:00:00,2791.4976,745.30707,1077.7958
forecast_6071,2025-09-10 23:00:00,4340.9707,1807.8407,969.8445
forecast_6072,2025-09-11 00:00:00,5042.2793,2081.2004,1219.9106
forecast_6073,2025-09-11 01:00:00,5053.2163,3707.0308,1817.0541
forecast_6074,2025-09-11 02:00:00,4290.454,3048.8584,1303.5582
forecast_6075,2025-09-11 03:00:00,2796.686,1620.8975,1564.41
forecast_6076,2025-09-11 04:00:00,1977.5623,1746.5936,1892.2161
forecast_6077,2025-09-11 05:00:00,1661.6101,2072.3804,1843.147
forecast_6078,2025-09-11 06:00:00,3642.2449,2569.3657,2142.004
forecast_6079,2025-09-11 07:00:00,3891.4714,2844.8535,2352.8298
forecast_6080,2025-09-11 08:00:00,2898.673,4047.8792,2917.8108
forecast_6081,2025-09-11 09:00:00,2738.4243,4584.7104,2879.4072
forecast_6082,2025-09-11 10:00:00,2710.3767,4714.836,2491.95
forecast_6083,2025-09-11 11:00:00,1776.6409,3733.713,2214.4036
forecast_6084,2025-09-11 12:00:00,1654.616,3773.4639,2395.7344
forecast_6085,2025-09-11 13:00:00,1855.7621,3462.5518,2382.429
forecast_6086,2025-09-11 14:00:00,1919.5455,3010.7156,2267.8372
forecast_6087,2025-09-11 15:00:00,1890.8499,3251.6316,2177.4338
forecast_6088,2025-09-11 16:00:00,1533.1666,3407.6638,2139.4104
forecast_6089,2025-09-11 17:00:00,1191.4305,3494.1682,2142.2446
forecast_6090,2025-09-11 18:00:00,1498.7023,4384.379,2913.1072
forecast_6091,2025-09-11 19:00:00,2463.503,5551.223,2885.2764
forecast_6092,2025-09-11 20:00:00,3931.721,7726.781,3154.1147
forecast_6093,2025-09-11 21:00:00,5193.697,8479.083,3572.021
forecast_6094,2025-09-11 22:00:00,6374.4253,8594.101,3987.6946
forecast_6095,2025-09-11 23:00:00,6926.703,9644.38,3996.2146
forecast_6096,2025-09-12 00:00:00,7726.4683,9091.853,3657.6433
forecast_6097,2025-09-12 01:00:00,7646.9165,7258.1304,3286.7646
forecast_6098,2025-09-12 02:00:00,6837.5713,5273.7554,3061.4175
forecast_6099,2025-09-12 03:00:00,4904.896,3381.8325,2604.564
forecast_6100,2025-09-12 04:00:00,3024.0605,3155.3687,2058.7466
forecast_6101,2025-09-12 05:00:00,2864.0093,3213.771,1694.915
forecast_6102,2025-09-12 06:00:00,2750.4182,3206.0344,1349.7319
forecast_6103,2025-09-12 07:00:00,2021.6075,2353.5115,839.508
forecast_6104,2025-09-12 08:00:00,2257.5947,2290.6912,622.93726
forecast_6105,2025-09-12 09:00:00,1257.4003,2448.8145,557.49207
forecast_6106,2025-09-12 10:00:00,1416.5519,2022.15,853.73096
forecast_6107,2025-09-12 11:00:00,958.3083,1161.8488,840.16656
forecast_6108,2025-09-12 12:00:00,1289.7397,1275.5529,843.57825
forecast_6109,2025-09-12 13:00:00,944.3042,1182.5151,703.62775
forecast_6110,2025-09-12 14:00:00,996.7593,762.7291,605.5646
forecast_6111,2025-09-12 15:00:00,801.44037,598.389,502.4402
forecast_6112,2025-09-12 16:00:00,1095.0094,781.01013,506.846
forecast_6113,2025-09-12 17:00:00,1189.0831,1010.8267,484.49863
forecast_6114,2025-09-12 18:00:00,1624.826,1853.45,665.3104
forecast_6115,2025-09-12 19:00:00,1488.9357,2002.435,927.8409
forecast_6116,2025-09-12 20:00:00,1098.6085,1597.8577,1317.1445
forecast_6117,2025-09-12 21:00:00,1436.6204,1995.5437,1865.8755
forecast_6118,2025-09-12 22:00:00,2698.3892,3174.6682,2705.0132
forecast_6119,2025-09-12 23:00:00,3376.5369,3952.8977,3522.634
forecast_6120,2025-09-13 00:00:00,2268.6526,3893.5745,3465.2761
forecast_6121,2025-09-13 01:00:00,2552.94,4695.35,3387.322
forecast_6122,2025-09-13 02:00:00,2149.227,6906.9077,4104.7153
forecast_6123,2025-09-13 03:00:00,2032.0547,8652.794,4435.575
forecast_6124,2025-09-13 04:00:00,3491.7864,9294.164,5387.506
forecast_6125,2025-09-13 05:00:00,2934.9285,11496.261,7672.7603
forecast_6126,2025-09-13 06:00:00,2642.7705,14074.858,9867.54
forecast_6127,2025-09-13 07:00:00,2992.1458,17008.855,10967.025
forecast_6128,2025-09-13 08:00:00,5305.0044,18098.496,12049.917
forecast_6129,2025-09-13 09:00:00,10506.864,18382.87,13473.094
forecast_6130,2025-09-13 10:00:00,8918.714,18248.166,11342.119
forecast_6131,2025-09-13 11:00:00,13025.112,17509.09,12845.771
forecast_6132,2025-09-13 12:00:00,11732.658,15301.737,5449.558
forecast_6133,2025-09-13 13:00:00,7181.639,8152.6196,2481.708
forecast_6134,2025-09-13 14:00:00,2978.6812,2120.2522,1721.8053
forecast_6135,2025-09-13 15:00:00,1874.4026,780.36444,496.4638
forecast_6136,2025-09-13 16:00:00,1405.9529,1131.762,186.50081
forecast_6137,2025-09-13 17:00:00,1191.773,3310.9119,232.62677
forecast_6138,2025-09-13 18:00:00,1514.2341,6423.7134,798.64716
forecast_6139,2025-09-13 19:00:00,1607.5457,8624.775,2884.456
forecast_6140,2025-09-13 20:00:00,953.88226,8029.8906,1692.269
forecast_6141,2025-09-13 21:00:00,788.18134,3820.7366,1083.9801
forecast_6142,2025-09-13 22:00:00,392.53885,986.51526,717.90173
forecast_6143,2025-09-13 23:00:00,228.33937,591.84674,471.87604
forecast_6144,2025-09-14 00:00:00,262.06467,1131.9353,557.64496
forecast_6145,2025-09-14 01:00:00,212.16486,1300.552,406.55597
forecast_6146,2025-09-14 02:00:00,551.5241,839.82556,167.13641
forecast_6147,2025-09-14 03:00:00,1051.2643,285.6342,172.64621
forecast_6148,2025-09-14 04:00:00,1602.5775,217.04282,117.856476
forecast_6149,2025-09-14 05:00:00,2139.5737,237.4157,82.00292
forecast_6150,2025-09-14 06:00:00,2606.2158,368.00613,104.19434
forecast_6151,2025-09-14 07:00:00,2615.7146,1498.0085,207.73631
forecast_6152,2025-09-14 08:00:00,2618.3872,3378.3901,238.71965
forecast_6153,2025-09-14 09:00:00,2802.0452,3992.975,279.3661
forecast_6154,2025-09-14 10:00:00,3263.5234,4164.901,365.77222
forecast_6155,2025-09-14 11:00:00,3460.535,4326.5684,806.0301
forecast_6156,2025-09-14 12:00:00,3471.0442,2698.7993,1522.9302
forecast_6157,2025-09-14 13:00:00,3545.3523,1941.8505,2620.135
forecast_6158,2025-09-14 14:00:00,2486.223,1484.9752,1895.3795
forecast_6159,2025-09-14 15:00:00,1064.1067,1794.7638,965.3624
forecast_6160,2025-09-14 16:00:00,852.1604,2082.4211,1527.6671
forecast_6161,2025-09-14 17:00:00,1403.9308,2834.2812,2671.8132
forecast_6162,2025-09-14 18:00:00,2172.0283,4499.9683,4329.072
forecast_6163,2025-09-14 19:00:00,4536.82,6749.8994,6724.706
forecast_6164,2025-09-14 20:00:00,6512.1255,9719.975,6220.3877
forecast_6165,2025-09-14 21:00:00,10023.78,14699.255,6634.56
forecast_6166,2025-09-14 22:00:00,11988.186,16737.902,8097.4033
forecast_6167,2025-09-14 23:00:00,12957.275,17485.855,9567.526
forecast_6168,2025-09-15 00:00:00,13353.165,17494.71,13103.545
forecast_6169,2025-09-15 01:00:00,13988.659,16118.457,15848.297
forecast_6170,2025-09-15 02:00:00,13408.14,14411.02,14285.974
forecast_6171,2025-09-15 03:00:00,12425.227,10847.494,9933.689
forecast_6172,2025-09-15 04:00:00,9225.827,7382.161,9310.672
forecast_6173,2025-09-15 05:00:00,6909.536,6240.8296,9682.157
forecast_6174,2025-09-15 06:00:00,4538.7715,4610.7915,7342.9717
forecast_6175,2025-09-15 07:00:00,3465.325,3600.9055,2936.55
forecast_6176,2025-09-15 08:00:00,2462.0613,1589.4684,758.80316
forecast_6177,2025-09-15 09:00:00,1039.2463,162.96835,275.867
forecast_6178,2025-09-15 10:00:00,496.75183,40.508003,160.84174
forecast_6179,2025-09-15 11:00:00,353.64172,31.11171,123.90377
forecast_6180,2025-09-15 12:00:00,247.28116,46.20396,150.38019
forecast_6181,2025-09-15 13:00:00,134.73341,40.938526,121.394554
forecast_6182,2025-09-15 14:00:00,89.485954,48.10222,122.873116
forecast_6183,2025-09-15 15:00:00,127.93802,100.90731,186.56746
forecast_6184,2025-09-15 16:00:00,222.71825,429.2336,401.30414
forecast_6185,2025-09-15 17:00:00,637.8588,690.9382,681.57825
forecast_6186,2025-09-15 18:00:00,1310.0277,1485.2612,2038.1044
forecast_6187,2025-09-15 19:00:00,1812.9404,2804.58,3001.7852
forecast_6188,2025-09-15 20:00:00,3736.684,3780.3823,4973.517
forecast_6189,2025-09-15 21:00:00,3736.8054,4481.1123,5521.952
forecast_6190,2025-09-15 22:00:00,719.2469,2911.2542,4270.3755
forecast_6191,2025-09-15 23:00:00,278.55426,1985.6177,3451.4028
forecast_6192,2025-09-16 00:00:00,193.10014,1768.9137,2824.3606
forecast_6193,2025-09-16 01:00:00,262.6018,2357.7388,2928.8567
forecast_6194,2025-09-16 02:00:00,758.843,3548.9126,4719.8535
forecast_6195,2025-09-16 03:00:00,1491.935,5660.7607,6890.757
forecast_6196,2025-09-16 04:00:00,2038.1447,6452.851,7273.714
forecast_6197,2025-09-16 05:00:00,2197.4304,7358.22,6621.163
forecast_6198,2025-09-16 06:00:00,2202.7815,9501.029,7146.6997
forecast_6199,2025-09-16 07:00:00,3367.015,11514.746,7946.313
forecast_6200,2025-09-16 08:00:00,3822.349,11219.369,7358.841
forecast_6201,2025-09-16 09:00:00,4012.0227,8345.058,5396.6562
forecast_6202,2025-09-16 10:00:00,5475.971,7226.294,4361.974
forecast_6203,2025-09-16 11:00:00,5232.488,6020.3867,4387.9688
forecast_6204,2025-09-16 12:00:00,5296.402,7175.5576,6781.892
forecast_6205,2025-09-16 13:00:00,7180.5273,7243.55,8243.351
forecast_6206,2025-09-16 14:00:00,8691.445,5764.5996,9734.051
forecast_6207,2025-09-16 15:00:00,10978.504,5365.2207,11349.79
forecast_6208,2025-09-16 16:00:00,13351.18,6261.1777,9305.381
forecast_6209,2025-09-16 17:00:00,14214.995,8464.34,6981.0244
forecast_6210,2025-09-16 18:00:00,13130.418,10956.627,5724.0825
forecast_6211,2025-09-16 19:00:00,14371.864,12060.256,4859.9043
forecast_6212,2025-09-16 20:00:00,15702.401,14271.296,6560.3613
forecast_6213,2025-09-16 21:00:00,14317.127,13454.326,6574.3916
forecast_6214,2025-09-16 22:00:00,11456.204,12120.176,6312.7217
forecast_6215,2025-09-16 23:00:00,8009.1006,10907.983,5546.862
forecast_6216,2025-09-17 00:00:00,8713.822,10760.152,5304.6353
forecast_6217,2025-09-17 01:00:00,10773.1,10784.981,4964.042
forecast_6218,2025-09-17 02:00:00,14135.851,14800.684,6753.463
forecast_6219,2025-09-17 03:00:00,14304.786,16878.65,11572.004
forecast_6220,2025-09-17 04:00:00,12846.59,18186.773,17140.977
forecast_6221,2025-09-17 05:00:00,13007.437,19179.56,19376.271
forecast_6222,2025-09-17 06:00:00,12427.393,19288.355,19924.635
forecast_6223,2025-09-17 07:00:00,12761.463,19060.342,19791.93
forecast_6224,2025-09-17 08:00:00,10195.1045,19138.492,17885.66
forecast_6225,2025-09-17 09:00:00,4663.1216,18324.316,7857.855
forecast_6226,2025-09-17 10:00:00,1401.5215,8029.193,3361.592
forecast_6227,2025-09-17 11:00:00,1473.664,1897.2186,2857.6204
forecast_6228,2025-09-17 12:00:00,2082.9814,1944.3444,757.9059
forecast_6229,2025-09-17 13:00:00,4958.169,1408.8889,914.83545
forecast_6230,2025-09-17 14:00:00,3521.1846,2349.0483,765.5002
forecast_6231,2025-09-17 15:00:00,3440.437,5677.4316,1928.6929
forecast_6232,2025-09-17 16:00:00,5255.238,8278.202,3961.458
forecast_6233,2025-09-17 17:00:00,6657.218,7342.6274,993.0237
forecast_6234,2025-09-17 18:00:00,5945.147,4512.11,885.35077
forecast_6235,2025-09-17 19:00:00,4403.584,1370.6182,902.9199
forecast_6236,2025-09-17 20:00:00,2513.9934,493.8382,286.8622
forecast_6237,2025-09-17 21:00:00,841.4442,562.32434,205.64366
forecast_6238,2025-09-17 22:00:00,405.63968,1027.5198,475.6375
forecast_6239,2025-09-17 23:00:00,240.87488,1456.0371,677.4729
forecast_6240,2025-09-18 00:00:00,290.53238,1715.3937,812.3933
forecast_6241,2025-09-18 01:00:00,379.48126,888.57935,640.9501
forecast_6242,2025-09-18 02:00:00,392.23187,415.70276,336.00772
forecast_6243,2025-09-18 03:00:00,592.40845,278.98477,125.52278
forecast_6244,2025-09-18 04:00:00,459.87012,188.7037,154.67165
forecast_6245,2025-09-18 05:00:00,380.49377,337.0778,303.6858
forecast_6246,2025-09-18 06:00:00,532.29236,1365.8354,1048.0577
forecast_6247,2025-09-18 07:00:00,781.56116,2642.1619,3107.2576
forecast_6248,2025-09-18 08:00:00,2618.5198,4350.536,5553.0317
forecast_6249,2025-09-18 09:00:00,4526.18,4651.1343,6368.695
forecast_6250,2025-09-18 10:00:00,4389.281,5632.565,5527.2305
forecast_6251,2025-09-18 11:00:00,3097.1091,5127.913,4334.1265
forecast_6252,2025-09-18 12:00:00,2047.8818,4583.2344,3298.2395
forecast_6253,2025-09-18 13:00:00,1547.7432,3740.87,2550.0964
forecast_6254,2025-09-18 14:00:00,1759.5038,2641.2664,1543.9003
forecast_6255,2025-09-18 15:00:00,1583.5986,2298.2878,1100.7861
forecast_6256,2025-09-18 16:00:00,1218.1165,1748.5839,940.9726
forecast_6257,2025-09-18 17:00:00,829.8559,1364.9812,859.64734
forecast_6258,2025-09-18 18:00:00,1479.861,1940.6653,1454.1061
forecast_6259,2025-09-18 19:00:00,1900.284,2803.9219,2570.38
forecast_6260,2025-09-18 20:00:00,2151.2595,3113.3713,2751.3755
forecast_6261,2025-09-18 21:00:00,2452.283,2847.0034,2118.6338
forecast_6262,2025-09-18 22:00:00,2636.053,2329.6775,1705.301
forecast_6263,2025-09-18 23:00:00,2989.8467,2370.6858,1696.9921
forecast_6264,2025-09-19 00:00:00,2560.6428,2002.9675,1513.4908
forecast_6265,2025-09-19 01:00:00,2422.9614,1925.3403,1402.2571
forecast_6266,2025-09-19 02:00:00,2379.2556,2470.829,1193.1865
forecast_6267,2025-09-19 03:00:00,2226.3958,3149.2605,995.48285
forecast_6268,2025-09-19 04:00:00,1999.3958,4071.9912,1388.5651
forecast_6269,2025-09-19 05:00:00,1372.4559,3103.255,995.91797
forecast_6270,2025-09-19 06:00:00,968.8965,1882.678,569.00446
forecast_6271,2025-09-19 07:00:00,688.0782,907.3626,315.897
forecast_6272,2025-09-19 08:00:00,837.5447,725.9336,207.63336
forecast_6273,2025-09-19 09:00:00,1137.8254,728.6795,161.0953
forecast_6274,2025-09-19 10:00:00,1348.076,538.87946,137.17398
forecast_6275,2025-09-19 11:00:00,920.43695,424.64673,100.154015
forecast_6276,2025-09-19 12:00:00,935.7664,539.7819,100.86571
forecast_6277,2025-09-19 13:00:00,663.85315,456.822,47.45889
forecast_6278,2025-09-19 14:00:00,605.8223,533.1364,44.05054
forecast_6279,2025-09-19 15:00:00,426.1921,362.37048,53.504177
forecast_6280,2025-09-19 16:00:00,291.67087,313.75995,61.792717
forecast_6281,2025-09-19 17:00:00,174.63144,368.3537,87.13076
forecast_6282,2025-09-19 18:00:00,228.06404,1065.6067,290.24863
forecast_6283,2025-09-19 19:00:00,875.07465,2483.8745,1061.0892
forecast_6284,2025-09-19 20:00:00,4757.73,5144.423,3813.5542
forecast_6285,2025-09-19 21:00:00,4613.3677,6360.1606,3588.7715
forecast_6286,2025-09-19 22:00:00,4195.5415,9127.059,4361.7383
forecast_6287,2025-09-19 23:00:00,5824.9653,11547.671,3852.4788
forecast_6288,2025-09-20 00:00:00,6348.2153,12273.16,3601.771
forecast_6289,2025-09-20 01:00:00,8250.99,15783.943,3087.5474
forecast_6290,2025-09-20 02:00:00,11746.78,18617.79,3485.2292
forecast_6291,2025-09-20 03:00:00,12713.25,17264.207,3357.357
forecast_6292,2025-09-20 04:00:00,11295.837,11538.122,3012.7166
forecast_6293,2025-09-20 05:00:00,10832.135,7932.9907,4473.2437
forecast_6294,2025-09-20 06:00:00,10033.482,9339.982,5471.828
forecast_6295,2025-09-20 07:00:00,7618.5645,8748.725,7300.8594
forecast_6296,2025-09-20 08:00:00,5096.5874,7355.9785,4012.6804
forecast_6297,2025-09-20 09:00:00,3076.1316,3804.0532,3532.4766
forecast_6298,2025-09-20 10:00:00,726.04047,1132.7219,1763.8341
forecast_6299,2025-09-20 11:00:00,526.58325,521.5219,738.13074
forecast_6300,2025-09-20 12:00:00,838.0348,874.65594,425.76266
forecast_6301,2025-09-20 13:00:00,1762.4053,1114.1543,433.39108
forecast_6302,2025-09-20 14:00:00,2884.0464,2451.9229,896.47266
forecast_6303,2025-09-20 15:00:00,2766.3733,5351.3257,764.1829
forecast_6304,2025-09-20 16:00:00,3059.6682,6041.791,822.1957
forecast_6305,2025-09-20 17:00:00,2942.728,4970.1167,696.17377
forecast_6306,2025-09-20 18:00:00,2144.2327,3507.9836,716.3065
forecast_6307,2025-09-20 19:00:00,1340.0319,2703.414,798.8714
forecast_6308,2025-09-20 20:00:00,1140.6384,2014.9653,1531.979
forecast_6309,2025-09-20 21:00:00,1411.1238,1746.6512,2768.2314
forecast_6310,2025-09-20 22:00:00,1928.5404,2185.5896,4136.0044
forecast_6311,2025-09-20 23:00:00,1716.309,2948.6792,3170.637
forecast_6312,2025-09-21 00:00:00,1589.3574,3772.7676,2927.468
forecast_6313,2025-09-21 01:00:00,1925.595,6086.2783,2741.4507
forecast_6314,2025-09-21 02:00:00,2735.1658,6541.5703,4105.2085
forecast_6315,2025-09-21 03:00:00,5672.4697,7550.9756,4055.0247
forecast_6316,2025-09-21 04:00:00,6162.267,7704.395,4034.2854
forecast_6317,2025-09-21 05:00:00,4478.9814,7068.8633,3180.534
forecast_6318,2025-09-21 06:00:00,3309.7178,5941.4736,2264.3564
forecast_6319,2025-09-21 07:00:00,3402.2285,4726.6587,1769.4554
forecast_6320,2025-09-21 08:00:00,2918.8762,4794.543,2238.1533
forecast_6321,2025-09-21 09:00:00,1922.9838,4431.636,2280.978
forecast_6322,2025-09-21 10:00:00,1705.2,3386.649,1774.515
forecast_6323,2025-09-21 11:00:00,1287.8075,2021.6454,1655.3385
forecast_6324,2025-09-21 12:00:00,609.988,1150.2098,1477.9368
forecast_6325,2025-09-21 13:00:00,331.80475,989.68274,1774.7631
forecast_6326,2025-09-21 14:00:00,190.26959,1057.6492,1769.7831
forecast_6327,2025-09-21 15:00:00,145.28749,1121.721,1561.2477
forecast_6328,2025-09-21 16:00:00,206.04759,788.7106,1388.6603
forecast_6329,2025-09-21 17:00:00,281.69656,591.2237,1170.8054
forecast_6330,2025-09-21 18:00:00,488.12347,550.09717,1079.9883
forecast_6331,2025-09-21 19:00:00,906.551,776.33093,1318.3423
forecast_6332,2025-09-21 20:00:00,1906.2236,1676.3021,1931.7246
forecast_6333,2025-09-21 21:00:00,2583.489,1750.9115,1821.2646
forecast_6334,2025-09-21 22:00:00,2957.9172,1973.3707,1287.7788
forecast_6335,2025-09-21 23:00:00,3752.5833,2745.5884,989.3839
forecast_6336,2025-09-22 00:00:00,5613.72,4624.864,1171.1143
forecast_6337,2025-09-22 01:00:00,7450.192,9572.324,1606.7969
forecast_6338,2025-09-22 02:00:00,4583.6655,7075.0244,1153.6743
forecast_6339,2025-09-22 03:00:00,5033.59,6216.0933,1520.1455
forecast_6340,2025-09-22 04:00:00,5399.9126,5648.116,2218.1748
forecast_6341,2025-09-22 05:00:00,5571.991,6342.0938,2812.9626
forecast_6342,2025-09-22 06:00:00,4787.582,6095.353,3198.2095
forecast_6343,2025-09-22 07:00:00,3431.216,4336.0474,2462.0781
forecast_6344,2025-09-22 08:00:00,2225.005,3694.1248,2209.021
forecast_6345,2025-09-22 09:00:00,2232.1345,3386.6677,2341.4028
forecast_6346,2025-09-22 10:00:00,2355.17,3078.8997,2653.0242
forecast_6347,2025-09-22 11:00:00,2525.2615,4562.4683,3495.318
forecast_6348,2025-09-22 12:00:00,1647.829,3516.8481,3435.205
forecast_6349,2025-09-22 13:00:00,1898.4431,3348.3699,2875.2148
forecast_6350,2025-09-22 14:00:00,2790.1863,3830.2625,2745.49
forecast_6351,2025-09-22 15:00:00,2917.6274,3670.193,2659.8994
forecast_6352,2025-09-22 16:00:00,3527.8274,4283.8696,2656.916
forecast_6353,2025-09-22 17:00:00,2468.6543,4422.345,2387.5405
forecast_6354,2025-09-22 18:00:00,2159.6858,4696.598,2306.9114
forecast_6355,2025-09-22 19:00:00,2032.0521,5656.302,2158.1433
forecast_6356,2025-09-22 20:00:00,2770.214,6400.008,2352.4758
forecast_6357,2025-09-22 21:00:00,3304.4858,5846.18,2491.5208
forecast_6358,2025-09-22 22:00:00,3555.0864,5115.816,2385.5889
forecast_6359,2025-09-22 23:00:00,2997.7925,5192.5127,2061.5273
forecast_6360,2025-09-23 00:00:00,2757.1797,4507.0996,2473.0383
forecast_6361,2025-09-23 01:00:00,1935.5974,3320.7463,1939.8453
forecast_6362,2025-09-23 02:00:00,812.28406,1307.4808,1104.9082
forecast_6363,2025-09-23 03:00:00,829.4287,882.5744,941.7669
forecast_6364,2025-09-23 04:00:00,1206.2582,903.84766,527.8416
forecast_6365,2025-09-23 05:00:00,1646.9226,982.3205,659.61206
forecast_6366,2025-09-23 06:00:00,2020.1375,860.36804,707.89545
forecast_6367,2025-09-23 07:00:00,2203.1416,879.2917,485.2024
forecast_6368,2025-09-23 08:00:00,2645.23,984.1828,451.18427
forecast_6369,2025-09-23 09:00:00,2711.1677,1004.2261,318.0573
forecast_6370,2025-09-23 10:00:00,2097.595,903.87244,551.39435
forecast_6371,2025-09-23 11:00:00,1956.7638,568.9647,280.9351
forecast_6372,2025-09-23 12:00:00,876.80334,447.34613,268.05777
forecast_6373,2025-09-23 13:00:00,1074.0103,502.23676,214.75066
forecast_6374,2025-09-23 14:00:00,1141.6824,593.74,185.96294
forecast_6375,2025-09-23 15:00:00,1163.0989,564.35815,174.74715
forecast_6376,2025-09-23 16:00:00,1667.4631,487.97232,201.71655
forecast_6377,2025-09-23 17:00:00,1781.6412,476.60968,261.79147
forecast_6378,2025-09-23 18:00:00,2033.6318,633.8365,258.6536
forecast_6379,2025-09-23 19:00:00,2563.7388,1249.0543,300.25928
forecast_6380,2025-09-23 20:00:00,2272.9617,977.96356,343.7716
forecast_6381,2025-09-23 21:00:00,1740.736,628.9222,431.60037
forecast_6382,2025-09-23 22:00:00,1686.865,415.9929,434.47043
forecast_6383,2025-09-23 23:00:00,1733.0272,440.27582,421.9683
forecast_6384,2025-09-24 00:00:00,1457.6682,576.0508,335.77875
forecast_6385,2025-09-24 01:00:00,2871.6191,699.3705,388.09988
forecast_6386,2025-09-24 02:00:00,3439.4856,912.61084,556.7204
forecast_6387,2025-09-24 03:00:00,4735.08,1664.5492,1014.479
forecast_6388,2025-09-24 04:00:00,4024.4753,2583.0095,1659.6416
forecast_6389,2025-09-24 05:00:00,5545.1006,3271.7603,2135.1536
forecast_6390,2025-09-24 06:00:00,7547.561,4766.0234,2484.9177
forecast_6391,2025-09-24 07:00:00,7935.772,7243.6772,3171.649
forecast_6392,2025-09-24 08:00:00,5568.264,6890.2334,3219.7664
forecast_6393,2025-09-24 09:00:00,3283.1912,5930.4497,3539.3716
forecast_6394,2025-09-24 10:00:00,2682.4902,8839.344,4299.7505
forecast_6395,2025-09-24 11:00:00,3671.0808,7456.3154,5302.6797
forecast_6396,2025-09-24 12:00:00,5583.5024,9690.912,9463.444
forecast_6397,2025-09-24 13:00:00,7138.4087,11494.643,10933.867
forecast_6398,2025-09-24 14:00:00,8851.638,13630.802,12941.066
forecast_6399,2025-09-24 15:00:00,9621.964,15551.893,14243.126
forecast_6400,2025-09-24 16:00:00,10273.4,17002.377,14167.597
forecast_6401,2025-09-24 17:00:00,10186.932,17335.021,12350.554
forecast_6402,2025-09-24 18:00:00,9052.799,16327.376,10145.124
forecast_6403,2025-09-24 19:00:00,9176.569,14658.442,7771.1875
forecast_6404,2025-09-24 20:00:00,11302.013,12618.235,8203.201
forecast_6405,2025-09-24 21:00:00,13574.912,14230.487,12859.703
forecast_6406,2025-09-24 22:00:00,13760.493,14552.11,16094.718
forecast_6407,2025-09-24 23:00:00,12723.154,14328.641,18280.963
forecast_6408,2025-09-25 00:00:00,12441.022,15261.582,19346.225
forecast_6409,2025-09-25 01:00:00,12418.982,15985.608,19371.99
forecast_6410,2025-09-25 02:00:00,12608.247,15054.479,19424.016
forecast_6411,2025-09-25 03:00:00,15655.905,15152.285,19309.06
forecast_6412,2025-09-25 04:00:00,15744.674,15113.862,18654.629
forecast_6413,2025-09-25 05:00:00,17406.523,15848.037,18563.709
forecast_6414,2025-09-25 06:00:00,16934.715,15890.832,17051.348
forecast_6415,2025-09-25 07:00:00,17725.477,15938.777,17056.713
forecast_6416,2025-09-25 08:00:00,15978.943,14915.801,14255.715
forecast_6417,2025-09-25 09:00:00,10152.646,15314.462,9401.721
forecast_6418,2025-09-25 10:00:00,10040.91,16208.982,14409.545
forecast_6419,2025-09-25 11:00:00,8089.278,15727.025,15174.4
forecast_6420,2025-09-25 12:00:00,7497.7188,14784.271,13118.607
forecast_6421,2025-09-25 13:00:00,9583.2705,14339.913,7957.8374
forecast_6422,2025-09-25 14:00:00,10004.437,14131.413,3952.6284
forecast_6423,2025-09-25 15:00:00,10889.734,13000.169,3049.31
forecast_6424,2025-09-25 16:00:00,10055.266,8669.246,4355.418
forecast_6425,2025-09-25 17:00:00,10681.092,7570.9614,13253.623
forecast_6426,2025-09-25 18:00:00,10003.782,10401.422,13109.573
forecast_6427,2025-09-25 19:00:00,10858.532,16121.053,12950.048
forecast_6428,2025-09-25 20:00:00,9964.628,18106.516,13165.713
forecast_6429,2025-09-25 21:00:00,10028.205,17650.988,11844.626
forecast_6430,2025-09-25 22:00:00,10741.296,15347.566,10387.315
forecast_6431,2025-09-25 23:00:00,11601.574,11474.803,8908.716
forecast_6432,2025-09-26 00:00:00,11041.859,10069.709,7861.212
forecast_6433,2025-09-26 01:00:00,9976.487,8955.393,6563.356
forecast_6434,2025-09-26 02:00:00,10016.339,8835.697,5178.556
forecast_6435,2025-09-26 03:00:00,10324.726,9814.425,4962.6426
forecast_6436,2025-09-26 04:00:00,10146.38,8599.784,4698.932
forecast_6437,2025-09-26 05:00:00,10263.68,4811.986,4077.4417
forecast_6438,2025-09-26 06:00:00,6015.5146,1409.1989,2513.654
forecast_6439,2025-09-26 07:00:00,2464.659,811.5109,2082.1873
forecast_6440,2025-09-26 08:00:00,526.9854,553.1787,843.18964
forecast_6441,2025-09-26 09:00:00,85.32807,259.24054,334.22363
forecast_6442,2025-09-26 10:00:00,82.80205,244.87184,137.15695
forecast_6443,2025-09-26 11:00:00,66.55635,133.5269,44.09863
forecast_6444,2025-09-26 12:00:00,55.243847,124.83859,28.831656
forecast_6445,2025-09-26 13:00:00,38.76426,90.012665,31.628128
forecast_6446,2025-09-26 14:00:00,17.141813,63.85535,37.99958
forecast_6447,2025-09-26 15:00:00,11.509924,44.695393,41.34048
forecast_6448,2025-09-26 16:00:00,9.878797,40.486473,50.74989
forecast_6449,2025-09-26 17:00:00,14.825761,57.469944,89.20496
forecast_6450,2025-09-26 18:00:00,24.636488,84.95236,136.95523
forecast_6451,2025-09-26 19:00:00,41.940746,124.420555,182.9696
forecast_6452,2025-09-26 20:00:00,77.43105,150.52264,434.12314
forecast_6453,2025-09-26 21:00:00,117.4122,150.5814,533.5443
forecast_6454,2025-09-26 22:00:00,122.03661,116.17771,400.17932
forecast_6455,2025-09-26 23:00:00,195.66008,102.06983,298.7358
forecast_6456,2025-09-27 00:00:00,206.18697,98.70777,186.16539
forecast_6457,2025-09-27 01:00:00,154.9643,204.78189,171.61562
forecast_6458,2025-09-27 02:00:00,193.39046,384.1865,182.94011
forecast_6459,2025-09-27 03:00:00,143.8103,266.24878,178.51788
forecast_6460,2025-09-27 04:00:00,230.09032,270.61545,219.94086
forecast_6461,2025-09-27 05:00:00,1127.62,413.0476,330.09097
forecast_6462,2025-09-27 06:00:00,1092.0668,473.0451,340.9053
forecast_6463,2025-09-27 07:00:00,1022.0533,612.55255,388.53195
forecast_6464,2025-09-27 08:00:00,904.63715,660.11884,385.04007
forecast_6465,2025-09-27 09:00:00,514.85,587.64716,394.44922
forecast_6466,2025-09-27 10:00:00,194.0704,350.45865,335.68216
forecast_6467,2025-09-27 11:00:00,62.813576,231.5125,183.25185
forecast_6468,2025-09-27 12:00:00,38.343872,208.2961,117.71947
forecast_6469,2025-09-27 13:00:00,22.047428,239.33466,99.83077
forecast_6470,2025-09-27 14:00:00,15.094883,180.7235,47.927258
forecast_6471,2025-09-27 15:00:00,11.9253235,91.72075,25.93409
forecast_6472,2025-09-27 16:00:00,19.6692,66.17553,17.391369
forecast_6473,2025-09-27 17:00:00,23.509865,37.706593,20.403654
forecast_6474,2025-09-27 18:00:00,97.18456,52.658722,62.98377
forecast_6475,2025-09-27 19:00:00,321.936,131.03131,182.21758
forecast_6476,2025-09-27 20:00:00,1390.3156,295.15402,423.65952
forecast_6477,2025-09-27 21:00:00,2121.02,418.34,1201.1307
forecast_6478,2025-09-27 22:00:00,2179.2168,327.8934,1162.1467
forecast_6479,2025-09-27 23:00:00,2709.2566,400.51346,2455.8425
forecast_6480,2025-09-28 00:00:00,2334.1738,510.66293,3735.0654
forecast_6481,2025-09-28 01:00:00,744.9651,453.44583,2969.3555
forecast_6482,2025-09-28 02:00:00,1157.5247,929.5854,2556.226
forecast_6483,2025-09-28 03:00:00,1112.3411,1281.6794,2515.1934
forecast_6484,2025-09-28 04:00:00,1324.9248,3985.572,2475.5173
forecast_6485,2025-09-28 05:00:00,1991.7422,5264.965,2089.1414
forecast_6486,2025-09-28 06:00:00,5076.2236,5077.6313,1803.5912
forecast_6487,2025-09-28 07:00:00,6009.9985,4547.398,1242.145
forecast_6488,2025-09-28 08:00:00,4836.59,3745.567,761.1531
forecast_6489,2025-09-28 09:00:00,2633.478,2656.1357,659.58344
forecast_6490,2025-09-28 10:00:00,1421.3544,1512.5742,480.26825
forecast_6491,2025-09-28 11:00:00,1888.7145,4376.582,2155.7698
forecast_6492,2025-09-28 12:00:00,2443.788,6686.508,6703.5938
forecast_6493,2025-09-28 13:00:00,1876.7012,5136.381,5310.4834
forecast_6494,2025-09-28 14:00:00,1342.206,4178.145,3991.6885
forecast_6495,2025-09-28 15:00:00,1500.7833,5758.549,5614.7686
forecast_6496,2025-09-28 16:00:00,1651.1621,7641.933,5859.465
forecast_6497,2025-09-28 17:00:00,1906.2737,7785.058,3911.3518
forecast_6498,2025-09-28 18:00:00,2253.076,8419.388,3071.9143
forecast_6499,2025-09-28 19:00:00,2549.543,7442.901,2162.0781
forecast_6500,2025-09-28 20:00:00,2895.5974,8764.95,6495.499
forecast_6501,2025-09-28 21:00:00,3782.8765,10804.986,5413.8447
forecast_6502,2025-09-28 22:00:00,5636.442,11441.872,5166.0156
forecast_6503,2025-09-28 23:00:00,5459.4316,9353.0,3659.8389
forecast_6504,2025-09-29 00:00:00,4584.475,7935.621,2377.7314
forecast_6505,2025-09-29 01:00:00,2716.587,6479.0576,1242.52
forecast_6506,2025-09-29 02:00:00,3080.266,5161.352,599.608
forecast_6507,2025-09-29 03:00:00,2683.1875,3986.35,328.65082
forecast_6508,2025-09-29 04:00:00,1919.6044,2961.9893,256.08496
forecast_6509,2025-09-29 05:00:00,1949.7175,2199.276,648.0854
forecast_6510,2025-09-29 06:00:00,1449.3181,694.68634,435.74487
forecast_6511,2025-09-29 07:00:00,1007.47046,256.88474,374.9536
forecast_6512,2025-09-29 08:00:00,661.1756,242.44124,343.39175
forecast_6513,2025-09-29 09:00:00,362.9751,120.62044,173.71768
forecast_6514,2025-09-29 10:00:00,267.8036,52.07632,107.24836
forecast_6515,2025-09-29 11:00:00,94.93381,29.734179,97.93025
forecast_6516,2025-09-29 12:00:00,106.98293,48.94872,75.527565
forecast_6517,2025-09-29 13:00:00,80.64442,27.386353,29.45294
forecast_6518,2025-09-29 14:00:00,70.3237,64.5244,38.93533
forecast_6519,2025-09-29 15:00:00,109.48944,112.84589,89.29319
forecast_6520,2025-09-29 16:00:00,100.66918,211.97932,86.648544
forecast_6521,2025-09-29 17:00:00,128.85402,387.174,272.06088
forecast_6522,2025-09-29 18:00:00,147.05968,616.68164,333.04785
forecast_6523,2025-09-29 19:00:00,169.97774,522.7731,239.88437
forecast_6524,2025-09-29 20:00:00,276.95166,465.50745,207.55789
forecast_6525,2025-09-29 21:00:00,583.96893,572.6175,174.37958
forecast_6526,2025-09-29 22:00:00,980.3105,629.82983,130.604
forecast_6527,2025-09-29 23:00:00,2210.5295,2512.662,167.50557
forecast_6528,2025-09-30 00:00:00,4182.6973,2464.6548,279.9087
forecast_6529,2025-09-30 01:00:00,2828.6414,1818.0463,311.5706
forecast_6530,2025-09-30 02:00:00,2371.1436,3393.564,503.35123
forecast_6531,2025-09-30 03:00:00,2217.9534,3739.4321,363.18707
forecast_6532,2025-09-30 04:00:00,999.8073,1579.1442,141.89725
forecast_6533,2025-09-30 05:00:00,737.99536,2788.437,234.5612
forecast_6534,2025-09-30 06:00:00,632.76654,2388.9521,181.7125
forecast_6535,2025-09-30 07:00:00,249.9075,1305.0217,188.15529
forecast_6536,2025-09-30 08:00:00,107.40004,602.28,219.1271
forecast_6537,2025-09-30 09:00:00,127.63982,379.18878,327.2752
forecast_6538,2025-09-30 10:00:00,91.106606,260.79324,330.62018
forecast_6539,2025-09-30 11:00:00,47.01281,207.82036,323.26306
forecast_6540,2025-09-30 12:00:00,32.226177,337.17178,396.4856
forecast_6541,2025-09-30 13:00:00,356.64752,622.72797,919.5258
forecast_6542,2025-09-30 14:00:00,329.6051,287.14636,638.22327
forecast_6543,2025-09-30 15:00:00,825.6877,655.57117,582.581
forecast_6544,2025-09-30 16:00:00,1050.9409,1081.3553,800.7305
forecast_6545,2025-09-30 17:00:00,1501.9525,913.7747,1006.8568
forecast_6546,2025-09-30 18:00:00,1062.5217,1098.138,650.44116
forecast_6547,2025-09-30 19:00:00,1211.1357,1578.939,775.8687
forecast_6548,2025-09-30 20:00:00,2721.142,3227.4207,1104.2122
forecast_6549,2025-09-30 21:00:00,6866.873,5275.2456,2201.736
forecast_6550,2025-09-30 22:00:00,8407.961,5572.066,2496.362
forecast_6551,2025-09-30 23:00:00,7365.183,5616.357,2774.6545
forecast_6552,2025-10-01 00:00:00,7237.287,6158.4106,4198.9707
forecast_6553,2025-10-01 01:00:00,9146.214,6788.365,5329.9424
forecast_6554,2025-10-01 02:00:00,10222.207,7214.754,4712.441
forecast_6555,2025-10-01 03:00:00,11438.521,8791.021,5235.1875
forecast_6556,2025-10-01 04:00:00,11285.066,8222.232,5273.2314
forecast_6557,2025-10-01 05:00:00,10008.617,7494.7837,4742.4756
forecast_6558,2025-10-01 06:00:00,8679.39,6764.651,3537.2876
forecast_6559,2025-10-01 07:00:00,8996.11,5494.5664,2624.1648
forecast_6560,2025-10-01 08:00:00,9806.069,4057.78,2031.8024
forecast_6561,2025-10-01 09:00:00,6387.817,773.6105,788.6036
forecast_6562,2025-10-01 10:00:00,2433.1826,196.53467,605.7616
forecast_6563,2025-10-01 11:00:00,1157.2241,89.82826,496.19907
forecast_6564,2025-10-01 12:00:00,1569.4324,86.50262,343.07092
forecast_6565,2025-10-01 13:00:00,2278.938,116.78826,310.67712
forecast_6566,2025-10-01 14:00:00,3947.0063,395.36487,614.24207
forecast_6567,2025-10-01 15:00:00,5414.694,550.58307,587.2282
forecast_6568,2025-10-01 16:00:00,5020.039,947.7763,775.15875
forecast_6569,2025-10-01 17:00:00,4172.071,898.95575,726.19116
forecast_6570,2025-10-01 18:00:00,3216.539,1478.121,686.72095
forecast_6571,2025-10-01 19:00:00,2985.1587,3115.1062,2460.912
forecast_6572,2025-10-01 20:00:00,4772.2056,5620.2686,3878.6353
forecast_6573,2025-10-01 21:00:00,6849.194,7986.444,4506.505
forecast_6574,2025-10-01 22:00:00,5737.179,6626.3594,3713.3672
forecast_6575,2025-10-01 23:00:00,3960.771,4168.906,3245.6567
forecast_6576,2025-10-02 00:00:00,2855.0854,2409.7122,3154.5388
forecast_6577,2025-10-02 01:00:00,2217.4448,1859.8082,2680.85
forecast_6578,2025-10-02 02:00:00,2941.0981,2636.6533,2261.3545
forecast_6579,2025-10-02 03:00:00,4740.8584,2884.4766,1779.1816
forecast_6580,2025-10-02 04:00:00,3739.0142,2023.3281,1837.4683
forecast_6581,2025-10-02 05:00:00,2221.3296,852.32416,1535.5048
forecast_6582,2025-10-02 06:00:00,838.3537,433.25934,820.19946
forecast_6583,2025-10-02 07:00:00,409.9279,262.5136,342.72382
forecast_6584,2025-10-02 08:00:00,238.47821,266.18307,188.77678
forecast_6585,2025-10-02 09:00:00,112.90511,141.5523,102.622734
forecast_6586,2025-10-02 10:00:00,53.40734,91.55058,39.844307
forecast_6587,2025-10-02 11:00:00,17.604229,71.1714,72.55295
forecast_6588,2025-10-02 12:00:00,15.229349,74.23986,87.055534
forecast_6589,2025-10-02 13:00:00,39.582806,71.48008,132.49376
forecast_6590,2025-10-02 14:00:00,26.394571,85.0029,164.80042
forecast_6591,2025-10-02 15:00:00,26.371902,79.5763,140.0605
forecast_6592,2025-10-02 16:00:00,26.444988,47.405804,101.383934
forecast_6593,2025-10-02 17:00:00,46.57407,92.7856,168.0155
forecast_6594,2025-10-02 18:00:00,88.03606,97.83897,260.99274
forecast_6595,2025-10-02 19:00:00,128.19164,101.677444,206.68063
forecast_6596,2025-10-02 20:00:00,214.0535,128.30052,149.28648
forecast_6597,2025-10-02 21:00:00,271.945,128.64128,98.10842
forecast_6598,2025-10-02 22:00:00,320.91324,208.1444,126.3725
forecast_6599,2025-10-02 23:00:00,412.20496,196.68117,136.00749
forecast_6600,2025-10-03 00:00:00,337.26694,235.72285,126.48324
forecast_6601,2025-10-03 01:00:00,413.062,282.77893,157.3822
forecast_6602,2025-10-03 02:00:00,2914.0527,283.9577,296.42072
forecast_6603,2025-10-03 03:00:00,1520.3164,298.95953,349.7514
forecast_6604,2025-10-03 04:00:00,949.0497,579.94037,750.3566
forecast_6605,2025-10-03 05:00:00,1441.7316,618.7757,965.7712
forecast_6606,2025-10-03 06:00:00,1911.3627,765.9087,1151.393
forecast_6607,2025-10-03 07:00:00,2497.0437,1086.7358,1656.7144
forecast_6608,2025-10-03 08:00:00,2340.3518,1316.7649,1586.8608
forecast_6609,2025-10-03 09:00:00,2622.9768,1538.4111,1760.5458
forecast_6610,2025-10-03 10:00:00,2560.41,1465.1726,2028.7661
forecast_6611,2025-10-03 11:00:00,2419.2268,1376.2753,2213.259
forecast_6612,2025-10-03 12:00:00,1640.7771,872.59814,1940.5935
forecast_6613,2025-10-03 13:00:00,2328.5222,1334.7463,2422.147
forecast_6614,2025-10-03 14:00:00,1770.3619,1429.8215,1654.6105
forecast_6615,2025-10-03 15:00:00,2354.8162,2214.9624,1256.4163
forecast_6616,2025-10-03 16:00:00,2148.5234,3036.3342,965.08997
forecast_6617,2025-10-03 17:00:00,1958.3956,5328.373,837.63605
forecast_6618,2025-10-03 18:00:00,2403.0916,9619.7705,940.10126
forecast_6619,2025-10-03 19:00:00,2531.7021,11838.778,1228.6974
forecast_6620,2025-10-03 20:00:00,3489.9634,13870.673,2271.1904
forecast_6621,2025-10-03 21:00:00,3823.685,12233.194,4034.389
forecast_6622,2025-10-03 22:00:00,4241.6226,11467.603,5585.575
forecast_6623,2025-10-03 23:00:00,3275.125,8857.581,4185.7256
forecast_6624,2025-10-04 00:00:00,2174.2505,4847.049,2706.5312
forecast_6625,2025-10-04 01:00:00,1711.5312,3464.9656,2153.5308
forecast_6626,2025-10-04 02:00:00,1904.5864,4234.442,1233.8867
forecast_6627,2025-10-04 03:00:00,2088.5908,4716.44,649.7609
forecast_6628,2025-10-04 04:00:00,2398.0889,5162.4995,620.45355
forecast_6629,2025-10-04 05:00:00,2454.8887,4422.248,907.4044
forecast_6630,2025-10-04 06:00:00,2191.6685,2953.236,1090.8241
forecast_6631,2025-10-04 07:00:00,2234.307,1689.7218,1056.154
forecast_6632,2025-10-04 08:00:00,2060.7153,1014.75714,894.8482
forecast_6633,2025-10-04 09:00:00,1720.1436,686.75055,603.3813
forecast_6634,2025-10-04 10:00:00,1231.0173,531.4919,347.31577
forecast_6635,2025-10-04 11:00:00,844.60913,341.7244,162.82445
forecast_6636,2025-10-04 12:00:00,531.00006,277.26196,196.13217
forecast_6637,2025-10-04 13:00:00,418.9945,214.8223,209.64052
forecast_6638,2025-10-04 14:00:00,335.85153,214.72618,412.06952
forecast_6639,2025-10-04 15:00:00,313.66797,290.76672,603.0018
forecast_6640,2025-10-04 16:00:00,299.37283,248.91005,559.0263
forecast_6641,2025-10-04 17:00:00,586.1184,244.24084,716.11914
forecast_6642,2025-10-04 18:00:00,631.2123,316.5731,814.808
forecast_6643,2025-10-04 19:00:00,515.6876,341.13522,753.814
forecast_6644,2025-10-04 20:00:00,660.8301,536.5904,826.8218
forecast_6645,2025-10-04 21:00:00,736.65607,609.9217,1229.421
forecast_6646,2025-10-04 22:00:00,582.82086,644.4947,1747.6355
forecast_6647,2025-10-04 23:00:00,389.25583,532.0317,1142.8956
forecast_6648,2025-10-05 00:00:00,216.19472,430.5679,791.3202
forecast_6649,2025-10-05 01:00:00,312.9789,879.45496,618.11255
forecast_6650,2025-10-05 02:00:00,707.92413,291.66385,334.14102
forecast_6651,2025-10-05 03:00:00,311.73035,104.207504,159.76181
forecast_6652,2025-10-05 04:00:00,234.50372,90.58561,123.48365
forecast_6653,2025-10-05 05:00:00,178.83482,34.420475,70.91543
forecast_6654,2025-10-05 06:00:00,115.39189,48.29655,31.811165
forecast_6655,2025-10-05 07:00:00,102.676155,69.25214,19.416721
forecast_6656,2025-10-05 08:00:00,103.690155,76.86826,17.512682
forecast_6657,2025-10-05 09:00:00,100.49436,69.3233,17.473642
forecast_6658,2025-10-05 10:00:00,176.98595,78.76297,26.842848
forecast_6659,2025-10-05 11:00:00,81.20252,75.96656,47.428825
forecast_6660,2025-10-05 12:00:00,91.551315,63.36001,71.55745
forecast_6661,2025-10-05 13:00:00,53.13055,63.86124,147.84418
forecast_6662,2025-10-05 14:00:00,51.49592,88.085815,164.06131
forecast_6663,2025-10-05 15:00:00,45.11037,45.696236,108.60964
forecast_6664,2025-10-05 16:00:00,96.78596,73.832,114.03296
forecast_6665,2025-10-05 17:00:00,129.82495,83.642944,156.89159
forecast_6666,2025-10-05 18:00:00,214.26624,128.04044,241.05225
forecast_6667,2025-10-05 19:00:00,308.6676,329.92484,614.6099
forecast_6668,2025-10-05 20:00:00,410.878,539.8528,513.2202
forecast_6669,2025-10-05 21:00:00,696.15533,855.619,387.189
forecast_6670,2025-10-05 22:00:00,2204.7092,1730.5128,493.35132
forecast_6671,2025-10-05 23:00:00,2621.837,2271.373,1004.9673
forecast_6672,2025-10-06 00:00:00,2121.7576,1775.362,1050.2721
forecast_6673,2025-10-06 01:00:00,1834.3171,1899.5973,894.9847
forecast_6674,2025-10-06 02:00:00,1204.9929,2403.584,478.33997
forecast_6675,2025-10-06 03:00:00,1443.4023,3497.9424,783.39154
forecast_6676,2025-10-06 04:00:00,1908.0735,4498.5366,1922.412
forecast_6677,2025-10-06 05:00:00,1496.0178,3199.6904,1431.062
forecast_6678,2025-10-06 06:00:00,2327.59,2302.3154,1544.1469
forecast_6679,2025-10-06 07:00:00,4591.966,4156.2935,3262.9756
forecast_6680,2025-10-06 08:00:00,6909.759,9455.674,6859.6206
forecast_6681,2025-10-06 09:00:00,7566.7466,11513.28,10997.269
forecast_6682,2025-10-06 10:00:00,7046.2754,11437.822,12471.405
forecast_6683,2025-10-06 11:00:00,6952.97,10392.1045,11167.615
forecast_6684,2025-10-06 12:00:00,5589.0605,7597.1206,7860.695
forecast_6685,2025-10-06 13:00:00,4328.887,5498.703,7415.5933
forecast_6686,2025-10-06 14:00:00,3261.3389,3441.2446,5395.7
forecast_6687,2025-10-06 15:00:00,1977.7318,2454.4207,3240.612
forecast_6688,2025-10-06 16:00:00,1208.348,2349.0872,1086.6863
forecast_6689,2025-10-06 17:00:00,1525.6422,3425.7961,740.77057
forecast_6690,2025-10-06 18:00:00,4291.3354,5130.1797,2175.3994
forecast_6691,2025-10-06 19:00:00,10521.218,9839.359,5202.2886
forecast_6692,2025-10-06 20:00:00,9754.4795,12912.919,11964.642
forecast_6693,2025-10-06 21:00:00,9075.054,12258.971,15369.233
forecast_6694,2025-10-06 22:00:00,11643.088,13998.626,15307.554
forecast_6695,2025-10-06 23:00:00,12239.659,15997.722,14577.549
forecast_6696,2025-10-07 00:00:00,12915.231,16833.346,14018.897
forecast_6697,2025-10-07 01:00:00,14564.348,17503.469,13554.142
forecast_6698,2025-10-07 02:00:00,14803.15,16715.434,12357.539
forecast_6699,2025-10-07 03:00:00,11378.19,10932.351,9178.124
forecast_6700,2025-10-07 04:00:00,9657.415,6803.329,7659.272
forecast_6701,2025-10-07 05:00:00,7321.7695,7410.656,6386.3623
forecast_6702,2025-10-07 06:00:00,6541.1284,7040.3926,4958.676
forecast_6703,2025-10-07 07:00:00,6979.0786,6438.343,3888.3115
forecast_6704,2025-10-07 08:00:00,5111.355,5395.762,2463.2236
forecast_6705,2025-10-07 09:00:00,4446.07,4879.846,1993.8517
forecast_6706,2025-10-07 10:00:00,4012.2773,4908.5083,1346.8483
forecast_6707,2025-10-07 11:00:00,3311.38,4231.948,788.34735
forecast_6708,2025-10-07 12:00:00,2520.864,4552.9863,1141.2977
forecast_6709,2025-10-07 13:00:00,1178.6056,3854.2075,901.8797
forecast_6710,2025-10-07 14:00:00,891.66797,3096.8293,688.5275
forecast_6711,2025-10-07 15:00:00,695.0095,2221.7402,541.19354
forecast_6712,2025-10-07 16:00:00,618.20575,1761.4789,416.6232
forecast_6713,2025-10-07 17:00:00,589.1538,1576.1122,276.42188
forecast_6714,2025-10-07 18:00:00,683.39044,1630.7675,189.53741
forecast_6715,2025-10-07 19:00:00,1002.9333,1718.1509,124.536514
forecast_6716,2025-10-07 20:00:00,994.31824,1976.7241,104.01805
forecast_6717,2025-10-07 21:00:00,577.66675,1821.7938,147.83522
forecast_6718,2025-10-07 22:00:00,333.7386,1146.3472,263.7828
forecast_6719,2025-10-07 23:00:00,218.57431,656.932,261.3899
forecast_6720,2025-10-08 00:00:00,143.04933,463.06787,293.74753
forecast_6721,2025-10-08 01:00:00,146.61017,363.2856,153.60973
forecast_6722,2025-10-08 02:00:00,115.01072,175.81673,54.977
forecast_6723,2025-10-08 03:00:00,121.359985,123.57028,29.033215
forecast_6724,2025-10-08 04:00:00,105.17863,86.397095,25.140886
forecast_6725,2025-10-08 05:00:00,181.02722,77.83424,62.557625
forecast_6726,2025-10-08 06:00:00,312.79953,74.92906,110.87876
forecast_6727,2025-10-08 07:00:00,258.78732,60.68482,133.12253
forecast_6728,2025-10-08 08:00:00,227.891,69.064735,304.61322
forecast_6729,2025-10-08 09:00:00,207.15543,72.911194,359.15964
forecast_6730,2025-10-08 10:00:00,219.76945,97.64541,398.65106
forecast_6731,2025-10-08 11:00:00,241.71294,120.46639,509.4912
forecast_6732,2025-10-08 12:00:00,233.25925,107.678314,471.01947
forecast_6733,2025-10-08 13:00:00,187.36905,85.45713,373.29813
forecast_6734,2025-10-08 14:00:00,177.2219,90.11874,408.62018
forecast_6735,2025-10-08 15:00:00,191.77946,117.34168,622.5099
forecast_6736,2025-10-08 16:00:00,226.95972,156.11266,810.0226
forecast_6737,2025-10-08 17:00:00,302.55087,387.40305,1249.3286
forecast_6738,2025-10-08 18:00:00,372.17792,897.063,1595.1844
forecast_6739,2025-10-08 19:00:00,506.49344,2042.0564,1915.1158
forecast_6740,2025-10-08 20:00:00,1089.8597,3878.3005,2702.8496
forecast_6741,2025-10-08 21:00:00,4202.611,6049.658,3473.2188
forecast_6742,2025-10-08 22:00:00,5479.155,5083.8687,3183.2656
forecast_6743,2025-10-08 23:00:00,5586.8164,6450.575,3293.377
forecast_6744,2025-10-09 00:00:00,4995.521,6978.42,3042.9556
forecast_6745,2025-10-09 01:00:00,5513.2886,8960.5625,3007.6467
forecast_6746,2025-10-09 02:00:00,5927.384,8051.3647,3597.2056
forecast_6747,2025-10-09 03:00:00,6751.2334,8377.58,5776.412
forecast_6748,2025-10-09 04:00:00,5958.808,7240.3726,6155.747
forecast_6749,2025-10-09 05:00:00,5152.4175,6428.706,5255.987
forecast_6750,2025-10-09 06:00:00,4949.544,6454.149,4289.546
forecast_6751,2025-10-09 07:00:00,5296.5894,7098.3,3285.5461
forecast_6752,2025-10-09 08:00:00,4268.0283,5764.1763,2098.925
forecast_6753,2025-10-09 09:00:00,4064.4624,5484.143,1923.4038
forecast_6754,2025-10-09 10:00:00,3785.47,5814.7188,2194.467
forecast_6755,2025-10-09 11:00:00,3047.4695,4331.157,1783.8748
forecast_6756,2025-10-09 12:00:00,2357.5688,2733.025,1329.9788
forecast_6757,2025-10-09 13:00:00,1764.6732,2221.7205,1133.3967
forecast_6758,2025-10-09 14:00:00,1251.4478,1768.2656,887.4877
forecast_6759,2025-10-09 15:00:00,1001.29364,1611.0634,895.9936
forecast_6760,2025-10-09 16:00:00,775.7097,1729.4246,1052.5402
forecast_6761,2025-10-09 17:00:00,1029.9116,2259.478,1179.87
forecast_6762,2025-10-09 18:00:00,1051.0452,2444.679,1176.3688
forecast_6763,2025-10-09 19:00:00,1242.1183,2264.375,1091.3905
forecast_6764,2025-10-09 20:00:00,1638.536,2291.2483,1122.124
forecast_6765,2025-10-09 21:00:00,1854.5746,2222.1587,1012.58856
forecast_6766,2025-10-09 22:00:00,1891.9913,2628.671,841.2902
forecast_6767,2025-10-09 23:00:00,1628.5548,3091.5608,703.8387
forecast_6768,2025-10-10 00:00:00,1219.6473,3200.8162,536.55054
forecast_6769,2025-10-10 01:00:00,777.6682,2893.712,516.2128
forecast_6770,2025-10-10 02:00:00,762.50256,2135.3604,753.30396
forecast_6771,2025-10-10 03:00:00,809.42914,1572.0864,628.4572
forecast_6772,2025-10-10 04:00:00,1129.8779,1668.1459,556.7731
forecast_6773,2025-10-10 05:00:00,1257.4915,1939.6467,392.5255
forecast_6774,2025-10-10 06:00:00,1215.1965,2008.9396,346.6413
forecast_6775,2025-10-10 07:00:00,1342.2549,1730.3448,270.214
forecast_6776,2025-10-10 08:00:00,1493.5966,1582.4563,319.22687
forecast_6777,2025-10-10 09:00:00,1739.5961,1695.1381,433.96725
forecast_6778,2025-10-10 10:00:00,1522.0614,2060.3967,701.6753
forecast_6779,2025-10-10 11:00:00,1186.6743,2119.3403,611.4183
forecast_6780,2025-10-10 12:00:00,735.5522,2077.003,552.1439
forecast_6781,2025-10-10 13:00:00,745.2568,2410.6602,474.04117
forecast_6782,2025-10-10 14:00:00,858.5455,2296.6262,389.03992
forecast_6783,2025-10-10 15:00:00,939.80304,2155.108,463.06973
forecast_6784,2025-10-10 16:00:00,1170.3186,2144.1353,453.17316
forecast_6785,2025-10-10 17:00:00,980.9874,1512.7324,276.04648
forecast_6786,2025-10-10 18:00:00,866.8829,1325.492,148.52122
forecast_6787,2025-10-10 19:00:00,1059.4534,1183.3477,90.692245
forecast_6788,2025-10-10 20:00:00,1439.6561,1210.0258,116.84796
forecast_6789,2025-10-10 21:00:00,1628.6484,1716.6,226.0666
forecast_6790,2025-10-10 22:00:00,1702.14,2296.722,632.3252
forecast_6791,2025-10-10 23:00:00,2266.2014,2680.026,1208.7671
forecast_6792,2025-10-11 00:00:00,2379.03,2569.4607,645.5265
forecast_6793,2025-10-11 01:00:00,1063.5898,2295.3247,662.65094
forecast_6794,2025-10-11 02:00:00,484.07013,2367.7441,1118.5608
forecast_6795,2025-10-11 03:00:00,908.3713,3580.7197,2666.6729
forecast_6796,2025-10-11 04:00:00,1581.4255,6611.269,5954.08
forecast_6797,2025-10-11 05:00:00,3128.2676,9476.989,9786.812
forecast_6798,2025-10-11 06:00:00,5936.507,13414.122,11379.947
forecast_6799,2025-10-11 07:00:00,6909.9414,13111.782,6438.4775
forecast_6800,2025-10-11 08:00:00,8934.09,13268.935,5047.3135
forecast_6801,2025-10-11 09:00:00,12401.661,14348.376,5860.589
forecast_6802,2025-10-11 10:00:00,12665.014,14014.75,5642.259
forecast_6803,2025-10-11 11:00:00,15981.726,13524.23,7659.542
forecast_6804,2025-10-11 12:00:00,16750.973,13984.4795,9435.5625
forecast_6805,2025-10-11 13:00:00,16962.188,14902.528,11138.444
forecast_6806,2025-10-11 14:00:00,16762.145,15546.728,9154.372
forecast_6807,2025-10-11 15:00:00,14865.555,15250.891,8419.221
forecast_6808,2025-10-11 16:00:00,13012.305,14800.908,8594.276
forecast_6809,2025-10-11 17:00:00,12603.027,14709.43,9003.345
forecast_6810,2025-10-11 18:00:00,12474.839,14089.436,8388.145
forecast_6811,2025-10-11 19:00:00,13853.238,13465.2705,8561.054
forecast_6812,2025-10-11 20:00:00,16140.597,13444.923,10180.931
forecast_6813,2025-10-11 21:00:00,16329.114,13248.971,12078.314
forecast_6814,2025-10-11 22:00:00,13863.224,12660.518,11178.659
forecast_6815,2025-10-11 23:00:00,11073.709,11963.842,10196.738
forecast_6816,2025-10-12 00:00:00,8520.788,11866.824,10179.357
forecast_6817,2025-10-12 01:00:00,6404.4707,9428.671,9153.186
forecast_6818,2025-10-12 02:00:00,4711.852,8593.639,7050.6377
forecast_6819,2025-10-12 03:00:00,4505.6606,6998.5225,3912.9536
forecast_6820,2025-10-12 04:00:00,4586.2188,4461.934,1216.0432
forecast_6821,2025-10-12 05:00:00,2374.9636,1254.1544,461.15717
forecast_6822,2025-10-12 06:00:00,1213.6177,1340.7449,583.7384
forecast_6823,2025-10-12 07:00:00,956.98956,2517.1072,611.7286
forecast_6824,2025-10-12 08:00:00,604.1636,3830.223,690.3405
forecast_6825,2025-10-12 09:00:00,609.8523,3363.2988,772.2196
forecast_6826,2025-10-12 10:00:00,1820.5355,8025.964,2723.9707
forecast_6827,2025-10-12 11:00:00,3408.6501,8405.564,3253.708
forecast_6828,2025-10-12 12:00:00,5045.995,4230.532,4043.2488
forecast_6829,2025-10-12 13:00:00,3765.1794,1931.8625,4126.8403
forecast_6830,2025-10-12 14:00:00,3802.9067,1940.0602,4450.978
forecast_6831,2025-10-12 15:00:00,4357.304,2114.863,5706.4004
forecast_6832,2025-10-12 16:00:00,3674.1643,1628.4275,5716.8164
forecast_6833,2025-10-12 17:00:00,2620.7163,1192.0378,4175.1772
forecast_6834,2025-10-12 18:00:00,4346.2725,2609.1775,4780.4355
forecast_6835,2025-10-12 19:00:00,5444.7275,3525.5742,5550.651
forecast_6836,2025-10-12 20:00:00,6223.457,5755.9907,6066.451
forecast_6837,2025-10-12 21:00:00,6528.0303,6031.619,5932.388
forecast_6838,2025-10-12 22:00:00,5692.8154,4413.025,4808.6636
forecast_6839,2025-10-12 23:00:00,3678.7705,3494.4468,3056.0369
forecast_6840,2025-10-13 00:00:00,3636.403,3519.7651,2327.6765
forecast_6841,2025-10-13 01:00:00,3542.0906,4313.4795,1961.3529
forecast_6842,2025-10-13 02:00:00,3000.595,3787.0315,1403.573
forecast_6843,2025-10-13 03:00:00,2554.6082,2739.0261,870.96265
forecast_6844,2025-10-13 04:00:00,1517.0121,1513.628,625.61316
forecast_6845,2025-10-13 05:00:00,846.65985,632.67596,430.5604
forecast_6846,2025-10-13 06:00:00,1078.5663,603.87604,664.3824
forecast_6847,2025-10-13 07:00:00,1832.5121,1128.7546,1440.7427
forecast_6848,2025-10-13 08:00:00,2786.1855,3355.2593,3749.6086
forecast_6849,2025-10-13 09:00:00,2547.3193,4390.0156,4573.5127
forecast_6850,2025-10-13 10:00:00,2405.4248,4705.632,4297.6724
forecast_6851,2025-10-13 11:00:00,2479.2825,4955.683,4337.1333
forecast_6852,2025-10-13 12:00:00,2727.264,4456.2427,4118.6753
forecast_6853,2025-10-13 13:00:00,2462.3418,3864.0376,2799.5195
forecast_6854,2025-10-13 14:00:00,2730.6687,3754.7195,2313.3525
forecast_6855,2025-10-13 15:00:00,2355.0122,2825.8848,2265.074
forecast_6856,2025-10-13 16:00:00,2792.896,2760.4214,3600.3906
forecast_6857,2025-10-13 17:00:00,3209.3567,2852.8794,5015.912
forecast_6858,2025-10-13 18:00:00,3715.5156,3387.9944,8187.393
forecast_6859,2025-10-13 19:00:00,4973.7124,3401.0144,7818.525
forecast_6860,2025-10-13 20:00:00,4557.7056,3667.7043,7990.9834
forecast_6861,2025-10-13 21:00:00,3675.845,3479.4358,5942.9185
forecast_6862,2025-10-13 22:00:00,5358.042,4702.358,6288.802
forecast_6863,2025-10-13 23:00:00,5533.249,4442.389,6236.329
forecast_6864,2025-10-14 00:00:00,3485.7603,3283.4946,6611.4854
forecast_6865,2025-10-14 01:00:00,5637.188,3030.145,6052.497
forecast_6866,2025-10-14 02:00:00,7325.6475,5303.559,6650.449
forecast_6867,2025-10-14 03:00:00,8879.532,7193.218,7052.709
forecast_6868,2025-10-14 04:00:00,4031.021,4101.63,4967.463
forecast_6869,2025-10-14 05:00:00,3995.1416,3850.3564,3082.354
forecast_6870,2025-10-14 06:00:00,6037.6436,3965.0103,2322.7021
forecast_6871,2025-10-14 07:00:00,3290.7505,2644.0774,1050.2028
forecast_6872,2025-10-14 08:00:00,3554.2622,2626.2502,1014.1035
forecast_6873,2025-10-14 09:00:00,3680.0625,3248.7603,1428.4917
forecast_6874,2025-10-14 10:00:00,3485.5266,4508.8867,3423.1797
forecast_6875,2025-10-14 11:00:00,3344.2815,5618.8643,4602.5107
forecast_6876,2025-10-14 12:00:00,3084.9678,5475.2764,4501.799
forecast_6877,2025-10-14 13:00:00,2502.4158,4910.023,3451.1604
forecast_6878,2025-10-14 14:00:00,1906.1486,3939.4558,2874.6084
forecast_6879,2025-10-14 15:00:00,1720.2235,4523.8945,3239.93
forecast_6880,2025-10-14 16:00:00,1795.5681,5016.6655,2950.584
forecast_6881,2025-10-14 17:00:00,1414.4929,3650.4353,1772.5664
forecast_6882,2025-10-14 18:00:00,2319.054,4647.79,1484.0798
forecast_6883,2025-10-14 19:00:00,2084.8884,3706.531,1231.9999
forecast_6884,2025-10-14 20:00:00,1399.6079,2793.8677,1520.1415
forecast_6885,2025-10-14 21:00:00,2311.0813,2810.4822,2290.4949
forecast_6886,2025-10-14 22:00:00,1985.4218,2811.0383,2833.9932
forecast_6887,2025-10-14 23:00:00,2554.3357,2867.457,2497.4353
forecast_6888,2025-10-15 00:00:00,3151.8093,3158.4375,2169.6606
forecast_6889,2025-10-15 01:00:00,3146.22,2974.4302,1746.7311
forecast_6890,2025-10-15 02:00:00,3479.3203,2699.104,1473.1593
forecast_6891,2025-10-15 03:00:00,2795.0496,2105.5903,1360.748
forecast_6892,2025-10-15 04:00:00,2185.3105,1967.847,1446.9775
forecast_6893,2025-10-15 05:00:00,2016.6853,1889.6766,1394.3634
forecast_6894,2025-10-15 06:00:00,1757.367,1647.7977,1056.15
forecast_6895,2025-10-15 07:00:00,1634.6642,1704.4192,1108.5674
forecast_6896,2025-10-15 08:00:00,1527.6528,1612.2747,1002.274
forecast_6897,2025-10-15 09:00:00,1303.3541,1429.4105,856.46716
forecast_6898,2025-10-15 10:00:00,1034.2565,1662.1873,730.91254
forecast_6899,2025-10-15 11:00:00,985.52435,1310.1807,555.3636
forecast_6900,2025-10-15 12:00:00,815.10443,1005.2417,558.7331
forecast_6901,2025-10-15 13:00:00,811.187,774.1543,636.99457
forecast_6902,2025-10-15 14:00:00,692.8385,575.42395,504.59866
forecast_6903,2025-10-15 15:00:00,542.4768,453.0307,401.2924
forecast_6904,2025-10-15 16:00:00,533.0472,419.8312,392.3684
forecast_6905,2025-10-15 17:00:00,640.28937,520.5707,295.59204
forecast_6906,2025-10-15 18:00:00,662.3223,874.7888,326.30634
forecast_6907,2025-10-15 19:00:00,636.8355,972.64355,357.89664
forecast_6908,2025-10-15 20:00:00,1080.1534,1236.5967,626.39856
forecast_6909,2025-10-15 21:00:00,2906.7214,2709.303,1840.7604
forecast_6910,2025-10-15 22:00:00,3429.3137,3713.0122,2056.6995
forecast_6911,2025-10-15 23:00:00,5295.078,5746.2114,3523.1384
forecast_6912,2025-10-16 00:00:00,7713.9385,6831.5366,4719.161
forecast_6913,2025-10-16 01:00:00,8882.103,5956.439,5773.709
forecast_6914,2025-10-16 02:00:00,4384.6753,2383.7542,3519.3176
forecast_6915,2025-10-16 03:00:00,4573.471,2952.783,1820.999
forecast_6916,2025-10-16 04:00:00,5279.626,4010.6345,1724.8143
forecast_6917,2025-10-16 05:00:00,1882.5299,1891.4722,1536.4694
forecast_6918,2025-10-16 06:00:00,1844.1377,1750.5933,1339.6053
forecast_6919,2025-10-16 07:00:00,3296.2734,1882.8595,986.81085
forecast_6920,2025-10-16 08:00:00,5730.047,3844.0095,2620.942
forecast_6921,2025-10-16 09:00:00,4631.618,6854.955,5682.0464
forecast_6922,2025-10-16 10:00:00,3422.2014,4244.9165,5114.306
forecast_6923,2025-10-16 11:00:00,2613.4666,2938.8765,3138.0251
forecast_6924,2025-10-16 12:00:00,2635.2761,3447.454,1638.056
forecast_6925,2025-10-16 13:00:00,2539.4744,4942.778,1803.5553
forecast_6926,2025-10-16 14:00:00,3070.2952,6978.157,1854.8329
forecast_6927,2025-10-16 15:00:00,2498.3928,6430.882,1069.4585
forecast_6928,2025-10-16 16:00:00,1477.1418,3598.666,542.6898
forecast_6929,2025-10-16 17:00:00,1079.3999,1999.0745,580.30566
forecast_6930,2025-10-16 18:00:00,848.4246,1812.252,1190.0997
forecast_6931,2025-10-16 19:00:00,959.07935,2576.1865,2656.0117
forecast_6932,2025-10-16 20:00:00,1232.7294,3754.981,3218.2678
forecast_6933,2025-10-16 21:00:00,2292.2712,5274.2227,3131.783
forecast_6934,2025-10-16 22:00:00,3191.487,5727.6177,3644.722
forecast_6935,2025-10-16 23:00:00,3092.9016,5082.7607,3738.1807
forecast_6936,2025-10-17 00:00:00,2830.3823,3626.6985,3587.4912
forecast_6937,2025-10-17 01:00:00,2808.9465,2838.7493,2437.8982
forecast_6938,2025-10-17 02:00:00,3308.7563,2108.0034,1729.7854
forecast_6939,2025-10-17 03:00:00,2909.9822,1768.6472,1502.4564
forecast_6940,2025-10-17 04:00:00,2103.065,1497.1797,1267.564
forecast_6941,2025-10-17 05:00:00,1951.6901,1329.1906,1024.9305
forecast_6942,2025-10-17 06:00:00,1602.3623,1155.4767,814.5391
forecast_6943,2025-10-17 07:00:00,1459.1843,926.944,568.66534
forecast_6944,2025-10-17 08:00:00,1261.0791,662.98285,341.31332
forecast_6945,2025-10-17 09:00:00,794.905,453.0303,208.25156
forecast_6946,2025-10-17 10:00:00,615.98035,402.0259,138.9162
forecast_6947,2025-10-17 11:00:00,359.93954,249.41869,116.092094
forecast_6948,2025-10-17 12:00:00,228.97533,165.41422,123.32611
forecast_6949,2025-10-17 13:00:00,191.33948,153.48067,140.85281
forecast_6950,2025-10-17 14:00:00,133.15826,178.28645,188.71147
forecast_6951,2025-10-17 15:00:00,104.009094,213.10776,256.74637
forecast_6952,2025-10-17 16:00:00,109.78893,346.34674,289.36606
forecast_6953,2025-10-17 17:00:00,106.896935,367.1242,379.5178
forecast_6954,2025-10-17 18:00:00,135.27808,532.31244,604.64154
forecast_6955,2025-10-17 19:00:00,322.5507,929.7533,1062.7411
forecast_6956,2025-10-17 20:00:00,1238.733,1526.8705,2524.5742
forecast_6957,2025-10-17 21:00:00,3137.2573,3328.8796,3261.215
forecast_6958,2025-10-17 22:00:00,3931.8953,6724.4233,2160.2266
forecast_6959,2025-10-17 23:00:00,4887.858,9302.139,1636.892
forecast_6960,2025-10-18 00:00:00,4819.1387,10334.046,3719.749
forecast_6961,2025-10-18 01:00:00,3626.7034,8731.111,5614.4956
forecast_6962,2025-10-18 02:00:00,2595.2146,6157.7295,5156.2383
forecast_6963,2025-10-18 03:00:00,3558.8684,7190.6353,7066.6523
forecast_6964,2025-10-18 04:00:00,4918.3335,8887.622,8145.4873
forecast_6965,2025-10-18 05:00:00,4416.9185,7714.9033,5167.1504
forecast_6966,2025-10-18 06:00:00,3950.9236,4297.2925,2644.6692
forecast_6967,2025-10-18 07:00:00,2195.5125,1944.6105,606.486
forecast_6968,2025-10-18 08:00:00,1639.5062,1070.3707,684.1684
forecast_6969,2025-10-18 09:00:00,852.0037,482.9382,292.34378
forecast_6970,2025-10-18 10:00:00,346.02463,293.07623,324.5746
forecast_6971,2025-10-18 11:00:00,415.2692,213.84724,322.0504
forecast_6972,2025-10-18 12:00:00,569.60815,209.53065,406.18127
forecast_6973,2025-10-18 13:00:00,512.3078,228.69276,444.85944
forecast_6974,2025-10-18 14:00:00,478.006,438.1926,545.0822
forecast_6975,2025-10-18 15:00:00,592.4725,945.19916,469.1093
forecast_6976,2025-10-18 16:00:00,2030.3367,2750.1797,1068.0466
forecast_6977,2025-10-18 17:00:00,2473.9946,3361.0544,804.52966
forecast_6978,2025-10-18 18:00:00,2584.2915,3237.3955,686.842
forecast_6979,2025-10-18 19:00:00,2041.2699,2056.691,1113.27
forecast_6980,2025-10-18 20:00:00,1532.1985,1449.4584,709.3638
forecast_6981,2025-10-18 21:00:00,1173.6025,1104.7946,680.8707
forecast_6982,2025-10-18 22:00:00,1079.2463,1319.6844,1052.9958
forecast_6983,2025-10-18 23:00:00,1121.5054,1675.6858,527.69666
forecast_6984,2025-10-19 00:00:00,955.86456,1548.5198,372.1388
forecast_6985,2025-10-19 01:00:00,941.9594,1346.3281,176.95802
forecast_6986,2025-10-19 02:00:00,788.9943,1108.93,112.0519
forecast_6987,2025-10-19 03:00:00,773.5143,1121.5835,245.64186
forecast_6988,2025-10-19 04:00:00,680.3228,982.547,193.91214
forecast_6989,2025-10-19 05:00:00,771.7386,812.09546,194.21404
forecast_6990,2025-10-19 06:00:00,656.0647,362.35468,243.59027
forecast_6991,2025-10-19 07:00:00,533.3375,195.87062,177.01845
forecast_6992,2025-10-19 08:00:00,480.86502,148.55276,122.83887
forecast_6993,2025-10-19 09:00:00,475.20813,241.66245,68.31709
forecast_6994,2025-10-19 10:00:00,563.88135,325.38794,52.737625
forecast_6995,2025-10-19 11:00:00,763.8215,339.38248,64.057526
forecast_6996,2025-10-19 12:00:00,566.4237,604.0192,107.47832
forecast_6997,2025-10-19 13:00:00,812.5454,583.45276,174.42734
forecast_6998,2025-10-19 14:00:00,800.14905,1435.2876,590.91394
forecast_6999,2025-10-19 15:00:00,2031.922,2531.8066,1990.9078
forecast_7000,2025-10-19 16:00:00,5222.7373,4305.7314,3490.2422
forecast_7001,2025-10-19 17:00:00,7649.779,5843.6177,5195.4556
forecast_7002,2025-10-19 18:00:00,9124.352,5298.1055,6151.4062
forecast_7003,2025-10-19 19:00:00,9111.116,4929.2915,5045.979
forecast_7004,2025-10-19 20:00:00,9951.505,5149.6934,3251.3855
forecast_7005,2025-10-19 21:00:00,10548.502,8439.402,4653.794
forecast_7006,2025-10-19 22:00:00,8545.568,7629.3276,3279.2344
forecast_7007,2025-10-19 23:00:00,8328.522,6431.774,2517.7856
forecast_7008,2025-10-20 00:00:00,7945.555,5061.0435,1903.5864
forecast_7009,2025-10-20 01:00:00,6518.6826,3178.124,824.0031
forecast_7010,2025-10-20 02:00:00,3551.95,1205.8252,127.99984
forecast_7011,2025-10-20 03:00:00,3525.39,672.88434,338.2376
forecast_7012,2025-10-20 04:00:00,2373.307,425.57532,886.5155
forecast_7013,2025-10-20 05:00:00,1816.2772,1037.0404,1516.8455
forecast_7014,2025-10-20 06:00:00,1905.9891,2212.1116,1619.4364
forecast_7015,2025-10-20 07:00:00,1314.0609,1530.2797,1564.742
forecast_7016,2025-10-20 08:00:00,1704.5217,1146.4059,1278.8508
forecast_7017,2025-10-20 09:00:00,2307.826,1822.1516,1546.4183
forecast_7018,2025-10-20 10:00:00,2689.1409,2541.5156,1757.6943
forecast_7019,2025-10-20 11:00:00,1758.3817,2030.7917,1439.5583
forecast_7020,2025-10-20 12:00:00,1618.3486,2344.2139,1391.1454
forecast_7021,2025-10-20 13:00:00,1506.5758,3117.737,1497.1688
forecast_7022,2025-10-20 14:00:00,1438.6611,3770.4116,1540.8676
forecast_7023,2025-10-20 15:00:00,1032.0822,2864.0955,1362.8756
forecast_7024,2025-10-20 16:00:00,709.3834,1984.869,1082.1018
forecast_7025,2025-10-20 17:00:00,559.36017,1415.4078,762.91724
forecast_7026,2025-10-20 18:00:00,460.88776,1085.1597,497.42508
forecast_7027,2025-10-20 19:00:00,388.29337,1017.21277,356.6233
forecast_7028,2025-10-20 20:00:00,259.54456,992.99677,271.5397
forecast_7029,2025-10-20 21:00:00,182.99326,902.61584,187.03651
forecast_7030,2025-10-20 22:00:00,143.3471,679.586,150.9173
forecast_7031,2025-10-20 23:00:00,131.0712,522.29785,123.397224
forecast_7032,2025-10-21 00:00:00,152.31503,418.30612,102.169365
forecast_7033,2025-10-21 01:00:00,139.46648,262.61676,86.31712
forecast_7034,2025-10-21 02:00:00,558.7971,324.65445,79.13889
forecast_7035,2025-10-21 03:00:00,2659.5078,375.88403,104.15811
forecast_7036,2025-10-21 04:00:00,3386.7983,380.02618,80.42223
forecast_7037,2025-10-21 05:00:00,3402.2607,212.16815,71.77517
forecast_7038,2025-10-21 06:00:00,4057.1672,244.5246,90.830475
forecast_7039,2025-10-21 07:00:00,2793.739,118.01992,72.91495
forecast_7040,2025-10-21 08:00:00,1743.4722,122.488304,82.88684
forecast_7041,2025-10-21 09:00:00,604.93665,82.71345,57.03769
forecast_7042,2025-10-21 10:00:00,446.77866,30.946089,38.828606
forecast_7043,2025-10-21 11:00:00,275.152,16.126453,17.877604
forecast_7044,2025-10-21 12:00:00,145.0123,20.016882,13.71889
forecast_7045,2025-10-21 13:00:00,120.29047,21.677584,22.136002
forecast_7046,2025-10-21 14:00:00,80.626335,28.514536,23.70937
forecast_7047,2025-10-21 15:00:00,64.46357,50.322887,64.76563
forecast_7048,2025-10-21 16:00:00,77.45861,82.76218,140.552
forecast_7049,2025-10-21 17:00:00,65.63683,182.85835,219.36398
forecast_7050,2025-10-21 18:00:00,77.00912,248.87097,199.26659
forecast_7051,2025-10-21 19:00:00,83.81165,180.54628,129.16588
forecast_7052,2025-10-21 20:00:00,86.0724,113.93892,92.48154
forecast_7053,2025-10-21 21:00:00,126.10065,150.58054,122.37731
forecast_7054,2025-10-21 22:00:00,193.15894,187.30511,142.02782
forecast_7055,2025-10-21 23:00:00,222.92603,193.5727,112.49927
forecast_7056,2025-10-22 00:00:00,255.02374,215.54884,122.168175
forecast_7057,2025-10-22 01:00:00,146.21962,174.96684,117.33545
forecast_7058,2025-10-22 02:00:00,65.08543,376.9187,263.51974
forecast_7059,2025-10-22 03:00:00,211.73903,1054.5446,226.31422
forecast_7060,2025-10-22 04:00:00,476.85068,1263.7245,183.60619
forecast_7061,2025-10-22 05:00:00,524.5987,1622.5662,252.8898
forecast_7062,2025-10-22 06:00:00,622.05176,1852.0624,286.57996
forecast_7063,2025-10-22 07:00:00,665.78015,1609.7152,306.1727
forecast_7064,2025-10-22 08:00:00,931.13293,2125.1375,312.0135
forecast_7065,2025-10-22 09:00:00,1161.3076,1889.1611,388.2192
forecast_7066,2025-10-22 10:00:00,1311.5066,2946.294,1332.7761
forecast_7067,2025-10-22 11:00:00,753.2899,1812.3383,685.69257
forecast_7068,2025-10-22 12:00:00,761.98346,1321.183,870.88367
forecast_7069,2025-10-22 13:00:00,721.8975,1465.2395,1270.746
forecast_7070,2025-10-22 14:00:00,586.6511,1026.2339,940.4585
forecast_7071,2025-10-22 15:00:00,551.3892,650.7319,573.1576
forecast_7072,2025-10-22 16:00:00,641.5472,530.949,403.87488
forecast_7073,2025-10-22 17:00:00,693.9666,631.1733,327.6604
forecast_7074,2025-10-22 18:00:00,589.6358,754.5815,294.7978
forecast_7075,2025-10-22 19:00:00,635.1636,925.12177,261.09506
forecast_7076,2025-10-22 20:00:00,761.3803,1252.1569,284.9673
forecast_7077,2025-10-22 21:00:00,1021.771,1567.9003,251.40424
forecast_7078,2025-10-22 22:00:00,1358.2336,1822.6957,206.53423
forecast_7079,2025-10-22 23:00:00,1764.0352,2043.5782,205.99644
forecast_7080,2025-10-23 00:00:00,2067.6848,1644.9398,181.90338
forecast_7081,2025-10-23 01:00:00,1377.2524,926.9105,148.30585
forecast_7082,2025-10-23 02:00:00,1065.3492,496.91516,130.23608
forecast_7083,2025-10-23 03:00:00,1151.9114,363.94125,102.11158
forecast_7084,2025-10-23 04:00:00,884.33154,274.39798,52.254513
forecast_7085,2025-10-23 05:00:00,430.62213,183.29771,30.92309
forecast_7086,2025-10-23 06:00:00,261.5706,114.37854,31.213526
forecast_7087,2025-10-23 07:00:00,159.68358,96.78872,56.310013
forecast_7088,2025-10-23 08:00:00,104.61219,75.09695,68.71192
forecast_7089,2025-10-23 09:00:00,76.31547,52.61598,73.68987
forecast_7090,2025-10-23 10:00:00,65.926125,45.863316,73.54666
forecast_7091,2025-10-23 11:00:00,41.75424,44.24426,75.454254
forecast_7092,2025-10-23 12:00:00,40.517406,42.51601,86.11262
forecast_7093,2025-10-23 13:00:00,52.833065,42.796593,101.70359
forecast_7094,2025-10-23 14:00:00,44.947147,43.289772,140.611
forecast_7095,2025-10-23 15:00:00,57.708954,53.349148,178.99841
forecast_7096,2025-10-23 16:00:00,51.716908,54.25063,203.89967
forecast_7097,2025-10-23 17:00:00,48.79487,57.514347,168.28499
forecast_7098,2025-10-23 18:00:00,92.93656,107.485115,128.88486
forecast_7099,2025-10-23 19:00:00,153.17244,171.06029,132.99171
forecast_7100,2025-10-23 20:00:00,298.19434,134.85284,103.76468
forecast_7101,2025-10-23 21:00:00,313.67004,140.1356,135.86691
forecast_7102,2025-10-23 22:00:00,274.2465,181.15514,299.4065
forecast_7103,2025-10-23 23:00:00,218.2191,110.993164,300.6623
forecast_7104,2025-10-24 00:00:00,156.05437,86.300316,266.06665
forecast_7105,2025-10-24 01:00:00,123.87459,76.01625,524.9296
forecast_7106,2025-10-24 02:00:00,220.29692,176.84415,303.42416
forecast_7107,2025-10-24 03:00:00,180.13048,72.06705,144.64046
forecast_7108,2025-10-24 04:00:00,409.66412,254.636,348.2207
forecast_7109,2025-10-24 05:00:00,459.4632,276.19394,1036.9949
forecast_7110,2025-10-24 06:00:00,1077.3469,664.7151,881.9375
forecast_7111,2025-10-24 07:00:00,1508.3511,1401.6133,1312.7614
forecast_7112,2025-10-24 08:00:00,1440.1105,1783.5143,1514.1456
forecast_7113,2025-10-24 09:00:00,1361.9707,2350.2395,1496.239
forecast_7114,2025-10-24 10:00:00,1263.7815,2150.2114,1174.0981
forecast_7115,2025-10-24 11:00:00,2126.636,3143.7825,976.1923
forecast_7116,2025-10-24 12:00:00,1382.137,2664.4663,1324.692
forecast_7117,2025-10-24 13:00:00,999.0255,2012.4148,1926.4623
forecast_7118,2025-10-24 14:00:00,1019.4747,1966.7664,2174.9834
forecast_7119,2025-10-24 15:00:00,1070.6211,1306.2471,1887.5947
forecast_7120,2025-10-24 16:00:00,1658.4753,1311.5122,1383.5266
forecast_7121,2025-10-24 17:00:00,2175.343,1418.339,792.0562
forecast_7122,2025-10-24 18:00:00,3069.9434,1134.9739,317.97305
forecast_7123,2025-10-24 19:00:00,3592.9558,1127.3152,242.05394
forecast_7124,2025-10-24 20:00:00,3847.545,1478.626,357.63168
forecast_7125,2025-10-24 21:00:00,3913.5164,1913.301,687.46326
forecast_7126,2025-10-24 22:00:00,3508.3533,2700.01,993.5354
forecast_7127,2025-10-24 23:00:00,3395.5532,3050.867,935.0562
forecast_7128,2025-10-25 00:00:00,3027.9954,1446.7887,672.34357
forecast_7129,2025-10-25 01:00:00,2672.4182,1133.8328,420.45566
forecast_7130,2025-10-25 02:00:00,2947.6672,1468.0348,728.5175
forecast_7131,2025-10-25 03:00:00,2258.5754,1985.3005,893.21277
forecast_7132,2025-10-25 04:00:00,1140.2235,2015.9775,1095.7097
forecast_7133,2025-10-25 05:00:00,1232.0193,2075.2358,796.20526
forecast_7134,2025-10-25 06:00:00,1365.1697,855.2027,529.6493
forecast_7135,2025-10-25 07:00:00,970.6667,946.0932,594.0258
forecast_7136,2025-10-25 08:00:00,844.1503,595.38885,296.5979
forecast_7137,2025-10-25 09:00:00,436.17474,322.30643,172.89297
forecast_7138,2025-10-25 10:00:00,357.70004,328.89435,154.3828
forecast_7139,2025-10-25 11:00:00,234.10413,292.55865,113.732346
forecast_7140,2025-10-25 12:00:00,248.82945,418.60657,183.07489
forecast_7141,2025-10-25 13:00:00,215.42392,272.43222,222.56279
forecast_7142,2025-10-25 14:00:00,260.3344,308.6065,449.01746
forecast_7143,2025-10-25 15:00:00,300.276,153.14757,323.21588
forecast_7144,2025-10-25 16:00:00,282.01477,149.91234,298.73148
forecast_7145,2025-10-25 17:00:00,191.8692,149.95082,346.5293
forecast_7146,2025-10-25 18:00:00,267.3642,126.64573,277.7458
forecast_7147,2025-10-25 19:00:00,275.93207,145.91953,205.75623
forecast_7148,2025-10-25 20:00:00,247.91748,277.9578,122.73462
forecast_7149,2025-10-25 21:00:00,377.79114,341.21512,114.293434
forecast_7150,2025-10-25 22:00:00,615.6792,400.58817,215.05026
forecast_7151,2025-10-25 23:00:00,1096.3239,368.91525,428.09784
forecast_7152,2025-10-26 00:00:00,3533.3625,378.9703,484.5248
forecast_7153,2025-10-26 01:00:00,8074.3228,517.6954,1138.5715
forecast_7154,2025-10-26 02:00:00,7256.487,334.4364,1647.4203
forecast_7155,2025-10-26 03:00:00,4227.814,257.38837,1453.7189
forecast_7156,2025-10-26 04:00:00,2292.6377,205.84041,700.7308
forecast_7157,2025-10-26 05:00:00,2019.3771,161.13052,517.2055
forecast_7158,2025-10-26 06:00:00,1847.3123,164.80527,278.42
forecast_7159,2025-10-26 07:00:00,1329.2075,151.88179,182.28358
forecast_7160,2025-10-26 08:00:00,1293.3987,237.24075,550.386
forecast_7161,2025-10-26 09:00:00,3348.4834,518.82794,1164.2302
forecast_7162,2025-10-26 10:00:00,4345.9795,1068.7849,1784.5361
forecast_7163,2025-10-26 11:00:00,4464.841,1655.9083,1188.8092
forecast_7164,2025-10-26 12:00:00,3468.2651,1644.9111,439.0633
forecast_7165,2025-10-26 13:00:00,3776.951,5218.053,1292.8303
forecast_7166,2025-10-26 14:00:00,3670.2266,4427.5127,673.18164
forecast_7167,2025-10-26 15:00:00,4974.217,5928.606,1698.742
forecast_7168,2025-10-26 16:00:00,6612.6797,6488.2817,906.2406
forecast_7169,2025-10-26 17:00:00,6949.1143,6472.805,1214.4982
forecast_7170,2025-10-26 18:00:00,6595.6284,7123.2974,1597.5842
forecast_7171,2025-10-26 19:00:00,6925.5015,7969.907,3337.4358
forecast_7172,2025-10-26 20:00:00,9267.305,10959.77,4116.827
forecast_7173,2025-10-26 21:00:00,9283.566,13969.194,6056.684
forecast_7174,2025-10-26 22:00:00,10019.999,13259.322,9688.001
forecast_7175,2025-10-26 23:00:00,12068.414,12867.358,11953.001
forecast_7176,2025-10-27 00:00:00,13334.105,12969.139,10571.573
forecast_7177,2025-10-27 01:00:00,13919.631,13200.584,7916.7236
forecast_7178,2025-10-27 02:00:00,14240.861,13609.205,6528.1753
forecast_7179,2025-10-27 03:00:00,16091.556,13635.236,6131.1206
forecast_7180,2025-10-27 04:00:00,16202.504,14467.558,6554.5083
forecast_7181,2025-10-27 05:00:00,15495.848,15043.042,7479.41
forecast_7182,2025-10-27 06:00:00,14371.885,14389.821,10164.36
forecast_7183,2025-10-27 07:00:00,12049.237,12978.14,11887.205
forecast_7184,2025-10-27 08:00:00,11894.26,10602.553,10742.059
forecast_7185,2025-10-27 09:00:00,9998.891,6789.147,7368.5977
forecast_7186,2025-10-27 10:00:00,8582.573,5506.866,5075.671
forecast_7187,2025-10-27 11:00:00,10012.121,5853.8105,3729.7073
forecast_7188,2025-10-27 12:00:00,10773.732,8296.002,4594.112
forecast_7189,2025-10-27 13:00:00,10494.251,11199.988,7752.4956
forecast_7190,2025-10-27 14:00:00,9814.926,12328.286,6608.145
forecast_7191,2025-10-27 15:00:00,9525.519,12765.281,6923.591
forecast_7192,2025-10-27 16:00:00,9932.873,13173.424,9649.634
forecast_7193,2025-10-27 17:00:00,11015.742,13455.991,9391.384
forecast_7194,2025-10-27 18:00:00,13671.367,14245.351,10956.547
forecast_7195,2025-10-27 19:00:00,15104.447,14235.103,11793.857
forecast_7196,2025-10-27 20:00:00,14526.206,14080.892,12505.063
forecast_7197,2025-10-27 21:00:00,14373.485,13982.545,13657.639
forecast_7198,2025-10-27 22:00:00,13655.836,12476.344,12392.109
forecast_7199,2025-10-27 23:00:00,13417.651,9570.855,7893.2017
forecast_7200,2025-10-28 00:00:00,12679.517,5701.8013,3953.5352
forecast_7201,2025-10-28 01:00:00,7683.96,2999.5374,2127.5198
forecast_7202,2025-10-28 02:00:00,10587.105,5359.902,3603.3826
forecast_7203,2025-10-28 03:00:00,5989.1367,3866.7654,3565.7534
forecast_7204,2025-10-28 04:00:00,9933.05,3108.206,2738.8228
forecast_7205,2025-10-28 05:00:00,12147.204,3513.0344,2842.1501
forecast_7206,2025-10-28 06:00:00,13240.764,4210.9434,2632.1707
forecast_7207,2025-10-28 07:00:00,13337.135,7190.471,1861.6586
forecast_7208,2025-10-28 08:00:00,13485.651,11025.974,1941.3802
forecast_7209,2025-10-28 09:00:00,10668.166,10957.491,2078.5305
forecast_7210,2025-10-28 10:00:00,7000.492,4719.9595,1401.3032
forecast_7211,2025-10-28 11:00:00,3154.4717,1302.655,1423.3163
forecast_7212,2025-10-28 12:00:00,1641.3489,634.88184,1550.5989
forecast_7213,2025-10-28 13:00:00,2418.9946,1548.9812,1605.7136
forecast_7214,2025-10-28 14:00:00,3560.1018,1176.9915,1348.7247
forecast_7215,2025-10-28 15:00:00,3235.7808,942.6342,1509.8439
forecast_7216,2025-10-28 16:00:00,2521.885,1030.9819,1776.9614
forecast_7217,2025-10-28 17:00:00,1872.4482,1323.3251,1881.0636
forecast_7218,2025-10-28 18:00:00,2097.5266,1733.3119,2272.4436
forecast_7219,2025-10-28 19:00:00,4927.0635,4762.776,3592.1304
forecast_7220,2025-10-28 20:00:00,7531.275,6419.4946,3144.8
forecast_7221,2025-10-28 21:00:00,8602.747,7109.5986,4023.6362
forecast_7222,2025-10-28 22:00:00,8511.854,8030.168,4933.672
forecast_7223,2025-10-28 23:00:00,8047.69,9508.537,5437.7915
forecast_7224,2025-10-29 00:00:00,6309.372,11525.594,6117.67
forecast_7225,2025-10-29 01:00:00,5697.7437,10619.148,6382.544
forecast_7226,2025-10-29 02:00:00,7205.913,6175.1006,5761.3643
forecast_7227,2025-10-29 03:00:00,7922.1504,2929.189,6076.3926
forecast_7228,2025-10-29 04:00:00,8292.384,1675.1299,6359.6304
forecast_7229,2025-10-29 05:00:00,7755.9805,1190.5074,5394.2676
forecast_7230,2025-10-29 06:00:00,7289.2554,723.9391,3836.1016
forecast_7231,2025-10-29 07:00:00,6122.5,645.39685,2965.9338
forecast_7232,2025-10-29 08:00:00,3297.0974,422.79797,1851.3059
forecast_7233,2025-10-29 09:00:00,1143.8318,249.57204,1026.1329
forecast_7234,2025-10-29 10:00:00,294.81512,115.537346,391.03754
forecast_7235,2025-10-29 11:00:00,90.242714,60.65857,102.126175
forecast_7236,2025-10-29 12:00:00,28.453321,39.26275,29.535437
forecast_7237,2025-10-29 13:00:00,19.054861,31.622034,16.047724
forecast_7238,2025-10-29 14:00:00,24.055164,33.95392,15.665146
forecast_7239,2025-10-29 15:00:00,23.236328,45.935863,25.738804
forecast_7240,2025-10-29 16:00:00,18.593966,47.47607,36.08934
forecast_7241,2025-10-29 17:00:00,32.861534,81.74778,50.79338
forecast_7242,2025-10-29 18:00:00,74.74314,372.39233,84.055244
forecast_7243,2025-10-29 19:00:00,243.77101,1218.1576,582.2594
forecast_7244,2025-10-29 20:00:00,415.59067,3867.649,2632.919
forecast_7245,2025-10-29 21:00:00,899.0544,5321.948,2428.6562
forecast_7246,2025-10-29 22:00:00,1484.324,7859.1494,2765.002
forecast_7247,2025-10-29 23:00:00,2832.1265,8918.874,3289.4524
forecast_7248,2025-10-30 00:00:00,4159.754,8330.929,4121.3086
forecast_7249,2025-10-30 01:00:00,8421.72,8307.063,5656.205
forecast_7250,2025-10-30 02:00:00,9254.904,7463.6675,5780.702
forecast_7251,2025-10-30 03:00:00,8673.3,9007.013,6582.944
forecast_7252,2025-10-30 04:00:00,12679.006,14708.923,8898.184
forecast_7253,2025-10-30 05:00:00,15148.641,14830.2,10121.261
forecast_7254,2025-10-30 06:00:00,17500.123,13768.988,10852.6875
forecast_7255,2025-10-30 07:00:00,16740.773,13091.617,8299.952
forecast_7256,2025-10-30 08:00:00,16297.862,11992.751,4200.096
forecast_7257,2025-10-30 09:00:00,12007.606,10726.288,2189.6187
forecast_7258,2025-10-30 10:00:00,6606.6816,7363.6113,1254.0801
forecast_7259,2025-10-30 11:00:00,4134.431,2913.351,681.3729
forecast_7260,2025-10-30 12:00:00,1681.0983,959.1932,593.4363
forecast_7261,2025-10-30 13:00:00,602.667,535.5542,625.38336
forecast_7262,2025-10-30 14:00:00,409.77765,528.8042,656.6676
forecast_7263,2025-10-30 15:00:00,365.85367,431.18878,605.7644
forecast_7264,2025-10-30 16:00:00,351.90317,589.2141,499.2079
forecast_7265,2025-10-30 17:00:00,479.20795,427.73962,678.9203
forecast_7266,2025-10-30 18:00:00,906.39154,431.2888,1109.688
forecast_7267,2025-10-30 19:00:00,1120.8168,435.66168,1436.5193
forecast_7268,2025-10-30 20:00:00,1038.1859,336.44406,1778.2545
forecast_7269,2025-10-30 21:00:00,490.79803,254.76323,1365.2013
forecast_7270,2025-10-30 22:00:00,345.89053,239.71338,1406.78
forecast_7271,2025-10-30 23:00:00,285.56995,222.47148,1609.5625
forecast_7272,2025-10-31 00:00:00,329.45947,247.07727,1949.22
forecast_7273,2025-10-31 01:00:00,615.8897,230.83484,1810.5576
forecast_7274,2025-10-31 02:00:00,473.60495,107.458145,533.16534
forecast_7275,2025-10-31 03:00:00,413.6627,90.09999,199.63701
forecast_7276,2025-10-31 04:00:00,640.7229,114.43731,163.35384
forecast_7277,2025-10-31 05:00:00,762.4862,155.09134,136.88148
forecast_7278,2025-10-31 06:00:00,484.5431,243.3542,132.13916
forecast_7279,2025-10-31 07:00:00,1020.3328,419.49078,122.2115
forecast_7280,2025-10-31 08:00:00,1843.9,313.69067,73.784645
forecast_7281,2025-10-31 09:00:00,2071.0618,227.39178,73.285225
forecast_7282,2025-10-31 10:00:00,1397.5447,233.4226,69.611084
forecast_7283,2025-10-31 11:00:00,840.5793,210.07524,80.81817
forecast_7284,2025-10-31 12:00:00,775.18945,207.43637,84.56938
forecast_7285,2025-10-31 13:00:00,572.4632,166.5967,56.376945
forecast_7286,2025-10-31 14:00:00,380.8035,135.63213,43.753708
forecast_7287,2025-10-31 15:00:00,201.48013,197.89183,71.19093
forecast_7288,2025-10-31 16:00:00,135.97678,204.8914,66.688255
forecast_7289,2025-10-31 17:00:00,103.49607,173.8301,72.47776
forecast_7290,2025-10-31 18:00:00,94.553604,158.38158,58.3997
forecast_7291,2025-10-31 19:00:00,302.39075,663.8433,169.94542
forecast_7292,2025-10-31 20:00:00,714.8979,1760.1356,990.6683
forecast_7293,2025-10-31 21:00:00,3090.0596,3186.0134,1901.9858
forecast_7294,2025-10-31 22:00:00,6810.074,4301.4414,2716.0403
forecast_7295,2025-10-31 23:00:00,7360.702,4887.4473,3144.352
forecast_7296,2025-11-01 00:00:00,8923.905,4665.8047,3110.921
forecast_7297,2025-11-01 01:00:00,10990.6455,5535.941,3102.0813
forecast_7298,2025-11-01 02:00:00,14387.404,5995.528,6914.1626
forecast_7299,2025-11-01 03:00:00,15557.692,7207.319,10436.947
forecast_7300,2025-11-01 04:00:00,13843.915,7554.969,13790.57
forecast_7301,2025-11-01 05:00:00,12615.982,9047.319,10382.314
forecast_7302,2025-11-01 06:00:00,12884.376,12087.311,8690.981
forecast_7303,2025-11-01 07:00:00,11638.955,13284.096,9351.2705
forecast_7304,2025-11-01 08:00:00,13509.572,14070.669,10323.134
forecast_7305,2025-11-01 09:00:00,14623.792,13870.479,10499.163
forecast_7306,2025-11-01 10:00:00,13536.565,13671.812,11001.898
forecast_7307,2025-11-01 11:00:00,15179.1,13754.006,11188.879
forecast_7308,2025-11-01 12:00:00,15655.667,13037.891,10530.855
forecast_7309,2025-11-01 13:00:00,14600.852,11860.702,11243.594
forecast_7310,2025-11-01 14:00:00,14409.673,10692.244,11658.411
forecast_7311,2025-11-01 15:00:00,14681.023,9824.449,10575.8125
forecast_7312,2025-11-01 16:00:00,14891.484,10673.448,9345.586
forecast_7313,2025-11-01 17:00:00,14566.964,11605.043,7966.2803
forecast_7314,2025-11-01 18:00:00,14948.602,14031.78,8724.171
forecast_7315,2025-11-01 19:00:00,15035.613,16035.677,8462.3125
forecast_7316,2025-11-01 20:00:00,15149.96,18386.203,6902.231
forecast_7317,2025-11-01 21:00:00,15275.33,18134.56,10173.823
forecast_7318,2025-11-01 22:00:00,15254.616,17855.436,10467.871
forecast_7319,2025-11-01 23:00:00,15419.366,17932.389,10071.076
forecast_7320,2025-11-02 00:00:00,16477.69,18150.936,12180.411
forecast_7321,2025-11-02 01:00:00,15820.228,17882.537,11232.138
forecast_7322,2025-11-02 02:00:00,13891.237,16965.191,10166.173
forecast_7323,2025-11-02 03:00:00,15602.768,16893.295,10838.061
forecast_7324,2025-11-02 04:00:00,14945.2295,16008.303,10374.909
forecast_7325,2025-11-02 05:00:00,15435.3125,15941.245,10548.55
forecast_7326,2025-11-02 06:00:00,15138.603,15233.86,11643.337
forecast_7327,2025-11-02 07:00:00,15529.912,14891.56,12346.423
forecast_7328,2025-11-02 08:00:00,15980.577,15729.472,13505.52
forecast_7329,2025-11-02 09:00:00,15931.395,16100.142,13151.244
forecast_7330,2025-11-02 10:00:00,15221.369,16457.576,13232.835
forecast_7331,2025-11-02 11:00:00,15382.491,17321.74,14150.795
forecast_7332,2025-11-02 12:00:00,15374.204,17966.309,14160.018
forecast_7333,2025-11-02 13:00:00,15347.511,18241.34,12468.307
forecast_7334,2025-11-02 14:00:00,15552.937,17695.244,10108.169
forecast_7335,2025-11-02 15:00:00,14915.567,16872.908,9445.081
forecast_7336,2025-11-02 16:00:00,15635.988,16757.309,11616.698
forecast_7337,2025-11-02 17:00:00,15169.006,15975.476,10984.21
forecast_7338,2025-11-02 18:00:00,14746.384,13445.668,6814.036
forecast_7339,2025-11-02 19:00:00,14715.612,13130.108,7751.1226
forecast_7340,2025-11-02 20:00:00,14319.348,14642.648,10196.184
forecast_7341,2025-11-02 21:00:00,11400.234,9909.307,9129.989
forecast_7342,2025-11-02 22:00:00,8078.348,2488.5476,5331.258
forecast_7343,2025-11-02 23:00:00,7778.0083,1926.9984,4351.8887
forecast_7344,2025-11-03 00:00:00,7873.5684,1948.459,3481.3901
forecast_7345,2025-11-03 01:00:00,4212.8438,3134.9482,3329.7026
forecast_7346,2025-11-03 02:00:00,7322.6577,7377.736,2903.455
forecast_7347,2025-11-03 03:00:00,8330.844,5318.4375,1104.697
forecast_7348,2025-11-03 04:00:00,6026.783,2691.7012,1085.6777
forecast_7349,2025-11-03 05:00:00,5580.874,2564.4934,2109.6785
forecast_7350,2025-11-03 06:00:00,6358.66,2237.1248,1976.9104
forecast_7351,2025-11-03 07:00:00,5415.59,2433.1074,921.9322
forecast_7352,2025-11-03 08:00:00,4710.3755,2820.7766,730.51666
forecast_7353,2025-11-03 09:00:00,3953.4417,2672.9614,780.50275
forecast_7354,2025-11-03 10:00:00,3531.1716,3677.5884,990.68243
forecast_7355,2025-11-03 11:00:00,1640.1671,2017.061,507.39563
forecast_7356,2025-11-03 12:00:00,760.76935,502.8643,293.06082
forecast_7357,2025-11-03 13:00:00,350.28146,212.40964,301.33627
forecast_7358,2025-11-03 14:00:00,153.06949,138.84807,226.10701
forecast_7359,2025-11-03 15:00:00,95.604256,67.61381,99.75078
forecast_7360,2025-11-03 16:00:00,96.33574,38.69082,36.453297
forecast_7361,2025-11-03 17:00:00,128.25314,70.81486,33.026943
forecast_7362,2025-11-03 18:00:00,301.77588,146.92253,54.92936
forecast_7363,2025-11-03 19:00:00,506.074,561.8388,98.33712
forecast_7364,2025-11-03 20:00:00,1084.4323,2829.7454,435.6212
forecast_7365,2025-11-03 21:00:00,2647.7224,6286.6436,1731.8933
forecast_7366,2025-11-03 22:00:00,5096.889,7385.0977,4093.9055
forecast_7367,2025-11-03 23:00:00,9399.992,8614.773,5872.761
forecast_7368,2025-11-04 00:00:00,8687.565,10204.554,7387.722
forecast_7369,2025-11-04 01:00:00,8177.45,10746.77,8188.0967
forecast_7370,2025-11-04 02:00:00,7264.615,10443.392,5337.154
forecast_7371,2025-11-04 03:00:00,8638.488,11494.581,5733.146
forecast_7372,2025-11-04 04:00:00,10193.866,13350.305,6921.209
forecast_7373,2025-11-04 05:00:00,12788.069,15026.578,9234.377
forecast_7374,2025-11-04 06:00:00,14320.579,15763.057,11111.9375
forecast_7375,2025-11-04 07:00:00,14505.828,15608.149,12143.024
forecast_7376,2025-11-04 08:00:00,14813.026,13522.865,12254.827
forecast_7377,2025-11-04 09:00:00,13619.135,14952.415,11298.828
forecast_7378,2025-11-04 10:00:00,13475.064,15616.623,12242.508
forecast_7379,2025-11-04 11:00:00,16657.35,14857.873,13867.792
forecast_7380,2025-11-04 12:00:00,15222.832,12898.258,8599.728
forecast_7381,2025-11-04 13:00:00,16219.805,11342.447,7001.557
forecast_7382,2025-11-04 14:00:00,16039.996,9011.252,9236.969
forecast_7383,2025-11-04 15:00:00,15424.302,5386.9316,9278.057
forecast_7384,2025-11-04 16:00:00,15248.872,2117.964,7130.126
forecast_7385,2025-11-04 17:00:00,15732.857,3243.9404,5964.755
forecast_7386,2025-11-04 18:00:00,17210.592,10222.468,5916.4956
forecast_7387,2025-11-04 19:00:00,17591.223,17375.75,5282.353
forecast_7388,2025-11-04 20:00:00,16464.568,18819.28,5234.6953
forecast_7389,2025-11-04 21:00:00,15134.221,17808.21,6050.436
forecast_7390,2025-11-04 22:00:00,12517.515,15425.244,6170.201
forecast_7391,2025-11-04 23:00:00,8900.815,9918.098,6061.115
forecast_7392,2025-11-05 00:00:00,5540.0757,5141.9263,5751.5337
forecast_7393,2025-11-05 01:00:00,4419.668,4451.8203,5244.62
forecast_7394,2025-11-05 02:00:00,5537.4062,5675.0654,4494.2837
forecast_7395,2025-11-05 03:00:00,4427.414,5001.1606,2525.9705
forecast_7396,2025-11-05 04:00:00,4821.4106,4089.189,1425.6327
forecast_7397,2025-11-05 05:00:00,4523.315,3477.1162,708.227
forecast_7398,2025-11-05 06:00:00,3281.474,2308.6985,560.5842
forecast_7399,2025-11-05 07:00:00,1192.7838,913.1311,462.09738
forecast_7400,2025-11-05 08:00:00,1317.4503,506.98648,211.78864
forecast_7401,2025-11-05 09:00:00,412.27478,361.11066,134.00862
forecast_7402,2025-11-05 10:00:00,360.9624,281.66193,156.88089
forecast_7403,2025-11-05 11:00:00,382.4065,262.844,139.05835
forecast_7404,2025-11-05 12:00:00,249.16513,293.21124,118.39539
forecast_7405,2025-11-05 13:00:00,236.21774,354.72235,93.14303
forecast_7406,2025-11-05 14:00:00,168.62285,330.78076,77.84735
forecast_7407,2025-11-05 15:00:00,146.31308,251.60527,69.37974
forecast_7408,2025-11-05 16:00:00,120.19708,171.66121,74.76258
forecast_7409,2025-11-05 17:00:00,368.23477,214.39606,124.29548
forecast_7410,2025-11-05 18:00:00,198.11711,178.66153,136.76001
forecast_7411,2025-11-05 19:00:00,181.93155,125.831696,109.727936
forecast_7412,2025-11-05 20:00:00,245.82025,167.8271,95.38586
forecast_7413,2025-11-05 21:00:00,232.77576,150.11607,82.2949
forecast_7414,2025-11-05 22:00:00,206.67091,188.29803,82.18759
forecast_7415,2025-11-05 23:00:00,262.34885,198.33739,89.27687
forecast_7416,2025-11-06 00:00:00,227.72429,263.56158,282.14093
forecast_7417,2025-11-06 01:00:00,181.14578,408.33313,844.3388
forecast_7418,2025-11-06 02:00:00,216.63974,623.3689,2167.5364
forecast_7419,2025-11-06 03:00:00,595.9359,1340.0702,2426.2769
forecast_7420,2025-11-06 04:00:00,1569.617,2986.383,2249.7341
forecast_7421,2025-11-06 05:00:00,3720.9863,5309.526,2428.995
forecast_7422,2025-11-06 06:00:00,6014.3657,5762.7515,2731.529
forecast_7423,2025-11-06 07:00:00,8053.8276,7605.9834,4195.281
forecast_7424,2025-11-06 08:00:00,8063.0854,5835.8486,4368.9287
forecast_7425,2025-11-06 09:00:00,4702.7563,2595.2146,2604.2224
forecast_7426,2025-11-06 10:00:00,1936.4333,603.152,1020.2912
forecast_7427,2025-11-06 11:00:00,335.7697,256.97552,203.53384
forecast_7428,2025-11-06 12:00:00,59.359867,150.05353,54.229824
forecast_7429,2025-11-06 13:00:00,60.048615,73.32455,51.590046
forecast_7430,2025-11-06 14:00:00,143.43628,70.40617,53.588146
forecast_7431,2025-11-06 15:00:00,203.29243,85.212814,72.79537
forecast_7432,2025-11-06 16:00:00,207.60123,61.647644,145.0104
forecast_7433,2025-11-06 17:00:00,454.2879,68.23371,227.95071
forecast_7434,2025-11-06 18:00:00,659.1502,99.47961,355.01956
forecast_7435,2025-11-06 19:00:00,602.319,219.20848,541.74115
forecast_7436,2025-11-06 20:00:00,577.6926,560.58527,937.1247
forecast_7437,2025-11-06 21:00:00,489.24768,679.7662,904.12585
forecast_7438,2025-11-06 22:00:00,478.43546,770.1059,937.9889
forecast_7439,2025-11-06 23:00:00,505.92252,633.2703,597.64307
forecast_7440,2025-11-07 00:00:00,510.61176,557.74365,330.27368
forecast_7441,2025-11-07 01:00:00,386.76987,434.89316,155.06337
forecast_7442,2025-11-07 02:00:00,152.4182,296.96832,111.00337
forecast_7443,2025-11-07 03:00:00,277.65903,267.74304,182.80016
forecast_7444,2025-11-07 04:00:00,398.75012,202.86357,299.95728
forecast_7445,2025-11-07 05:00:00,958.97217,243.90955,442.12506
forecast_7446,2025-11-07 06:00:00,2128.8357,350.35574,881.463
forecast_7447,2025-11-07 07:00:00,3121.5566,406.591,2215.391
forecast_7448,2025-11-07 08:00:00,2447.685,288.58673,2036.7314
forecast_7449,2025-11-07 09:00:00,620.0209,83.225945,719.90796
forecast_7450,2025-11-07 10:00:00,97.70401,37.261105,107.98402
forecast_7451,2025-11-07 11:00:00,69.9301,89.58626,33.66431
forecast_7452,2025-11-07 12:00:00,43.91467,96.29542,26.289543
forecast_7453,2025-11-07 13:00:00,37.49482,97.8042,25.316576
forecast_7454,2025-11-07 14:00:00,121.64943,144.78616,62.622704
forecast_7455,2025-11-07 15:00:00,536.4284,313.63055,191.56433
forecast_7456,2025-11-07 16:00:00,1259.244,874.4774,664.7909
forecast_7457,2025-11-07 17:00:00,3214.2258,2482.853,1918.128
forecast_7458,2025-11-07 18:00:00,4261.022,2186.2744,2460.4873
forecast_7459,2025-11-07 19:00:00,2768.4424,1992.7094,1807.2311
forecast_7460,2025-11-07 20:00:00,2085.4106,1911.5815,1120.0422
forecast_7461,2025-11-07 21:00:00,1064.7131,1311.6273,605.80493
forecast_7462,2025-11-07 22:00:00,1154.5073,2219.2632,347.72348
forecast_7463,2025-11-07 23:00:00,973.28217,3315.2039,230.9701
forecast_7464,2025-11-08 00:00:00,976.2087,2642.8713,179.83543
forecast_7465,2025-11-08 01:00:00,624.4834,2037.2101,188.451
forecast_7466,2025-11-08 02:00:00,764.27783,1253.0518,172.34389
forecast_7467,2025-11-08 03:00:00,643.42413,839.91626,147.3554
forecast_7468,2025-11-08 04:00:00,1183.5981,1080.638,298.2683
forecast_7469,2025-11-08 05:00:00,1288.9968,887.75006,296.11862
forecast_7470,2025-11-08 06:00:00,1502.0016,837.986,379.0756
forecast_7471,2025-11-08 07:00:00,1496.9615,578.5699,330.63803
forecast_7472,2025-11-08 08:00:00,1093.9015,718.9006,390.57166
forecast_7473,2025-11-08 09:00:00,1053.1566,917.07587,351.11108
forecast_7474,2025-11-08 10:00:00,1457.9861,1347.0612,244.60797
forecast_7475,2025-11-08 11:00:00,1373.1133,1715.92,188.99278
forecast_7476,2025-11-08 12:00:00,1083.4004,1844.973,178.42497
forecast_7477,2025-11-08 13:00:00,686.61,1564.1025,122.03985
forecast_7478,2025-11-08 14:00:00,662.3542,2689.1697,159.73112
forecast_7479,2025-11-08 15:00:00,561.9352,2516.1921,136.20248
forecast_7480,2025-11-08 16:00:00,835.3642,3015.114,134.9626
forecast_7481,2025-11-08 17:00:00,2017.2954,3813.3645,129.28554
forecast_7482,2025-11-08 18:00:00,3570.6824,4673.648,160.31108
forecast_7483,2025-11-08 19:00:00,5157.268,5082.272,198.43895
forecast_7484,2025-11-08 20:00:00,6349.928,4603.435,238.83424
forecast_7485,2025-11-08 21:00:00,6815.895,4916.9604,400.01593
forecast_7486,2025-11-08 22:00:00,6913.769,6734.3857,1148.1836
forecast_7487,2025-11-08 23:00:00,4651.6055,8768.787,2673.9172
forecast_7488,2025-11-09 00:00:00,4679.6523,12039.489,6857.465
forecast_7489,2025-11-09 01:00:00,3587.998,11256.444,7830.19
forecast_7490,2025-11-09 02:00:00,4772.027,10533.923,7068.034
forecast_7491,2025-11-09 03:00:00,3412.7705,10079.083,6264.1367
forecast_7492,2025-11-09 04:00:00,3809.4026,9815.714,3579.657
forecast_7493,2025-11-09 05:00:00,8636.42,10937.964,3137.3235
forecast_7494,2025-11-09 06:00:00,12209.835,12755.135,5081.5884
forecast_7495,2025-11-09 07:00:00,8828.419,17593.611,7118.9473
forecast_7496,2025-11-09 08:00:00,10498.352,17801.193,13896.077
forecast_7497,2025-11-09 09:00:00,12088.959,14024.86,13531.157
forecast_7498,2025-11-09 10:00:00,12748.322,10945.166,11486.826
forecast_7499,2025-11-09 11:00:00,11449.061,9517.08,9508.922
forecast_7500,2025-11-09 12:00:00,12701.887,7752.1475,8614.812
forecast_7501,2025-11-09 13:00:00,14194.884,9693.391,11023.839
forecast_7502,2025-11-09 14:00:00,14346.845,11302.153,12392.098
forecast_7503,2025-11-09 15:00:00,14483.748,10462.537,10489.336
forecast_7504,2025-11-09 16:00:00,14593.797,13265.58,9382.891
forecast_7505,2025-11-09 17:00:00,15052.233,15483.168,8524.931
forecast_7506,2025-11-09 18:00:00,15446.492,14427.198,7645.1973
forecast_7507,2025-11-09 19:00:00,15093.4,12942.742,8138.502
forecast_7508,2025-11-09 20:00:00,14407.411,14290.054,9387.477
forecast_7509,2025-11-09 21:00:00,15553.471,14781.878,11651.417
forecast_7510,2025-11-09 22:00:00,15432.6045,15061.674,12304.049
forecast_7511,2025-11-09 23:00:00,15292.335,14510.761,10405.566
forecast_7512,2025-11-10 00:00:00,13763.236,14073.595,9135.352
forecast_7513,2025-11-10 01:00:00,13409.008,12899.177,8586.284
forecast_7514,2025-11-10 02:00:00,15030.26,12809.458,8547.144
forecast_7515,2025-11-10 03:00:00,14404.6,10427.524,8162.3584
forecast_7516,2025-11-10 04:00:00,13796.174,9327.572,12635.677
forecast_7517,2025-11-10 05:00:00,13370.708,9719.73,12083.236
forecast_7518,2025-11-10 06:00:00,14275.597,12531.693,12794.631
forecast_7519,2025-11-10 07:00:00,15080.009,13524.577,13950.812
forecast_7520,2025-11-10 08:00:00,15823.413,14982.273,13522.69
forecast_7521,2025-11-10 09:00:00,14939.7,16191.187,9589.38
forecast_7522,2025-11-10 10:00:00,13077.074,15329.531,7858.839
forecast_7523,2025-11-10 11:00:00,11502.618,8561.982,5171.0723
forecast_7524,2025-11-10 12:00:00,9880.754,5503.4272,2930.0344
forecast_7525,2025-11-10 13:00:00,8211.601,3618.1047,4843.381
forecast_7526,2025-11-10 14:00:00,5308.0854,2679.9778,3477.49
forecast_7527,2025-11-10 15:00:00,4462.0483,2151.09,3037.45
forecast_7528,2025-11-10 16:00:00,4594.7925,2087.2634,3035.1204
forecast_7529,2025-11-10 17:00:00,5480.331,3843.241,2941.0503
forecast_7530,2025-11-10 18:00:00,7302.3623,7569.6953,3674.0542
forecast_7531,2025-11-10 19:00:00,10073.775,12105.275,7931.635
forecast_7532,2025-11-10 20:00:00,15958.45,16986.348,14075.36
forecast_7533,2025-11-10 21:00:00,19511.506,18303.842,14016.877
forecast_7534,2025-11-10 22:00:00,20120.55,18435.418,11211.462
forecast_7535,2025-11-10 23:00:00,20373.738,18568.158,10134.084
forecast_7536,2025-11-11 00:00:00,19800.492,18606.318,9854.587
forecast_7537,2025-11-11 01:00:00,18643.992,18753.936,8526.908
forecast_7538,2025-11-11 02:00:00,19789.959,20147.303,10598.759
forecast_7539,2025-11-11 03:00:00,19957.695,20509.02,10683.902
forecast_7540,2025-11-11 04:00:00,19762.383,20641.213,10471.237
forecast_7541,2025-11-11 05:00:00,18443.305,19841.691,8590.653
forecast_7542,2025-11-11 06:00:00,16565.1,15942.824,5643.9756
forecast_7543,2025-11-11 07:00:00,10755.826,7091.4775,1941.2899
forecast_7544,2025-11-11 08:00:00,8187.156,3333.2607,756.30884
forecast_7545,2025-11-11 09:00:00,5264.163,667.1038,680.43207
forecast_7546,2025-11-11 10:00:00,4073.6365,183.59425,710.5149
forecast_7547,2025-11-11 11:00:00,1438.009,333.92163,617.67834
forecast_7548,2025-11-11 12:00:00,1065.4613,489.2496,593.99994
forecast_7549,2025-11-11 13:00:00,1072.3682,662.7745,472.38202
forecast_7550,2025-11-11 14:00:00,1053.2949,784.3816,368.76956
forecast_7551,2025-11-11 15:00:00,517.27783,916.3324,363.17944
forecast_7552,2025-11-11 16:00:00,191.21454,1121.7462,363.81613
forecast_7553,2025-11-11 17:00:00,69.99781,1110.8914,343.2911
forecast_7554,2025-11-11 18:00:00,49.28981,737.2602,306.24683
forecast_7555,2025-11-11 19:00:00,275.3798,626.9546,115.6035
forecast_7556,2025-11-11 20:00:00,550.8526,236.07664,84.14236
forecast_7557,2025-11-11 21:00:00,1113.0999,475.239,157.92902
forecast_7558,2025-11-11 22:00:00,1295.1317,1037.5793,122.16262
forecast_7559,2025-11-11 23:00:00,696.7951,1328.2501,69.01371
forecast_7560,2025-11-12 00:00:00,454.34973,1117.3845,61.038883
forecast_7561,2025-11-12 01:00:00,376.76648,744.82446,51.53459
forecast_7562,2025-11-12 02:00:00,431.01755,255.96239,75.235596
forecast_7563,2025-11-12 03:00:00,746.2154,323.05243,176.08041
forecast_7564,2025-11-12 04:00:00,1112.3302,548.43243,417.17365
forecast_7565,2025-11-12 05:00:00,1619.6991,661.8653,601.1673
forecast_7566,2025-11-12 06:00:00,1604.6649,695.1189,390.38397
forecast_7567,2025-11-12 07:00:00,1462.1082,644.5188,613.2903
forecast_7568,2025-11-12 08:00:00,1461.3856,603.02045,1223.7249
forecast_7569,2025-11-12 09:00:00,1155.0201,691.3341,1037.0347
forecast_7570,2025-11-12 10:00:00,997.1837,1231.618,1254.3381
forecast_7571,2025-11-12 11:00:00,942.1063,1724.3287,1702.2513
forecast_7572,2025-11-12 12:00:00,2192.3794,1669.0125,1899.1536
forecast_7573,2025-11-12 13:00:00,3218.2844,2227.964,2747.269
forecast_7574,2025-11-12 14:00:00,3378.9805,3775.0435,4242.703
forecast_7575,2025-11-12 15:00:00,2692.455,4575.3965,2933.5872
forecast_7576,2025-11-12 16:00:00,3520.6885,5219.199,3834.858
forecast_7577,2025-11-12 17:00:00,4489.238,5681.7065,3616.8857
forecast_7578,2025-11-12 18:00:00,9866.1455,8215.394,6139.9683
forecast_7579,2025-11-12 19:00:00,11811.723,10463.312,10005.048
forecast_7580,2025-11-12 20:00:00,13072.893,14135.841,14791.841
forecast_7581,2025-11-12 21:00:00,13942.556,17162.803,17807.973
forecast_7582,2025-11-12 22:00:00,16401.684,18450.777,18279.977
forecast_7583,2025-11-12 23:00:00,18427.771,18629.947,16841.494
forecast_7584,2025-11-13 00:00:00,18956.146,18657.803,15348.679
forecast_7585,2025-11-13 01:00:00,19317.44,18877.217,14705.679
forecast_7586,2025-11-13 02:00:00,18703.781,19153.479,14619.799
forecast_7587,2025-11-13 03:00:00,18851.78,19312.264,16049.37
forecast_7588,2025-11-13 04:00:00,18884.723,19103.889,17118.438
forecast_7589,2025-11-13 05:00:00,17953.01,18886.791,16958.918
forecast_7590,2025-11-13 06:00:00,15541.132,18262.533,16147.76
forecast_7591,2025-11-13 07:00:00,17094.979,17746.564,14510.289
forecast_7592,2025-11-13 08:00:00,18428.988,17470.969,11725.015
forecast_7593,2025-11-13 09:00:00,16498.664,16029.086,8817.175
forecast_7594,2025-11-13 10:00:00,10329.979,11436.193,8019.528
forecast_7595,2025-11-13 11:00:00,7160.3354,11352.889,11820.894
forecast_7596,2025-11-13 12:00:00,8674.186,10049.046,12830.616
forecast_7597,2025-11-13 13:00:00,7201.3335,5930.719,7615.971
forecast_7598,2025-11-13 14:00:00,6168.3975,2099.5632,2559.3757
forecast_7599,2025-11-13 15:00:00,4314.9985,915.981,1074.5211
forecast_7600,2025-11-13 16:00:00,2878.6204,742.57684,484.14948
forecast_7601,2025-11-13 17:00:00,3143.9504,2565.7896,631.36554
forecast_7602,2025-11-13 18:00:00,3958.1606,8029.789,1183.701
forecast_7603,2025-11-13 19:00:00,6447.1772,8881.471,3015.0872
forecast_7604,2025-11-13 20:00:00,7546.071,9331.233,3254.0403
forecast_7605,2025-11-13 21:00:00,7493.101,9675.027,3825.2756
forecast_7606,2025-11-13 22:00:00,4038.3381,10413.257,4149.4893
forecast_7607,2025-11-13 23:00:00,1245.4069,10527.6045,5488.6973
forecast_7608,2025-11-14 00:00:00,2088.2986,9328.601,7845.24
forecast_7609,2025-11-14 01:00:00,5209.558,6026.6885,7692.3906
forecast_7610,2025-11-14 02:00:00,3441.2424,2207.5706,4510.211
forecast_7611,2025-11-14 03:00:00,2181.0325,928.78674,3892.12
forecast_7612,2025-11-14 04:00:00,1345.0834,494.75323,3576.0828
forecast_7613,2025-11-14 05:00:00,1088.2115,374.1185,3867.249
forecast_7614,2025-11-14 06:00:00,1043.9418,400.44788,4197.312
forecast_7615,2025-11-14 07:00:00,1080.1082,502.8686,4543.473
forecast_7616,2025-11-14 08:00:00,1249.7183,576.02515,4809.81
forecast_7617,2025-11-14 09:00:00,807.47595,642.1672,4456.202
forecast_7618,2025-11-14 10:00:00,422.23987,861.7887,2842.7263
forecast_7619,2025-11-14 11:00:00,840.9024,1090.0792,1388.7302
forecast_7620,2025-11-14 12:00:00,1702.5549,1007.441,971.2449
forecast_7621,2025-11-14 13:00:00,2514.646,1097.9208,1765.5621
forecast_7622,2025-11-14 14:00:00,2170.3367,2109.629,1790.3016
forecast_7623,2025-11-14 15:00:00,3457.24,2639.9966,2541.3364
forecast_7624,2025-11-14 16:00:00,4283.6343,2838.4246,2668.9124
forecast_7625,2025-11-14 17:00:00,5843.5996,3486.4084,3252.313
forecast_7626,2025-11-14 18:00:00,7016.9536,5084.588,3750.707
forecast_7627,2025-11-14 19:00:00,7996.0664,7032.3315,5567.6016
forecast_7628,2025-11-14 20:00:00,8142.937,8616.945,7349.9375
forecast_7629,2025-11-14 21:00:00,8480.164,9891.106,8621.87
forecast_7630,2025-11-14 22:00:00,8189.121,10252.944,7083.9995
forecast_7631,2025-11-14 23:00:00,7434.097,9493.118,6170.4673
forecast_7632,2025-11-15 00:00:00,7427.297,8544.836,4392.7324
forecast_7633,2025-11-15 01:00:00,5742.5576,7692.4497,3908.4355
forecast_7634,2025-11-15 02:00:00,5137.0527,6985.661,4034.4924
forecast_7635,2025-11-15 03:00:00,4885.8315,5144.798,1909.2974
forecast_7636,2025-11-15 04:00:00,4568.971,4178.477,1432.4202
forecast_7637,2025-11-15 05:00:00,5002.1914,5335.427,1918.5299
forecast_7638,2025-11-15 06:00:00,4557.279,4568.779,1547.6179
forecast_7639,2025-11-15 07:00:00,7525.375,4055.3977,2461.698
forecast_7640,2025-11-15 08:00:00,8617.43,3507.6147,2763.33
forecast_7641,2025-11-15 09:00:00,3947.7803,1467.7788,2118.501
forecast_7642,2025-11-15 10:00:00,1448.0242,667.1622,1235.6329
forecast_7643,2025-11-15 11:00:00,1419.2896,736.91595,747.72845
forecast_7644,2025-11-15 12:00:00,852.12946,584.697,404.52768
forecast_7645,2025-11-15 13:00:00,699.9518,683.41595,212.52057
forecast_7646,2025-11-15 14:00:00,440.32928,673.0407,131.15604
forecast_7647,2025-11-15 15:00:00,426.44315,763.38165,241.93384
forecast_7648,2025-11-15 16:00:00,584.1182,786.7996,396.32138
forecast_7649,2025-11-15 17:00:00,1142.862,917.8789,558.9591
forecast_7650,2025-11-15 18:00:00,1689.6453,1663.5435,1440.4027
forecast_7651,2025-11-15 19:00:00,2843.572,2246.0767,3316.3516
forecast_7652,2025-11-15 20:00:00,5492.423,4357.5625,4232.2583
forecast_7653,2025-11-15 21:00:00,6389.932,9174.517,4201.807
forecast_7654,2025-11-15 22:00:00,6822.8945,10810.268,5020.5063
forecast_7655,2025-11-15 23:00:00,7910.1235,10131.148,5242.435
forecast_7656,2025-11-16 00:00:00,9064.497,9520.301,5032.8916
forecast_7657,2025-11-16 01:00:00,12187.706,10537.595,4382.9937
forecast_7658,2025-11-16 02:00:00,13153.677,10486.777,3470.1167
forecast_7659,2025-11-16 03:00:00,10366.213,8179.682,3808.2798
forecast_7660,2025-11-16 04:00:00,8727.465,8164.747,5657.288
forecast_7661,2025-11-16 05:00:00,9498.679,11462.72,8189.4346
forecast_7662,2025-11-16 06:00:00,11284.3955,13660.429,12107.356
forecast_7663,2025-11-16 07:00:00,12498.677,15050.103,13940.896
forecast_7664,2025-11-16 08:00:00,15112.859,15022.395,11797.127
forecast_7665,2025-11-16 09:00:00,11862.863,12808.843,9774.75
forecast_7666,2025-11-16 10:00:00,11586.778,11539.255,6457.2637
forecast_7667,2025-11-16 11:00:00,12231.711,11846.333,6851.642
forecast_7668,2025-11-16 12:00:00,11465.043,12023.8955,10439.174
forecast_7669,2025-11-16 13:00:00,11265.106,12194.5,12853.478
forecast_7670,2025-11-16 14:00:00,9808.763,12283.062,11691.756
forecast_7671,2025-11-16 15:00:00,9597.496,11093.2705,9542.447
forecast_7672,2025-11-16 16:00:00,10591.241,11985.313,14431.264
forecast_7673,2025-11-16 17:00:00,10897.632,14487.346,15231.747
forecast_7674,2025-11-16 18:00:00,11865.883,17280.576,16825.43
forecast_7675,2025-11-16 19:00:00,13700.867,18445.809,18931.895
forecast_7676,2025-11-16 20:00:00,16630.059,18941.32,19794.867
forecast_7677,2025-11-16 21:00:00,17781.387,19375.154,19988.53
forecast_7678,2025-11-16 22:00:00,18663.967,19736.01,20055.576
forecast_7679,2025-11-16 23:00:00,18763.623,19912.475,20181.676
forecast_7680,2025-11-17 00:00:00,18900.908,20177.04,20396.617
forecast_7681,2025-11-17 01:00:00,19530.31,20079.205,20306.352
forecast_7682,2025-11-17 02:00:00,19469.432,20225.115,20436.092
forecast_7683,2025-11-17 03:00:00,19099.18,20253.168,20343.123
forecast_7684,2025-11-17 04:00:00,19152.047,19675.285,20094.754
forecast_7685,2025-11-17 05:00:00,19184.018,18890.623,20049.787
forecast_7686,2025-11-17 06:00:00,19078.082,18252.387,20158.299
forecast_7687,2025-11-17 07:00:00,19200.943,19212.398,20314.648
forecast_7688,2025-11-17 08:00:00,19541.893,18976.033,20206.566
forecast_7689,2025-11-17 09:00:00,19638.43,17834.4,19473.01
forecast_7690,2025-11-17 10:00:00,18054.334,15834.338,15884.994
forecast_7691,2025-11-17 11:00:00,13225.533,12391.478,8901.281
forecast_7692,2025-11-17 12:00:00,12197.169,12094.856,8604.946
forecast_7693,2025-11-17 13:00:00,10205.669,10588.031,7900.3413
forecast_7694,2025-11-17 14:00:00,10191.699,11067.404,6883.046
forecast_7695,2025-11-17 15:00:00,12335.805,11677.537,8644.0205
forecast_7696,2025-11-17 16:00:00,11103.399,9898.166,8962.996
forecast_7697,2025-11-17 17:00:00,10333.379,9177.618,9872.474
forecast_7698,2025-11-17 18:00:00,10301.004,10302.626,11975.696
forecast_7699,2025-11-17 19:00:00,10486.646,9196.435,12912.066
forecast_7700,2025-11-17 20:00:00,10686.901,9122.427,13727.1455
forecast_7701,2025-11-17 21:00:00,10538.825,11185.091,13625.419
forecast_7702,2025-11-17 22:00:00,12661.288,12377.6,12629.239
forecast_7703,2025-11-17 23:00:00,14040.884,13732.694,11686.663
forecast_7704,2025-11-18 00:00:00,13861.056,15454.269,13077.17
forecast_7705,2025-11-18 01:00:00,13953.479,16297.76,12569.303
forecast_7706,2025-11-18 02:00:00,12926.891,17785.914,12995.6875
forecast_7707,2025-11-18 03:00:00,13979.566,17461.441,12958.152
forecast_7708,2025-11-18 04:00:00,16119.069,17770.375,12271.039
forecast_7709,2025-11-18 05:00:00,18585.611,18341.225,12909.394
forecast_7710,2025-11-18 06:00:00,19196.51,18709.422,14102.896
forecast_7711,2025-11-18 07:00:00,18397.14,19506.043,14029.235
forecast_7712,2025-11-18 08:00:00,17692.758,19904.518,13816.627
forecast_7713,2025-11-18 09:00:00,18117.807,18871.273,13258.995
forecast_7714,2025-11-18 10:00:00,15005.63,17653.432,11846.399
forecast_7715,2025-11-18 11:00:00,13878.008,17053.016,8978.807
forecast_7716,2025-11-18 12:00:00,15456.83,18405.123,8299.751
forecast_7717,2025-11-18 13:00:00,14797.804,15530.596,6543.374
forecast_7718,2025-11-18 14:00:00,13689.528,14220.771,4635.7915
forecast_7719,2025-11-18 15:00:00,13580.848,13490.541,3093.1333
forecast_7720,2025-11-18 16:00:00,13864.324,12894.377,3081.7727
forecast_7721,2025-11-18 17:00:00,12951.343,12663.294,2868.99
forecast_7722,2025-11-18 18:00:00,11878.77,12715.474,2677.331
forecast_7723,2025-11-18 19:00:00,8038.941,14046.827,2496.1692
forecast_7724,2025-11-18 20:00:00,5139.295,13756.053,2304.5312
forecast_7725,2025-11-18 21:00:00,7214.7163,16484.94,3069.7766
forecast_7726,2025-11-18 22:00:00,7366.1313,16333.328,5232.781
forecast_7727,2025-11-18 23:00:00,6763.2266,18933.916,5649.9595
forecast_7728,2025-11-19 00:00:00,8222.669,17890.846,6412.193
forecast_7729,2025-11-19 01:00:00,10030.587,15077.282,8145.683
forecast_7730,2025-11-19 02:00:00,9423.81,14821.1455,11682.66
forecast_7731,2025-11-19 03:00:00,10018.964,15325.791,11984.307
forecast_7732,2025-11-19 04:00:00,10778.901,14071.16,12197.7
forecast_7733,2025-11-19 05:00:00,14256.025,11786.555,12704.924
forecast_7734,2025-11-19 06:00:00,14323.268,10544.59,11800.761
forecast_7735,2025-11-19 07:00:00,15047.181,7137.0522,7662.867
forecast_7736,2025-11-19 08:00:00,15264.352,3151.541,3734.5322
forecast_7737,2025-11-19 09:00:00,10935.254,881.4211,1224.2133
forecast_7738,2025-11-19 10:00:00,5691.0615,201.6262,1210.2885
forecast_7739,2025-11-19 11:00:00,1577.3064,163.27203,935.0597
forecast_7740,2025-11-19 12:00:00,394.44638,242.8343,608.556
forecast_7741,2025-11-19 13:00:00,242.92763,237.05946,441.81998
forecast_7742,2025-11-19 14:00:00,282.5642,209.52858,623.11786
forecast_7743,2025-11-19 15:00:00,519.50073,368.5532,1120.2891
forecast_7744,2025-11-19 16:00:00,696.7224,793.8348,2001.6069
forecast_7745,2025-11-19 17:00:00,920.28467,1626.7161,2280.9573
forecast_7746,2025-11-19 18:00:00,3818.8555,3410.2732,2853.7556
forecast_7747,2025-11-19 19:00:00,13724.816,8823.803,5304.498
forecast_7748,2025-11-19 20:00:00,17502.908,12749.355,8982.95
forecast_7749,2025-11-19 21:00:00,18526.672,14346.182,11397.589
forecast_7750,2025-11-19 22:00:00,18590.766,15553.296,13818.667
forecast_7751,2025-11-19 23:00:00,19562.51,16990.12,16745.219
forecast_7752,2025-11-20 00:00:00,20600.357,17647.5,18789.707
forecast_7753,2025-11-20 01:00:00,20712.74,17380.715,19445.072
forecast_7754,2025-11-20 02:00:00,20796.033,16740.318,19773.86
forecast_7755,2025-11-20 03:00:00,20914.47,17256.805,19720.717
forecast_7756,2025-11-20 04:00:00,21037.727,18278.92,19356.463
forecast_7757,2025-11-20 05:00:00,21000.717,18389.76,19405.623
forecast_7758,2025-11-20 06:00:00,20972.506,17940.75,18501.71
forecast_7759,2025-11-20 07:00:00,20975.27,17470.908,16307.533
forecast_7760,2025-11-20 08:00:00,21038.652,17676.355,15111.562
forecast_7761,2025-11-20 09:00:00,21057.602,18268.605,16778.54
forecast_7762,2025-11-20 10:00:00,20960.465,18935.805,18746.55
forecast_7763,2025-11-20 11:00:00,20543.143,19540.773,19214.686
forecast_7764,2025-11-20 12:00:00,19850.879,19574.002,18273.123
forecast_7765,2025-11-20 13:00:00,19031.447,18952.873,17639.516
forecast_7766,2025-11-20 14:00:00,18586.281,19472.855,17769.475
forecast_7767,2025-11-20 15:00:00,18313.207,19517.611,18135.53
forecast_7768,2025-11-20 16:00:00,19027.287,19710.693,18164.043
forecast_7769,2025-11-20 17:00:00,19343.412,20054.266,19178.135
forecast_7770,2025-11-20 18:00:00,19553.445,20414.824,19670.281
forecast_7771,2025-11-20 19:00:00,19444.818,20490.086,19874.33
forecast_7772,2025-11-20 20:00:00,18973.467,20520.598,19562.459
forecast_7773,2025-11-20 21:00:00,19087.48,20145.273,19153.096
forecast_7774,2025-11-20 22:00:00,18667.877,19292.496,18998.38
forecast_7775,2025-11-20 23:00:00,18251.822,17732.041,18999.412
forecast_7776,2025-11-21 00:00:00,18131.924,18769.746,18969.084
forecast_7777,2025-11-21 01:00:00,17082.773,19160.62,18761.172
forecast_7778,2025-11-21 02:00:00,14914.655,18618.148,18494.193
forecast_7779,2025-11-21 03:00:00,15594.512,17795.137,18237.15
forecast_7780,2025-11-21 04:00:00,15518.349,15962.252,17265.365
forecast_7781,2025-11-21 05:00:00,15809.653,15477.427,16062.598
forecast_7782,2025-11-21 06:00:00,17513.242,15558.739,15075.207
forecast_7783,2025-11-21 07:00:00,18543.441,14931.438,13254.506
forecast_7784,2025-11-21 08:00:00,18062.797,15037.288,10955.254
forecast_7785,2025-11-21 09:00:00,15702.292,15667.682,10643.283
forecast_7786,2025-11-21 10:00:00,12604.918,15110.191,10469.433
forecast_7787,2025-11-21 11:00:00,13592.813,15820.839,11933.971
forecast_7788,2025-11-21 12:00:00,13430.239,16176.45,11448.299
forecast_7789,2025-11-21 13:00:00,13526.492,16158.117,13240.815
forecast_7790,2025-11-21 14:00:00,13359.793,15553.995,12335.689
forecast_7791,2025-11-21 15:00:00,12910.324,15345.561,12621.285
forecast_7792,2025-11-21 16:00:00,12789.911,15656.266,14165.049
forecast_7793,2025-11-21 17:00:00,13137.262,16613.709,16435.914
forecast_7794,2025-11-21 18:00:00,14253.892,17514.26,17845.19
forecast_7795,2025-11-21 19:00:00,16564.758,18074.682,17505.146
forecast_7796,2025-11-21 20:00:00,17436.324,18062.908,16203.604
forecast_7797,2025-11-21 21:00:00,17981.05,18448.459,15613.009
forecast_7798,2025-11-21 22:00:00,16894.879,19091.959,15209.098
forecast_7799,2025-11-21 23:00:00,15117.424,18891.562,14813.004
forecast_7800,2025-11-22 00:00:00,15465.722,17424.852,14423.271
forecast_7801,2025-11-22 01:00:00,16022.637,17059.191,12446.47
forecast_7802,2025-11-22 02:00:00,15819.451,17364.293,11952.719
forecast_7803,2025-11-22 03:00:00,15026.495,16424.969,12386.989
forecast_7804,2025-11-22 04:00:00,15780.317,15297.914,12892.894
forecast_7805,2025-11-22 05:00:00,15997.772,14116.506,12795.666
forecast_7806,2025-11-22 06:00:00,16039.75,12375.093,12166.323
forecast_7807,2025-11-22 07:00:00,15651.719,11026.657,11970.25
forecast_7808,2025-11-22 08:00:00,14165.112,11612.623,11961.564
forecast_7809,2025-11-22 09:00:00,12885.379,13877.373,11198.661
forecast_7810,2025-11-22 10:00:00,9468.77,15775.059,9254.542
forecast_7811,2025-11-22 11:00:00,8120.712,16094.015,7635.4453
forecast_7812,2025-11-22 12:00:00,10859.925,14486.33,6466.694
forecast_7813,2025-11-22 13:00:00,11272.677,11484.629,5505.862
forecast_7814,2025-11-22 14:00:00,11067.932,9052.234,4847.314
forecast_7815,2025-11-22 15:00:00,11106.471,7291.9395,4015.9727
forecast_7816,2025-11-22 16:00:00,10645.445,7147.9688,5368.5864
forecast_7817,2025-11-22 17:00:00,10744.662,9454.025,8641.291
forecast_7818,2025-11-22 18:00:00,12002.284,15764.101,12264.068
forecast_7819,2025-11-22 19:00:00,15031.525,18509.725,11510.129
forecast_7820,2025-11-22 20:00:00,17315.402,18182.002,10941.617
forecast_7821,2025-11-22 21:00:00,17202.19,17971.547,10469.57
forecast_7822,2025-11-22 22:00:00,14253.443,17855.037,9749.394
forecast_7823,2025-11-22 23:00:00,9497.051,17421.053,9419.197
forecast_7824,2025-11-23 00:00:00,9911.869,17064.602,10369.75
forecast_7825,2025-11-23 01:00:00,11528.122,17617.521,11002.449
forecast_7826,2025-11-23 02:00:00,13462.068,18568.502,12609.611
forecast_7827,2025-11-23 03:00:00,17222.123,18769.484,13074.146
forecast_7828,2025-11-23 04:00:00,19215.283,18691.777,12970.704
forecast_7829,2025-11-23 05:00:00,19729.13,18300.012,12521.731
forecast_7830,2025-11-23 06:00:00,18798.703,17472.004,12212.723
forecast_7831,2025-11-23 07:00:00,19393.008,16867.506,12345.849
forecast_7832,2025-11-23 08:00:00,18855.59,16539.352,13315.804
forecast_7833,2025-11-23 09:00:00,16631.242,16340.724,13082.12
forecast_7834,2025-11-23 10:00:00,16170.983,17445.18,11829.401
forecast_7835,2025-11-23 11:00:00,13896.861,16067.245,11599.755
forecast_7836,2025-11-23 12:00:00,10992.14,15316.112,12100.495
forecast_7837,2025-11-23 13:00:00,11541.291,17736.887,12748.912
forecast_7838,2025-11-23 14:00:00,8321.438,16758.137,10837.508
forecast_7839,2025-11-23 15:00:00,10074.705,14903.487,10350.124
forecast_7840,2025-11-23 16:00:00,12577.588,12012.91,10166.119
forecast_7841,2025-11-23 17:00:00,12888.193,12365.704,9355.396
forecast_7842,2025-11-23 18:00:00,12820.427,12666.001,9613.414
forecast_7843,2025-11-23 19:00:00,16924.322,15033.087,11081.664
forecast_7844,2025-11-23 20:00:00,18284.887,17451.81,13021.749
forecast_7845,2025-11-23 21:00:00,19054.334,18737.168,14478.246
forecast_7846,2025-11-23 22:00:00,19089.275,18690.893,14913.947
forecast_7847,2025-11-23 23:00:00,17394.953,17739.74,14834.029
forecast_7848,2025-11-24 00:00:00,16656.006,14656.188,14978.712
forecast_7849,2025-11-24 01:00:00,15953.557,13530.714,13943.867
forecast_7850,2025-11-24 02:00:00,15904.507,13367.997,12309.953
forecast_7851,2025-11-24 03:00:00,16732.314,13720.696,11082.945
forecast_7852,2025-11-24 04:00:00,16713.498,13750.975,9379.007
forecast_7853,2025-11-24 05:00:00,14886.493,13069.212,8097.703
forecast_7854,2025-11-24 06:00:00,11944.321,11447.314,5811.5503
forecast_7855,2025-11-24 07:00:00,10964.954,11949.523,3769.9602
forecast_7856,2025-11-24 08:00:00,11980.587,13391.364,3699.716
forecast_7857,2025-11-24 09:00:00,11055.918,13865.711,2853.0024
forecast_7858,2025-11-24 10:00:00,8614.914,13168.83,2616.0293
forecast_7859,2025-11-24 11:00:00,4845.4653,10712.001,2651.2842
forecast_7860,2025-11-24 12:00:00,9175.716,9980.766,5822.446
forecast_7861,2025-11-24 13:00:00,15249.486,11008.294,6720.5195
forecast_7862,2025-11-24 14:00:00,14947.622,12496.714,8576.624
forecast_7863,2025-11-24 15:00:00,13717.5,13163.235,9613.238
forecast_7864,2025-11-24 16:00:00,12221.255,12663.707,9011.541
forecast_7865,2025-11-24 17:00:00,8852.972,12024.489,8097.0576
forecast_7866,2025-11-24 18:00:00,7662.6357,14087.959,10497.406
forecast_7867,2025-11-24 19:00:00,8383.17,16464.37,12880.482
forecast_7868,2025-11-24 20:00:00,8600.479,15059.785,13128.755
forecast_7869,2025-11-24 21:00:00,8986.306,15021.513,14361.958
forecast_7870,2025-11-24 22:00:00,8998.283,13405.524,11744.398
forecast_7871,2025-11-24 23:00:00,9509.8125,11572.282,10783.33
forecast_7872,2025-11-25 00:00:00,9908.899,10220.906,9294.574
forecast_7873,2025-11-25 01:00:00,11100.178,10137.97,6756.7666
forecast_7874,2025-11-25 02:00:00,11871.944,10654.996,5594.474
forecast_7875,2025-11-25 03:00:00,13481.077,11106.527,5291.5083
forecast_7876,2025-11-25 04:00:00,13914.03,11411.209,4942.266
forecast_7877,2025-11-25 05:00:00,13428.545,9717.921,4599.2583
forecast_7878,2025-11-25 06:00:00,12374.49,9463.967,5122.5273
forecast_7879,2025-11-25 07:00:00,10947.726,10087.733,4620.6436
forecast_7880,2025-11-25 08:00:00,9978.845,11116.432,3592.808
forecast_7881,2025-11-25 09:00:00,9311.534,11302.6,3397.8347
forecast_7882,2025-11-25 10:00:00,7611.0645,6929.728,2446.8823
forecast_7883,2025-11-25 11:00:00,11000.099,13841.731,5638.1406
forecast_7884,2025-11-25 12:00:00,11999.609,14396.666,9007.454
forecast_7885,2025-11-25 13:00:00,12356.189,8527.828,6406.6943
forecast_7886,2025-11-25 14:00:00,13457.691,12365.836,6965.963
forecast_7887,2025-11-25 15:00:00,12910.243,11458.278,4365.098
forecast_7888,2025-11-25 16:00:00,13251.546,11243.413,3270.8254
forecast_7889,2025-11-25 17:00:00,12344.397,11121.761,1628.5211
forecast_7890,2025-11-25 18:00:00,15632.747,11675.407,5817.643
forecast_7891,2025-11-25 19:00:00,14362.611,12189.453,9335.341
forecast_7892,2025-11-25 20:00:00,13113.82,12182.357,8569.694
forecast_7893,2025-11-25 21:00:00,13188.998,10337.696,6666.059
forecast_7894,2025-11-25 22:00:00,11920.057,7100.4253,5446.454
forecast_7895,2025-11-25 23:00:00,10345.422,6102.4834,6189.1387
forecast_7896,2025-11-26 00:00:00,10029.117,6956.573,7897.148
forecast_7897,2025-11-26 01:00:00,7275.6914,5607.5874,4941.245
forecast_7898,2025-11-26 02:00:00,7887.347,5683.692,1740.4601
forecast_7899,2025-11-26 03:00:00,7516.79,5737.998,1541.136
forecast_7900,2025-11-26 04:00:00,9136.832,4885.5947,1552.5664
forecast_7901,2025-11-26 05:00:00,9473.842,4509.2827,1252.2218
forecast_7902,2025-11-26 06:00:00,9929.345,4450.0674,1370.6421
forecast_7903,2025-11-26 07:00:00,9984.41,4485.928,1588.7709
forecast_7904,2025-11-26 08:00:00,10447.291,4138.1284,1616.5796
forecast_7905,2025-11-26 09:00:00,10595.251,4884.6294,1161.9795
forecast_7906,2025-11-26 10:00:00,9730.096,5862.569,1481.563
forecast_7907,2025-11-26 11:00:00,8055.64,6976.4224,1775.8069
forecast_7908,2025-11-26 12:00:00,5542.174,5214.8184,1303.3763
forecast_7909,2025-11-26 13:00:00,4946.007,3627.666,1071.875
forecast_7910,2025-11-26 14:00:00,5572.9126,4268.3345,739.79297
forecast_7911,2025-11-26 15:00:00,7849.404,5768.261,891.77106
forecast_7912,2025-11-26 16:00:00,10848.424,7489.392,1748.4806
forecast_7913,2025-11-26 17:00:00,13231.479,12420.901,2147.3833
forecast_7914,2025-11-26 18:00:00,16045.508,16724.215,2468.8992
forecast_7915,2025-11-26 19:00:00,18899.53,17921.201,3367.7925
forecast_7916,2025-11-26 20:00:00,20071.432,18327.691,5974.2246
forecast_7917,2025-11-26 21:00:00,19828.996,17931.252,8581.274
forecast_7918,2025-11-26 22:00:00,18906.414,17757.572,10570.601
forecast_7919,2025-11-26 23:00:00,17868.488,16629.934,10435.661
forecast_7920,2025-11-27 00:00:00,18607.088,15954.835,10703.369
forecast_7921,2025-11-27 01:00:00,19781.027,17651.936,12555.3125
forecast_7922,2025-11-27 02:00:00,18992.23,18430.732,15369.481
forecast_7923,2025-11-27 03:00:00,19779.781,18421.271,16361.388
forecast_7924,2025-11-27 04:00:00,20886.963,18567.797,16538.957
forecast_7925,2025-11-27 05:00:00,18530.049,18507.402,16584.486
forecast_7926,2025-11-27 06:00:00,16901.076,18409.723,15129.883
forecast_7927,2025-11-27 07:00:00,15055.515,18100.896,14532.241
forecast_7928,2025-11-27 08:00:00,8335.949,17018.363,13816.847
forecast_7929,2025-11-27 09:00:00,12707.61,19786.117,15549.444
forecast_7930,2025-11-27 10:00:00,14605.545,19979.42,15981.321
forecast_7931,2025-11-27 11:00:00,15948.289,16979.125,15208.085
forecast_7932,2025-11-27 12:00:00,15833.444,15306.626,14733.205
forecast_7933,2025-11-27 13:00:00,17681.979,17388.686,14733.047
forecast_7934,2025-11-27 14:00:00,18655.133,18821.941,14557.571
forecast_7935,2025-11-27 15:00:00,19097.44,19212.291,15289.168
forecast_7936,2025-11-27 16:00:00,18981.729,19618.031,17166.69
forecast_7937,2025-11-27 17:00:00,18602.21,19619.098,17656.498
forecast_7938,2025-11-27 18:00:00,18246.049,19370.316,18640.506
forecast_7939,2025-11-27 19:00:00,19064.0,19071.041,18209.846
forecast_7940,2025-11-27 20:00:00,19441.209,19269.078,16277.472
forecast_7941,2025-11-27 21:00:00,19300.682,19008.992,11293.708
forecast_7942,2025-11-27 22:00:00,19028.814,18488.205,7006.8613
forecast_7943,2025-11-27 23:00:00,18548.754,18163.328,6240.093
forecast_7944,2025-11-28 00:00:00,17632.104,18394.176,7761.716
forecast_7945,2025-11-28 01:00:00,16804.064,18866.396,8981.3125
forecast_7946,2025-11-28 02:00:00,15019.045,19105.125,9268.864
forecast_7947,2025-11-28 03:00:00,14858.267,18809.941,10159.699
forecast_7948,2025-11-28 04:00:00,14947.867,18555.914,11293.879
forecast_7949,2025-11-28 05:00:00,14341.215,18357.986,13285.801
forecast_7950,2025-11-28 06:00:00,14892.176,18325.438,16509.057
forecast_7951,2025-11-28 07:00:00,13790.496,17594.838,14569.731
forecast_7952,2025-11-28 08:00:00,12050.238,16477.607,11039.202
forecast_7953,2025-11-28 09:00:00,9442.886,15893.97,9022.263
forecast_7954,2025-11-28 10:00:00,4876.18,11780.301,8618.779
forecast_7955,2025-11-28 11:00:00,3631.8975,8625.391,5937.1963
forecast_7956,2025-11-28 12:00:00,4973.4746,6741.8516,7215.8584
forecast_7957,2025-11-28 13:00:00,5953.0625,5544.95,4960.9663
forecast_7958,2025-11-28 14:00:00,7304.7725,6598.6875,5823.1123
forecast_7959,2025-11-28 15:00:00,5870.7188,8294.682,7285.0005
forecast_7960,2025-11-28 16:00:00,4680.6997,10572.768,7298.2617
forecast_7961,2025-11-28 17:00:00,5529.7,11587.086,7763.7974
forecast_7962,2025-11-28 18:00:00,6803.214,11411.317,8955.868
forecast_7963,2025-11-28 19:00:00,6496.3276,11161.8125,8785.996
forecast_7964,2025-11-28 20:00:00,4224.088,10112.19,8541.285
forecast_7965,2025-11-28 21:00:00,2581.2236,8068.6875,8193.447
forecast_7966,2025-11-28 22:00:00,2763.8354,5579.824,7139.017
forecast_7967,2025-11-28 23:00:00,5443.8047,3485.1963,5686.098
forecast_7968,2025-11-29 00:00:00,8064.5864,2293.351,4522.1377
forecast_7969,2025-11-29 01:00:00,7435.713,1364.6194,4411.565
forecast_7970,2025-11-29 02:00:00,6866.505,790.66614,6063.675
forecast_7971,2025-11-29 03:00:00,8837.253,985.7107,9255.707
forecast_7972,2025-11-29 04:00:00,8327.333,1611.7125,9706.858
forecast_7973,2025-11-29 05:00:00,11020.009,3041.8555,7690.692
forecast_7974,2025-11-29 06:00:00,12032.132,9400.5205,6678.751
forecast_7975,2025-11-29 07:00:00,11665.081,13852.337,10709.582
forecast_7976,2025-11-29 08:00:00,12365.395,14436.944,13800.247
forecast_7977,2025-11-29 09:00:00,12318.139,16317.756,12740.949
forecast_7978,2025-11-29 10:00:00,11736.438,16435.76,10621.998
forecast_7979,2025-11-29 11:00:00,10519.948,14308.359,9335.27
forecast_7980,2025-11-29 12:00:00,11585.399,12836.61,12911.793
forecast_7981,2025-11-29 13:00:00,15934.244,15062.194,17276.346
forecast_7982,2025-11-29 14:00:00,17317.328,16151.267,13443.372
forecast_7983,2025-11-29 15:00:00,17795.957,17119.785,11495.027
forecast_7984,2025-11-29 16:00:00,18385.178,17389.922,13689.223
forecast_7985,2025-11-29 17:00:00,19366.953,17429.55,17088.947
forecast_7986,2025-11-29 18:00:00,20348.94,17760.248,19727.664
forecast_7987,2025-11-29 19:00:00,20804.703,18090.104,20520.195
forecast_7988,2025-11-29 20:00:00,20865.805,18543.691,20586.68
forecast_7989,2025-11-29 21:00:00,20666.75,19083.016,20384.426
forecast_7990,2025-11-29 22:00:00,20205.867,19618.006,19961.408
forecast_7991,2025-11-29 23:00:00,19740.469,19756.867,19436.45
forecast_7992,2025-11-30 00:00:00,19562.129,19670.045,18868.328
forecast_7993,2025-11-30 01:00:00,20042.299,19481.402,18081.803
forecast_7994,2025-11-30 02:00:00,20584.56,19690.768,17650.447
forecast_7995,2025-11-30 03:00:00,20588.209,19119.404,16452.102
forecast_7996,2025-11-30 04:00:00,20449.697,17926.178,16763.469
forecast_7997,2025-11-30 05:00:00,18295.67,18259.383,16924.69
forecast_7998,2025-11-30 06:00:00,14856.312,18307.062,16220.399
forecast_7999,2025-11-30 07:00:00,12339.022,17356.13,14248.216
forecast_8000,2025-11-30 08:00:00,9588.358,17082.268,12529.488
forecast_8001,2025-11-30 09:00:00,12563.436,15524.965,11569.685
forecast_8002,2025-11-30 10:00:00,13900.3125,13981.977,10253.495
forecast_8003,2025-11-30 11:00:00,14136.123,13346.791,8959.22
forecast_8004,2025-11-30 12:00:00,12259.52,12571.957,8255.457
forecast_8005,2025-11-30 13:00:00,10291.609,10819.989,8287.12
forecast_8006,2025-11-30 14:00:00,8741.413,8834.889,7751.3115
forecast_8007,2025-11-30 15:00:00,9452.008,8890.65,8424.262
forecast_8008,2025-11-30 16:00:00,10844.559,9466.794,11583.361
forecast_8009,2025-11-30 17:00:00,11367.027,10147.232,13215.771
forecast_8010,2025-11-30 18:00:00,10679.385,11693.688,13653.679
forecast_8011,2025-11-30 19:00:00,11948.304,14949.868,14965.702
forecast_8012,2025-11-30 20:00:00,13722.904,17483.178,15569.784
forecast_8013,2025-11-30 21:00:00,13870.392,19136.13,15857.018
forecast_8014,2025-11-30 22:00:00,14408.523,20031.982,15709.771
forecast_8015,2025-11-30 23:00:00,15511.753,20260.941,15158.476
forecast_8016,2025-12-01 00:00:00,15673.579,20259.725,14797.774
forecast_8017,2025-12-01 01:00:00,16983.273,19886.057,14829.086
forecast_8018,2025-12-01 02:00:00,16255.899,19606.027,15231.595
forecast_8019,2025-12-01 03:00:00,15680.354,18774.465,16177.943
forecast_8020,2025-12-01 04:00:00,14978.39,17658.781,16032.52
forecast_8021,2025-12-01 05:00:00,15428.949,17057.422,15663.742
forecast_8022,2025-12-01 06:00:00,16682.385,17670.166,18093.773
forecast_8023,2025-12-01 07:00:00,17330.465,18616.746,18929.512
forecast_8024,2025-12-01 08:00:00,17041.943,19080.62,17734.62
forecast_8025,2025-12-01 09:00:00,17299.21,19185.566,17278.014
forecast_8026,2025-12-01 10:00:00,16206.694,17701.598,11541.544
forecast_8027,2025-12-01 11:00:00,11528.11,10632.673,7444.3047
forecast_8028,2025-12-01 12:00:00,6765.2134,4639.651,3026.3704
forecast_8029,2025-12-01 13:00:00,8237.227,5894.3486,1989.5531
forecast_8030,2025-12-01 14:00:00,8272.749,11305.677,4178.1064
forecast_8031,2025-12-01 15:00:00,5553.323,11825.021,2280.6125
forecast_8032,2025-12-01 16:00:00,3597.383,10907.479,2042.747
forecast_8033,2025-12-01 17:00:00,3032.1733,10723.151,2187.4917
forecast_8034,2025-12-01 18:00:00,2981.968,10515.69,2167.316
forecast_8035,2025-12-01 19:00:00,3334.5332,11093.606,2972.5928
forecast_8036,2025-12-01 20:00:00,3853.4492,11376.279,3872.9673
forecast_8037,2025-12-01 21:00:00,3488.8623,11652.32,5725.674
forecast_8038,2025-12-01 22:00:00,4618.461,10473.382,6259.1016
forecast_8039,2025-12-01 23:00:00,5019.053,11105.1875,9584.963
forecast_8040,2025-12-02 00:00:00,7941.087,15179.153,11259.718
forecast_8041,2025-12-02 01:00:00,13393.634,18356.148,9670.419
forecast_8042,2025-12-02 02:00:00,15924.108,20095.607,8013.0083
forecast_8043,2025-12-02 03:00:00,16356.797,20615.674,7917.795
forecast_8044,2025-12-02 04:00:00,17184.914,20451.723,10258.991
forecast_8045,2025-12-02 05:00:00,17488.201,20335.209,11918.908
forecast_8046,2025-12-02 06:00:00,18149.371,20328.178,12465.383
forecast_8047,2025-12-02 07:00:00,17425.785,19718.336,11935.36
forecast_8048,2025-12-02 08:00:00,13435.237,15235.833,7822.665
forecast_8049,2025-12-02 09:00:00,11812.691,10812.032,7706.284
forecast_8050,2025-12-02 10:00:00,8380.43,6348.9014,5644.3735
forecast_8051,2025-12-02 11:00:00,5333.385,4165.654,3707.5964
forecast_8052,2025-12-02 12:00:00,6111.6934,4186.4785,5143.246
forecast_8053,2025-12-02 13:00:00,9287.42,6529.5576,4970.0156
forecast_8054,2025-12-02 14:00:00,10570.544,8472.806,5814.8164
forecast_8055,2025-12-02 15:00:00,9882.23,9391.889,6070.943
forecast_8056,2025-12-02 16:00:00,9865.806,11661.124,6803.1616
forecast_8057,2025-12-02 17:00:00,13195.067,12946.545,7969.606
forecast_8058,2025-12-02 18:00:00,14896.507,13513.842,9472.703
forecast_8059,2025-12-02 19:00:00,13291.717,14370.437,11379.26
forecast_8060,2025-12-02 20:00:00,14589.004,15005.325,12906.041
forecast_8061,2025-12-02 21:00:00,16470.254,15996.899,14402.923
forecast_8062,2025-12-02 22:00:00,17686.764,17503.227,15629.81
forecast_8063,2025-12-02 23:00:00,17521.895,18821.09,16310.495
forecast_8064,2025-12-03 00:00:00,15679.263,19454.57,15634.666
forecast_8065,2025-12-03 01:00:00,15602.96,19888.33,15128.178
forecast_8066,2025-12-03 02:00:00,15944.429,20217.5,15245.502
forecast_8067,2025-12-03 03:00:00,16540.84,20283.229,16302.02
forecast_8068,2025-12-03 04:00:00,16240.801,20111.887,16714.225
forecast_8069,2025-12-03 05:00:00,15734.474,19741.123,16644.852
forecast_8070,2025-12-03 06:00:00,15504.379,18838.512,15855.457
forecast_8071,2025-12-03 07:00:00,15611.193,18024.896,15137.529
forecast_8072,2025-12-03 08:00:00,14890.209,17874.521,15175.836
forecast_8073,2025-12-03 09:00:00,14006.312,18343.88,15497.392
forecast_8074,2025-12-03 10:00:00,13892.7705,18319.83,15336.689
forecast_8075,2025-12-03 11:00:00,13891.036,18029.305,15181.508
forecast_8076,2025-12-03 12:00:00,14239.31,17764.932,14182.844
forecast_8077,2025-12-03 13:00:00,14850.415,17547.309,13294.696
forecast_8078,2025-12-03 14:00:00,15287.049,15602.29,12880.849
forecast_8079,2025-12-03 15:00:00,15653.314,16075.922,11956.552
forecast_8080,2025-12-03 16:00:00,16025.362,17240.336,11209.186
forecast_8081,2025-12-03 17:00:00,16252.338,17446.133,12209.336
forecast_8082,2025-12-03 18:00:00,16692.139,17344.367,13623.909
forecast_8083,2025-12-03 19:00:00,16008.862,17471.2,13898.43
forecast_8084,2025-12-03 20:00:00,15200.138,17924.041,16141.608
forecast_8085,2025-12-03 21:00:00,15153.932,18478.242,16872.863
forecast_8086,2025-12-03 22:00:00,15612.25,18690.172,15740.005
forecast_8087,2025-12-03 23:00:00,15906.498,18046.168,15624.844
forecast_8088,2025-12-04 00:00:00,16354.684,19384.32,16592.059
forecast_8089,2025-12-04 01:00:00,16708.57,19934.336,15783.494
forecast_8090,2025-12-04 02:00:00,17767.916,19899.38,17101.824
forecast_8091,2025-12-04 03:00:00,17709.857,19872.123,16229.151
forecast_8092,2025-12-04 04:00:00,18068.146,19627.154,14977.1045
forecast_8093,2025-12-04 05:00:00,18874.535,19590.902,14801.764
forecast_8094,2025-12-04 06:00:00,19639.143,19794.44,14413.342
forecast_8095,2025-12-04 07:00:00,19883.127,19783.238,14739.342
forecast_8096,2025-12-04 08:00:00,19402.33,19863.492,15067.352
forecast_8097,2025-12-04 09:00:00,18577.564,20004.637,15218.488
forecast_8098,2025-12-04 10:00:00,17261.092,19891.494,15069.292
forecast_8099,2025-12-04 11:00:00,15978.082,18829.062,14323.975
forecast_8100,2025-12-04 12:00:00,15173.072,15744.454,13245.799
forecast_8101,2025-12-04 13:00:00,15013.602,14245.774,10629.896
forecast_8102,2025-12-04 14:00:00,15375.411,13972.669,9144.962
forecast_8103,2025-12-04 15:00:00,14706.444,12381.407,10425.366
forecast_8104,2025-12-04 16:00:00,13429.108,10101.97,9621.395
forecast_8105,2025-12-04 17:00:00,13955.837,12442.482,10509.303
forecast_8106,2025-12-04 18:00:00,16152.104,15910.014,11818.865
forecast_8107,2025-12-04 19:00:00,17023.303,17255.002,12185.332
forecast_8108,2025-12-04 20:00:00,17636.824,17443.506,11842.848
forecast_8109,2025-12-04 21:00:00,17704.412,17437.504,16529.334
forecast_8110,2025-12-04 22:00:00,17232.965,17029.986,16657.312
forecast_8111,2025-12-04 23:00:00,16805.334,15851.1045,15462.557
forecast_8112,2025-12-05 00:00:00,17626.176,15695.417,14998.257
forecast_8113,2025-12-05 01:00:00,16945.902,15860.425,14941.838
forecast_8114,2025-12-05 02:00:00,16670.244,15588.16,14894.594
forecast_8115,2025-12-05 03:00:00,17409.996,16124.864,14868.274
forecast_8116,2025-12-05 04:00:00,16799.713,16299.397,14778.038
forecast_8117,2025-12-05 05:00:00,15520.094,16333.822,14387.002
forecast_8118,2025-12-05 06:00:00,12984.514,16020.519,13838.237
forecast_8119,2025-12-05 07:00:00,14579.875,15754.482,14833.032
forecast_8120,2025-12-05 08:00:00,17112.914,15331.712,16093.672
forecast_8121,2025-12-05 09:00:00,18485.807,15395.279,15773.053
forecast_8122,2025-12-05 10:00:00,17078.729,12731.946,15827.567
forecast_8123,2025-12-05 11:00:00,11854.711,11391.47,14335.493
forecast_8124,2025-12-05 12:00:00,11138.233,13295.497,13015.032
forecast_8125,2025-12-05 13:00:00,11090.002,14269.509,11022.691
forecast_8126,2025-12-05 14:00:00,12457.337,14520.543,11175.608
forecast_8127,2025-12-05 15:00:00,16035.06,14764.351,15135.296
forecast_8128,2025-12-05 16:00:00,18264.695,15244.881,17099.28
forecast_8129,2025-12-05 17:00:00,19219.0,16549.5,19535.746
forecast_8130,2025-12-05 18:00:00,19393.479,18337.252,19617.088
forecast_8131,2025-12-05 19:00:00,18608.5,19292.76,16953.38
forecast_8132,2025-12-05 20:00:00,16987.84,19517.066,16395.826
forecast_8133,2025-12-05 21:00:00,18339.838,19581.453,17931.191
forecast_8134,2025-12-05 22:00:00,20165.514,19612.172,18917.055
forecast_8135,2025-12-05 23:00:00,20639.62,19491.385,18240.328
forecast_8136,2025-12-06 00:00:00,20873.432,19184.67,16886.35
forecast_8137,2025-12-06 01:00:00,20787.326,18196.531,16280.283
forecast_8138,2025-12-06 02:00:00,20638.754,17127.51,15956.79
forecast_8139,2025-12-06 03:00:00,20679.432,17737.352,16146.606
forecast_8140,2025-12-06 04:00:00,20908.158,18658.984,16248.058
forecast_8141,2025-12-06 05:00:00,20838.113,17936.807,15867.903
forecast_8142,2025-12-06 06:00:00,20629.205,17259.531,15498.149
forecast_8143,2025-12-06 07:00:00,20524.84,16970.42,15318.2705
forecast_8144,2025-12-06 08:00:00,20465.025,17178.95,14894.83
forecast_8145,2025-12-06 09:00:00,20130.215,18122.275,14256.941
forecast_8146,2025-12-06 10:00:00,18275.957,18023.633,13748.178
forecast_8147,2025-12-06 11:00:00,16578.002,16383.3125,14468.13
forecast_8148,2025-12-06 12:00:00,16930.47,14657.03,15755.825
forecast_8149,2025-12-06 13:00:00,18941.5,16480.07,18148.238
forecast_8150,2025-12-06 14:00:00,13805.698,16745.451,19361.582
forecast_8151,2025-12-06 15:00:00,14818.564,16563.432,18658.842
forecast_8152,2025-12-06 16:00:00,16341.821,17031.535,18391.883
forecast_8153,2025-12-06 17:00:00,17109.922,17683.924,19004.773
forecast_8154,2025-12-06 18:00:00,17711.94,18478.244,19153.676
forecast_8155,2025-12-06 19:00:00,17839.416,19742.074,18095.686
forecast_8156,2025-12-06 20:00:00,18471.494,20264.65,16828.441
forecast_8157,2025-12-06 21:00:00,19004.76,20268.418,16918.445
forecast_8158,2025-12-06 22:00:00,19367.307,20192.266,17715.05
forecast_8159,2025-12-06 23:00:00,19717.746,19725.46,18048.201
forecast_8160,2025-12-07 00:00:00,19579.102,19165.12,17670.549
forecast_8161,2025-12-07 01:00:00,19682.797,18832.742,17034.459
forecast_8162,2025-12-07 02:00:00,19724.93,18733.492,15807.708
forecast_8163,2025-12-07 03:00:00,19655.32,18404.18,13820.857
forecast_8164,2025-12-07 04:00:00,19250.143,18680.082,12229.701
forecast_8165,2025-12-07 05:00:00,18255.047,18679.908,12844.43
forecast_8166,2025-12-07 06:00:00,16585.889,18785.707,13563.245
forecast_8167,2025-12-07 07:00:00,16289.486,18923.47,14742.391
forecast_8168,2025-12-07 08:00:00,15544.975,18895.314,15642.239
forecast_8169,2025-12-07 09:00:00,14998.105,18504.473,16056.41
forecast_8170,2025-12-07 10:00:00,14249.997,17418.434,16247.305
forecast_8171,2025-12-07 11:00:00,13900.014,15983.369,16203.815
forecast_8172,2025-12-07 12:00:00,14963.424,16119.452,16252.72
forecast_8173,2025-12-07 13:00:00,16447.658,16756.596,16633.695
forecast_8174,2025-12-07 14:00:00,17829.146,17243.207,16256.865
forecast_8175,2025-12-07 15:00:00,18389.498,17781.998,17197.312
forecast_8176,2025-12-07 16:00:00,18585.594,18033.936,18605.5
forecast_8177,2025-12-07 17:00:00,18667.424,18918.363,19340.229
forecast_8178,2025-12-07 18:00:00,18384.998,19293.63,19825.764
forecast_8179,2025-12-07 19:00:00,18782.016,19661.168,19904.559
forecast_8180,2025-12-07 20:00:00,19368.553,19887.223,19871.873
forecast_8181,2025-12-07 21:00:00,19054.432,19761.355,19821.195
forecast_8182,2025-12-07 22:00:00,18977.314,19404.865,19491.312
forecast_8183,2025-12-07 23:00:00,18537.664,19012.213,19092.135
forecast_8184,2025-12-08 00:00:00,18240.22,18914.54,19000.361
forecast_8185,2025-12-08 01:00:00,17455.125,18859.729,18893.033
forecast_8186,2025-12-08 02:00:00,17180.135,18258.771,18333.604
forecast_8187,2025-12-08 03:00:00,16957.31,18282.854,18085.748
forecast_8188,2025-12-08 04:00:00,15460.95,18028.133,17618.451
forecast_8189,2025-12-08 05:00:00,14557.267,17932.725,15762.12
forecast_8190,2025-12-08 06:00:00,13916.556,17029.717,11416.4795
forecast_8191,2025-12-08 07:00:00,14252.407,15383.156,8222.834
forecast_8192,2025-12-08 08:00:00,13664.503,13165.952,7063.277
forecast_8193,2025-12-08 09:00:00,10094.572,10502.474,4133.5874
forecast_8194,2025-12-08 10:00:00,6415.3364,8262.234,2196.461
forecast_8195,2025-12-08 11:00:00,5538.066,6236.0947,2487.4072
forecast_8196,2025-12-08 12:00:00,3929.1677,7501.2705,1579.7288
forecast_8197,2025-12-08 13:00:00,3254.0803,10347.388,1081.5444
forecast_8198,2025-12-08 14:00:00,3149.2148,11729.567,1538.4948
forecast_8199,2025-12-08 15:00:00,3676.1858,11216.372,1912.8278
forecast_8200,2025-12-08 16:00:00,3325.4937,10035.985,2600.9265
forecast_8201,2025-12-08 17:00:00,2525.0598,8409.055,3212.4778
forecast_8202,2025-12-08 18:00:00,4873.754,7536.654,4713.569
forecast_8203,2025-12-08 19:00:00,11719.67,9281.88,6040.15
forecast_8204,2025-12-08 20:00:00,15089.465,13257.694,6578.4897
forecast_8205,2025-12-08 21:00:00,15366.927,15864.982,8074.6016
forecast_8206,2025-12-08 22:00:00,15014.386,16946.012,10140.822
forecast_8207,2025-12-08 23:00:00,14196.645,17617.012,10821.313
forecast_8208,2025-12-09 00:00:00,14097.517,17808.871,10693.771
forecast_8209,2025-12-09 01:00:00,14301.871,18068.62,10922.12
forecast_8210,2025-12-09 02:00:00,15679.123,17121.031,11879.741
forecast_8211,2025-12-09 03:00:00,16749.855,17037.637,12911.325
forecast_8212,2025-12-09 04:00:00,18169.656,17825.252,12728.861
forecast_8213,2025-12-09 05:00:00,18469.129,17512.21,12434.132
forecast_8214,2025-12-09 06:00:00,17323.63,16953.242,12774.537
forecast_8215,2025-12-09 07:00:00,16803.713,17569.324,12435.798
forecast_8216,2025-12-09 08:00:00,17124.43,18425.0,13112.463
forecast_8217,2025-12-09 09:00:00,16937.078,18663.412,15798.483
forecast_8218,2025-12-09 10:00:00,15575.688,18334.576,16856.977
forecast_8219,2025-12-09 11:00:00,14549.797,17916.766,16794.96
forecast_8220,2025-12-09 12:00:00,15010.893,17444.87,16684.57
forecast_8221,2025-12-09 13:00:00,14633.037,15064.225,15257.94
forecast_8222,2025-12-09 14:00:00,15650.075,14004.255,11928.859
forecast_8223,2025-12-09 15:00:00,16175.528,13191.333,9551.991
forecast_8224,2025-12-09 16:00:00,16447.17,12138.833,11179.8955
forecast_8225,2025-12-09 17:00:00,16486.37,14332.771,14059.586
forecast_8226,2025-12-09 18:00:00,17533.951,17210.012,14304.346
forecast_8227,2025-12-09 19:00:00,18106.25,18460.615,10140.89
forecast_8228,2025-12-09 20:00:00,17798.396,18773.236,8495.099
forecast_8229,2025-12-09 21:00:00,16632.004,18299.88,8188.868
forecast_8230,2025-12-09 22:00:00,15266.049,18393.77,9015.256
forecast_8231,2025-12-09 23:00:00,15503.315,18745.992,9626.619
forecast_8232,2025-12-10 00:00:00,15243.228,18077.896,9944.255
forecast_8233,2025-12-10 01:00:00,15952.226,15695.692,9465.237
forecast_8234,2025-12-10 02:00:00,15691.284,12911.182,9715.724
forecast_8235,2025-12-10 03:00:00,15838.5625,12275.4,10366.501
forecast_8236,2025-12-10 04:00:00,18461.611,12437.082,9382.44
forecast_8237,2025-12-10 05:00:00,19415.69,10220.421,9232.207
forecast_8238,2025-12-10 06:00:00,14732.107,10218.946,10698.898
forecast_8239,2025-12-10 07:00:00,15190.208,11873.828,9284.298
forecast_8240,2025-12-10 08:00:00,17374.025,12912.044,6636.4404
forecast_8241,2025-12-10 09:00:00,17167.5,13651.966,6565.726
forecast_8242,2025-12-10 10:00:00,13576.284,13440.545,6353.535
forecast_8243,2025-12-10 11:00:00,10058.701,14301.474,4711.46
forecast_8244,2025-12-10 12:00:00,10075.951,14337.437,4544.24
forecast_8245,2025-12-10 13:00:00,9292.136,12816.232,4913.1357
forecast_8246,2025-12-10 14:00:00,9358.735,12273.336,5166.5796
forecast_8247,2025-12-10 15:00:00,7896.2837,12327.189,5882.906
forecast_8248,2025-12-10 16:00:00,5980.4336,11455.783,5690.9263
forecast_8249,2025-12-10 17:00:00,7586.7773,9822.861,5993.544
forecast_8250,2025-12-10 18:00:00,7868.144,7140.18,4812.0815
forecast_8251,2025-12-10 19:00:00,8840.63,7592.5786,4203.45
forecast_8252,2025-12-10 20:00:00,6232.0483,10192.233,3516.5437
forecast_8253,2025-12-10 21:00:00,5846.996,12169.528,2429.1287
forecast_8254,2025-12-10 22:00:00,9275.466,13887.532,2192.1064
forecast_8255,2025-12-10 23:00:00,14616.045,16844.967,3218.5193
forecast_8256,2025-12-11 00:00:00,19352.828,18702.082,5993.9414
forecast_8257,2025-12-11 01:00:00,19736.473,18117.535,10213.541
forecast_8258,2025-12-11 02:00:00,20559.906,18630.525,14275.336
forecast_8259,2025-12-11 03:00:00,20292.533,19363.883,16109.016
forecast_8260,2025-12-11 04:00:00,20631.143,19849.727,18421.74
forecast_8261,2025-12-11 05:00:00,20731.936,20015.293,19738.65
forecast_8262,2025-12-11 06:00:00,20720.455,19701.262,19591.377
forecast_8263,2025-12-11 07:00:00,19977.36,19458.113,18382.545
forecast_8264,2025-12-11 08:00:00,19342.988,19190.287,15918.274
forecast_8265,2025-12-11 09:00:00,18687.92,18957.697,12650.022
forecast_8266,2025-12-11 10:00:00,17109.47,18343.848,12700.097
forecast_8267,2025-12-11 11:00:00,16828.688,18075.766,13450.642
forecast_8268,2025-12-11 12:00:00,16586.059,17409.662,12582.555
forecast_8269,2025-12-11 13:00:00,16017.266,17244.857,12922.749
forecast_8270,2025-12-11 14:00:00,15090.664,16835.082,10437.754
forecast_8271,2025-12-11 15:00:00,14413.38,15167.951,8085.6978
forecast_8272,2025-12-11 16:00:00,15175.761,12411.768,8484.237
forecast_8273,2025-12-11 17:00:00,16263.662,12745.287,9284.823
forecast_8274,2025-12-11 18:00:00,18140.54,13864.558,9101.95
forecast_8275,2025-12-11 19:00:00,16406.49,15513.955,9075.872
forecast_8276,2025-12-11 20:00:00,11581.582,14088.134,6881.3813
forecast_8277,2025-12-11 21:00:00,5871.2915,8391.818,3627.5703
forecast_8278,2025-12-11 22:00:00,2283.376,2590.267,965.54553
forecast_8279,2025-12-11 23:00:00,3341.3364,3270.9963,2128.3616
forecast_8280,2025-12-12 00:00:00,2767.3206,6653.784,2010.9287
forecast_8281,2025-12-12 01:00:00,3021.699,5388.227,1282.553
forecast_8282,2025-12-12 02:00:00,4928.66,5861.8853,1316.9639
forecast_8283,2025-12-12 03:00:00,4798.129,5789.8516,1248.4191
forecast_8284,2025-12-12 04:00:00,1501.7651,4075.6602,623.1049
forecast_8285,2025-12-12 05:00:00,895.56665,2799.7698,347.0611
forecast_8286,2025-12-12 06:00:00,1354.7598,1933.8529,329.87946
forecast_8287,2025-12-12 07:00:00,1533.037,1542.4692,295.4042
forecast_8288,2025-12-12 08:00:00,1249.2078,1261.883,197.39493
forecast_8289,2025-12-12 09:00:00,1240.7942,1191.007,154.73865
forecast_8290,2025-12-12 10:00:00,869.0711,1103.6624,101.44591
forecast_8291,2025-12-12 11:00:00,459.85205,918.5421,54.99986
forecast_8292,2025-12-12 12:00:00,472.16022,883.34045,50.34016
forecast_8293,2025-12-12 13:00:00,207.68027,623.181,35.56267
forecast_8294,2025-12-12 14:00:00,221.87027,528.29584,36.24325
forecast_8295,2025-12-12 15:00:00,159.39052,338.3116,31.160824
forecast_8296,2025-12-12 16:00:00,212.52768,463.57202,37.027435
forecast_8297,2025-12-12 17:00:00,281.6662,798.94116,36.123318
forecast_8298,2025-12-12 18:00:00,349.48572,893.10754,33.289684
forecast_8299,2025-12-12 19:00:00,291.1431,741.08563,26.737898
forecast_8300,2025-12-12 20:00:00,338.2748,828.9034,54.3585
forecast_8301,2025-12-12 21:00:00,473.59433,868.23895,91.15211
forecast_8302,2025-12-12 22:00:00,1076.0782,1170.613,163.29297
forecast_8303,2025-12-12 23:00:00,1563.0668,1514.8911,237.43542
forecast_8304,2025-12-13 00:00:00,1962.8618,2036.4271,451.41702
forecast_8305,2025-12-13 01:00:00,1818.9458,3014.7268,1025.771
forecast_8306,2025-12-13 02:00:00,1938.5923,4268.095,1705.6244
forecast_8307,2025-12-13 03:00:00,2012.7163,5596.298,1597.2532
forecast_8308,2025-12-13 04:00:00,1736.2832,5742.751,2260.173
forecast_8309,2025-12-13 05:00:00,3362.7812,6824.8574,3176.6753
forecast_8310,2025-12-13 06:00:00,4133.9785,6212.8286,2552.2722
forecast_8311,2025-12-13 07:00:00,4263.387,5739.1343,2491.628
forecast_8312,2025-12-13 08:00:00,3280.253,4024.0662,2067.0781
forecast_8313,2025-12-13 09:00:00,1800.8925,3251.3198,1775.9861
forecast_8314,2025-12-13 10:00:00,917.5971,1518.9246,916.735
forecast_8315,2025-12-13 11:00:00,408.24918,1085.818,875.1995
forecast_8316,2025-12-13 12:00:00,140.71384,216.66856,320.26752
forecast_8317,2025-12-13 13:00:00,100.27891,505.47885,508.85275
forecast_8318,2025-12-13 14:00:00,61.73955,215.12746,325.12067
forecast_8319,2025-12-13 15:00:00,57.043262,290.44272,356.8233
forecast_8320,2025-12-13 16:00:00,66.48302,703.34973,424.05307
forecast_8321,2025-12-13 17:00:00,69.94679,1297.2305,598.81525
forecast_8322,2025-12-13 18:00:00,83.22137,1510.3247,830.51764
forecast_8323,2025-12-13 19:00:00,104.35744,1812.8434,1142.5225
forecast_8324,2025-12-13 20:00:00,150.80708,2022.4984,1362.8412
forecast_8325,2025-12-13 21:00:00,342.08478,2595.6553,1943.3558
forecast_8326,2025-12-13 22:00:00,744.60455,3437.364,3073.714
forecast_8327,2025-12-13 23:00:00,1772.2607,4999.348,6117.153
forecast_8328,2025-12-14 00:00:00,4383.6396,6090.406,9953.427
forecast_8329,2025-12-14 01:00:00,12444.678,6938.8525,14271.017
forecast_8330,2025-12-14 02:00:00,13878.393,9423.208,16960.018
forecast_8331,2025-12-14 03:00:00,14231.722,11937.699,18830.578
forecast_8332,2025-12-14 04:00:00,15325.995,14410.339,18995.443
forecast_8333,2025-12-14 05:00:00,14930.725,14007.362,18472.328
forecast_8334,2025-12-14 06:00:00,12546.185,12438.264,16849.662
forecast_8335,2025-12-14 07:00:00,8797.35,12084.763,14772.899
forecast_8336,2025-12-14 08:00:00,7380.085,12502.626,14512.331
forecast_8337,2025-12-14 09:00:00,7473.44,13190.999,14293.075
forecast_8338,2025-12-14 10:00:00,7731.7266,12275.106,13093.399
forecast_8339,2025-12-14 11:00:00,9713.903,8767.829,10490.756
forecast_8340,2025-12-14 12:00:00,11581.119,7178.704,10919.654
forecast_8341,2025-12-14 13:00:00,11333.702,7953.1226,11404.663
forecast_8342,2025-12-14 14:00:00,10720.205,8857.509,11959.8125
forecast_8343,2025-12-14 15:00:00,11642.956,9453.284,12577.4375
forecast_8344,2025-12-14 16:00:00,13806.207,10632.953,13258.824
forecast_8345,2025-12-14 17:00:00,14369.438,13718.263,13819.246
forecast_8346,2025-12-14 18:00:00,15986.677,15777.082,16414.139
forecast_8347,2025-12-14 19:00:00,16692.607,18083.658,18070.975
forecast_8348,2025-12-14 20:00:00,17136.387,19416.027,19254.646
forecast_8349,2025-12-14 21:00:00,14432.954,19654.12,20180.615
forecast_8350,2025-12-14 22:00:00,14403.646,19035.16,20161.586
forecast_8351,2025-12-14 23:00:00,13916.053,18950.418,19781.107
forecast_8352,2025-12-15 00:00:00,14701.51,18903.416,19078.84
forecast_8353,2025-12-15 01:00:00,15741.049,18473.78,18359.28
forecast_8354,2025-12-15 02:00:00,16020.998,18224.037,15474.432
forecast_8355,2025-12-15 03:00:00,16636.842,19078.146,14969.716
forecast_8356,2025-12-15 04:00:00,17591.465,19443.121,16014.584
forecast_8357,2025-12-15 05:00:00,17237.36,19055.96,16383.397
forecast_8358,2025-12-15 06:00:00,15866.443,18191.727,16243.588
forecast_8359,2025-12-15 07:00:00,15439.969,17398.504,15814.947
forecast_8360,2025-12-15 08:00:00,15342.451,16447.434,15187.399
forecast_8361,2025-12-15 09:00:00,15262.667,15192.809,14068.695
forecast_8362,2025-12-15 10:00:00,14722.199,12608.918,12361.951
forecast_8363,2025-12-15 11:00:00,14026.6875,12184.525,10932.339
forecast_8364,2025-12-15 12:00:00,11852.472,13297.947,9277.58
forecast_8365,2025-12-15 13:00:00,9131.787,12897.268,8103.102
forecast_8366,2025-12-15 14:00:00,10294.675,11549.701,8471.133
forecast_8367,2025-12-15 15:00:00,13040.571,12283.696,11580.384
forecast_8368,2025-12-15 16:00:00,12535.549,12261.095,11990.161
forecast_8369,2025-12-15 17:00:00,13661.6,13856.57,11096.392
forecast_8370,2025-12-15 18:00:00,15162.862,15864.5625,12113.431
forecast_8371,2025-12-15 19:00:00,15656.643,17426.783,12662.485
forecast_8372,2025-12-15 20:00:00,16040.131,17473.477,13467.477
forecast_8373,2025-12-15 21:00:00,16764.135,17634.8,13417.352
forecast_8374,2025-12-15 22:00:00,19043.453,17510.014,12369.288
forecast_8375,2025-12-15 23:00:00,19383.543,16880.033,11118.496
forecast_8376,2025-12-16 00:00:00,18565.4,15667.021,9259.477
forecast_8377,2025-12-16 01:00:00,17872.723,15518.857,6013.9
forecast_8378,2025-12-16 02:00:00,19060.494,17460.498,7713.9365
forecast_8379,2025-12-16 03:00:00,18606.508,17074.232,10485.486
forecast_8380,2025-12-16 04:00:00,16606.367,15285.6455,9773.602
forecast_8381,2025-12-16 05:00:00,15478.648,12924.597,8303.849
forecast_8382,2025-12-16 06:00:00,15155.548,12755.462,9258.681
forecast_8383,2025-12-16 07:00:00,13125.146,11973.183,9914.438
forecast_8384,2025-12-16 08:00:00,11870.443,11799.408,9150.039
forecast_8385,2025-12-16 09:00:00,8872.392,13323.275,7516.45
forecast_8386,2025-12-16 10:00:00,9248.905,14337.699,7150.6562
forecast_8387,2025-12-16 11:00:00,7510.8516,14539.426,6177.361
forecast_8388,2025-12-16 12:00:00,10670.061,14509.647,7772.3403
forecast_8389,2025-12-16 13:00:00,11732.003,14413.1455,9291.76
forecast_8390,2025-12-16 14:00:00,12879.478,15165.209,12005.245
forecast_8391,2025-12-16 15:00:00,13363.268,15442.383,12087.173
forecast_8392,2025-12-16 16:00:00,13699.144,16405.9,11878.152
forecast_8393,2025-12-16 17:00:00,15360.509,16049.111,12498.988
forecast_8394,2025-12-16 18:00:00,14885.907,15568.635,12191.447
forecast_8395,2025-12-16 19:00:00,15108.768,15622.359,11231.4795
forecast_8396,2025-12-16 20:00:00,14234.738,15846.479,10751.737
forecast_8397,2025-12-16 21:00:00,13777.086,15817.389,10850.871
forecast_8398,2025-12-16 22:00:00,13033.615,15100.286,10681.535
forecast_8399,2025-12-16 23:00:00,11712.401,11927.75,10479.839
forecast_8400,2025-12-17 00:00:00,8397.271,8391.197,10466.644
forecast_8401,2025-12-17 01:00:00,8754.556,7060.0063,9424.209
forecast_8402,2025-12-17 02:00:00,11893.473,8811.631,10737.765
forecast_8403,2025-12-17 03:00:00,11647.35,11468.071,11605.79
forecast_8404,2025-12-17 04:00:00,10452.985,10881.869,11142.636
forecast_8405,2025-12-17 05:00:00,9173.313,9648.833,8933.893
forecast_8406,2025-12-17 06:00:00,8779.087,7338.9756,7013.1714
forecast_8407,2025-12-17 07:00:00,8078.84,8108.78,7016.369
forecast_8408,2025-12-17 08:00:00,8248.758,8959.327,7915.4404
forecast_8409,2025-12-17 09:00:00,7054.023,8185.837,6683.7944
forecast_8410,2025-12-17 10:00:00,6125.009,7980.7954,6334.1597
forecast_8411,2025-12-17 11:00:00,3674.0562,7804.6445,6330.6025
forecast_8412,2025-12-17 12:00:00,2177.0027,8366.057,6133.1616
forecast_8413,2025-12-17 13:00:00,1813.8123,8100.9033,4685.0215
forecast_8414,2025-12-17 14:00:00,1625.9792,8102.454,3030.2927
forecast_8415,2025-12-17 15:00:00,2629.9194,9131.648,2164.8079
forecast_8416,2025-12-17 16:00:00,4464.903,9022.375,1363.8352
forecast_8417,2025-12-17 17:00:00,4971.5347,8417.01,821.2738
forecast_8418,2025-12-17 18:00:00,5534.83,12476.429,1252.7482
forecast_8419,2025-12-17 19:00:00,6296.325,12728.056,2234.1729
forecast_8420,2025-12-17 20:00:00,7075.06,11160.878,2158.2234
forecast_8421,2025-12-17 21:00:00,8101.5576,10441.414,3591.6597
forecast_8422,2025-12-17 22:00:00,9198.965,10721.383,6193.6167
forecast_8423,2025-12-17 23:00:00,10519.813,10724.853,7685.161
forecast_8424,2025-12-18 00:00:00,11748.092,9582.343,8546.839
forecast_8425,2025-12-18 01:00:00,11555.105,7099.986,9090.431
forecast_8426,2025-12-18 02:00:00,12783.795,7351.2524,9217.872
forecast_8427,2025-12-18 03:00:00,12051.365,13316.085,10285.676
forecast_8428,2025-12-18 04:00:00,13173.181,18329.479,10363.003
forecast_8429,2025-12-18 05:00:00,13819.82,18391.6,8541.927
forecast_8430,2025-12-18 06:00:00,12427.269,14836.841,6337.8486
forecast_8431,2025-12-18 07:00:00,10286.794,9731.357,5850.849
forecast_8432,2025-12-18 08:00:00,9245.781,8666.028,9424.974
forecast_8433,2025-12-18 09:00:00,8997.401,5355.7974,14327.064
forecast_8434,2025-12-18 10:00:00,6386.125,2878.362,11658.164
forecast_8435,2025-12-18 11:00:00,4362.9663,1572.2719,8409.686
forecast_8436,2025-12-18 12:00:00,2797.8633,1934.637,8480.265
forecast_8437,2025-12-18 13:00:00,1804.666,3458.166,4800.2505
forecast_8438,2025-12-18 14:00:00,1283.8746,2873.9578,2586.7766
forecast_8439,2025-12-18 15:00:00,1794.7587,2941.048,2241.1228
forecast_8440,2025-12-18 16:00:00,2589.5027,4554.0625,2577.125
forecast_8441,2025-12-18 17:00:00,3958.485,6248.415,3054.3179
forecast_8442,2025-12-18 18:00:00,7420.024,8436.066,4966.163
forecast_8443,2025-12-18 19:00:00,8827.348,9196.736,5373.0864
forecast_8444,2025-12-18 20:00:00,7981.2603,8589.265,5512.397
forecast_8445,2025-12-18 21:00:00,3062.5156,6696.251,4247.988
forecast_8446,2025-12-18 22:00:00,3654.7136,7550.096,5090.2563
forecast_8447,2025-12-18 23:00:00,6857.9663,8171.163,6599.34
forecast_8448,2025-12-19 00:00:00,15578.9795,13180.291,8735.158
forecast_8449,2025-12-19 01:00:00,19116.72,17572.5,12320.762
forecast_8450,2025-12-19 02:00:00,20088.393,18535.104,14733.367
forecast_8451,2025-12-19 03:00:00,20209.412,17882.717,17493.13
forecast_8452,2025-12-19 04:00:00,20108.238,16337.453,17511.96
forecast_8453,2025-12-19 05:00:00,19399.967,15354.166,15511.468
forecast_8454,2025-12-19 06:00:00,18571.61,15079.32,11887.92
forecast_8455,2025-12-19 07:00:00,19985.422,16817.865,13279.807
forecast_8456,2025-12-19 08:00:00,20502.875,17042.467,14964.754
forecast_8457,2025-12-19 09:00:00,19476.105,15827.802,13427.242
forecast_8458,2025-12-19 10:00:00,18045.447,16326.493,13948.513
forecast_8459,2025-12-19 11:00:00,19723.213,18281.617,16464.727
forecast_8460,2025-12-19 12:00:00,18348.863,18583.996,15420.182
forecast_8461,2025-12-19 13:00:00,17901.188,17395.094,15098.444
forecast_8462,2025-12-19 14:00:00,18090.957,17398.332,15980.788
forecast_8463,2025-12-19 15:00:00,18475.258,18265.451,16932.297
forecast_8464,2025-12-19 16:00:00,18825.102,18490.05,17653.355
forecast_8465,2025-12-19 17:00:00,18606.48,18443.018,18079.625
forecast_8466,2025-12-19 18:00:00,18512.938,18592.893,18479.594
forecast_8467,2025-12-19 19:00:00,19112.809,19280.066,19719.672
forecast_8468,2025-12-19 20:00:00,19049.252,19898.686,19644.152
forecast_8469,2025-12-19 21:00:00,19329.223,20181.605,19096.68
forecast_8470,2025-12-19 22:00:00,19375.979,20094.057,18471.766
forecast_8471,2025-12-19 23:00:00,19511.24,20018.678,18043.047
forecast_8472,2025-12-20 00:00:00,18883.662,19464.592,17450.756
forecast_8473,2025-12-20 01:00:00,16789.588,18725.941,15774.275
forecast_8474,2025-12-20 02:00:00,14433.911,18820.57,13937.639
forecast_8475,2025-12-20 03:00:00,13516.924,18954.64,12475.064
forecast_8476,2025-12-20 04:00:00,14115.516,18966.127,10567.756
forecast_8477,2025-12-20 05:00:00,13901.71,17762.71,9237.13
forecast_8478,2025-12-20 06:00:00,12896.3125,14993.364,9060.005
forecast_8479,2025-12-20 07:00:00,11989.608,13311.244,9166.498
forecast_8480,2025-12-20 08:00:00,11650.688,13327.089,9531.704
forecast_8481,2025-12-20 09:00:00,11253.512,13581.62,8657.21
forecast_8482,2025-12-20 10:00:00,11103.662,13994.064,6902.174
forecast_8483,2025-12-20 11:00:00,11275.9,15057.795,6542.874
forecast_8484,2025-12-20 12:00:00,10951.505,15363.546,6435.9062
forecast_8485,2025-12-20 13:00:00,11824.902,14831.947,9003.942
forecast_8486,2025-12-20 14:00:00,13120.493,14528.143,14010.683
forecast_8487,2025-12-20 15:00:00,12354.009,14220.245,15844.556
forecast_8488,2025-12-20 16:00:00,11716.338,13339.454,15324.294
forecast_8489,2025-12-20 17:00:00,10768.865,10902.14,11465.977
forecast_8490,2025-12-20 18:00:00,14824.72,10586.6045,11622.415
forecast_8491,2025-12-20 19:00:00,15590.573,10868.231,12932.06
forecast_8492,2025-12-20 20:00:00,16586.07,11018.529,13725.892
forecast_8493,2025-12-20 21:00:00,16400.797,9801.007,13886.731
forecast_8494,2025-12-20 22:00:00,15326.424,6004.4634,12267.778
forecast_8495,2025-12-20 23:00:00,16216.479,4115.156,12230.755
forecast_8496,2025-12-21 00:00:00,14711.369,5815.4688,13220.782
forecast_8497,2025-12-21 01:00:00,15276.29,11764.775,13249.495
forecast_8498,2025-12-21 02:00:00,18244.97,19857.307,13371.144
forecast_8499,2025-12-21 03:00:00,19097.807,19818.523,13180.366
forecast_8500,2025-12-21 04:00:00,19399.354,18945.688,11229.494
forecast_8501,2025-12-21 05:00:00,19305.062,19845.635,9770.263
forecast_8502,2025-12-21 06:00:00,18958.639,20242.662,9273.668
forecast_8503,2025-12-21 07:00:00,18405.014,20060.455,8558.467
forecast_8504,2025-12-21 08:00:00,17376.873,19818.523,8035.4224
forecast_8505,2025-12-21 09:00:00,16103.739,19962.332,8807.501
forecast_8506,2025-12-21 10:00:00,11962.116,18368.576,7137.639
forecast_8507,2025-12-21 11:00:00,10206.791,14063.187,7180.1016
forecast_8508,2025-12-21 12:00:00,10910.025,10517.349,6637.823
forecast_8509,2025-12-21 13:00:00,11194.226,8744.068,5502.8076
forecast_8510,2025-12-21 14:00:00,9514.4,5996.476,5634.3843
forecast_8511,2025-12-21 15:00:00,6119.8745,4503.291,4660.591
forecast_8512,2025-12-21 16:00:00,4063.9517,4309.138,2504.0022
forecast_8513,2025-12-21 17:00:00,3486.6433,4000.379,1128.1141
forecast_8514,2025-12-21 18:00:00,2937.8748,4986.7075,810.3331
forecast_8515,2025-12-21 19:00:00,1592.8346,4728.298,969.23706
forecast_8516,2025-12-21 20:00:00,1303.6254,4052.821,2419.1055
forecast_8517,2025-12-21 21:00:00,1448.9774,4479.234,2959.9983
forecast_8518,2025-12-21 22:00:00,1487.7743,3792.6875,1996.8732
forecast_8519,2025-12-21 23:00:00,1554.138,2697.7058,1621.209
forecast_8520,2025-12-22 00:00:00,1795.4448,1857.1044,1109.098
forecast_8521,2025-12-22 01:00:00,1807.9536,936.0326,913.00757
forecast_8522,2025-12-22 02:00:00,1547.8344,620.3511,1058.2042
forecast_8523,2025-12-22 03:00:00,1738.4257,393.34668,556.5523
forecast_8524,2025-12-22 04:00:00,1988.2158,285.74857,134.0165
forecast_8525,2025-12-22 05:00:00,2346.1785,367.91507,102.53069
forecast_8526,2025-12-22 06:00:00,2562.5273,460.91486,112.185326
forecast_8527,2025-12-22 07:00:00,2862.1575,441.98337,73.33267
forecast_8528,2025-12-22 08:00:00,2514.416,737.92944,64.88674
forecast_8529,2025-12-22 09:00:00,2934.1208,723.0493,71.3394
forecast_8530,2025-12-22 10:00:00,2553.5244,438.16516,74.340065
forecast_8531,2025-12-22 11:00:00,2158.7844,290.37878,113.40981
forecast_8532,2025-12-22 12:00:00,1294.9658,184.35889,128.23817
forecast_8533,2025-12-22 13:00:00,722.1118,128.6,84.75317
forecast_8534,2025-12-22 14:00:00,419.7308,109.17154,46.88151
forecast_8535,2025-12-22 15:00:00,353.7187,102.32544,39.574734
forecast_8536,2025-12-22 16:00:00,209.31093,111.871704,34.201385
forecast_8537,2025-12-22 17:00:00,145.03441,165.25876,37.218414
forecast_8538,2025-12-22 18:00:00,149.1111,223.37694,63.348324
forecast_8539,2025-12-22 19:00:00,181.00693,265.07803,101.07812
forecast_8540,2025-12-22 20:00:00,169.42844,311.56277,102.1408
forecast_8541,2025-12-22 21:00:00,228.37923,417.30865,108.48993
forecast_8542,2025-12-22 22:00:00,680.3247,544.07196,128.54599
forecast_8543,2025-12-22 23:00:00,3152.9807,1072.2616,266.79514
forecast_8544,2025-12-23 00:00:00,5281.7524,1542.204,508.24936
forecast_8545,2025-12-23 01:00:00,4893.3076,1289.5804,1044.5096
forecast_8546,2025-12-23 02:00:00,5681.0557,985.0788,1423.4392
forecast_8547,2025-12-23 03:00:00,4443.8506,585.7831,1379.5098
forecast_8548,2025-12-23 04:00:00,3385.0332,843.58093,1678.4987
forecast_8549,2025-12-23 05:00:00,1903.8931,512.62604,810.09357
forecast_8550,2025-12-23 06:00:00,2095.5254,483.75046,708.54877
forecast_8551,2025-12-23 07:00:00,3297.025,460.85483,729.0472
forecast_8552,2025-12-23 08:00:00,4287.0757,550.14343,958.1371
forecast_8553,2025-12-23 09:00:00,2744.4866,733.23175,1846.8876
forecast_8554,2025-12-23 10:00:00,6019.916,1164.4814,5184.4023
forecast_8555,2025-12-23 11:00:00,7443.6733,2288.5728,5989.758
forecast_8556,2025-12-23 12:00:00,8009.887,4502.1675,9335.515
forecast_8557,2025-12-23 13:00:00,6466.7886,5230.437,9327.365
forecast_8558,2025-12-23 14:00:00,2906.6501,6025.733,10606.151
forecast_8559,2025-12-23 15:00:00,1873.2406,6339.907,9837.3125
forecast_8560,2025-12-23 16:00:00,1871.4249,5654.832,8662.382
forecast_8561,2025-12-23 17:00:00,2327.298,4981.821,6971.0474
forecast_8562,2025-12-23 18:00:00,5203.1,6903.6396,4437.349
forecast_8563,2025-12-23 19:00:00,8054.9873,11129.842,3126.444
forecast_8564,2025-12-23 20:00:00,10038.748,14999.053,2573.8555
forecast_8565,2025-12-23 21:00:00,11185.095,15432.174,1498.8698
forecast_8566,2025-12-23 22:00:00,8671.919,13817.062,1888.9391
forecast_8567,2025-12-23 23:00:00,6192.2285,12283.594,2842.377
forecast_8568,2025-12-24 00:00:00,5507.5337,11864.179,4753.286
forecast_8569,2025-12-24 01:00:00,5803.74,9639.101,8316.879
forecast_8570,2025-12-24 02:00:00,7168.708,7749.462,8010.338
forecast_8571,2025-12-24 03:00:00,8962.455,8708.711,6865.7905
forecast_8572,2025-12-24 04:00:00,6642.235,8711.392,5731.5996
forecast_8573,2025-12-24 05:00:00,6981.5625,7793.278,4972.9663
forecast_8574,2025-12-24 06:00:00,6254.4116,5874.638,2227.4502
forecast_8575,2025-12-24 07:00:00,4288.113,4152.452,646.6
forecast_8576,2025-12-24 08:00:00,1861.4539,2896.0679,334.96466
forecast_8577,2025-12-24 09:00:00,189.6899,1316.2177,213.15326
forecast_8578,2025-12-24 10:00:00,211.30698,510.12814,120.455734
forecast_8579,2025-12-24 11:00:00,167.75896,259.2337,76.312386
forecast_8580,2025-12-24 12:00:00,94.49419,253.95105,173.98874
forecast_8581,2025-12-24 13:00:00,62.35444,370.529,91.60672
forecast_8582,2025-12-24 14:00:00,60.55488,608.08527,94.229324
forecast_8583,2025-12-24 15:00:00,63.200485,729.57916,148.89093
forecast_8584,2025-12-24 16:00:00,82.37053,1111.3025,380.72287
forecast_8585,2025-12-24 17:00:00,76.44856,865.35895,203.08737
forecast_8586,2025-12-24 18:00:00,97.03714,387.30817,106.19873
forecast_8587,2025-12-24 19:00:00,99.25614,65.339615,129.5963
forecast_8588,2025-12-24 20:00:00,73.18147,27.82401,190.27596
forecast_8589,2025-12-24 21:00:00,50.502926,20.824682,171.6708
forecast_8590,2025-12-24 22:00:00,86.89287,58.60159,195.78485
forecast_8591,2025-12-24 23:00:00,166.05775,107.269104,559.06903
forecast_8592,2025-12-25 00:00:00,137.859,250.46571,2153.9678
forecast_8593,2025-12-25 01:00:00,213.15132,1263.3685,3941.8936
forecast_8594,2025-12-25 02:00:00,153.58884,1096.4509,1614.6709
forecast_8595,2025-12-25 03:00:00,229.09514,4101.811,2990.0664
forecast_8596,2025-12-25 04:00:00,236.32205,4980.295,3700.9116
forecast_8597,2025-12-25 05:00:00,272.9278,5174.7812,6468.691
forecast_8598,2025-12-25 06:00:00,455.82782,6399.9014,8273.415
forecast_8599,2025-12-25 07:00:00,2162.5603,8041.0625,9578.503
forecast_8600,2025-12-25 08:00:00,4448.3726,9622.115,10195.442
forecast_8601,2025-12-25 09:00:00,7998.6177,10893.114,10169.027
forecast_8602,2025-12-25 10:00:00,12533.989,10567.23,9257.726
forecast_8603,2025-12-25 11:00:00,14520.009,10422.137,8664.978
forecast_8604,2025-12-25 12:00:00,13272.064,12114.154,8803.81
forecast_8605,2025-12-25 13:00:00,11417.851,13595.892,8725.751
forecast_8606,2025-12-25 14:00:00,11572.086,15517.7705,9553.118
forecast_8607,2025-12-25 15:00:00,11320.16,16116.842,9341.04
forecast_8608,2025-12-25 16:00:00,12080.481,15899.783,10203.514
forecast_8609,2025-12-25 17:00:00,12860.543,16127.554,11142.063
forecast_8610,2025-12-25 18:00:00,12891.386,17140.09,11481.594
forecast_8611,2025-12-25 19:00:00,12522.107,17976.98,11584.222
forecast_8612,2025-12-25 20:00:00,12130.525,18208.176,11461.787
forecast_8613,2025-12-25 21:00:00,15188.736,19507.059,13007.049
forecast_8614,2025-12-25 22:00:00,16425.314,19689.15,16618.482
forecast_8615,2025-12-25 23:00:00,16083.949,19788.682,17828.994
forecast_8616,2025-12-26 00:00:00,15911.623,19866.232,16072.447
forecast_8617,2025-12-26 01:00:00,16572.898,20024.195,15823.651
forecast_8618,2025-12-26 02:00:00,15897.032,20535.77,15080.174
forecast_8619,2025-12-26 03:00:00,15485.518,20563.414,14873.931
forecast_8620,2025-12-26 04:00:00,15860.6045,20560.223,14878.861
forecast_8621,2025-12-26 05:00:00,16257.482,20212.584,14483.227
forecast_8622,2025-12-26 06:00:00,16423.676,19348.672,12987.0
forecast_8623,2025-12-26 07:00:00,17477.7,18599.262,12914.777
forecast_8624,2025-12-26 08:00:00,18381.402,16223.881,13815.238
forecast_8625,2025-12-26 09:00:00,18593.158,15865.952,13520.925
forecast_8626,2025-12-26 10:00:00,18530.045,16590.29,13208.474
forecast_8627,2025-12-26 11:00:00,17323.082,17548.871,12073.584
forecast_8628,2025-12-26 12:00:00,14582.608,18107.908,10798.527
forecast_8629,2025-12-26 13:00:00,12995.745,17795.334,9573.52
forecast_8630,2025-12-26 14:00:00,14508.166,17647.617,8902.262
forecast_8631,2025-12-26 15:00:00,15145.184,17348.021,8444.941
forecast_8632,2025-12-26 16:00:00,15043.83,16890.6,7767.8022
forecast_8633,2025-12-26 17:00:00,14564.668,16787.277,8790.71
forecast_8634,2025-12-26 18:00:00,15859.791,17895.502,11581.424
forecast_8635,2025-12-26 19:00:00,15177.7705,19108.273,10940.86
forecast_8636,2025-12-26 20:00:00,15568.113,19413.705,9093.47
forecast_8637,2025-12-26 21:00:00,18618.014,19295.207,10265.927
forecast_8638,2025-12-26 22:00:00,19602.768,19249.246,10555.886
forecast_8639,2025-12-26 23:00:00,20128.28,19784.756,11047.389
forecast_8640,2025-12-27 00:00:00,20407.146,20061.668,11414.068
forecast_8641,2025-12-27 01:00:00,19888.027,19797.389,10709.747
forecast_8642,2025-12-27 02:00:00,20064.861,19800.363,10997.798
forecast_8643,2025-12-27 03:00:00,20273.469,19082.238,11471.681
forecast_8644,2025-12-27 04:00:00,20549.488,18239.05,11858.287
forecast_8645,2025-12-27 05:00:00,19999.324,18515.06,13198.626
forecast_8646,2025-12-27 06:00:00,18485.348,18783.441,13596.454
forecast_8647,2025-12-27 07:00:00,18220.129,19291.928,13694.554
forecast_8648,2025-12-27 08:00:00,17687.158,19557.848,14059.513
forecast_8649,2025-12-27 09:00:00,16336.279,20108.322,13823.321
forecast_8650,2025-12-27 10:00:00,12697.413,19366.586,13092.08
forecast_8651,2025-12-27 11:00:00,12119.339,17974.094,12957.125
forecast_8652,2025-12-27 12:00:00,12924.512,18323.627,13470.277
forecast_8653,2025-12-27 13:00:00,13763.887,18606.82,12831.989
forecast_8654,2025-12-27 14:00:00,15548.713,18173.695,12753.4375
forecast_8655,2025-12-27 15:00:00,16817.342,17677.271,13496.932
forecast_8656,2025-12-27 16:00:00,17607.707,17888.793,14536.337
forecast_8657,2025-12-27 17:00:00,17919.479,17835.637,14697.356
forecast_8658,2025-12-27 18:00:00,18843.518,18253.502,15966.852
forecast_8659,2025-12-27 19:00:00,19134.438,18726.258,17034.477
forecast_8660,2025-12-27 20:00:00,18879.172,18752.463,17308.191
forecast_8661,2025-12-27 21:00:00,18437.143,18567.787,17222.26
forecast_8662,2025-12-27 22:00:00,18086.627,18609.756,17216.004
forecast_8663,2025-12-27 23:00:00,17661.15,18622.383,17106.209
forecast_8664,2025-12-28 00:00:00,17255.707,18454.646,16635.396
forecast_8665,2025-12-28 01:00:00,17339.436,18582.814,15743.372
forecast_8666,2025-12-28 02:00:00,17855.123,19544.438,15413.953
forecast_8667,2025-12-28 03:00:00,18859.062,19978.596,15829.833
forecast_8668,2025-12-28 04:00:00,19378.035,19953.043,15840.967
forecast_8669,2025-12-28 05:00:00,18717.547,19997.682,15622.756
forecast_8670,2025-12-28 06:00:00,18223.49,20244.094,15444.837
forecast_8671,2025-12-28 07:00:00,18336.56,20384.342,15267.3125
forecast_8672,2025-12-28 08:00:00,18473.375,20407.525,15469.775
forecast_8673,2025-12-28 09:00:00,18431.719,20307.064,15197.992
forecast_8674,2025-12-28 10:00:00,17192.957,19122.102,15007.066
forecast_8675,2025-12-28 11:00:00,16634.58,17784.182,15482.871
forecast_8676,2025-12-28 12:00:00,15416.898,15817.79,16623.56
forecast_8677,2025-12-28 13:00:00,15442.2705,14088.777,17419.314
forecast_8678,2025-12-28 14:00:00,14496.393,12435.833,17484.271
forecast_8679,2025-12-28 15:00:00,13755.807,12770.04,15313.249
forecast_8680,2025-12-28 16:00:00,14465.387,13930.174,12511.693
forecast_8681,2025-12-28 17:00:00,14808.711,14550.44,16849.096
forecast_8682,2025-12-28 18:00:00,15380.663,16198.285,16947.42
forecast_8683,2025-12-28 19:00:00,16189.923,17429.785,15345.282
forecast_8684,2025-12-28 20:00:00,15598.659,17728.83,13099.095
forecast_8685,2025-12-28 21:00:00,15903.601,17423.04,13829.686
forecast_8686,2025-12-28 22:00:00,14809.382,17804.277,13655.552
forecast_8687,2025-12-28 23:00:00,13196.829,18228.047,13452.686
forecast_8688,2025-12-29 00:00:00,13718.432,18637.725,14668.2
forecast_8689,2025-12-29 01:00:00,14663.16,18584.945,15104.001
forecast_8690,2025-12-29 02:00:00,16146.87,18863.086,15362.758
forecast_8691,2025-12-29 03:00:00,16331.837,18758.37,15726.985
forecast_8692,2025-12-29 04:00:00,16342.681,18637.041,15551.56
forecast_8693,2025-12-29 05:00:00,16823.037,17774.527,15541.096
forecast_8694,2025-12-29 06:00:00,16342.399,17527.035,15512.262
forecast_8695,2025-12-29 07:00:00,16917.658,17353.389,15394.903
forecast_8696,2025-12-29 08:00:00,16640.926,16880.898,15654.088
forecast_8697,2025-12-29 09:00:00,15995.546,16620.098,15979.577
forecast_8698,2025-12-29 10:00:00,15735.429,16503.992,16207.563
forecast_8699,2025-12-29 11:00:00,15602.208,16516.785,16030.272
forecast_8700,2025-12-29 12:00:00,15961.03,16807.34,15573.33
forecast_8701,2025-12-29 13:00:00,15781.094,17231.621,15224.441
forecast_8702,2025-12-29 14:00:00,15475.47,17154.709,13966.276
forecast_8703,2025-12-29 15:00:00,15460.298,17144.48,12924.56
forecast_8704,2025-12-29 16:00:00,15955.601,17237.422,11911.671
forecast_8705,2025-12-29 17:00:00,15587.662,17498.488,12853.395
forecast_8706,2025-12-29 18:00:00,16025.442,17956.771,15935.133
forecast_8707,2025-12-29 19:00:00,16298.689,17696.32,17466.02
forecast_8708,2025-12-29 20:00:00,17132.72,16797.592,17810.035
forecast_8709,2025-12-29 21:00:00,16725.242,15838.175,17295.31
forecast_8710,2025-12-29 22:00:00,15416.596,15575.176,17186.922
forecast_8711,2025-12-29 23:00:00,14630.638,15486.545,17907.74
forecast_8712,2025-12-30 00:00:00,13622.726,15246.555,17905.65
forecast_8713,2025-12-30 01:00:00,12050.949,14875.517,17918.898
forecast_8714,2025-12-30 02:00:00,9545.305,14864.491,15615.828
forecast_8715,2025-12-30 03:00:00,7193.462,14202.359,15245.925
forecast_8716,2025-12-30 04:00:00,7576.8726,13041.097,14509.234
forecast_8717,2025-12-30 05:00:00,8051.3584,12005.202,13709.943
forecast_8718,2025-12-30 06:00:00,7903.999,10806.577,11575.931
forecast_8719,2025-12-30 07:00:00,6836.627,10445.381,9804.554
forecast_8720,2025-12-30 08:00:00,5613.4077,12003.34,8829.222
forecast_8721,2025-12-30 09:00:00,4273.317,13833.299,7868.4243
forecast_8722,2025-12-30 10:00:00,3789.5916,13749.088,6479.3486
forecast_8723,2025-12-30 11:00:00,3652.017,11336.624,4790.479
forecast_8724,2025-12-30 12:00:00,5374.0923,11208.36,5564.074
forecast_8725,2025-12-30 13:00:00,9276.944,12817.867,7141.6616
forecast_8726,2025-12-30 14:00:00,10226.091,14663.841,7919.386
forecast_8727,2025-12-30 15:00:00,8970.218,15010.261,8522.883
forecast_8728,2025-12-30 16:00:00,8505.131,14414.239,8235.383
forecast_8729,2025-12-30 17:00:00,8810.5625,13806.761,9372.044
forecast_8730,2025-12-30 18:00:00,9821.461,13667.327,9696.522
forecast_8731,2025-12-30 19:00:00,10998.408,14103.787,10174.103
forecast_8732,2025-12-30 20:00:00,11973.189,14758.846,10535.743
forecast_8733,2025-12-30 21:00:00,12526.17,15376.194,11376.078
forecast_8734,2025-12-30 22:00:00,12963.011,15786.056,12196.608
forecast_8735,2025-12-30 23:00:00,13022.491,16169.114,11511.744
forecast_8736,2025-12-31 00:00:00,13307.3955,16344.198,11301.989
forecast_8737,2025-12-31 01:00:00,14051.888,16146.602,11462.981
forecast_8738,2025-12-31 02:00:00,13996.827,15845.786,12039.085
forecast_8739,2025-12-31 03:00:00,15007.416,16063.926,13312.628
forecast_8740,2025-12-31 04:00:00,15536.387,16855.096,14395.217
forecast_8741,2025-12-31 05:00:00,13950.663,17833.072,15035.555
forecast_8742,2025-12-31 06:00:00,13203.73,17516.22,14341.074
forecast_8743,2025-12-31 07:00:00,12376.027,17094.861,14086.055
forecast_8744,2025-12-31 08:00:00,11457.131,16890.477,13270.848
forecast_8745,2025-12-31 09:00:00,10678.031,16684.521,12125.058
forecast_8746,2025-12-31 10:00:00,9148.456,14915.302,8745.703
forecast_8747,2025-12-31 11:00:00,7340.307,11291.535,6760.897
forecast_8748,2025-12-31 12:00:00,7993.0557,8609.128,6303.595
forecast_8749,2025-12-31 13:00:00,8394.721,7767.886,5049.9395
forecast_8750,2025-12-31 14:00:00,9174.373,8029.0073,5290.405
forecast_8751,2025-12-31 15:00:00,9785.22,8287.163,6021.2383
forecast_8752,2025-12-31 16:00:00,9926.237,8407.447,6123.917
forecast_8753,2025-12-31 17:00:00,11029.674,9427.783,7606.0957
forecast_8754,2025-12-31 18:00:00,11487.907,10942.383,7716.5737
forecast_8755,2025-12-31 19:00:00,11302.796,13271.828,6911.238
forecast_8756,2025-12-31 20:00:00,11180.625,15331.521,6976.5107
forecast_8757,2025-12-31 21:00:00,12175.024,17489.27,9620.928
forecast_8758,2025-12-31 22:00:00,13634.676,18798.65,12115.964
forecast_8759,2025-12-31 23:00:00,15014.392,19469.82,9520.026
forecast_8760,2026-01-01 00:00:00,15786.046,19937.955,9124.916
