forecast_id,forecast_kst_dtm,kpx_group_1,kpx_group_2,kpx_group_3
forecast_0001,2025-01-01 01:00:00,13897.457,18958.81,8863.9
forecast_0002,2025-01-01 02:00:00,14161.625,19284.336,5308.847
forecast_0003,2025-01-01 03:00:00,14130.561,19428.693,1928.021
forecast_0004,2025-01-01 04:00:00,14013.296,19378.664,1210.717
forecast_0005,2025-01-01 05:00:00,13843.233,19206.557,646.1942
forecast_0006,2025-01-01 06:00:00,13551.447,18892.496,570.5634
forecast_0007,2025-01-01 07:00:00,12852.027,18308.986,535.8662
forecast_0008,2025-01-01 08:00:00,11103.11,17369.379,652.74554
forecast_0009,2025-01-01 09:00:00,8323.41,16235.592,689.50183
forecast_0010,2025-01-01 10:00:00,6350.228,15244.834,789.7067
forecast_0011,2025-01-01 11:00:00,5680.5957,14534.543,816.16583
forecast_0012,2025-01-01 12:00:00,5822.4507,14025.694,881.08984
forecast_0013,2025-01-01 13:00:00,6514.6934,13632.15,917.17346
forecast_0014,2025-01-01 14:00:00,7621.0615,13299.752,987.5306
forecast_0015,2025-01-01 15:00:00,8798.352,12944.802,1075.9728
forecast_0016,2025-01-01 16:00:00,9692.908,12465.132,1222.1134
forecast_0017,2025-01-01 17:00:00,10399.266,12114.829,1607.2747
forecast_0018,2025-01-01 18:00:00,11260.911,12517.198,3379.2732
forecast_0019,2025-01-01 19:00:00,12323.146,13953.613,8631.971
forecast_0020,2025-01-01 20:00:00,13172.644,15961.299,11873.187
forecast_0021,2025-01-01 21:00:00,13498.1045,17575.092,14544.225
forecast_0022,2025-01-01 22:00:00,13671.868,18278.852,15783.439
forecast_0023,2025-01-01 23:00:00,14571.083,18341.025,16173.075
forecast_0024,2025-01-02 00:00:00,16838.363,18162.275,16376.658
forecast_0025,2025-01-02 01:00:00,18147.086,18159.443,16096.948
forecast_0026,2025-01-02 02:00:00,19136.4,18529.844,15790.055
forecast_0027,2025-01-02 03:00:00,19294.973,18781.03,15654.024
forecast_0028,2025-01-02 04:00:00,19314.723,18822.502,15524.297
forecast_0029,2025-01-02 05:00:00,19269.43,18689.283,15351.554
forecast_0030,2025-01-02 06:00:00,19151.062,18364.29,15121.709
forecast_0031,2025-01-02 07:00:00,18909.488,17798.895,14802.867
forecast_0032,2025-01-02 08:00:00,18371.004,17004.158,14348.934
forecast_0033,2025-01-02 09:00:00,17074.748,16111.739,13726.029
forecast_0034,2025-01-02 10:00:00,14825.779,15295.398,12962.4795
forecast_0035,2025-01-02 11:00:00,13364.416,14625.096,12180.867
forecast_0036,2025-01-02 12:00:00,13863.937,14081.013,11531.357
forecast_0037,2025-01-02 13:00:00,13018.714,13631.315,11086.698
forecast_0038,2025-01-02 14:00:00,11536.626,13239.271,10840.842
forecast_0039,2025-01-02 15:00:00,10642.945,12819.172,10768.393
forecast_0040,2025-01-02 16:00:00,10299.417,12286.839,10857.413
forecast_0041,2025-01-02 17:00:00,10238.399,11929.253,11116.799
forecast_0042,2025-01-02 18:00:00,10389.506,12345.33,11579.098
forecast_0043,2025-01-02 19:00:00,10765.473,13817.238,12300.781
forecast_0044,2025-01-02 20:00:00,11418.395,15890.675,13300.928
forecast_0045,2025-01-02 21:00:00,12453.228,17580.842,14410.249
forecast_0046,2025-01-02 22:00:00,13945.97,18344.812,15347.578
forecast_0047,2025-01-02 23:00:00,15473.71,18437.594,15976.689
forecast_0048,2025-01-03 00:00:00,16487.852,18261.904,16336.347
forecast_0049,2025-01-03 01:00:00,18085.316,18233.879,15956.078
forecast_0050,2025-01-03 02:00:00,19135.47,18578.26,15640.249
forecast_0051,2025-01-03 03:00:00,19278.596,18818.754,15499.69
forecast_0052,2025-01-03 04:00:00,19287.572,18860.26,15361.374
forecast_0053,2025-01-03 05:00:00,19233.748,18732.135,15179.887
forecast_0054,2025-01-03 06:00:00,19104.162,18411.518,14939.654
forecast_0055,2025-01-03 07:00:00,18842.219,17836.936,14606.125
forecast_0056,2025-01-03 08:00:00,18251.924,17004.428,14132.745
forecast_0057,2025-01-03 09:00:00,16793.18,16050.112,13490.414
forecast_0058,2025-01-03 10:00:00,14245.197,15176.294,12718.519
forecast_0059,2025-01-03 11:00:00,13062.087,14468.723,11948.034
forecast_0060,2025-01-03 12:00:00,12921.891,13901.105,11322.28
forecast_0061,2025-01-03 13:00:00,11701.494,13427.224,10899.55
forecast_0062,2025-01-03 14:00:00,10799.8125,12981.938,10666.63
forecast_0063,2025-01-03 15:00:00,10395.251,12426.827,10597.892
forecast_0064,2025-01-03 16:00:00,10234.2,11727.82,10682.683
forecast_0065,2025-01-03 17:00:00,10246.426,11401.257,10929.856
forecast_0066,2025-01-03 18:00:00,10437.691,12038.74,11369.81
forecast_0067,2025-01-03 19:00:00,10835.31,13746.598,12059.966
forecast_0068,2025-01-03 20:00:00,11469.56,15916.29,13042.772
forecast_0069,2025-01-03 21:00:00,12375.6045,17641.256,14187.331
forecast_0070,2025-01-03 22:00:00,13580.804,18440.596,15203.898
forecast_0071,2025-01-03 23:00:00,14929.308,18545.229,15908.157
forecast_0072,2025-01-04 00:00:00,16024.379,18361.125,16286.854
forecast_0073,2025-01-04 01:00:00,17926.08,18310.71,15706.718
forecast_0074,2025-01-04 02:00:00,19114.344,18628.068,15391.081
forecast_0075,2025-01-04 03:00:00,19255.953,18856.557,15249.69
forecast_0076,2025-01-04 04:00:00,19256.732,18897.215,15105.535
forecast_0077,2025-01-04 05:00:00,19193.818,18773.967,14918.957
forecast_0078,2025-01-04 06:00:00,19048.693,18458.607,14671.877
forecast_0079,2025-01-04 07:00:00,18750.893,17876.11,14326.964
forecast_0080,2025-01-04 08:00:00,18050.781,17003.9,13838.224
forecast_0081,2025-01-04 09:00:00,16228.457,15980.1045,13184.16
forecast_0082,2025-01-04 10:00:00,13407.053,15040.585,12417.879
forecast_0083,2025-01-04 11:00:00,12763.166,14291.407,11676.129
forecast_0084,2025-01-04 12:00:00,12040.324,13697.7,11088.996
forecast_0085,2025-01-04 13:00:00,11148.258,13191.786,10697.814
forecast_0086,2025-01-04 14:00:00,10657.361,12663.908,10483.446
forecast_0087,2025-01-04 15:00:00,10389.594,11922.534,10421.628
forecast_0088,2025-01-04 16:00:00,10281.018,11105.904,10504.238
forecast_0089,2025-01-04 17:00:00,10330.6875,10926.574,10741.148
forecast_0090,2025-01-04 18:00:00,10559.912,11822.541,11161.347
forecast_0091,2025-01-04 19:00:00,10991.34,13725.047,11822.332
forecast_0092,2025-01-04 20:00:00,11632.119,15929.274,12786.76
forecast_0093,2025-01-04 21:00:00,12472.185,17661.799,13965.79
forecast_0094,2025-01-04 22:00:00,13486.728,18506.902,15066.742
forecast_0095,2025-01-04 23:00:00,14588.185,18639.516,15843.688
forecast_0096,2025-01-05 00:00:00,15581.128,18457.5,16192.435
forecast_0097,2025-01-05 01:00:00,17622.346,18388.57,15267.741
forecast_0098,2025-01-05 02:00:00,19042.607,18678.666,14965.135
forecast_0099,2025-01-05 03:00:00,19214.344,18894.06,14820.639
forecast_0100,2025-01-05 04:00:00,19213.443,18932.95,14674.55
forecast_0101,2025-01-05 05:00:00,19140.531,18814.191,14488.417
forecast_0102,2025-01-05 06:00:00,18970.162,18504.797,14239.579
forecast_0103,2025-01-05 07:00:00,18604.566,17915.799,13889.009
forecast_0104,2025-01-05 08:00:00,17680.285,17002.182,13393.669
forecast_0105,2025-01-05 09:00:00,15264.693,15900.622,12744.272
forecast_0106,2025-01-05 10:00:00,12890.103,14886.039,12010.571
forecast_0107,2025-01-05 11:00:00,12382.814,14090.331,11329.285
forecast_0108,2025-01-05 12:00:00,11605.712,13466.708,10807.5
forecast_0109,2025-01-05 13:00:00,11046.33,12914.862,10466.121
forecast_0110,2025-01-05 14:00:00,10677.792,12258.922,10281.45
forecast_0111,2025-01-05 15:00:00,10465.315,11300.787,10232.771
forecast_0112,2025-01-05 16:00:00,10406.619,10486.881,10316.548
forecast_0113,2025-01-05 17:00:00,10507.902,10540.75,10545.417
forecast_0114,2025-01-05 18:00:00,10791.34,11683.063,10948.308
forecast_0115,2025-01-05 19:00:00,11267.893,13725.667,11582.854
forecast_0116,2025-01-05 20:00:00,11917.011,15925.236,12529.723
forecast_0117,2025-01-05 21:00:00,12698.71,17650.172,13745.019
forecast_0118,2025-01-05 22:00:00,13571.918,18547.318,14934.536
forecast_0119,2025-01-05 23:00:00,14470.071,18719.557,15759.195
forecast_0120,2025-01-06 00:00:00,15289.046,18548.834,15993.558
forecast_0121,2025-01-06 01:00:00,17199.775,18465.93,14611.6875
forecast_0122,2025-01-06 02:00:00,18857.906,18729.295,14314.026
forecast_0123,2025-01-06 03:00:00,19123.77,18930.83,14135.615
forecast_0124,2025-01-06 04:00:00,19136.465,18967.041,13982.864
forecast_0125,2025-01-06 05:00:00,19052.123,18852.21,13793.573
forecast_0126,2025-01-06 06:00:00,18835.969,18549.217,13538.479
forecast_0127,2025-01-06 07:00:00,18337.43,17955.168,13180.011
forecast_0128,2025-01-06 08:00:00,17004.695,16998.678,12683.892
forecast_0129,2025-01-06 09:00:00,14186.752,15810.412,12061.628
forecast_0130,2025-01-06 10:00:00,12770.136,14710.21,11403.385
forecast_0131,2025-01-06 11:00:00,12086.357,13862.289,10835.625
forecast_0132,2025-01-06 12:00:00,11502.361,13202.473,10427.478
forecast_0133,2025-01-06 13:00:00,11050.42,12580.604,10172.176
forecast_0134,2025-01-06 14:00:00,10744.17,11736.493,10040.663
forecast_0135,2025-01-06 15:00:00,10629.174,10599.485,10018.207
forecast_0136,2025-01-06 16:00:00,10680.267,9934.276,10109.547
forecast_0137,2025-01-06 17:00:00,10877.46,10245.954,10333.392
forecast_0138,2025-01-06 18:00:00,11237.056,11591.346,10720.995
forecast_0139,2025-01-06 19:00:00,11751.561,13725.272,11331.238
forecast_0140,2025-01-06 20:00:00,12370.582,15902.986,12262.011
forecast_0141,2025-01-06 21:00:00,13049.136,17614.355,13516.248
forecast_0142,2025-01-06 22:00:00,13770.527,18565.754,14787.736
forecast_0143,2025-01-06 23:00:00,14499.292,18785.234,15594.165
forecast_0144,2025-01-07 00:00:00,15161.949,18633.34,15667.585
forecast_0145,2025-01-07 01:00:00,16801.28,18541.23,13851.438
forecast_0146,2025-01-07 02:00:00,18485.473,18779.105,13518.806
forecast_0147,2025-01-07 03:00:00,18907.592,18966.393,13242.424
forecast_0148,2025-01-07 04:00:00,18970.732,18999.09,13062.705
forecast_0149,2025-01-07 05:00:00,18873.514,18887.465,12844.456
forecast_0150,2025-01-07 06:00:00,18569.764,18590.969,12553.528
forecast_0151,2025-01-07 07:00:00,17819.139,17993.174,12155.189
forecast_0152,2025-01-07 08:00:00,15929.243,16992.54,11633.234
forecast_0153,2025-01-07 09:00:00,13646.774,15708.008,11034.492
forecast_0154,2025-01-07 10:00:00,12645.296,14510.405,10478.969
forecast_0155,2025-01-07 11:00:00,11979.512,13603.483,10078.407
forecast_0156,2025-01-07 12:00:00,11448.781,12896.665,9851.68
forecast_0157,2025-01-07 13:00:00,10961.386,12165.403,9748.189
forecast_0158,2025-01-07 14:00:00,10654.715,11079.882,9718.874
forecast_0159,2025-01-07 15:00:00,10665.938,9896.415,9751.316
forecast_0160,2025-01-07 16:00:00,10974.716,9479.098,9863.832
forecast_0161,2025-01-07 17:00:00,11441.131,10021.46,10087.794
forecast_0162,2025-01-07 18:00:00,11960.539,11517.627,10461.344
forecast_0163,2025-01-07 19:00:00,12487.151,13708.128,11047.147
forecast_0164,2025-01-07 20:00:00,12990.815,15862.46,11961.146
forecast_0165,2025-01-07 21:00:00,13489.983,17560.617,13252.333
forecast_0166,2025-01-07 22:00:00,14026.982,18565.691,14573.08
forecast_0167,2025-01-07 23:00:00,14595.4795,18836.98,15293.576
forecast_0168,2025-01-08 00:00:00,15131.118,18709.723,15286.813
forecast_0169,2025-01-08 01:00:00,16542.584,18613.023,13152.673
forecast_0170,2025-01-08 02:00:00,18004.89,18827.232,12753.171
forecast_0171,2025-01-08 03:00:00,18443.893,19000.28,12332.389
forecast_0172,2025-01-08 04:00:00,18582.334,19028.725,12112.314
forecast_0173,2025-01-08 05:00:00,18468.229,18919.463,11839.158
forecast_0174,2025-01-08 06:00:00,18006.928,18629.184,11482.745
forecast_0175,2025-01-08 07:00:00,16881.156,18028.615,11003.833
forecast_0176,2025-01-08 08:00:00,14910.54,16982.584,10406.767
forecast_0177,2025-01-08 09:00:00,13496.867,15591.595,9777.207
forecast_0178,2025-01-08 10:00:00,12565.489,14283.537,9269.259
forecast_0179,2025-01-08 11:00:00,11876.659,13309.015,8996.735
forecast_0180,2025-01-08 12:00:00,11026.476,12536.622,8960.755
forecast_0181,2025-01-08 13:00:00,9390.353,11638.653,9074.858
forecast_0182,2025-01-08 14:00:00,7485.1606,10317.466,9230.585
forecast_0183,2025-01-08 15:00:00,7437.2354,9265.539,9377.472
forecast_0184,2025-01-08 16:00:00,8503.723,9117.215,9541.101
forecast_0185,2025-01-08 17:00:00,9987.65,9839.036,9775.917
forecast_0186,2025-01-08 18:00:00,11321.621,11438.199,10136.159
forecast_0187,2025-01-08 19:00:00,12284.525,13664.529,10693.878
forecast_0188,2025-01-08 20:00:00,13022.13,15803.283,11587.015
forecast_0189,2025-01-08 21:00:00,13665.786,17492.947,12906.495
forecast_0190,2025-01-08 22:00:00,14192.295,18549.918,14238.79
forecast_0191,2025-01-08 23:00:00,14663.336,18875.572,14904.482
forecast_0192,2025-01-09 00:00:00,15107.055,18777.197,14943.732
forecast_0193,2025-01-09 01:00:00,16396.086,18680.115,12595.821
forecast_0194,2025-01-09 02:00:00,17642.787,18872.906,12127.193
forecast_0195,2025-01-09 03:00:00,17859.246,19032.057,11564.07
forecast_0196,2025-01-09 04:00:00,17893.426,19055.654,11311.886
forecast_0197,2025-01-09 05:00:00,17695.037,18947.82,10984.388
forecast_0198,2025-01-09 06:00:00,17067.006,18663.068,10568.176
forecast_0199,2025-01-09 07:00:00,15875.655,18060.166,10011.1
forecast_0200,2025-01-09 08:00:00,14552.132,16967.246,9334.245
forecast_0201,2025-01-09 09:00:00,13429.956,15458.823,8645.357
forecast_0202,2025-01-09 10:00:00,12466.183,14025.796,8108.3076
forecast_0203,2025-01-09 11:00:00,11236.71,12971.968,7830.433
forecast_0204,2025-01-09 12:00:00,7741.895,12103.48,7832.992
forecast_0205,2025-01-09 13:00:00,5183.014,10973.412,8080.629
forecast_0206,2025-01-09 14:00:00,4973.556,9531.127,8455.603
forecast_0207,2025-01-09 15:00:00,5482.7837,8740.077,8800.025
forecast_0208,2025-01-09 16:00:00,6652.117,8824.704,9072.074
forecast_0209,2025-01-09 17:00:00,8244.958,9671.884,9341.683
forecast_0210,2025-01-09 18:00:00,9450.446,11335.779,9693.948
forecast_0211,2025-01-09 19:00:00,10169.735,13587.776,10224.419
forecast_0212,2025-01-09 20:00:00,10930.808,15723.7295,11105.482
forecast_0213,2025-01-09 21:00:00,12120.863,17412.926,12463.224
forecast_0214,2025-01-09 22:00:00,13448.131,18520.303,13825.292
forecast_0215,2025-01-09 23:00:00,14366.255,18901.879,14532.685
forecast_0216,2025-01-10 00:00:00,14887.295,18835.45,14673.188
forecast_0217,2025-01-10 01:00:00,16253.68,18741.658,12177.761
forecast_0218,2025-01-10 02:00:00,17427.705,18915.512,11652.422
forecast_0219,2025-01-10 03:00:00,17475.441,19061.375,10974.864
forecast_0220,2025-01-10 04:00:00,17308.744,19079.658,10705.651
forecast_0221,2025-01-10 05:00:00,16973.14,18972.266,10339.235
forecast_0222,2025-01-10 06:00:00,16351.793,18691.967,9887.393
forecast_0223,2025-01-10 07:00:00,15461.133,18086.422,9282.684
forecast_0224,2025-01-10 08:00:00,14450.457,16944.451,8561.507
forecast_0225,2025-01-10 09:00:00,13359.966,15306.444,7840.327
forecast_0226,2025-01-10 10:00:00,11900.717,13732.048,7274.938
forecast_0227,2025-01-10 11:00:00,7792.42,12581.916,6945.935
forecast_0228,2025-01-10 12:00:00,4686.4185,11571.115,6862.5425
forecast_0229,2025-01-10 13:00:00,4179.068,10174.171,7029.753
forecast_0230,2025-01-10 14:00:00,4286.95,8808.721,7436.1807
forecast_0231,2025-01-10 15:00:00,4779.3174,8313.248,7947.7476
forecast_0232,2025-01-10 16:00:00,5808.5654,8572.639,8379.406
forecast_0233,2025-01-10 17:00:00,7519.283,9497.668,8725.271
forecast_0234,2025-01-10 18:00:00,8835.714,11197.494,9096.917
forecast_0235,2025-01-10 19:00:00,9304.708,13471.701,9635.581
forecast_0236,2025-01-10 20:00:00,9513.15,15620.142,10556.588
forecast_0237,2025-01-10 21:00:00,9823.779,17319.727,11990.325
forecast_0238,2025-01-10 22:00:00,10612.743,18477.54,13426.482
forecast_0239,2025-01-10 23:00:00,12048.504,18916.6,14229.42
forecast_0240,2025-01-11 00:00:00,13139.502,18884.559,14467.653
forecast_0241,2025-01-11 01:00:00,15810.276,18797.238,11866.701
forecast_0242,2025-01-11 02:00:00,17218.875,18954.682,11298.051
forecast_0243,2025-01-11 03:00:00,17264.893,19087.984,10535.702
forecast_0244,2025-01-11 04:00:00,17023.426,19100.582,10259.991
forecast_0245,2025-01-11 05:00:00,16641.139,18992.629,9868.99
forecast_0246,2025-01-11 06:00:00,16085.421,18715.342,9401.109
forecast_0247,2025-01-11 07:00:00,15345.343,18105.92,8774.664
forecast_0248,2025-01-11 08:00:00,14406.139,16911.463,8040.142
forecast_0249,2025-01-11 09:00:00,13029.604,15129.769,7316.62
forecast_0250,2025-01-11 10:00:00,9261.843,13394.73,6750.6133
forecast_0251,2025-01-11 11:00:00,4950.9546,12122.962,6400.171
forecast_0252,2025-01-11 12:00:00,4003.6306,10908.28,6253.166
forecast_0253,2025-01-11 13:00:00,3798.6724,9303.633,6298.8345
forecast_0254,2025-01-11 14:00:00,3965.102,8192.737,6555.1226
forecast_0255,2025-01-11 15:00:00,4414.5967,7957.018,7013.1006
forecast_0256,2025-01-11 16:00:00,5277.4717,8333.743,7526.238
forecast_0257,2025-01-11 17:00:00,6921.326,9298.43,7968.942
forecast_0258,2025-01-11 18:00:00,8507.761,11012.332,8413.94
forecast_0259,2025-01-11 19:00:00,9029.448,13308.449,9031.201
forecast_0260,2025-01-11 20:00:00,9144.827,15485.891,10045.177
forecast_0261,2025-01-11 21:00:00,9219.123,17209.607,11564.781
forecast_0262,2025-01-11 22:00:00,9359.438,18420.625,13087.067
forecast_0263,2025-01-11 23:00:00,9632.855,18919.922,13990.909
forecast_0264,2025-01-12 00:00:00,9969.025,18924.834,14308.954
forecast_0265,2025-01-12 01:00:00,13136.084,18846.89,11631.399
forecast_0266,2025-01-12 02:00:00,16624.566,18990.326,11029.721
forecast_0267,2025-01-12 03:00:00,17065.963,19111.744,10205.857
forecast_0268,2025-01-12 04:00:00,16875.775,19118.338,9928.796
forecast_0269,2025-01-12 05:00:00,16519.521,19008.803,9522.586
forecast_0270,2025-01-12 06:00:00,16023.917,18732.734,9049.578
forecast_0271,2025-01-12 07:00:00,15368.472,18117.078,8415.915
forecast_0272,2025-01-12 08:00:00,14421.079,16864.605,7684.0024
forecast_0273,2025-01-12 09:00:00,11836.067,14921.803,6972.285
forecast_0274,2025-01-12 10:00:00,6167.772,13002.174,6420.216
forecast_0275,2025-01-12 11:00:00,4331.454,11571.593,6071.828
forecast_0276,2025-01-12 12:00:00,3705.5308,10090.425,5903.365
forecast_0277,2025-01-12 13:00:00,3586.5059,8457.834,5888.8013
forecast_0278,2025-01-12 14:00:00,3763.0984,7677.2007,6028.493
forecast_0279,2025-01-12 15:00:00,4174.4355,7636.953,6340.8706
forecast_0280,2025-01-12 16:00:00,4914.149,8082.7236,6791.6562
forecast_0281,2025-01-12 17:00:00,6374.198,9057.567,7279.9023
forecast_0282,2025-01-12 18:00:00,8190.761,10767.312,7815.1396
forecast_0283,2025-01-12 19:00:00,8889.722,13085.428,8533.114
forecast_0284,2025-01-12 20:00:00,9002.733,15309.335,9630.81
forecast_0285,2025-01-12 21:00:00,9040.34,17074.58,11208.927
forecast_0286,2025-01-12 22:00:00,9088.583,18345.81,12803.8545
forecast_0287,2025-01-12 23:00:00,9171.449,18910.92,13797.572
forecast_0288,2025-01-13 00:00:00,9279.395,18956.623,14181.236
forecast_0289,2025-01-13 01:00:00,10116.4,18891.139,11448.305
forecast_0290,2025-01-13 02:00:00,13123.616,19022.69,10820.782
forecast_0291,2025-01-13 03:00:00,16658.896,19132.648,9952.102
forecast_0292,2025-01-13 04:00:00,17127.145,19132.879,9675.591
forecast_0293,2025-01-13 05:00:00,16772.596,19020.697,9259.742
forecast_0294,2025-01-13 06:00:00,16430.625,18743.684,8786.79
forecast_0295,2025-01-13 07:00:00,16109.012,18118.037,8152.9443
forecast_0296,2025-01-13 08:00:00,14801.044,16798.768,7430.124
forecast_0297,2025-01-13 09:00:00,9143.311,14671.889,6734.351
forecast_0298,2025-01-13 10:00:00,5352.197,12536.052,6199.7397
forecast_0299,2025-01-13 11:00:00,4049.4539,10894.422,5861.5337
forecast_0300,2025-01-13 12:00:00,3533.3022,9130.162,5690.9224
forecast_0301,2025-01-13 13:00:00,3445.8503,7700.6255,5655.463
forecast_0302,2025-01-13 14:00:00,3617.8428,7227.9316,5744.189
forecast_0303,2025-01-13 15:00:00,3996.6855,7317.685,5967.253
forecast_0304,2025-01-13 16:00:00,4648.2363,7794.7144,6330.934
forecast_0305,2025-01-13 17:00:00,5909.452,8756.32,6805.3525
forecast_0306,2025-01-13 18:00:00,7838.5303,10443.483,7389.6387
forecast_0307,2025-01-13 19:00:00,8778.958,12781.22,8170.473
forecast_0308,2025-01-13 20:00:00,8924.905,15069.844,9310.277
forecast_0309,2025-01-13 21:00:00,8959.974,16899.13,10912.121
forecast_0310,2025-01-13 22:00:00,8988.959,18244.146,12560.085
forecast_0311,2025-01-13 23:00:00,9038.155,18886.203,13632.006
forecast_0312,2025-01-14 00:00:00,9107.468,18979.812,14073.114
forecast_0313,2025-01-14 01:00:00,9422.238,18931.049,11301.038
forecast_0314,2025-01-14 02:00:00,10957.204,19052.455,10652.627
forecast_0315,2025-01-14 03:00:00,12700.711,19150.834,9750.874
forecast_0316,2025-01-14 04:00:00,15281.755,19144.154,9475.262
forecast_0317,2025-01-14 05:00:00,17408.674,19028.154,9053.094
forecast_0318,2025-01-14 06:00:00,17252.506,18747.555,8582.428
forecast_0319,2025-01-14 07:00:00,16121.725,18106.346,7951.6445
forecast_0320,2025-01-14 08:00:00,12266.823,16706.508,7240.0156
forecast_0321,2025-01-14 09:00:00,7383.612,14363.453,6560.2393
forecast_0322,2025-01-14 10:00:00,5054.5264,11967.957,6042.2217
forecast_0323,2025-01-14 11:00:00,3876.838,10046.793,5715.343
forecast_0324,2025-01-14 12:00:00,3417.8955,8104.855,5548.759
forecast_0325,2025-01-14 13:00:00,3343.6038,7037.277,5507.8164
forecast_0326,2025-01-14 14:00:00,3505.5996,6797.9355,5577.3477
forecast_0327,2025-01-14 15:00:00,3856.727,6960.327,5761.1987
forecast_0328,2025-01-14 16:00:00,4442.1387,7439.4717,6072.7485
forecast_0329,2025-01-14 17:00:00,5536.187,8366.777,6518.4546
forecast_0330,2025-01-14 18:00:00,7457.0527,10007.897,7112.046
forecast_0331,2025-01-14 19:00:00,8659.324,12356.133,7913.997
forecast_0332,2025-01-14 20:00:00,8870.788,14727.804,9059.677
forecast_0333,2025-01-14 21:00:00,8912.077,16651.322,10657.575
forecast_0334,2025-01-14 22:00:00,8936.876,18094.812,12340.943
forecast_0335,2025-01-14 23:00:00,8977.071,18836.203,13482.106
forecast_0336,2025-01-15 00:00:00,9034.849,18992.43,13976.822
forecast_0337,2025-01-15 01:00:00,9203.604,18968.39,11178.44
forecast_0338,2025-01-15 02:00:00,10236.186,19081.027,10512.639
forecast_0339,2025-01-15 03:00:00,11550.644,19166.654,9586.158
forecast_0340,2025-01-15 04:00:00,12268.414,19152.084,9311.156
forecast_0341,2025-01-15 05:00:00,12798.851,19030.83,8884.735
forecast_0342,2025-01-15 06:00:00,13279.591,18743.283,8417.222
forecast_0343,2025-01-15 07:00:00,12062.587,18078.352,7790.9893
forecast_0344,2025-01-15 08:00:00,9537.294,16576.328,7090.867
forecast_0345,2025-01-15 09:00:00,6968.2373,13970.024,6425.845
forecast_0346,2025-01-15 10:00:00,4845.9014,11255.404,5922.3623
forecast_0347,2025-01-15 11:00:00,3757.4797,8985.281,5605.719
forecast_0348,2025-01-15 12:00:00,3334.6787,7121.134,5444.425
forecast_0349,2025-01-15 13:00:00,3264.9521,6430.879,5403.238
forecast_0350,2025-01-15 14:00:00,3414.8562,6332.897,5465.789
forecast_0351,2025-01-15 15:00:00,3742.0315,6517.0107,5633.189
forecast_0352,2025-01-15 16:00:00,4275.9043,6971.8184,5919.1562
forecast_0353,2025-01-15 17:00:00,5240.044,7840.0186,6342.6714
forecast_0354,2025-01-15 18:00:00,7065.355,9398.566,6928.5615
forecast_0355,2025-01-15 19:00:00,8514.313,11731.938,7727.3535
forecast_0356,2025-01-15 20:00:00,8826.05,14200.323,8856.638
forecast_0357,2025-01-15 21:00:00,8876.817,16258.188,10431.83
forecast_0358,2025-01-15 22:00:00,8902.7705,17844.732,12136.341
forecast_0359,2025-01-15 23:00:00,8940.035,18732.182,13340.035
forecast_0360,2025-01-16 00:00:00,8992.997,18984.66,13887.095
forecast_0361,2025-01-16 01:00:00,9100.047,19005.463,11072.907
forecast_0362,2025-01-16 02:00:00,9903.567,19111.293,10392.284
forecast_0363,2025-01-16 03:00:00,11051.645,19180.918,9447.139
forecast_0364,2025-01-16 04:00:00,11708.165,19156.496,9172.256
forecast_0365,2025-01-16 05:00:00,11800.32,19027.963,8742.954
forecast_0366,2025-01-16 06:00:00,11487.601,18728.893,8278.874
forecast_0367,2025-01-16 07:00:00,10662.406,18027.932,7657.896
forecast_0368,2025-01-16 08:00:00,9053.665,16389.107,6968.956
forecast_0369,2025-01-16 09:00:00,6710.688,13447.783,6317.2056
forecast_0370,2025-01-16 10:00:00,4695.748,10337.694,5826.1465
forecast_0371,2025-01-16 11:00:00,3671.6174,7729.389,5518.175
forecast_0372,2025-01-16 12:00:00,3271.4636,6242.336,5361.844
forecast_0373,2025-01-16 13:00:00,3201.9988,5826.3784,5321.951
forecast_0374,2025-01-16 14:00:00,3339.1716,5776.2847,5382.048
forecast_0375,2025-01-16 15:00:00,3645.209,5932.0654,5542.165
forecast_0376,2025-01-16 16:00:00,4137.982,6326.8164,5815.506
forecast_0377,2025-01-16 17:00:00,5001.7095,7094.2275,6224.5986
forecast_0378,2025-01-16 18:00:00,6685.7217,8502.435,6798.784
forecast_0379,2025-01-16 19:00:00,8338.335,10750.634,7583.854
forecast_0380,2025-01-16 20:00:00,8782.843,13299.064,8685.297
forecast_0381,2025-01-16 21:00:00,8846.644,15527.687,10225.91
forecast_0382,2025-01-16 22:00:00,8876.761,17331.645,11940.024
forecast_0383,2025-01-16 23:00:00,8913.073,18467.07,13200.803
forecast_0384,2025-01-17 00:00:00,8963.719,18901.545,13800.292
forecast_0385,2025-01-17 01:00:00,9036.091,19037.172,10979.187
forecast_0386,2025-01-17 02:00:00,9709.2705,19149.527,10285.758
forecast_0387,2025-01-17 03:00:00,10754.255,19195.645,9326.481
forecast_0388,2025-01-17 04:00:00,11415.188,19157.055,9051.201
forecast_0389,2025-01-17 05:00:00,11517.033,19017.91,8620.004
forecast_0390,2025-01-17 06:00:00,11178.202,18700.385,8159.413
forecast_0391,2025-01-17 07:00:00,10364.421,17943.682,7544.0547
forecast_0392,2025-01-17 08:00:00,8813.045,16110.224,6865.785
forecast_0393,2025-01-17 09:00:00,6536.8315,12721.901,6225.939
forecast_0394,2025-01-17 10:00:00,4590.3276,9133.366,5745.4595
forecast_0395,2025-01-17 11:00:00,3606.899,6442.553,5444.6816
forecast_0396,2025-01-17 12:00:00,3221.3132,5467.712,5292.561
forecast_0397,2025-01-17 13:00:00,3150.0876,5176.027,5254.2065
forecast_0398,2025-01-17 14:00:00,3274.6301,5096.9307,5313.494
forecast_0399,2025-01-17 15:00:00,3561.558,5178.841,5470.049
forecast_0400,2025-01-17 16:00:00,4020.9514,5461.708,5736.6045
forecast_0401,2025-01-17 17:00:00,4805.75,6054.531,6136.2563
forecast_0402,2025-01-17 18:00:00,6337.3716,7185.766,6699.0923
forecast_0403,2025-01-17 19:00:00,8132.7017,9160.949,7466.8984
forecast_0404,2025-01-17 20:00:00,8734.971,11647.75,8535.498
forecast_0405,2025-01-17 21:00:00,8818.316,13939.543,10034.255
forecast_0406,2025-01-17 22:00:00,8854.637,15970.909,11748.31
forecast_0407,2025-01-17 23:00:00,8890.929,17506.729,13061.229
forecast_0408,2025-01-18 00:00:00,8940.499,18292.707,13713.837
forecast_0409,2025-01-18 01:00:00,8989.249,18892.902,10893.597
forecast_0410,2025-01-18 02:00:00,9574.856,19201.96,10189.063
forecast_0411,2025-01-18 03:00:00,10545.137,19216.812,9219.155
forecast_0412,2025-01-18 04:00:00,11211.607,19153.422,8943.014
forecast_0413,2025-01-18 05:00:00,11341.036,18996.918,8510.674
forecast_0414,2025-01-18 06:00:00,11013.33,18648.98,8053.566
forecast_0415,2025-01-18 07:00:00,10201.681,17801.959,7444.052
forecast_0416,2025-01-18 08:00:00,8665.663,15671.106,6775.9375
forecast_0417,2025-01-18 09:00:00,6420.1094,11666.269,6146.8267
forecast_0418,2025-01-18 10:00:00,4512.761,7580.8555,5675.3955
forecast_0419,2025-01-18 11:00:00,3555.6772,5354.471,5380.548
forecast_0420,2025-01-18 12:00:00,3180.0525,4759.839,5231.848
forecast_0421,2025-01-18 13:00:00,3106.269,4480.932,5194.8384
forecast_0422,2025-01-18 14:00:00,3218.6929,4349.1733,5253.8604
forecast_0423,2025-01-18 15:00:00,3487.9602,4342.5347,5408.411
forecast_0424,2025-01-18 16:00:00,3919.6702,4481.053,5670.868
forecast_0425,2025-01-18 17:00:00,4641.374,4835.2666,6063.9263
forecast_0426,2025-01-18 18:00:00,6031.0723,5563.1367,6616.7144
forecast_0427,2025-01-18 19:00:00,7903.059,6954.1597,7366.7437
forecast_0428,2025-01-18 20:00:00,8677.038,9039.815,8400.944
forecast_0429,2025-01-18 21:00:00,8790.271,10971.106,9853.503
forecast_0430,2025-01-18 22:00:00,8834.176,12522.502,11559.105
forecast_0431,2025-01-18 23:00:00,8871.25,13713.97,12919.282
forecast_0432,2025-01-19 00:00:00,8920.488,13834.83,13625.846
forecast_0433,2025-01-19 01:00:00,8950.866,15607.15,10813.509
forecast_0434,2025-01-19 02:00:00,9470.521,19015.91,10099.414
forecast_0435,2025-01-19 03:00:00,10381.177,19252.8,9121.686
forecast_0436,2025-01-19 04:00:00,11049.79,19147.414,8844.281
forecast_0437,2025-01-19 05:00:00,11203.014,18956.355,8411.418
forecast_0438,2025-01-19 06:00:00,10891.99,18553.777,7957.784
forecast_0439,2025-01-19 07:00:00,10088.023,17548.883,7354.2876
forecast_0440,2025-01-19 08:00:00,8561.911,14927.464,6695.8604
forecast_0441,2025-01-19 09:00:00,6333.7954,10103.627,6076.506
forecast_0442,2025-01-19 10:00:00,4451.544,5884.15,5612.8696
forecast_0443,2025-01-19 11:00:00,3513.2234,4565.7266,5322.9062
forecast_0444,2025-01-19 12:00:00,3145.0396,4118.9634,5176.913
forecast_0445,2025-01-19 13:00:00,3068.5613,3851.2463,5140.922
forecast_0446,2025-01-19 14:00:00,3169.6208,3711.3213,5199.786
forecast_0447,2025-01-19 15:00:00,3422.2998,3670.9336,5352.9937
forecast_0448,2025-01-19 16:00:00,3830.4417,3734.6995,5612.656
forecast_0449,2025-01-19 17:00:00,4501.048,3936.4111,6000.7563
forecast_0450,2025-01-19 18:00:00,5768.417,4359.066,6544.7817
forecast_0451,2025-01-19 19:00:00,7657.478,5187.8174,7277.704
forecast_0452,2025-01-19 20:00:00,8604.83,6648.421,8277.708
forecast_0453,2025-01-19 21:00:00,8761.465,8245.985,9681.616
forecast_0454,2025-01-19 22:00:00,8813.946,9185.102,11371.297
forecast_0455,2025-01-19 23:00:00,8852.803,9690.01,12773.658
forecast_0456,2025-01-20 00:00:00,8902.224,9954.935,13534.889
forecast_0457,2025-01-20 01:00:00,8916.9375,10732.62,10736.994
forecast_0458,2025-01-20 02:00:00,9382.836,14098.624,10014.849
forecast_0459,2025-01-20 03:00:00,10242.841,18776.484,9031.64
forecast_0460,2025-01-20 04:00:00,10910.567,19135.268,8752.636
forecast_0461,2025-01-20 05:00:00,11082.59,18880.232,8319.781
forecast_0462,2025-01-20 06:00:00,10786.687,18365.994,7869.6367
forecast_0463,2025-01-20 07:00:00,9991.97,17062.77,7272.309
forecast_0464,2025-01-20 08:00:00,8475.654,13610.9375,6623.163
forecast_0465,2025-01-20 09:00:00,6261.8325,7950.865,6012.746
forecast_0466,2025-01-20 10:00:00,4399.616,4649.9014,5555.869
forecast_0467,2025-01-20 11:00:00,3476.5356,4028.531,5269.9277
forecast_0468,2025-01-20 12:00:00,3114.5198,3649.7363,5126.023
forecast_0469,2025-01-20 13:00:00,3035.5703,3461.8633,5090.706
forecast_0470,2025-01-20 14:00:00,3126.1597,3375.2515,5149.3447
forecast_0471,2025-01-20 15:00:00,3363.1155,3372.6602,5301.474
forecast_0472,2025-01-20 16:00:00,3750.5725,3452.8518,5559.003
forecast_0473,2025-01-20 17:00:00,4379.295,3642.1187,5943.131
forecast_0474,2025-01-20 18:00:00,5545.0303,4001.611,6479.476
forecast_0475,2025-01-20 19:00:00,7405.055,4671.1025,7196.371
forecast_0476,2025-01-20 20:00:00,8515.886,5901.636,8163.2554
forecast_0477,2025-01-20 21:00:00,8730.8545,7527.7837,9517.325
forecast_0478,2025-01-20 22:00:00,8792.881,8620.033,11184.363
forecast_0479,2025-01-20 23:00:00,8834.798,9124.491,12623.525
forecast_0480,2025-01-21 00:00:00,8884.825,9380.06,13439.84
forecast_0481,2025-01-21 01:00:00,8885.308,9818.903,10662.601
forecast_0482,2025-01-21 02:00:00,9304.874,11036.9375,9933.964
forecast_0483,2025-01-21 03:00:00,10120.013,13245.831,8947.301
forecast_0484,2025-01-21 04:00:00,10784.517,17485.168,8666.415
forecast_0485,2025-01-21 05:00:00,10971.43,18669.543,8234.048
forecast_0486,2025-01-21 06:00:00,10688.282,18018.879,7787.4316
forecast_0487,2025-01-21 07:00:00,9902.373,16177.495,7196.421
forecast_0488,2025-01-21 08:00:00,8395.666,11571.264,6556.2026
forecast_0489,2025-01-21 09:00:00,6195.953,5789.775,5954.032
forecast_0490,2025-01-21 10:00:00,4352.816,4127.9375,5503.0527
forecast_0491,2025-01-21 11:00:00,3443.668,3694.6223,5220.416
forecast_0492,2025-01-21 12:00:00,3087.2864,3409.2375,5078.063
forecast_0493,2025-01-21 13:00:00,3006.2756,3287.9497,5043.09
forecast_0494,2025-01-21 14:00:00,3087.3638,3240.6008,5101.3574
forecast_0495,2025-01-21 15:00:00,3309.3772,3262.9797,5252.489
forecast_0496,2025-01-21 16:00:00,3678.1094,3354.1743,5508.232
forecast_0497,2025-01-21 17:00:00,4271.998,3542.1807,5889.016
forecast_0498,2025-01-21 18:00:00,5354.297,3881.6162,6418.5596
forecast_0499,2025-01-21 19:00:00,7154.7744,4494.8076,7120.604
forecast_0500,2025-01-21 20:00:00,8409.808,5629.3022,8055.8716
forecast_0501,2025-01-21 21:00:00,8697.239,7252.052,9359.789
forecast_0502,2025-01-21 22:00:00,8770.128,8455.958,10998.127
forecast_0503,2025-01-21 23:00:00,8816.599,9004.481,12468.3545
forecast_0504,2025-01-22 00:00:00,8867.668,9247.3,13339.772
forecast_0505,2025-01-22 01:00:00,8854.632,9572.336,10589.189
forecast_0506,2025-01-22 02:00:00,9232.616,10298.417,9855.735
forecast_0507,2025-01-22 03:00:00,10006.88,11443.872,8867.431
forecast_0508,2025-01-22 04:00:00,10666.324,12903.793,8584.424
forecast_0509,2025-01-22 05:00:00,10865.26,14967.759,8152.9883
forecast_0510,2025-01-22 06:00:00,10592.922,16301.373,7709.965
forecast_0511,2025-01-22 07:00:00,9815.038,14564.136,7125.418
forecast_0512,2025-01-22 08:00:00,8317.452,9181.461,6493.8174
forecast_0513,2025-01-22 09:00:00,6132.23,4609.9165,5899.303
forecast_0514,2025-01-22 10:00:00,4308.7617,3933.7922,5453.4917
forecast_0515,2025-01-22 11:00:00,3413.3423,3507.4478,5173.552
forecast_0516,2025-01-22 12:00:00,3062.4832,3304.0242,5032.2866
forecast_0517,2025-01-22 13:00:00,2979.9058,3207.17,4997.3447
forecast_0518,2025-01-22 14:00:00,3052.4885,3180.6235,5055.0674
forecast_0519,2025-01-22 15:00:00,3260.3372,3212.7578,5205.1807
forecast_0520,2025-01-22 16:00:00,3611.6504,3308.2551,5459.3164
forecast_0521,2025-01-22 17:00:00,4176.0137,3494.985,5837.1743
forecast_0522,2025-01-22 18:00:00,5189.6465,3824.5552,6360.636
forecast_0523,2025-01-22 19:00:00,6914.3193,4410.4463,7048.9824
forecast_0524,2025-01-22 20:00:00,8288.195,5496.8896,7954.312
forecast_0525,2025-01-22 21:00:00,8659.351,7116.681,9208.391
forecast_0526,2025-01-22 22:00:00,8745.002,8387.938,10812.603
forecast_0527,2025-01-22 23:00:00,8797.595,8970.601,12307.803
forecast_0528,2025-01-23 00:00:00,8850.221,9214.421,13233.871
forecast_0529,2025-01-23 01:00:00,8823.938,9495.775,10515.819
forecast_0530,2025-01-23 02:00:00,9163.452,10011.823,9779.387
forecast_0531,2025-01-23 03:00:00,9899.816,10870.758,8791.113
forecast_0532,2025-01-23 04:00:00,10552.679,11817.373,8505.771
forecast_0533,2025-01-23 05:00:00,10761.54,12711.164,8075.6895
forecast_0534,2025-01-23 06:00:00,10498.558,13173.66,7636.342
forecast_0535,2025-01-23 07:00:00,9728.113,12048.635,7058.411
forecast_0536,2025-01-23 08:00:00,8239.209,8265.089,6435.1587
forecast_0537,2025-01-23 09:00:00,6068.888,4889.173,5847.7935
forecast_0538,2025-01-23 10:00:00,4266.123,3861.5566,5406.53
forecast_0539,2025-01-23 11:00:00,3384.7148,3414.906,5128.765
forecast_0540,2025-01-23 12:00:00,3039.4924,3249.6196,4988.1763
forecast_0541,2025-01-23 13:00:00,2955.8672,3163.8037,4952.971
forecast_0542,2025-01-23 14:00:00,3020.9272,3148.6707,5009.953
forecast_0543,2025-01-23 15:00:00,3215.4292,3184.2424,5158.9717
forecast_0544,2025-01-23 16:00:00,3550.2024,3281.7312,5411.574
forecast_0545,2025-01-23 17:00:00,4088.942,3467.1135,5786.7925
forecast_0546,2025-01-23 18:00:00,5045.466,3790.6191,6304.763
forecast_0547,2025-01-23 19:00:00,6689.1104,4359.9287,6980.487
forecast_0548,2025-01-23 20:00:00,8154.191,5417.6123,7857.6045
forecast_0549,2025-01-23 21:00:00,8616.051,7038.6323,9062.604
forecast_0550,2025-01-23 22:00:00,8716.988,8357.664,10627.868
forecast_0551,2025-01-23 23:00:00,8777.162,8966.187,12141.623
forecast_0552,2025-01-24 00:00:00,8831.976,9214.343,13121.374
forecast_0553,2025-01-24 01:00:00,8792.424,9473.331,10441.649
forecast_0554,2025-01-24 02:00:00,9095.486,9882.957,9704.283
forecast_0555,2025-01-24 03:00:00,9796.37,10596.281,8717.63
forecast_0556,2025-01-24 04:00:00,10441.341,11389.849,8429.745
forecast_0557,2025-01-24 05:00:00,10658.576,12061.106,8001.4272
forecast_0558,2025-01-24 06:00:00,10403.913,12320.456,7565.8525
forecast_0559,2025-01-24 07:00:00,9640.601,11381.982,6994.705
forecast_0560,2025-01-24 08:00:00,8160.185,8337.167,6379.5693
forecast_0561,2025-01-24 09:00:00,6005.178,5163.994,5798.921
forecast_0562,2025-01-24 10:00:00,4224.178,3884.5022,5361.6753
forecast_0563,2025-01-24 11:00:00,3357.2322,3398.396,5085.635
forecast_0564,2025-01-24 12:00:00,3017.8552,3215.5464,4945.357
forecast_0565,2025-01-24 13:00:00,2933.6907,3137.852,4909.6045
forecast_0566,2025-01-24 14:00:00,2992.1765,3128.192,4965.6323
forecast_0567,2025-01-24 15:00:00,3174.1992,3165.2346,5113.4336
forecast_0568,2025-01-24 16:00:00,3493.0713,3263.6047,5364.51
forecast_0569,2025-01-24 17:00:00,4008.9734,3447.6675,5737.2754
forecast_0570,2025-01-24 18:00:00,4917.263,3766.7498,6250.2407
forecast_0571,2025-01-24 19:00:00,6481.951,4323.9414,6914.3257
forecast_0572,2025-01-24 20:00:00,8011.726,5360.699,7764.924
forecast_0573,2025-01-24 21:00:00,8566.555,6984.383,8921.91
forecast_0574,2025-01-24 22:00:00,8685.775,8342.194,10443.981
forecast_0575,2025-01-24 23:00:00,8754.68,8972.478,11969.57
forecast_0576,2025-01-25 00:00:00,8812.404,9225.995,13001.481
forecast_0577,2025-01-25 01:00:00,8759.349,9471.07,10365.8545
forecast_0578,2025-01-25 02:00:00,9027.198,9817.334,9629.841
forecast_0579,2025-01-25 03:00:00,9694.743,10442.297,8646.346
forecast_0580,2025-01-25 04:00:00,10330.697,11160.05,8355.684
forecast_0581,2025-01-25 05:00:00,10555.151,11751.459,7929.5366
forecast_0582,2025-01-25 06:00:00,10308.106,11959.575,7497.8623
forecast_0583,2025-01-25 07:00:00,9551.877,11099.313,6933.6865
forecast_0584,2025-01-25 08:00:00,8080.0605,8282.204,6326.489
forecast_0585,2025-01-25 09:00:00,5940.844,5197.479,5752.1963
forecast_0586,2025-01-25 10:00:00,4182.555,3872.9766,5318.5293
forecast_0587,2025-01-25 11:00:00,3330.5283,3385.1719,5043.828
forecast_0588,2025-01-25 12:00:00,2997.2368,3198.826,4903.5303
forecast_0589,2025-01-25 13:00:00,2913.0042,3121.3374,4866.952
forecast_0590,2025-01-25 14:00:00,2965.806,3112.9438,4921.7983
forecast_0591,2025-01-25 15:00:00,3136.268,3150.9915,5068.2217
forecast_0592,2025-01-25 16:00:00,3439.7686,3249.591,5317.716
forecast_0593,2025-01-25 17:00:00,3934.7732,3432.4692,5688.144
forecast_0594,2025-01-25 18:00:00,4801.555,3747.9531,6196.498
forecast_0595,2025-01-25 19:00:00,6293.3247,4295.1626,6849.822
forecast_0596,2025-01-25 20:00:00,7864.709,5314.2217,7675.5083
forecast_0597,2025-01-25 21:00:00,8510.569,6939.9717,8785.736
forecast_0598,2025-01-25 22:00:00,8651.29,8331.725,10260.896
forecast_0599,2025-01-25 23:00:00,8729.606,8981.976,11791.318
forecast_0600,2025-01-26 00:00:00,8790.9795,9241.389,12873.273
forecast_0601,2025-01-26 01:00:00,8724.009,9476.932,10287.517
forecast_0602,2025-01-26 02:00:00,8957.263,9780.36,9555.407
forecast_0603,2025-01-26 03:00:00,9593.508,10345.838,8576.605
forecast_0604,2025-01-26 04:00:00,10219.524,11016.651,8282.8545
forecast_0605,2025-01-26 05:00:00,10450.345,11566.821,7859.2886
forecast_0606,2025-01-26 06:00:00,10210.495,11751.939,7431.6787
forecast_0607,2025-01-26 07:00:00,9461.513,10926.775,6874.709
forecast_0608,2025-01-26 08:00:00,7998.704,8204.159,6275.344
forecast_0609,2025-01-26 09:00:00,5875.8604,5175.6445,5707.1377
forecast_0610,2025-01-26 10:00:00,4141.0806,3851.5334,5276.7144
forecast_0611,2025-01-26 11:00:00,3304.3655,3370.2373,5003.0347
forecast_0612,2025-01-26 12:00:00,2977.3823,3186.6357,4862.429
forecast_0613,2025-01-26 13:00:00,2893.5085,3111.6475,4824.7573
forecast_0614,2025-01-26 14:00:00,2941.4478,3100.6062,4878.1763
forecast_0615,2025-01-26 15:00:00,3101.2976,3139.412,5023.022
forecast_0616,2025-01-26 16:00:00,3389.9495,3237.926,5270.8257
forecast_0617,2025-01-26 17:00:00,3865.3765,3419.8027,5638.9595
forecast_0618,2025-01-26 18:00:00,4695.6904,3732.1895,6143.009
forecast_0619,2025-01-26 19:00:00,6122.095,4270.6313,6786.342
forecast_0620,2025-01-26 20:00:00,7716.4087,5273.3823,7588.5967
forecast_0621,2025-01-26 21:00:00,8448.275,6899.607,8653.396
forecast_0622,2025-01-26 22:00:00,8613.713,8322.056,10078.361
forecast_0623,2025-01-26 23:00:00,8701.566,8991.527,11606.32
forecast_0624,2025-01-27 00:00:00,8767.222,9257.252,12735.55
forecast_0625,2025-01-27 01:00:00,8685.741,9486.054,10205.434
forecast_0626,2025-01-27 02:00:00,8884.488,9757.974,9480.101
forecast_0627,2025-01-27 03:00:00,9491.451,10280.058,8507.56
forecast_0628,2025-01-27 04:00:00,10106.848,10917.893,8210.262
forecast_0629,2025-01-27 05:00:00,10343.437,11441.917,7789.6694
forecast_0630,2025-01-27 06:00:00,10110.614,11612.181,7366.3853
forecast_0631,2025-01-27 07:00:00,9369.221,10801.944,6816.9126
forecast_0632,2025-01-27 08:00:00,7916.094,8123.724,6225.4077
forecast_0633,2025-01-27 09:00:00,5810.329,5139.083,5663.1426
forecast_0634,2025-01-27 10:00:00,4099.706,3829.5354,5235.778
forecast_0635,2025-01-27 11:00:00,3278.5938,3356.5642,4962.9023
forecast_0636,2025-01-27 12:00:00,2958.102,3175.8103,4821.764
forecast_0637,2025-01-27 13:00:00,2874.9614,3103.5664,4782.7437
forecast_0638,2025-01-27 14:00:00,2918.7842,3090.7712,4834.4785
forecast_0639,2025-01-27 15:00:00,3068.978,3129.5427,4977.509
forecast_0640,2025-01-27 16:00:00,3343.355,3227.8665,5223.4585
forecast_0641,2025-01-27 17:00:00,3800.1082,3408.9194,5589.272
forecast_0642,2025-01-27 18:00:00,4597.6826,3718.5764,6089.237
forecast_0643,2025-01-27 19:00:00,5966.2593,4249.0854,6723.2285
forecast_0644,2025-01-27 20:00:00,7569.1724,5236.2207,7503.3706
forecast_0645,2025-01-27 21:00:00,8380.201,6860.9644,8524.029
forecast_0646,2025-01-27 22:00:00,8573.415,8311.47,9895.808
forecast_0647,2025-01-27 23:00:00,8670.428,8999.818,11413.62
forecast_0648,2025-01-28 00:00:00,8740.774,9272.208,12586.5625
forecast_0649,2025-01-28 01:00:00,8643.983,9496.289,10117.763
forecast_0650,2025-01-28 02:00:00,8807.823,9743.793,9402.492
forecast_0651,2025-01-28 03:00:00,9387.494,10232.259,8437.842
forecast_0652,2025-01-28 04:00:00,9991.877,10844.831,8136.3193
forecast_0653,2025-01-28 05:00:00,10233.867,11349.985,7718.97
forecast_0654,2025-01-28 06:00:00,10008.13,11508.374,7300.473
forecast_0655,2025-01-28 07:00:00,9274.838,10701.996,6758.8745
forecast_0656,2025-01-28 08:00:00,7832.2847,8044.546,6175.5156
forecast_0657,2025-01-28 09:00:00,5744.419,5098.3916,5619.2725
forecast_0658,2025-01-28 10:00:00,4058.4487,3808.8464,5195.0405
forecast_0659,2025-01-28 11:00:00,3253.1182,3344.421,4922.9272
forecast_0660,2025-01-28 12:00:00,2939.2532,3166.312,4781.1406
forecast_0661,2025-01-28 13:00:00,2857.1665,3095.624,4740.565
forecast_0662,2025-01-28 14:00:00,2897.5427,3083.141,4790.355
forecast_0663,2025-01-28 15:00:00,3039.0217,3121.0168,4931.2993
forecast_0664,2025-01-28 16:00:00,3299.7717,3219.0784,5175.176
forecast_0665,2025-01-28 17:00:00,3738.504,3399.4573,5538.572
forecast_0666,2025-01-28 18:00:00,4506.07,3706.6917,6034.583
forecast_0667,2025-01-28 19:00:00,5823.539,4229.9253,6659.747
forecast_0668,2025-01-28 20:00:00,7424.4424,5201.903,7418.8833
forecast_0669,2025-01-28 21:00:00,8307.021,6823.1934,8396.51
forecast_0670,2025-01-28 22:00:00,8530.872,8299.355,9712.178
forecast_0671,2025-01-28 23:00:00,8636.317,9006.3545,11211.545
forecast_0672,2025-01-29 00:00:00,8711.483,9285.695,12423.536
forecast_0673,2025-01-29 01:00:00,8598.363,9506.618,10021.206
forecast_0674,2025-01-29 02:00:00,8726.42,9734.595,9319.881
forecast_0675,2025-01-29 03:00:00,9280.674,10195.844,8364.768
forecast_0676,2025-01-29 04:00:00,9873.963,10787.839,8058.0894
forecast_0677,2025-01-29 05:00:00,10121.217,11278.129,7643.7734
forecast_0678,2025-01-29 06:00:00,9902.847,11425.864,7230.9507
forecast_0679,2025-01-29 07:00:00,9178.318,10616.551,6697.7915
forecast_0680,2025-01-29 08:00:00,7747.407,7967.2617,6123.43
forecast_0681,2025-01-29 09:00:00,5678.345,5057.093,5573.7896
forecast_0682,2025-01-29 10:00:00,4017.3696,3789.7273,5153.285
forecast_0683,2025-01-29 11:00:00,3227.886,3333.596,4882.244
forecast_0684,2025-01-29 12:00:00,2920.7283,3157.9521,4739.9272
forecast_0685,2025-01-29 13:00:00,2839.964,3088.257,4697.7
forecast_0686,2025-01-29 14:00:00,2877.485,3076.4714,4745.329
forecast_0687,2025-01-29 15:00:00,3011.1553,3113.7786,4883.894
forecast_0688,2025-01-29 16:00:00,3259.0095,3211.388,5125.4253
forecast_0689,2025-01-29 17:00:00,3680.2507,3391.211,5486.228
forecast_0690,2025-01-29 18:00:00,4419.799,3696.2883,5978.309
forecast_0691,2025-01-29 19:00:00,5691.749,4212.8076,6595.0024
forecast_0692,2025-01-29 20:00:00,7282.947,5170.0317,7333.965
forecast_0693,2025-01-29 21:00:00,8229.397,6786.0444,8269.301
forecast_0694,2025-01-29 22:00:00,8486.55,8285.597,9525.625
forecast_0695,2025-01-29 23:00:00,8599.571,9011.018,10997.102
forecast_0696,2025-01-30 00:00:00,8679.422,9297.525,12241.661
forecast_0697,2025-01-30 01:00:00,8548.782,9516.539,9908.835
forecast_0698,2025-01-30 02:00:00,8639.758,9728.587,9226.357
forecast_0699,2025-01-30 03:00:00,9170.193,10167.082,8281.845
forecast_0700,2025-01-30 04:00:00,9752.592,10741.553,7968.9663
forecast_0701,2025-01-30 05:00:00,10005.209,11219.403,7556.048
forecast_0702,2025-01-30 06:00:00,9794.69,11357.014,7150.6543
forecast_0703,2025-01-30 07:00:00,9079.735,10540.292,6627.2505
forecast_0704,2025-01-30 08:00:00,7661.6616,7891.994,6064.2163
forecast_0705,2025-01-30 09:00:00,5612.3496,5016.5854,5523.0796
forecast_0706,2025-01-30 10:00:00,3976.557,3772.093,5108.084
forecast_0707,2025-01-30 11:00:00,3202.8713,3323.8674,4839.2104
forecast_0708,2025-01-30 12:00:00,2902.4482,3150.5386,4696.9814
forecast_0709,2025-01-30 13:00:00,2823.2253,3081.6035,4653.276
forecast_0710,2025-01-30 14:00:00,2858.4092,3070.2676,4698.6504
forecast_0711,2025-01-30 15:00:00,2985.1265,3107.7068,4834.571
forecast_0712,2025-01-30 16:00:00,3220.8787,3204.693,5073.4487
forecast_0713,2025-01-30 17:00:00,3625.1357,3384.0366,5431.4
forecast_0714,2025-01-30 18:00:00,4338.128,3687.1875,5919.452
forecast_0715,2025-01-30 19:00:00,5568.989,4197.487,6527.83
forecast_0716,2025-01-30 20:00:00,7144.946,5140.364,7247.0728
forecast_0717,2025-01-30 21:00:00,8147.883,6749.4883,8140.22
forecast_0718,2025-01-30 22:00:00,8440.801,8270.281,9333.039
forecast_0719,2025-01-30 23:00:00,8560.646,9013.864,10764.904
forecast_0720,2025-01-31 00:00:00,8644.878,9307.694,12031.896
forecast_0721,2025-01-31 01:00:00,8495.456,9525.804,9763.535
forecast_0722,2025-01-31 02:00:00,8547.762,9724.688,9106.398
forecast_0723,2025-01-31 03:00:00,9055.506,10143.692,8169.737
forecast_0724,2025-01-31 04:00:00,9627.411,10702.743,7848.915
forecast_0725,2025-01-31 05:00:00,9885.713,11169.728,7432.5137
forecast_0726,2025-01-31 06:00:00,9683.719,11297.446,7038.8276
forecast_0727,2025-01-31 07:00:00,8979.28,10470.241,6530.0903
forecast_0728,2025-01-31 08:00:00,7575.3237,7818.7827,5985.611
forecast_0729,2025-01-31 09:00:00,5546.7017,4977.4766,5458.7983
forecast_0730,2025-01-31 10:00:00,3936.1113,3755.7993,5054.152
forecast_0731,2025-01-31 11:00:00,3178.0662,3315.0579,4790.434
forecast_0732,2025-01-31 12:00:00,2884.3518,3143.916,4650.0664
forecast_0733,2025-01-31 13:00:00,2806.845,3075.6353,4605.69
forecast_0734,2025-01-31 14:00:00,2840.1401,3064.602,4649.054
forecast_0735,2025-01-31 15:00:00,2960.6975,3102.4487,4782.193
forecast_0736,2025-01-31 16:00:00,3185.1895,3198.9246,5018.1196
forecast_0737,2025-01-31 17:00:00,3573.002,3377.813,5372.889
forecast_0738,2025-01-31 18:00:00,4260.55,3679.24,5856.6646
forecast_0739,2025-01-31 19:00:00,5453.7134,4183.7593,6456.609
forecast_0740,2025-01-31 20:00:00,7010.455,5112.7104,7156.0366
forecast_0741,2025-01-31 21:00:00,8062.9067,6713.559,8006.0107
forecast_0742,2025-01-31 22:00:00,8393.812,8253.572,9129.09
forecast_0743,2025-01-31 23:00:00,8520.012,9015.021,10504.872
forecast_0744,2025-02-01 00:00:00,8608.272,9316.275,11775.648
forecast_0745,2025-02-01 01:00:00,8523.154,9541.738,9909.592
forecast_0746,2025-02-01 02:00:00,8585.663,9731.869,9233.867
forecast_0747,2025-02-01 03:00:00,9107.31,10131.085,8339.951
forecast_0748,2025-02-01 04:00:00,9686.763,10668.688,7918.1167
forecast_0749,2025-02-01 05:00:00,9986.727,11122.886,7446.8545
forecast_0750,2025-02-01 06:00:00,9899.907,11278.751,7023.6377
forecast_0751,2025-02-01 07:00:00,9401.886,10617.1045,6527.838
forecast_0752,2025-02-01 08:00:00,8309.732,8239.039,6004.2515
forecast_0753,2025-02-01 09:00:00,6501.6523,5315.6113,5486.298
forecast_0754,2025-02-01 10:00:00,4710.198,3921.2559,5061.4033
forecast_0755,2025-02-01 11:00:00,3699.7644,3414.4324,4743.2275
forecast_0756,2025-02-01 12:00:00,3277.2446,3216.883,4502.449
forecast_0757,2025-02-01 13:00:00,3153.4822,3140.776,4297.779
forecast_0758,2025-02-01 14:00:00,3183.2827,3129.3066,4101.605
forecast_0759,2025-02-01 15:00:00,3321.575,3172.942,3889.789
forecast_0760,2025-02-01 16:00:00,3569.355,3280.7534,3627.7446
forecast_0761,2025-02-01 17:00:00,3988.9001,3478.5278,3236.8774
forecast_0762,2025-02-01 18:00:00,4750.85,3808.619,2587.9333
forecast_0763,2025-02-01 19:00:00,6158.528,4363.8105,1936.4287
forecast_0764,2025-02-01 20:00:00,7669.026,5401.0356,1850.3276
forecast_0765,2025-02-01 21:00:00,8316.0,7073.955,2034.8446
forecast_0766,2025-02-01 22:00:00,8466.286,8486.2295,2265.8735
forecast_0767,2025-02-01 23:00:00,8555.838,9138.326,2472.073
forecast_0768,2025-02-02 00:00:00,8633.079,9403.762,2637.542
forecast_0769,2025-02-02 01:00:00,8503.862,9607.955,2107.103
forecast_0770,2025-02-02 02:00:00,8665.622,9819.187,2146.407
forecast_0771,2025-02-02 03:00:00,9293.941,10267.251,1812.2656
forecast_0772,2025-02-02 04:00:00,9730.18,10794.052,1814.4016
forecast_0773,2025-02-02 05:00:00,9863.571,11205.804,1610.8881
forecast_0774,2025-02-02 06:00:00,9695.947,11315.96,1513.1788
forecast_0775,2025-02-02 07:00:00,9160.498,10597.109,1301.6729
forecast_0776,2025-02-02 08:00:00,8054.516,8157.834,1181.0677
forecast_0777,2025-02-02 09:00:00,6281.4883,5256.9204,1060.4775
forecast_0778,2025-02-02 10:00:00,4584.956,3899.4045,1011.55304
forecast_0779,2025-02-02 11:00:00,3644.429,3404.6013,962.4843
forecast_0780,2025-02-02 12:00:00,3251.0986,3211.2332,951.1479
forecast_0781,2025-02-02 13:00:00,3137.3408,3136.3892,940.3744
forecast_0782,2025-02-02 14:00:00,3168.2793,3125.5154,958.1248
forecast_0783,2025-02-02 15:00:00,3302.2563,3169.5476,983.8738
forecast_0784,2025-02-02 16:00:00,3540.4756,3277.6018,1039.1974
forecast_0785,2025-02-02 17:00:00,3944.245,3475.0913,1117.0492
forecast_0786,2025-02-02 18:00:00,4678.3677,3803.612,1239.9843
forecast_0787,2025-02-02 19:00:00,6042.284,4353.12,1418.2966
forecast_0788,2025-02-02 20:00:00,7568.2114,5376.702,1663.0825
forecast_0789,2025-02-02 21:00:00,8263.047,7042.051,1946.3208
forecast_0790,2025-02-02 22:00:00,8427.519,8470.307,2215.6504
forecast_0791,2025-02-02 23:00:00,8521.201,9135.666,2439.891
forecast_0792,2025-02-03 00:00:00,8600.213,9406.527,2615.24
forecast_0793,2025-02-03 01:00:00,8457.652,9611.035,2089.5393
forecast_0794,2025-02-03 02:00:00,8592.678,9813.535,2127.2842
forecast_0795,2025-02-03 03:00:00,9210.949,10249.344,1797.0688
forecast_0796,2025-02-03 04:00:00,9643.831,10768.692,1799.6367
forecast_0797,2025-02-03 05:00:00,9778.276,11174.942,1599.2062
forecast_0798,2025-02-03 06:00:00,9613.095,11277.832,1502.823
forecast_0799,2025-02-03 07:00:00,9082.242,10547.428,1293.6448
forecast_0800,2025-02-03 08:00:00,7983.258,8099.8975,1173.9591
forecast_0801,2025-02-03 09:00:00,6221.7456,5224.517,1054.5282
forecast_0802,2025-02-03 10:00:00,4543.844,3886.821,1006.087
forecast_0803,2025-02-03 11:00:00,3618.1213,3398.4028,957.70984
forecast_0804,2025-02-03 12:00:00,3231.9856,3207.0203,946.70123
forecast_0805,2025-02-03 13:00:00,3120.873,3132.7961,936.32
forecast_0806,2025-02-03 14:00:00,3151.384,3122.2712,954.2037
forecast_0807,2025-02-03 15:00:00,3281.7703,3166.6692,980.04333
forecast_0808,2025-02-03 16:00:00,3512.0557,3275.0618,1035.2087
forecast_0809,2025-02-03 17:00:00,3901.9841,3472.2502,1112.4912
forecast_0810,2025-02-03 18:00:00,4611.217,3799.339,1234.5992
forecast_0811,2025-02-03 19:00:00,5934.8154,4343.52,1411.6615
forecast_0812,2025-02-03 20:00:00,7470.807,5353.8813,1655.4083
forecast_0813,2025-02-03 21:00:00,8209.084,7010.857,1937.4183
forecast_0814,2025-02-03 22:00:00,8388.835,8453.827,2205.0012
forecast_0815,2025-02-03 23:00:00,8486.421,9132.21,2426.5762
forecast_0816,2025-02-04 00:00:00,8567.119,9408.498,2597.8982
forecast_0817,2025-02-04 01:00:00,8411.694,9613.74,2075.2585
forecast_0818,2025-02-04 02:00:00,8521.401,9808.566,2111.8376
forecast_0819,2025-02-04 03:00:00,9130.272,10232.849,1784.985
forecast_0820,2025-02-04 04:00:00,9559.973,10745.054,1788.065
forecast_0821,2025-02-04 05:00:00,9695.659,11146.08,1590.3185
forecast_0822,2025-02-04 06:00:00,9532.852,11241.6455,1495.0923
forecast_0823,2025-02-04 07:00:00,9006.309,10498.861,1287.7343
forecast_0824,2025-02-04 08:00:00,7913.8916,8042.7144,1168.5245
forecast_0825,2025-02-04 09:00:00,6163.2188,5193.1045,1049.8302
forecast_0826,2025-02-04 10:00:00,4503.208,3874.8857,1001.6309
forecast_0827,2025-02-04 11:00:00,3591.9082,3392.6172,953.7652
forecast_0828,2025-02-04 12:00:00,3212.8467,3203.1462,942.9721
forecast_0829,2025-02-04 13:00:00,3104.3904,3129.5203,932.90533
forecast_0830,2025-02-04 14:00:00,3134.657,3119.3362,950.8674
forecast_0831,2025-02-04 15:00:00,3261.8691,3164.058,976.78894
forecast_0832,2025-02-04 16:00:00,3484.8735,3272.8608,1031.8334
forecast_0833,2025-02-04 17:00:00,3861.7314,3469.8533,1108.7639
forecast_0834,2025-02-04 18:00:00,4547.2114,3795.5938,1230.3567
forecast_0835,2025-02-04 19:00:00,5831.542,4334.6885,1406.5685
forecast_0836,2025-02-04 20:00:00,7373.0376,5332.093,1649.5756
forecast_0837,2025-02-04 21:00:00,8152.678,6979.9385,1930.5592
forecast_0838,2025-02-04 22:00:00,8349.537,8436.631,2196.6287
forecast_0839,2025-02-04 23:00:00,8451.226,9127.96,2415.9756
forecast_0840,2025-02-05 00:00:00,8533.912,9409.73,2584.0476
forecast_0841,2025-02-05 01:00:00,8366.053,9616.077,2063.363
forecast_0842,2025-02-05 02:00:00,8451.708,9804.139,2099.1406
forecast_0843,2025-02-05 03:00:00,9051.766,10217.503,1775.2263
forecast_0844,2025-02-05 04:00:00,9478.453,10722.786,1778.9026
forecast_0845,2025-02-05 05:00:00,9615.568,11118.796,1583.5226
forecast_0846,2025-02-05 06:00:00,9455.121,11206.958,1489.3333
forecast_0847,2025-02-05 07:00:00,8932.658,10451.119,1283.398
forecast_0848,2025-02-05 08:00:00,7846.424,7986.267,1164.3319
forecast_0849,2025-02-05 09:00:00,6105.923,5162.6865,1046.048
forecast_0850,2025-02-05 10:00:00,4463.04,3863.5525,997.9126
forecast_0851,2025-02-05 11:00:00,3565.764,3387.2068,950.42163
forecast_0852,2025-02-05 12:00:00,3193.6494,3199.574,939.764
forecast_0853,2025-02-05 13:00:00,3087.8555,3126.5256,929.9514
forecast_0854,2025-02-05 14:00:00,3118.0288,3116.6787,947.95355
forecast_0855,2025-02-05 15:00:00,3242.4248,3161.7056,973.94635
forecast_0856,2025-02-05 16:00:00,3458.7563,3270.9062,1028.886
forecast_0857,2025-02-05 17:00:00,3823.3123,3467.8452,1105.5977
forecast_0858,2025-02-05 18:00:00,4486.159,3792.3164,1226.8679
forecast_0859,2025-02-05 19:00:00,5732.4473,4326.5444,1402.5194
forecast_0860,2025-02-05 20:00:00,7275.386,5311.251,1645.0333
forecast_0861,2025-02-05 21:00:00,8094.0654,6949.2983,1925.1694
forecast_0862,2025-02-05 22:00:00,8309.77,8418.783,2189.919
forecast_0863,2025-02-05 23:00:00,8415.75,9122.978,2407.3691
forecast_0864,2025-02-06 00:00:00,8500.724,9410.282,2572.767
forecast_0865,2025-02-06 01:00:00,8320.779,9618.056,2053.2783
forecast_0866,2025-02-06 02:00:00,8383.432,9800.145,2088.5813
forecast_0867,2025-02-06 03:00:00,8975.178,10203.11,1767.2701
forecast_0868,2025-02-06 04:00:00,9399.03,10701.618,1771.624
forecast_0869,2025-02-06 05:00:00,9537.779,11092.76,1578.3514
forecast_0870,2025-02-06 06:00:00,9379.728,11173.435,1485.1106
forecast_0871,2025-02-06 07:00:00,8861.18,10403.971,1280.2838
forecast_0872,2025-02-06 08:00:00,7780.799,7930.536,1161.1046
forecast_0873,2025-02-06 09:00:00,6049.838,5133.245,1042.9719
forecast_0874,2025-02-06 10:00:00,4423.3267,3852.7817,994.76306
forecast_0875,2025-02-06 11:00:00,3539.6685,3382.1377,947.5387
forecast_0876,2025-02-06 12:00:00,3174.372,3196.2705,936.9585
forecast_0877,2025-02-06 13:00:00,3071.2354,3123.781,927.3526
forecast_0878,2025-02-06 14:00:00,3101.4382,3114.2664,945.368
forecast_0879,2025-02-06 15:00:00,3223.3289,3159.5916,971.4216
forecast_0880,2025-02-06 16:00:00,3433.5386,3269.1572,1026.2618
forecast_0881,2025-02-06 17:00:00,3786.5476,3466.1707,1102.842
forecast_0882,2025-02-06 18:00:00,4427.857,3789.454,1223.9156
forecast_0883,2025-02-06 19:00:00,5637.436,4319.0117,1399.2234
forecast_0884,2025-02-06 20:00:00,7178.258,5291.283,1641.4401
forecast_0885,2025-02-06 21:00:00,8033.5435,6918.9424,1920.8857
forecast_0886,2025-02-06 22:00:00,8269.688,8400.334,2184.4746
forecast_0887,2025-02-06 23:00:00,8380.15,9117.316,2400.29
forecast_0888,2025-02-07 00:00:00,8467.685,9410.2,2563.4563
forecast_0889,2025-02-07 01:00:00,8275.905,9619.689,2044.6249
forecast_0890,2025-02-07 02:00:00,8316.338,9796.5,2079.7478
forecast_0891,2025-02-07 03:00:00,8900.172,10189.514,1760.7603
forecast_0892,2025-02-07 04:00:00,9321.395,10681.341,1765.8644
forecast_0893,2025-02-07 05:00:00,9462.002,11067.716,1574.482
forecast_0894,2025-02-07 06:00:00,9306.433,11140.8,1482.127
forecast_0895,2025-02-07 07:00:00,8791.708,10357.236,1278.1523
forecast_0896,2025-02-07 08:00:00,7716.915,7875.493,1158.6595
forecast_0897,2025-02-07 09:00:00,5994.9204,5104.753,1040.4651
forecast_0898,2025-02-07 10:00:00,4384.0454,3842.531,992.0758
forecast_0899,2025-02-07 11:00:00,3513.6055,3377.382,945.0296
forecast_0900,2025-02-07 12:00:00,3154.9966,3193.2097,934.48193
forecast_0901,2025-02-07 13:00:00,3054.5051,3121.2585,925.0454
forecast_0902,2025-02-07 14:00:00,3084.837,3112.072,943.052
forecast_0903,2025-02-07 15:00:00,3204.486,3157.6938,969.15704
forecast_0904,2025-02-07 16:00:00,3409.072,3267.6016,1023.90137
forecast_0905,2025-02-07 17:00:00,3751.2563,3464.7715,1100.4082
forecast_0906,2025-02-07 18:00:00,4372.0884,3786.959,1221.3739
forecast_0907,2025-02-07 19:00:00,5546.3506,4312.029,1396.5021
forecast_0908,2025-02-07 20:00:00,7081.959,5272.1196,1638.5814
forecast_0909,2025-02-07 21:00:00,7971.432,6888.875,1917.47
forecast_0910,2025-02-07 22:00:00,8229.441,8381.329,2180.0356
forecast_0911,2025-02-07 23:00:00,8344.581,9111.024,2394.4277
forecast_0912,2025-02-08 00:00:00,8434.918,9409.532,2555.7188
forecast_0913,2025-02-08 01:00:00,8231.446,9620.995,2037.1481
forecast_0914,2025-02-08 02:00:00,8250.145,9793.143,2072.3533
forecast_0915,2025-02-08 03:00:00,8826.353,10176.595,1755.4501
forecast_0916,2025-02-08 04:00:00,9245.192,10661.79,1761.3665
forecast_0917,2025-02-08 05:00:00,9387.913,11043.459,1571.6879
forecast_0918,2025-02-08 06:00:00,9234.963,11108.844,1480.1716
forecast_0919,2025-02-08 07:00:00,8724.032,10310.775,1276.8406
forecast_0920,2025-02-08 08:00:00,7654.6377,7821.119,1156.8722
forecast_0921,2025-02-08 09:00:00,5941.0977,5077.1753,1038.4381
forecast_0922,2025-02-08 10:00:00,4345.168,3832.7668,989.78156
forecast_0923,2025-02-08 11:00:00,3487.5603,3372.911,942.84045
forecast_0924,2025-02-08 12:00:00,3135.5068,3190.366,932.2907
forecast_0925,2025-02-08 13:00:00,3037.6467,3118.935,922.99133
forecast_0926,2025-02-08 14:00:00,3068.1865,3110.0718,940.9716
forecast_0927,2025-02-08 15:00:00,3185.8186,3155.9888,967.1218
forecast_0928,2025-02-08 16:00:00,3385.2231,3266.2292,1021.76807
forecast_0929,2025-02-08 17:00:00,3717.264,3463.5962,1098.2443
forecast_0930,2025-02-08 18:00:00,4318.639,3784.7876,1219.1647
forecast_0931,2025-02-08 19:00:00,5458.986,4305.5386,1394.2467
forecast_0932,2025-02-08 20:00:00,6986.6987,5253.702,1636.3188
forecast_0933,2025-02-08 21:00:00,7908.047,6859.0986,1914.7665
forecast_0934,2025-02-08 22:00:00,8189.1523,8361.811,2176.4314
forecast_0935,2025-02-08 23:00:00,8309.182,9104.143,2389.5796
forecast_0936,2025-02-09 00:00:00,8402.526,9408.317,2549.2866
forecast_0937,2025-02-09 01:00:00,8187.3965,9621.988,2030.6782
forecast_0938,2025-02-09 02:00:00,8184.5522,9790.022,2066.2017
forecast_0939,2025-02-09 03:00:00,8753.282,10164.261,1751.166
forecast_0940,2025-02-09 04:00:00,9170.032,10642.837,1757.9481
forecast_0941,2025-02-09 05:00:00,9315.163,11019.823,1569.8086
forecast_0942,2025-02-09 06:00:00,9165.018,11077.389,1479.0964
forecast_0943,2025-02-09 07:00:00,8657.916,10264.472,1276.2363
forecast_0944,2025-02-09 08:00:00,7593.798,7767.3916,1155.6604
forecast_0945,2025-02-09 09:00:00,5888.277,5050.4756,1036.8346
forecast_0946,2025-02-09 10:00:00,4306.6567,3823.4521,987.83655
forecast_0947,2025-02-09 11:00:00,3461.519,3368.7007,940.9393
forecast_0948,2025-02-09 12:00:00,3115.8936,3187.7173,930.3584
forecast_0949,2025-02-09 13:00:00,3020.6462,3116.7888,921.1709
forecast_0950,2025-02-09 14:00:00,3051.4563,3108.2434,939.1088
forecast_0951,2025-02-09 15:00:00,3167.2566,3154.456,965.29865
forecast_0952,2025-02-09 16:00:00,3361.8728,3265.0264,1019.84503
forecast_0953,2025-02-09 17:00:00,3684.402,3462.6018,1096.3217
forecast_0954,2025-02-09 18:00:00,4267.2896,3782.8967,1217.2467
forecast_0955,2025-02-09 19:00:00,5375.0957,4299.492,1392.3894
forecast_0956,2025-02-09 20:00:00,6892.597,5235.9775,1634.5641
forecast_0957,2025-02-09 21:00:00,7843.6694,6829.617,1912.6763
forecast_0958,2025-02-09 22:00:00,8148.908,8341.816,2173.5479
forecast_0959,2025-02-09 23:00:00,8274.071,9096.709,2385.611
forecast_0960,2025-02-10 00:00:00,8370.585,9406.594,2543.9849
forecast_0961,2025-02-10 01:00:00,8143.7363,9622.6875,2025.1042
forecast_0962,2025-02-10 02:00:00,8119.2534,9787.102,2061.1606
forecast_0963,2025-02-10 03:00:00,8680.52,10152.438,1747.791
forecast_0964,2025-02-10 04:00:00,9095.516,10624.376,1755.4789
forecast_0965,2025-02-10 05:00:00,9243.396,10996.679,1568.7317
forecast_0966,2025-02-10 06:00:00,9096.286,11046.295,1478.7988
forecast_0967,2025-02-10 07:00:00,8593.106,10218.234,1276.2632
forecast_0968,2025-02-10 08:00:00,7534.21,7714.2915,1154.9695
forecast_0969,2025-02-10 09:00:00,5836.3506,5024.616,1035.6205
forecast_0970,2025-02-10 10:00:00,4268.471,3814.556,986.21826
forecast_0971,2025-02-10 11:00:00,3435.4683,3364.7302,939.3118
forecast_0972,2025-02-10 12:00:00,3096.146,3185.2458,928.6739
forecast_0973,2025-02-10 13:00:00,3003.4907,3114.8022,919.5776
forecast_0974,2025-02-10 14:00:00,3034.6223,3106.5676,937.4566
forecast_0975,2025-02-10 15:00:00,3148.7478,3153.077,963.68164
forecast_0976,2025-02-10 16:00:00,3338.9197,3263.9775,1018.12415
forecast_0977,2025-02-10 17:00:00,3652.5178,3461.7573,1094.6266
forecast_0978,2025-02-10 18:00:00,4217.8296,3781.2505,1215.5948
forecast_0979,2025-02-10 19:00:00,5294.4224,4293.8457,1390.8915
forecast_0980,2025-02-10 20:00:00,6799.696,5218.899,1633.2649
forecast_0981,2025-02-10 21:00:00,7778.524,6800.4346,1911.136
forecast_0982,2025-02-10 22:00:00,8108.7554,8321.382,2171.3198
forecast_0983,2025-02-10 23:00:00,8239.332,9088.759,2382.4407
forecast_0984,2025-02-11 00:00:00,8339.144,9404.395,2539.7012
forecast_0985,2025-02-11 01:00:00,8100.4365,9623.108,2020.3588
forecast_0986,2025-02-11 02:00:00,8053.972,9784.347,2057.1475
forecast_0987,2025-02-11 03:00:00,8607.631,10141.066,1745.2472
forecast_0988,2025-02-11 04:00:00,9021.245,10606.327,1753.8744
forecast_0989,2025-02-11 05:00:00,9172.263,10973.914,1568.3829
forecast_0990,2025-02-11 06:00:00,9028.46,11015.447,1479.2114
forecast_0991,2025-02-11 07:00:00,8529.347,10171.989,1276.8761
forecast_0992,2025-02-11 08:00:00,7475.684,7661.8027,1154.7719
forecast_0993,2025-02-11 09:00:00,5785.207,4999.5605,1034.7811
forecast_0994,2025-02-11 10:00:00,4230.5664,3806.048,984.9184
forecast_0995,2025-02-11 11:00:00,3409.396,3360.9775,937.9579
forecast_0996,2025-02-11 12:00:00,3076.2605,3182.9333,927.2393
forecast_0997,2025-02-11 13:00:00,2986.175,3112.9578,918.2146
forecast_0998,2025-02-11 14:00:00,3017.6663,3105.0295,936.0174
forecast_0999,2025-02-11 15:00:00,3130.2483,3151.8342,962.2736
forecast_1000,2025-02-11 16:00:00,3316.2744,3263.0667,1016.6072
forecast_1001,2025-02-11 17:00:00,3621.473,3461.0483,1093.1555
forecast_1002,2025-02-11 18:00:00,4170.061,3779.811,1214.2014
forecast_1003,2025-02-11 19:00:00,5216.6963,4288.5566,1389.7335
forecast_1004,2025-02-11 20:00:00,6707.978,5202.4214,1632.392
forecast_1005,2025-02-11 21:00:00,7712.781,6771.5493,1910.114
forecast_1006,2025-02-11 22:00:00,8068.7017,8300.538,2169.7087
forecast_1007,2025-02-11 23:00:00,8205.022,9080.322,2380.0266
forecast_1008,2025-02-12 00:00:00,8308.225,9401.753,2536.377
forecast_1009,2025-02-12 01:00:00,8057.47,9623.266,2016.4097
forecast_1010,2025-02-12 02:00:00,7988.4707,9781.735,2054.1218
forecast_1011,2025-02-12 03:00:00,8534.219,10130.101,1743.4949
forecast_1012,2025-02-12 04:00:00,8946.841,10588.624,1753.0854
forecast_1013,2025-02-12 05:00:00,9101.42,10951.441,1568.7203
forecast_1014,2025-02-12 06:00:00,8961.239,10984.747,1480.297
forecast_1015,2025-02-12 07:00:00,8466.388,10125.677,1278.0544
forecast_1016,2025-02-12 08:00:00,7418.0254,7609.912,1155.0591
forecast_1017,2025-02-12 09:00:00,5734.7236,4975.2695,1034.3202
forecast_1018,2025-02-12 10:00:00,4192.897,3797.9019,983.94574
forecast_1019,2025-02-12 11:00:00,3383.2915,3357.4263,936.8888
forecast_1020,2025-02-12 12:00:00,3056.2327,3180.7651,926.06616
forecast_1021,2025-02-12 13:00:00,2968.6943,3111.241,917.0971
forecast_1022,2025-02-12 14:00:00,3000.574,3103.6128,934.80365
forecast_1023,2025-02-12 15:00:00,3111.7214,3150.7124,961.08594
forecast_1024,2025-02-12 16:00:00,3293.865,3262.2795,1015.3048
forecast_1025,2025-02-12 17:00:00,3591.1436,3460.4597,1091.9143
forecast_1026,2025-02-12 18:00:00,4123.7964,3778.5466,1213.07
forecast_1027,2025-02-12 19:00:00,5141.658,4283.5874,1388.9119
forecast_1028,2025-02-12 20:00:00,6617.388,5186.5073,1631.9376
forecast_1029,2025-02-12 21:00:00,7646.5435,6742.969,1909.6012
forecast_1030,2025-02-12 22:00:00,8028.7163,8279.313,2168.7097
forecast_1031,2025-02-12 23:00:00,8171.1655,9071.424,2378.3608
forecast_1032,2025-02-13 00:00:00,8277.832,9398.694,2533.9922
forecast_1033,2025-02-13 01:00:00,8014.814,9623.176,2013.2577
forecast_1034,2025-02-13 02:00:00,7922.5757,9779.247,2052.0798
forecast_1035,2025-02-13 03:00:00,8459.9375,10119.503,1742.525
forecast_1036,2025-02-13 04:00:00,8871.948,10571.219,1753.0948
forecast_1037,2025-02-13 05:00:00,9030.549,10929.187,1569.7305
forecast_1038,2025-02-13 06:00:00,8894.337,10954.114,1482.0487
forecast_1039,2025-02-13 07:00:00,8403.985,10079.256,1279.8036
forecast_1040,2025-02-13 08:00:00,7361.044,7558.6094,1155.8453
forecast_1041,2025-02-13 09:00:00,5684.784,4951.71,1034.2585
forecast_1042,2025-02-13 10:00:00,4155.4126,3790.0923,983.32074
forecast_1043,2025-02-13 11:00:00,3357.1428,3354.059,936.1319
forecast_1044,2025-02-13 12:00:00,3036.0603,3178.7273,925.17896
forecast_1045,2025-02-13 13:00:00,2951.0483,3109.6396,916.2496
forecast_1046,2025-02-13 14:00:00,2983.3398,3102.3042,933.83496
forecast_1047,2025-02-13 15:00:00,3093.1414,3149.6973,960.13715
forecast_1048,2025-02-13 16:00:00,3271.63,3261.6016,1014.23285
forecast_1049,2025-02-13 17:00:00,3561.4207,3459.983,1090.9187
forecast_1050,2025-02-13 18:00:00,4078.8691,3777.4282,1212.2128
forecast_1051,2025-02-13 19:00:00,5069.056,4278.9033,1388.4354
forecast_1052,2025-02-13 20:00:00,6527.85,5171.1187,1631.9073
forecast_1053,2025-02-13 21:00:00,7579.869,6714.695,1909.6073
forecast_1054,2025-02-13 22:00:00,7988.7334,8257.737,2168.338
forecast_1055,2025-02-13 23:00:00,8137.7656,9062.093,2377.4639
forecast_1056,2025-02-14 00:00:00,8247.95,9395.245,2532.5679
forecast_1057,2025-02-14 01:00:00,7972.4614,9622.854,2010.9329
forecast_1058,2025-02-14 02:00:00,7856.18,9776.867,2051.0525
forecast_1059,2025-02-14 03:00:00,8384.501,10109.243,1742.3573
forecast_1060,2025-02-14 04:00:00,8796.246,10554.066,1753.9177
forecast_1061,2025-02-14 05:00:00,8959.353,10907.09,1571.4291
forecast_1062,2025-02-14 06:00:00,8827.49,10923.484,1484.4849
forecast_1063,2025-02-14 07:00:00,8341.913,10032.687,1282.1534
forecast_1064,2025-02-14 08:00:00,7304.562,7507.886,1157.1643
forecast_1065,2025-02-14 09:00:00,5635.2764,4928.846,1034.6348
forecast_1066,2025-02-14 10:00:00,4118.0728,3782.5952,983.0829
forecast_1067,2025-02-14 11:00:00,3330.94,3350.8604,935.7273
forecast_1068,2025-02-14 12:00:00,3015.7444,3176.8076,924.6137
forecast_1069,2025-02-14 13:00:00,2933.2373,3108.1416,915.70776
forecast_1070,2025-02-14 14:00:00,2965.9585,3101.0935,933.14154
forecast_1071,2025-02-14 15:00:00,3074.4885,3148.7788,959.4546
forecast_1072,2025-02-14 16:00:00,3249.521,3261.0205,1013.4162
forecast_1073,2025-02-14 17:00:00,3532.2117,3459.6052,1090.1896
forecast_1074,2025-02-14 18:00:00,4035.1282,3776.434,1211.6505
forecast_1075,2025-02-14 19:00:00,4998.6597,4274.4736,1388.3246
forecast_1076,2025-02-14 20:00:00,6439.282,5156.224,1632.3259
forecast_1077,2025-02-14 21:00:00,7512.766,6686.7275,1910.1604
forecast_1078,2025-02-14 22:00:00,7948.6655,8235.835,2168.632
forecast_1079,2025-02-14 23:00:00,8104.806,9052.348,2377.3865
forecast_1080,2025-02-15 00:00:00,8218.555,9391.429,2532.1611
forecast_1081,2025-02-15 01:00:00,7930.4155,9622.31,2009.4926
forecast_1082,2025-02-15 02:00:00,7789.251,9774.582,2051.1099
forecast_1083,2025-02-15 03:00:00,8307.697,10099.299,1743.0454
forecast_1084,2025-02-15 04:00:00,8719.456,10537.136,1755.602
forecast_1085,2025-02-15 05:00:00,8887.561,10885.1,1573.8623
forecast_1086,2025-02-15 06:00:00,8760.454,10892.8,1487.6572
forecast_1087,2025-02-15 07:00:00,8279.96,9985.942,1285.1619
forecast_1088,2025-02-15 08:00:00,7248.41,7457.734,1159.0769
forecast_1089,2025-02-15 09:00:00,5586.0923,4906.646,1035.5114
forecast_1090,2025-02-15 10:00:00,4080.8318,3775.3867,983.2899
forecast_1091,2025-02-15 11:00:00,3304.674,3347.817,935.7349
forecast_1092,2025-02-15 12:00:00,2995.2844,3174.9954,924.42114
forecast_1093,2025-02-15 13:00:00,2915.2637,3106.7363,915.51904
forecast_1094,2025-02-15 14:00:00,2948.4277,3099.9695,932.7625
forecast_1095,2025-02-15 15:00:00,3055.7478,3147.944,959.0739
forecast_1096,2025-02-15 16:00:00,3227.4978,3260.5232,1012.88684
forecast_1097,2025-02-15 17:00:00,3503.4412,3459.3164,1089.7587
forecast_1098,2025-02-15 18:00:00,3992.444,3775.5447,1211.4167
forecast_1099,2025-02-15 19:00:00,4930.259,4270.2686,1388.6115
forecast_1100,2025-02-15 20:00:00,6351.6123,5141.789,1633.2294
forecast_1101,2025-02-15 21:00:00,7445.2124,6659.073,1911.3079
forecast_1102,2025-02-15 22:00:00,7908.403,8213.631,2169.6553
forecast_1103,2025-02-15 23:00:00,8072.2544,9042.214,2378.2097
forecast_1104,2025-02-16 00:00:00,8189.618,9387.264,2532.8704
forecast_1105,2025-02-16 01:00:00,7888.6963,9621.558,2009.0325
forecast_1106,2025-02-16 02:00:00,7721.8213,9772.381,2052.3643
forecast_1107,2025-02-16 03:00:00,8229.384,10089.651,1744.6777
forecast_1108,2025-02-16 04:00:00,8641.343,10520.404,1758.2328
forecast_1109,2025-02-16 05:00:00,8814.936,10863.179,1577.1112
forecast_1110,2025-02-16 06:00:00,8693.003,10862.016,1491.6522
forecast_1111,2025-02-16 07:00:00,8217.934,9939.007,1288.9224
forecast_1112,2025-02-16 08:00:00,7192.4355,7408.1504,1161.6765
forecast_1113,2025-02-16 09:00:00,5537.1353,4885.078,1036.9797
forecast_1114,2025-02-16 10:00:00,4043.651,3768.4478,984.02515
forecast_1115,2025-02-16 11:00:00,3278.3384,3344.915,936.2351
forecast_1116,2025-02-16 12:00:00,2974.6848,3173.2795,924.6698
forecast_1117,2025-02-16 13:00:00,2897.1328,3105.4148,915.7457
forecast_1118,2025-02-16 14:00:00,2930.7502,3098.9224,932.7506
forecast_1119,2025-02-16 15:00:00,3036.9114,3147.1853,959.04095
forecast_1120,2025-02-16 16:00:00,3205.5305,3260.1006,1012.6882
forecast_1121,2025-02-16 17:00:00,3475.042,3459.1038,1089.6659
forecast_1122,2025-02-16 18:00:00,3950.6997,3774.7478,1211.5508
forecast_1123,2025-02-16 19:00:00,4863.6675,4266.261,1389.34
forecast_1124,2025-02-16 20:00:00,6264.779,5127.7866,1634.6705
forecast_1125,2025-02-16 21:00:00,7377.1646,6631.7295,1913.1167
forecast_1126,2025-02-16 22:00:00,7867.823,8191.1494,2171.4966
forecast_1127,2025-02-16 23:00:00,8040.071,9031.707,2380.0493
forecast_1128,2025-02-17 00:00:00,8161.102,9382.772,2534.8345
forecast_1129,2025-02-17 01:00:00,7847.328,9620.607,2009.6832
forecast_1130,2025-02-17 02:00:00,7653.9834,9770.257,2054.9792
forecast_1131,2025-02-17 03:00:00,8149.4897,10080.284,1747.3871
forecast_1132,2025-02-17 04:00:00,8561.713,10503.854,1761.9407
forecast_1133,2025-02-17 05:00:00,8741.27,10841.293,1581.2986
forecast_1134,2025-02-17 06:00:00,8624.946,10831.095,1496.601
forecast_1135,2025-02-17 07:00:00,8155.6646,9891.865,1293.5732
forecast_1136,2025-02-17 08:00:00,7136.5015,7359.1323,1165.0958
forecast_1137,2025-02-17 09:00:00,5488.318,4864.112,1039.1693
forecast_1138,2025-02-17 10:00:00,4006.4983,3761.7588,985.40265
forecast_1139,2025-02-17 11:00:00,3251.9275,3342.1418,937.33746
forecast_1140,2025-02-17 12:00:00,2953.9473,3171.6511,925.44995
forecast_1141,2025-02-17 13:00:00,2878.8499,3104.1682,916.46765
forecast_1142,2025-02-17 14:00:00,2912.93,3097.944,933.17236
forecast_1143,2025-02-17 15:00:00,3017.9746,3146.4905,959.41437
forecast_1144,2025-02-17 16:00:00,3183.598,3259.7424,1012.8731
forecast_1145,2025-02-17 17:00:00,3446.962,3458.9568,1089.9625
forecast_1146,2025-02-17 18:00:00,3909.8003,3774.0325,1212.1067
forecast_1147,2025-02-17 19:00:00,4798.721,4262.4287,1390.5692
forecast_1148,2025-02-17 20:00:00,6178.744,5114.1895,1636.7197
forecast_1149,2025-02-17 21:00:00,7308.5693,6604.6997,1915.6768
forecast_1150,2025-02-17 22:00:00,7826.795,8168.4126,2174.275
forecast_1151,2025-02-17 23:00:00,8008.2046,9020.848,2383.0608
forecast_1152,2025-02-18 00:00:00,8132.969,9377.972,2538.249
forecast_1153,2025-02-18 01:00:00,7806.347,9619.471,2011.6287
forecast_1154,2025-02-18 02:00:00,7585.877,9768.201,2059.18
forecast_1155,2025-02-18 03:00:00,8068.02,10071.185,1751.3597
forecast_1156,2025-02-18 04:00:00,8480.423,10487.467,1766.9128
forecast_1157,2025-02-18 05:00:00,8666.384,10819.412,1586.6049
forecast_1158,2025-02-18 06:00:00,8556.104,10800.007,1502.6938
forecast_1159,2025-02-18 07:00:00,8092.996,9844.514,1299.3132
forecast_1160,2025-02-18 08:00:00,7080.482,7310.6763,1169.5253
forecast_1161,2025-02-18 09:00:00,5439.5625,4843.7207,1042.2604
forecast_1162,2025-02-18 10:00:00,3969.3418,3755.3015,987.57935
forecast_1163,2025-02-18 11:00:00,3225.4343,3339.487,939.1873
forecast_1164,2025-02-18 12:00:00,2933.0774,3170.1013,926.8784
forecast_1165,2025-02-18 13:00:00,2860.4224,3102.9885,917.78424
forecast_1166,2025-02-18 14:00:00,2894.972,3097.0261,934.1125
forecast_1167,2025-02-18 15:00:00,2998.9377,3145.8545,960.26764
forecast_1168,2025-02-18 16:00:00,3161.6814,3259.4392,1013.5102
forecast_1169,2025-02-18 17:00:00,3419.1567,3458.8672,1090.7136
forecast_1170,2025-02-18 18:00:00,3869.6648,3773.3884,1213.1534
forecast_1171,2025-02-18 19:00:00,4735.2783,4258.751,1392.3765
forecast_1172,2025-02-18 20:00:00,6093.4956,5100.97,1639.4678
forecast_1173,2025-02-18 21:00:00,7239.3643,6577.987,1919.1047
forecast_1174,2025-02-18 22:00:00,7785.1816,8145.4424,2178.1467
forecast_1175,2025-02-18 23:00:00,7976.6045,9009.652,2387.4495
forecast_1176,2025-02-19 00:00:00,8105.1797,9372.879,2543.3723
forecast_1177,2025-02-19 01:00:00,7765.783,9618.16,2015.1146
forecast_1178,2025-02-19 02:00:00,7517.677,9766.21,2065.2744
forecast_1179,2025-02-19 03:00:00,7985.034,10062.345,1756.8535
forecast_1180,2025-02-19 04:00:00,8397.373,10471.238,1773.4109
forecast_1181,2025-02-19 05:00:00,8590.134,10797.52,1593.2812
forecast_1182,2025-02-19 06:00:00,8486.324,10768.726,1510.1974
forecast_1183,2025-02-19 07:00:00,8029.796,9796.947,1306.4216
forecast_1184,2025-02-19 08:00:00,7024.2715,7262.7793,1175.2319
forecast_1185,2025-02-19 09:00:00,5390.8027,4823.874,1046.5062
forecast_1186,2025-02-19 10:00:00,3932.1584,3749.058,990.76794
forecast_1187,2025-02-19 11:00:00,3198.8596,3336.9402,941.97205
forecast_1188,2025-02-19 12:00:00,2912.0798,3168.6218,929.10614
forecast_1189,2025-02-19 13:00:00,2841.8574,3101.8691,919.82043
forecast_1190,2025-02-19 14:00:00,2876.8845,3096.1628,935.6773
forecast_1191,2025-02-19 15:00:00,2979.8022,3145.2676,961.6928
forecast_1192,2025-02-19 16:00:00,3139.7717,3259.1824,1014.6852
forecast_1193,2025-02-19 17:00:00,3391.596,3458.824,1092.0022
forecast_1194,2025-02-19 18:00:00,3830.2239,3772.8062,1214.7754
forecast_1195,2025-02-19 19:00:00,4673.2163,4255.2104,1394.8544
forecast_1196,2025-02-19 20:00:00,6009.0415,5088.109,1643.0319
forecast_1197,2025-02-19 21:00:00,7169.4946,6551.5894,1923.5503
forecast_1198,2025-02-19 22:00:00,7742.85,8122.2617,2183.314
forecast_1199,2025-02-19 23:00:00,7945.2114,8998.137,2393.4844
forecast_1200,2025-02-20 00:00:00,8077.691,9367.509,2550.5518
forecast_1201,2025-02-20 01:00:00,7725.6655,9616.679,2020.4701
forecast_1202,2025-02-20 02:00:00,7449.575,9764.276,2073.684
forecast_1203,2025-02-20 03:00:00,7900.6533,10053.756,1764.2255
forecast_1204,2025-02-20 04:00:00,8312.507,10455.158,1781.7988
forecast_1205,2025-02-20 05:00:00,8512.403,10775.595,1601.6835
forecast_1206,2025-02-20 06:00:00,8415.4795,10737.232,1519.4911
forecast_1207,2025-02-20 07:00:00,7965.946,9749.172,1315.2994
forecast_1208,2025-02-20 08:00:00,6967.776,7215.4473,1182.5938
forecast_1209,2025-02-20 09:00:00,5341.9824,4804.5483,1052.2548
forecast_1210,2025-02-20 10:00:00,3894.927,3743.0112,995.25555
forecast_1211,2025-02-20 11:00:00,3172.202,3334.4905,945.9346
forecast_1212,2025-02-20 12:00:00,2890.9612,3167.2056,932.3227
forecast_1213,2025-02-20 13:00:00,2823.1665,3100.8018,922.7317
forecast_1214,2025-02-20 14:00:00,2858.675,3095.3467,938.00037
forecast_1215,2025-02-20 15:00:00,2960.5732,3144.7231,963.80786
forecast_1216,2025-02-20 16:00:00,3117.8633,3258.9658,1016.50415
forecast_1217,2025-02-20 17:00:00,3364.251,3458.8198,1093.93
forecast_1218,2025-02-20 18:00:00,3791.4236,3772.2751,1217.0803
forecast_1219,2025-02-20 19:00:00,4612.4336,4251.7935,1398.1263
forecast_1220,2025-02-20 20:00:00,5925.412,5075.581,1647.5585
forecast_1221,2025-02-20 21:00:00,7098.9087,6525.511,1929.2048
forecast_1222,2025-02-20 22:00:00,7699.665,8098.8896,2190.0356
forecast_1223,2025-02-20 23:00:00,7913.968,8986.318,2401.519
forecast_1224,2025-02-21 00:00:00,8050.463,9361.875,2560.243
forecast_1225,2025-02-21 01:00:00,7686.0205,9615.04,2028.1426
forecast_1226,2025-02-21 02:00:00,7381.7754,9762.3955,2084.982
forecast_1227,2025-02-21 03:00:00,7815.0503,10045.41,1773.9698
forecast_1228,2025-02-21 04:00:00,8225.81,10439.226,1792.5848
forecast_1229,2025-02-21 05:00:00,8433.111,10753.628,1612.3129
forecast_1230,2025-02-21 06:00:00,8343.465,10705.513,1531.1095
forecast_1231,2025-02-21 07:00:00,7901.3477,9701.191,1326.5171
forecast_1232,2025-02-21 08:00:00,6910.9146,7168.676,1192.142
forecast_1233,2025-02-21 09:00:00,5293.0547,4785.717,1059.9896
forecast_1234,2025-02-21 10:00:00,3857.6365,3737.1455,1001.4221
forecast_1235,2025-02-21 11:00:00,3145.4631,3332.1292,951.3827
forecast_1236,2025-02-21 12:00:00,2869.729,3165.8452,936.76886
forecast_1237,2025-02-21 13:00:00,2804.3574,3099.7817,926.71204
forecast_1238,2025-02-21 14:00:00,2840.354,3094.5713,941.2485
forecast_1239,2025-02-21 15:00:00,2941.2576,3144.2163,966.7581
forecast_1240,2025-02-21 16:00:00,3095.9546,3258.7798,1019.1031
forecast_1241,2025-02-21 17:00:00,3337.106,3458.847,1096.6279
forecast_1242,2025-02-21 18:00:00,3753.2192,3771.7888,1220.2019
forecast_1243,2025-02-21 19:00:00,4552.8433,4248.4873,1402.3435
forecast_1244,2025-02-21 20:00:00,5842.656,5063.369,1653.2343
forecast_1245,2025-02-21 21:00:00,7027.568,6499.752,1936.3113
forecast_1246,2025-02-21 22:00:00,7655.5024,8075.349,2198.649
forecast_1247,2025-02-21 23:00:00,7882.8105,8974.208,2412.0142
forecast_1248,2025-02-22 00:00:00,8023.4546,9355.99,2573.055
forecast_1249,2025-02-22 01:00:00,7646.8604,9613.251,2038.7377
forecast_1250,2025-02-22 02:00:00,7314.4775,9760.563,2099.958
forecast_1251,2025-02-22 03:00:00,7728.4365,10037.303,1786.7777
forecast_1252,2025-02-22 04:00:00,8137.311,10423.437,1806.4823
forecast_1253,2025-02-22 05:00:00,8352.204,10731.608,1625.886
forecast_1254,2025-02-22 06:00:00,8270.192,10673.557,1545.8165
forecast_1255,2025-02-22 07:00:00,7835.916,9653.018,1340.8914
forecast_1256,2025-02-22 08:00:00,6853.622,7122.467,1204.6287
forecast_1257,2025-02-22 09:00:00,5243.981,4767.354,1070.363
forecast_1258,2025-02-22 10:00:00,3820.272,3731.4475,1009.762
forecast_1259,2025-02-22 11:00:00,3118.6465,3329.847,958.69434
forecast_1260,2025-02-22 12:00:00,2848.3906,3164.534,942.7411
forecast_1261,2025-02-22 13:00:00,2785.442,3098.802,932.0021
forecast_1262,2025-02-22 14:00:00,2821.9314,3093.8313,945.63306
forecast_1263,2025-02-22 15:00:00,2921.8647,3143.7393,970.73035
forecast_1264,2025-02-22 16:00:00,3074.047,3258.6196,1022.65283
forecast_1265,2025-02-22 17:00:00,3310.1448,3458.8948,1100.2595
forecast_1266,2025-02-22 18:00:00,3715.5754,3771.337,1224.3112
forecast_1267,2025-02-22 19:00:00,4494.3745,4245.281,1407.6985
forecast_1268,2025-02-22 20:00:00,5760.8364,5051.4556,1660.2974
forecast_1269,2025-02-22 21:00:00,6955.4424,6474.3125,1945.1827
forecast_1270,2025-02-22 22:00:00,7610.242,8051.657,2209.59
forecast_1271,2025-02-22 23:00:00,7851.6753,8961.824,2425.5813
forecast_1272,2025-02-23 00:00:00,7996.6235,9349.87,2589.809
forecast_1273,2025-02-23 01:00:00,7608.195,9611.316,2053.093
forecast_1274,2025-02-23 02:00:00,7247.8687,9758.777,2119.7192
forecast_1275,2025-02-23 03:00:00,7641.055,10029.428,1803.6351
forecast_1276,2025-02-23 04:00:00,8047.073,10407.793,1824.5144
forecast_1277,2025-02-23 05:00:00,8269.659,10709.529,1643.4408
forecast_1278,2025-02-23 06:00:00,8195.603,10641.357,1564.7153
forecast_1279,2025-02-23 07:00:00,7769.5874,9604.665,1359.5962
forecast_1280,2025-02-23 08:00:00,6795.842,7076.822,1221.0941
forecast_1281,2025-02-23 09:00:00,5194.734,4749.4375,1084.2328
forecast_1282,2025-02-23 10:00:00,3782.8318,3725.9019,1020.8977
forecast_1283,2025-02-23 11:00:00,3091.756,3327.6348,968.3286
forecast_1284,2025-02-23 12:00:00,2826.9568,3163.2656,950.6048
forecast_1285,2025-02-23 13:00:00,2766.4287,3097.8586,938.90326
forecast_1286,2025-02-23 14:00:00,2803.4194,3093.1208,951.4182
forecast_1287,2025-02-23 15:00:00,2902.4053,3143.287,975.9595
forecast_1288,2025-02-23 16:00:00,3052.1455,3258.4788,1027.3711
forecast_1289,2025-02-23 17:00:00,3283.361,3458.9592,1105.033
forecast_1290,2025-02-23 18:00:00,3678.4646,3770.913,1229.6237
forecast_1291,2025-02-23 19:00:00,4436.969,4242.1665,1414.4354
forecast_1292,2025-02-23 20:00:00,5680.0215,5039.826,1669.047
forecast_1293,2025-02-23 21:00:00,6882.5234,6449.196,1956.2203
forecast_1294,2025-02-23 22:00:00,7563.7793,8027.8374,2223.4336
forecast_1295,2025-02-23 23:00:00,7820.4956,8949.178,2443.0386
forecast_1296,2025-02-24 00:00:00,7969.9277,9343.525,2611.6235
forecast_1297,2025-02-24 01:00:00,7570.0195,9609.245,2072.389
forecast_1298,2025-02-24 02:00:00,7182.1206,9757.033,2145.8464
forecast_1299,2025-02-24 03:00:00,7553.18,10021.78,1825.9744
forecast_1300,2025-02-24 04:00:00,7955.197,10392.296,1848.167
forecast_1301,2025-02-24 05:00:00,8185.4834,10687.388,1666.5074
forecast_1302,2025-02-24 06:00:00,8119.654,10608.909,1589.3975
forecast_1303,2025-02-24 07:00:00,7702.31,9556.147,1384.291
forecast_1304,2025-02-24 08:00:00,6737.5327,7031.742,1242.9398
forecast_1305,2025-02-24 09:00:00,5145.2935,4731.943,1102.6647
forecast_1306,2025-02-24 10:00:00,3745.312,3720.4949,1035.5748
forecast_1307,2025-02-24 11:00:00,3064.8005,3325.4856,980.8288
forecast_1308,2025-02-24 12:00:00,2805.434,3162.0356,960.80676
forecast_1309,2025-02-24 13:00:00,2747.3308,3096.9448,947.7929
forecast_1310,2025-02-24 14:00:00,2784.83,3092.436,958.94037
forecast_1311,2025-02-24 15:00:00,2882.8887,3142.8547,982.7471
forecast_1312,2025-02-24 16:00:00,3030.2551,3258.3508,1033.5354
forecast_1313,2025-02-24 17:00:00,3256.75,3459.0322,1111.2147
forecast_1314,2025-02-24 18:00:00,3641.8657,3770.508,1236.4136
forecast_1315,2025-02-24 19:00:00,4380.578,4239.1343,1422.865
forecast_1316,2025-02-24 20:00:00,5600.2837,5028.467,1679.87
forecast_1317,2025-02-24 21:00:00,6808.811,6424.4023,1969.9458
forecast_1318,2025-02-24 22:00:00,7516.02,8003.9087,2240.9387
forecast_1319,2025-02-24 23:00:00,7789.2007,8936.286,2465.4973
forecast_1320,2025-02-25 00:00:00,7943.332,9336.966,2640.0476
forecast_1321,2025-02-25 01:00:00,7532.3286,9607.044,2098.315
forecast_1322,2025-02-25 02:00:00,7117.382,9755.326,2180.6372
forecast_1323,2025-02-25 03:00:00,7465.097,10014.355,1855.9271
forecast_1324,2025-02-25 04:00:00,7861.8184,10376.948,1879.6407
forecast_1325,2025-02-25 05:00:00,8099.7134,10665.186,1697.3536
forecast_1326,2025-02-25 06:00:00,8042.3276,10576.216,1622.1404
forecast_1327,2025-02-25 07:00:00,7634.0483,9507.485,1417.2228
forecast_1328,2025-02-25 08:00:00,6678.6616,6987.2285,1271.9183
forecast_1329,2025-02-25 09:00:00,5095.6416,4714.8506,1126.8768
forecast_1330,2025-02-25 10:00:00,3707.7168,3715.2139,1054.6372
forecast_1331,2025-02-25 11:00:00,3037.7878,3323.3906,996.8261
forecast_1332,2025-02-25 12:00:00,2783.835,3160.8364,973.8873
forecast_1333,2025-02-25 13:00:00,2728.1604,3096.0571,959.1429
forecast_1334,2025-02-25 14:00:00,2766.175,3091.7703,968.6253
forecast_1335,2025-02-25 15:00:00,2863.3281,3142.437,991.47925
forecast_1336,2025-02-25 16:00:00,3008.3857,3258.2302,1041.5018
forecast_1337,2025-02-25 17:00:00,3230.311,3459.1072,1119.1465
forecast_1338,2025-02-25 18:00:00,3605.7637,3770.1147,1245.0326
forecast_1339,2025-02-25 19:00:00,4325.1665,4236.1753,1433.3872
forecast_1340,2025-02-25 20:00:00,5521.695,5017.3667,1693.2653
forecast_1341,2025-02-25 21:00:00,6734.3296,6399.935,1987.0432
forecast_1342,2025-02-25 22:00:00,7466.886,7979.8896,2263.126
forecast_1343,2025-02-25 23:00:00,7757.72,8923.161,2494.4873
forecast_1344,2025-02-26 00:00:00,7916.798,9330.204,2677.275
forecast_1345,2025-02-26 01:00:00,7495.1055,9604.718,2133.357
forecast_1346,2025-02-26 02:00:00,7053.7773,9753.656,2227.5276
forecast_1347,2025-02-26 03:00:00,7377.1064,10007.147,1896.7379
forecast_1348,2025-02-26 04:00:00,7767.1035,10361.755,1922.236
forecast_1349,2025-02-26 05:00:00,8012.41,10642.92,1739.3276
forecast_1350,2025-02-26 06:00:00,7963.628,10543.279,1666.0717
forecast_1351,2025-02-26 07:00:00,7564.7827,9458.699,1461.1648
forecast_1352,2025-02-26 08:00:00,6619.2075,6943.2837,1309.9668
forecast_1353,2025-02-26 09:00:00,5045.7725,4698.139,1158.1082
forecast_1354,2025-02-26 10:00:00,3670.051,3710.0461,1078.988
forecast_1355,2025-02-26 11:00:00,3010.7292,3321.3438,1017.04645
forecast_1356,2025-02-26 12:00:00,2762.171,3159.6633,990.5036
forecast_1357,2025-02-26 13:00:00,2708.9272,3095.1895,973.546
forecast_1358,2025-02-26 14:00:00,2747.466,3091.121,981.01715
forecast_1359,2025-02-26 15:00:00,2843.7358,3142.0286,1002.65314
forecast_1360,2025-02-26 16:00:00,2986.546,3258.112,1051.7318
forecast_1361,2025-02-26 17:00:00,3204.0457,3459.179,1129.2692
forecast_1362,2025-02-26 18:00:00,3570.1484,3769.7275,1255.9352
forecast_1363,2025-02-26 19:00:00,4270.7036,4233.2837,1446.5176
forecast_1364,2025-02-26 20:00:00,5444.3164,5006.5137,1709.8815
forecast_1365,2025-02-26 21:00:00,6659.1167,6375.7964,2008.4205
forecast_1366,2025-02-26 22:00:00,7416.3154,7955.801,2291.3887
forecast_1367,2025-02-26 23:00:00,7725.978,8909.815,2532.1685
forecast_1368,2025-02-27 00:00:00,7890.2886,9323.249,2726.4836
forecast_1369,2025-02-27 01:00:00,7458.3267,9602.271,2181.2783
forecast_1370,2025-02-27 02:00:00,6991.406,9752.017,2291.7717
forecast_1371,2025-02-27 03:00:00,7289.506,10000.153,1953.4384
forecast_1372,2025-02-27 04:00:00,7671.2427,10346.719,1980.8789
forecast_1373,2025-02-27 05:00:00,7923.6636,10620.599,1797.1816
forecast_1374,2025-02-27 06:00:00,7883.58,10510.104,1725.0608
forecast_1375,2025-02-27 07:00:00,7494.509,9409.81,1518.9316
forecast_1376,2025-02-27 08:00:00,6559.1577,6899.907,1358.7986
forecast_1377,2025-02-27 09:00:00,4995.687,4681.7837,1197.443
forecast_1378,2025-02-27 10:00:00,3632.326,3704.9802,1109.5409
forecast_1379,2025-02-27 11:00:00,2983.6345,3319.337,1042.3213
forecast_1380,2025-02-27 12:00:00,2740.4524,3158.5117,1011.4509
forecast_1381,2025-02-27 13:00:00,2689.645,3094.3381,991.74756
forecast_1382,2025-02-27 14:00:00,2728.718,3090.4824,996.81116
forecast_1383,2025-02-27 15:00:00,2824.1257,3141.6252,1016.9115
forecast_1384,2025-02-27 16:00:00,2964.7463,3257.9907,1064.8247
forecast_1385,2025-02-27 17:00:00,3177.9565,3459.2415,1142.1562
forecast_1386,2025-02-27 18:00:00,3535.012,3769.3394,1269.7097
forecast_1387,2025-02-27 19:00:00,4217.1665,4230.4497,1462.9279
forecast_1388,2025-02-27 20:00:00,5368.2,4995.8994,1730.5728
forecast_1389,2025-02-27 21:00:00,6583.232,6351.989,2035.2959
forecast_1390,2025-02-27 22:00:00,7364.2646,7931.6626,2327.6626
forecast_1391,2025-02-27 23:00:00,7693.895,8896.262,2581.6492
forecast_1392,2025-02-28 00:00:00,7863.7754,9316.113,2792.3982
forecast_1393,2025-02-28 01:00:00,7421.969,9599.713,2247.9421
forecast_1394,2025-02-28 02:00:00,6930.3403,9750.407,2381.565
forecast_1395,2025-02-28 03:00:00,7202.5938,9993.367,2033.8704
forecast_1396,2025-02-28 04:00:00,7574.4585,10331.844,2062.6306
forecast_1397,2025-02-28 05:00:00,7833.5884,10598.222,1876.912
forecast_1398,2025-02-28 06:00:00,7802.2314,10476.695,1802.8782
forecast_1399,2025-02-28 07:00:00,7423.241,9360.842,1592.3623
forecast_1400,2025-02-28 08:00:00,6498.513,6857.0986,1419.3785
forecast_1401,2025-02-28 09:00:00,4945.3896,4665.7676,1245.6697
forecast_1402,2025-02-28 10:00:00,3594.5525,3700.0046,1147.1959
forecast_1403,2025-02-28 11:00:00,2956.5183,3317.364,1073.5923
forecast_1404,2025-02-28 12:00:00,2718.6914,3157.377,1037.6874
forecast_1405,2025-02-28 13:00:00,2670.3245,3093.499,1014.6796
forecast_1406,2025-02-28 14:00:00,2709.9412,3089.851,1016.89575
forecast_1407,2025-02-28 15:00:00,2804.5095,3141.2227,1035.089
forecast_1408,2025-02-28 16:00:00,2942.9985,3257.862,1081.5615
forecast_1409,2025-02-28 17:00:00,3152.0496,3459.2888,1158.5574
forecast_1410,2025-02-28 18:00:00,3500.3494,3768.944,1287.1277
forecast_1411,2025-02-28 19:00:00,4164.5386,4227.667,1483.498
forecast_1412,2025-02-28 20:00:00,5293.3916,4985.515,1756.4735
forecast_1413,2025-02-28 21:00:00,6506.7544,6328.5156,2069.3354
forecast_1414,2025-02-28 22:00:00,7310.7104,7907.495,2374.6936
forecast_1415,2025-02-28 23:00:00,7661.39,8882.517,2647.524
forecast_1416,2025-03-01 00:00:00,7837.2266,9308.805,2882.2742
forecast_1417,2025-03-01 01:00:00,7547.4194,9598.354,2638.411
forecast_1418,2025-03-01 02:00:00,7161.52,9750.261,3000.2373
forecast_1419,2025-03-01 03:00:00,7576.4644,9987.602,2980.3435
forecast_1420,2025-03-01 04:00:00,8059.5684,10322.3955,3327.2764
forecast_1421,2025-03-01 05:00:00,8393.31,10601.158,3507.2454
forecast_1422,2025-03-01 06:00:00,8433.081,10539.411,3750.0298
forecast_1423,2025-03-01 07:00:00,8143.6924,9610.542,3817.0454
forecast_1424,2025-03-01 08:00:00,7353.3145,7314.9067,3779.1829
forecast_1425,2025-03-01 09:00:00,5894.1265,5007.3105,3631.4548
forecast_1426,2025-03-01 10:00:00,4369.9097,3887.776,3513.6677
forecast_1427,2025-03-01 11:00:00,3500.0762,3437.7542,3490.8372
forecast_1428,2025-03-01 12:00:00,3139.9329,3250.5283,3564.7078
forecast_1429,2025-03-01 13:00:00,3047.347,3178.265,3694.7563
forecast_1430,2025-03-01 14:00:00,3088.634,3175.419,3862.4172
forecast_1431,2025-03-01 15:00:00,3217.6702,3234.6218,4069.4797
forecast_1432,2025-03-01 16:00:00,3408.632,3365.5017,4341.221
forecast_1433,2025-03-01 17:00:00,3670.657,3586.7703,4717.929
forecast_1434,2025-03-01 18:00:00,4080.322,3921.4102,5244.792
forecast_1435,2025-03-01 19:00:00,4888.183,4421.6445,5929.368
forecast_1436,2025-03-01 20:00:00,6281.8003,5271.4004,6700.426
forecast_1437,2025-03-01 21:00:00,7363.1357,6695.971,7463.576
forecast_1438,2025-03-01 22:00:00,7800.8193,8167.746,8170.2847
forecast_1439,2025-03-01 23:00:00,7975.8096,8996.69,8810.061
forecast_1440,2025-03-02 00:00:00,8122.4634,9358.97,9377.019
forecast_1441,2025-03-02 01:00:00,7909.198,9621.784,7730.7383
forecast_1442,2025-03-02 02:00:00,7862.8647,9783.431,7344.034
forecast_1443,2025-03-02 03:00:00,8356.082,10062.528,6021.072
forecast_1444,2025-03-02 04:00:00,8660.65,10427.205,5510.1143
forecast_1445,2025-03-02 05:00:00,8777.273,10695.816,5137.922
forecast_1446,2025-03-02 06:00:00,8655.37,10603.005,4988.97
forecast_1447,2025-03-02 07:00:00,8238.97,9628.881,4787.2007
forecast_1448,2025-03-02 08:00:00,7340.213,7293.9155,4523.3584
forecast_1449,2025-03-02 09:00:00,5818.721,4989.6313,4192.144
forecast_1450,2025-03-02 10:00:00,4314.4814,3881.085,3930.1665
forecast_1451,2025-03-02 11:00:00,3472.3015,3435.252,3797.7834
forecast_1452,2025-03-02 12:00:00,3123.6846,3249.4333,3772.579
forecast_1453,2025-03-02 13:00:00,3033.817,3177.6448,3813.009
forecast_1454,2025-03-02 14:00:00,3075.0537,3175.0674,3906.4673
forecast_1455,2025-03-02 15:00:00,3202.783,3234.5122,4059.4531
forecast_1456,2025-03-02 16:00:00,3390.3936,3365.6387,4295.1787
forecast_1457,2025-03-02 17:00:00,3645.478,3586.9639,4650.6646
forecast_1458,2025-03-02 18:00:00,4042.1204,3920.8616,5170.1787
forecast_1459,2025-03-02 19:00:00,4823.616,4418.0605,5861.5537
forecast_1460,2025-03-02 20:00:00,6195.826,5259.165,6645.302
forecast_1461,2025-03-02 21:00:00,7300.4185,6671.946,7417.8105
forecast_1462,2025-03-02 22:00:00,7763.6587,8145.9795,8130.972
forecast_1463,2025-03-02 23:00:00,7944.6074,8984.513,8774.588
forecast_1464,2025-03-03 00:00:00,8090.5996,9352.082,9343.668
forecast_1465,2025-03-03 01:00:00,7850.715,9618.679,7710.2915
forecast_1466,2025-03-03 02:00:00,7766.2354,9780.324,7344.594
forecast_1467,2025-03-03 03:00:00,8257.903,10053.325,6040.802
forecast_1468,2025-03-03 04:00:00,8571.604,10410.971,5538.152
forecast_1469,2025-03-03 05:00:00,8698.7,10673.832,5170.0054
forecast_1470,2025-03-03 06:00:00,8583.875,10571.66,5021.5024
forecast_1471,2025-03-03 07:00:00,8171.6543,9583.068,4818.6094
forecast_1472,2025-03-03 08:00:00,7273.7197,7250.457,4551.11
forecast_1473,2025-03-03 09:00:00,5752.374,4971.5796,4214.1636
forecast_1474,2025-03-03 10:00:00,4260.1963,3875.6033,3944.9102
forecast_1475,2025-03-03 11:00:00,3434.0454,3433.208,3805.097
forecast_1476,2025-03-03 12:00:00,3094.9214,3248.38,3772.034
forecast_1477,2025-03-03 13:00:00,3009.3608,3176.9246,3804.427
forecast_1478,2025-03-03 14:00:00,3051.7915,3174.5781,3890.1167
forecast_1479,2025-03-03 15:00:00,3178.62,3234.26,4035.9314
forecast_1480,2025-03-03 16:00:00,3363.2925,3365.637,4264.998
forecast_1481,2025-03-03 17:00:00,3613.0906,3587.0334,4614.173
forecast_1482,2025-03-03 18:00:00,3999.415,3920.2249,5128.188
forecast_1483,2025-03-03 19:00:00,4757.728,4414.4805,5816.5244
forecast_1484,2025-03-03 20:00:00,6107.6216,5247.159,6600.337
forecast_1485,2025-03-03 21:00:00,7234.9897,6648.2583,7375.0527
forecast_1486,2025-03-03 22:00:00,7725.4565,8124.219,8091.9985
forecast_1487,2025-03-03 23:00:00,7913.7993,8972.214,8738.633
forecast_1488,2025-03-04 00:00:00,8060.0493,9345.084,9309.615
forecast_1489,2025-03-04 01:00:00,7795.2896,9615.52,7688.602
forecast_1490,2025-03-04 02:00:00,7671.8447,9777.308,7343.4414
forecast_1491,2025-03-04 03:00:00,8159.16,10044.354,6058.461
forecast_1492,2025-03-04 04:00:00,8481.152,10394.834,5564.221
forecast_1493,2025-03-04 05:00:00,8618.619,10651.72,5199.8564
forecast_1494,2025-03-04 06:00:00,8511.111,10540.033,5051.454
forecast_1495,2025-03-04 07:00:00,8103.3843,9537.092,4846.9565
forecast_1496,2025-03-04 08:00:00,7206.5635,7207.4004,4575.4414
forecast_1497,2025-03-04 09:00:00,5685.654,4953.804,4232.5615
forecast_1498,2025-03-04 10:00:00,4205.9194,3870.1711,3956.0444
forecast_1499,2025-03-04 11:00:00,3395.898,3431.165,3808.921
forecast_1500,2025-03-04 12:00:00,3066.21,3247.316,3768.2507
forecast_1501,2025-03-04 13:00:00,2984.9111,3176.1917,3792.9792
forecast_1502,2025-03-04 14:00:00,3028.5151,3174.0723,3871.324
forecast_1503,2025-03-04 15:00:00,3154.4375,3233.9844,4010.329
forecast_1504,2025-03-04 16:00:00,3336.222,3365.6018,4232.9663
forecast_1505,2025-03-04 17:00:00,3580.914,3587.0618,4575.8965
forecast_1506,2025-03-04 18:00:00,3957.351,3919.5576,5084.344
forecast_1507,2025-03-04 19:00:00,4693.3555,4410.94,5769.566
forecast_1508,2025-03-04 20:00:00,6019.5234,5235.3784,6553.461
forecast_1509,2025-03-04 21:00:00,7168.1997,6624.875,7330.4106
forecast_1510,2025-03-04 22:00:00,7686.5874,8102.453,8051.4204
forecast_1511,2025-03-04 23:00:00,7883.4854,8959.8,8701.52
forecast_1512,2025-03-05 00:00:00,8030.6675,9337.983,9274.778
forecast_1513,2025-03-05 01:00:00,7742.7676,9612.307,7665.601
forecast_1514,2025-03-05 02:00:00,7579.9795,9774.378,7340.558
forecast_1515,2025-03-05 03:00:00,8060.1035,10035.611,6074.0645
forecast_1516,2025-03-05 04:00:00,8389.433,10378.801,5588.421
forecast_1517,2025-03-05 05:00:00,8537.077,10629.488,5227.627
forecast_1518,2025-03-05 06:00:00,8437.084,10508.134,5079.0083
forecast_1519,2025-03-05 07:00:00,8034.157,9490.976,4872.432
forecast_1520,2025-03-05 08:00:00,7138.7485,7164.751,4596.5522
forecast_1521,2025-03-05 09:00:00,5618.5884,4936.293,4247.556
forecast_1522,2025-03-05 10:00:00,4151.6787,3864.7788,3963.8164
forecast_1523,2025-03-05 11:00:00,3357.8818,3429.1162,3809.5447
forecast_1524,2025-03-05 12:00:00,3037.5679,3246.2375,3761.5417
forecast_1525,2025-03-05 13:00:00,2960.482,3175.4434,3778.961
forecast_1526,2025-03-05 14:00:00,3005.2427,3173.5461,3850.3203
forecast_1527,2025-03-05 15:00:00,3130.252,3233.6807,3982.7883
forecast_1528,2025-03-05 16:00:00,3309.2007,3365.528,4199.1123
forecast_1529,2025-03-05 17:00:00,3548.9636,3587.0447,4535.735
forecast_1530,2025-03-05 18:00:00,3915.926,3918.8564,5038.423
forecast_1531,2025-03-05 19:00:00,4630.4863,4407.4326,5720.4067
forecast_1532,2025-03-05 20:00:00,5931.752,5223.817,6504.445
forecast_1533,2025-03-05 21:00:00,7100.0835,6601.803,7283.687
forecast_1534,2025-03-05 22:00:00,7646.925,8080.6997,8009.0435
forecast_1535,2025-03-05 23:00:00,7853.59,8947.277,8663.077
forecast_1536,2025-03-06 00:00:00,8002.314,9330.787,9238.991
forecast_1537,2025-03-06 01:00:00,7692.9707,9609.043,7641.123
forecast_1538,2025-03-06 02:00:00,7490.8774,9771.527,7335.8506
forecast_1539,2025-03-06 03:00:00,7960.9946,10027.097,6087.581
forecast_1540,2025-03-06 04:00:00,8296.598,10362.881,5610.855
forecast_1541,2025-03-06 05:00:00,8454.143,10607.143,5253.478
forecast_1542,2025-03-06 06:00:00,8361.814,10475.972,5104.335
forecast_1543,2025-03-06 07:00:00,7963.987,9444.741,4895.1934
forecast_1544,2025-03-06 08:00:00,7070.285,7122.516,4614.586
forecast_1545,2025-03-06 09:00:00,5551.199,4919.0312,4259.2896
forecast_1546,2025-03-06 10:00:00,4097.51,3859.4185,3968.3936
forecast_1547,2025-03-06 11:00:00,3320.0159,3427.056,3807.1672
forecast_1548,2025-03-06 12:00:00,3009.0098,3245.1406,3752.1133
forecast_1549,2025-03-06 13:00:00,2936.0916,3174.6758,3762.548
forecast_1550,2025-03-06 14:00:00,2981.9895,3172.9968,3827.2158
forecast_1551,2025-03-06 15:00:00,3106.0818,3233.3462,3953.3103
forecast_1552,2025-03-06 16:00:00,3282.248,3365.4133,4163.292
forecast_1553,2025-03-06 17:00:00,3517.2537,3586.9775,4493.355
forecast_1554,2025-03-06 18:00:00,3875.1433,3918.1177,4989.9033
forecast_1555,2025-03-06 19:00:00,4569.1055,4403.955,5668.4487
forecast_1556,2025-03-06 20:00:00,5844.538,5212.4707,6452.7754
forecast_1557,2025-03-06 21:00:00,7030.692,6579.0464,7234.451
forecast_1558,2025-03-06 22:00:00,7606.347,8058.977,7964.49
forecast_1559,2025-03-06 23:00:00,7824.0386,8934.662,8622.983
forecast_1560,2025-03-07 00:00:00,7974.859,9323.503,9201.958
forecast_1561,2025-03-07 01:00:00,7645.7,9605.73,7614.878
forecast_1562,2025-03-07 02:00:00,7404.733,9768.752,7329.122
forecast_1563,2025-03-07 03:00:00,7862.1016,10018.807,6098.9077
forecast_1564,2025-03-07 04:00:00,8202.809,10347.08,5631.6245
forecast_1565,2025-03-07 05:00:00,8369.909,10584.693,5277.576
forecast_1566,2025-03-07 06:00:00,8285.338,10443.558,5127.598
forecast_1567,2025-03-07 07:00:00,7892.885,9398.411,4915.336
forecast_1568,2025-03-07 08:00:00,7001.1885,7080.7046,4629.5957
forecast_1569,2025-03-07 09:00:00,5483.518,4902.007,4267.8105
forecast_1570,2025-03-07 10:00:00,4043.4478,3854.079,3969.8474
forecast_1571,2025-03-07 11:00:00,3282.3264,3424.9785,3801.8853
forecast_1572,2025-03-07 12:00:00,2980.5527,3244.0193,3740.0645
forecast_1573,2025-03-07 13:00:00,2911.7537,3173.8848,3743.7979
forecast_1574,2025-03-07 14:00:00,2958.7727,3172.4204,3801.9749
forecast_1575,2025-03-07 15:00:00,3081.944,3232.976,3921.7214
forecast_1576,2025-03-07 16:00:00,3255.381,3365.2522,4125.1255
forecast_1577,2025-03-07 17:00:00,3485.8,3586.8564,4448.0913
forecast_1578,2025-03-07 18:00:00,3835.0002,3917.3362,4937.802
forecast_1579,2025-03-07 19:00:00,4509.186,4400.502,5612.5586
forecast_1580,2025-03-07 20:00:00,5758.11,5201.3335,6397.4683
forecast_1581,2025-03-07 21:00:00,6960.084,6556.6123,7181.9043
forecast_1582,2025-03-07 22:00:00,7564.744,8037.303,7917.086
forecast_1583,2025-03-07 23:00:00,7794.761,8921.965,8580.6875
forecast_1584,2025-03-08 00:00:00,7948.1826,9316.139,9163.19
forecast_1585,2025-03-08 01:00:00,7600.752,9602.371,7586.3604
forecast_1586,2025-03-08 02:00:00,7321.691,9766.048,7319.986
forecast_1587,2025-03-08 03:00:00,7763.699,10010.735,6107.7983
forecast_1588,2025-03-08 04:00:00,8108.243,10331.405,5650.8174
forecast_1589,2025-03-08 05:00:00,8284.48,10562.147,5300.1035
forecast_1590,2025-03-08 06:00:00,8207.701,10410.903,5148.933
forecast_1591,2025-03-08 07:00:00,7820.8774,9352.012,4932.865
forecast_1592,2025-03-08 08:00:00,6931.4766,7039.3213,4641.505
forecast_1593,2025-03-08 09:00:00,5415.5723,4885.205,4273.0195
forecast_1594,2025-03-08 10:00:00,3989.5273,3848.7522,3968.1096
forecast_1595,2025-03-08 11:00:00,3244.833,3422.8792,3793.6658
forecast_1596,2025-03-08 12:00:00,2952.2097,3242.871,3725.356
forecast_1597,2025-03-08 13:00:00,2887.4854,3173.0676,3722.6165
forecast_1598,2025-03-08 14:00:00,2935.6074,3171.8142,3774.3906
forecast_1599,2025-03-08 15:00:00,3057.8567,3232.5686,3887.6155
forecast_1600,2025-03-08 16:00:00,3228.6194,3365.0408,4083.8882
forecast_1601,2025-03-08 17:00:00,3454.6182,3586.6765,4398.7314
forecast_1602,2025-03-08 18:00:00,3795.4983,3916.5083,4880.321
forecast_1603,2025-03-08 19:00:00,4450.701,4397.069,5550.6396
forecast_1604,2025-03-08 20:00:00,5672.6855,5190.3994,6336.6904
forecast_1605,2025-03-08 21:00:00,6888.3306,6534.5034,7124.597
forecast_1606,2025-03-08 22:00:00,7522.015,8015.6934,7865.653
forecast_1607,2025-03-08 23:00:00,7765.6885,8909.195,8535.251
forecast_1608,2025-03-09 00:00:00,7922.1777,9308.7,9121.882
forecast_1609,2025-03-09 01:00:00,7557.924,9598.967,7554.712
forecast_1610,2025-03-09 02:00:00,7241.851,9763.408,7307.7144
forecast_1611,2025-03-09 03:00:00,7666.0615,10002.881,6113.723
forecast_1612,2025-03-09 04:00:00,8013.0835,10315.867,5668.466
forecast_1613,2025-03-09 05:00:00,8197.986,10539.514,5321.2085
forecast_1614,2025-03-09 06:00:00,8128.9683,10378.023,5168.3716
forecast_1615,2025-03-09 07:00:00,7748.0024,9305.568,4947.5747
forecast_1616,2025-03-09 08:00:00,6861.173,6998.3735,4649.985
forecast_1617,2025-03-09 09:00:00,5347.3945,4868.6167,4274.579
forecast_1618,2025-03-09 10:00:00,3935.786,3843.429,3962.9058
forecast_1619,2025-03-09 11:00:00,3207.5593,3420.752,3782.292
forecast_1620,2025-03-09 12:00:00,2923.9995,3241.6924,3707.7744
forecast_1621,2025-03-09 13:00:00,2863.302,3172.2195,3698.7104
forecast_1622,2025-03-09 14:00:00,2912.5115,3171.1743,3744.0005
forecast_1623,2025-03-09 15:00:00,3033.8354,3232.119,3850.2278
forecast_1624,2025-03-09 16:00:00,3201.9805,3364.7773,4038.271
forecast_1625,2025-03-09 17:00:00,3423.719,3586.436,4343.0703
forecast_1626,2025-03-09 18:00:00,3756.637,3915.6301,4814.0996
forecast_1627,2025-03-09 19:00:00,4393.619,4393.6523,5478.664
forecast_1628,2025-03-09 20:00:00,5588.472,5179.663,6266.9355
forecast_1629,2025-03-09 21:00:00,6815.5103,6512.724,7059.839
forecast_1630,2025-03-09 22:00:00,7478.076,7994.167,7808.0825
forecast_1631,2025-03-09 23:00:00,7736.749,8896.365,8485.031
forecast_1632,2025-03-10 00:00:00,7896.7485,9301.194,9076.656
forecast_1633,2025-03-10 01:00:00,7517.0166,9595.521,7518.414
forecast_1634,2025-03-10 02:00:00,7165.2656,9760.831,7290.861
forecast_1635,2025-03-10 03:00:00,7569.4673,9995.234,6115.457
forecast_1636,2025-03-10 04:00:00,7917.526,10300.47,5684.307
forecast_1637,2025-03-10 05:00:00,8110.5693,10516.802,5340.766
forecast_1638,2025-03-10 06:00:00,8049.221,10344.933,5185.5547
forecast_1639,2025-03-10 07:00:00,7674.3037,9259.104,4958.727
forecast_1640,2025-03-10 08:00:00,6790.309,6957.8643,4654.18
forecast_1641,2025-03-10 09:00:00,5279.021,4852.224,4271.706
forecast_1642,2025-03-10 10:00:00,3882.263,3838.1013,3953.6248
forecast_1643,2025-03-10 11:00:00,3170.5286,3418.5916,3767.2673
forecast_1644,2025-03-10 12:00:00,2895.9375,3240.4797,3686.8298
forecast_1645,2025-03-10 13:00:00,2839.2183,3171.3389,3671.4868
forecast_1646,2025-03-10 14:00:00,2889.4998,3170.4973,3709.9514
forecast_1647,2025-03-10 15:00:00,3009.8984,3231.6245,3808.187
forecast_1648,2025-03-10 16:00:00,3175.481,3364.4563,3985.9106
forecast_1649,2025-03-10 17:00:00,3393.1194,3586.1306,4276.9424
forecast_1650,2025-03-10 18:00:00,3718.4148,3914.6985,4732.429
forecast_1651,2025-03-10 19:00:00,4337.907,4390.247,5388.2837
forecast_1652,2025-03-10 20:00:00,5505.658,5169.12,6180.9604
forecast_1653,2025-03-10 21:00:00,6741.7173,6491.2803,6982.3306
forecast_1654,2025-03-10 22:00:00,7432.857,7972.7393,7740.3804
forecast_1655,2025-03-10 23:00:00,7707.8755,8883.489,8427.006
forecast_1656,2025-03-11 00:00:00,7871.808,9293.632,9025.042
forecast_1657,2025-03-11 01:00:00,7477.846,9592.034,7474.634
forecast_1658,2025-03-11 02:00:00,7091.9478,9758.309,7266.327
forecast_1659,2025-03-11 03:00:00,7474.187,9987.795,6109.817
forecast_1660,2025-03-11 04:00:00,7821.765,10285.22,5696.6353
forecast_1661,2025-03-11 05:00:00,8022.393,10494.024,5357.081
forecast_1662,2025-03-11 06:00:00,7968.5566,10311.644,5198.4478
forecast_1663,2025-03-11 07:00:00,7599.8403,9212.6455,4963.968
forecast_1664,2025-03-11 08:00:00,6718.921,6917.7993,4651.9453
forecast_1665,2025-03-11 09:00:00,5210.4917,4836.0186,4262.6997
forecast_1666,2025-03-11 10:00:00,3828.9966,3832.7617,3939.0095
forecast_1667,2025-03-11 11:00:00,3133.7622,3416.394,3747.6084
forecast_1668,2025-03-11 12:00:00,2868.04,3239.2263,3661.5906
forecast_1669,2025-03-11 13:00:00,2815.251,3170.4219,3639.8564
forecast_1670,2025-03-11 14:00:00,2866.5886,3169.7808,3670.7173
forecast_1671,2025-03-11 15:00:00,2986.062,3231.0818,3759.0232
forecast_1672,2025-03-11 16:00:00,3149.1387,3364.0747,3922.3313
forecast_1673,2025-03-11 17:00:00,3362.829,3585.7556,4191.8726
forecast_1674,2025-03-11 18:00:00,3680.8308,3913.7104,4620.6084
forecast_1675,2025-03-11 19:00:00,4283.5312,4386.85,5260.182
forecast_1676,2025-03-11 20:00:00,5424.406,5158.763,6062.0015
forecast_1677,2025-03-11 21:00:00,6667.0527,6470.171,6880.537
forecast_1678,2025-03-11 22:00:00,7386.304,7951.4253,7654.2993
forecast_1679,2025-03-11 23:00:00,7678.995,8870.574,8355.165
forecast_1680,2025-03-12 00:00:00,7847.281,9286.016,8962.294
forecast_1681,2025-03-12 01:00:00,7440.2417,9588.51,7417.61
forecast_1682,2025-03-12 02:00:00,7021.8706,9755.84,7226.3984
forecast_1683,2025-03-12 03:00:00,7380.483,9980.555,6086.4043
forecast_1684,2025-03-12 04:00:00,7726.007,10270.124,5695.3457
forecast_1685,2025-03-12 05:00:00,7933.6333,10471.189,5358.616
forecast_1686,2025-03-12 06:00:00,7887.0854,10278.176,5196.4897
forecast_1687,2025-03-12 07:00:00,7524.6816,9166.22,4954.9287
forecast_1688,2025-03-12 08:00:00,6647.051,6878.182,4637.4487
forecast_1689,2025-03-12 09:00:00,5141.8486,4819.9873,4243.6777
forecast_1690,2025-03-12 10:00:00,3776.0303,3827.4026,3916.5083
forecast_1691,2025-03-12 11:00:00,3097.2852,3414.1538,3721.4236
forecast_1692,2025-03-12 12:00:00,2840.3252,3237.9324,3630.3308
forecast_1693,2025-03-12 13:00:00,2791.415,3169.4646,3601.841
forecast_1694,2025-03-12 14:00:00,2843.7942,3169.0217,3623.5164
forecast_1695,2025-03-12 15:00:00,2962.3438,3230.487,3698.048
forecast_1696,2025-03-12 16:00:00,3122.9717,3363.6301,3838.399
forecast_1697,2025-03-12 17:00:00,3332.862,3585.3093,4068.8308
forecast_1698,2025-03-12 18:00:00,3643.8835,3912.6611,4442.359
forecast_1699,2025-03-12 19:00:00,4230.4556,4383.4585,5042.9023
forecast_1700,2025-03-12 20:00:00,5344.8506,5148.59,5864.5938
forecast_1701,2025-03-12 21:00:00,6591.631,6449.402,6725.574
forecast_1702,2025-03-12 22:00:00,7338.3867,7930.241,7530.638
forecast_1703,2025-03-12 23:00:00,7650.0396,8857.635,8256.106
forecast_1704,2025-03-13 00:00:00,7823.102,9278.355,8878.276
forecast_1705,2025-03-13 01:00:00,7404.044,9584.949,7334.039
forecast_1706,2025-03-13 02:00:00,6954.975,9753.416,7147.1567
forecast_1707,2025-03-13 03:00:00,7288.6084,9973.507,5998.328
forecast_1708,2025-03-13 04:00:00,7630.4604,10255.1875,5607.048
forecast_1709,2025-03-13 05:00:00,7844.4756,10448.3125,5256.969
forecast_1710,2025-03-13 06:00:00,7804.936,10244.549,5113.4946
forecast_1711,2025-03-13 07:00:00,7448.91,9119.854,4894.6084
forecast_1712,2025-03-13 08:00:00,6574.7515,6839.017,4591.929
forecast_1713,2025-03-13 09:00:00,5073.14,4804.1167,4204.8047
forecast_1714,2025-03-13 10:00:00,3723.405,3822.0159,3880.5493
forecast_1715,2025-03-13 11:00:00,3061.122,3411.8665,3684.933
forecast_1716,2025-03-13 12:00:00,2812.8083,3236.5916,3589.7488
forecast_1717,2025-03-13 13:00:00,2767.7258,3168.4656,3553.7107
forecast_1718,2025-03-13 14:00:00,2821.1323,3168.216,3562.9968
forecast_1719,2025-03-13 15:00:00,2938.7573,3229.839,3615.696
forecast_1720,2025-03-13 16:00:00,3096.997,3363.1199,3713.6177
forecast_1721,2025-03-13 17:00:00,3303.2292,3584.787,3860.6677
forecast_1722,2025-03-13 18:00:00,3607.572,3911.549,4102.124
forecast_1723,2025-03-13 19:00:00,4178.6475,4380.0664,4591.0117
forecast_1724,2025-03-13 20:00:00,5267.099,5138.5933,5446.6167
forecast_1725,2025-03-13 21:00:00,6515.579,6428.9736,6431.3564
forecast_1726,2025-03-13 22:00:00,7289.0884,7909.2046,7317.111
forecast_1727,2025-03-13 23:00:00,7620.9355,8844.683,8095.0376
forecast_1728,2025-03-14 00:00:00,7799.219,9270.656,8748.063
forecast_1729,2025-03-14 01:00:00,7369.11,9581.354,7187.3525
forecast_1730,2025-03-14 02:00:00,6891.1753,9751.037,6927.818
forecast_1731,2025-03-14 03:00:00,7198.8047,9966.647,5572.14
forecast_1732,2025-03-14 04:00:00,7535.3345,10240.417,4989.037
forecast_1733,2025-03-14 05:00:00,7755.1196,10425.403,4557.2583
forecast_1734,2025-03-14 06:00:00,7722.252,10210.774,4540.613
forecast_1735,2025-03-14 07:00:00,7372.6157,9073.57,4575.382
forecast_1736,2025-03-14 08:00:00,6502.079,6800.3022,4438.9526
forecast_1737,2025-03-14 09:00:00,5004.4155,4788.395,4116.548
forecast_1738,2025-03-14 10:00:00,3671.1667,3816.5955,3817.5432
forecast_1739,2025-03-14 11:00:00,3025.2952,3409.528,3629.9504
forecast_1740,2025-03-14 12:00:00,2785.508,3235.2034,3533.0964
forecast_1741,2025-03-14 13:00:00,2744.1985,3167.4194,3487.9395
forecast_1742,2025-03-14 14:00:00,2798.6182,3167.3616,3478.019
forecast_1743,2025-03-14 15:00:00,2915.3225,3229.1335,3490.574
forecast_1744,2025-03-14 16:00:00,3071.2297,3362.5383,3498.6035
forecast_1745,2025-03-14 17:00:00,3273.9426,3584.1873,3462.1226
forecast_1746,2025-03-14 18:00:00,3571.8928,3910.3694,3468.9023
forecast_1747,2025-03-14 19:00:00,4128.073,4376.6724,3772.64
forecast_1748,2025-03-14 20:00:00,5191.2266,5128.7695,4557.963
forecast_1749,2025-03-14 21:00:00,6439.0337,6408.888,5751.7046
forecast_1750,2025-03-14 22:00:00,7238.415,7888.3267,6855.5537
forecast_1751,2025-03-14 23:00:00,7591.6084,8831.727,7764.3774
forecast_1752,2025-03-15 00:00:00,7775.581,9262.926,8497.993
forecast_1753,2025-03-15 01:00:00,7335.313,9577.727,6854.3765
forecast_1754,2025-03-15 02:00:00,6830.362,9748.695,6173.016
forecast_1755,2025-03-15 03:00:00,7111.2886,9959.968,4679.274
forecast_1756,2025-03-15 04:00:00,7440.8403,10225.813,4296.3022
forecast_1757,2025-03-15 05:00:00,7665.7656,10402.476,3860.9111
forecast_1758,2025-03-15 06:00:00,7639.183,10176.876,3657.9592
forecast_1759,2025-03-15 07:00:00,7295.9043,9027.3955,3572.1394
forecast_1760,2025-03-15 08:00:00,6429.1006,6762.0435,3847.2737
forecast_1761,2025-03-15 09:00:00,4935.731,4772.812,3871.0842
forecast_1762,2025-03-15 10:00:00,3619.3594,3811.1343,3688.7993
forecast_1763,2025-03-15 11:00:00,2989.8289,3407.1343,3536.5413
forecast_1764,2025-03-15 12:00:00,2758.4412,3233.7615,3445.1682
forecast_1765,2025-03-15 13:00:00,2720.848,3166.3262,3387.8655
forecast_1766,2025-03-15 14:00:00,2776.2666,3166.4563,3343.2107
forecast_1767,2025-03-15 15:00:00,2892.054,3228.3672,3272.5012
forecast_1768,2025-03-15 16:00:00,3045.687,3361.8845,3101.5508
forecast_1769,2025-03-15 17:00:00,3245.013,3583.5054,2895.8892
forecast_1770,2025-03-15 18:00:00,3536.8464,3909.1208,2937.6443
forecast_1771,2025-03-15 19:00:00,4078.7017,4373.272,3243.1
forecast_1772,2025-03-15 20:00:00,5117.2793,5119.1133,3839.046
forecast_1773,2025-03-15 21:00:00,6362.148,6389.147,4811.8315
forecast_1774,2025-03-15 22:00:00,7186.3896,7867.625,5949.282
forecast_1775,2025-03-15 23:00:00,7561.9863,8818.78,6981.2617
forecast_1776,2025-03-16 00:00:00,7752.1533,9255.171,7888.6064
forecast_1777,2025-03-16 01:00:00,7302.5396,9574.068,6006.3145
forecast_1778,2025-03-16 02:00:00,6772.41,9746.39,5367.8906
forecast_1779,2025-03-16 03:00:00,7026.2603,9953.463,4347.7603
forecast_1780,2025-03-16 04:00:00,7347.192,10211.386,4075.4224
forecast_1781,2025-03-16 05:00:00,7576.6187,10379.537,3645.5713
forecast_1782,2025-03-16 06:00:00,7555.8975,10142.87,3370.1746
forecast_1783,2025-03-16 07:00:00,7218.887,8981.356,3015.5483
forecast_1784,2025-03-16 08:00:00,6355.8877,6724.239,2883.8445
forecast_1785,2025-03-16 09:00:00,4867.1475,4757.3535,3160.9868
forecast_1786,2025-03-16 10:00:00,3568.0303,3805.6265,3370.7188
forecast_1787,2025-03-16 11:00:00,2954.7478,3404.68,3349.465
forecast_1788,2025-03-16 12:00:00,2731.6262,3232.2642,3287.719
forecast_1789,2025-03-16 13:00:00,2697.6887,3165.1807,3213.3435
forecast_1790,2025-03-16 14:00:00,2754.0933,3165.4963,3100.1658
forecast_1791,2025-03-16 15:00:00,2868.966,3227.5386,2882.1797
forecast_1792,2025-03-16 16:00:00,3020.3855,3361.1553,2623.6562
forecast_1793,2025-03-16 17:00:00,3216.4504,3582.7383,2593.4358
forecast_1794,2025-03-16 18:00:00,3502.429,3907.7998,2759.0164
forecast_1795,2025-03-16 19:00:00,4030.5024,4369.8633,3080.99
forecast_1796,2025-03-16 20:00:00,5045.276,5109.6196,3612.1118
forecast_1797,2025-03-16 21:00:00,6285.0864,6369.75,4412.805
forecast_1798,2025-03-16 22:00:00,7133.0537,7847.111,5325.8555
forecast_1799,2025-03-16 23:00:00,7531.991,8805.853,6084.9424
forecast_1800,2025-03-17 00:00:00,7728.902,9247.398,6793.672
forecast_1801,2025-03-17 01:00:00,7270.6875,9570.381,5179.9546
forecast_1802,2025-03-17 02:00:00,6717.187,9744.112,5114.263
forecast_1803,2025-03-17 03:00:00,6943.8975,9947.124,4213.031
forecast_1804,2025-03-17 04:00:00,7254.6,10197.134,3975.8113
forecast_1805,2025-03-17 05:00:00,7487.8853,10356.6045,3554.0957
forecast_1806,2025-03-17 06:00:00,7472.5703,10108.778,3265.1096
forecast_1807,2025-03-17 07:00:00,7141.688,8935.478,2848.4956
forecast_1808,2025-03-17 08:00:00,6282.5244,6686.888,2532.403
forecast_1809,2025-03-17 09:00:00,4798.7275,4742.01,2447.399
forecast_1810,2025-03-17 10:00:00,3517.2263,3800.0654,2699.2083
forecast_1811,2025-03-17 11:00:00,2920.076,3402.1628,2932.8562
forecast_1812,2025-03-17 12:00:00,2705.0803,3230.7092,2968.4795
forecast_1813,2025-03-17 13:00:00,2674.7366,3163.981,2881.0444
forecast_1814,2025-03-17 14:00:00,2732.113,3164.4792,2685.7249
forecast_1815,2025-03-17 15:00:00,2846.0771,3226.6438,2461.0923
forecast_1816,2025-03-17 16:00:00,2995.34,3360.3474,2401.709
forecast_1817,2025-03-17 17:00:00,3188.2651,3581.884,2492.4712
forecast_1818,2025-03-17 18:00:00,3468.6406,3906.4038,2691.8872
forecast_1819,2025-03-17 19:00:00,3983.449,4366.4414,3016.6987
forecast_1820,2025-03-17 20:00:00,4975.211,5100.284,3527.5547
forecast_1821,2025-03-17 21:00:00,6208.023,6350.697,4278.151
forecast_1822,2025-03-17 22:00:00,7078.4653,7826.797,5128.932
forecast_1823,2025-03-17 23:00:00,7501.5513,8792.956,5790.5195
forecast_1824,2025-03-18 00:00:00,7705.802,9239.616,6268.1997
forecast_1825,2025-03-18 01:00:00,7239.6733,9566.667,4934.932
forecast_1826,2025-03-18 02:00:00,6664.5513,9741.86,5002.2134
forecast_1827,2025-03-18 03:00:00,6864.351,9940.945,4141.717
forecast_1828,2025-03-18 04:00:00,7163.276,10183.062,3925.89
forecast_1829,2025-03-18 05:00:00,7399.7686,10333.6875,3510.8835
forecast_1830,2025-03-18 06:00:00,7389.3804,10074.62,3218.9717
forecast_1831,2025-03-18 07:00:00,7064.4346,8889.781,2783.469
forecast_1832,2025-03-18 08:00:00,6209.0947,6649.9893,2419.705
forecast_1833,2025-03-18 09:00:00,4730.5415,4726.7686,2211.9941
forecast_1834,2025-03-18 10:00:00,3466.9958,3794.4456,2241.7812
forecast_1835,2025-03-18 11:00:00,2885.8352,3399.5776,2382.2805
forecast_1836,2025-03-18 12:00:00,2678.8206,3229.0918,2474.8796
forecast_1837,2025-03-18 13:00:00,2652.006,3162.7246,2431.8516
forecast_1838,2025-03-18 14:00:00,2710.3389,3163.4026,2325.646
forecast_1839,2025-03-18 15:00:00,2823.4011,3225.6807,2277.18
forecast_1840,2025-03-18 16:00:00,2970.5667,3359.4578,2321.7107
forecast_1841,2025-03-18 17:00:00,3160.4666,3580.939,2446.8591
forecast_1842,2025-03-18 18:00:00,3435.4788,3904.9292,2657.5247
forecast_1843,2025-03-18 19:00:00,3937.5142,4363.0044,2983.1072
forecast_1844,2025-03-18 20:00:00,4907.058,5091.1016,3485.1753
forecast_1845,2025-03-18 21:00:00,6131.1436,6331.988,4215.1777
forecast_1846,2025-03-18 22:00:00,7022.7,7806.6978,5046.5386
forecast_1847,2025-03-18 23:00:00,7470.5923,8780.102,5695.052
forecast_1848,2025-03-19 00:00:00,7682.8296,9231.827,6123.175
forecast_1849,2025-03-19 01:00:00,7209.4204,9562.927,4837.44
forecast_1850,2025-03-19 02:00:00,6614.3633,9739.632,4939.9985
forecast_1851,2025-03-19 03:00:00,6787.745,9934.919,4104.062
forecast_1852,2025-03-19 04:00:00,7073.4263,10169.17,3903.264
forecast_1853,2025-03-19 05:00:00,7312.4624,10310.799,3493.4265
forecast_1854,2025-03-19 06:00:00,7306.513,10040.414,3200.819
forecast_1855,2025-03-19 07:00:00,6987.2637,8844.293,2756.7373
forecast_1856,2025-03-19 08:00:00,6135.696,6613.542,2374.7063
forecast_1857,2025-03-19 09:00:00,4662.6597,4711.6196,2126.8245
forecast_1858,2025-03-19 10:00:00,3417.3875,3788.763,2077.7505
forecast_1859,2025-03-19 11:00:00,2852.0513,3396.921,2124.0684
forecast_1860,2025-03-19 12:00:00,2652.8643,3227.4102,2183.569
forecast_1861,2025-03-19 13:00:00,2629.5115,3161.4084,2190.8892
forecast_1862,2025-03-19 14:00:00,2688.787,3162.264,2182.4922
forecast_1863,2025-03-19 15:00:00,2800.9558,3224.6465,2204.8247
forecast_1864,2025-03-19 16:00:00,2946.0806,3358.4841,2281.9575
forecast_1865,2025-03-19 17:00:00,3133.0667,3579.901,2420.6362
forecast_1866,2025-03-19 18:00:00,3402.9421,3903.3748,2636.7747
forecast_1867,2025-03-19 19:00:00,3892.6743,4359.5493,2962.912
forecast_1868,2025-03-19 20:00:00,4840.7783,5082.0684,3460.5808
forecast_1869,2025-03-19 21:00:00,6054.642,6313.623,4179.2383
forecast_1870,2025-03-19 22:00:00,6965.844,7786.823,4999.3364
forecast_1871,2025-03-19 23:00:00,7439.047,8767.299,5643.5664
forecast_1872,2025-03-20 00:00:00,7659.973,9224.04,6058.3857
forecast_1873,2025-03-20 01:00:00,7179.864,9559.164,4780.5205
forecast_1874,2025-03-20 02:00:00,6566.487,9737.42,4904.3975
forecast_1875,2025-03-20 03:00:00,6714.1772,9929.037,4086.634
forecast_1876,2025-03-20 04:00:00,6985.257,10155.463,3896.9253
forecast_1877,2025-03-20 05:00:00,7226.1562,10287.952,3491.2083
forecast_1878,2025-03-20 06:00:00,7224.1562,10006.182,3198.4604
forecast_1879,2025-03-20 07:00:00,6910.314,8799.034,2749.1763
forecast_1880,2025-03-20 08:00:00,6062.4233,6577.54,2357.087
forecast_1881,2025-03-20 09:00:00,4595.157,4696.5503,2091.2505
forecast_1882,2025-03-20 10:00:00,3368.4487,3783.0103,2009.7156
forecast_1883,2025-03-20 11:00:00,2818.7446,3394.1902,2015.8096
forecast_1884,2025-03-20 12:00:00,2627.2305,3225.6616,2062.492
forecast_1885,2025-03-20 13:00:00,2607.267,3160.0303,2090.4316
forecast_1886,2025-03-20 14:00:00,2667.4705,3161.0605,2117.5352
forecast_1887,2025-03-20 15:00:00,2778.7556,3223.539,2165.5466
forecast_1888,2025-03-20 16:00:00,2921.8972,3357.4238,2257.7954
forecast_1889,2025-03-20 17:00:00,3106.0725,3578.7666,2403.6904
forecast_1890,2025-03-20 18:00:00,3371.029,3901.7363,2623.085
forecast_1891,2025-03-20 19:00:00,3848.9087,4356.073,2949.661
forecast_1892,2025-03-20 20:00:00,4776.316,5073.1797,3445.0662
forecast_1893,2025-03-20 21:00:00,5978.7134,6295.601,4156.908
forecast_1894,2025-03-20 22:00:00,6907.9985,7767.187,4968.9053
forecast_1895,2025-03-20 23:00:00,7406.8506,8754.559,5609.4136
forecast_1896,2025-03-21 00:00:00,7637.216,9216.261,6017.7944
forecast_1897,2025-03-21 01:00:00,7150.9526,9555.378,4743.5107
forecast_1898,2025-03-21 02:00:00,6520.788,9735.222,4885.244
forecast_1899,2025-03-21 03:00:00,6643.714,9923.293,4081.9019
forecast_1900,2025-03-21 04:00:00,6898.9604,10141.941,3900.656
forecast_1901,2025-03-21 05:00:00,7141.0264,10265.16,3498.344
forecast_1902,2025-03-21 06:00:00,7142.4937,9971.941,3205.6018
forecast_1903,2025-03-21 07:00:00,6833.726,8754.027,2752.622
forecast_1904,2025-03-21 08:00:00,5989.385,6541.9805,2353.4746
forecast_1905,2025-03-21 09:00:00,4528.1123,4681.5527,2077.3247
forecast_1906,2025-03-21 10:00:00,3320.2273,3777.1843,1980.0483
forecast_1907,2025-03-21 11:00:00,2785.938,3391.3816,1964.6648
forecast_1908,2025-03-21 12:00:00,2601.934,3223.8435,2000.0717
forecast_1909,2025-03-21 13:00:00,2585.2866,3158.588,2035.6584
forecast_1910,2025-03-21 14:00:00,2646.4038,3159.79,2079.4092
forecast_1911,2025-03-21 15:00:00,2756.815,3222.3555,2140.948
forecast_1912,2025-03-21 16:00:00,2898.0312,3356.2742,2242.031
forecast_1913,2025-03-21 17:00:00,3079.4944,3577.535,2392.288
forecast_1914,2025-03-21 18:00:00,3339.7383,3900.0125,2613.5535
forecast_1915,2025-03-21 19:00:00,3806.1973,4352.574,2940.2566
forecast_1916,2025-03-21 20:00:00,4713.6104,5064.43,3434.479
forecast_1917,2025-03-21 21:00:00,5903.5547,6277.921,4142.4097
forecast_1918,2025-03-21 22:00:00,6849.2705,7747.7993,4948.7393
forecast_1919,2025-03-21 23:00:00,7373.946,8741.891,5585.985
forecast_1920,2025-03-22 00:00:00,7614.547,9208.496,5990.2056
forecast_1921,2025-03-22 01:00:00,7122.6387,9551.572,4719.1475
forecast_1922,2025-03-22 02:00:00,6477.1436,9733.034,4876.8374
forecast_1923,2025-03-22 03:00:00,6576.3955,9917.679,4085.3362
forecast_1924,2025-03-22 04:00:00,6814.7285,10128.6045,3910.719
forecast_1925,2025-03-22 05:00:00,7057.2397,10242.432,3511.2805
forecast_1926,2025-03-22 06:00:00,7061.7085,9937.719,3218.5505
forecast_1927,2025-03-22 07:00:00,6757.645,8709.293,2762.7124
forecast_1928,2025-03-22 08:00:00,5916.684,6506.8584,2357.9392
forecast_1929,2025-03-22 09:00:00,4461.6045,4666.614,2074.7131
forecast_1930,2025-03-22 10:00:00,3272.7703,3771.2803,1968.6669
forecast_1931,2025-03-22 11:00:00,2753.6516,3388.4917,1941.3613
forecast_1932,2025-03-22 12:00:00,2576.9934,3221.953,1967.7908
forecast_1933,2025-03-22 13:00:00,2563.585,3157.0786,2004.44
forecast_1934,2025-03-22 14:00:00,2625.6008,3158.4504,2056.189
forecast_1935,2025-03-22 15:00:00,2735.15,3221.0938,2125.5364
forecast_1936,2025-03-22 16:00:00,2874.4988,3355.0332,2231.8232
forecast_1937,2025-03-22 17:00:00,3053.3428,3576.2017,2384.488
forecast_1938,2025-03-22 18:00:00,3309.071,3898.1995,2606.4622
forecast_1939,2025-03-22 19:00:00,3764.522,4349.048,2932.8662
forecast_1940,2025-03-22 20:00:00,4652.5967,5055.817,3426.456
forecast_1941,2025-03-22 21:00:00,5829.3564,6260.582,4132.579
forecast_1942,2025-03-22 22:00:00,6789.78,7728.6675,4935.4995
forecast_1943,2025-03-22 23:00:00,7340.285,8729.306,5570.2656
forecast_1944,2025-03-23 00:00:00,7591.96,9200.75,5971.5854
forecast_1945,2025-03-23 01:00:00,7094.887,9547.745,4703.4546
forecast_1946,2025-03-23 02:00:00,6435.438,9730.854,4875.6416
forecast_1947,2025-03-23 03:00:00,6512.235,9912.186,4094.0735
forecast_1948,2025-03-23 04:00:00,6732.7354,10115.455,3924.758
forecast_1949,2025-03-23 05:00:00,6974.948,10219.782,3527.7668
forecast_1950,2025-03-23 06:00:00,6981.976,9903.528,3235.0022
forecast_1951,2025-03-23 07:00:00,6682.209,8664.852,2776.8125
forecast_1952,2025-03-23 08:00:00,5844.43,6472.1665,2367.2678
forecast_1953,2025-03-23 09:00:00,4395.7124,4651.7266,2078.656
forecast_1954,2025-03-23 10:00:00,3226.1213,3765.2937,1967.0502
forecast_1955,2025-03-23 11:00:00,2721.907,3385.5173,1932.8098
forecast_1956,2025-03-23 12:00:00,2552.424,3219.9873,1953.0168
forecast_1957,2025-03-23 13:00:00,2542.1743,3155.5,1988.187
forecast_1958,2025-03-23 14:00:00,2605.075,3157.0393,2043.1725
forecast_1959,2025-03-23 15:00:00,2713.7764,3219.751,2116.4927
forecast_1960,2025-03-23 16:00:00,2851.3127,3353.6978,2225.3413
forecast_1961,2025-03-23 17:00:00,3027.6248,3574.7651,2378.8154
forecast_1962,2025-03-23 18:00:00,3279.0247,3896.2961,2600.5244
forecast_1963,2025-03-23 19:00:00,3723.8677,4345.492,2926.2297
forecast_1964,2025-03-23 20:00:00,4593.2075,5047.3345,3419.4993
forecast_1965,2025-03-23 21:00:00,5756.2993,6243.58,4125.4463
forecast_1966,2025-03-23 22:00:00,6729.649,7709.8057,4927.0713
forecast_1967,2025-03-23 23:00:00,7305.8276,8716.813,5560.311
forecast_1968,2025-03-24 00:00:00,7569.444,9193.029,5959.5947
forecast_1969,2025-03-24 01:00:00,7067.6733,9543.901,4693.8804
forecast_1970,2025-03-24 02:00:00,6395.5654,9728.675,4879.334
forecast_1971,2025-03-24 03:00:00,6451.219,9906.808,4106.2285
forecast_1972,2025-03-24 04:00:00,6653.1484,10102.487,3941.2234
forecast_1973,2025-03-24 05:00:00,6894.2915,10197.22,3546.324
forecast_1974,2025-03-24 06:00:00,6903.4634,9869.394,3253.4502
forecast_1975,2025-03-24 07:00:00,6607.555,8620.719,2793.2278
forecast_1976,2025-03-24 08:00:00,5772.7324,6437.8984,2379.4893
forecast_1977,2025-03-24 09:00:00,4330.515,4636.8774,2086.549
forecast_1978,2025-03-24 10:00:00,3180.3247,3759.2202,1971.023
forecast_1979,2025-03-24 11:00:00,2690.7217,3382.4556,1932.3905
forecast_1980,2025-03-24 12:00:00,2528.241,3217.9443,1948.3445
forecast_1981,2025-03-24 13:00:00,2521.0684,3153.849,1981.3425
forecast_1982,2025-03-24 14:00:00,2584.8389,3155.554,2036.932
forecast_1983,2025-03-24 15:00:00,2692.7078,3218.3264,2111.5786
forecast_1984,2025-03-24 16:00:00,2828.4875,3352.266,2221.0195
forecast_1985,2025-03-24 17:00:00,3002.353,3573.2222,2374.0427
forecast_1986,2025-03-24 18:00:00,3249.601,3894.3003,2594.741
forecast_1987,2025-03-24 19:00:00,3684.2202,4341.906,2919.4575
forecast_1988,2025-03-24 20:00:00,4535.3804,5038.9795,3412.6304
forecast_1989,2025-03-24 21:00:00,5684.5513,6226.915,4119.714
forecast_1990,2025-03-24 22:00:00,6669.011,7691.2183,4922.001
forecast_1991,2025-03-24 23:00:00,7270.5483,8704.421,5554.714
forecast_1992,2025-03-25 00:00:00,7546.9927,9185.34,5952.613
forecast_1993,2025-03-25 01:00:00,7040.9736,9540.04,4688.682
forecast_1994,2025-03-25 02:00:00,6357.4307,9726.494,4886.33
forecast_1995,2025-03-25 03:00:00,6393.3135,9901.537,4120.5166
forecast_1996,2025-03-25 04:00:00,6576.1196,10089.706,3959.0693
forecast_1997,2025-03-25 05:00:00,6815.3965,10174.759,3565.9558
forecast_1998,2025-03-25 06:00:00,6826.3296,9835.332,3272.8867
forecast_1999,2025-03-25 07:00:00,6533.8193,8576.916,2810.828
forecast_2000,2025-03-25 08:00:00,5701.6987,6404.046,2393.3093
forecast_2001,2025-03-25 09:00:00,4266.0933,4622.059,2096.786
forecast_2002,2025-03-25 10:00:00,3135.4197,3753.0566,1978.2714
forecast_2003,2025-03-25 11:00:00,2660.1133,3379.304,1936.531
forecast_2004,2025-03-25 12:00:00,2504.4597,3215.8223,1949.3556
forecast_2005,2025-03-25 13:00:00,2500.2793,3152.1262,1980.0352
forecast_2006,2025-03-25 14:00:00,2564.9053,3153.9932,2034.7385
forecast_2007,2025-03-25 15:00:00,2671.9578,3216.8164,2108.952
forecast_2008,2025-03-25 16:00:00,2806.0388,3350.7356,2217.5784
forecast_2009,2025-03-25 17:00:00,2977.5352,3571.5723,2369.2385
forecast_2010,2025-03-25 18:00:00,3220.8003,3892.2095,2588.4204
forecast_2011,2025-03-25 19:00:00,3645.567,4338.2837,2911.971
forecast_2012,2025-03-25 20:00:00,4479.0537,5030.7466,3405.2397
forecast_2013,2025-03-25 21:00:00,5614.2583,6210.582,4114.5283
forecast_2014,2025-03-25 22:00:00,6607.9956,7672.916,4919.2476
forecast_2015,2025-03-25 23:00:00,7234.433,8692.139,5552.428
forecast_2016,2025-03-26 00:00:00,7524.597,9177.687,5949.4575
forecast_2017,2025-03-26 01:00:00,7014.7773,9536.161,4686.632
forecast_2018,2025-03-26 02:00:00,6320.95,9724.309,4895.5225
forecast_2019,2025-03-26 03:00:00,6338.4673,9896.365,4136.0425
forecast_2020,2025-03-26 04:00:00,6501.784,10077.106,3977.5715
forecast_2021,2025-03-26 05:00:00,6738.381,10152.409,3585.977
forecast_2022,2025-03-26 06:00:00,6750.7197,9801.364,3292.63
forecast_2023,2025-03-26 07:00:00,6461.1294,8533.457,2828.8462
forecast_2024,2025-03-26 08:00:00,5631.4385,6370.5996,2407.8494
forecast_2025,2025-03-26 09:00:00,4202.526,4607.262,2108.3008
forecast_2026,2025-03-26 10:00:00,3091.4456,3746.7983,1987.3796
forecast_2027,2025-03-26 11:00:00,2630.0984,3376.0603,1943.1718
forecast_2028,2025-03-26 12:00:00,2481.094,3213.6184,1953.406
forecast_2029,2025-03-26 13:00:00,2479.818,3150.3262,1981.6858
forecast_2030,2025-03-26 14:00:00,2545.287,3152.3547,2034.6028
forecast_2031,2025-03-26 15:00:00,2651.5415,3215.2197,2107.237
forecast_2032,2025-03-26 16:00:00,2783.9788,3349.1052,2214.109
forecast_2033,2025-03-26 17:00:00,2953.1816,3569.8105,2363.8135
forecast_2034,2025-03-26 18:00:00,3192.6245,3890.0195,2581.1729
forecast_2035,2025-03-26 19:00:00,3607.897,4334.625,2903.474
forecast_2036,2025-03-26 20:00:00,4424.1743,5022.6323,3396.9988
forecast_2037,2025-03-26 21:00:00,5545.548,6194.581,4109.352
forecast_2038,2025-03-26 22:00:00,6546.744,7654.905,4918.0723
forecast_2039,2025-03-26 23:00:00,7197.4814,8679.976,5552.6694
forecast_2040,2025-03-27 00:00:00,7502.2515,9170.073,5949.2466
forecast_2041,2025-03-27 01:00:00,6989.0776,9532.269,4686.851
forecast_2042,2025-03-27 02:00:00,6286.0493,9722.115,4906.1226
forecast_2043,2025-03-27 03:00:00,6286.6074,9891.285,4152.177
forecast_2044,2025-03-27 04:00:00,6430.265,10064.688,3996.2231
forecast_2045,2025-03-27 05:00:00,6663.3477,10130.179,3605.912
forecast_2046,2025-03-27 06:00:00,6676.768,9767.511,3312.207
forecast_2047,2025-03-27 07:00:00,6389.6064,8490.358,2846.7583
forecast_2048,2025-03-27 08:00:00,5562.0503,6337.55,2422.5056
forecast_2049,2025-03-27 09:00:00,4139.8877,4592.478,2120.351
forecast_2050,2025-03-27 10:00:00,3048.4368,3740.443,1997.4176
forecast_2051,2025-03-27 11:00:00,2600.6921,3372.721,1951.0573
forecast_2052,2025-03-27 12:00:00,2458.1572,3211.33,1958.8959
forecast_2053,2025-03-27 13:00:00,2459.6975,3148.4492,1984.6495
forecast_2054,2025-03-27 14:00:00,2525.9956,3150.6365,2035.2
forecast_2055,2025-03-27 15:00:00,2631.4712,3213.5344,2105.5327
forecast_2056,2025-03-27 16:00:00,2762.3235,3347.371,2210.0715
forecast_2057,2025-03-27 17:00:00,2929.3022,3567.9375,2357.483
forecast_2058,2025-03-27 18:00:00,3165.0747,3887.7305,2572.869
forecast_2059,2025-03-27 19:00:00,3571.2039,4330.9272,2893.8994
forecast_2060,2025-03-27 20:00:00,4370.694,5014.633,3387.801
forecast_2061,2025-03-27 21:00:00,5478.5215,6178.908,4103.8823
forecast_2062,2025-03-27 22:00:00,6485.396,7637.194,4917.962
forecast_2063,2025-03-27 23:00:00,7159.709,8667.938,5554.8496
forecast_2064,2025-03-28 00:00:00,7479.9478,9162.506,5951.3237
forecast_2065,2025-03-28 01:00:00,6963.8755,9528.36,4688.703
forecast_2066,2025-03-28 02:00:00,6252.6646,9719.909,4917.5654
forecast_2067,2025-03-28 03:00:00,6237.6562,9886.289,4168.4697
forecast_2068,2025-03-28 04:00:00,6361.665,10052.45,4014.6672
forecast_2069,2025-03-28 05:00:00,6590.39,10108.083,3625.4321
forecast_2070,2025-03-28 06:00:00,6604.594,9733.79,3331.2957
forecast_2071,2025-03-28 07:00:00,6319.367,8447.631,2864.2053
forecast_2072,2025-03-28 08:00:00,5493.6377,6304.8857,2436.858
forecast_2073,2025-03-28 09:00:00,4078.253,4577.696,2132.419
forecast_2074,2025-03-28 10:00:00,3006.4253,3733.9883,2007.751
forecast_2075,2025-03-28 11:00:00,2571.907,3369.2837,1959.385
forecast_2076,2025-03-28 12:00:00,2435.6616,3208.9565,1964.8474
forecast_2077,2025-03-28 13:00:00,2439.9268,3146.492,1987.9185
forecast_2078,2025-03-28 14:00:00,2507.0417,3148.8354,2035.7192
forecast_2079,2025-03-28 15:00:00,2611.759,3211.7578,2103.3252
forecast_2080,2025-03-28 16:00:00,2741.0833,3345.533,2205.2205
forecast_2081,2025-03-28 17:00:00,2905.907,3565.9495,2350.193
forecast_2082,2025-03-28 18:00:00,3138.155,3885.3389,2563.5684
forecast_2083,2025-03-28 19:00:00,3535.4792,4327.187,2883.3435
forecast_2084,2025-03-28 20:00:00,4318.5737,5006.7427,3377.7024
forecast_2085,2025-03-28 21:00:00,5413.255,6163.559,4097.9985
forecast_2086,2025-03-28 22:00:00,6424.094,7619.7896,4918.579
forecast_2087,2025-03-28 23:00:00,7121.1484,8656.037,5558.5386
forecast_2088,2025-03-29 00:00:00,7457.678,9154.987,5955.2007
forecast_2089,2025-03-29 01:00:00,6939.1772,9524.439,4691.7266
forecast_2090,2025-03-29 02:00:00,6220.7407,9717.689,4929.449
forecast_2091,2025-03-29 03:00:00,6191.523,9881.37,4184.605
forecast_2092,2025-03-29 04:00:00,6296.07,10040.388,4032.655
forecast_2093,2025-03-29 05:00:00,6519.594,10086.13,3644.3066
forecast_2094,2025-03-29 06:00:00,6534.301,9700.217,3349.6797
forecast_2095,2025-03-29 07:00:00,6250.515,8405.286,2880.948
forecast_2096,2025-03-29 08:00:00,5426.294,6272.596,2450.6262
forecast_2097,2025-03-29 09:00:00,4017.691,4562.909,2144.1418
forecast_2098,2025-03-29 10:00:00,2965.4414,3727.429,2017.9397
forecast_2099,2025-03-29 11:00:00,2543.7559,3365.747,1967.6321
forecast_2100,2025-03-29 12:00:00,2413.617,3206.4949,1970.6636
forecast_2101,2025-03-29 13:00:00,2420.5154,3144.4531,1990.9044
forecast_2102,2025-03-29 14:00:00,2488.4343,3146.9514,2035.7173
forecast_2103,2025-03-29 15:00:00,2592.418,3209.8894,2100.3784
forecast_2104,2025-03-29 16:00:00,2720.2698,3343.5881,2199.515
forecast_2105,2025-03-29 17:00:00,2883.007,3563.8442,2342.0405
forecast_2106,2025-03-29 18:00:00,3111.868,3882.8435,2553.4465
forecast_2107,2025-03-29 19:00:00,3500.718,4323.4023,2872.008
forecast_2108,2025-03-29 20:00:00,4267.7793,4998.9595,3366.8718
forecast_2109,2025-03-29 21:00:00,5349.8003,6148.5312,4091.712
forecast_2110,2025-03-29 22:00:00,6362.9834,7602.695,4919.717
forecast_2111,2025-03-29 23:00:00,7081.8423,8644.277,5563.4243
forecast_2112,2025-03-30 00:00:00,7435.4375,9147.524,5960.51
forecast_2113,2025-03-30 01:00:00,6914.9956,9520.505,4695.5864
forecast_2114,2025-03-30 02:00:00,6190.2334,9715.45,4941.4893
forecast_2115,2025-03-30 03:00:00,6148.116,9876.5205,4200.358
forecast_2116,2025-03-30 04:00:00,6233.5464,10028.498,4050.0154
forecast_2117,2025-03-30 05:00:00,6451.0356,10064.326,3662.383
forecast_2118,2025-03-30 06:00:00,6465.9805,9666.815,3367.215
forecast_2119,2025-03-30 07:00:00,6183.1533,8363.337,2896.8318
forecast_2120,2025-03-30 08:00:00,5360.1123,6240.67,2463.626
forecast_2121,2025-03-30 09:00:00,3958.27,4548.109,2155.2727
forecast_2122,2025-03-30 10:00:00,2925.508,3720.7642,2027.6779
forecast_2123,2025-03-30 11:00:00,2516.2473,3362.1086,1975.4585
forecast_2124,2025-03-30 12:00:00,2392.036,3203.9446,1975.985
forecast_2125,2025-03-30 13:00:00,2401.4712,3142.331,1993.2842
forecast_2126,2025-03-30 14:00:00,2470.1838,3144.982,2034.987
forecast_2127,2025-03-30 15:00:00,2573.4575,3207.9253,2096.64
forecast_2128,2025-03-30 16:00:00,2699.8972,3341.5352,2193.0408
forecast_2129,2025-03-30 17:00:00,2860.6113,3561.6204,2333.2083
forecast_2130,2025-03-30 18:00:00,3086.2175,3880.241,2542.7368
forecast_2131,2025-03-30 19:00:00,3466.9158,4319.57,2860.1467
forecast_2132,2025-03-30 20:00:00,4218.2886,4991.278,3355.542
forecast_2133,2025-03-30 21:00:00,5288.1855,6133.8228,4085.1296
forecast_2134,2025-03-30 22:00:00,6302.215,7585.9185,4921.278
forecast_2135,2025-03-30 23:00:00,7041.8564,8632.668,5569.295
forecast_2136,2025-03-31 00:00:00,7413.22,9140.12,5966.9873
forecast_2137,2025-03-31 01:00:00,6891.3496,9516.558,4700.046
forecast_2138,2025-03-31 02:00:00,6161.1084,9713.1875,4953.488
forecast_2139,2025-03-31 03:00:00,6107.339,9871.732,4215.5776
forecast_2140,2025-03-31 04:00:00,6174.1455,10016.78,4066.633
forecast_2141,2025-03-31 05:00:00,6384.7837,10042.686,3679.5667
forecast_2142,2025-03-31 06:00:00,6399.709,9633.597,3383.8127
forecast_2143,2025-03-31 07:00:00,6117.371,8321.791,2911.7625
forecast_2144,2025-03-31 08:00:00,5295.176,6209.093,2475.7415
forecast_2145,2025-03-31 09:00:00,3900.0547,4533.289,2165.6497
forecast_2146,2025-03-31 10:00:00,2886.6487,3713.991,2036.7659
forecast_2147,2025-03-31 11:00:00,2489.3928,3358.3657,1982.6486
forecast_2148,2025-03-31 12:00:00,2370.9246,3201.3025,1980.612
forecast_2149,2025-03-31 13:00:00,2382.8025,3140.1228,1994.9052
forecast_2150,2025-03-31 14:00:00,2452.2983,3142.9246,2033.4757
forecast_2151,2025-03-31 15:00:00,2554.8892,3205.8665,2092.168
forecast_2152,2025-03-31 16:00:00,2679.974,3339.371,2185.9468
forecast_2153,2025-03-31 17:00:00,2838.7297,3559.276,2323.9033
forecast_2154,2025-03-31 18:00:00,3061.21,3877.5298,2531.69
forecast_2155,2025-03-31 19:00:00,3434.0713,4315.6885,2848.0334
forecast_2156,2025-03-31 20:00:00,4170.083,4983.6934,3343.98
forecast_2157,2025-03-31 21:00:00,5228.4175,6119.4272,4078.4216
forecast_2158,2025-03-31 22:00:00,6241.938,7569.462,4923.24
forecast_2159,2025-03-31 23:00:00,7001.2666,8621.212,5576.0044
forecast_2160,2025-04-01 00:00:00,7391.0273,9132.777,5974.4395
forecast_2161,2025-04-01 01:00:00,7050.4824,9512.743,5000.975
forecast_2162,2025-04-01 02:00:00,6417.075,9709.525,5302.5537
forecast_2163,2025-04-01 03:00:00,6491.6514,9864.91,4722.1675
forecast_2164,2025-04-01 04:00:00,6683.5684,10012.293,4608.6895
forecast_2165,2025-04-01 05:00:00,6994.9385,10064.656,4286.642
forecast_2166,2025-04-01 06:00:00,7078.5156,9738.365,3999.129
forecast_2167,2025-04-01 07:00:00,6847.461,8597.548,3521.628
forecast_2168,2025-04-01 08:00:00,6062.9526,6599.1025,2988.3296
forecast_2169,2025-04-01 09:00:00,4618.169,4831.6074,2560.418
forecast_2170,2025-04-01 10:00:00,3407.5586,3898.354,2351.3591
forecast_2171,2025-04-01 11:00:00,2869.9116,3482.4314,2243.474
forecast_2172,2025-04-01 12:00:00,2693.578,3299.5027,2193.2126
forecast_2173,2025-04-01 13:00:00,2690.6802,3229.805,2166.803
forecast_2174,2025-04-01 14:00:00,2770.7485,3233.882,2172.0042
forecast_2175,2025-04-01 15:00:00,2907.2097,3305.3667,2207.7688
forecast_2176,2025-04-01 16:00:00,3079.8208,3453.29,2286.919
forecast_2177,2025-04-01 17:00:00,3284.1084,3691.0315,2419.0635
forecast_2178,2025-04-01 18:00:00,3544.1594,4028.922,2630.5168
forecast_2179,2025-04-01 19:00:00,3980.2131,4499.2144,2967.0068
forecast_2180,2025-04-01 20:00:00,4881.003,5240.598,3514.5776
forecast_2181,2025-04-01 21:00:00,6163.2656,6457.9463,4350.2163
forecast_2182,2025-04-01 22:00:00,7085.399,7846.6504,5297.171
forecast_2183,2025-04-01 23:00:00,7531.9404,8760.542,5979.776
forecast_2184,2025-04-02 00:00:00,7744.7905,9195.001,6383.847
forecast_2185,2025-04-02 01:00:00,7323.534,9534.614,5187.915
forecast_2186,2025-04-02 02:00:00,6810.067,9722.572,5519.9805
forecast_2187,2025-04-02 03:00:00,7040.7026,9890.799,4885.717
forecast_2188,2025-04-02 04:00:00,7291.1943,10061.527,4745.25
forecast_2189,2025-04-02 05:00:00,7444.224,10122.88,4386.141
forecast_2190,2025-04-02 06:00:00,7364.491,9780.392,4068.095
forecast_2191,2025-04-02 07:00:00,6965.4424,8605.044,3559.2449
forecast_2192,2025-04-02 08:00:00,5997.108,6579.774,3003.3784
forecast_2193,2025-04-02 09:00:00,4477.522,4814.6963,2567.4502
forecast_2194,2025-04-02 10:00:00,3342.002,3889.6997,2354.4229
forecast_2195,2025-04-02 11:00:00,2845.447,3477.745,2240.8677
forecast_2196,2025-04-02 12:00:00,2683.696,3296.417,2185.5618
forecast_2197,2025-04-02 13:00:00,2680.5942,3227.3213,2155.3142
forecast_2198,2025-04-02 14:00:00,2759.0735,3231.599,2158.3665
forecast_2199,2025-04-02 15:00:00,2893.6646,3303.075,2192.9216
forecast_2200,2025-04-02 16:00:00,3065.0366,3450.8674,2271.512
forecast_2201,2025-04-02 17:00:00,3266.133,3688.3926,2403.1938
forecast_2202,2025-04-02 18:00:00,3520.1187,4025.8215,2614.267
forecast_2203,2025-04-02 19:00:00,3943.5193,4494.644,2950.51
forecast_2204,2025-04-02 20:00:00,4821.0327,5231.885,3499.0151
forecast_2205,2025-04-02 21:00:00,6093.517,6443.391,4340.063
forecast_2206,2025-04-02 22:00:00,7037.2676,7832.151,5296.845
forecast_2207,2025-04-02 23:00:00,7507.497,8750.955,5984.222
forecast_2208,2025-04-03 00:00:00,7727.772,9188.693,6388.8145
forecast_2209,2025-04-03 01:00:00,7300.263,9530.908,5188.387
forecast_2210,2025-04-03 02:00:00,6767.633,9719.832,5523.534
forecast_2211,2025-04-03 03:00:00,6976.5522,9884.646,4889.764
forecast_2212,2025-04-03 04:00:00,7220.763,10047.797,4749.562
forecast_2213,2025-04-03 05:00:00,7374.516,10099.776,4389.9116
forecast_2214,2025-04-03 06:00:00,7294.2495,9747.051,4071.186
forecast_2215,2025-04-03 07:00:00,6893.2217,8563.734,3560.922
forecast_2216,2025-04-03 08:00:00,5917.612,6546.0166,3002.6887
forecast_2217,2025-04-03 09:00:00,4400.1025,4797.462,2564.9795
forecast_2218,2025-04-03 10:00:00,3288.8325,3881.4307,2350.9634
forecast_2219,2025-04-03 11:00:00,2809.8455,3473.0735,2236.0938
forecast_2220,2025-04-03 12:00:00,2656.8677,3293.1243,2179.409
forecast_2221,2025-04-03 13:00:00,2657.3755,3224.5718,2147.9028
forecast_2222,2025-04-03 14:00:00,2736.9658,3229.035,2150.0464
forecast_2223,2025-04-03 15:00:00,2870.5312,3300.5005,2183.9653
forecast_2224,2025-04-03 16:00:00,3039.5815,3448.1672,2262.1147
forecast_2225,2025-04-03 17:00:00,3237.9395,3685.4937,2393.4216
forecast_2226,2025-04-03 18:00:00,3488.5833,4022.5073,2604.1978
forecast_2227,2025-04-03 19:00:00,3903.857,4489.947,2940.3096
forecast_2228,2025-04-03 20:00:00,4762.027,5223.2046,3489.4348
forecast_2229,2025-04-03 21:00:00,6022.7534,6429.084,4334.1763
forecast_2230,2025-04-03 22:00:00,6987.76,7817.926,5298.3257
forecast_2231,2025-04-03 23:00:00,7482.811,8741.522,5989.7544
forecast_2232,2025-04-04 00:00:00,7711.355,9182.453,6394.765
forecast_2233,2025-04-04 01:00:00,7278.399,9527.199,5189.4985
forecast_2234,2025-04-04 02:00:00,6728.4487,9717.09,5527.4116
forecast_2235,2025-04-04 03:00:00,6915.7197,9878.6,4893.8276
forecast_2236,2025-04-04 04:00:00,7152.595,10034.263,4753.767
forecast_2237,2025-04-04 05:00:00,7306.819,10076.806,4393.517
forecast_2238,2025-04-04 06:00:00,7225.534,9713.841,4074.1096
forecast_2239,2025-04-04 07:00:00,6822.0527,8522.7705,3562.4324
forecast_2240,2025-04-04 08:00:00,5838.8535,6512.6157,3001.8235
forecast_2241,2025-04-04 09:00:00,4324.0396,4780.222,2562.3179
forecast_2242,2025-04-04 10:00:00,3237.2324,3873.0352,2347.354
forecast_2243,2025-04-04 11:00:00,2775.2393,3468.2788,2231.2534
forecast_2244,2025-04-04 12:00:00,2630.707,3289.7212,2173.3088
forecast_2245,2025-04-04 13:00:00,2634.66,3221.7183,2140.6753
forecast_2246,2025-04-04 14:00:00,2715.315,3226.363,2142.0383
forecast_2247,2025-04-04 15:00:00,2847.8516,3297.8083,2175.4387
forecast_2248,2025-04-04 16:00:00,3014.6418,3445.337,2253.271
forecast_2249,2025-04-04 17:00:00,3210.3928,3682.4587,2384.3516
forecast_2250,2025-04-04 18:00:00,3457.9143,4019.0784,2595.0361
forecast_2251,2025-04-04 19:00:00,3865.5007,4485.207,2931.3086
forecast_2252,2025-04-04 20:00:00,4705.241,5214.64,3481.4236
forecast_2253,2025-04-04 21:00:00,5953.161,6415.088,4330.1187
forecast_2254,2025-04-04 22:00:00,6938.0034,7803.998,5301.414
forecast_2255,2025-04-04 23:00:00,7458.0776,8732.246,5996.461
forecast_2256,2025-04-05 00:00:00,7695.521,9176.283,6401.709
forecast_2257,2025-04-05 01:00:00,7257.8477,9523.487,5191.2627
forecast_2258,2025-04-05 02:00:00,6692.3296,9714.342,5531.6396
forecast_2259,2025-04-05 03:00:00,6858.2476,9872.652,4897.938
forecast_2260,2025-04-05 04:00:00,7086.746,10020.922,4757.891
forecast_2261,2025-04-05 05:00:00,7241.2017,10053.983,4396.9854
forecast_2262,2025-04-05 06:00:00,7158.4526,9680.785,4076.897
forecast_2263,2025-04-05 07:00:00,6752.0347,8482.163,3563.8174
forecast_2264,2025-04-05 08:00:00,5760.9556,6479.564,3000.826
forecast_2265,2025-04-05 09:00:00,4249.46,4762.967,2559.5083
forecast_2266,2025-04-05 10:00:00,3187.2307,3864.5105,2343.6362
forecast_2267,2025-04-05 11:00:00,2741.6301,3463.3584,2226.389
forecast_2268,2025-04-05 12:00:00,2605.2168,3286.205,2167.303
forecast_2269,2025-04-05 13:00:00,2612.4548,3218.7585,2133.668
forecast_2270,2025-04-05 14:00:00,2694.128,3223.5837,2134.3752
forecast_2271,2025-04-05 15:00:00,2825.6375,3294.9998,2167.373
forecast_2272,2025-04-05 16:00:00,2990.235,3442.3755,2245.0073
forecast_2273,2025-04-05 17:00:00,3183.507,3679.2874,2376.011
forecast_2274,2025-04-05 18:00:00,3428.1106,4015.533,2586.822
forecast_2275,2025-04-05 19:00:00,3828.4238,4480.4224,2923.5662
forecast_2276,2025-04-05 20:00:00,4650.603,5206.1846,3475.071
forecast_2277,2025-04-05 21:00:00,5884.909,6401.3965,4328.0176
forecast_2278,2025-04-05 22:00:00,6888.1177,7790.372,5306.216
forecast_2279,2025-04-05 23:00:00,7433.28,8723.13,6004.3843
forecast_2280,2025-04-06 00:00:00,7680.26,9170.187,6409.6562
forecast_2281,2025-04-06 01:00:00,7238.5347,9519.772,5193.698
forecast_2282,2025-04-06 02:00:00,6659.106,9711.583,5536.249
forecast_2283,2025-04-06 03:00:00,6804.1655,9866.795,4902.1284
forecast_2284,2025-04-06 04:00:00,7023.276,10007.78,4761.963
forecast_2285,2025-04-06 05:00:00,7177.7153,10031.325,4400.347
forecast_2286,2025-04-06 06:00:00,7093.093,9647.91,4079.5823
forecast_2287,2025-04-06 07:00:00,6683.2695,8441.929,3565.1184
forecast_2288,2025-04-06 08:00:00,5684.0464,6446.8486,2999.7366
forecast_2289,2025-04-06 09:00:00,4176.484,4745.689,2556.59
forecast_2290,2025-04-06 10:00:00,3138.8518,3855.8552,2339.849
forecast_2291,2025-04-06 11:00:00,2709.02,3458.3113,2221.542
forecast_2292,2025-04-06 12:00:00,2580.3992,3282.575,2161.431
forecast_2293,2025-04-06 13:00:00,2590.7617,3215.6921,2126.9192
forecast_2294,2025-04-06 14:00:00,2673.41,3220.694,2127.0886
forecast_2295,2025-04-06 15:00:00,2803.8997,3292.0718,2159.7932
forecast_2296,2025-04-06 16:00:00,2966.3767,3439.2812,2237.3484
forecast_2297,2025-04-06 17:00:00,3157.2947,3675.9749,2368.429
forecast_2298,2025-04-06 18:00:00,3399.1716,4011.8694,2579.5881
forecast_2299,2025-04-06 19:00:00,3792.6033,4475.589,2917.1353
forecast_2300,2025-04-06 20:00:00,4598.045,5197.8374,3470.455
forecast_2301,2025-04-06 21:00:00,5818.167,6388.0093,4327.989
forecast_2302,2025-04-06 22:00:00,6838.2305,7777.0483,5312.8228
forecast_2303,2025-04-06 23:00:00,7408.4136,8714.175,6013.56
forecast_2304,2025-04-07 00:00:00,7665.572,9164.162,6418.6167
forecast_2305,2025-04-07 01:00:00,7220.4053,9516.05,5196.8237
forecast_2306,2025-04-07 02:00:00,6628.6226,9708.808,5541.2705
forecast_2307,2025-04-07 03:00:00,6753.4873,9861.021,4906.4287
forecast_2308,2025-04-07 04:00:00,6962.238,9994.835,4766.009
forecast_2309,2025-04-07 05:00:00,7116.4004,10008.853,4403.6323
forecast_2310,2025-04-07 06:00:00,7029.5405,9615.239,4082.1995
forecast_2311,2025-04-07 07:00:00,6615.8516,8402.081,3566.3723
forecast_2312,2025-04-07 08:00:00,5608.259,6414.462,2998.6023
forecast_2313,2025-04-07 09:00:00,4105.229,4728.3794,2553.6057
forecast_2314,2025-04-07 10:00:00,3092.114,3847.067,2336.0347
forecast_2315,2025-04-07 11:00:00,2677.4067,3453.1372,2216.75
forecast_2316,2025-04-07 12:00:00,2556.2534,3278.8298,2155.732
forecast_2317,2025-04-07 13:00:00,2569.5835,3212.516,2120.459
forecast_2318,2025-04-07 14:00:00,2653.1643,3217.6946,2120.2046
forecast_2319,2025-04-07 15:00:00,2782.6462,3289.0232,2152.721
forecast_2320,2025-04-07 16:00:00,2943.0813,3436.0527,2230.3154
forecast_2321,2025-04-07 17:00:00,3131.7698,3672.523,2361.628
forecast_2322,2025-04-07 18:00:00,3371.1035,4008.0854,2573.3696
forecast_2323,2025-04-07 19:00:00,3758.023,4470.7056,2912.0662
forecast_2324,2025-04-07 20:00:00,4547.502,5189.5913,3467.6584
forecast_2325,2025-04-07 21:00:00,5753.097,6374.9204,4330.1445
forecast_2326,2025-04-07 22:00:00,6788.485,7764.0293,5321.3223
forecast_2327,2025-04-07 23:00:00,7383.496,8705.386,6024.0215
forecast_2328,2025-04-08 00:00:00,7651.463,9158.211,6428.5986
forecast_2329,2025-04-08 01:00:00,7203.4233,9512.321,5200.663
forecast_2330,2025-04-08 02:00:00,6600.748,9706.014,5546.7354
forecast_2331,2025-04-08 03:00:00,6706.209,9855.324,4910.8755
forecast_2332,2025-04-08 04:00:00,6903.6855,9982.087,4770.056
forecast_2333,2025-04-08 05:00:00,7057.282,9986.575,4406.872
forecast_2334,2025-04-08 06:00:00,6967.8696,9582.795,4084.7808
forecast_2335,2025-04-08 07:00:00,6549.876,8362.63,3567.621
forecast_2336,2025-04-08 08:00:00,5533.729,6382.3906,2997.4626
forecast_2337,2025-04-08 09:00:00,4035.8098,4711.0293,2550.5928
forecast_2338,2025-04-08 10:00:00,3047.0266,3838.1462,2332.2292
forecast_2339,2025-04-08 11:00:00,2646.7878,3447.8342,2212.0537
forecast_2340,2025-04-08 12:00:00,2532.778,3274.9697,2150.2383
forecast_2341,2025-04-08 13:00:00,2548.922,3209.2307,2114.3193
forecast_2342,2025-04-08 14:00:00,2633.3933,3214.582,2113.7493
forecast_2343,2025-04-08 15:00:00,2761.887,3285.8533,2146.179
forecast_2344,2025-04-08 16:00:00,2920.364,3432.6895,2223.929
forecast_2345,2025-04-08 17:00:00,3106.9465,3668.9275,2355.6343
forecast_2346,2025-04-08 18:00:00,3106.9465,3668.9275,2355.6343
forecast_2347,2025-04-08 19:00:00,3106.9465,3668.9275,2355.6343
forecast_2348,2025-04-08 20:00:00,3106.9465,3668.9275,2355.6343
forecast_2349,2025-04-08 21:00:00,3106.9465,3668.9275,2355.6343
forecast_2350,2025-04-08 22:00:00,3106.9465,3668.9275,2355.6343
forecast_2351,2025-04-08 23:00:00,3106.9465,3668.9275,2355.6343
forecast_2352,2025-04-09 00:00:00,3106.9465,3668.9275,2355.6343
forecast_2353,2025-04-09 01:00:00,3106.9465,3668.9275,2355.6343
forecast_2354,2025-04-09 02:00:00,3106.9465,3668.9275,2355.6343
forecast_2355,2025-04-09 03:00:00,3106.9465,3668.9275,2355.6343
forecast_2356,2025-04-09 04:00:00,3106.9465,3668.9275,2355.6343
forecast_2357,2025-04-09 05:00:00,3106.9465,3668.9275,2355.6343
forecast_2358,2025-04-09 06:00:00,3106.9465,3668.9275,2355.6343
forecast_2359,2025-04-09 07:00:00,3106.9465,3668.9275,2355.6343
forecast_2360,2025-04-09 08:00:00,3106.9465,3668.9275,2355.6343
forecast_2361,2025-04-09 09:00:00,3106.9465,3668.9275,2355.6343
forecast_2362,2025-04-09 10:00:00,3106.9465,3668.9275,2355.6343
forecast_2363,2025-04-09 11:00:00,3106.9465,3668.9275,2355.6343
forecast_2364,2025-04-09 12:00:00,3106.9465,3668.9275,2355.6343
forecast_2365,2025-04-09 13:00:00,3106.9465,3668.9275,2355.6343
forecast_2366,2025-04-09 14:00:00,3106.9465,3668.9275,2355.6343
forecast_2367,2025-04-09 15:00:00,3106.9465,3668.9275,2355.6343
forecast_2368,2025-04-09 16:00:00,3106.9465,3668.9275,2355.6343
forecast_2369,2025-04-09 17:00:00,3106.9465,3668.9275,2355.6343
forecast_2370,2025-04-09 18:00:00,3317.6138,4000.1438,2564.122
forecast_2371,2025-04-09 19:00:00,3692.5627,4460.7754,2906.2234
forecast_2372,2025-04-09 20:00:00,4452.283,5173.3867,3467.8337
forecast_2373,2025-04-09 21:00:00,5628.5938,6349.6187,4341.438
forecast_2374,2025-04-09 22:00:00,6690.041,7738.9067,5344.3135
forecast_2375,2025-04-09 23:00:00,7333.663,8688.309,6048.903
forecast_2376,2025-04-10 00:00:00,7625.0654,9146.529,6451.661
forecast_2377,2025-04-10 01:00:00,7172.8535,9504.833,5210.57
forecast_2378,2025-04-10 02:00:00,6552.3896,9700.346,5559.124
forecast_2379,2025-04-10 03:00:00,6621.7896,9844.13,4920.336
forecast_2380,2025-04-10 04:00:00,6794.243,9957.1875,4778.258
forecast_2381,2025-04-10 05:00:00,6945.681,9942.682,4413.32
forecast_2382,2025-04-10 06:00:00,6850.436,9518.679,4089.9548
forecast_2383,2025-04-10 07:00:00,6422.628,8284.962,3570.2507
forecast_2384,2025-04-10 08:00:00,5389.022,6319.141,2995.3345
forecast_2385,2025-04-10 09:00:00,3902.902,4676.183,2544.6355
forecast_2386,2025-04-10 10:00:00,2961.8237,3819.8975,2324.7913
forecast_2387,2025-04-10 11:00:00,2588.5132,3436.8386,2203.0862
forecast_2388,2025-04-10 12:00:00,2487.8232,3266.8962,2140.0034
forecast_2389,2025-04-10 13:00:00,2509.146,3202.327,2103.115
forecast_2390,2025-04-10 14:00:00,2595.28,3208.0164,2102.2153
forecast_2391,2025-04-10 15:00:00,2721.8787,3279.1453,2134.7688
forecast_2392,2025-04-10 16:00:00,2876.719,3425.5513,2213.1826
forecast_2393,2025-04-10 17:00:00,3059.4683,3661.3005,2346.1716
forecast_2394,2025-04-10 18:00:00,3292.2175,3995.9824,2561.165
forecast_2395,2025-04-10 19:00:00,3661.6907,4455.7217,2905.5562
forecast_2396,2025-04-10 20:00:00,4407.546,5165.4194,3470.9553
forecast_2397,2025-04-10 21:00:00,5569.454,6337.3975,4350.7734
forecast_2398,2025-04-10 22:00:00,6641.687,7726.802,5358.934
forecast_2399,2025-04-10 23:00:00,7308.8877,8680.023,6063.3604
forecast_2400,2025-04-11 00:00:00,7612.8413,9140.799,6464.7495
forecast_2401,2025-04-11 01:00:00,7159.283,9501.069,5216.681
forecast_2402,2025-04-11 02:00:00,6531.742,9697.463,5566.106
forecast_2403,2025-04-11 03:00:00,6584.592,9838.618,4925.409
forecast_2404,2025-04-11 04:00:00,6743.444,9945.031,4782.4614
forecast_2405,2025-04-11 05:00:00,6893.196,9921.094,4416.581
forecast_2406,2025-04-11 06:00:00,6794.7886,9487.051,4092.6067
forecast_2407,2025-04-11 07:00:00,6361.5444,8246.758,3571.7026
forecast_2408,2025-04-11 08:00:00,5319.145,6287.9355,2994.4219
forecast_2409,2025-04-11 09:00:00,3839.6106,4658.672,2541.7607
forecast_2410,2025-04-11 10:00:00,2921.701,3810.5688,2321.2273
forecast_2411,2025-04-11 11:00:00,2560.841,3431.1448,2198.8806
forecast_2412,2025-04-11 12:00:00,2466.3318,3262.6826,2135.3223
forecast_2413,2025-04-11 13:00:00,2490.0288,3198.7048,2098.1006
forecast_2414,2025-04-11 14:00:00,2576.9377,3204.5618,2097.1794
forecast_2415,2025-04-11 15:00:00,2702.641,3275.6047,2129.9385
forecast_2416,2025-04-11 16:00:00,2855.8164,3421.7737,2208.8638
forecast_2417,2025-04-11 17:00:00,3036.848,3657.2673,2342.7568
forecast_2418,2025-04-11 18:00:00,3267.7446,3991.6917,2559.3745
forecast_2419,2025-04-11 19:00:00,3632.0789,4450.6064,2906.4648
forecast_2420,2025-04-11 20:00:00,4364.712,5157.5356,3476.2034
forecast_2421,2025-04-11 21:00:00,5512.576,6325.4556,4362.6953
forecast_2422,2025-04-11 22:00:00,6594.1685,7715.0024,5375.7095
forecast_2423,2025-04-11 23:00:00,7284.344,8671.908,6079.1777
forecast_2424,2025-04-12 00:00:00,7601.331,9135.14,6478.883
forecast_2425,2025-04-12 01:00:00,7146.8984,9497.291,5223.5938
forecast_2426,2025-04-12 02:00:00,6513.3804,9694.541,5573.655
forecast_2427,2025-04-12 03:00:00,6550.687,9833.152,4930.7544
forecast_2428,2025-04-12 04:00:00,6695.316,9933.07,4786.7607
forecast_2429,2025-04-12 05:00:00,6842.9,9899.763,4419.898
forecast_2430,2025-04-12 06:00:00,6741.2603,9455.737,4095.337
forecast_2431,2025-04-12 07:00:00,6302.289,8208.981,3573.2913
forecast_2432,2025-04-12 08:00:00,5251.1304,6256.989,2993.6606
forecast_2433,2025-04-12 09:00:00,3778.5476,4641.0933,2539.002
forecast_2434,2025-04-12 10:00:00,2883.2175,3801.1013,2317.8079
forecast_2435,2025-04-12 11:00:00,2534.1353,3425.3193,2194.9036
forecast_2436,2025-04-12 12:00:00,2445.489,3258.3494,2130.971
forecast_2437,2025-04-12 13:00:00,2471.4211,3194.9695,2093.512
forecast_2438,2025-04-12 14:00:00,2559.068,3200.9915,2092.6611
forecast_2439,2025-04-12 15:00:00,2683.9214,3271.9395,2125.719
forecast_2440,2025-04-12 16:00:00,2835.5442,3417.8567,2205.2773
forecast_2441,2025-04-12 17:00:00,3014.998,3653.0842,2340.2605
forecast_2442,2025-04-12 18:00:00,3244.2192,3987.2686,2558.7905
forecast_2443,2025-04-12 19:00:00,3603.7517,4445.427,2909.009
forecast_2444,2025-04-12 20:00:00,4323.796,5149.732,3483.6533
forecast_2445,2025-04-12 21:00:00,5458.1,6313.788,4377.289
forecast_2446,2025-04-12 22:00:00,6547.699,7703.507,5394.6724
forecast_2447,2025-04-12 23:00:00,7260.1743,8663.963,6096.3564
forecast_2448,2025-04-13 00:00:00,7590.6055,9129.553,6494.0566
forecast_2449,2025-04-13 01:00:00,7135.7583,9493.493,5231.3306
forecast_2450,2025-04-13 02:00:00,6497.2817,9691.578,5581.793
forecast_2451,2025-04-13 03:00:00,6520.0415,9827.728,4936.394
forecast_2452,2025-04-13 04:00:00,6649.8955,9921.3,4791.176
forecast_2453,2025-04-13 05:00:00,6794.776,9878.704,4423.291
forecast_2454,2025-04-13 06:00:00,6689.8994,9424.755,4098.1675
forecast_2455,2025-04-13 07:00:00,6244.9688,8171.636,3575.0457
forecast_2456,2025-04-13 08:00:00,5185.14,6226.286,2993.0842
forecast_2457,2025-04-13 09:00:00,3719.7925,4623.4404,2536.3877
forecast_2458,2025-04-13 10:00:00,2846.3599,3791.4963,2314.5642
forecast_2459,2025-04-13 11:00:00,2508.3823,3419.362,2191.1829
forecast_2460,2025-04-13 12:00:00,2425.2844,3253.8962,2126.9734
forecast_2461,2025-04-13 13:00:00,2453.3188,3191.1199,2089.372
forecast_2462,2025-04-13 14:00:00,2541.6697,3197.3027,2088.679
forecast_2463,2025-04-13 15:00:00,2665.7239,3268.148,2122.1301
forecast_2464,2025-04-13 16:00:00,2815.9136,3413.7998,2202.4485
forecast_2465,2025-04-13 17:00:00,2993.9397,3648.7507,2338.7122
forecast_2466,2025-04-13 18:00:00,3221.6711,3982.711,2559.4578
forecast_2467,2025-04-13 19:00:00,3576.7505,4440.1777,2913.2485
forecast_2468,2025-04-13 20:00:00,4284.836,5142.0024,3493.3818
forecast_2469,2025-04-13 21:00:00,5406.1655,6302.39,4394.6367
forecast_2470,2025-04-13 22:00:00,6502.521,7692.312,5415.8516
forecast_2471,2025-04-13 23:00:00,7236.5576,8656.187,6114.888
forecast_2472,2025-04-14 00:00:00,7580.7544,9124.034,6510.2705
forecast_2473,2025-04-14 01:00:00,7125.9463,9489.674,5239.914
forecast_2474,2025-04-14 02:00:00,6483.4526,9688.563,5590.547
forecast_2475,2025-04-14 03:00:00,6492.6274,9822.334,4942.353
forecast_2476,2025-04-14 04:00:00,6607.223,9909.717,4795.724
forecast_2477,2025-04-14 05:00:00,6748.797,9857.926,4426.7773
forecast_2478,2025-04-14 06:00:00,6640.7603,9394.122,4101.12
forecast_2479,2025-04-14 07:00:00,6189.7007,8134.7183,3576.9937
forecast_2480,2025-04-14 08:00:00,5121.3433,6195.8096,2992.7234
forecast_2481,2025-04-14 09:00:00,3663.4163,4605.707,2533.9475
forecast_2482,2025-04-14 10:00:00,2811.1082,3781.752,2311.5215
forecast_2483,2025-04-14 11:00:00,2483.571,3413.2722,2187.7446
forecast_2484,2025-04-14 12:00:00,2405.7095,3249.3225,2123.357
forecast_2485,2025-04-14 13:00:00,2435.717,3187.155,2085.7036
forecast_2486,2025-04-14 14:00:00,2524.7407,3193.4978,2085.2568
forecast_2487,2025-04-14 15:00:00,2648.0515,3264.2295,2119.1946
forecast_2488,2025-04-14 16:00:00,2796.9385,3409.6008,2200.4033
forecast_2489,2025-04-14 17:00:00,2973.6995,3644.2651,2338.151
forecast_2490,2025-04-14 18:00:00,3200.1392,3978.017,2561.4272
forecast_2491,2025-04-14 19:00:00,3551.1265,4434.8574,2919.243
forecast_2492,2025-04-14 20:00:00,4247.895,5134.3433,3505.4644
forecast_2493,2025-04-14 21:00:00,5356.9253,6291.2534,4414.8096
forecast_2494,2025-04-14 22:00:00,6458.905,7681.4165,5439.255
forecast_2495,2025-04-14 23:00:00,7213.7124,8648.58,6134.7593
forecast_2496,2025-04-15 00:00:00,7571.8945,9118.585,6527.5156
forecast_2497,2025-04-15 01:00:00,7117.5737,9485.831,5249.3643
forecast_2498,2025-04-15 02:00:00,6471.933,9685.498,5599.941
forecast_2499,2025-04-15 03:00:00,6468.4307,9816.965,4948.6562
forecast_2500,2025-04-15 04:00:00,6567.3447,9898.317,4800.4165
forecast_2501,2025-04-15 05:00:00,6704.944,9837.438,4430.371
forecast_2502,2025-04-15 06:00:00,6593.906,9363.854,4104.212
forecast_2503,2025-04-15 07:00:00,6136.6113,8098.2305,3579.1597
forecast_2504,2025-04-15 08:00:00,5059.907,6165.544,2992.6086
forecast_2505,2025-04-15 09:00:00,3609.4802,4587.8877,2531.7087
forecast_2506,2025-04-15 10:00:00,2777.4421,3771.868,2308.7053
forecast_2507,2025-04-15 11:00:00,2459.6882,3407.0488,2184.6147
forecast_2508,2025-04-15 12:00:00,2386.753,3244.628,2120.1455
forecast_2509,2025-04-15 13:00:00,2418.6104,3183.0728,2082.53
forecast_2510,2025-04-15 14:00:00,2508.2761,3189.5732,2082.4136
forecast_2511,2025-04-15 15:00:00,2630.9119,3260.1826,2116.9355
forecast_2512,2025-04-15 16:00:00,2778.6338,3405.2598,2199.1711
forecast_2513,2025-04-15 17:00:00,2954.306,3639.6255,2338.614
forecast_2514,2025-04-15 18:00:00,3179.6707,3973.1833,2564.7512
forecast_2515,2025-04-15 19:00:00,3526.9517,4429.4624,2927.0618
forecast_2516,2025-04-15 20:00:00,4213.069,5126.748,3519.9785
forecast_2517,2025-04-15 21:00:00,5310.554,6280.3765,4437.882
forecast_2518,2025-04-15 22:00:00,6417.157,7670.818,5464.8804
forecast_2519,2025-04-15 23:00:00,7191.9136,8641.14,6155.9487
forecast_2520,2025-04-16 00:00:00,7564.1797,9113.2,6545.7866
forecast_2521,2025-04-16 01:00:00,7110.784,9481.962,5259.7026
forecast_2522,2025-04-16 02:00:00,6462.7983,9682.374,5609.997
forecast_2523,2025-04-16 03:00:00,6447.458,9811.611,4955.3184
forecast_2524,2025-04-16 04:00:00,6530.3193,9887.098,4805.264
forecast_2525,2025-04-16 05:00:00,6663.203,9817.251,4434.084
forecast_2526,2025-04-16 06:00:00,6549.401,9333.964,4107.455
forecast_2527,2025-04-16 07:00:00,6085.8403,8062.1646,3581.5664
forecast_2528,2025-04-16 08:00:00,5001.003,6135.47,2992.7656
forecast_2529,2025-04-16 09:00:00,3558.0364,4569.977,2529.6934
forecast_2530,2025-04-16 10:00:00,2745.3376,3761.8445,2306.1387
forecast_2531,2025-04-16 11:00:00,2436.7192,3400.692,2181.8171
forecast_2532,2025-04-16 12:00:00,2368.403,3239.8108,2117.3633
forecast_2533,2025-04-16 13:00:00,2401.9934,3178.8726,2079.8738
forecast_2534,2025-04-16 14:00:00,2492.2751,3185.5293,2080.1738
forecast_2535,2025-04-16 15:00:00,2614.3076,3256.0088,2115.3792
forecast_2536,2025-04-16 16:00:00,2761.0166,3400.776,2198.783
forecast_2537,2025-04-16 17:00:00,2935.7964,3634.8323,2340.1423
forecast_2538,2025-04-16 18:00:00,3160.3271,3968.209,2569.4832
forecast_2539,2025-04-16 19:00:00,3504.3157,4423.9893,2936.7686
forecast_2540,2025-04-16 20:00:00,4180.489,5119.213,3536.9988
forecast_2541,2025-04-16 21:00:00,5267.2495,6269.7495,4463.907
forecast_2542,2025-04-16 22:00:00,6377.6343,7660.513,5492.703
forecast_2543,2025-04-16 23:00:00,7171.49,8633.864,6178.4233
forecast_2544,2025-04-17 00:00:00,7557.8027,9107.879,6565.0703
forecast_2545,2025-04-17 01:00:00,7105.7666,9478.061,5270.95
forecast_2546,2025-04-17 02:00:00,6456.17,9679.187,5620.7314
forecast_2547,2025-04-17 03:00:00,6429.7515,9806.266,4962.356
forecast_2548,2025-04-17 04:00:00,6496.2334,9876.049,4810.272
forecast_2549,2025-04-17 05:00:00,6623.579,9797.37,4437.9224
forecast_2550,2025-04-17 06:00:00,6507.326,9304.462,4110.8604
forecast_2551,2025-04-17 07:00:00,6037.536,8026.517,3584.2297
forecast_2552,2025-04-17 08:00:00,4944.7847,6105.5723,2993.2178
forecast_2553,2025-04-17 09:00:00,3509.1191,4551.9697,2527.923
forecast_2554,2025-04-17 10:00:00,2714.7676,3751.6797,2303.841
forecast_2555,2025-04-17 11:00:00,2414.6494,3394.2024,2179.372
forecast_2556,2025-04-17 12:00:00,2350.6497,3234.8716,2115.0303
forecast_2557,2025-04-17 13:00:00,2385.861,3174.5557,2077.7563
forecast_2558,2025-04-17 14:00:00,2476.7349,3181.3652,2078.5615
forecast_2559,2025-04-17 15:00:00,2598.2476,3251.7058,2114.5515
forecast_2560,2025-04-17 16:00:00,2744.1094,3396.1482,2199.2727
forecast_2561,2025-04-17 17:00:00,2918.2134,3629.8833,2342.7852
forecast_2562,2025-04-17 18:00:00,3142.183,3963.0916,2575.6848
forecast_2563,2025-04-17 19:00:00,3483.3337,4418.4365,2948.4333
forecast_2564,2025-04-17 20:00:00,4150.3306,5111.735,3556.6008
forecast_2565,2025-04-17 21:00:00,5227.26,6259.3696,4492.9375
forecast_2566,2025-04-17 22:00:00,6340.749,7650.4976,5522.6904
forecast_2567,2025-04-17 23:00:00,7152.8413,8626.754,6202.1475
forecast_2568,2025-04-18 00:00:00,7553.0127,9102.617,6585.3564
forecast_2569,2025-04-18 01:00:00,7102.762,9474.125,5283.126
forecast_2570,2025-04-18 02:00:00,6452.223,9675.932,5632.1646
forecast_2571,2025-04-18 03:00:00,6415.393,9800.921,4969.781
forecast_2572,2025-04-18 04:00:00,6465.2095,9865.167,4815.4434
forecast_2573,2025-04-18 05:00:00,6586.1045,9777.8,4441.8877
forecast_2574,2025-04-18 06:00:00,6467.7783,9275.355,4114.435
forecast_2575,2025-04-18 07:00:00,5991.858,7991.2783,3587.1624
forecast_2576,2025-04-18 08:00:00,4891.396,6075.829,2993.984
forecast_2577,2025-04-18 09:00:00,3462.7537,4533.8594,2526.4158
forecast_2578,2025-04-18 10:00:00,2685.7031,3741.3745,2301.8308
forecast_2579,2025-04-18 11:00:00,2393.4636,3387.5781,2177.3015
forecast_2580,2025-04-18 12:00:00,2333.4805,3229.8086,2113.1719
forecast_2581,2025-04-18 13:00:00,2370.2065,3170.1182,2076.2036
forecast_2582,2025-04-18 14:00:00,2461.654,3177.0803,2077.6006
forecast_2583,2025-04-18 15:00:00,2582.7427,3247.2732,2114.4817
forecast_2584,2025-04-18 16:00:00,2727.9392,3391.3765,2200.678
forecast_2585,2025-04-18 17:00:00,2901.6167,3624.7776,2346.5881
forecast_2586,2025-04-18 18:00:00,3125.3367,3957.8289,2583.417
forecast_2587,2025-04-18 19:00:00,3464.156,4412.799,2962.128
forecast_2588,2025-04-18 20:00:00,4122.819,5104.3076,3578.863
forecast_2589,2025-04-18 21:00:00,5190.888,6249.2275,4525.0127
forecast_2590,2025-04-18 22:00:00,6306.9883,7640.7676,5554.7876
forecast_2591,2025-04-18 23:00:00,7136.459,8619.803,6227.0757
forecast_2592,2025-04-19 00:00:00,7550.1284,9097.413,6606.6343
forecast_2593,2025-04-19 01:00:00,7102.076,9470.152,5296.252
forecast_2594,2025-04-19 02:00:00,6451.207,9672.604,5644.309
forecast_2595,2025-04-19 03:00:00,6404.526,9795.567,4977.599
forecast_2596,2025-04-19 04:00:00,6437.432,9854.441,4820.7764
forecast_2597,2025-04-19 05:00:00,6550.861,9758.541,4445.9766
forecast_2598,2025-04-19 06:00:00,6430.866,9246.65,4118.176
forecast_2599,2025-04-19 07:00:00,5948.962,7956.4365,3590.3718
forecast_2600,2025-04-19 08:00:00,4840.9546,6046.224,2995.0781
forecast_2601,2025-04-19 09:00:00,3418.9458,4515.6426,2525.1855
forecast_2602,2025-04-19 10:00:00,2658.114,3730.9268,2300.122
forecast_2603,2025-04-19 11:00:00,2373.1472,3380.8184,2175.6226
forecast_2604,2025-04-19 12:00:00,2316.884,3224.6204,2111.8052
forecast_2605,2025-04-19 13:00:00,2355.026,3165.561,2075.2363
forecast_2606,2025-04-19 14:00:00,2447.035,3172.6746,2077.3167
forecast_2607,2025-04-19 15:00:00,2567.8054,3242.7112,2115.2017
forecast_2608,2025-04-19 16:00:00,2712.5408,3386.4612,2203.0388
forecast_2609,2025-04-19 17:00:00,2886.0747,3619.514,2351.6062
forecast_2610,2025-04-19 18:00:00,3109.907,3952.4192,2592.7432
forecast_2611,2025-04-19 19:00:00,3446.969,4407.074,2977.919
forecast_2612,2025-04-19 20:00:00,4098.242,5096.9263,3603.8489
forecast_2613,2025-04-19 21:00:00,5158.5073,6239.3184,4560.1543
forecast_2614,2025-04-19 22:00:00,6276.922,7631.3174,5588.9224
forecast_2615,2025-04-19 23:00:00,7122.9253,8613.007,6253.152
forecast_2616,2025-04-20 00:00:00,7549.546,9092.262,6628.8853
forecast_2617,2025-04-20 01:00:00,7104.0967,9466.137,5310.348
forecast_2618,2025-04-20 02:00:00,6453.4463,9669.197,5657.177
forecast_2619,2025-04-20 03:00:00,6397.3647,9790.197,4985.8145
forecast_2620,2025-04-20 04:00:00,6413.161,9843.867,4826.2607
forecast_2621,2025-04-20 05:00:00,6517.989,9739.596,4450.1816
forecast_2622,2025-04-20 06:00:00,6396.712,9218.348,4122.0806
forecast_2623,2025-04-20 07:00:00,5909.0044,7921.9785,3593.8618
forecast_2624,2025-04-20 08:00:00,4793.545,6016.7373,2996.5105
forecast_2625,2025-04-20 09:00:00,3377.6824,4497.313,2524.242
forecast_2626,2025-04-20 10:00:00,2631.9692,3720.3384,2298.7263
forecast_2627,2025-04-20 11:00:00,2353.6838,3373.9246,2174.351
forecast_2628,2025-04-20 12:00:00,2300.85,3219.3093,2110.9531
forecast_2629,2025-04-20 13:00:00,2340.3152,3160.883,2074.8801
forecast_2630,2025-04-20 14:00:00,2432.882,3168.147,2077.74
forecast_2631,2025-04-20 15:00:00,2553.4558,3238.0198,2116.7466
forecast_2632,2025-04-20 16:00:00,2697.9597,3381.4,2206.4006
forecast_2633,2025-04-20 17:00:00,2871.6792,3614.091,2357.8962
forecast_2634,2025-04-20 18:00:00,3096.0498,3946.858,2603.735
forecast_2635,2025-04-20 19:00:00,3432.0078,4401.2593,2995.8796
forecast_2636,2025-04-20 20:00:00,4076.9607,5089.5845,3631.6326
forecast_2637,2025-04-20 21:00:00,5130.583,6229.636,4598.3726
forecast_2638,2025-04-20 22:00:00,6251.224,7622.1436,5625.0073
forecast_2639,2025-04-20 23:00:00,7112.9487,8606.365,6280.317
forecast_2640,2025-04-21 00:00:00,7551.7686,9087.159,6652.0977
forecast_2641,2025-04-21 01:00:00,7109.3135,9462.075,5325.432
forecast_2642,2025-04-21 02:00:00,6459.379,9665.708,5670.777
forecast_2643,2025-04-21 03:00:00,6394.207,9784.802,4994.4224
forecast_2644,2025-04-21 04:00:00,6392.7485,9833.43,4831.8853
forecast_2645,2025-04-21 05:00:00,6487.7104,9720.96,4454.4907
forecast_2646,2025-04-21 06:00:00,6365.4478,9190.448,4126.134
forecast_2647,2025-04-21 07:00:00,5872.1157,7887.887,3597.623
forecast_2648,2025-04-21 08:00:00,4749.2056,5987.351,2998.285
forecast_2649,2025-04-21 09:00:00,3338.93,4478.865,2523.5896
forecast_2650,2025-04-21 10:00:00,2607.2336,3709.6062,2297.6511
forecast_2651,2025-04-21 11:00:00,2335.0596,3366.8955,2173.5007
forecast_2652,2025-04-21 12:00:00,2285.3696,3213.8718,2110.6348
forecast_2653,2025-04-21 13:00:00,2326.071,3156.0837,2075.1597
forecast_2654,2025-04-21 14:00:00,2419.2014,3163.4963,2078.8994
forecast_2655,2025-04-21 15:00:00,2539.72,3233.1973,2119.1528
forecast_2656,2025-04-21 16:00:00,2684.2559,3376.195,2210.8093
forecast_2657,2025-04-21 17:00:00,2858.545,3608.5095,2365.5154
forecast_2658,2025-04-21 18:00:00,3083.9578,3941.1472,2616.459
forecast_2659,2025-04-21 19:00:00,3419.5647,4395.3506,3016.079
forecast_2660,2025-04-21 20:00:00,4059.4177,5082.28,3662.2764
forecast_2661,2025-04-21 21:00:00,5107.6787,6220.173,4639.662
forecast_2662,2025-04-21 22:00:00,6230.679,7613.2383,5662.935
forecast_2663,2025-04-21 23:00:00,7107.363,8599.871,6308.5044
forecast_2664,2025-04-22 00:00:00,7557.4077,9082.101,6676.259
forecast_2665,2025-04-22 01:00:00,7118.334,9457.964,5341.524
forecast_2666,2025-04-22 02:00:00,6469.556,9662.128,5685.1143
forecast_2667,2025-04-22 03:00:00,6395.447,9779.372,5003.415
forecast_2668,2025-04-22 04:00:00,6376.6387,9823.122,4837.6284
forecast_2669,2025-04-22 05:00:00,6460.3335,9702.63,4458.877
forecast_2670,2025-04-22 06:00:00,6337.198,9162.946,4130.3193
forecast_2671,2025-04-22 07:00:00,5838.4023,7854.1445,3601.6472
forecast_2672,2025-04-22 08:00:00,4707.9297,5958.044,3000.3972
forecast_2673,2025-04-22 09:00:00,3302.634,4460.2983,2523.2288
forecast_2674,2025-04-22 10:00:00,2583.87,3698.7322,2296.8992
forecast_2675,2025-04-22 11:00:00,2317.2595,3359.729,2173.0833
forecast_2676,2025-04-22 12:00:00,2270.4343,3208.3083,2110.8677
forecast_2677,2025-04-22 13:00:00,2312.293,3151.162,2076.1006
forecast_2678,2025-04-22 14:00:00,2406.0037,3158.7217,2080.8271
forecast_2679,2025-04-22 15:00:00,2526.6328,3228.244,2122.46
forecast_2680,2025-04-22 16:00:00,2671.5054,3370.844,2216.3167
forecast_2681,2025-04-22 17:00:00,2846.818,3602.7668,2374.5298
forecast_2682,2025-04-22 18:00:00,3073.8704,3935.2812,2630.9878
forecast_2683,2025-04-22 19:00:00,3409.9968,4389.3438,3038.584
forecast_2684,2025-04-22 20:00:00,4046.143,5075.006,3695.841
forecast_2685,2025-04-22 21:00:00,5090.4673,6210.921,4683.997
forecast_2686,2025-04-22 22:00:00,6216.1865,7604.598,5702.583
forecast_2687,2025-04-22 23:00:00,7107.1416,8593.5205,6337.641
forecast_2688,2025-04-23 00:00:00,7567.2007,9077.081,6701.356
forecast_2689,2025-04-23 01:00:00,7131.9014,9453.795,5358.644
forecast_2690,2025-04-23 02:00:00,6484.6675,9658.455,5700.1914
forecast_2691,2025-04-23 03:00:00,6401.565,9773.9,5012.777
forecast_2692,2025-04-23 04:00:00,6365.3467,9812.931,4843.466
forecast_2693,2025-04-23 05:00:00,6436.246,9684.597,4463.3145
forecast_2694,2025-04-23 06:00:00,6312.0806,9135.833,4134.6084
forecast_2695,2025-04-23 07:00:00,5807.925,7820.73,3605.9094
forecast_2696,2025-04-23 08:00:00,4669.659,5928.7974,3002.8333
forecast_2697,2025-04-23 09:00:00,3268.7188,4441.6035,2523.15
forecast_2698,2025-04-23 10:00:00,2561.841,3687.7131,2296.4678
forecast_2699,2025-04-23 11:00:00,2300.2703,3352.426,2173.1047
forecast_2700,2025-04-23 12:00:00,2256.0361,3202.6162,2111.6714
forecast_2701,2025-04-23 13:00:00,2298.9834,3146.117,2077.7292
forecast_2702,2025-04-23 14:00:00,2393.308,3153.8228,2083.5593
forecast_2703,2025-04-23 15:00:00,2514.2402,3223.1604,2126.7131
forecast_2704,2025-04-23 16:00:00,2659.8071,3365.348,2222.9775
forecast_2705,2025-04-23 17:00:00,2836.6826,3596.8635,2385.0066
forecast_2706,2025-04-23 18:00:00,3066.0876,3929.26,2647.3936
forecast_2707,2025-04-23 19:00:00,3403.7307,4383.238,3063.4612
forecast_2708,2025-04-23 20:00:00,4037.7583,5067.758,3732.3777
forecast_2709,2025-04-23 21:00:00,5079.711,6201.8755,4731.3286
forecast_2710,2025-04-23 22:00:00,6208.742,7596.2134,5743.8086
forecast_2711,2025-04-23 23:00:00,7113.372,8587.309,6367.649
forecast_2712,2025-04-24 00:00:00,7581.9946,9072.097,6727.382
forecast_2713,2025-04-24 01:00:00,7150.8843,9449.566,5376.812
forecast_2714,2025-04-24 02:00:00,6505.5205,9654.683,5716.004
forecast_2715,2025-04-24 03:00:00,6413.093,9768.377,5022.484
forecast_2716,2025-04-24 04:00:00,6359.4136,9802.842,4849.361
forecast_2717,2025-04-24 05:00:00,6415.886,9666.851,4467.7656
forecast_2718,2025-04-24 06:00:00,6290.1865,9109.098,4138.9634
forecast_2719,2025-04-24 07:00:00,5780.696,7787.619,3610.378
forecast_2720,2025-04-24 08:00:00,4634.291,5899.59,3005.575
forecast_2721,2025-04-24 09:00:00,3237.0918,4422.779,2523.3364
forecast_2722,2025-04-24 10:00:00,2541.1082,3676.5496,2296.3489
forecast_2723,2025-04-24 11:00:00,2284.0798,3344.985,2173.57
forecast_2724,2025-04-24 12:00:00,2242.1716,3196.796,2113.0608
forecast_2725,2025-04-24 13:00:00,2286.1455,3140.947,2080.072
forecast_2726,2025-04-24 14:00:00,2381.1377,3148.8003,2087.131
forecast_2727,2025-04-24 15:00:00,2502.6033,3217.9453,2131.9604
forecast_2728,2025-04-24 16:00:00,2649.2878,3359.706,2230.851
forecast_2729,2025-04-24 17:00:00,2828.3684,3590.7983,2397.0156
forecast_2730,2025-04-24 18:00:00,3060.9697,3923.0808,2665.75
forecast_2731,2025-04-24 19:00:00,3401.269,4377.0264,3090.7744
forecast_2732,2025-04-24 20:00:00,4034.954,5060.53,3771.9385
forecast_2733,2025-04-24 21:00:00,5076.235,6193.026,4781.59
forecast_2734,2025-04-24 22:00:00,6209.3833,7588.078,5786.4604
forecast_2735,2025-04-24 23:00:00,7127.194,8581.227,6398.446
forecast_2736,2025-04-25 00:00:00,7602.697,9067.137,6754.329
forecast_2737,2025-04-25 01:00:00,7176.2466,9445.272,5396.042
forecast_2738,2025-04-25 02:00:00,6533.003,9650.805,5732.5444
forecast_2739,2025-04-25 03:00:00,6430.5684,9762.792,5032.505
forecast_2740,2025-04-25 04:00:00,6359.3154,9792.844,4855.273
forecast_2741,2025-04-25 05:00:00,6399.695,9649.378,4472.1787
forecast_2742,2025-04-25 06:00:00,6271.5815,9082.727,4143.3374
forecast_2743,2025-04-25 07:00:00,5756.6826,7754.7876,3615.007
forecast_2744,2025-04-25 08:00:00,4601.693,5870.4033,3008.583
forecast_2745,2025-04-25 09:00:00,3207.646,4403.8184,2523.7632
forecast_2746,2025-04-25 10:00:00,2521.6267,3665.2385,2296.5244
forecast_2747,2025-04-25 11:00:00,2268.6758,3337.4048,2174.4766
forecast_2748,2025-04-25 12:00:00,2228.8384,3190.8455,2115.0503
forecast_2749,2025-04-25 13:00:00,2273.7905,3135.6519,2083.1587
forecast_2750,2025-04-25 14:00:00,2369.525,3143.6519,2091.584
forecast_2751,2025-04-25 15:00:00,2491.799,3212.5984,2138.2515
forecast_2752,2025-04-25 16:00:00,2640.1028,3353.9202,2240.0012
forecast_2753,2025-04-25 17:00:00,2822.1577,3584.5706,2410.631
forecast_2754,2025-04-25 18:00:00,3058.9465,3916.7424,2686.1277
forecast_2755,2025-04-25 19:00:00,3403.1711,4370.7085,3120.5825
forecast_2756,2025-04-25 20:00:00,4038.4514,5053.3174,3814.5613
forecast_2757,2025-04-25 21:00:00,5080.836,6184.3667,4834.6826
forecast_2758,2025-04-25 22:00:00,6219.079,7580.1826,5830.37
forecast_2759,2025-04-25 23:00:00,7149.6704,8575.271,6429.9453
forecast_2760,2025-04-26 00:00:00,7630.155,9062.201,6782.1997
forecast_2761,2025-04-26 01:00:00,7208.9326,9440.906,5416.3506
forecast_2762,2025-04-26 02:00:00,6567.974,9646.815,5749.798
forecast_2763,2025-04-26 03:00:00,6454.436,9757.135,5042.8
forecast_2764,2025-04-26 04:00:00,6365.3843,9782.919,4861.146
forecast_2765,2025-04-26 05:00:00,6388.053,9632.163,4476.496
forecast_2766,2025-04-26 06:00:00,6256.2974,9056.699,4147.6675
forecast_2767,2025-04-26 07:00:00,5735.815,7722.2046,3619.739
forecast_2768,2025-04-26 08:00:00,4571.7134,5841.2144,3011.812
forecast_2769,2025-04-26 09:00:00,3180.2659,4384.717,2524.39
forecast_2770,2025-04-26 10:00:00,2503.357,3653.7795,2296.9685
forecast_2771,2025-04-26 11:00:00,2254.049,3329.6836,2175.817
forecast_2772,2025-04-26 12:00:00,2216.0364,3184.7637,2117.651
forecast_2773,2025-04-26 13:00:00,2261.93,3130.229,2087.0176
forecast_2774,2025-04-26 14:00:00,2358.5144,3138.3765,2096.9602
forecast_2775,2025-04-26 15:00:00,2481.927,3207.1204,2145.6433
forecast_2776,2025-04-26 16:00:00,2632.4524,3347.988,2250.496
forecast_2777,2025-04-26 17:00:00,2818.3958,3578.1812,2425.9297
forecast_2778,2025-04-26 18:00:00,3060.5095,3910.2417,2708.6025
forecast_2779,2025-04-26 19:00:00,3410.0232,4364.28,3152.9414
forecast_2780,2025-04-26 20:00:00,4048.9292,5046.1147,3860.2795
forecast_2781,2025-04-26 21:00:00,5094.1533,6175.8887,4890.4863
forecast_2782,2025-04-26 22:00:00,6238.551,7572.521,5875.3525
forecast_2783,2025-04-26 23:00:00,7181.548,8569.433,6462.0586
forecast_2784,2025-04-27 00:00:00,7664.9487,9057.278,6810.998
forecast_2785,2025-04-27 01:00:00,7249.668,9436.462,5437.753
forecast_2786,2025-04-27 02:00:00,6611.0977,9642.708,5767.7437
forecast_2787,2025-04-27 03:00:00,6484.9688,9751.398,5053.314
forecast_2788,2025-04-27 04:00:00,6377.7407,9773.054,4866.917
forecast_2789,2025-04-27 05:00:00,6381.239,9615.188,4480.6436
forecast_2790,2025-04-27 06:00:00,6244.34,9030.991,4151.8774
forecast_2791,2025-04-27 07:00:00,5717.994,7689.8433,3624.493
forecast_2792,2025-04-27 08:00:00,4544.199,5812.005,3015.1924
forecast_2793,2025-04-27 09:00:00,3154.836,4365.4688,2525.1614
forecast_2794,2025-04-27 10:00:00,2486.254,3642.1719,2297.641
forecast_2795,2025-04-27 11:00:00,2240.189,3321.819,2177.5737
forecast_2796,2025-04-27 12:00:00,2203.7703,3178.5486,2120.871
forecast_2797,2025-04-27 13:00:00,2250.5842,3124.6787,2091.6772
forecast_2798,2025-04-27 14:00:00,2348.1616,3132.974,2103.3071
forecast_2799,2025-04-27 15:00:00,2473.1113,3201.51,2154.197
forecast_2800,2025-04-27 16:00:00,2626.5781,3341.9104,2262.4104
forecast_2801,2025-04-27 17:00:00,2817.4875,3571.628,2442.989
forecast_2802,2025-04-27 18:00:00,3066.2007,3903.5771,2733.2427
forecast_2803,2025-04-27 19:00:00,3422.384,4357.7363,3187.9033
forecast_2804,2025-04-27 20:00:00,4066.8906,5038.9165,3909.1133
forecast_2805,2025-04-27 21:00:00,5116.4756,6167.5825,4948.8486
forecast_2806,2025-04-27 22:00:00,6268.031,7565.0815,5921.2163
forecast_2807,2025-04-27 23:00:00,7222.9453,8563.703,6494.6943
forecast_2808,2025-04-28 00:00:00,7707.0825,9052.362,6840.7354
forecast_2809,2025-04-28 01:00:00,7298.668,9431.934,5460.2544
forecast_2810,2025-04-28 02:00:00,6662.631,9638.479,5786.3467
forecast_2811,2025-04-28 03:00:00,6522.2065,9745.572,5063.981
forecast_2812,2025-04-28 04:00:00,6396.2915,9763.23,4872.508
forecast_2813,2025-04-28 05:00:00,6379.3994,9598.431,4484.5293
forecast_2814,2025-04-28 06:00:00,6235.6963,9005.58,4155.8745
forecast_2815,2025-04-28 07:00:00,5703.117,7657.6665,3629.1716
forecast_2816,2025-04-28 08:00:00,4519.014,5782.751,3018.6335
forecast_2817,2025-04-28 09:00:00,3131.248,4346.0684,2526.0034
forecast_2818,2025-04-28 10:00:00,2470.2778,3630.4097,2298.4873
forecast_2819,2025-04-28 11:00:00,2227.09,3313.8105,2179.7195
forecast_2820,2025-04-28 12:00:00,2192.0479,3172.198,2124.7126
forecast_2821,2025-04-28 13:00:00,2239.78,3118.9978,2097.1667
forecast_2822,2025-04-28 14:00:00,2338.538,3127.4438,2110.6746
forecast_2823,2025-04-28 15:00:00,2465.508,3195.767,2163.9797
forecast_2824,2025-04-28 16:00:00,2622.7764,3335.6885,2275.8225
forecast_2825,2025-04-28 17:00:00,2819.9001,3564.9116,2461.8962
forecast_2826,2025-04-28 18:00:00,3076.5708,3896.7488,2760.1191
forecast_2827,2025-04-28 19:00:00,3440.6846,4351.0757,3225.5195
forecast_2828,2025-04-28 20:00:00,4092.521,5031.717,3961.0767
forecast_2829,2025-04-28 21:00:00,5147.5483,6159.442,5009.586
forecast_2830,2025-04-28 22:00:00,6307.028,7557.855,5967.7607
forecast_2831,2025-04-28 23:00:00,7273.0264,8558.072,6527.76
forecast_2832,2025-04-29 00:00:00,7755.68,9047.444,6871.428
forecast_2833,2025-04-29 01:00:00,7355.3154,9427.315,5483.8584
forecast_2834,2025-04-29 02:00:00,6722.241,9634.118,5805.566
forecast_2835,2025-04-29 03:00:00,6565.945,9739.6455,5074.7207
forecast_2836,2025-04-29 04:00:00,6420.776,9753.431,4877.824
forecast_2837,2025-04-29 05:00:00,6382.5625,9581.868,4488.049
forecast_2838,2025-04-29 06:00:00,6230.3467,8980.433,4159.538
forecast_2839,2025-04-29 07:00:00,5691.083,7625.6416,3633.6484
forecast_2840,2025-04-29 08:00:00,4496.0435,5753.43,3022.02
forecast_2841,2025-04-29 09:00:00,3109.4011,4326.5103,2526.8152
forecast_2842,2025-04-29 10:00:00,2455.3865,3618.492,2299.4307
forecast_2843,2025-04-29 11:00:00,2214.744,3305.6536,2182.2126
forecast_2844,2025-04-29 12:00:00,2180.8801,3165.7097,2129.1711
forecast_2845,2025-04-29 13:00:00,2229.5522,3113.1855,2103.5151
forecast_2846,2025-04-29 14:00:00,2329.7341,3121.785,2119.117
forecast_2847,2025-04-29 15:00:00,2459.3066,3189.8916,2175.0652
forecast_2848,2025-04-29 16:00:00,2621.392,3329.3208,2290.819
forecast_2849,2025-04-29 17:00:00,2826.147,3558.0315,2482.7366
forecast_2850,2025-04-29 18:00:00,3092.1216,3889.7524,2789.3047
forecast_2851,2025-04-29 19:00:00,3465.11,4344.293,3265.836
forecast_2852,2025-04-29 20:00:00,4125.524,5024.5107,4016.1707
forecast_2853,2025-04-29 21:00:00,5186.4346,6151.456,5072.4927
forecast_2854,2025-04-29 22:00:00,6354.217,7550.8306,6014.776
forecast_2855,2025-04-29 23:00:00,7329.8594,8552.534,6561.1626
forecast_2856,2025-04-30 00:00:00,7808.8447,9042.516,6903.1
forecast_2857,2025-04-30 01:00:00,7417.9873,9422.597,5508.5596
forecast_2858,2025-04-30 02:00:00,6788.9424,9629.623,5825.3413
forecast_2859,2025-04-30 03:00:00,6615.7837,9733.607,5085.432
forecast_2860,2025-04-30 04:00:00,6450.838,9743.638,4882.755
forecast_2861,2025-04-30 05:00:00,6390.662,9565.472,4491.0684
forecast_2862,2025-04-30 06:00:00,6228.271,8955.516,4162.727
forecast_2863,2025-04-30 07:00:00,5681.81,7593.7285,3637.7688
forecast_2864,2025-04-30 08:00:00,4475.205,5724.0205,3025.2002
forecast_2865,2025-04-30 09:00:00,3089.212,4306.785,2527.4663
forecast_2866,2025-04-30 10:00:00,2441.5442,3606.4133,2300.371
forecast_2867,2025-04-30 11:00:00,2203.1482,3297.3452,2184.992
forecast_2868,2025-04-30 12:00:00,2170.2847,3159.0803,2134.2312
forecast_2869,2025-04-30 13:00:00,2219.9463,3107.2393,2110.746
forecast_2870,2025-04-30 14:00:00,2321.8596,3115.9949,2128.6926
forecast_2871,2025-04-30 15:00:00,2454.7356,3183.8823,2187.532
forecast_2872,2025-04-30 16:00:00,2622.8289,3322.8086,2307.494
forecast_2873,2025-04-30 17:00:00,2836.7534,3550.988,2505.603
forecast_2874,2025-04-30 18:00:00,3113.2024,3882.5867,2820.8708
forecast_2875,2025-04-30 19:00:00,3495.466,4337.3857,3308.9014
forecast_2876,2025-04-30 20:00:00,4165.032,5017.291,4074.3826
forecast_2877,2025-04-30 21:00:00,5231.5454,6143.615,5137.3203
forecast_2878,2025-04-30 22:00:00,6407.5557,7543.9946,6062.04
forecast_2879,2025-04-30 23:00:00,7390.638,8547.074,6594.8076
forecast_2880,2025-05-01 00:00:00,7863.888,9037.565,6935.7793
forecast_2881,2025-05-01 01:00:00,7644.635,9420.861,5825.7144
forecast_2882,2025-05-01 02:00:00,7128.955,9626.974,6163.621
forecast_2883,2025-05-01 03:00:00,7040.114,9730.298,5548.976
forecast_2884,2025-05-01 04:00:00,6934.12,9748.38,5330.5903
forecast_2885,2025-05-01 05:00:00,6940.1343,9603.629,4947.368
forecast_2886,2025-05-01 06:00:00,6845.0713,9081.6455,4593.595
forecast_2887,2025-05-01 07:00:00,6344.732,7870.132,4069.169
forecast_2888,2025-05-01 08:00:00,5129.829,6072.1606,3404.7427
forecast_2889,2025-05-01 09:00:00,3590.7307,4567.961,2781.021
forecast_2890,2025-05-01 10:00:00,2774.6094,3768.2327,2459.8386
forecast_2891,2025-05-01 11:00:00,2466.4495,3407.4285,2311.9397
forecast_2892,2025-05-01 12:00:00,2411.7332,3247.0217,2247.0024
forecast_2893,2025-05-01 13:00:00,2465.0032,3187.894,2224.0007
forecast_2894,2025-05-01 14:00:00,2586.3323,3198.004,2245.885
forecast_2895,2025-05-01 15:00:00,2754.3743,3274.1553,2317.2126
forecast_2896,2025-05-01 16:00:00,2968.284,3427.5828,2456.812
forecast_2897,2025-05-01 17:00:00,3229.3362,3674.5444,2688.037
forecast_2898,2025-05-01 18:00:00,3547.6504,4027.031,3053.0051
forecast_2899,2025-05-01 19:00:00,3983.5886,4513.821,3619.2537
forecast_2900,2025-05-01 20:00:00,4792.433,5265.371,4500.9277
forecast_2901,2025-05-01 21:00:00,6121.2363,6473.2944,5612.403
forecast_2902,2025-05-01 22:00:00,7315.863,7816.59,6444.345
forecast_2903,2025-05-01 23:00:00,7904.0317,8690.411,6932.945
forecast_2904,2025-05-02 00:00:00,8103.191,9105.736,7322.5303
forecast_2905,2025-05-02 01:00:00,7770.875,9442.549,6034.4946
forecast_2906,2025-05-02 02:00:00,7270.8657,9631.665,6355.3604
forecast_2907,2025-05-02 03:00:00,7194.657,9731.582,5659.1743
forecast_2908,2025-05-02 04:00:00,7187.322,9750.253,5402.825
forecast_2909,2025-05-02 05:00:00,7215.5806,9605.187,4990.994
forecast_2910,2025-05-02 06:00:00,6977.738,9076.652,4623.204
forecast_2911,2025-05-02 07:00:00,6297.989,7852.1235,4088.179
forecast_2912,2025-05-02 08:00:00,4924.641,6046.2344,3415.5789
forecast_2913,2025-05-02 09:00:00,3459.8975,4546.931,2784.1306
forecast_2914,2025-05-02 10:00:00,2737.9817,3754.641,2461.6843
forecast_2915,2025-05-02 11:00:00,2462.5981,3398.124,2316.0796
forecast_2916,2025-05-02 12:00:00,2412.7314,3239.6975,2254.4897
forecast_2917,2025-05-02 13:00:00,2462.5332,3181.3662,2234.8733
forecast_2918,2025-05-02 14:00:00,2580.1858,3191.636,2260.409
forecast_2919,2025-05-02 15:00:00,2749.62,3267.5195,2336.1138
forecast_2920,2025-05-02 16:00:00,2972.6287,3420.4087,2481.6873
forecast_2921,2025-05-02 17:00:00,3249.0796,3666.8994,2721.06
forecast_2922,2025-05-02 18:00:00,3579.8281,4019.3945,3096.6904
forecast_2923,2025-05-02 19:00:00,4018.4521,4506.446,3676.8804
forecast_2924,2025-05-02 20:00:00,4830.4277,5257.6904,4574.9287
forecast_2925,2025-05-02 21:00:00,6170.407,6465.8687,5682.364
forecast_2926,2025-05-02 22:00:00,7374.227,7810.8633,6491.7935
forecast_2927,2025-05-02 23:00:00,7956.529,8685.821,6972.072
forecast_2928,2025-05-03 00:00:00,8149.367,9101.322,7369.237
forecast_2929,2025-05-03 01:00:00,7825.893,9437.95,6075.2344
forecast_2930,2025-05-03 02:00:00,7330.0625,9627.017,6388.866
forecast_2931,2025-05-03 03:00:00,7231.1,9725.269,5681.068
forecast_2932,2025-05-03 04:00:00,7196.2827,9740.157,5415.9536
forecast_2933,2025-05-03 05:00:00,7213.104,9588.761,4999.707
forecast_2934,2025-05-03 06:00:00,6973.1606,9052.453,4629.8735
forecast_2935,2025-05-03 07:00:00,6283.248,7821.0815,4094.6277
forecast_2936,2025-05-03 08:00:00,4896.9272,6015.694,3421.1672
forecast_2937,2025-05-03 09:00:00,3433.2678,4524.799,2786.327
forecast_2938,2025-05-03 10:00:00,2719.04,3740.519,2463.3179
forecast_2939,2025-05-03 11:00:00,2447.257,3388.3596,2320.6096
forecast_2940,2025-05-03 12:00:00,2399.2192,3231.946,2262.6982
forecast_2941,2025-05-03 13:00:00,2450.9175,3174.4429,2246.9568
forecast_2942,2025-05-03 14:00:00,2571.754,3184.8955,2276.4036
forecast_2943,2025-05-03 15:00:00,2747.187,3260.5232,2356.792
forecast_2944,2025-05-03 16:00:00,2980.6814,3412.8716,2508.547
forecast_2945,2025-05-03 17:00:00,3270.9014,3658.8801,2756.3047
forecast_2946,2025-05-03 18:00:00,3612.9758,4011.3948,3142.7332
forecast_2947,2025-05-03 19:00:00,4060.5916,4498.7544,3737.0989
forecast_2948,2025-05-03 20:00:00,4886.45,5249.7764,4651.088
forecast_2949,2025-05-03 21:00:00,6236.6646,6458.3477,5752.099
forecast_2950,2025-05-03 22:00:00,7438.823,7805.169,6538.7104
forecast_2951,2025-05-03 23:00:00,8008.392,8681.252,7011.9043
forecast_2952,2025-05-04 00:00:00,8195.053,9096.862,7418.092
forecast_2953,2025-05-04 01:00:00,7882.1797,9433.234,6117.5107
forecast_2954,2025-05-04 02:00:00,7393.707,9622.23,6422.993
forecast_2955,2025-05-04 03:00:00,7274.3467,9718.861,5702.685
forecast_2956,2025-05-04 04:00:00,7212.1685,9730.112,5428.2964
forecast_2957,2025-05-04 05:00:00,7214.9727,9572.568,5007.278
forecast_2958,2025-05-04 06:00:00,6972.0195,9028.533,4635.2046
forecast_2959,2025-05-04 07:00:00,6271.6797,7790.139,4099.638
forecast_2960,2025-05-04 08:00:00,4872.0356,5985.0117,3425.3997
forecast_2961,2025-05-04 09:00:00,3408.8787,4502.4546,2787.3406
forecast_2962,2025-05-04 10:00:00,2701.469,3726.21,2464.1216
forecast_2963,2025-05-04 11:00:00,2432.8418,3378.4265,2324.9084
forecast_2964,2025-05-04 12:00:00,2386.4753,3224.0405,2271.3643
forecast_2965,2025-05-04 13:00:00,2440.2874,3167.3765,2260.1511
forecast_2966,2025-05-04 14:00:00,2565.0469,3178.0173,2294.069
forecast_2967,2025-05-04 15:00:00,2748.048,3253.3875,2379.621
forecast_2968,2025-05-04 16:00:00,2994.331,3405.1824,2537.9814
forecast_2969,2025-05-04 17:00:00,3299.5046,3650.6877,2794.463
forecast_2970,2025-05-04 18:00:00,3651.3604,4003.2175,3191.918
forecast_2971,2025-05-04 19:00:00,4106.129,4490.937,3800.7258
forecast_2972,2025-05-04 20:00:00,4945.274,5241.8447,4730.1113
forecast_2973,2025-05-04 21:00:00,6304.845,6450.9414,5821.9766
forecast_2974,2025-05-04 22:00:00,7501.759,7799.5933,6585.293
forecast_2975,2025-05-04 23:00:00,8056.4595,8676.702,7052.544
forecast_2976,2025-05-05 00:00:00,8238.195,9092.342,7469.097
forecast_2977,2025-05-05 01:00:00,7937.346,9428.3955,6161.1523
forecast_2978,2025-05-05 02:00:00,7459.817,9617.303,6457.4756
forecast_2979,2025-05-05 03:00:00,7323.225,9712.349,5723.6987
forecast_2980,2025-05-05 04:00:00,7234.46,9720.093,5439.492
forecast_2981,2025-05-05 05:00:00,7221.1255,9556.565,5013.2837
forecast_2982,2025-05-05 06:00:00,6974.1675,9004.838,4638.7183
forecast_2983,2025-05-05 07:00:00,6263.2036,7759.2383,4102.6704
forecast_2984,2025-05-05 08:00:00,4849.8887,5954.15,3427.7117
forecast_2985,2025-05-05 09:00:00,3386.6365,4479.8857,2786.6323
forecast_2986,2025-05-05 10:00:00,2685.2197,3711.7065,2463.639
forecast_2987,2025-05-05 11:00:00,2419.3484,3368.317,2328.6238
forecast_2988,2025-05-05 12:00:00,2374.538,3215.9766,2280.2805
forecast_2989,2025-05-05 13:00:00,2430.7598,3160.1624,2274.398
forecast_2990,2025-05-05 14:00:00,2560.345,3170.9998,2313.4805
forecast_2991,2025-05-05 15:00:00,2752.7417,3246.1125,2404.7651
forecast_2992,2025-05-05 16:00:00,3014.1116,3397.3403,2570.1936
forecast_2993,2025-05-05 17:00:00,3334.441,3642.3213,2835.7224
forecast_2994,2025-05-05 18:00:00,3693.3364,3994.8613,3244.3857
forecast_2995,2025-05-05 19:00:00,4153.097,4482.988,3867.8367
forecast_2996,2025-05-05 20:00:00,5004.6475,5233.889,4811.771
forecast_2997,2025-05-05 21:00:00,6372.5566,6443.6353,5891.585
forecast_2998,2025-05-05 22:00:00,7561.0835,7794.121,6631.3555
forecast_2999,2025-05-05 23:00:00,8099.5312,8672.16,7093.9854
forecast_3000,2025-05-06 00:00:00,8277.509,9087.751,7522.185
forecast_3001,2025-05-06 01:00:00,7989.552,9423.424,6205.9087
forecast_3002,2025-05-06 02:00:00,7526.579,9612.224,6491.9736
forecast_3003,2025-05-06 03:00:00,7376.579,9705.719,5743.6953
forecast_3004,2025-05-06 04:00:00,7262.5835,9710.069,5449.095
forecast_3005,2025-05-06 05:00:00,7231.4697,9540.71,5017.191
forecast_3006,2025-05-06 06:00:00,6979.4814,8981.308,4639.814
forecast_3007,2025-05-06 07:00:00,6257.756,7728.318,4103.058
forecast_3008,2025-05-06 08:00:00,4830.4316,5923.07,3427.3962
forecast_3009,2025-05-06 09:00:00,3366.465,4457.0728,2783.521
forecast_3010,2025-05-06 10:00:00,2670.2458,3696.9978,2461.2632
forecast_3011,2025-05-06 11:00:00,2406.7715,3358.0232,2331.2568
forecast_3012,2025-05-06 12:00:00,2363.4546,3207.7466,2289.1116
forecast_3013,2025-05-06 13:00:00,2422.47,3152.7979,2289.5537
forecast_3014,2025-05-06 14:00:00,2557.965,3163.8398,2334.6697
forecast_3015,2025-05-06 15:00:00,2761.8152,3238.6963,2432.3804
forecast_3016,2025-05-06 16:00:00,3040.2854,3389.347,2605.3967
forecast_3017,2025-05-06 17:00:00,3374.646,3633.7808,2880.2815
forecast_3018,2025-05-06 18:00:00,3736.9717,3986.3245,3300.2798
forecast_3019,2025-05-06 19:00:00,4199.7134,4474.9023,3938.4717
forecast_3020,2025-05-06 20:00:00,5062.7515,5225.8994,4895.75
forecast_3021,2025-05-06 21:00:00,6438.052,6436.4146,5960.458
forecast_3022,2025-05-06 22:00:00,7615.7847,7788.7363,6676.688
forecast_3023,2025-05-06 23:00:00,8137.3574,8667.612,7136.184
forecast_3024,2025-05-07 00:00:00,8312.514,9083.072,7577.203
forecast_3025,2025-05-07 01:00:00,8037.6914,9418.308,6251.4277
forecast_3026,2025-05-07 02:00:00,7592.4956,9606.985,6526.0444
forecast_3027,2025-05-07 03:00:00,7433.3022,9698.955,5762.1597
forecast_3028,2025-05-07 04:00:00,7295.955,9700.016,5456.5405
forecast_3029,2025-05-07 05:00:00,7245.885,9524.957,5018.34
forecast_3030,2025-05-07 06:00:00,6987.855,8957.881,4637.7485
forecast_3031,2025-05-07 07:00:00,6255.284,7697.3115,4099.978
forecast_3032,2025-05-07 08:00:00,4813.636,5891.73,3423.5767
forecast_3033,2025-05-07 09:00:00,3348.3013,4433.998,2777.1406
forecast_3034,2025-05-07 10:00:00,2656.5078,3682.0684,2456.194
forecast_3035,2025-05-07 11:00:00,2395.1123,3347.534,2332.0928
forecast_3036,2025-05-07 12:00:00,2353.2793,3199.343,2297.3235
forecast_3037,2025-05-07 13:00:00,2415.5732,3145.276,2305.3142
forecast_3038,2025-05-07 14:00:00,2558.2568,3156.5337,2357.57
forecast_3039,2025-05-07 15:00:00,2775.7751,3231.1372,2462.5735
forecast_3040,2025-05-07 16:00:00,3072.6953,3381.2004,2643.7866
forecast_3041,2025-05-07 17:00:00,3418.506,3625.0664,2928.3267
forecast_3042,2025-05-07 18:00:00,3780.3787,3977.6028,3359.7112
forecast_3043,2025-05-07 19:00:00,4244.58,4466.6743,4012.604
forecast_3044,2025-05-07 20:00:00,5118.281,5217.869,4981.595
forecast_3045,2025-05-07 21:00:00,6500.196,6429.262,6028.0454
forecast_3046,2025-05-07 22:00:00,7665.579,7783.4185,6721.0293
forecast_3047,2025-05-07 23:00:00,8170.3184,8663.039,7179.0293
forecast_3048,2025-05-08 00:00:00,8343.335,9078.296,7633.8584
forecast_3049,2025-05-08 01:00:00,8081.3394,9413.034,6297.223
forecast_3050,2025-05-08 02:00:00,7656.428,9601.579,6559.1206
forecast_3051,2025-05-08 03:00:00,7492.352,9692.047,5778.4443
forecast_3052,2025-05-08 04:00:00,7333.995,9689.904,5461.124
forecast_3053,2025-05-08 05:00:00,7264.2344,9509.254,5015.9043
forecast_3054,2025-05-08 06:00:00,6999.2007,8934.49,4631.61
forecast_3055,2025-05-08 07:00:00,6255.75,7666.147,4092.4248
forecast_3056,2025-05-08 08:00:00,4799.4907,5860.0815,3415.1904
forecast_3057,2025-05-08 09:00:00,3332.0908,4410.6343,2766.413
forecast_3058,2025-05-08 10:00:00,2643.969,3666.9023,2447.3772
forecast_3059,2025-05-08 11:00:00,2384.3755,3336.8372,2330.12
forecast_3060,2025-05-08 12:00:00,2344.0767,3190.758,2304.0657
forecast_3061,2025-05-08 13:00:00,2410.2444,3137.591,2321.0989
forecast_3062,2025-05-08 14:00:00,2561.5808,3149.08,2381.9104
forecast_3063,2025-05-08 15:00:00,2795.001,3223.4343,2495.3223
forecast_3064,2025-05-08 16:00:00,3110.653,3372.9019,2685.4697
forecast_3065,2025-05-08 17:00:00,3464.0754,3616.1765,2979.9602
forecast_3066,2025-05-08 18:00:00,3821.9812,3968.6953,3422.6833
forecast_3067,2025-05-08 19:00:00,4286.739,4458.301,4090.0327
forecast_3068,2025-05-08 20:00:00,5170.3867,5209.7856,5068.6255
forecast_3069,2025-05-08 21:00:00,6558.32,6422.1626,6093.661
forecast_3070,2025-05-08 22:00:00,7710.6294,7778.1445,6764.03
forecast_3071,2025-05-08 23:00:00,8199.097,8658.423,7222.2886
forecast_3072,2025-05-09 00:00:00,8370.435,9073.403,7691.684
forecast_3073,2025-05-09 01:00:00,8120.566,9407.591,6342.6304
forecast_3074,2025-05-09 02:00:00,7717.596,9595.995,6590.472
forecast_3075,2025-05-09 03:00:00,7552.773,9684.974,5791.726
forecast_3076,2025-05-09 04:00:00,7376.122,9679.701,5461.965
forecast_3077,2025-05-09 05:00:00,7286.364,9493.549,5008.8687
forecast_3078,2025-05-09 06:00:00,7013.4375,8911.06,4620.2886
forecast_3079,2025-05-09 07:00:00,6259.1187,7634.7485,4079.2043
forecast_3080,2025-05-09 08:00:00,4787.9937,5828.0767,3400.9595
forecast_3081,2025-05-09 09:00:00,3317.7913,4386.9565,2750.015
forecast_3082,2025-05-09 10:00:00,2632.6006,3651.4792,2433.442
forecast_3083,2025-05-09 11:00:00,2374.5635,3325.9163,2323.904
forecast_3084,2025-05-09 12:00:00,2335.9167,3181.9773,2307.994
forecast_3085,2025-05-09 13:00:00,2406.671,3129.7346,2335.8328
forecast_3086,2025-05-09 14:00:00,2568.2878,3141.4707,2407.0042
forecast_3087,2025-05-09 15:00:00,2819.6504,3215.5845,2530.2822
forecast_3088,2025-05-09 16:00:00,3152.9229,3364.4492,2730.2996
forecast_3089,2025-05-09 17:00:00,3509.3823,3607.1104,3035.0388
forecast_3090,2025-05-09 18:00:00,3860.6465,3959.5986,3488.914
forecast_3091,2025-05-09 19:00:00,4325.62,4449.773,4170.208
forecast_3092,2025-05-09 20:00:00,5218.5503,5201.64,5155.7847
forecast_3093,2025-05-09 21:00:00,6612.064,6415.094,6156.4053
forecast_3094,2025-05-09 22:00:00,7751.318,7772.8936,6805.183
forecast_3095,2025-05-09 23:00:00,8224.446,8653.746,7265.525
forecast_3096,2025-05-10 00:00:00,8394.403,9068.375,7749.954
forecast_3097,2025-05-10 01:00:00,8155.7363,9401.964,6386.7373
forecast_3098,2025-05-10 02:00:00,7775.524,9590.225,6619.1514
forecast_3099,2025-05-10 03:00:00,7613.6987,9677.727,5800.9653
forecast_3100,2025-05-10 04:00:00,7421.748,9669.379,5457.9565
forecast_3101,2025-05-10 05:00:00,7312.094,9477.787,4995.9873
forecast_3102,2025-05-10 06:00:00,7030.4854,8887.509,4602.464
forecast_3103,2025-05-10 07:00:00,6265.3555,7603.031,4058.9075
forecast_3104,2025-05-10 08:00:00,4779.15,5795.657,3379.3975
forecast_3105,2025-05-10 09:00:00,3305.3667,4362.929,2726.3672
forecast_3106,2025-05-10 10:00:00,2622.3735,3635.7732,2412.6414
forecast_3107,2025-05-10 11:00:00,2365.6846,3314.7517,2311.4316
forecast_3108,2025-05-10 12:00:00,2328.8743,3172.9885,2306.9941
forecast_3109,2025-05-10 13:00:00,2405.0466,3121.6968,2347.58
forecast_3110,2025-05-10 14:00:00,2578.6846,3133.7,2431.3406
forecast_3111,2025-05-10 15:00:00,2849.5518,3207.5833,2566.3933
forecast_3112,2025-05-10 16:00:00,3197.825,3355.84,2777.4978
forecast_3113,2025-05-10 17:00:00,3552.683,3597.8667,3092.7988
forecast_3114,2025-05-10 18:00:00,3895.686,3950.3079,3557.4592
forecast_3115,2025-05-10 19:00:00,4360.935,4441.0845,4251.867
forecast_3116,2025-05-10 20:00:00,5262.4536,5193.4175,5241.3823
forecast_3117,2025-05-10 21:00:00,6661.243,6408.0356,6215.0225
forecast_3118,2025-05-10 22:00:00,7788.095,7767.6357,6843.718
forecast_3119,2025-05-10 23:00:00,8247.063,8648.983,7307.9697
forecast_3120,2025-05-11 00:00:00,8415.823,9063.193,7807.5747
forecast_3121,2025-05-11 01:00:00,8187.3477,9396.14,6428.2944
forecast_3122,2025-05-11 02:00:00,7829.9907,9584.257,6643.929
forecast_3123,2025-05-11 03:00:00,7674.3696,9670.286,5804.8423
forecast_3124,2025-05-11 04:00:00,7470.2734,9658.902,5447.7363
forecast_3125,2025-05-11 05:00:00,7341.228,9461.908,4975.769
forecast_3126,2025-05-11 06:00:00,7050.2617,8863.754,4576.602
forecast_3127,2025-05-11 07:00:00,6274.424,7570.904,4029.948
forecast_3128,2025-05-11 08:00:00,4772.9634,5762.7607,3348.8386
forecast_3129,2025-05-11 09:00:00,3294.7815,4338.515,2693.656
forecast_3130,2025-05-11 10:00:00,2613.2637,3619.7532,2382.8174
forecast_3131,2025-05-11 11:00:00,2357.7483,3303.3186,2289.9485
forecast_3132,2025-05-11 12:00:00,2323.0317,3163.772,2297.8044
forecast_3133,2025-05-11 13:00:00,2405.562,3113.4646,2352.9338
forecast_3134,2025-05-11 14:00:00,2592.9836,3125.7603,2451.8223
forecast_3135,2025-05-11 15:00:00,2884.121,3199.4265,2601.0588
forecast_3136,2025-05-11 16:00:00,3243.4468,3347.073,2824.829
forecast_3137,2025-05-11 17:00:00,3592.6245,3588.443,3151.0457
forecast_3138,2025-05-11 18:00:00,3926.7769,3940.8198,3625.939
forecast_3139,2025-05-11 19:00:00,4392.5737,4432.2275,4332.3647
forecast_3140,2025-05-11 20:00:00,5301.8857,5185.106,5322.6436
forecast_3141,2025-05-11 21:00:00,6705.7534,6400.961,6267.6533
forecast_3142,2025-05-11 22:00:00,7821.4053,7762.343,6878.3965
forecast_3143,2025-05-11 23:00:00,8267.539,8644.111,7348.323
forecast_3144,2025-05-12 00:00:00,8435.214,9057.834,7862.9355
forecast_3145,2025-05-12 01:00:00,8215.929,9390.097,6465.596
forecast_3146,2025-05-12 02:00:00,7880.97,9578.076,6663.206
forecast_3147,2025-05-12 03:00:00,7734.1406,9662.637,5801.678
forecast_3148,2025-05-12 04:00:00,7521.0903,9648.237,5429.627
forecast_3149,2025-05-12 05:00:00,7373.531,9445.849,4946.4565
forecast_3150,2025-05-12 06:00:00,7072.67,8839.697,4540.9834
forecast_3151,2025-05-12 07:00:00,6286.277,7538.267,3990.6123
forecast_3152,2025-05-12 08:00:00,4769.4355,5729.317,3307.5144
forecast_3153,2025-05-12 09:00:00,3286.0059,4313.666,2649.9148
forecast_3154,2025-05-12 10:00:00,2605.247,3603.3838,2341.4365
forecast_3155,2025-05-12 11:00:00,2350.761,3291.5894,2255.8403
forecast_3156,2025-05-12 12:00:00,2318.4675,3154.3064,2275.5657
forecast_3157,2025-05-12 13:00:00,2408.3884,3105.0227,2346.0745
forecast_3158,2025-05-12 14:00:00,2611.255,3117.6401,2462.3694
forecast_3159,2025-05-12 15:00:00,2922.336,3191.1072,2628.4734
forecast_3160,2025-05-12 16:00:00,3287.8733,3338.1428,2866.8428
forecast_3161,2025-05-12 17:00:00,3628.2786,3578.8354,3204.4246
forecast_3162,2025-05-12 18:00:00,3953.8403,3931.1274,3688.9746
forecast_3163,2025-05-12 19:00:00,4420.508,4423.1934,4406.4004
forecast_3164,2025-05-12 20:00:00,5336.667,5176.6904,5394.919
forecast_3165,2025-05-12 21:00:00,6745.509,6393.841,6311.4185
forecast_3166,2025-05-12 22:00:00,7851.629,7756.9785,6907.1807
forecast_3167,2025-05-12 23:00:00,8286.349,8639.101,7384.443
forecast_3168,2025-05-13 00:00:00,8453.001,9052.272,7913.6494
forecast_3169,2025-05-13 01:00:00,8241.978,9383.817,6496.2847
forecast_3170,2025-05-13 02:00:00,7928.576,9571.674,6674.8813
forecast_3171,2025-05-13 03:00:00,7792.4824,9654.757,5789.359
forecast_3172,2025-05-13 04:00:00,7573.587,9637.346,5401.6157
forecast_3173,2025-05-13 05:00:00,7408.7305,9429.54,4906.065
forecast_3174,2025-05-13 06:00:00,7097.5986,8815.24,4493.7847
forecast_3175,2025-05-13 07:00:00,6300.856,7505.011,3939.1729
forecast_3176,2025-05-13 08:00:00,4768.556,5695.246,3253.7085
forecast_3177,2025-05-13 09:00:00,3279.0054,4288.326,2593.2166
forecast_3178,2025-05-13 10:00:00,2598.2954,3586.6162,2285.7957
forecast_3179,2025-05-13 11:00:00,2344.7292,3279.5264,2204.7366
forecast_3180,2025-05-13 12:00:00,2315.2556,3144.5654,2233.5146
forecast_3181,2025-05-13 13:00:00,2413.6594,3096.351,2317.6438
forecast_3182,2025-05-13 14:00:00,2633.3625,3109.3264,2451.7014
forecast_3183,2025-05-13 15:00:00,2962.771,3182.6157,2636.5063
forecast_3184,2025-05-13 16:00:00,3329.3677,3329.0444,2891.3198
forecast_3185,2025-05-13 17:00:00,3659.0745,3569.0393,3240.9387
forecast_3186,2025-05-13 18:00:00,3976.9324,3921.2256,3735.1567
forecast_3187,2025-05-13 19:00:00,4444.7334,4413.97,4463.672
forecast_3188,2025-05-13 20:00:00,5366.622,5168.15,5450.2915
forecast_3189,2025-05-13 21:00:00,6780.402,6386.642,6341.632
forecast_3190,2025-05-13 22:00:00,7879.0776,7751.506,6926.644
forecast_3191,2025-05-13 23:00:00,8303.856,8633.92,7412.841
forecast_3192,2025-05-14 00:00:00,8469.528,9046.4795,7956.1826
forecast_3193,2025-05-14 01:00:00,8265.928,9377.277,6517.0913
forecast_3194,2025-05-14 02:00:00,7973.0073,9565.032,6676.211
forecast_3195,2025-05-14 03:00:00,7848.9883,9646.629,5765.2456
forecast_3196,2025-05-14 04:00:00,7627.16,9626.19,5361.358
forecast_3197,2025-05-14 05:00:00,7446.521,9412.908,4852.4517
forecast_3198,2025-05-14 06:00:00,7124.917,8790.27,4433.2163
forecast_3199,2025-05-14 07:00:00,6318.0854,7471.0146,3874.0825
forecast_3200,2025-05-14 08:00:00,4770.3066,5660.4575,3186.0073
forecast_3201,2025-05-14 09:00:00,3273.738,4262.429,2522.0168
forecast_3202,2025-05-14 10:00:00,2592.382,3569.3972,2213.5032
forecast_3203,2025-05-14 11:00:00,2339.6538,3267.0857,2132.149
forecast_3204,2025-05-14 12:00:00,2313.4614,3134.5144,2163.501
forecast_3205,2025-05-14 13:00:00,2421.447,3087.4255,2254.3267
forecast_3206,2025-05-14 14:00:00,2658.9165,3100.8013,2400.9448
forecast_3207,2025-05-14 15:00:00,3003.699,3173.9412,2601.9355
forecast_3208,2025-05-14 16:00:00,3366.4558,3319.7686,2872.8877
forecast_3209,2025-05-14 17:00:00,3684.709,3559.0476,3235.2544
forecast_3210,2025-05-14 18:00:00,3996.1445,3911.104,3741.1587
forecast_3211,2025-05-14 19:00:00,4465.232,4404.5444,4484.424
forecast_3212,2025-05-14 20:00:00,5391.5605,5159.4624,5474.913
forecast_3213,2025-05-14 21:00:00,6810.2744,6379.3247,6350.341
forecast_3214,2025-05-14 22:00:00,7903.9805,7745.8765,6930.945
forecast_3215,2025-05-14 23:00:00,8320.341,8628.533,7427.8896
forecast_3216,2025-05-15 00:00:00,8485.062,9040.422,7985.2334
forecast_3217,2025-05-15 01:00:00,8288.15,9370.452,6523.4546
forecast_3218,2025-05-15 02:00:00,8014.5195,9558.135,6663.606
forecast_3219,2025-05-15 03:00:00,7903.3623,9638.2295,5726.109
forecast_3220,2025-05-15 04:00:00,7681.229,9614.728,5306.233
forecast_3221,2025-05-15 05:00:00,7486.551,9395.871,4783.4814
forecast_3222,2025-05-15 06:00:00,7154.4614,8764.662,4357.754
forecast_3223,2025-05-15 07:00:00,6337.864,7436.143,3794.2466
forecast_3224,2025-05-15 08:00:00,4774.643,5624.8457,3103.6482
forecast_3225,2025-05-15 09:00:00,3270.1548,4235.894,2435.6587
forecast_3226,2025-05-15 10:00:00,2587.4656,3551.6572,2123.3435
forecast_3227,2025-05-15 11:00:00,2335.5225,3254.2117,2035.0487
forecast_3228,2025-05-15 12:00:00,2313.123,3124.1104,2058.5557
forecast_3229,2025-05-15 13:00:00,2431.7285,3078.214,2141.947
forecast_3230,2025-05-15 14:00:00,2687.226,3092.0427,2285.3135
forecast_3231,2025-05-15 15:00:00,3043.2083,3165.0674,2488.0603
forecast_3232,2025-05-15 16:00:00,3397.9294,3310.3057,2765.5762
forecast_3233,2025-05-15 17:00:00,3705.0117,3548.8513,3137.9382
forecast_3234,2025-05-15 18:00:00,4011.529,3900.7507,3660.6035
forecast_3235,2025-05-15 19:00:00,4481.9453,4394.9,4430.469
forecast_3236,2025-05-15 20:00:00,5411.2686,5150.5996,5443.552
forecast_3237,2025-05-15 21:00:00,6834.8926,6371.84,6323.401
forecast_3238,2025-05-15 22:00:00,7926.4907,7740.0356,6910.0337
forecast_3239,2025-05-15 23:00:00,8336.002,8622.896,7420.4746
forecast_3240,2025-05-16 00:00:00,8499.798,9034.0625,7992.685
forecast_3241,2025-05-16 01:00:00,8308.945,9363.308,6508.9565
forecast_3242,2025-05-16 02:00:00,8053.383,9550.963,6632.422
forecast_3243,2025-05-16 03:00:00,7955.413,9629.534,5668.1226
forecast_3244,2025-05-16 04:00:00,7735.2476,9602.91,5233.5015
forecast_3245,2025-05-16 05:00:00,7528.431,9378.345,4697.282
forecast_3246,2025-05-16 06:00:00,7186.0366,8738.281,4266.435
forecast_3247,2025-05-16 07:00:00,6360.065,7400.2446,3699.3652
forecast_3248,2025-05-16 08:00:00,4781.493,5588.2935,3006.9521
forecast_3249,2025-05-16 09:00:00,3268.1853,4208.6255,2335.0056
forecast_3250,2025-05-16 10:00:00,2583.4944,3533.3132,2016.4513
forecast_3251,2025-05-16 11:00:00,2332.308,3240.8364,1914.4131
forecast_3252,2025-05-16 12:00:00,2314.2427,3113.3013,1918.3717
forecast_3253,2025-05-16 13:00:00,2444.357,3068.6763,1976.0269
forecast_3254,2025-05-16 14:00:00,2717.2668,3083.02,2090.4438
forecast_3255,2025-05-16 15:00:00,3079.298,3155.9731,2263.0532
forecast_3256,2025-05-16 16:00:00,3422.7803,3300.639,2514.9504
forecast_3257,2025-05-16 17:00:00,3719.8225,3538.4363,2874.1594
forecast_3258,2025-05-16 18:00:00,4023.034,3890.1516,3410.0857
forecast_3259,2025-05-16 19:00:00,4494.7515,4385.016,4227.6377
forecast_3260,2025-05-16 20:00:00,5425.5073,5141.5312,5307.289
forecast_3261,2025-05-16 21:00:00,6853.9263,6364.132,6234.308
forecast_3262,2025-05-16 22:00:00,7946.67,7733.9214,6846.3994
forecast_3263,2025-05-16 23:00:00,8350.978,8616.959,7375.6885
forecast_3264,2025-05-17 00:00:00,8513.885,9027.355,7965.7544
forecast_3265,2025-05-17 01:00:00,8328.551,9355.812,6464.4814
forecast_3266,2025-05-17 02:00:00,8089.862,9543.493,6576.7344
forecast_3267,2025-05-17 03:00:00,8005.0303,9620.513,5586.96
forecast_3268,2025-05-17 04:00:00,7788.713,9590.683,5140.609
forecast_3269,2025-05-17 05:00:00,7571.7383,9360.226,4592.6064
forecast_3270,2025-05-17 06:00:00,7219.408,8710.976,4159.228
forecast_3271,2025-05-17 07:00:00,6384.522,7363.152,3590.2988
forecast_3272,2025-05-17 08:00:00,4790.7573,5550.657,2897.7246
forecast_3273,2025-05-17 09:00:00,3267.7363,4180.508,2222.9656
forecast_3274,2025-05-17 10:00:00,2580.3884,3514.263,1897.2725
forecast_3275,2025-05-17 11:00:00,2329.954,3226.8743,1777.4645
forecast_3276,2025-05-17 12:00:00,2316.7656,3102.0188,1754.9707
forecast_3277,2025-05-17 13:00:00,2459.0168,3058.7625,1775.7434
forecast_3278,2025-05-17 14:00:00,2747.648,3073.6973,1843.4081
forecast_3279,2025-05-17 15:00:00,3109.919,3146.6306,1957.3774
forecast_3280,2025-05-17 16:00:00,3440.0989,3290.7485,2140.943
forecast_3281,2025-05-17 17:00:00,3728.8635,3527.7852,2428.531
forecast_3282,2025-05-17 18:00:00,4030.444,3879.286,2915.756
forecast_3283,2025-05-17 19:00:00,4503.4365,4374.866,3758.7368
forecast_3284,2025-05-17 20:00:00,5434.0,5132.2144,4969.0005
forecast_3285,2025-05-17 21:00:00,6866.916,6356.1294,6030.4546
forecast_3286,2025-05-17 22:00:00,7964.4985,7727.4565,6708.911
forecast_3287,2025-05-17 23:00:00,8365.352,8610.663,7268.78
forecast_3288,2025-05-18 00:00:00,8527.422,9020.25,7883.4927
forecast_3289,2025-05-18 01:00:00,8347.148,9347.921,6376.895
forecast_3290,2025-05-18 02:00:00,8124.203,9535.698,6489.1724
forecast_3291,2025-05-18 03:00:00,8052.173,9611.132,5478.0923
forecast_3292,2025-05-18 04:00:00,7841.1724,9577.986,5025.6284
forecast_3293,2025-05-18 05:00:00,7616.0166,9341.403,4469.2666
forecast_3294,2025-05-18 06:00:00,7254.294,8682.57,4037.3726
forecast_3295,2025-05-18 07:00:00,6411.0254,7324.6675,3469.3167
forecast_3296,2025-05-18 08:00:00,4802.2764,5511.779,2779.4187
forecast_3297,2025-05-18 09:00:00,3268.6726,4151.3994,2104.513
forecast_3298,2025-05-18 10:00:00,2578.0378,3494.3792,1773.3798
forecast_3299,2025-05-18 11:00:00,2328.3596,3212.2173,1636.9996
forecast_3300,2025-05-18 12:00:00,2320.554,3090.1768,1590.866
forecast_3301,2025-05-18 13:00:00,2475.17,3048.4048,1580.2905
forecast_3302,2025-05-18 14:00:00,2776.561,3064.0237,1609.7374
forecast_3303,2025-05-18 15:00:00,3132.968,3137.0027,1674.2552
forecast_3304,2025-05-18 16:00:00,3448.932,3280.604,1792.5925
forecast_3305,2025-05-18 17:00:00,3731.6062,3516.8733,1986.3884
forecast_3306,2025-05-18 18:00:00,4033.3042,3868.128,2338.9834
forecast_3307,2025-05-18 19:00:00,4507.6436,4364.416,3038.826
forecast_3308,2025-05-18 20:00:00,5436.408,5122.596,4296.7173
forecast_3309,2025-05-18 21:00:00,6873.233,6347.7466,5607.5356
forecast_3310,2025-05-18 22:00:00,7979.8467,7720.5464,6440.828
forecast_3311,2025-05-18 23:00:00,8379.164,8603.9375,7058.5747
forecast_3312,2025-05-19 00:00:00,8540.471,9012.684,7710.1807
forecast_3313,2025-05-19 01:00:00,8364.87,9339.586,6226.9414
forecast_3314,2025-05-19 02:00:00,8156.6143,9527.547,6360.859
forecast_3315,2025-05-19 03:00:00,8096.8403,9601.354,5337.3364
forecast_3316,2025-05-19 04:00:00,7892.2266,9564.752,4887.8774
forecast_3317,2025-05-19 05:00:00,7660.782,9321.752,4328.564
forecast_3318,2025-05-19 06:00:00,7290.354,8652.869,3903.5964
forecast_3319,2025-05-19 07:00:00,6439.303,7284.575,3340.118
forecast_3320,2025-05-19 08:00:00,4815.834,5471.468,2656.8533
forecast_3321,2025-05-19 09:00:00,3270.8022,4121.1343,1985.9039
forecast_3322,2025-05-19 10:00:00,2576.2744,3473.507,1653.5975
forecast_3323,2025-05-19 11:00:00,2327.358,3196.7314,1506.6339
forecast_3324,2025-05-19 12:00:00,2325.3425,3077.6646,1447.1515
forecast_3325,2025-05-19 13:00:00,2491.9778,3037.5168,1420.9763
forecast_3326,2025-05-19 14:00:00,2801.7058,3053.9321,1434.1504
forecast_3327,2025-05-19 15:00:00,3146.2285,3127.0396,1477.5044
forecast_3328,2025-05-19 16:00:00,3448.1025,3270.1682,1566.021
forecast_3329,2025-05-19 17:00:00,3727.1084,3505.665,1707.2388
forecast_3330,2025-05-19 18:00:00,4030.8132,3856.6409,1955.8278
forecast_3331,2025-05-19 19:00:00,4506.7915,4353.6235,2441.6257
forecast_3332,2025-05-19 20:00:00,5432.296,5112.612,3438.4153
forecast_3333,2025-05-19 21:00:00,6872.0083,6338.874,4846.9873
forecast_3334,2025-05-19 22:00:00,7992.461,7713.074,5943.09
forecast_3335,2025-05-19 23:00:00,8392.41,8596.694,6680.778
forecast_3336,2025-05-20 00:00:00,8553.058,9004.583,7385.0264
forecast_3337,2025-05-20 01:00:00,8381.8,9330.744,5985.9556
forecast_3338,2025-05-20 02:00:00,8187.2646,9519.001,6181.5356
forecast_3339,2025-05-20 03:00:00,8139.0547,9591.128,5161.726
forecast_3340,2025-05-20 04:00:00,7941.513,9550.8955,4728.5874
forecast_3341,2025-05-20 05:00:00,7705.526,9301.12,4173.5513
forecast_3342,2025-05-20 06:00:00,7327.1846,8621.648,3762.0476
forecast_3343,2025-05-20 07:00:00,6469.003,7242.62,3207.4224
forecast_3344,2025-05-20 08:00:00,4831.114,5429.502,2535.3833
forecast_3345,2025-05-20 09:00:00,3273.8472,4089.5073,1873.1761
forecast_3346,2025-05-20 10:00:00,2574.8503,3451.4534,1545.1993
forecast_3347,2025-05-20 11:00:00,2326.6816,3180.2446,1395.2164
forecast_3348,2025-05-20 12:00:00,2330.683,3064.339,1333.072
forecast_3349,2025-05-20 13:00:00,2508.182,3025.984,1304.1814
forecast_3350,2025-05-20 14:00:00,2820.1726,3043.3347,1315.6527
forecast_3351,2025-05-20 15:00:00,3147.2808,3116.672,1354.3254
forecast_3352,2025-05-20 16:00:00,3435.966,3259.385,1434.1434
forecast_3353,2025-05-20 17:00:00,3713.8052,3494.114,1554.8945
forecast_3354,2025-05-20 18:00:00,4021.6562,3844.7764,1757.0385
forecast_3355,2025-05-20 19:00:00,4499.9517,4342.427,2123.895
forecast_3356,2025-05-20 20:00:00,5421.0674,5102.174,2850.7769
forecast_3357,2025-05-20 21:00:00,6862.032,6329.371,3983.0996
forecast_3358,2025-05-20 22:00:00,8001.9155,7704.8945,5150.014
forecast_3359,2025-05-20 23:00:00,8405.037,8588.828,6060.3403
forecast_3360,2025-05-21 00:00:00,8565.172,8995.855,6825.843
forecast_3361,2025-05-21 01:00:00,8397.977,9321.325,5612.754
forecast_3362,2025-05-21 02:00:00,8216.263,9510.012,5939.6978
forecast_3363,2025-05-21 03:00:00,8178.83,9580.399,4950.518
forecast_3364,2025-05-21 04:00:00,7988.702,9536.319,4551.412
forecast_3365,2025-05-21 05:00:00,7749.6973,9279.337,4008.9834
forecast_3366,2025-05-21 06:00:00,7364.2905,8588.646,3617.8315
forecast_3367,2025-05-21 07:00:00,6499.6655,7198.5107,3076.1843
forecast_3368,2025-05-21 08:00:00,4847.6714,5385.6196,2419.7607
forecast_3369,2025-05-21 09:00:00,3277.4028,4056.271,1770.6704
forecast_3370,2025-05-21 10:00:00,2573.3982,3427.977,1451.9934
forecast_3371,2025-05-21 11:00:00,2325.9092,3162.537,1304.941
forecast_3372,2025-05-21 12:00:00,2335.85,3050.013,1246.7253
forecast_3373,2025-05-21 13:00:00,2521.9187,3013.6526,1220.8765
forecast_3374,2025-05-21 14:00:00,2828.3396,3032.1094,1235.6138
forecast_3375,2025-05-21 15:00:00,3133.3315,3105.803,1274.4598
forecast_3376,2025-05-21 16:00:00,3410.0728,3248.1768,1352.2955
forecast_3377,2025-05-21 17:00:00,3689.1914,3482.151,1464.6465
forecast_3378,2025-05-21 18:00:00,4003.745,3832.4634,1647.0276
forecast_3379,2025-05-21 19:00:00,4485.656,4330.7476,1960.8226
forecast_3380,2025-05-21 20:00:00,5401.871,5091.167,2553.703
forecast_3381,2025-05-21 21:00:00,6841.6084,6319.0557,3437.3809
forecast_3382,2025-05-21 22:00:00,8007.5366,7695.8203,4366.503
forecast_3383,2025-05-21 23:00:00,8416.93,8580.205,5242.73
forecast_3384,2025-05-22 00:00:00,8576.759,8986.393,6024.7744
forecast_3385,2025-05-22 01:00:00,8413.38,9311.236,5068.0103
forecast_3386,2025-05-22 02:00:00,8243.647,9500.5205,5622.6035
forecast_3387,2025-05-22 03:00:00,8216.142,9569.098,4705.951
forecast_3388,2025-05-22 04:00:00,8033.4565,9520.907,4362.485
forecast_3389,2025-05-22 05:00:00,7792.697,9256.196,3840.769
forecast_3390,2025-05-22 06:00:00,7401.0576,8553.556,3476.2104
forecast_3391,2025-05-22 07:00:00,6530.6753,7151.907,2950.655
forecast_3392,2025-05-22 08:00:00,4864.8643,5339.5127,2313.1995
forecast_3393,2025-05-22 09:00:00,3280.8735,4021.1265,1680.331
forecast_3394,2025-05-22 10:00:00,2571.3638,3402.7776,1374.3201
forecast_3395,2025-05-22 11:00:00,2324.3867,3143.3276,1233.3984
forecast_3396,2025-05-22 12:00:00,2339.705,3034.4355,1181.6486
forecast_3397,2025-05-22 13:00:00,2530.4348,3000.315,1160.0
forecast_3398,2025-05-22 14:00:00,2821.8228,3020.0876,1178.5468
forecast_3399,2025-05-22 15:00:00,3100.9543,3094.3003,1218.0907
forecast_3400,2025-05-22 16:00:00,3366.6663,3236.4348,1295.462
forecast_3401,2025-05-22 17:00:00,3649.3474,3469.68,1403.2228
forecast_3402,2025-05-22 18:00:00,3973.7998,3819.6077,1575.6401
forecast_3403,2025-05-22 19:00:00,4461.5796,4318.475,1862.9185
forecast_3404,2025-05-22 20:00:00,5373.4507,5079.4326,2392.966
forecast_3405,2025-05-22 21:00:00,6808.3438,6307.6846,3158.3118
forecast_3406,2025-05-22 22:00:00,8008.2817,7685.608,3905.6433
forecast_3407,2025-05-22 23:00:00,8427.893,8570.653,4575.34
forecast_3408,2025-05-23 00:00:00,8587.704,8976.053,5213.8994
forecast_3409,2025-05-23 01:00:00,8427.919,9300.364,4406.374
forecast_3410,2025-05-23 02:00:00,8269.355,9490.454,5219.6934
forecast_3411,2025-05-23 03:00:00,8250.887,9557.132,4433.027
forecast_3412,2025-05-23 04:00:00,8075.3906,9504.513,4169.678
forecast_3413,2025-05-23 05:00:00,7833.826,9231.452,3675.024
forecast_3414,2025-05-23 06:00:00,7436.7036,8516.016,3341.7139
forecast_3415,2025-05-23 07:00:00,6561.1914,7102.412,2833.6848
forecast_3416,2025-05-23 08:00:00,4881.7656,5290.811,2217.0625
forecast_3417,2025-05-23 09:00:00,3283.3784,3983.7031,1602.0034
forecast_3418,2025-05-23 10:00:00,2567.9192,3375.4785,1310.3489
forecast_3419,2025-05-23 11:00:00,2321.0999,3122.25,1176.5406
forecast_3420,2025-05-23 12:00:00,2340.4697,3017.2766,1131.5195
forecast_3421,2025-05-23 13:00:00,2529.7065,2985.6855,1113.4677
forecast_3422,2025-05-23 14:00:00,2795.5076,3007.0342,1135.1702
forecast_3423,2025-05-23 15:00:00,3045.6597,3081.9702,1174.9285
forecast_3424,2025-05-23 16:00:00,3299.9846,3223.9973,1251.9733
forecast_3425,2025-05-23 17:00:00,3588.2034,3456.5564,1356.2942
forecast_3426,2025-05-23 18:00:00,3926.686,3806.0664,1522.4056
forecast_3427,2025-05-23 19:00:00,4424.0205,4305.4497,1793.5411
forecast_3428,2025-05-23 20:00:00,5333.8613,5066.754,2289.221
forecast_3429,2025-05-23 21:00:00,6758.841,6294.9272,2998.9307
forecast_3430,2025-05-23 22:00:00,8002.51,7673.927,3667.4753
forecast_3431,2025-05-23 23:00:00,8437.6,8559.948,4207.5107
forecast_3432,2025-05-24 00:00:00,8597.798,8964.655,4682.674
forecast_3433,2025-05-24 01:00:00,8441.397,9288.564,3843.521
forecast_3434,2025-05-24 02:00:00,8293.18,9479.715,4749.091
forecast_3435,2025-05-24 03:00:00,8282.816,9544.392,4138.264
forecast_3436,2025-05-24 04:00:00,8114.0044,9486.954,3981.0554
forecast_3437,2025-05-24 05:00:00,7872.2236,9204.801,3516.9875
forecast_3438,2025-05-24 06:00:00,7470.1885,8475.593,3217.5073
forecast_3439,2025-05-24 07:00:00,6590.034,7049.5527,2726.5354
forecast_3440,2025-05-24 08:00:00,4897.017,5239.0747,2131.1553
forecast_3441,2025-05-24 09:00:00,3283.6042,3943.5522,1534.257
forecast_3442,2025-05-24 10:00:00,2561.8086,3345.6025,1257.4744
forecast_3443,2025-05-24 11:00:00,2314.4827,3098.8271,1130.5251
forecast_3444,2025-05-24 12:00:00,2335.3848,2998.0884,1091.6366
forecast_3445,2025-05-24 13:00:00,2514.084,2969.3667,1076.2018
forecast_3446,2025-05-24 14:00:00,2743.644,2992.6113,1100.3265
forecast_3447,2025-05-24 15:00:00,2961.3557,3068.5312,1139.7435
forecast_3448,2025-05-24 16:00:00,3201.4324,3210.6257,1216.3109
forecast_3449,2025-05-24 17:00:00,3496.444,3442.5662,1317.4966
forecast_3450,2025-05-24 18:00:00,3854.3816,3791.6292,1478.7493
forecast_3451,2025-05-24 19:00:00,4366.993,4291.4395,1738.0739
forecast_3452,2025-05-24 20:00:00,5279.9067,5052.815,2211.0747
forecast_3453,2025-05-24 21:00:00,6688.352,6280.3145,2889.8345
forecast_3454,2025-05-24 22:00:00,7987.6025,7660.329,3526.4243
forecast_3455,2025-05-24 23:00:00,8445.507,8547.789,4011.7197
forecast_3456,2025-05-25 00:00:00,8606.681,8951.968,4401.6133
forecast_3457,2025-05-25 01:00:00,8453.444,9275.65,3502.5754
forecast_3458,2025-05-25 02:00:00,8314.684,9468.176,4300.7593
forecast_3459,2025-05-25 03:00:00,8311.45,9530.727,3829.8926
forecast_3460,2025-05-25 04:00:00,8148.565,9468.001,3802.6616
forecast_3461,2025-05-25 05:00:00,7906.7515,9175.869,3370.1797
forecast_3462,2025-05-25 06:00:00,7500.0796,8431.765,3105.2068
forecast_3463,2025-05-25 07:00:00,6615.5117,6992.77,2629.1382
forecast_3464,2025-05-25 08:00:00,4908.603,5183.7695,2054.3315
forecast_3465,2025-05-25 09:00:00,3279.5784,3900.1128,1475.1943
forecast_3466,2025-05-25 10:00:00,2551.132,3312.5447,1213.1815
forecast_3467,2025-05-25 11:00:00,2302.1182,3072.4307,1092.336
forecast_3468,2025-05-25 12:00:00,2320.223,2976.2568,1058.8273
forecast_3469,2025-05-25 13:00:00,2476.1987,2950.7954,1045.1189
forecast_3470,2025-05-25 14:00:00,2659.9402,2976.3267,1071.1135
forecast_3471,2025-05-25 15:00:00,2839.9453,3053.5627,1109.7458
forecast_3472,2025-05-25 16:00:00,3059.184,3195.9558,1185.6769
forecast_3473,2025-05-25 17:00:00,3360.324,3427.38,1283.76
forecast_3474,2025-05-25 18:00:00,3744.4856,3775.9695,1440.7577
forecast_3475,2025-05-25 19:00:00,4280.7505,4276.0894,1690.2031
forecast_3476,2025-05-25 20:00:00,5205.9634,5037.1455,2145.6594
forecast_3477,2025-05-25 21:00:00,6590.4785,6263.167,2803.3218
forecast_3478,2025-05-25 22:00:00,7959.28,7644.1646,3426.0176
forecast_3479,2025-05-25 23:00:00,8450.701,8533.757,3890.5046
forecast_3480,2025-05-26 00:00:00,8613.7295,8937.676,4244.019
forecast_3481,2025-05-26 01:00:00,8463.405,9261.372,3317.7104
forecast_3482,2025-05-26 02:00:00,8333.065,9455.666,3970.4824
forecast_3483,2025-05-26 03:00:00,8335.911,9515.94,3528.5652
forecast_3484,2025-05-26 04:00:00,8177.9385,9447.354,3635.914
forecast_3485,2025-05-26 05:00:00,7935.7954,9144.184,3235.9595
forecast_3486,2025-05-26 06:00:00,7524.3174,8383.892,3005.064
forecast_3487,2025-05-26 07:00:00,6635.129,6931.384,2540.5688
forecast_3488,2025-05-26 08:00:00,4913.492,5124.243,1985.0742
forecast_3489,2025-05-26 09:00:00,3268.3208,3852.687,1422.9656
forecast_3490,2025-05-26 10:00:00,2532.9985,3275.5247,1175.3956
forecast_3491,2025-05-26 11:00:00,2280.2905,3042.2227,1059.789
forecast_3492,2025-05-26 12:00:00,2288.7046,2950.9302,1031.0112
forecast_3493,2025-05-26 13:00:00,2407.5125,2929.1592,1018.31995
forecast_3494,2025-05-26 14:00:00,2537.6577,2957.4402,1045.818
forecast_3495,2025-05-26 15:00:00,2671.5874,3036.411,1083.3418
forecast_3496,2025-05-26 16:00:00,2859.5537,3179.4067,1158.528
forecast_3497,2025-05-26 17:00:00,3162.2317,3410.459,1253.4628
forecast_3498,2025-05-26 18:00:00,3578.8062,3758.5576,1406.4734
forecast_3499,2025-05-26 19:00:00,4149.657,4258.8276,1646.945
forecast_3500,2025-05-26 20:00:00,5101.6504,5019.0034,2087.2273
forecast_3501,2025-05-26 21:00:00,6457.5127,6242.44,2727.809
forecast_3502,2025-05-26 22:00:00,7910.348,7624.4688,3343.4453
forecast_3503,2025-05-26 23:00:00,8451.606,8517.25,3801.1497
forecast_3504,2025-05-27 00:00:00,8617.869,8921.347,4140.5767
forecast_3505,2025-05-27 01:00:00,8470.131,9245.385,3210.9565
forecast_3506,2025-05-27 02:00:00,8346.907,9441.95,3758.033
forecast_3507,2025-05-27 03:00:00,8354.674,9499.766,3276.4897
forecast_3508,2025-05-27 04:00:00,8200.294,9424.617,3476.8176
forecast_3509,2025-05-27 05:00:00,7956.942,9109.141,3113.3223
forecast_3510,2025-05-27 06:00:00,7539.8394,8331.173,2916.2224
forecast_3511,2025-05-27 07:00:00,6645.1177,6864.559,2459.47
forecast_3512,2025-05-27 08:00:00,4907.063,5059.6787,1921.8655
forecast_3513,2025-05-27 09:00:00,3245.3108,3800.384,1376.0087
forecast_3514,2025-05-27 10:00:00,2503.0234,3233.5269,1142.5238
forecast_3515,2025-05-27 11:00:00,2243.403,3007.0713,1031.3502
forecast_3516,2025-05-27 12:00:00,2232.1794,2920.9111,1006.80707
forecast_3517,2025-05-27 13:00:00,2299.7153,2903.2607,994.5941
forecast_3518,2025-05-27 14:00:00,2369.9497,2934.8186,1023.37134
forecast_3519,2025-05-27 15:00:00,2446.393,3016.032,1059.5574
forecast_3520,2025-05-27 16:00:00,2591.7998,3160.0208,1133.9462
forecast_3521,2025-05-27 17:00:00,2887.5198,3390.8943,1225.6737
forecast_3522,2025-05-27 18:00:00,3335.3591,3738.484,1374.8303
forecast_3523,2025-05-27 19:00:00,3950.4065,4238.6753,1606.7657
forecast_3524,2025-05-27 20:00:00,4947.806,4997.15,2033.0004
forecast_3525,2025-05-27 21:00:00,6282.778,6216.44,2658.06
forecast_3526,2025-05-27 22:00:00,7828.4854,7599.719,3269.0283
forecast_3527,2025-05-27 23:00:00,8445.423,8497.355,3725.7651
forecast_3528,2025-05-28 00:00:00,8617.212,8902.356,4061.172
forecast_3529,2025-05-28 01:00:00,8471.612,9227.212,3141.8735
forecast_3530,2025-05-28 02:00:00,8353.745,9426.691,3619.266
forecast_3531,2025-05-28 03:00:00,8365.106,9481.827,3095.3103
forecast_3532,2025-05-28 04:00:00,8212.617,9399.252,3324.8079
forecast_3533,2025-05-28 05:00:00,7966.4316,9069.945,2998.9863
forecast_3534,2025-05-28 06:00:00,7541.937,8272.593,2836.8108
forecast_3535,2025-05-28 07:00:00,6639.674,6791.2466,2384.3096
forecast_3536,2025-05-28 08:00:00,4882.215,4989.0317,1863.3582
forecast_3537,2025-05-28 09:00:00,3203.7131,3742.0408,1333.0918
forecast_3538,2025-05-28 10:00:00,2454.6729,3185.1995,1113.3801
forecast_3539,2025-05-28 11:00:00,2183.4348,2965.4146,1005.9449
forecast_3540,2025-05-28 12:00:00,2140.4358,2884.4724,985.278
forecast_3541,2025-05-28 13:00:00,2146.7156,2871.2886,973.1393
forecast_3542,2025-05-28 14:00:00,2151.3591,2906.654,1003.0716
forecast_3543,2025-05-28 15:00:00,2159.765,2990.683,1037.7622
forecast_3544,2025-05-28 16:00:00,2256.9531,3136.1191,1111.3447
forecast_3545,2025-05-28 17:00:00,2537.413,3367.0269,1199.8191
forecast_3546,2025-05-28 18:00:00,3001.5754,3714.0415,1345.2072
forecast_3547,2025-05-28 19:00:00,3655.1694,4213.7905,1568.8247
forecast_3548,2025-05-28 20:00:00,4711.672,4969.305,1981.5483
forecast_3549,2025-05-28 21:00:00,6065.679,6182.1787,2591.547
forecast_3550,2025-05-28 22:00:00,7692.429,7567.326,3198.38
forecast_3551,2025-05-28 23:00:00,8427.019,8472.607,3656.462
forecast_3552,2025-05-29 00:00:00,8608.431,8879.768,3992.5603
forecast_3553,2025-05-29 01:00:00,8464.313,9206.147,3091.743
forecast_3554,2025-05-29 02:00:00,8349.308,9409.387,3521.6257
forecast_3555,2025-05-29 03:00:00,8362.689,9461.579,2970.272
forecast_3556,2025-05-29 04:00:00,8209.874,9370.505,3190.4033
forecast_3557,2025-05-29 05:00:00,7958.2334,9025.527,2889.4539
forecast_3558,2025-05-29 06:00:00,7523.184,8206.824,2763.8167
forecast_3559,2025-05-29 07:00:00,6609.69,6710.0835,2313.5073
forecast_3560,2025-05-29 08:00:00,4827.9834,4910.9106,1808.4116
forecast_3561,2025-05-29 09:00:00,3133.3723,3676.089,1293.2804
forecast_3562,2025-05-29 10:00:00,2378.641,3128.6838,1087.089
forecast_3563,2025-05-29 11:00:00,2090.191,2915.0413,982.8136
forecast_3564,2025-05-29 12:00:00,2004.7927,2839.0564,965.7718
forecast_3565,2025-05-29 13:00:00,1947.0852,2830.4136,953.40497
forecast_3566,2025-05-29 14:00:00,1883.8416,2869.9543,984.43646
forecast_3567,2025-05-29 15:00:00,1829.1943,2957.2854,1017.5281
forecast_3568,2025-05-29 16:00:00,1887.323,3104.5403,1090.3281
forecast_3569,2025-05-29 17:00:00,2139.8298,3335.5278,1175.5255
forecast_3570,2025-05-29 18:00:00,2592.4412,3681.6345,1317.214
forecast_3571,2025-05-29 19:00:00,3250.5708,4180.2227,1532.6382
forecast_3572,2025-05-29 20:00:00,4347.1,4930.7285,1932.1061
forecast_3573,2025-05-29 21:00:00,5807.7476,6133.752,2527.0042
forecast_3574,2025-05-29 22:00:00,7466.4873,7522.4204,3129.4006
forecast_3575,2025-05-29 23:00:00,8386.606,8440.442,3589.5527
forecast_3576,2025-05-30 00:00:00,8585.664,8852.08,3928.583
forecast_3577,2025-05-30 01:00:00,8442.03,9181.1045,3051.6025
forecast_3578,2025-05-30 02:00:00,8326.188,9389.262,3447.257
forecast_3579,2025-05-30 03:00:00,8339.644,9438.194,2880.8025
forecast_3580,2025-05-30 04:00:00,8183.558,9337.279,3080.7375
forecast_3581,2025-05-30 05:00:00,7922.465,8974.393,2785.8284
forecast_3582,2025-05-30 06:00:00,7471.671,8132.078,2693.4795
forecast_3583,2025-05-30 07:00:00,6540.769,6619.2314,2245.495
forecast_3584,2025-05-30 08:00:00,4727.6724,4823.386,1756.0424
forecast_3585,2025-05-30 09:00:00,3019.9834,3600.315,1255.8701
forecast_3586,2025-05-30 10:00:00,2263.1763,3061.3208,1063.0006
forecast_3587,2025-05-30 11:00:00,1954.0618,2852.69,961.4142
forecast_3588,2025-05-30 12:00:00,1823.422,2780.7185,947.8187
forecast_3589,2025-05-30 13:00:00,1708.3186,2776.0085,935.0069
forecast_3590,2025-05-30 14:00:00,1593.3511,2819.4558,967.1185
forecast_3591,2025-05-30 15:00:00,1517.0525,2909.949,998.5518
forecast_3592,2025-05-30 16:00:00,1563.6101,3058.6365,1070.6138
forecast_3593,2025-05-30 17:00:00,1769.5654,3288.6624,1152.5375
forecast_3594,2025-05-30 18:00:00,2157.8303,3632.1487,1290.5955
forecast_3595,2025-05-30 19:00:00,2765.3743,4127.598,1497.9172
forecast_3596,2025-05-30 20:00:00,3819.3486,4869.4683,1884.2578
forecast_3597,2025-05-30 21:00:00,5469.7803,6057.4204,2463.7954
forecast_3598,2025-05-30 22:00:00,7097.0527,7454.447,3061.0789
forecast_3599,2025-05-30 23:00:00,8304.474,8395.831,3523.241
forecast_3600,2025-05-31 00:00:00,8538.6875,8816.685,3866.2126
forecast_3601,2025-05-31 01:00:00,8393.969,9150.295,3016.908
forecast_3602,2025-05-31 02:00:00,8271.615,9365.02,3386.5747
forecast_3603,2025-05-31 03:00:00,8282.582,9410.345,2813.1094
forecast_3604,2025-05-31 04:00:00,8119.2354,9297.901,2992.983
forecast_3605,2025-05-31 05:00:00,7842.826,8914.37,2693.2097
forecast_3606,2025-05-31 06:00:00,7368.268,8045.8354,2623.13
forecast_3607,2025-05-31 07:00:00,6410.4214,6516.08,2178.8613
forecast_3608,2025-05-31 08:00:00,4557.109,4723.6206,1705.3435
forecast_3609,2025-05-31 09:00:00,2846.064,3511.432,1220.3232
forecast_3610,2025-05-31 10:00:00,2097.602,2979.1191,1040.6265
forecast_3611,2025-05-31 11:00:00,1772.8567,2773.3013,941.3544
forecast_3612,2025-05-31 12:00:00,1606.5778,2703.0337,931.07324
forecast_3613,2025-05-31 13:00:00,1456.1138,2700.0002,917.6652
forecast_3614,2025-05-31 14:00:00,1336.9672,2745.104,950.86237
forecast_3615,2025-05-31 15:00:00,1290.5668,2836.0327,980.6133
forecast_3616,2025-05-31 16:00:00,1347.9667,2981.911,1051.9948
forecast_3617,2025-05-31 17:00:00,1508.6617,3203.7646,1130.6707
forecast_3618,2025-05-31 18:00:00,1794.184,3534.4976,1265.1755
forecast_3619,2025-05-31 19:00:00,2274.836,4018.0073,1464.4808
forecast_3620,2025-05-31 20:00:00,3171.3875,4744.754,1837.7816
forecast_3621,2025-05-31 21:00:00,4938.338,5912.1826,2401.6274
forecast_3622,2025-05-31 22:00:00,6542.968,7335.054,2992.964
forecast_3623,2025-05-31 23:00:00,8138.1294,8327.048,3456.6672
forecast_3624,2025-06-01 00:00:00,8450.294,8768.475,3803.9268
forecast_3625,2025-06-01 01:00:00,8376.58,9125.853,3221.5657
forecast_3626,2025-06-01 02:00:00,8262.998,9355.287,3565.919
forecast_3627,2025-06-01 03:00:00,8279.664,9408.047,3109.8958
forecast_3628,2025-06-01 04:00:00,8110.6055,9311.705,3250.6184
forecast_3629,2025-06-01 05:00:00,7823.702,8968.611,3017.7173
forecast_3630,2025-06-01 06:00:00,7322.7666,8184.8525,2942.1543
forecast_3631,2025-06-01 07:00:00,6296.922,6769.324,2549.299
forecast_3632,2025-06-01 08:00:00,4257.9243,4996.271,2052.6433
forecast_3633,2025-06-01 09:00:00,2342.9277,3682.5251,1452.1622
forecast_3634,2025-06-01 10:00:00,1496.9436,3064.9683,1150.4404
forecast_3635,2025-06-01 11:00:00,1129.6122,2821.192,1021.52606
forecast_3636,2025-06-01 12:00:00,985.78015,2736.297,981.0662
forecast_3637,2025-06-01 13:00:00,950.80804,2729.177,969.8403
forecast_3638,2025-06-01 14:00:00,985.77167,2774.7317,985.7656
forecast_3639,2025-06-01 15:00:00,1051.5079,2867.932,1018.9122
forecast_3640,2025-06-01 16:00:00,1134.9927,3015.2585,1075.155
forecast_3641,2025-06-01 17:00:00,1237.2933,3234.0774,1156.1796
forecast_3642,2025-06-01 18:00:00,1360.8384,3557.714,1277.6277
forecast_3643,2025-06-01 19:00:00,1496.1771,4050.6792,1482.2041
forecast_3644,2025-06-01 20:00:00,1658.82,4836.0127,1859.6823
forecast_3645,2025-06-01 21:00:00,2009.2422,6112.2544,2454.8804
forecast_3646,2025-06-01 22:00:00,2800.1306,7561.361,3066.7063
forecast_3647,2025-06-01 23:00:00,3706.7375,8476.9375,3558.19
forecast_3648,2025-06-02 00:00:00,4784.9443,8861.608,3925.7566
forecast_3649,2025-06-02 01:00:00,5632.152,9165.6,3164.055
forecast_3650,2025-06-02 02:00:00,5353.117,9367.731,3507.335
forecast_3651,2025-06-02 03:00:00,5199.9907,9410.475,3003.922
forecast_3652,2025-06-02 04:00:00,4884.883,9307.352,3156.7322
forecast_3653,2025-06-02 05:00:00,4546.0806,8954.759,2901.6233
forecast_3654,2025-06-02 06:00:00,4052.1028,8154.724,2841.9255
forecast_3655,2025-06-02 07:00:00,3203.0105,6719.164,2451.467
forecast_3656,2025-06-02 08:00:00,1898.073,4934.8,1979.7793
forecast_3657,2025-06-02 09:00:00,1147.8475,3620.594,1398.5713
forecast_3658,2025-06-02 10:00:00,903.97186,3002.4736,1120.6881
forecast_3659,2025-06-02 11:00:00,819.38,2754.2366,996.73206
forecast_3660,2025-06-02 12:00:00,831.7958,2662.5938,962.60626
forecast_3661,2025-06-02 13:00:00,885.8802,2647.3083,951.42096
forecast_3662,2025-06-02 14:00:00,959.0916,2683.161,969.8524
forecast_3663,2025-06-02 15:00:00,1035.4951,2762.866,1001.75757
forecast_3664,2025-06-02 16:00:00,1115.9866,2886.43,1058.0739
forecast_3665,2025-06-02 17:00:00,1212.0074,3058.3774,1136.2148
forecast_3666,2025-06-02 18:00:00,1337.8392,3303.3857,1254.2706
forecast_3667,2025-06-02 19:00:00,1476.6414,3715.773,1450.8427
forecast_3668,2025-06-02 20:00:00,1628.9967,4450.8213,1814.3329
forecast_3669,2025-06-02 21:00:00,1934.7369,5701.7603,2392.9685
forecast_3670,2025-06-02 22:00:00,2601.7788,7274.59,2998.2524
forecast_3671,2025-06-02 23:00:00,3310.2585,8356.401,3491.6606
forecast_3672,2025-06-03 00:00:00,4092.789,8799.134,3864.8982
forecast_3673,2025-06-03 01:00:00,4493.8896,9119.663,3136.8208
forecast_3674,2025-06-03 02:00:00,4733.9204,9333.362,3465.835
forecast_3675,2025-06-03 03:00:00,4837.2446,9372.923,2965.425
forecast_3676,2025-06-03 04:00:00,4613.773,9256.0,3104.5237
forecast_3677,2025-06-03 05:00:00,4316.3257,8877.994,2843.6262
forecast_3678,2025-06-03 06:00:00,3851.0818,8045.0874,2780.2117
forecast_3679,2025-06-03 07:00:00,3079.3345,6585.241,2390.3105
forecast_3680,2025-06-03 08:00:00,1853.2175,4797.761,1927.1302
forecast_3681,2025-06-03 09:00:00,1121.098,3489.0918,1361.4011
forecast_3682,2025-06-03 10:00:00,888.5294,2870.4094,1100.0367
forecast_3683,2025-06-03 11:00:00,810.3355,2612.8225,978.939
forecast_3684,2025-06-03 12:00:00,826.7883,2504.7788,948.4471
forecast_3685,2025-06-03 13:00:00,881.9562,2464.422,936.5898
forecast_3686,2025-06-03 14:00:00,956.4123,2458.323,956.2893
forecast_3687,2025-06-03 15:00:00,1033.7908,2455.2744,986.72217
forecast_3688,2025-06-03 16:00:00,1116.1862,2401.7725,1042.6222
forecast_3689,2025-06-03 17:00:00,1214.6843,2292.3528,1117.8601
forecast_3690,2025-06-03 18:00:00,1340.836,2334.1748,1232.5173
forecast_3691,2025-06-03 19:00:00,1476.5667,2643.7966,1421.2916
forecast_3692,2025-06-03 20:00:00,1625.3026,3232.252,1771.1731
forecast_3693,2025-06-03 21:00:00,1921.4594,4225.3203,2332.9517
forecast_3694,2025-06-03 22:00:00,2539.6382,6022.858,2930.5413
forecast_3695,2025-06-03 23:00:00,3149.5151,7931.9653,3424.553
forecast_3696,2025-06-04 00:00:00,3707.8992,8677.37,3802.6946
forecast_3697,2025-06-04 01:00:00,3566.4429,9047.389,3109.6323
forecast_3698,2025-06-04 02:00:00,3727.4631,9280.931,3426.24
forecast_3699,2025-06-04 03:00:00,4336.253,9319.38,2930.818
forecast_3700,2025-06-04 04:00:00,4357.7495,9186.855,3057.8523
forecast_3701,2025-06-04 05:00:00,4135.221,8779.134,2792.582
forecast_3702,2025-06-04 06:00:00,3702.4355,7908.862,2722.8342
forecast_3703,2025-06-04 07:00:00,2995.342,6421.894,2330.2336
forecast_3704,2025-06-04 08:00:00,1833.0078,4628.5513,1873.0656
forecast_3705,2025-06-04 09:00:00,1105.3296,3321.5166,1324.2065
forecast_3706,2025-06-04 10:00:00,879.3179,2695.6006,1079.673
forecast_3707,2025-06-04 11:00:00,805.22253,2416.0588,961.39624
forecast_3708,2025-06-04 12:00:00,824.25714,2270.057,934.64636
forecast_3709,2025-06-04 13:00:00,879.77277,2167.5034,922.0383
forecast_3710,2025-06-04 14:00:00,954.9788,2055.2134,943.12976
forecast_3711,2025-06-04 15:00:00,1033.259,1894.7518,972.0957
forecast_3712,2025-06-04 16:00:00,1117.7495,1762.339,1027.7457
forecast_3713,2025-06-04 17:00:00,1219.1212,1782.1978,1100.1445
forecast_3714,2025-06-04 18:00:00,1346.1421,1963.3176,1211.6101
forecast_3715,2025-06-04 19:00:00,1480.775,2322.849,1392.7784
forecast_3716,2025-06-04 20:00:00,1630.2979,2891.136,1729.3682
forecast_3717,2025-06-04 21:00:00,1929.9618,3677.151,2274.1758
forecast_3718,2025-06-04 22:00:00,2533.0903,4761.788,2863.3308
forecast_3719,2025-06-04 23:00:00,3097.189,6247.0815,3356.9
forecast_3720,2025-06-05 00:00:00,3522.074,8205.761,3739.2695
forecast_3721,2025-06-05 01:00:00,3234.6592,8887.011,3082.2039
forecast_3722,2025-06-05 02:00:00,3105.428,9173.327,3387.8667
forecast_3723,2025-06-05 03:00:00,3538.9443,9226.636,2898.909
forecast_3724,2025-06-05 04:00:00,3997.8418,9082.2705,3015.1436
forecast_3725,2025-06-05 05:00:00,3963.221,8641.914,2746.642
forecast_3726,2025-06-05 06:00:00,3585.412,7729.874,2669.424
forecast_3727,2025-06-05 07:00:00,2936.1523,6212.3945,2272.1165
forecast_3728,2025-06-05 08:00:00,1830.0675,4409.9473,1818.3513
forecast_3729,2025-06-05 09:00:00,1097.1298,3102.3623,1287.1573
forecast_3730,2025-06-05 10:00:00,874.24976,2465.2034,1059.4447
forecast_3731,2025-06-05 11:00:00,802.6475,2154.2188,944.03516
forecast_3732,2025-06-05 12:00:00,823.2811,1957.6927,921.11804
forecast_3733,2025-06-05 13:00:00,878.7443,1791.0414,907.7054
forecast_3734,2025-06-05 14:00:00,954.43286,1636.5393,930.2995
forecast_3735,2025-06-05 15:00:00,1033.6619,1532.4534,957.8164
forecast_3736,2025-06-05 16:00:00,1120.3978,1516.9126,1013.36816
forecast_3737,2025-06-05 17:00:00,1224.7678,1592.1205,1083.0011
forecast_3738,2025-06-05 18:00:00,1352.8987,1772.3938,1191.4789
forecast_3739,2025-06-05 19:00:00,1487.7902,2104.0732,1365.2474
forecast_3740,2025-06-05 20:00:00,1641.0896,2648.036,1688.8912
forecast_3741,2025-06-05 21:00:00,1952.6923,3437.6938,2216.7273
forecast_3742,2025-06-05 22:00:00,2560.3433,4451.9087,2796.867
forecast_3743,2025-06-05 23:00:00,3107.1377,5528.0205,3289.0215
forecast_3744,2025-06-06 00:00:00,3466.4038,6640.329,3674.8684
forecast_3745,2025-06-06 01:00:00,3092.4353,8025.9937,3054.3657
forecast_3746,2025-06-06 02:00:00,2933.1292,8623.308,3350.2903
forecast_3747,2025-06-06 03:00:00,3067.4836,8930.874,2868.882
forecast_3748,2025-06-06 04:00:00,3435.6555,8873.965,2975.306
forecast_3749,2025-06-06 05:00:00,3724.267,8422.921,2704.4087
forecast_3750,2025-06-06 06:00:00,3475.6453,7472.8843,2619.2832
forecast_3751,2025-06-06 07:00:00,2890.1064,5925.919,2216.303
forecast_3752,2025-06-06 08:00:00,1839.8381,4117.862,1763.8961
forecast_3753,2025-06-06 09:00:00,1094.4897,2821.4902,1250.5265
forecast_3754,2025-06-06 10:00:00,871.99396,2188.65,1039.2397
forecast_3755,2025-06-06 11:00:00,801.72986,1867.7886,926.8225
forecast_3756,2025-06-06 12:00:00,823.317,1665.0602,907.7915
forecast_3757,2025-06-06 13:00:00,878.55756,1519.2625,893.5435
forecast_3758,2025-06-06 14:00:00,954.62885,1424.4528,917.737
forecast_3759,2025-06-06 15:00:00,1034.937,1385.2645,943.83093
forecast_3760,2025-06-06 16:00:00,1124.0302,1403.5933,999.4211
forecast_3761,2025-06-06 17:00:00,1231.347,1485.0225,1066.3706
forecast_3762,2025-06-06 18:00:00,1360.7555,1651.5883,1172.0596
forecast_3763,2025-06-06 19:00:00,1497.0369,1947.5919,1338.6494
forecast_3764,2025-06-06 20:00:00,1656.5889,2427.7537,1649.7212
forecast_3765,2025-06-06 21:00:00,1986.6393,3127.308,2160.6838
forecast_3766,2025-06-06 22:00:00,2611.4312,4022.9878,2731.398
forecast_3767,2025-06-06 23:00:00,3157.12,4942.246,3221.29
forecast_3768,2025-06-07 00:00:00,3491.8962,5757.3867,3609.8357
forecast_3769,2025-06-07 01:00:00,3070.7996,6826.374,3026.031
forecast_3770,2025-06-07 02:00:00,2909.7566,7502.7476,3313.2542
forecast_3771,2025-06-07 03:00:00,2978.5276,7798.6597,2840.1692
forecast_3772,2025-06-07 04:00:00,3061.0046,8051.007,2937.5764
forecast_3773,2025-06-07 05:00:00,3362.4148,7955.4175,2664.8513
forecast_3774,2025-06-07 06:00:00,3331.8147,7053.1377,2571.6821
forecast_3775,2025-06-07 07:00:00,2844.4158,5512.781,2162.6992
forecast_3776,2025-06-07 08:00:00,1858.4337,3736.4932,1710.413
forecast_3777,2025-06-07 09:00:00,1096.2214,2501.2502,1214.6368
forecast_3778,2025-06-07 10:00:00,871.67065,1921.389,1019.0077
forecast_3779,2025-06-07 11:00:00,801.92346,1639.394,909.7588
forecast_3780,2025-06-07 12:00:00,824.06335,1478.0806,894.6061
forecast_3781,2025-06-07 13:00:00,879.06635,1377.3826,879.52124
forecast_3782,2025-06-07 14:00:00,955.55164,1322.2039,905.38837
forecast_3783,2025-06-07 15:00:00,1037.1243,1308.3138,930.0961
forecast_3784,2025-06-07 16:00:00,1128.6442,1338.4956,985.8422
forecast_3785,2025-06-07 17:00:00,1238.7493,1422.159,1050.1991
forecast_3786,2025-06-07 18:00:00,1369.6567,1582.6127,1153.2925
forecast_3787,2025-06-07 19:00:00,1508.4407,1862.1145,1312.9376
forecast_3788,2025-06-07 20:00:00,1676.6969,2310.921,1611.8363
forecast_3789,2025-06-07 21:00:00,2031.1459,2953.509,2106.1213
forecast_3790,2025-06-07 22:00:00,2682.0715,3734.3743,2667.1553
forecast_3791,2025-06-07 23:00:00,3236.0886,4462.081,3154.0999
forecast_3792,2025-06-08 00:00:00,3571.3372,5016.731,3544.5808
forecast_3793,2025-06-08 01:00:00,3136.734,5713.826,2997.1814
forecast_3794,2025-06-08 02:00:00,3004.189,6376.9443,3276.6265
forecast_3795,2025-06-08 03:00:00,3061.7898,6868.879,2812.377
forecast_3796,2025-06-08 04:00:00,3015.4133,6977.6216,2901.4219
forecast_3797,2025-06-08 05:00:00,3097.851,6804.809,2627.2205
forecast_3798,2025-06-08 06:00:00,3133.3528,6309.344,2525.9878
forecast_3799,2025-06-08 07:00:00,2782.643,4941.5146,2110.9805
forecast_3800,2025-06-08 08:00:00,1880.8162,3304.0176,1658.3167
forecast_3801,2025-06-08 09:00:00,1101.5577,2207.4575,1179.7825
forecast_3802,2025-06-08 10:00:00,872.679,1719.6896,998.7638
forecast_3803,2025-06-08 11:00:00,802.91693,1492.4214,892.8699
forecast_3804,2025-06-08 12:00:00,825.3859,1369.9679,881.5061
forecast_3805,2025-06-08 13:00:00,880.2336,1297.3527,865.6214
forecast_3806,2025-06-08 14:00:00,957.26996,1261.5,893.2066
forecast_3807,2025-06-08 15:00:00,1040.3287,1259.2917,916.57385
forecast_3808,2025-06-08 16:00:00,1134.297,1295.7463,972.5725
forecast_3809,2025-06-08 17:00:00,1246.9828,1382.3004,1034.4386
forecast_3810,2025-06-08 18:00:00,1379.7365,1543.7616,1135.1199
forecast_3811,2025-06-08 19:00:00,1522.2295,1822.1293,1288.0714
forecast_3812,2025-06-08 20:00:00,1701.8796,2265.2683,1575.2184
forecast_3813,2025-06-08 21:00:00,2086.7449,2890.6604,2053.1072
forecast_3814,2025-06-08 22:00:00,2770.3706,3623.7625,2604.3696
forecast_3815,2025-06-08 23:00:00,3337.6943,4268.835,3087.8684
forecast_3816,2025-06-09 00:00:00,3688.1992,4704.7603,3479.5842
forecast_3817,2025-06-09 01:00:00,3266.6633,5161.776,2967.8606
forecast_3818,2025-06-09 02:00:00,3197.5166,5616.729,3240.3662
forecast_3819,2025-06-09 03:00:00,3299.5808,6044.007,2785.2383
forecast_3820,2025-06-09 04:00:00,3196.5972,6209.721,2866.4736
forecast_3821,2025-06-09 05:00:00,3092.5618,6034.58,2590.978
forecast_3822,2025-06-09 06:00:00,2995.4973,5418.91,2481.6924
forecast_3823,2025-06-09 07:00:00,2707.0996,4328.085,2060.7664
forecast_3824,2025-06-09 08:00:00,1901.834,2919.7087,1607.7676
forecast_3825,2025-06-09 09:00:00,1110.0636,1988.3949,1146.1832
forecast_3826,2025-06-09 10:00:00,874.6817,1585.2064,978.5777
forecast_3827,2025-06-09 11:00:00,804.60614,1399.2803,876.1997
forecast_3828,2025-06-09 12:00:00,827.27686,1301.3868,868.44745
forecast_3829,2025-06-09 13:00:00,882.1043,1244.4114,851.839
forecast_3830,2025-06-09 14:00:00,959.9136,1218.9946,881.15186
forecast_3831,2025-06-09 15:00:00,1044.7024,1223.6204,903.23395
forecast_3832,2025-06-09 16:00:00,1141.0925,1265.483,959.5571
forecast_3833,2025-06-09 17:00:00,1256.1602,1359.3866,1019.04834
forecast_3834,2025-06-09 18:00:00,1391.2623,1534.1658,1117.4893
forecast_3835,2025-06-09 19:00:00,1538.8306,1833.0416,1264.0162
forecast_3836,2025-06-09 20:00:00,1732.9202,2298.4578,1539.8502
forecast_3837,2025-06-09 21:00:00,2154.437,2932.4932,2001.7058
forecast_3838,2025-06-09 22:00:00,2874.9282,3638.8245,2543.2473
forecast_3839,2025-06-09 23:00:00,3457.0378,4231.49,3023.007
forecast_3840,2025-06-10 00:00:00,3830.2615,4607.0645,3415.3616
forecast_3841,2025-06-10 01:00:00,3439.742,4983.5693,2938.1687
forecast_3842,2025-06-10 02:00:00,3454.8882,5366.8145,3204.5122
forecast_3843,2025-06-10 03:00:00,3647.8713,5730.941,2758.581
forecast_3844,2025-06-10 04:00:00,3594.871,5801.799,2832.4827
forecast_3845,2025-06-10 05:00:00,3369.5706,5607.334,2555.7402
forecast_3846,2025-06-10 06:00:00,3045.722,4973.555,2438.4172
forecast_3847,2025-06-10 07:00:00,2677.2449,3887.9026,2011.7059
forecast_3848,2025-06-10 08:00:00,1925.4441,2647.5996,1558.779
forecast_3849,2025-06-10 09:00:00,1122.3882,1841.5227,1113.9642
forecast_3850,2025-06-10 10:00:00,877.7845,1495.428,958.5459
forecast_3851,2025-06-10 11:00:00,807.0973,1335.5807,859.7984
forecast_3852,2025-06-10 12:00:00,829.8336,1252.4109,855.3959
forecast_3853,2025-06-10 13:00:00,884.7918,1204.8047,838.17944
forecast_3854,2025-06-10 14:00:00,963.6663,1186.0653,869.1873
forecast_3855,2025-06-10 15:00:00,1050.4395,1196.4323,890.05255
forecast_3856,2025-06-10 16:00:00,1149.1857,1246.9736,946.74725
forecast_3857,2025-06-10 17:00:00,1266.4896,1359.6536,1003.9913
forecast_3858,2025-06-10 18:00:00,1404.6082,1570.3206,1100.3528
forecast_3859,2025-06-10 19:00:00,1558.796,1921.6962,1240.7444
forecast_3860,2025-06-10 20:00:00,1770.7285,2443.7195,1505.7224
forecast_3861,2025-06-10 21:00:00,2235.1365,3112.66,1951.981
forecast_3862,2025-06-10 22:00:00,2993.7397,3804.419,2483.989
forecast_3863,2025-06-10 23:00:00,3589.3044,4349.471,2959.9377
forecast_3864,2025-06-11 00:00:00,3987.1963,4669.544,3352.475
forecast_3865,2025-06-11 01:00:00,3637.299,4994.7446,2908.27
forecast_3866,2025-06-11 02:00:00,3738.9492,5346.517,3169.162
forecast_3867,2025-06-11 03:00:00,4041.5217,5677.869,2732.3184
forecast_3868,2025-06-11 04:00:00,4166.171,5699.2656,2799.2976
forecast_3869,2025-06-11 05:00:00,3993.1902,5440.9824,2521.2463
forecast_3870,2025-06-11 06:00:00,3392.692,4798.239,2395.8972
forecast_3871,2025-06-11 07:00:00,2769.8557,3689.8938,1963.5293
forecast_3872,2025-06-11 08:00:00,1972.9634,2487.8274,1511.305
forecast_3873,2025-06-11 09:00:00,1141.8558,1746.1333,1083.17
forecast_3874,2025-06-11 10:00:00,882.82166,1432.4521,938.7728
forecast_3875,2025-06-11 11:00:00,810.7079,1288.2518,843.7181
forecast_3876,2025-06-11 12:00:00,833.24384,1214.2444,842.33026
forecast_3877,2025-06-11 13:00:00,888.47675,1173.0797,824.65936
forecast_3878,2025-06-11 14:00:00,968.76166,1159.8837,857.2827
forecast_3879,2025-06-11 15:00:00,1057.774,1178.0061,877.0106
forecast_3880,2025-06-11 16:00:00,1158.7856,1246.3173,934.09796
forecast_3881,2025-06-11 17:00:00,1278.2726,1397.529,989.2378
forecast_3882,2025-06-11 18:00:00,1420.2208,1669.7789,1083.6685
forecast_3883,2025-06-11 19:00:00,1582.7389,2093.2107,1218.2352
forecast_3884,2025-06-11 20:00:00,1816.1796,2680.7764,1472.8322
forecast_3885,2025-06-11 21:00:00,2329.2234,3390.0225,1904.0056
forecast_3886,2025-06-11 22:00:00,3123.8008,4082.51,2426.79
forecast_3887,2025-06-11 23:00:00,3729.6394,4603.5225,2899.077
forecast_3888,2025-06-12 00:00:00,4150.394,4886.899,3291.5183
forecast_3889,2025-06-12 01:00:00,3845.174,5172.164,2878.394
forecast_3890,2025-06-12 02:00:00,4028.8403,5490.4956,3134.481
forecast_3891,2025-06-12 03:00:00,4472.736,5770.0864,2706.4402
forecast_3892,2025-06-12 04:00:00,4888.6567,5745.066,2766.8494
forecast_3893,2025-06-12 05:00:00,4886.7915,5447.7783,2487.3333
forecast_3894,2025-06-12 06:00:00,4144.0493,4758.679,2353.9585
forecast_3895,2025-06-12 07:00:00,3088.5215,3634.4146,1916.0542
forecast_3896,2025-06-12 08:00:00,2077.837,2409.7288,1465.296
forecast_3897,2025-06-12 09:00:00,1174.8853,1684.8013,1053.795
forecast_3898,2025-06-12 10:00:00,891.4273,1386.4005,919.35144
forecast_3899,2025-06-12 11:00:00,815.93024,1251.1696,828.00824
forecast_3900,2025-06-12 12:00:00,837.77594,1183.3949,829.2491
forecast_3901,2025-06-12 13:00:00,893.4026,1147.5125,811.3011
forecast_3902,2025-06-12 14:00:00,975.48004,1140.804,845.41254
forecast_3903,2025-06-12 15:00:00,1066.9731,1172.8285,864.0974
forecast_3904,2025-06-12 16:00:00,1170.1562,1274.5338,921.57086
forecast_3905,2025-06-12 17:00:00,1291.8821,1483.8043,974.7651
forecast_3906,2025-06-12 18:00:00,1438.5919,1821.9252,1067.403
forecast_3907,2025-06-12 19:00:00,1611.2471,2299.5425,1196.4785
forecast_3908,2025-06-12 20:00:00,1869.9458,2925.8367,1441.1925
forecast_3909,2025-06-12 21:00:00,2436.2097,3654.749,1857.8624
forecast_3910,2025-06-12 22:00:00,3261.2773,4354.2085,2371.847
forecast_3911,2025-06-12 23:00:00,3873.6145,4883.8315,2840.8472
forecast_3912,2025-06-13 00:00:00,4313.3926,5178.4775,3233.1204
forecast_3913,2025-06-13 01:00:00,4054.6973,5464.3867,2848.8462
forecast_3914,2025-06-13 02:00:00,4322.041,5754.0845,3100.6982
forecast_3915,2025-06-13 03:00:00,4976.325,5962.5366,2681.012
forecast_3916,2025-06-13 04:00:00,5675.1265,5871.738,2735.1409
forecast_3917,2025-06-13 05:00:00,5722.389,5541.2246,2453.9285
forecast_3918,2025-06-13 06:00:00,4970.1226,4827.9272,2312.5166
forecast_3919,2025-06-13 07:00:00,3720.1006,3654.4517,1869.1892
forecast_3920,2025-06-13 08:00:00,2293.852,2383.7297,1420.7327
forecast_3921,2025-06-13 09:00:00,1230.9287,1647.6055,1025.8037
forecast_3922,2025-06-13 10:00:00,905.8737,1352.8804,900.3607
forecast_3923,2025-06-13 11:00:00,823.3783,1222.3098,812.7129
forecast_3924,2025-06-13 12:00:00,843.76666,1159.1373,816.1688
forecast_3925,2025-06-13 13:00:00,899.8684,1128.6373,798.1337
forecast_3926,2025-06-13 14:00:00,984.1358,1131.9556,833.55884
forecast_3927,2025-06-13 15:00:00,1078.3267,1189.1628,851.3094
forecast_3928,2025-06-13 16:00:00,1183.6062,1340.7423,909.1356
forecast_3929,2025-06-13 17:00:00,1307.737,1609.4326,960.5585
forecast_3930,2025-06-13 18:00:00,1460.1997,1989.1863,1051.5315
forecast_3931,2025-06-13 19:00:00,1644.7919,2490.894,1175.4808
forecast_3932,2025-06-13 20:00:00,1932.3613,3128.7295,1410.8297
forecast_3933,2025-06-13 21:00:00,2554.5786,3858.7395,1813.6613
forecast_3934,2025-06-13 22:00:00,3402.1323,4561.62,2319.3801
forecast_3935,2025-06-13 23:00:00,4017.724,5109.596,2785.6885
forecast_3936,2025-06-14 00:00:00,4471.935,5442.0728,3177.9556
forecast_3937,2025-06-14 01:00:00,4261.1514,5760.033,2820.0198
forecast_3938,2025-06-14 02:00:00,4625.5396,6037.8735,3068.1191
forecast_3939,2025-06-14 03:00:00,5544.8047,6190.8516,2656.1802
forecast_3940,2025-06-14 04:00:00,6338.3403,6039.7544,2704.2563
forecast_3941,2025-06-14 05:00:00,6274.3843,5669.372,2421.0422
forecast_3942,2025-06-14 06:00:00,5512.619,4956.7603,2271.5625
forecast_3943,2025-06-14 07:00:00,4349.4097,3753.99,1822.9268
forecast_3944,2025-06-14 08:00:00,2678.364,2402.37,1377.6328
forecast_3945,2025-06-14 09:00:00,1323.0334,1631.638,999.1602
forecast_3946,2025-06-14 10:00:00,929.0033,1331.3236,881.86865
forecast_3947,2025-06-14 11:00:00,833.7607,1202.0891,797.8713
forecast_3948,2025-06-14 12:00:00,851.60144,1142.5372,803.12286
forecast_3949,2025-06-14 13:00:00,908.2079,1118.9371,785.19025
forecast_3950,2025-06-14 14:00:00,995.05194,1139.4697,821.7142
forecast_3951,2025-06-14 15:00:00,1092.1196,1235.8053,838.65137
forecast_3952,2025-06-14 16:00:00,1199.4537,1442.2352,896.77026
forecast_3953,2025-06-14 17:00:00,1326.2534,1749.0839,946.6141
forecast_3954,2025-06-14 18:00:00,1485.4495,2144.2666,1036.0448
forecast_3955,2025-06-14 19:00:00,1683.6415,2650.3994,1155.2623
forecast_3956,2025-06-14 20:00:00,2003.3314,3285.052,1381.7938
forecast_3957,2025-06-14 21:00:00,2681.8875,4008.331,1771.5394
forecast_3958,2025-06-14 22:00:00,3542.8308,4710.684,2269.6455
forecast_3959,2025-06-14 23:00:00,4159.5293,5274.641,2734.0762
forecast_3960,2025-06-15 00:00:00,4623.4688,5644.692,3126.7559
forecast_3961,2025-06-15 01:00:00,4461.5947,5992.441,2792.4124
forecast_3962,2025-06-15 02:00:00,4948.5728,6266.5713,3037.1365
forecast_3963,2025-06-15 03:00:00,6098.831,6391.0483,2632.1887
forecast_3964,2025-06-15 04:00:00,6779.1494,6207.4023,2674.3582
forecast_3965,2025-06-15 05:00:00,6567.124,5805.578,2388.773
forecast_3966,2025-06-15 06:00:00,5812.9707,5095.976,2231.1687
forecast_3967,2025-06-15 07:00:00,4708.2437,3912.2827,1777.3401
forecast_3968,2025-06-15 08:00:00,3101.2869,2478.1665,1336.0543
forecast_3969,2025-06-15 09:00:00,1463.3599,1640.3026,973.83124
forecast_3970,2025-06-15 10:00:00,963.74945,1323.5447,863.9321
forecast_3971,2025-06-15 11:00:00,847.8135,1192.3347,783.5167
forecast_3972,2025-06-15 12:00:00,861.6679,1135.998,790.1605
forecast_3973,2025-06-15 13:00:00,918.7446,1123.0631,772.5075
forecast_3974,2025-06-15 14:00:00,1008.5189,1171.3563,809.88245
forecast_3975,2025-06-15 15:00:00,1108.5925,1315.6553,826.1383
forecast_3976,2025-06-15 16:00:00,1217.981,1563.1577,884.4671
forecast_3977,2025-06-15 17:00:00,1347.7865,1883.1062,932.9442
forecast_3978,2025-06-15 18:00:00,1514.6008,2278.4749,1020.94977
forecast_3979,2025-06-15 19:00:00,1727.8015,2777.855,1135.8652
forecast_3980,2025-06-15 20:00:00,2082.2922,3403.9702,1354.1672
forecast_3981,2025-06-15 21:00:00,2815.097,4118.0283,1731.6799
forecast_3982,2025-06-15 22:00:00,3680.8132,4817.8013,2222.9521
forecast_3983,2025-06-15 23:00:00,4297.444,5394.395,2686.5427
forecast_3984,2025-06-16 00:00:00,4766.4683,5794.76,3080.3293
forecast_3985,2025-06-16 01:00:00,4654.072,6160.956,2766.6428
forecast_3986,2025-06-16 02:00:00,5293.5107,6433.848,3008.2578
forecast_3987,2025-06-16 03:00:00,6560.27,6545.635,2609.393
forecast_3988,2025-06-16 04:00:00,7035.23,6348.29,2645.7102
forecast_3989,2025-06-16 05:00:00,6723.517,5931.3047,2357.3147
forecast_3990,2025-06-16 06:00:00,5974.0317,5223.687,2191.488
forecast_3991,2025-06-16 07:00:00,4883.563,4080.8406,1732.5801
forecast_3992,2025-06-16 08:00:00,3335.8274,2611.8203,1296.0911
forecast_3993,2025-06-16 09:00:00,1638.4453,1680.8151,949.7976
forecast_3994,2025-06-16 10:00:00,1011.32697,1332.783,846.6086
forecast_3995,2025-06-16 11:00:00,866.1143,1195.6528,769.6818
forecast_3996,2025-06-16 12:00:00,874.27545,1143.2745,777.3437
forecast_3997,2025-06-16 13:00:00,931.7315,1147.7467,760.1225
forecast_3998,2025-06-16 14:00:00,1024.7377,1233.5854,798.0817
forecast_3999,2025-06-16 15:00:00,1127.8923,1421.4081,813.7967
forecast_4000,2025-06-16 16:00:00,1239.3812,1686.0339,872.2327
forecast_4001,2025-06-16 17:00:00,1372.5662,2004.0629,919.57465
forecast_4002,2025-06-16 18:00:00,1547.7135,2389.8652,1006.27765
forecast_4003,2025-06-16 19:00:00,1776.9987,2878.103,1117.3596
forecast_4004,2025-06-16 20:00:00,2168.2427,3494.3684,1328.0697
forecast_4005,2025-06-16 21:00:00,2951.067,4198.935,1694.3312
forecast_4006,2025-06-16 22:00:00,3814.5696,4895.4316,2179.699
forecast_4007,2025-06-16 23:00:00,4430.388,5482.4155,2643.7163
forecast_4008,2025-06-17 00:00:00,4899.958,5906.78,3039.6008
forecast_4009,2025-06-17 01:00:00,4838.279,6284.2246,2743.4827
forecast_4010,2025-06-17 02:00:00,5646.986,6559.4805,2982.1394
forecast_4011,2025-06-17 03:00:00,6905.1743,6667.3257,2588.2913
forecast_4012,2025-06-17 04:00:00,7182.282,6462.626,2618.6973
forecast_4013,2025-06-17 05:00:00,6814.0645,6038.0557,2326.9746
forecast_4014,2025-06-17 06:00:00,6062.3105,5334.3657,2152.771
forecast_4015,2025-06-17 07:00:00,4975.098,4229.005,1688.8783
forecast_4016,2025-06-17 08:00:00,3408.0452,2776.1167,1257.874
forecast_4017,2025-06-17 09:00:00,1778.841,1757.8785,927.0578
forecast_4018,2025-06-17 10:00:00,1067.8636,1363.1528,829.95355
forecast_4019,2025-06-17 11:00:00,888.78094,1215.629,756.3973
forecast_4020,2025-06-17 12:00:00,889.5592,1169.9064,764.7433
forecast_4021,2025-06-17 13:00:00,947.2819,1199.799,748.08026
forecast_4022,2025-06-17 14:00:00,1043.7693,1325.4607,786.3467
forecast_4023,2025-06-17 15:00:00,1150.03,1538.3999,801.6654
forecast_4024,2025-06-17 16:00:00,1263.706,1801.452,860.0963
forecast_4025,2025-06-17 17:00:00,1400.6512,2108.6619,906.55585
forecast_4026,2025-06-17 18:00:00,1584.6228,2479.7,992.0902
forecast_4027,2025-06-17 19:00:00,1830.6991,2956.5015,1099.8528
forecast_4028,2025-06-17 20:00:00,2259.8357,3563.2375,1303.6727
forecast_4029,2025-06-17 21:00:00,3086.9988,4259.343,1659.8179
forecast_4030,2025-06-17 22:00:00,3943.3987,4952.761,2140.3948
forecast_4031,2025-06-17 23:00:00,4557.5044,5549.381,2606.3657
forecast_4032,2025-06-18 00:00:00,5023.341,5994.2207,3005.664
forecast_4033,2025-06-18 01:00:00,5016.0977,6380.934,2723.9001
forecast_4034,2025-06-18 02:00:00,5984.605,6664.2637,2959.6362
forecast_4035,2025-06-18 03:00:00,7148.6543,6774.699,2569.5708
forecast_4036,2025-06-18 04:00:00,7271.995,6564.2183,2593.8635
forecast_4037,2025-06-18 05:00:00,6869.749,6131.029,2298.2075
forecast_4038,2025-06-18 06:00:00,6114.874,5429.795,2115.3813
forecast_4039,2025-06-18 07:00:00,5029.7085,4351.833,1646.5535
forecast_4040,2025-06-18 08:00:00,3423.8838,2937.5757,1221.5642
forecast_4041,2025-06-18 09:00:00,1846.0247,1866.3308,905.6267
forecast_4042,2025-06-18 10:00:00,1122.7947,1418.4728,814.0304
forecast_4043,2025-06-18 11:00:00,915.136,1257.281,743.6994
forecast_4044,2025-06-18 12:00:00,907.4002,1222.3627,752.442
forecast_4045,2025-06-18 13:00:00,965.3222,1282.0072,736.4286
forecast_4046,2025-06-18 14:00:00,1065.5093,1437.5092,774.7344
forecast_4047,2025-06-18 15:00:00,1174.8674,1653.5735,789.8042
forecast_4048,2025-06-18 16:00:00,1290.8517,1905.1278,848.11035
forecast_4049,2025-06-18 17:00:00,1431.9077,2195.3428,893.9681
forecast_4050,2025-06-18 18:00:00,1624.9442,2551.3076,978.4881
forecast_4051,2025-06-18 19:00:00,1624.9442,2551.3076,978.4881
forecast_4052,2025-06-18 20:00:00,1624.9442,2551.3076,978.4881
forecast_4053,2025-06-18 21:00:00,1624.9442,2551.3076,978.4881
forecast_4054,2025-06-18 22:00:00,1624.9442,2551.3076,978.4881
forecast_4055,2025-06-18 23:00:00,1624.9442,2551.3076,978.4881
forecast_4056,2025-06-19 00:00:00,1624.9442,2551.3076,978.4881
forecast_4057,2025-06-19 01:00:00,1624.9442,2551.3076,978.4881
forecast_4058,2025-06-19 02:00:00,1624.9442,2551.3076,978.4881
forecast_4059,2025-06-19 03:00:00,1624.9442,2551.3076,978.4881
forecast_4060,2025-06-19 04:00:00,1624.9442,2551.3076,978.4881
forecast_4061,2025-06-19 05:00:00,1624.9442,2551.3076,978.4881
forecast_4062,2025-06-19 06:00:00,1624.9442,2551.3076,978.4881
forecast_4063,2025-06-19 07:00:00,1624.9442,2551.3076,978.4881
forecast_4064,2025-06-19 08:00:00,1624.9442,2551.3076,978.4881
forecast_4065,2025-06-19 09:00:00,1624.9442,2551.3076,978.4881
forecast_4066,2025-06-19 10:00:00,1624.9442,2551.3076,978.4881
forecast_4067,2025-06-19 11:00:00,1624.9442,2551.3076,978.4881
forecast_4068,2025-06-19 12:00:00,1624.9442,2551.3076,978.4881
forecast_4069,2025-06-19 13:00:00,1624.9442,2551.3076,978.4881
forecast_4070,2025-06-19 14:00:00,1624.9442,2551.3076,978.4881
forecast_4071,2025-06-19 15:00:00,1624.9442,2551.3076,978.4881
forecast_4072,2025-06-19 16:00:00,1624.9442,2551.3076,978.4881
forecast_4073,2025-06-19 17:00:00,1624.9442,2551.3076,978.4881
forecast_4074,2025-06-19 18:00:00,1624.9442,2551.3076,978.4881
forecast_4075,2025-06-19 19:00:00,1948.4976,3068.1267,1068.5123
forecast_4076,2025-06-19 20:00:00,2453.7734,3662.8394,1261.0396
forecast_4077,2025-06-19 21:00:00,3350.649,4349.588,1601.1686
forecast_4078,2025-06-19 22:00:00,4185.3955,5044.901,2076.5474
forecast_4079,2025-06-19 23:00:00,4791.135,5670.486,2552.2734
forecast_4080,2025-06-20 00:00:00,5239.869,6165.476,2963.8452
forecast_4081,2025-06-20 01:00:00,5364.8315,6584.8027,2700.7346
forecast_4082,2025-06-20 02:00:00,6540.3853,6911.43,2930.4443
forecast_4083,2025-06-20 03:00:00,7433.835,7040.98,2543.441
forecast_4084,2025-06-20 04:00:00,7372.657,6814.796,2554.1116
forecast_4085,2025-06-20 05:00:00,6930.307,6344.032,2248.1992
forecast_4086,2025-06-20 06:00:00,6173.38,5623.462,2046.7877
forecast_4087,2025-06-20 07:00:00,5091.5674,4566.6904,1567.8241
forecast_4088,2025-06-20 08:00:00,3440.6965,3205.3188,1155.5078
forecast_4089,2025-06-20 09:00:00,1895.8002,2117.927,866.88715
forecast_4090,2025-06-20 10:00:00,1195.4827,1600.65,784.6815
forecast_4091,2025-06-20 11:00:00,970.37854,1418.6948,720.253
forecast_4092,2025-06-20 12:00:00,948.73413,1410.2008,729.11865
forecast_4093,2025-06-20 13:00:00,1007.6368,1508.2961,714.55054
forecast_4094,2025-06-20 14:00:00,1115.9542,1666.1049,752.2173
forecast_4095,2025-06-20 15:00:00,1231.443,1853.1473,767.23083
forecast_4096,2025-06-20 16:00:00,1352.4396,2067.2966,824.97955
forecast_4097,2025-06-20 17:00:00,1502.4762,2323.0408,870.60596
forecast_4098,2025-06-20 18:00:00,1713.371,2658.302,953.70874
forecast_4099,2025-06-20 19:00:00,2010.7766,3114.642,1055.1948
forecast_4100,2025-06-20 20:00:00,2553.1047,3710.281,1243.5836
forecast_4101,2025-06-20 21:00:00,3475.8555,4400.6997,1578.3497
forecast_4102,2025-06-20 22:00:00,4298.2734,5109.206,2054.068
forecast_4103,2025-06-20 23:00:00,4896.3022,5766.427,2538.472
forecast_4104,2025-06-21 00:00:00,5334.6406,6308.8047,2959.8435
forecast_4105,2025-06-21 01:00:00,5538.581,6766.279,2700.8599
forecast_4106,2025-06-21 02:00:00,6749.5273,7139.2827,2927.4514
forecast_4107,2025-06-21 03:00:00,7516.252,7282.706,2539.2278
forecast_4108,2025-06-21 04:00:00,7403.2974,7039.4146,2541.8066
forecast_4109,2025-06-21 05:00:00,6947.7725,6528.2896,2229.1265
forecast_4110,2025-06-21 06:00:00,6191.2324,5775.768,2017.231
forecast_4111,2025-06-21 07:00:00,5111.2153,4707.3604,1532.6575
forecast_4112,2025-06-21 08:00:00,3452.3,3334.4502,1126.3099
forecast_4113,2025-06-21 09:00:00,1919.9418,2236.311,849.76196
forecast_4114,2025-06-21 10:00:00,1218.4171,1712.7141,771.44904
forecast_4115,2025-06-21 11:00:00,993.79126,1529.6564,709.6427
forecast_4116,2025-06-21 12:00:00,970.341,1528.3739,718.3233
forecast_4117,2025-06-21 13:00:00,1030.8875,1623.767,704.4973
forecast_4118,2025-06-21 14:00:00,1143.7998,1764.6567,741.5544
forecast_4119,2025-06-21 15:00:00,1262.3264,1932.4052,756.7656
forecast_4120,2025-06-21 16:00:00,1385.9708,2128.8953,814.1388
forecast_4121,2025-06-21 17:00:00,1540.6525,2375.3218,860.22473
forecast_4122,2025-06-21 18:00:00,1759.9379,2708.3438,943.03735
forecast_4123,2025-06-21 19:00:00,2074.091,3168.09,1043.9512
forecast_4124,2025-06-21 20:00:00,2652.251,3771.9385,1229.4374
forecast_4125,2025-06-21 21:00:00,3595.7144,4476.97,1561.0743
forecast_4126,2025-06-21 22:00:00,4405.4062,5215.4785,2039.8298
forecast_4127,2025-06-21 23:00:00,4993.1064,5927.403,2536.3264
forecast_4128,2025-06-22 00:00:00,5422.52,6545.773,2970.808
forecast_4129,2025-06-22 01:00:00,5709.711,7064.808,2712.4138
forecast_4130,2025-06-22 02:00:00,6918.1255,7504.927,2935.9844
forecast_4131,2025-06-22 03:00:00,7575.9736,7664.6763,2544.273
forecast_4132,2025-06-22 04:00:00,7426.6455,7397.508,2537.292
forecast_4133,2025-06-22 05:00:00,6960.752,6824.746,2216.2485
forecast_4134,2025-06-22 06:00:00,6204.9297,6017.5195,1992.4792
forecast_4135,2025-06-22 07:00:00,5127.0493,4915.9756,1501.4424
forecast_4136,2025-06-22 08:00:00,3465.415,3496.0303,1100.1589
forecast_4137,2025-06-22 09:00:00,1945.8931,2345.0432,834.33856
forecast_4138,2025-06-22 10:00:00,1239.804,1823.7738,759.3561
forecast_4139,2025-06-22 11:00:00,1013.3341,1646.7678,699.9113
forecast_4140,2025-06-22 12:00:00,990.86255,1645.089,708.29254
forecast_4141,2025-06-22 13:00:00,1054.6094,1727.8561,695.1934
forecast_4142,2025-06-22 14:00:00,1172.6641,1850.8076,731.5079
forecast_4143,2025-06-22 15:00:00,1294.2185,2002.0204,747.07623
forecast_4144,2025-06-22 16:00:00,1420.5332,2188.432,804.0784
forecast_4145,2025-06-22 17:00:00,1579.7958,2433.4612,851.0942
forecast_4146,2025-06-22 18:00:00,1806.9741,2770.2454,933.9907
forecast_4147,2025-06-22 19:00:00,2137.6187,3239.0752,1035.3007
forecast_4148,2025-06-22 20:00:00,2750.1233,3859.1763,1219.3416
forecast_4149,2025-06-22 21:00:00,3709.8413,4592.706,1550.5383
forecast_4150,2025-06-22 22:00:00,4506.4463,5381.721,2035.8752
forecast_4151,2025-06-22 23:00:00,5081.4346,6173.456,2548.951
forecast_4152,2025-06-23 00:00:00,5505.5273,6891.519,3000.85
forecast_4153,2025-06-23 01:00:00,5874.4805,7475.783,2739.5715
forecast_4154,2025-06-23 02:00:00,7052.767,7970.867,2960.566
forecast_4155,2025-06-23 03:00:00,7620.635,8142.3535,2562.6726
forecast_4156,2025-06-23 04:00:00,7444.866,7862.2646,2543.889
forecast_4157,2025-06-23 05:00:00,6970.7583,7219.362,2212.2363
forecast_4158,2025-06-23 06:00:00,6215.7607,6333.0703,1974.415
forecast_4159,2025-06-23 07:00:00,5140.4355,5174.34,1475.4222
forecast_4160,2025-06-23 08:00:00,3479.4924,3676.0503,1077.5784
forecast_4161,2025-06-23 09:00:00,1972.468,2435.9314,820.8672
forecast_4162,2025-06-23 10:00:00,1261.4115,1912.8635,748.58746
forecast_4163,2025-06-23 11:00:00,1030.8025,1762.0433,691.2126
forecast_4164,2025-06-23 12:00:00,1009.1775,1758.0641,699.20526
forecast_4165,2025-06-23 13:00:00,1077.9288,1825.4515,686.808
forecast_4166,2025-06-23 14:00:00,1201.8778,1933.5016,722.294
forecast_4167,2025-06-23 15:00:00,1326.4767,2074.6013,738.3997
forecast_4168,2025-06-23 16:00:00,1455.4238,2258.6262,795.11816
forecast_4169,2025-06-23 17:00:00,1619.1145,2505.7163,843.61597
forecast_4170,2025-06-23 18:00:00,1853.7021,2847.1177,927.0386
forecast_4171,2025-06-23 19:00:00,2200.6409,3326.885,1029.8835
forecast_4172,2025-06-23 20:00:00,2845.8052,3968.9172,1214.1879
forecast_4173,2025-06-23 21:00:00,3817.9705,4741.953,1548.1665
forecast_4174,2025-06-23 22:00:00,4601.0493,5596.1724,2044.8475
forecast_4175,2025-06-23 23:00:00,5161.4795,6480.2324,2580.6785
forecast_4176,2025-06-24 00:00:00,5585.621,7293.207,3055.8528
forecast_4177,2025-06-24 01:00:00,6029.1675,7903.326,2788.5403
forecast_4178,2025-06-24 02:00:00,7159.787,8399.962,3008.083
forecast_4179,2025-06-24 03:00:00,7655.1494,8567.772,2600.767
forecast_4180,2025-06-24 04:00:00,7459.356,8310.253,2566.6917
forecast_4181,2025-06-24 05:00:00,6978.721,7631.523,2221.1086
forecast_4182,2025-06-24 06:00:00,6224.5605,6649.808,1965.7827
forecast_4183,2025-06-24 07:00:00,5152.242,5411.7866,1456.3284
forecast_4184,2025-06-24 08:00:00,3494.2913,3823.5466,1059.2955
forecast_4185,2025-06-24 09:00:00,1999.1135,2491.1409,809.70557
forecast_4186,2025-06-24 10:00:00,1283.4548,1932.9125,739.397
forecast_4187,2025-06-24 11:00:00,1048.0447,1833.7388,683.76044
forecast_4188,2025-06-24 12:00:00,1024.9045,1863.5248,691.2876
forecast_4189,2025-06-24 13:00:00,1099.8627,1925.2804,679.5636
forecast_4190,2025-06-24 14:00:00,1230.6725,2021.9827,714.182
forecast_4191,2025-06-24 15:00:00,1358.405,2155.277,731.0363
forecast_4192,2025-06-24 16:00:00,1489.9242,2335.862,787.6754
forecast_4193,2025-06-24 17:00:00,1657.8413,2581.855,838.3038
forecast_4194,2025-06-24 18:00:00,1899.4486,2926.4302,922.745
forecast_4195,2025-06-24 19:00:00,2262.536,3418.1692,1028.5541
forecast_4196,2025-06-24 20:00:00,2938.524,4085.5542,1215.049
forecast_4197,2025-06-24 21:00:00,3919.9058,4903.378,1555.5082
forecast_4198,2025-06-24 22:00:00,4688.95,5827.104,2070.0833
forecast_4199,2025-06-24 23:00:00,5233.706,6799.5396,2637.6028
forecast_4200,2025-06-25 00:00:00,5664.3447,7674.5664,3144.455
forecast_4201,2025-06-25 01:00:00,6171.05,8261.425,2868.8835
forecast_4202,2025-06-25 02:00:00,7244.6914,8714.815,3089.3638
forecast_4203,2025-06-25 03:00:00,7682.669,8863.605,2668.7449
forecast_4204,2025-06-25 04:00:00,7471.0806,8652.777,2613.8003
forecast_4205,2025-06-25 05:00:00,6985.236,8007.963,2249.139
forecast_4206,2025-06-25 06:00:00,6231.9146,6955.6797,1970.7053
forecast_4207,2025-06-25 07:00:00,5163.0537,5624.4727,1446.6542
forecast_4208,2025-06-25 08:00:00,3509.752,3945.4988,1046.349
forecast_4209,2025-06-25 09:00:00,2025.6808,2530.2175,801.37854
forecast_4210,2025-06-25 10:00:00,1305.8953,1925.4791,732.1314
forecast_4211,2025-06-25 11:00:00,1065.9083,1811.017,677.8521
forecast_4212,2025-06-25 12:00:00,1038.6138,1898.0559,684.82996
forecast_4213,2025-06-25 13:00:00,1119.4414,1990.5471,673.7553
forecast_4214,2025-06-25 14:00:00,1258.2094,2090.3494,707.506
forecast_4215,2025-06-25 15:00:00,1389.2966,2221.6023,725.3705
forecast_4216,2025-06-25 16:00:00,1523.3475,2402.2258,782.29877
forecast_4217,2025-06-25 17:00:00,1695.297,2650.58,835.7906
forecast_4218,2025-06-25 18:00:00,1943.6611,3001.4746,921.986
forecast_4219,2025-06-25 19:00:00,2322.7654,3507.8943,1032.5796
forecast_4220,2025-06-25 20:00:00,3027.6443,4202.421,1222.9467
forecast_4221,2025-06-25 21:00:00,4015.5022,5065.4106,1573.8619
forecast_4222,2025-06-25 22:00:00,4770.008,6054.847,2115.5125
forecast_4223,2025-06-25 23:00:00,5298.806,7103.868,2728.3591
forecast_4224,2025-06-26 00:00:00,5742.6133,7999.7036,3279.617
forecast_4225,2025-06-26 01:00:00,6298.6987,8533.533,2995.7756
forecast_4226,2025-06-26 02:00:00,7312.0464,8924.455,3221.961
forecast_4227,2025-06-26 03:00:00,7705.2183,9048.024,2783.636
forecast_4228,2025-06-26 04:00:00,7480.7373,8879.731,2698.69
forecast_4229,2025-06-26 05:00:00,6990.7075,8312.408,2306.5278
forecast_4230,2025-06-26 06:00:00,6238.2476,7256.5254,1995.6298
forecast_4231,2025-06-26 07:00:00,5173.2856,5843.579,1450.1309
forecast_4232,2025-06-26 08:00:00,3525.911,4073.4385,1040.2793
forecast_4233,2025-06-26 09:00:00,2052.198,2572.2683,796.647
forecast_4234,2025-06-26 10:00:00,1328.7379,1932.2623,727.27356
forecast_4235,2025-06-26 11:00:00,1084.5234,1780.4395,673.8974
forecast_4236,2025-06-26 12:00:00,1051.4789,1864.159,680.21204
forecast_4237,2025-06-26 13:00:00,1135.9343,1993.402,669.7722
forecast_4238,2025-06-26 14:00:00,1283.622,2117.4658,702.6821
forecast_4239,2025-06-26 15:00:00,1418.4839,2262.4026,721.88824
forecast_4240,2025-06-26 16:00:00,1555.096,2452.2234,779.7272
forecast_4241,2025-06-26 17:00:00,1730.9246,2708.0862,836.9625
forecast_4242,2025-06-26 18:00:00,1985.9028,3069.4429,926.5329
forecast_4243,2025-06-26 19:00:00,2380.8613,3593.9343,1042.5603
forecast_4244,2025-06-26 20:00:00,3112.6555,4316.3066,1237.1011
forecast_4245,2025-06-26 21:00:00,4104.685,5222.3037,1602.8348
forecast_4246,2025-06-26 22:00:00,4844.2437,6270.7866,2185.0068
forecast_4247,2025-06-26 23:00:00,5357.6216,7383.238,2865.0984
forecast_4248,2025-06-27 00:00:00,5820.6562,8264.42,3480.9348
forecast_4249,2025-06-27 01:00:00,6411.828,8731.495,3193.6445
forecast_4250,2025-06-27 02:00:00,7365.5723,9060.099,3434.9795
forecast_4251,2025-06-27 03:00:00,7724.1245,9160.195,2975.1013
forecast_4252,2025-06-27 04:00:00,7488.848,9020.431,2845.0005
forecast_4253,2025-06-27 05:00:00,6995.425,8530.225,2410.7563
forecast_4254,2025-06-27 06:00:00,6243.889,7528.6167,2051.1125
forecast_4255,2025-06-27 07:00:00,5183.2476,6077.804,1472.5671
forecast_4256,2025-06-27 08:00:00,3542.8374,4228.5615,1043.4371
forecast_4257,2025-06-27 09:00:00,2078.752,2627.759,796.62634
forecast_4258,2025-06-27 10:00:00,1352.0361,1952.8971,725.50806
forecast_4259,2025-06-27 11:00:00,1103.806,1780.5719,672.46313
forecast_4260,2025-06-27 12:00:00,1064.641,1834.7578,677.9381
forecast_4261,2025-06-27 13:00:00,1149.1234,1967.0778,668.12933
forecast_4262,2025-06-27 14:00:00,1306.0948,2111.6008,700.23016
forecast_4263,2025-06-27 15:00:00,1445.3704,2274.7004,721.2267
forecast_4264,2025-06-27 16:00:00,1584.6766,2477.099,780.994
forecast_4265,2025-06-27 17:00:00,1764.2963,2744.1326,843.7058
forecast_4266,2025-06-27 18:00:00,2025.8403,3121.4182,937.9863
forecast_4267,2025-06-27 19:00:00,2436.4214,3668.801,1057.278
forecast_4268,2025-06-27 20:00:00,3193.1719,4420.2188,1253.0934
forecast_4269,2025-06-27 21:00:00,4187.457,5366.9575,1636.7275
forecast_4270,2025-06-27 22:00:00,4911.8213,6469.6367,2280.1753
forecast_4271,2025-06-27 23:00:00,5411.0537,7631.651,3064.3052
forecast_4272,2025-06-28 00:00:00,5898.1255,8474.077,3777.304
forecast_4273,2025-06-28 01:00:00,6510.93,8871.85,3501.0723
forecast_4274,2025-06-28 02:00:00,7408.2534,9147.998,3776.5105
forecast_4275,2025-06-28 03:00:00,7740.27,9229.304,3296.686
forecast_4276,2025-06-28 04:00:00,7495.8086,9106.411,3096.8186
forecast_4277,2025-06-28 05:00:00,6999.6064,8674.107,2593.7004
forecast_4278,2025-06-28 06:00:00,6249.0967,7745.156,2155.4583
forecast_4279,2025-06-28 07:00:00,5193.1797,6307.5996,1523.4374
forecast_4280,2025-06-28 08:00:00,3560.6177,4413.995,1059.5416
forecast_4281,2025-06-28 09:00:00,2105.454,2703.9436,802.98016
forecast_4282,2025-06-28 10:00:00,1375.8647,1982.7264,727.80524
forecast_4283,2025-06-28 11:00:00,1123.6882,1802.0632,674.33484
forecast_4284,2025-06-28 12:00:00,1078.8054,1835.4354,678.6834
forecast_4285,2025-06-28 13:00:00,1159.4614,1951.4647,669.5052
forecast_4286,2025-06-28 14:00:00,1324.969,2097.7097,700.8182
forecast_4287,2025-06-28 15:00:00,1469.4631,2269.5132,724.3271
forecast_4288,2025-06-28 16:00:00,1611.7136,2480.7092,787.8513
forecast_4289,2025-06-28 17:00:00,1795.1062,2758.5317,859.134
forecast_4290,2025-06-28 18:00:00,2063.2222,3153.8462,957.92017
forecast_4291,2025-06-28 19:00:00,2489.1113,3726.6167,1073.3004
forecast_4292,2025-06-28 20:00:00,3268.9246,4507.214,1263.6427
forecast_4293,2025-06-28 21:00:00,4263.9062,5492.0703,1660.3053
forecast_4294,2025-06-28 22:00:00,4973.031,6647.1025,2393.9946
forecast_4295,2025-06-28 23:00:00,5459.9937,7844.7827,3345.8855
forecast_4296,2025-06-29 00:00:00,5974.2944,8635.966,4207.0063
forecast_4297,2025-06-29 01:00:00,6596.9634,8970.071,3973.3535
forecast_4298,2025-06-29 02:00:00,7442.4565,9205.706,4321.433
forecast_4299,2025-06-29 03:00:00,7754.266,9273.0,3846.1997
forecast_4300,2025-06-29 04:00:00,7501.9224,9159.354,3540.8022
forecast_4301,2025-06-29 05:00:00,7003.428,8765.459,2917.2822
forecast_4302,2025-06-29 06:00:00,6254.0786,7900.5093,2342.4995
forecast_4303,2025-06-29 07:00:00,5203.271,6505.6807,1618.9625
forecast_4304,2025-06-29 08:00:00,3579.3342,4612.051,1094.6913
forecast_4305,2025-06-29 09:00:00,2132.411,2805.114,818.231
forecast_4306,2025-06-29 10:00:00,1400.3009,2018.9102,735.57526
forecast_4307,2025-06-29 11:00:00,1144.147,1833.4937,680.60944
forecast_4308,2025-06-29 12:00:00,1094.237,1857.8444,683.3653
forecast_4309,2025-06-29 13:00:00,1167.9698,1958.9851,674.80554
forecast_4310,2025-06-29 14:00:00,1339.8649,2099.2925,705.39404
forecast_4311,2025-06-29 15:00:00,1490.4032,2272.3396,733.1453
forecast_4312,2025-06-29 16:00:00,1635.9471,2487.1895,803.6704
forecast_4313,2025-06-29 17:00:00,1823.1616,2770.8965,888.9232
forecast_4314,2025-06-29 18:00:00,2097.8723,3177.8174,983.3373
forecast_4315,2025-06-29 19:00:00,2538.675,3769.4949,1128.1782
forecast_4316,2025-06-29 20:00:00,3339.765,4573.5864,1326.4757
forecast_4317,2025-06-29 21:00:00,4334.2075,5591.393,1658.954
forecast_4318,2025-06-29 22:00:00,5028.255,6798.413,2497.1084
forecast_4319,2025-06-29 23:00:00,5505.267,8020.93,3726.2651
forecast_4320,2025-06-30 00:00:00,6048.2905,8758.118,4805.902
forecast_4321,2025-06-30 01:00:00,6671.1045,9038.384,4670.5176
forecast_4322,2025-06-30 02:00:00,7470.0483,9244.144,5168.1875
forecast_4323,2025-06-30 03:00:00,7766.551,9301.362,4784.393
forecast_4324,2025-06-30 04:00:00,7507.4263,9191.967,4335.7964
forecast_4325,2025-06-30 05:00:00,7007.0337,8821.395,3501.104
forecast_4326,2025-06-30 06:00:00,6259.007,8004.031,2677.7168
forecast_4327,2025-06-30 07:00:00,5213.6763,6658.083,1788.2477
forecast_4328,2025-06-30 08:00:00,3599.0642,4794.7993,1159.2683
forecast_4329,2025-06-30 09:00:00,2159.722,2927.4514,846.2987
forecast_4330,2025-06-30 10:00:00,1425.417,2060.121,750.89124
forecast_4331,2025-06-30 11:00:00,1165.1803,1866.9792,692.8362
forecast_4332,2025-06-30 12:00:00,1110.9479,1890.7803,693.25916
forecast_4333,2025-06-30 13:00:00,1175.9052,1984.7698,685.29004
forecast_4334,2025-06-30 14:00:00,1350.7979,2121.478,715.83453
forecast_4335,2025-06-30 15:00:00,1507.9834,2295.4163,753.5447
forecast_4336,2025-06-30 16:00:00,1657.2302,2512.7048,838.1812
forecast_4337,2025-06-30 17:00:00,1848.3564,2799.1123,943.4354
forecast_4338,2025-06-30 18:00:00,2129.6782,3209.4688,1565.8813
forecast_4339,2025-06-30 19:00:00,2584.9248,3806.5098,3519.7986
forecast_4340,2025-06-30 20:00:00,3405.647,4619.865,2685.066
forecast_4341,2025-06-30 21:00:00,4398.6094,5660.1387,1803.9512
forecast_4342,2025-06-30 22:00:00,5077.9326,6917.572,2518.8376
forecast_4343,2025-06-30 23:00:00,5547.5835,8160.4497,4198.6875
forecast_4344,2025-07-01 00:00:00,6119.27,8848.414,5575.2285
forecast_4345,2025-07-01 01:00:00,6750.0327,9095.086,5765.831
forecast_4346,2025-07-01 02:00:00,7512.657,9288.751,6543.07
forecast_4347,2025-07-01 03:00:00,7785.031,9343.876,6447.6567
forecast_4348,2025-07-01 04:00:00,7534.775,9239.872,5883.0723
forecast_4349,2025-07-01 05:00:00,7076.9756,8891.336,4840.3857
forecast_4350,2025-07-01 06:00:00,6391.433,8121.361,3645.564
forecast_4351,2025-07-01 07:00:00,5435.6587,6849.175,2444.1768
forecast_4352,2025-07-01 08:00:00,3910.3188,5079.0884,1501.1586
forecast_4353,2025-07-01 09:00:00,2391.9065,3119.4114,1003.4778
forecast_4354,2025-07-01 10:00:00,1600.3137,2031.7737,838.53766
forecast_4355,2025-07-01 11:00:00,1277.6877,1736.987,763.5708
forecast_4356,2025-07-01 12:00:00,1192.7908,1730.3295,754.8417
forecast_4357,2025-07-01 13:00:00,1180.2607,1822.159,750.74347
forecast_4358,2025-07-01 14:00:00,1246.5748,1948.5508,795.055
forecast_4359,2025-07-01 15:00:00,1332.3625,2098.7031,900.28796
forecast_4360,2025-07-01 16:00:00,1421.289,2285.5632,965.48224
forecast_4361,2025-07-01 17:00:00,1542.86,2540.4382,2687.883
forecast_4362,2025-07-01 18:00:00,1735.1399,2917.2637,3234.2366
forecast_4363,2025-07-01 19:00:00,2044.6168,3480.1807,3580.6438
forecast_4364,2025-07-01 20:00:00,2627.1948,4264.122,4054.9744
forecast_4365,2025-07-01 21:00:00,3612.7866,5265.6772,5085.7646
forecast_4366,2025-07-01 22:00:00,4506.998,6478.9106,2632.9028
forecast_4367,2025-07-01 23:00:00,5120.0283,7801.0303,4982.574
forecast_4368,2025-07-02 00:00:00,5564.111,8680.842,6690.1655
forecast_4369,2025-07-02 01:00:00,6056.737,9004.171,7351.6685
forecast_4370,2025-07-02 02:00:00,7135.201,9221.058,8596.373
forecast_4371,2025-07-02 03:00:00,7542.309,9282.467,8842.803
forecast_4372,2025-07-02 04:00:00,7303.539,9155.775,8391.815
forecast_4373,2025-07-02 05:00:00,6838.9546,8738.576,7224.6074
forecast_4374,2025-07-02 06:00:00,6163.438,7850.0615,5451.3003
forecast_4375,2025-07-02 07:00:00,5210.539,6480.4624,3480.4011
forecast_4376,2025-07-02 08:00:00,3634.9617,4670.2046,1929.7241
forecast_4377,2025-07-02 09:00:00,2219.8987,2872.7424,1169.548
forecast_4378,2025-07-02 10:00:00,1519.4607,2024.4502,929.22424
forecast_4379,2025-07-02 11:00:00,1270.6578,1789.5367,835.8319
forecast_4380,2025-07-02 12:00:00,1185.4078,1786.4423,849.63983
forecast_4381,2025-07-02 13:00:00,1183.737,1872.8424,918.1311
forecast_4382,2025-07-02 14:00:00,1238.2649,1997.2852,939.77356
forecast_4383,2025-07-02 15:00:00,1304.4781,2152.6763,2173.6826
forecast_4384,2025-07-02 16:00:00,1381.3298,2353.0688,2888.7607
forecast_4385,2025-07-02 17:00:00,1500.9126,2628.675,3009.1582
forecast_4386,2025-07-02 18:00:00,1700.6857,3029.9456,3215.7292
forecast_4387,2025-07-02 19:00:00,2023.9988,3612.457,3545.0674
forecast_4388,2025-07-02 20:00:00,2632.3325,4401.05,3980.1624
forecast_4389,2025-07-02 21:00:00,3662.7493,5403.6016,4443.0083
forecast_4390,2025-07-02 22:00:00,4578.1997,6629.2646,6377.8535
forecast_4391,2025-07-02 23:00:00,5183.7944,7961.2383,5141.8247
forecast_4392,2025-07-03 00:00:00,5636.2417,8790.554,7568.114
forecast_4393,2025-07-03 01:00:00,6176.753,9067.058,8480.457
forecast_4394,2025-07-03 02:00:00,7198.2944,9261.024,9742.765
forecast_4395,2025-07-03 03:00:00,7564.37,9316.122,10120.913
forecast_4396,2025-07-03 04:00:00,7316.363,9196.171,9821.502
forecast_4397,2025-07-03 05:00:00,6850.693,8806.412,8770.843
forecast_4398,2025-07-03 06:00:00,6177.7695,7971.767,6809.5156
forecast_4399,2025-07-03 07:00:00,5230.8345,6650.85,4382.99
forecast_4400,2025-07-03 08:00:00,3664.7986,4865.4604,2367.7046
forecast_4401,2025-07-03 09:00:00,2256.2524,2998.5662,1353.9492
forecast_4402,2025-07-03 10:00:00,1555.6124,2068.482,1046.9032
forecast_4403,2025-07-03 11:00:00,1301.3661,1823.5012,1009.6371
forecast_4404,2025-07-03 12:00:00,1215.6439,1822.3954,1227.4784
forecast_4405,2025-07-03 13:00:00,1207.1785,1905.142,1293.6919
forecast_4406,2025-07-03 14:00:00,1257.396,2027.7413,2677.4065
forecast_4407,2025-07-03 15:00:00,1322.2709,2186.1287,2872.8606
forecast_4408,2025-07-03 16:00:00,1399.7009,2391.5576,2910.3953
forecast_4409,2025-07-03 17:00:00,1521.2861,2670.8062,3015.6538
forecast_4410,2025-07-03 18:00:00,1725.869,3069.5105,3220.4275
forecast_4411,2025-07-03 19:00:00,2063.672,3636.963,3547.4575
forecast_4412,2025-07-03 20:00:00,2703.6292,4402.8403,3975.8113
forecast_4413,2025-07-03 21:00:00,3758.849,5402.164,4418.2896
forecast_4414,2025-07-03 22:00:00,4661.721,6669.5117,4852.6914
forecast_4415,2025-07-03 23:00:00,5245.5127,8063.015,4719.7095
forecast_4416,2025-07-04 00:00:00,5707.558,8870.098,8511.119
forecast_4417,2025-07-04 01:00:00,6283.9067,9109.691,9558.121
forecast_4418,2025-07-04 02:00:00,7248.4434,9287.198,10727.966
forecast_4419,2025-07-04 03:00:00,7583.326,9337.415,11052.828
forecast_4420,2025-07-04 04:00:00,7327.8096,9217.641,10891.078
forecast_4421,2025-07-04 05:00:00,6861.7305,8838.361,10148.609
forecast_4422,2025-07-04 06:00:00,6191.5293,8038.406,8238.408
forecast_4423,2025-07-04 07:00:00,5250.9766,6770.64,5329.9062
forecast_4424,2025-07-04 08:00:00,3695.2913,5036.8438,2947.0454
forecast_4425,2025-07-04 09:00:00,2292.189,3138.9746,1772.684
forecast_4426,2025-07-04 10:00:00,1591.5979,2113.0903,1702.3182
forecast_4427,2025-07-04 11:00:00,1330.9899,1846.1304,2265.166
forecast_4428,2025-07-04 12:00:00,1245.734,1849.5222,2699.5723
forecast_4429,2025-07-04 13:00:00,1231.153,1935.5375,3009.696
forecast_4430,2025-07-04 14:00:00,1276.5627,2061.7432,2940.071
forecast_4431,2025-07-04 15:00:00,1339.9435,2225.22,2894.9443
forecast_4432,2025-07-04 16:00:00,1418.1598,2434.968,2918.5317
forecast_4433,2025-07-04 17:00:00,1541.9998,2714.2808,3023.0518
forecast_4434,2025-07-04 18:00:00,1751.4171,3100.9438,3228.5447
forecast_4435,2025-07-04 19:00:00,2103.6272,3635.8257,3555.3545
forecast_4436,2025-07-04 20:00:00,2774.3794,4364.0776,3980.5762
forecast_4437,2025-07-04 21:00:00,3850.8445,5353.7383,4415.4033
forecast_4438,2025-07-04 22:00:00,4738.252,6655.1533,4807.2666
forecast_4439,2025-07-04 23:00:00,5300.7656,8119.4614,7923.702
forecast_4440,2025-07-05 00:00:00,5778.171,8923.348,9403.719
forecast_4441,2025-07-05 01:00:00,6378.4717,9134.728,10469.839
forecast_4442,2025-07-05 02:00:00,7288.45,9300.66,11108.221
forecast_4443,2025-07-05 03:00:00,7599.9165,9346.589,10923.412
forecast_4444,2025-07-05 04:00:00,7338.283,9219.248,10748.203
forecast_4445,2025-07-05 05:00:00,6872.3115,8832.418,10636.61
forecast_4446,2025-07-05 06:00:00,6204.9595,8046.8086,8753.439
forecast_4447,2025-07-05 07:00:00,5271.149,6831.629,5747.987
forecast_4448,2025-07-05 08:00:00,3726.5442,5168.8896,4939.6836
forecast_4449,2025-07-05 09:00:00,2327.9011,3275.1284,4955.607
forecast_4450,2025-07-05 10:00:00,1627.5804,2151.8965,4464.0024
forecast_4451,2025-07-05 11:00:00,1359.6289,1841.9634,3849.5132
forecast_4452,2025-07-05 12:00:00,1275.2767,1847.0577,3390.7278
forecast_4453,2025-07-05 13:00:00,1255.6373,1942.2855,3110.2646
forecast_4454,2025-07-05 14:00:00,1295.8281,2076.3552,2959.7832
forecast_4455,2025-07-05 15:00:00,1357.5068,2245.4014,2902.8394
forecast_4456,2025-07-05 16:00:00,1436.6387,2457.504,2925.6694
forecast_4457,2025-07-05 17:00:00,1562.9303,2731.319,3031.581
forecast_4458,2025-07-05 18:00:00,1777.1464,3091.9487,3238.6963
forecast_4459,2025-07-05 19:00:00,2143.5342,3576.696,3566.2454
forecast_4460,2025-07-05 20:00:00,2844.0068,4270.5996,3989.727
forecast_4461,2025-07-05 21:00:00,3938.1494,5257.942,4419.975
forecast_4462,2025-07-05 22:00:00,4807.865,6578.973,4800.9824
forecast_4463,2025-07-05 23:00:00,5350.4424,8120.4873,5261.001
forecast_4464,2025-07-06 00:00:00,5847.7695,8950.109,9735.814
forecast_4465,2025-07-06 01:00:00,6461.1343,9140.62,10798.7705
forecast_4466,2025-07-06 02:00:00,7320.562,9298.417,10491.133
forecast_4467,2025-07-06 03:00:00,7614.6675,9339.518,10097.918
forecast_4468,2025-07-06 04:00:00,7348.089,9193.689,10173.305
forecast_4469,2025-07-06 05:00:00,6882.6265,8777.581,10175.801
forecast_4470,2025-07-06 06:00:00,6218.2495,7984.3926,9231.09
forecast_4471,2025-07-06 07:00:00,5291.498,6818.6074,8576.276
forecast_4472,2025-07-06 08:00:00,3758.65,5245.3813,7685.6895
forecast_4473,2025-07-06 09:00:00,2363.5476,3385.3713,6401.177
forecast_4474,2025-07-06 10:00:00,1663.6968,2172.7095,5033.6655
forecast_4475,2025-07-06 11:00:00,1387.4028,1790.825,4023.8555
forecast_4476,2025-07-06 12:00:00,1303.9795,1778.1295,3437.1975
forecast_4477,2025-07-06 13:00:00,1280.5245,1878.8933,3123.0562
forecast_4478,2025-07-06 14:00:00,1315.2914,2019.8639,2965.4727
forecast_4479,2025-07-06 15:00:00,1375.0131,2193.96,2908.454
forecast_4480,2025-07-06 16:00:00,1455.1068,2409.7427,2933.0571
forecast_4481,2025-07-06 17:00:00,1583.9805,2676.6697,3041.1606
forecast_4482,2025-07-06 18:00:00,1802.8927,3000.046,3250.4448
forecast_4483,2025-07-06 19:00:00,2183.0913,3441.6604,3579.3545
forecast_4484,2025-07-06 20:00:00,2912.0176,4138.219,4001.8757
forecast_4485,2025-07-06 21:00:00,4020.364,5134.415,4428.8306
forecast_4486,2025-07-06 22:00:00,4870.815,6443.431,4804.754
forecast_4487,2025-07-06 23:00:00,5395.428,8047.6714,5164.6816
forecast_4488,2025-07-07 00:00:00,5915.7935,8947.103,9468.19
forecast_4489,2025-07-07 01:00:00,6532.8027,9123.983,10400.928
forecast_4490,2025-07-07 02:00:00,7346.548,9276.889,9925.254
forecast_4491,2025-07-07 03:00:00,7627.9683,9310.798,9770.332
forecast_4492,2025-07-07 04:00:00,7357.462,9131.393,9429.907
forecast_4493,2025-07-07 05:00:00,6892.829,8662.489,9220.815
forecast_4494,2025-07-07 06:00:00,6231.5513,7844.7744,9016.753
forecast_4495,2025-07-07 07:00:00,5312.1367,6723.0376,8565.522
forecast_4496,2025-07-07 08:00:00,3791.683,5246.723,7717.3237
forecast_4497,2025-07-07 09:00:00,2399.2625,3449.1467,6438.831
forecast_4498,2025-07-07 10:00:00,1700.0604,2167.5525,5056.4404
forecast_4499,2025-07-07 11:00:00,1414.4263,1700.254,4030.95
forecast_4500,2025-07-07 12:00:00,1331.6674,1644.1641,3437.6208
forecast_4501,2025-07-07 13:00:00,1305.6028,1737.6776,3123.3252
forecast_4502,2025-07-07 14:00:00,1335.0573,1871.3105,2967.974
forecast_4503,2025-07-07 15:00:00,1392.538,2033.9409,2913.7124
forecast_4504,2025-07-07 16:00:00,1473.5652,2238.318,2941.055
forecast_4505,2025-07-07 17:00:00,1605.0769,2497.0894,3051.8352
forecast_4506,2025-07-07 18:00:00,1828.5115,2808.1682,3263.7412
forecast_4507,2025-07-07 19:00:00,2222.0342,3271.1702,3594.5208
forecast_4508,2025-07-07 20:00:00,2977.998,4006.077,4016.6409
forecast_4509,2025-07-07 21:00:00,4097.2534,5008.649,4441.0903
forecast_4510,2025-07-07 22:00:00,4927.4873,6265.832,4814.079
forecast_4511,2025-07-07 23:00:00,5436.551,7882.561,5159.4165
forecast_4512,2025-07-08 00:00:00,5981.586,8918.403,9083.581
forecast_4513,2025-07-08 01:00:00,6594.489,9093.308,9921.347
forecast_4514,2025-07-08 02:00:00,7367.7827,9244.845,9664.79
forecast_4515,2025-07-08 03:00:00,7640.1133,9260.024,9012.532
forecast_4516,2025-07-08 04:00:00,7366.577,9021.915,9168.5
forecast_4517,2025-07-08 05:00:00,6903.039,8479.624,9197.4
forecast_4518,2025-07-08 06:00:00,6244.983,7649.926,9026.206
forecast_4519,2025-07-08 07:00:00,5333.1567,6589.8584,8575.888
forecast_4520,2025-07-08 08:00:00,3825.7083,5208.8643,7714.4473
forecast_4521,2025-07-08 09:00:00,2435.1638,3487.4158,6419.4287
forecast_4522,2025-07-08 10:00:00,1736.7635,2166.1602,5031.9907
forecast_4523,2025-07-08 11:00:00,1440.8029,1633.3779,4012.8894
forecast_4524,2025-07-08 12:00:00,1358.2655,1525.6951,3427.717
forecast_4525,2025-07-08 13:00:00,1330.5961,1610.8323,3120.0305
forecast_4526,2025-07-08 14:00:00,1355.193,1736.1747,2969.6384
forecast_4527,2025-07-08 15:00:00,1410.175,1869.0713,2919.27
forecast_4528,2025-07-08 16:00:00,1492.0382,2013.4733,2949.8977
forecast_4529,2025-07-08 17:00:00,1626.1699,2228.7812,3063.7695
forecast_4530,2025-07-08 18:00:00,1853.8843,2576.1838,3278.7512
forecast_4531,2025-07-08 19:00:00,2260.1375,3092.3486,3611.8687
forecast_4532,2025-07-08 20:00:00,3041.6338,3862.8738,4034.0466
forecast_4533,2025-07-08 21:00:00,4168.7437,4879.61,4456.606
forecast_4534,2025-07-08 22:00:00,4978.337,6088.525,4827.9434
forecast_4535,2025-07-08 23:00:00,5474.542,7649.026,5169.5923
forecast_4536,2025-07-09 00:00:00,6044.529,8886.712,5846.8657
forecast_4537,2025-07-09 01:00:00,6647.2324,9073.034,9162.764
forecast_4538,2025-07-09 02:00:00,7385.3193,9210.29,8230.945
forecast_4539,2025-07-09 03:00:00,7651.333,9169.204,8818.151
forecast_4540,2025-07-09 04:00:00,7375.566,8822.539,9171.399
forecast_4541,2025-07-09 05:00:00,6913.3525,8198.522,9227.939
forecast_4542,2025-07-09 06:00:00,6258.635,7409.624,9059.074
forecast_4543,2025-07-09 07:00:00,5354.624,6456.93,8596.54
forecast_4544,2025-07-09 08:00:00,3860.7751,5177.882,7709.869
forecast_4545,2025-07-09 09:00:00,2471.3489,3527.3572,6389.195
forecast_4546,2025-07-09 10:00:00,1773.8793,2183.7144,4995.7944
forecast_4547,2025-07-09 11:00:00,1466.6229,1604.6653,3987.4448
forecast_4548,2025-07-09 12:00:00,1383.7614,1445.5524,3414.4263
forecast_4549,2025-07-09 13:00:00,1355.2273,1499.0422,3115.64
forecast_4550,2025-07-09 14:00:00,1375.6935,1615.8358,2971.3625
forecast_4551,2025-07-09 15:00:00,1428.0199,1735.0867,2925.5098
forecast_4552,2025-07-09 16:00:00,1510.5675,1868.3937,2959.852
forecast_4553,2025-07-09 17:00:00,1647.233,2073.7507,3077.2615
forecast_4554,2025-07-09 18:00:00,1878.919,2411.6711,3295.8193
forecast_4555,2025-07-09 19:00:00,2297.2256,2950.4512,3631.711
forecast_4556,2025-07-09 20:00:00,3102.6953,3764.6362,4054.344
forecast_4557,2025-07-09 21:00:00,4234.889,4843.559,4475.562
forecast_4558,2025-07-09 22:00:00,5023.862,6061.6753,4846.279
forecast_4559,2025-07-09 23:00:00,5510.0186,7488.4087,5188.0054
forecast_4560,2025-07-10 00:00:00,6104.119,8866.769,5585.922
forecast_4561,2025-07-10 01:00:00,6692.036,9059.421,6484.2637
forecast_4562,2025-07-10 02:00:00,7399.9565,9148.209,8022.9443
forecast_4563,2025-07-10 03:00:00,7661.809,9014.402,8826.078
forecast_4564,2025-07-10 04:00:00,7384.526,8562.36,9213.104
forecast_4565,2025-07-10 05:00:00,6923.841,7908.4917,9278.423
forecast_4566,2025-07-10 06:00:00,6272.576,7173.9087,9106.447
forecast_4567,2025-07-10 07:00:00,5376.584,6321.798,8626.805
forecast_4568,2025-07-10 08:00:00,3896.9197,5141.2524,7708.3438
forecast_4569,2025-07-10 09:00:00,2507.906,3551.6255,6356.309
forecast_4570,2025-07-10 10:00:00,1811.4677,2199.3835,4955.6313
forecast_4571,2025-07-10 11:00:00,1491.9674,1591.7769,3959.4575
forecast_4572,2025-07-10 12:00:00,1408.1818,1401.1378,3400.115
forecast_4573,2025-07-10 13:00:00,1379.2661,1416.8583,3111.2288
forecast_4574,2025-07-10 14:00:00,1396.4696,1524.3658,2973.6865
forecast_4575,2025-07-10 15:00:00,1446.1577,1650.7979,2932.8015
forecast_4576,2025-07-10 16:00:00,1529.2058,1803.5197,2971.3127
forecast_4577,2025-07-10 17:00:00,1668.2517,2030.0222,3092.809
forecast_4578,2025-07-10 18:00:00,1903.5483,2395.4941,3315.4736
forecast_4579,2025-07-10 19:00:00,2333.168,2979.7385,3654.5103
forecast_4580,2025-07-10 20:00:00,3161.0464,3843.0742,4077.9443
forecast_4581,2025-07-10 21:00:00,4295.8535,4967.0884,4498.3257
forecast_4582,2025-07-10 22:00:00,5064.557,6174.0815,4869.3833
forecast_4583,2025-07-10 23:00:00,5543.473,7484.5347,5213.458
forecast_4584,2025-07-11 00:00:00,6159.995,8853.401,5586.2856
forecast_4585,2025-07-11 01:00:00,6729.849,9030.795,6277.838
forecast_4586,2025-07-11 02:00:00,7412.2983,9062.411,8030.5674
forecast_4587,2025-07-11 03:00:00,7671.683,8886.182,8875.485
forecast_4588,2025-07-11 04:00:00,7393.527,8429.88,9275.083
forecast_4589,2025-07-11 05:00:00,6934.558,7802.4756,9344.824
forecast_4590,2025-07-11 06:00:00,6286.858,7076.777,9167.606
forecast_4591,2025-07-11 07:00:00,5399.0723,6236.148,8667.471
forecast_4592,2025-07-11 08:00:00,3934.1665,5104.3926,7711.862
forecast_4593,2025-07-11 09:00:00,2544.9111,3561.5056,6323.764
forecast_4594,2025-07-11 10:00:00,1849.5747,2210.809,4914.5347
forecast_4595,2025-07-11 11:00:00,1516.914,1588.1864,3931.0662
forecast_4596,2025-07-11 12:00:00,1431.5695,1382.6259,3386.0352
forecast_4597,2025-07-11 13:00:00,1402.5574,1376.43,3107.5369
forecast_4598,2025-07-11 14:00:00,1417.371,1476.2612,2977.141
forecast_4599,2025-07-11 15:00:00,1464.6443,1613.4974,2941.6692
forecast_4600,2025-07-11 16:00:00,1548.01,1786.9128,2984.944
forecast_4601,2025-07-11 17:00:00,1689.2183,2041.3093,3111.2168
forecast_4602,2025-07-11 18:00:00,1927.7224,2447.0007,3338.456
forecast_4603,2025-07-11 19:00:00,2367.88,3082.684,3680.9028
forecast_4604,2025-07-11 20:00:00,3216.6191,3997.1472,4105.414
forecast_4605,2025-07-11 21:00:00,4351.8735,5160.2764,4525.417
forecast_4606,2025-07-11 22:00:00,5100.908,6350.754,4897.767
forecast_4607,2025-07-11 23:00:00,5575.2837,7611.2485,5246.076
forecast_4608,2025-07-12 00:00:00,6211.9463,8844.95,5618.6514
forecast_4609,2025-07-12 01:00:00,6761.5317,8993.027,6294.904
forecast_4610,2025-07-12 02:00:00,7422.801,9001.443,8085.5537
forecast_4611,2025-07-12 03:00:00,7681.0713,8843.697,8948.899
forecast_4612,2025-07-12 04:00:00,7402.618,8436.979,9354.599
forecast_4613,2025-07-12 05:00:00,6945.546,7851.392,9427.085
forecast_4614,2025-07-12 06:00:00,6301.5146,7123.8677,9243.391
forecast_4615,2025-07-12 07:00:00,5422.105,6252.504,8719.793
forecast_4616,2025-07-12 08:00:00,3972.5293,5105.0,7722.0293
forecast_4617,2025-07-12 09:00:00,2582.4326,3575.6082,6293.583
forecast_4618,2025-07-12 10:00:00,1888.234,2226.6562,4874.552
forecast_4619,2025-07-12 11:00:00,1541.5363,1595.3037,3903.8293
forecast_4620,2025-07-12 12:00:00,1453.9767,1383.0779,3373.2686
forecast_4621,2025-07-12 13:00:00,1425.0118,1368.265,3105.3801
forecast_4622,2025-07-12 14:00:00,1438.2233,1464.6826,2982.4998
forecast_4623,2025-07-12 15:00:00,1483.4934,1610.2548,2953.0469
forecast_4624,2025-07-12 16:00:00,1567.0359,1802.6465,3001.9587
forecast_4625,2025-07-12 17:00:00,1710.1326,2087.4717,3133.7642
forecast_4626,2025-07-12 18:00:00,1951.4106,2536.8179,3365.7822
forecast_4627,2025-07-12 19:00:00,2401.318,3223.0642,3711.7678
forecast_4628,2025-07-12 20:00:00,3269.42,4185.3076,4137.5146
forecast_4629,2025-07-12 21:00:00,4403.23,5385.9224,4557.5195
forecast_4630,2025-07-12 22:00:00,5133.372,6563.19,4932.109
forecast_4631,2025-07-12 23:00:00,5605.7183,7824.2344,5286.482
forecast_4632,2025-07-13 00:00:00,6259.887,8859.706,5667.17
forecast_4633,2025-07-13 01:00:00,6787.8643,8963.998,6358.886
forecast_4634,2025-07-13 02:00:00,7431.804,8976.101,8168.4175
forecast_4635,2025-07-13 03:00:00,7690.0596,8860.622,9043.32
forecast_4636,2025-07-13 04:00:00,7411.8345,8513.626,9451.624
forecast_4637,2025-07-13 05:00:00,6956.827,7975.0474,9526.126
forecast_4638,2025-07-13 06:00:00,6316.5664,7254.528,9335.221
forecast_4639,2025-07-13 07:00:00,5445.6855,6355.2383,8785.444
forecast_4640,2025-07-13 08:00:00,4012.0093,5169.699,7740.82
forecast_4641,2025-07-13 09:00:00,2620.5361,3616.4512,6268.163
forecast_4642,2025-07-13 10:00:00,1927.4738,2255.9058,4838.0376
forecast_4643,2025-07-13 11:00:00,1565.9128,1615.4377,3879.6199
forecast_4644,2025-07-13 12:00:00,1475.4585,1400.0063,3363.3
forecast_4645,2025-07-13 13:00:00,1446.5933,1383.5074,3106.1152
forecast_4646,2025-07-13 14:00:00,1458.8644,1479.6835,2991.2754
forecast_4647,2025-07-13 15:00:00,1502.6725,1632.6272,2968.8691
forecast_4648,2025-07-13 16:00:00,1586.3337,1845.1223,3024.6548
forecast_4649,2025-07-13 17:00:00,1730.9937,2163.608,3162.3704
forecast_4650,2025-07-13 18:00:00,1974.589,2655.9812,3398.9248
forecast_4651,2025-07-13 19:00:00,2433.4758,3386.9812,3748.3906
forecast_4652,2025-07-13 20:00:00,3319.5068,4393.613,4175.3164
forecast_4653,2025-07-13 21:00:00,4450.2397,5629.5903,4595.5566
forecast_4654,2025-07-13 22:00:00,5162.366,6805.572,4973.3096
forecast_4655,2025-07-13 23:00:00,5634.9565,8076.446,5335.6543
forecast_4656,2025-07-14 00:00:00,6303.8364,8891.906,5730.0205
forecast_4657,2025-07-14 01:00:00,6809.5386,8948.246,6451.6865
forecast_4658,2025-07-14 02:00:00,7439.565,8973.339,8276.074
forecast_4659,2025-07-14 03:00:00,7698.721,8902.389,9158.635
forecast_4660,2025-07-14 04:00:00,7421.197,8611.172,9566.981
forecast_4661,2025-07-14 05:00:00,6968.4194,8124.4907,9643.518
forecast_4662,2025-07-14 06:00:00,6332.024,7426.521,9445.269
forecast_4663,2025-07-14 07:00:00,5469.811,6513.0103,8867.057
forecast_4664,2025-07-14 08:00:00,4052.5981,5293.2944,7771.5474
forecast_4665,2025-07-14 09:00:00,2659.2776,3698.4673,6251.5723
forecast_4666,2025-07-14 10:00:00,1967.3076,2306.5928,4808.9204
forecast_4667,2025-07-14 11:00:00,1590.1244,1651.1752,3861.6985
forecast_4668,2025-07-14 12:00:00,1496.0743,1433.306,3359.0103
forecast_4669,2025-07-14 13:00:00,1467.3015,1418.2694,3112.7126
forecast_4670,2025-07-14 14:00:00,1479.167,1516.3428,3007.0366
forecast_4671,2025-07-14 15:00:00,1522.1123,1678.9393,2993.5098
forecast_4672,2025-07-14 16:00:00,1605.9305,1915.467,3057.1846
forecast_4673,2025-07-14 17:00:00,1751.7974,2268.556,3199.8933
forecast_4674,2025-07-14 18:00:00,1997.2397,2798.3616,3440.2756
forecast_4675,2025-07-14 19:00:00,2464.3804,3568.2976,3792.8127
forecast_4676,2025-07-14 20:00:00,3366.983,4623.1265,4220.472
forecast_4677,2025-07-14 21:00:00,4493.22,5888.529,4640.9233
forecast_4678,2025-07-14 22:00:00,5188.2744,7087.1826,5022.7075
forecast_4679,2025-07-14 23:00:00,5663.1074,8322.576,5395.125
forecast_4680,2025-07-15 00:00:00,6343.887,8928.372,5808.709
forecast_4681,2025-07-15 01:00:00,6827.156,8942.598,6572.199
forecast_4682,2025-07-15 02:00:00,7446.276,8979.747,8409.384
forecast_4683,2025-07-15 03:00:00,7707.106,8949.27,9295.867
forecast_4684,2025-07-15 04:00:00,7430.716,8707.317,9702.455
forecast_4685,2025-07-15 05:00:00,6980.3286,8273.27,9782.255
forecast_4686,2025-07-15 06:00:00,6347.8906,7612.8667,9577.742
forecast_4687,2025-07-15 07:00:00,5494.467,6703.2227,8970.0625
forecast_4688,2025-07-15 08:00:00,4094.2754,5459.546,7821.372
forecast_4689,2025-07-15 09:00:00,2698.7148,3822.059,6252.581
forecast_4690,2025-07-15 10:00:00,2007.7427,2384.4448,4795.736
forecast_4691,2025-07-15 11:00:00,1614.2563,1705.8351,3857.537
forecast_4692,2025-07-15 12:00:00,1515.887,1484.6891,3367.6284
forecast_4693,2025-07-15 13:00:00,1487.1584,1472.7793,3133.1748
forecast_4694,2025-07-15 14:00:00,1499.0428,1575.8004,3039.2322
forecast_4695,2025-07-15 15:00:00,1541.7218,1753.2916,3036.5203
forecast_4696,2025-07-15 16:00:00,1625.8317,2016.544,3106.1062
forecast_4697,2025-07-15 17:00:00,1772.5366,2398.9316,3251.162
forecast_4698,2025-07-15 18:00:00,2019.353,2959.1748,3493.9973
forecast_4699,2025-07-15 19:00:00,2494.0781,3765.675,3848.594
forecast_4700,2025-07-15 20:00:00,3411.986,4878.0747,4275.9194
forecast_4701,2025-07-15 21:00:00,4532.492,6158.1846,4696.1265
forecast_4702,2025-07-15 22:00:00,5211.4424,7398.5747,5082.7026
forecast_4703,2025-07-15 23:00:00,5690.223,8522.445,5467.7046
forecast_4704,2025-07-16 00:00:00,6380.1846,8963.549,5907.3564
forecast_4705,2025-07-16 01:00:00,6841.242,8953.854,6724.872
forecast_4706,2025-07-16 02:00:00,7452.0825,9009.8545,8571.573
forecast_4707,2025-07-16 03:00:00,7715.252,9038.346,9457.823
forecast_4708,2025-07-16 04:00:00,7440.397,8846.245,9862.553
forecast_4709,2025-07-16 05:00:00,6992.555,8428.738,9949.608
forecast_4710,2025-07-16 06:00:00,6364.1577,7784.2876,9743.191
forecast_4711,2025-07-16 07:00:00,5519.6274,6900.558,9108.871
forecast_4712,2025-07-16 08:00:00,4137.0107,5650.863,7909.4717
forecast_4713,2025-07-16 09:00:00,2738.9006,3978.0647,6294.2773
forecast_4714,2025-07-16 10:00:00,2048.7766,2490.6768,4821.4067
forecast_4715,2025-07-16 11:00:00,1638.4017,1782.4874,3888.3408
forecast_4716,2025-07-16 12:00:00,1534.9622,1556.77,3410.7764
forecast_4717,2025-07-16 13:00:00,1506.2018,1549.7637,3190.9973
forecast_4718,2025-07-16 14:00:00,1518.439,1662.283,3110.6646
forecast_4719,2025-07-16 15:00:00,1561.4004,1858.3325,3113.5225
forecast_4720,2025-07-16 16:00:00,1646.0082,2142.2979,3181.3633
forecast_4721,2025-07-16 17:00:00,1793.1929,2542.3335,3324.4458
forecast_4722,2025-07-16 18:00:00,2040.9188,3127.4812,3567.5193
forecast_4723,2025-07-16 19:00:00,2522.639,3970.2092,3922.4753
forecast_4724,2025-07-16 20:00:00,3454.6807,5139.339,4347.567
forecast_4725,2025-07-16 21:00:00,4568.3633,6412.3057,4766.461
forecast_4726,2025-07-16 22:00:00,5232.175,7672.5273,5158.535
forecast_4727,2025-07-16 23:00:00,5716.32,8652.758,5559.5654
forecast_4728,2025-07-17 00:00:00,6412.9043,8998.421,6034.8213
forecast_4729,2025-07-17 01:00:00,6852.2524,9012.689,6919.82
forecast_4730,2025-07-17 02:00:00,7457.096,9183.012,8769.985
forecast_4731,2025-07-17 03:00:00,7723.1895,9392.904,9652.579
forecast_4732,2025-07-17 04:00:00,7450.2393,9317.506,10060.24
forecast_4733,2025-07-17 05:00:00,7005.092,8889.673,10166.424
forecast_4734,2025-07-17 06:00:00,6380.8135,8099.975,9973.177
forecast_4735,2025-07-17 07:00:00,5545.2637,7080.5605,9328.577
forecast_4736,2025-07-17 08:00:00,4180.7617,5832.174,8095.9546
forecast_4737,2025-07-17 09:00:00,2779.8843,4147.4883,6447.5347
forecast_4738,2025-07-17 10:00:00,2090.3958,2618.9956,4956.4937
forecast_4739,2025-07-17 11:00:00,1662.6576,1880.1564,4018.3516
forecast_4740,2025-07-17 12:00:00,1553.3706,1648.6677,3546.8628
forecast_4741,2025-07-17 13:00:00,1524.4766,1647.0186,3332.8994
forecast_4742,2025-07-17 14:00:00,1537.3302,1768.193,3248.2703
forecast_4743,2025-07-17 15:00:00,1581.0531,1971.802,3238.7607
forecast_4744,2025-07-17 16:00:00,1666.4047,2255.0312,3295.1914
forecast_4745,2025-07-17 17:00:00,1813.7361,2656.961,3432.2007
forecast_4746,2025-07-17 18:00:00,2061.9312,3253.6167,3673.9038
forecast_4747,2025-07-17 19:00:00,2550.1455,4114.411,4027.7136
forecast_4748,2025-07-17 20:00:00,3495.2446,5268.791,4448.268
forecast_4749,2025-07-17 21:00:00,4601.1255,6390.804,4864.483
forecast_4750,2025-07-17 22:00:00,5250.7476,7433.7,5263.402
forecast_4751,2025-07-17 23:00:00,5741.3867,8366.929,5686.4033
forecast_4752,2025-07-18 00:00:00,6442.242,8843.175,6211.606
forecast_4753,2025-07-18 01:00:00,6860.571,9196.991,7178.927
forecast_4754,2025-07-18 02:00:00,7461.4004,9611.719,9023.323
forecast_4755,2025-07-18 03:00:00,7730.9375,9863.728,9904.9375
forecast_4756,2025-07-18 04:00:00,7460.2393,9782.56,10336.103
forecast_4757,2025-07-18 05:00:00,7017.928,9412.173,10499.819
forecast_4758,2025-07-18 06:00:00,6397.84,8676.655,10374.083
forecast_4759,2025-07-18 07:00:00,6397.84,8676.655,10374.083
forecast_4760,2025-07-18 08:00:00,6397.84,8676.655,10374.083
forecast_4761,2025-07-18 09:00:00,6397.84,8676.655,10374.083
forecast_4762,2025-07-18 10:00:00,6397.84,8676.655,10374.083
forecast_4763,2025-07-18 11:00:00,6397.84,8676.655,10374.083
forecast_4764,2025-07-18 12:00:00,6397.84,8676.655,10374.083
forecast_4765,2025-07-18 13:00:00,6397.84,8676.655,10374.083
forecast_4766,2025-07-18 14:00:00,6397.84,8676.655,10374.083
forecast_4767,2025-07-18 15:00:00,6397.84,8676.655,10374.083
forecast_4768,2025-07-18 16:00:00,6397.84,8676.655,10374.083
forecast_4769,2025-07-18 17:00:00,6397.84,8676.655,10374.083
forecast_4770,2025-07-18 18:00:00,6397.84,8676.655,10374.083
forecast_4771,2025-07-18 19:00:00,6397.84,8676.655,10374.083
forecast_4772,2025-07-18 20:00:00,6397.84,8676.655,10374.083
forecast_4773,2025-07-18 21:00:00,6397.84,8676.655,10374.083
forecast_4774,2025-07-18 22:00:00,6397.84,8676.655,10374.083
forecast_4775,2025-07-18 23:00:00,6397.84,8676.655,10374.083
forecast_4776,2025-07-19 00:00:00,6397.84,8676.655,10374.083
forecast_4777,2025-07-19 01:00:00,6397.84,8676.655,10374.083
forecast_4778,2025-07-19 02:00:00,6397.84,8676.655,10374.083
forecast_4779,2025-07-19 03:00:00,6397.84,8676.655,10374.083
forecast_4780,2025-07-19 04:00:00,6397.84,8676.655,10374.083
forecast_4781,2025-07-19 05:00:00,6397.84,8676.655,10374.083
forecast_4782,2025-07-19 06:00:00,6397.84,8676.655,10374.083
forecast_4783,2025-07-19 07:00:00,5597.81,7991.5225,10731.005
forecast_4784,2025-07-19 08:00:00,4271.096,6306.734,9332.797
forecast_4785,2025-07-19 09:00:00,2864.4524,4311.4165,7416.9834
forecast_4786,2025-07-19 10:00:00,2175.2966,2786.9036,5658.7344
forecast_4787,2025-07-19 11:00:00,1711.9296,2036.8076,4514.342
forecast_4788,2025-07-19 12:00:00,1588.4799,1779.9247,3941.0305
forecast_4789,2025-07-19 13:00:00,1558.9336,1731.5056,3689.3315
forecast_4790,2025-07-19 14:00:00,1573.5868,1761.1174,3593.1611
forecast_4791,2025-07-19 15:00:00,1619.9628,1838.5876,3582.2107
forecast_4792,2025-07-19 16:00:00,1707.515,2010.2428,3645.7349
forecast_4793,2025-07-19 17:00:00,1854.2834,2352.4753,3799.9082
forecast_4794,2025-07-19 18:00:00,2102.275,2856.926,4066.631
forecast_4795,2025-07-19 19:00:00,2602.3865,3586.1272,4441.31
forecast_4796,2025-07-19 20:00:00,3570.746,4653.459,4870.8457
forecast_4797,2025-07-19 21:00:00,4658.408,5857.29,5305.3027
forecast_4798,2025-07-19 22:00:00,5282.3545,6989.4263,5762.0093
forecast_4799,2025-07-19 23:00:00,5788.314,8251.113,6306.947
forecast_4800,2025-07-20 00:00:00,6491.5786,9315.518,7023.4785
forecast_4801,2025-07-20 01:00:00,6870.411,9772.415,8192.519
forecast_4802,2025-07-20 02:00:00,7468.1216,10024.272,9997.787
forecast_4803,2025-07-20 03:00:00,7745.915,10126.148,11030.71
forecast_4804,2025-07-20 04:00:00,7480.686,10025.865,11823.964
forecast_4805,2025-07-20 05:00:00,7044.4526,9753.803,12369.753
forecast_4806,2025-07-20 06:00:00,6432.913,9233.969,12214.859
forecast_4807,2025-07-20 07:00:00,5624.6284,8317.308,11146.155
forecast_4808,2025-07-20 08:00:00,4317.5425,6720.389,9385.406
forecast_4809,2025-07-20 09:00:00,2908.1292,4447.941,7362.0376
forecast_4810,2025-07-20 10:00:00,2218.5034,2682.0525,5608.2476
forecast_4811,2025-07-20 11:00:00,1737.1724,1948.0529,4493.445
forecast_4812,2025-07-20 12:00:00,1605.3302,1684.2703,3957.899
forecast_4813,2025-07-20 13:00:00,1575.2295,1597.4082,3750.2263
forecast_4814,2025-07-20 14:00:00,1590.973,1598.38,3700.847
forecast_4815,2025-07-20 15:00:00,1639.0894,1703.6868,3735.9907
forecast_4816,2025-07-20 16:00:00,1728.0156,1981.8667,3845.4111
forecast_4817,2025-07-20 17:00:00,1874.1504,2424.5671,4048.8267
forecast_4818,2025-07-20 18:00:00,2121.6008,2974.8503,4369.846
forecast_4819,2025-07-20 19:00:00,2627.337,3762.7031,4798.968
forecast_4820,2025-07-20 20:00:00,3606.074,4849.7275,5283.034
forecast_4821,2025-07-20 21:00:00,4683.4233,6038.8193,5795.5737
forecast_4822,2025-07-20 22:00:00,5295.7915,7192.7935,6394.465
forecast_4823,2025-07-20 23:00:00,5810.1094,8492.877,7174.8213
forecast_4824,2025-07-21 00:00:00,6511.973,9491.681,8106.5845
forecast_4825,2025-07-21 01:00:00,6872.45,9885.911,9321.617
forecast_4826,2025-07-21 02:00:00,7470.6255,10078.544,11024.411
forecast_4827,2025-07-21 03:00:00,7753.1587,10151.935,12153.898
forecast_4828,2025-07-21 04:00:00,7491.1196,10050.402,12845.079
forecast_4829,2025-07-21 05:00:00,7058.1123,9802.054,12932.669
forecast_4830,2025-07-21 06:00:00,6450.9067,9333.555,12285.966
forecast_4831,2025-07-21 07:00:00,5651.741,8507.412,10906.803
forecast_4832,2025-07-21 08:00:00,4364.7275,7024.6157,9031.991
forecast_4833,2025-07-21 09:00:00,2952.7937,4719.7876,7058.737
forecast_4834,2025-07-21 10:00:00,2262.151,2727.3958,5409.5737
forecast_4835,2025-07-21 11:00:00,1762.9811,1893.1819,4377.628
forecast_4836,2025-07-21 12:00:00,1621.8114,1613.832,3902.698
forecast_4837,2025-07-21 13:00:00,1590.9824,1541.6122,3749.7598
forecast_4838,2025-07-21 14:00:00,1607.8877,1589.023,3757.203
forecast_4839,2025-07-21 15:00:00,1657.9279,1774.0365,3851.9993
forecast_4840,2025-07-21 16:00:00,1748.3236,2114.227,4024.7056
forecast_4841,2025-07-21 17:00:00,1893.635,2548.7751,4298.133
forecast_4842,2025-07-21 18:00:00,2140.362,3095.281,4696.877
forecast_4843,2025-07-21 19:00:00,2651.662,3899.1658,5206.166
forecast_4844,2025-07-21 20:00:00,3640.0476,4993.4673,5777.1807
forecast_4845,2025-07-21 21:00:00,4706.3213,6174.304,6421.1196
forecast_4846,2025-07-21 22:00:00,5307.8794,7351.41,7266.616
forecast_4847,2025-07-21 23:00:00,5830.75,8670.72,8418.382
forecast_4848,2025-07-22 00:00:00,6529.7715,9609.37,9609.071
forecast_4849,2025-07-22 01:00:00,6872.846,9952.29,10691.606
forecast_4850,2025-07-22 02:00:00,7472.5986,10100.749,11977.044
forecast_4851,2025-07-22 03:00:00,7760.2476,10155.071,12769.81
forecast_4852,2025-07-22 04:00:00,7501.6875,10052.467,13108.264
forecast_4853,2025-07-22 05:00:00,7072.0195,9820.303,12907.883
forecast_4854,2025-07-22 06:00:00,6469.167,9386.346,12019.0
forecast_4855,2025-07-22 07:00:00,5679.0903,8621.188,10481.548
forecast_4856,2025-07-22 08:00:00,4412.553,7225.0786,8595.024
forecast_4857,2025-07-22 09:00:00,2998.484,4948.1714,6718.2563
forecast_4858,2025-07-22 10:00:00,2306.1768,2846.1345,5180.9897
forecast_4859,2025-07-22 11:00:00,1789.4839,1934.8002,4231.3887
forecast_4860,2025-07-22 12:00:00,1637.9995,1635.6868,3813.5613
forecast_4861,2025-07-22 13:00:00,1606.2517,1572.8453,3710.575
forecast_4862,2025-07-22 14:00:00,1624.3501,1645.1396,3771.798
forecast_4863,2025-07-22 15:00:00,1676.4319,1858.3662,3926.603
forecast_4864,2025-07-22 16:00:00,1768.3218,2200.3948,4165.7075
forecast_4865,2025-07-22 17:00:00,1912.6422,2621.8032,4512.618
forecast_4866,2025-07-22 18:00:00,2158.559,3175.4634,4989.197
forecast_4867,2025-07-22 19:00:00,2675.4875,4003.3457,5572.806
forecast_4868,2025-07-22 20:00:00,3672.8594,5111.498,6222.8037
forecast_4869,2025-07-22 21:00:00,4727.312,6288.618,6999.4307
forecast_4870,2025-07-22 22:00:00,5318.7637,7484.7085,8095.494
forecast_4871,2025-07-22 23:00:00,5850.214,8805.257,9507.278
forecast_4872,2025-07-23 00:00:00,6545.1514,9691.295,10782.13
forecast_4873,2025-07-23 01:00:00,6871.7666,9991.314,11522.441
forecast_4874,2025-07-23 02:00:00,7474.0625,10103.833,12283.4375
forecast_4875,2025-07-23 03:00:00,7767.183,10143.61,12855.125
forecast_4876,2025-07-23 04:00:00,7512.387,10039.665,13054.654
forecast_4877,2025-07-23 05:00:00,7086.1636,9819.293,12693.012
forecast_4878,2025-07-23 06:00:00,6487.667,9410.37,11637.48
forecast_4879,2025-07-23 07:00:00,5706.616,8689.489,10014.0205
forecast_4880,2025-07-23 08:00:00,4460.905,7359.493,8164.4263
forecast_4881,2025-07-23 09:00:00,3045.2324,5118.122,6389.1626
forecast_4882,2025-07-23 10:00:00,2350.5093,2948.43,4951.0063
forecast_4883,2025-07-23 11:00:00,1816.8115,1984.4948,4073.899
forecast_4884,2025-07-23 12:00:00,1653.9662,1668.4628,3705.041
forecast_4885,2025-07-23 13:00:00,1621.0928,1605.6328,3643.94
forecast_4886,2025-07-23 14:00:00,1640.3788,1685.3522,3751.616
forecast_4887,2025-07-23 15:00:00,1694.5587,1905.508,3960.6816
forecast_4888,2025-07-23 16:00:00,1787.8876,2244.5425,4261.032
forecast_4889,2025-07-23 17:00:00,1931.077,2665.2056,4673.9146
forecast_4890,2025-07-23 18:00:00,2176.194,3236.1072,5214.9404
forecast_4891,2025-07-23 19:00:00,2698.9434,4092.6545,5853.9746
forecast_4892,2025-07-23 20:00:00,3704.6968,5215.6104,6565.712
forecast_4893,2025-07-23 21:00:00,4746.587,6389.3,7463.993
forecast_4894,2025-07-23 22:00:00,5328.5747,7598.9824,8754.719
forecast_4895,2025-07-23 23:00:00,5868.4863,8907.628,10247.198
forecast_4896,2025-07-24 00:00:00,6558.278,9747.099,11414.538
forecast_4897,2025-07-24 01:00:00,6869.3496,10010.558,11744.489
forecast_4898,2025-07-24 02:00:00,7475.0312,10092.109,12233.716
forecast_4899,2025-07-24 03:00:00,7773.973,10120.001,12752.145
forecast_4900,2025-07-24 04:00:00,7523.2256,10014.557,12877.031
forecast_4901,2025-07-24 05:00:00,7100.5444,9803.428,12387.367
forecast_4902,2025-07-24 06:00:00,6506.378,9413.842,11206.843
forecast_4903,2025-07-24 07:00:00,5734.252,8727.254,9545.621
forecast_4904,2025-07-24 08:00:00,4509.655,7450.6006,7757.0737
forecast_4905,2025-07-24 09:00:00,3093.0642,5246.6772,6076.75
forecast_4906,2025-07-24 10:00:00,2395.065,3027.693,4724.164
forecast_4907,2025-07-24 11:00:00,1845.0981,2022.3036,3910.2625
forecast_4908,2025-07-24 12:00:00,1669.7821,1693.1489,3582.581
forecast_4909,2025-07-24 13:00:00,1635.5579,1627.7155,3555.1953
forecast_4910,2025-07-24 14:00:00,1655.9888,1708.8696,3700.8674
forecast_4911,2025-07-24 15:00:00,1712.2622,1929.9149,3956.1377
forecast_4912,2025-07-24 16:00:00,1806.9097,2267.5725,4309.4634
forecast_4913,2025-07-24 17:00:00,1948.844,2693.8599,4777.806
forecast_4914,2025-07-24 18:00:00,2193.2756,3286.6743,5369.4688
forecast_4915,2025-07-24 19:00:00,2722.1667,4172.4834,6050.4116
forecast_4916,2025-07-24 20:00:00,3735.7468,5307.9883,6816.7886
forecast_4917,2025-07-24 21:00:00,4764.3296,6476.7476,7828.9414
forecast_4918,2025-07-24 22:00:00,5337.424,7693.745,9247.675
forecast_4919,2025-07-24 23:00:00,5885.56,8981.812,10708.422
forecast_4920,2025-07-25 00:00:00,6569.3,9779.937,11685.31
forecast_4921,2025-07-25 01:00:00,6865.7056,10011.875,11669.977
forecast_4922,2025-07-25 02:00:00,7475.5176,10065.726,12048.156
forecast_4923,2025-07-25 03:00:00,7780.627,10083.712,12560.215
forecast_4924,2025-07-25 04:00:00,7534.2114,9976.942,12624.575
forecast_4925,2025-07-25 05:00:00,7115.1597,9773.81,12024.543
forecast_4926,2025-07-25 06:00:00,6525.276,9400.129,10752.211
forecast_4927,2025-07-25 07:00:00,5761.928,8741.52,9089.031
forecast_4928,2025-07-25 08:00:00,4558.6606,7509.8345,7373.0005
forecast_4929,2025-07-25 09:00:00,3141.99,5345.0044,5777.8555
forecast_4930,2025-07-25 10:00:00,2439.755,3090.087,4499.7256
forecast_4931,2025-07-25 11:00:00,1874.4751,2048.6924,3741.6565
forecast_4932,2025-07-25 12:00:00,1685.5153,1708.783,3448.4048
forecast_4933,2025-07-25 13:00:00,1649.6927,1639.8961,3447.054
forecast_4934,2025-07-25 14:00:00,1671.1929,1720.0608,3622.0376
forecast_4935,2025-07-25 15:00:00,1729.4939,1939.7855,3914.6763
forecast_4936,2025-07-25 16:00:00,1825.277,2277.238,4312.107
forecast_4937,2025-07-25 17:00:00,1965.8533,2712.3542,4826.39
forecast_4938,2025-07-25 18:00:00,2209.8123,3329.2395,5459.3564
forecast_4939,2025-07-25 19:00:00,2745.3003,4242.6733,6176.8296
forecast_4940,2025-07-25 20:00:00,3766.1907,5386.8984,6998.417
forecast_4941,2025-07-25 21:00:00,4780.7075,6548.069,8116.2236
forecast_4942,2025-07-25 22:00:00,5345.409,7764.338,9606.594
forecast_4943,2025-07-25 23:00:00,5901.433,9026.393,10981.473
forecast_4944,2025-07-26 00:00:00,6578.348,9788.336,11752.888
forecast_4945,2025-07-26 01:00:00,6860.9214,9992.95,11460.971
forecast_4946,2025-07-26 02:00:00,7475.525,10021.384,11792.206
forecast_4947,2025-07-26 03:00:00,7787.158,10031.42,12307.801
forecast_4948,2025-07-26 04:00:00,7545.3687,9924.081,12316.167
forecast_4949,2025-07-26 05:00:00,7130.0254,9728.962,11620.678
forecast_4950,2025-07-26 06:00:00,6544.342,9369.464,10286.621
forecast_4951,2025-07-26 07:00:00,5789.5747,8734.809,8648.617
forecast_4952,2025-07-26 08:00:00,4607.76,7542.121,7008.483
forecast_4953,2025-07-26 09:00:00,3192.0056,5417.773,5488.1836
forecast_4954,2025-07-26 10:00:00,2484.474,3139.141,4276.0723
forecast_4955,2025-07-26 11:00:00,1905.0686,2066.0054,3568.2114
forecast_4956,2025-07-26 12:00:00,1701.2284,1716.6603,3303.5938
forecast_4957,2025-07-26 13:00:00,1663.536,1643.6644,3321.095
forecast_4958,2025-07-26 14:00:00,1685.9935,1720.9836,3516.6682
forecast_4959,2025-07-26 15:00:00,1746.2007,1937.5679,3837.4634
forecast_4960,2025-07-26 16:00:00,1842.8815,2274.9568,4270.2393
forecast_4961,2025-07-26 17:00:00,1982.0199,2720.5142,4822.7656
forecast_4962,2025-07-26 18:00:00,2225.8208,3362.1218,5492.0425
forecast_4963,2025-07-26 19:00:00,2768.49,4299.7866,6246.1323
forecast_4964,2025-07-26 20:00:00,3796.2065,5447.718,7126.476
forecast_4965,2025-07-26 21:00:00,4795.8765,6597.3193,8339.81
forecast_4966,2025-07-26 22:00:00,5352.6133,7801.7812,9860.08
forecast_4967,2025-07-26 23:00:00,5916.0996,9034.236,11125.083
forecast_4968,2025-07-27 00:00:00,6585.5293,9765.408,11698.276
forecast_4969,2025-07-27 01:00:00,6855.0566,9946.012,11177.349
forecast_4970,2025-07-27 02:00:00,7475.0557,9950.58,11487.868
forecast_4971,2025-07-27 03:00:00,7793.586,9955.26,12006.696
forecast_4972,2025-07-27 04:00:00,7556.731,9849.34,11961.66
forecast_4973,2025-07-27 05:00:00,7145.168,9664.124,11186.128
forecast_4974,2025-07-27 06:00:00,6563.565,9319.006,9818.5205
forecast_4975,2025-07-27 07:00:00,5817.117,8706.234,8225.167
forecast_4976,2025-07-27 08:00:00,4656.7734,7548.133,6658.7812
forecast_4977,2025-07-27 09:00:00,3243.0835,5465.315,5203.78
forecast_4978,2025-07-27 10:00:00,2529.1094,3175.2825,4051.731
forecast_4979,2025-07-27 11:00:00,1936.9945,2075.2927,3389.8572
forecast_4980,2025-07-27 12:00:00,1716.979,1717.5039,3148.8503
forecast_4981,2025-07-27 13:00:00,1677.1166,1639.6692,3178.4512
forecast_4982,2025-07-27 14:00:00,1700.3853,1712.0792,3385.839
forecast_4983,2025-07-27 15:00:00,1762.3219,1922.9567,3725.1282
forecast_4984,2025-07-27 16:00:00,1859.6223,2258.9622,4184.344
forecast_4985,2025-07-27 17:00:00,1997.2683,2715.0593,4768.6074
forecast_4986,2025-07-27 18:00:00,2241.3198,3380.321,5472.013
forecast_4987,2025-07-27 19:00:00,2791.8901,4336.589,6265.7563
forecast_4988,2025-07-27 20:00:00,3825.9658,5481.569,7208.9756
forecast_4989,2025-07-27 21:00:00,4809.974,6613.7373,8506.517
forecast_4990,2025-07-27 22:00:00,5359.098,7790.2944,10027.566
forecast_4991,2025-07-27 23:00:00,5929.5376,8989.077,11172.672
forecast_4992,2025-07-28 00:00:00,6590.9214,9694.73,11560.067
forecast_4993,2025-07-28 01:00:00,6848.1475,9852.497,10843.532
forecast_4994,2025-07-28 02:00:00,7474.103,9833.474,11145.161
forecast_4995,2025-07-28 03:00:00,7799.942,9837.224,11662.981
forecast_4996,2025-07-28 04:00:00,7568.351,9737.785,11567.0625
forecast_4997,2025-07-28 05:00:00,7160.632,9568.424,10728.428
forecast_4998,2025-07-28 06:00:00,6582.946,9241.322,9353.13
forecast_4999,2025-07-28 07:00:00,5844.483,8651.045,7816.9316
forecast_5000,2025-07-28 08:00:00,4705.5015,7524.764,6318.845
forecast_5001,2025-07-28 09:00:00,3295.1653,5484.5503,4921.3022
forecast_5002,2025-07-28 10:00:00,2573.5325,3196.5474,3825.582
forecast_5003,2025-07-28 11:00:00,1970.3436,2076.277,3206.5623
forecast_5004,2025-07-28 12:00:00,1732.8202,1711.1753,2984.7805
forecast_5005,2025-07-28 13:00:00,1690.4495,1627.6063,3020.1306
forecast_5006,2025-07-28 14:00:00,1714.3505,1692.4938,3230.486
forecast_5007,2025-07-28 15:00:00,1777.7877,1893.7303,3577.9111
forecast_5008,2025-07-28 16:00:00,1875.3975,2224.7766,4053.8064
forecast_5009,2025-07-28 17:00:00,2011.5269,2689.0747,4663.2266
forecast_5010,2025-07-28 18:00:00,2256.3342,3373.9397,5399.7075
forecast_5011,2025-07-28 19:00:00,2815.6587,4339.3013,6237.5107
forecast_5012,2025-07-28 20:00:00,3855.625,5471.326,7247.4434
forecast_5013,2025-07-28 21:00:00,4823.111,6577.4062,8617.93
forecast_5014,2025-07-28 22:00:00,5364.89,7701.7207,10120.346
forecast_5015,2025-07-28 23:00:00,5941.6816,8856.01,11142.405
forecast_5016,2025-07-29 00:00:00,6594.5527,9538.639,11357.2705
forecast_5017,2025-07-29 01:00:00,6840.193,9667.399,10471.287
forecast_5018,2025-07-29 02:00:00,7472.6533,9620.035,10769.427
forecast_5019,2025-07-29 03:00:00,7806.269,9632.003,11279.523
forecast_5020,2025-07-29 04:00:00,7580.303,9552.946,11135.686
forecast_5021,2025-07-29 05:00:00,7176.486,9416.674,10252.422
forecast_5022,2025-07-29 06:00:00,6602.503,9119.7705,8892.344
forecast_5023,2025-07-29 07:00:00,5871.597,8558.22,7420.1313
forecast_5024,2025-07-29 08:00:00,4753.7173,7463.9863,5983.668
forecast_5025,2025-07-29 09:00:00,3348.1504,5468.622,4638.0317
forecast_5026,2025-07-29 10:00:00,2617.596,3198.6826,3596.8296
forecast_5027,2025-07-29 11:00:00,2005.1725,2067.494,3018.3767
forecast_5028,2025-07-29 12:00:00,1748.792,1696.6736,2811.9946
forecast_5029,2025-07-29 13:00:00,1703.535,1606.235,2847.186
forecast_5030,2025-07-29 14:00:00,1727.8567,1660.1033,3051.654
forecast_5031,2025-07-29 15:00:00,1792.5192,1845.6976,3395.939
forecast_5032,2025-07-29 16:00:00,1890.1061,2164.486,3876.9844
forecast_5033,2025-07-29 17:00:00,2024.7294,2629.9153,4503.2393
forecast_5034,2025-07-29 18:00:00,2270.8909,3324.3274,5271.024
forecast_5035,2025-07-29 19:00:00,2839.9512,4281.3774,6157.5156
forecast_5036,2025-07-29 20:00:00,3885.322,5382.324,7237.5894
forecast_5037,2025-07-29 21:00:00,4835.3506,6449.234,8671.032
forecast_5038,2025-07-29 22:00:00,5369.967,7485.116,10143.016
forecast_5039,2025-07-29 23:00:00,5952.3843,8557.543,11043.097
forecast_5040,2025-07-30 00:00:00,6596.386,9203.937,11099.195
forecast_5041,2025-07-30 01:00:00,6831.154,9271.968,10066.514
forecast_5042,2025-07-30 02:00:00,7470.6836,9168.325,10362.783
forecast_5043,2025-07-30 03:00:00,7812.626,9210.33,10856.222
forecast_5044,2025-07-30 04:00:00,7592.7,9193.431,10667.969
forecast_5045,2025-07-30 05:00:00,7192.839,9144.14,9759.771
forecast_5046,2025-07-30 06:00:00,6622.2793,8915.427,8434.774
forecast_5047,2025-07-30 07:00:00,5898.391,8403.885,7029.543
forecast_5048,2025-07-30 08:00:00,4801.165,7349.2827,5648.496
forecast_5049,2025-07-30 09:00:00,3401.8777,5405.0605,4351.7524
forecast_5050,2025-07-30 10:00:00,2661.127,3174.6104,3364.8962
forecast_5051,2025-07-30 11:00:00,2041.48,2046.1735,2825.3967
forecast_5052,2025-07-30 12:00:00,1764.9229,1672.0334,2631.1267
forecast_5053,2025-07-30 13:00:00,1716.3524,1573.254,2660.7932
forecast_5054,2025-07-30 14:00:00,1740.8527,1611.3925,2850.706
forecast_5055,2025-07-30 15:00:00,1806.4265,1772.4944,3179.6404
forecast_5056,2025-07-30 16:00:00,1903.6428,2065.742,3651.6416
forecast_5057,2025-07-30 17:00:00,2036.8107,2515.8625,4282.5537
forecast_5058,2025-07-30 18:00:00,2285.016,3197.1367,5076.6
forecast_5059,2025-07-30 19:00:00,2864.9216,4111.7764,6015.1826
forecast_5060,2025-07-30 20:00:00,3915.139,5142.54,7168.443
forecast_5061,2025-07-30 21:00:00,4846.6777,6145.9453,8657.237
forecast_5062,2025-07-30 22:00:00,5374.2036,7049.8765,10093.72
forecast_5063,2025-07-30 23:00:00,5961.3555,7926.7305,10876.688
forecast_5064,2025-07-31 00:00:00,6596.286,8439.252,10789.065
forecast_5065,2025-07-31 01:00:00,6820.9326,8333.405,9630.712
forecast_5066,2025-07-31 02:00:00,7468.1514,8061.029,9923.626
forecast_5067,2025-07-31 03:00:00,7819.098,8183.7563,10389.314
forecast_5068,2025-07-31 04:00:00,7605.6943,8356.451,10160.93
forecast_5069,2025-07-31 05:00:00,7209.846,8566.256,9248.596
forecast_5070,2025-07-31 06:00:00,6642.3555,8528.611,7976.069
forecast_5071,2025-07-31 07:00:00,5924.8,8133.939,6638.934
forecast_5072,2025-07-31 08:00:00,4847.5503,7147.0225,5308.793
forecast_5073,2025-07-31 09:00:00,3456.1035,5271.6567,4060.52
forecast_5074,2025-07-31 10:00:00,2703.9106,3113.2683,3129.2722
forecast_5075,2025-07-31 11:00:00,2079.1814,2007.9008,2627.6836
forecast_5076,2025-07-31 12:00:00,1781.2213,1634.0719,2442.7896
forecast_5077,2025-07-31 13:00:00,1728.859,1525.1079,2462.2441
forecast_5078,2025-07-31 14:00:00,1753.2665,1541.5239,2629.473
forecast_5079,2025-07-31 15:00:00,1819.4038,1666.3325,2930.271
forecast_5080,2025-07-31 16:00:00,1915.8926,1913.2078,3375.8806
forecast_5081,2025-07-31 17:00:00,2047.6989,2315.935,3992.9502
forecast_5082,2025-07-31 18:00:00,2298.7295,2937.0417,4800.8657
forecast_5083,2025-07-31 19:00:00,2890.7039,3744.0923,5790.667
forecast_5084,2025-07-31 20:00:00,3945.069,4619.513,7019.239
forecast_5085,2025-07-31 21:00:00,4856.94,5489.709,8558.969
forecast_5086,2025-07-31 22:00:00,5377.307,6230.3906,9962.155
forecast_5087,2025-07-31 23:00:00,5968.059,6743.775,10637.864
forecast_5088,2025-08-01 00:00:00,6593.969,6799.531,10424.102
forecast_5089,2025-08-01 01:00:00,6823.496,6259.396,9070.122
forecast_5090,2025-08-01 02:00:00,7478.1123,5707.9175,9172.028
forecast_5091,2025-08-01 03:00:00,7825.1206,6008.873,9435.836
forecast_5092,2025-08-01 04:00:00,7636.022,6742.1,9030.282
forecast_5093,2025-08-01 05:00:00,7281.9365,7675.9507,8061.3657
forecast_5094,2025-08-01 06:00:00,6761.601,8149.7437,6872.968
forecast_5095,2025-08-01 07:00:00,6098.0005,8048.2134,5663.962
forecast_5096,2025-08-01 08:00:00,5108.9443,7258.6953,4444.138
forecast_5097,2025-08-01 09:00:00,3701.4185,5547.9287,3306.9658
forecast_5098,2025-08-01 10:00:00,2868.7087,3367.272,2497.053
forecast_5099,2025-08-01 11:00:00,2229.1272,2154.3723,2080.904
forecast_5100,2025-08-01 12:00:00,1829.6985,1748.9188,1918.4647
forecast_5101,2025-08-01 13:00:00,1745.103,1650.1221,1907.3574
forecast_5102,2025-08-01 14:00:00,1746.4081,1709.353,1998.9054
forecast_5103,2025-08-01 15:00:00,1784.1097,1903.2219,2186.2644
forecast_5104,2025-08-01 16:00:00,1855.502,2227.744,2485.912
forecast_5105,2025-08-01 17:00:00,1963.8655,2697.7776,2941.6912
forecast_5106,2025-08-01 18:00:00,2163.4873,3394.1306,3618.81
forecast_5107,2025-08-01 19:00:00,2648.9055,4341.999,4558.9883
forecast_5108,2025-08-01 20:00:00,3611.9172,5433.3384,5772.829
forecast_5109,2025-08-01 21:00:00,4598.632,6504.2617,7303.4517
forecast_5110,2025-08-01 22:00:00,5186.09,7602.7036,8802.375
forecast_5111,2025-08-01 23:00:00,5692.0303,8764.8545,9573.736
forecast_5112,2025-08-02 00:00:00,6342.908,9462.982,9335.288
forecast_5113,2025-08-02 01:00:00,6671.462,9540.325,7833.2085
forecast_5114,2025-08-02 02:00:00,7366.8804,9413.367,7899.097
forecast_5115,2025-08-02 03:00:00,7737.5483,9403.941,8102.2207
forecast_5116,2025-08-02 04:00:00,7556.5283,9322.333,7804.6934
forecast_5117,2025-08-02 05:00:00,7214.1006,9205.875,7088.7197
forecast_5118,2025-08-02 06:00:00,6710.3135,8937.129,6150.232
forecast_5119,2025-08-02 07:00:00,6066.4004,8427.165,5102.6274
forecast_5120,2025-08-02 08:00:00,5058.404,7439.34,3984.759
forecast_5121,2025-08-02 09:00:00,3616.0432,5618.7524,2944.2617
forecast_5122,2025-08-02 10:00:00,2834.6345,3378.129,2227.7664
forecast_5123,2025-08-02 11:00:00,2163.3525,2144.343,1863.201
forecast_5124,2025-08-02 12:00:00,1813.4922,1733.2949,1710.9772
forecast_5125,2025-08-02 13:00:00,1745.2362,1630.025,1682.6628
forecast_5126,2025-08-02 14:00:00,1751.6934,1682.488,1734.9562
forecast_5127,2025-08-02 15:00:00,1793.5677,1866.7109,1862.0137
forecast_5128,2025-08-02 16:00:00,1868.2289,2182.7517,2075.0508
forecast_5129,2025-08-02 17:00:00,1979.7537,2649.3945,2410.663
forecast_5130,2025-08-02 18:00:00,2185.102,3344.2957,2940.2769
forecast_5131,2025-08-02 19:00:00,2688.551,4275.7563,3761.0022
forecast_5132,2025-08-02 20:00:00,3656.5657,5331.876,4936.499
forecast_5133,2025-08-02 21:00:00,4612.0713,6360.3203,6454.6655
forecast_5134,2025-08-02 22:00:00,5185.462,7366.2236,7947.0947
forecast_5135,2025-08-02 23:00:00,5695.547,8436.194,8742.72
forecast_5136,2025-08-03 00:00:00,6349.7285,9097.267,8494.957
forecast_5137,2025-08-03 01:00:00,6665.2993,9106.349,6979.4043
forecast_5138,2025-08-03 02:00:00,7366.641,8900.771,7000.0977
forecast_5139,2025-08-03 03:00:00,7746.975,8914.511,7123.5
forecast_5140,2025-08-03 04:00:00,7573.2227,8898.338,6881.798
forecast_5141,2025-08-03 05:00:00,7234.643,8883.578,6315.5264
forecast_5142,2025-08-03 06:00:00,6732.6104,8694.595,5530.0894
forecast_5143,2025-08-03 07:00:00,6092.151,8239.552,4592.6865
forecast_5144,2025-08-03 08:00:00,5102.8267,7286.948,3556.8518
forecast_5145,2025-08-03 09:00:00,3670.4429,5507.9194,2604.273
forecast_5146,2025-08-03 10:00:00,2870.0461,3320.526,1971.7793
forecast_5147,2025-08-03 11:00:00,2200.4287,2107.998,1649.6782
forecast_5148,2025-08-03 12:00:00,1826.775,1698.5302,1503.2056
forecast_5149,2025-08-03 13:00:00,1753.7314,1588.1407,1455.7588
forecast_5150,2025-08-03 14:00:00,1759.9921,1624.275,1468.9005
forecast_5151,2025-08-03 15:00:00,1802.9982,1782.606,1535.7511
forecast_5152,2025-08-03 16:00:00,1879.0247,2069.9968,1659.5865
forecast_5153,2025-08-03 17:00:00,1991.3181,2513.5154,1861.1765
forecast_5154,2025-08-03 18:00:00,2203.5098,3180.4993,2192.2937
forecast_5155,2025-08-03 19:00:00,2727.1655,4052.296,2763.9106
forecast_5156,2025-08-03 20:00:00,3702.3918,5024.8994,3718.8323
forecast_5157,2025-08-03 21:00:00,4630.1987,5988.352,5051.834
forecast_5158,2025-08-03 22:00:00,5187.941,6872.627,6384.7485
forecast_5159,2025-08-03 23:00:00,5701.4653,7753.5146,7242.0522
forecast_5160,2025-08-04 00:00:00,6351.7114,8299.554,7133.973
forecast_5161,2025-08-04 01:00:00,6656.099,8118.7104,5754.039
forecast_5162,2025-08-04 02:00:00,7365.1157,7697.0586,5724.789
forecast_5163,2025-08-04 03:00:00,7756.636,7767.4546,5786.4126
forecast_5164,2025-08-04 04:00:00,7591.0327,7947.7314,5691.949
forecast_5165,2025-08-04 05:00:00,7256.4487,8220.285,5359.3096
forecast_5166,2025-08-04 06:00:00,6755.5884,8249.669,4784.764
forecast_5167,2025-08-04 07:00:00,6117.3135,7927.2114,3996.9233
forecast_5168,2025-08-04 08:00:00,5144.6973,7043.3213,3074.8333
forecast_5169,2025-08-04 09:00:00,3724.2368,5324.957,2238.3308
forecast_5170,2025-08-04 10:00:00,2903.6228,3222.4766,1704.0398
forecast_5171,2025-08-04 11:00:00,2237.826,2053.898,1427.0475
forecast_5172,2025-08-04 12:00:00,1840.0447,1650.5837,1287.8167
forecast_5173,2025-08-04 13:00:00,1761.647,1531.7767,1222.7896
forecast_5174,2025-08-04 14:00:00,1767.5114,1546.3021,1200.9843
forecast_5175,2025-08-04 15:00:00,1811.4333,1668.0466,1214.9238
forecast_5176,2025-08-04 16:00:00,1888.328,1907.0831,1261.2695
forecast_5177,2025-08-04 17:00:00,2001.2463,2295.5342,1344.1642
forecast_5178,2025-08-04 18:00:00,2221.069,2886.637,1483.7161
forecast_5179,2025-08-04 19:00:00,2765.643,3633.822,1743.6073
forecast_5180,2025-08-04 20:00:00,3744.2092,4436.538,2262.8848
forecast_5181,2025-08-04 21:00:00,4642.418,5259.491,3147.829
forecast_5182,2025-08-04 22:00:00,5185.465,6009.555,4085.8027
forecast_5183,2025-08-04 23:00:00,5700.507,6575.263,4773.835
forecast_5184,2025-08-05 00:00:00,6347.4854,6699.897,4849.875
forecast_5185,2025-08-05 01:00:00,6643.1567,6045.479,3853.7373
forecast_5186,2025-08-05 02:00:00,7362.027,5253.883,3789.6128
forecast_5187,2025-08-05 03:00:00,7766.754,5320.7905,3870.4683
forecast_5188,2025-08-05 04:00:00,7610.4395,5835.126,4046.3086
forecast_5189,2025-08-05 05:00:00,7280.0347,6768.095,4069.9287
forecast_5190,2025-08-05 06:00:00,6779.5615,7352.5303,3815.861
forecast_5191,2025-08-05 07:00:00,6141.8276,7364.816,3259.1624
forecast_5192,2025-08-05 08:00:00,5183.347,6641.5625,2513.9087
forecast_5193,2025-08-05 09:00:00,3776.4119,5033.7275,1840.5334
forecast_5194,2025-08-05 10:00:00,2934.7185,3070.2793,1422.965
forecast_5195,2025-08-05 11:00:00,2274.7214,1976.9928,1195.1622
forecast_5196,2025-08-05 12:00:00,1853.0829,1585.9597,1066.8085
forecast_5197,2025-08-05 13:00:00,1768.7615,1457.5262,989.38763
forecast_5198,2025-08-05 14:00:00,1774.0253,1445.4364,943.0354
forecast_5199,2025-08-05 15:00:00,1818.6206,1520.949,921.0865
forecast_5200,2025-08-05 16:00:00,1895.8406,1692.9149,917.90265
forecast_5201,2025-08-05 17:00:00,2009.298,1992.3962,928.7535
forecast_5202,2025-08-05 18:00:00,2237.5266,2454.8574,956.04285
forecast_5203,2025-08-05 19:00:00,2803.0645,3012.662,1017.5185
forecast_5204,2025-08-05 20:00:00,3779.4421,3562.226,1161.8435
forecast_5205,2025-08-05 21:00:00,4646.145,4113.5244,1467.0892
forecast_5206,2025-08-05 22:00:00,5175.732,4649.5273,1903.5211
forecast_5207,2025-08-05 23:00:00,5689.471,4995.4287,2256.3884
forecast_5208,2025-08-06 00:00:00,6334.8833,4892.5938,2251.2905
forecast_5209,2025-08-06 01:00:00,6625.2896,4142.1016,1765.9812
forecast_5210,2025-08-06 02:00:00,7356.9087,3583.4187,1673.6566
forecast_5211,2025-08-06 03:00:00,7777.629,3658.1528,1802.7108
forecast_5212,2025-08-06 04:00:00,7632.1597,3828.5881,2094.4114
forecast_5213,2025-08-06 05:00:00,7306.1577,4440.1904,2409.8901
forecast_5214,2025-08-06 06:00:00,6804.967,5621.7207,2542.9373
forecast_5215,2025-08-06 07:00:00,6165.5864,6319.0273,2328.5647
forecast_5216,2025-08-06 08:00:00,5217.878,5959.9126,1863.5209
forecast_5217,2025-08-06 09:00:00,3825.4624,4579.534,1417.2947
forecast_5218,2025-08-06 10:00:00,2962.3594,2849.0083,1133.5046
forecast_5219,2025-08-06 11:00:00,2309.8743,1872.1477,960.1879
forecast_5220,2025-08-06 12:00:00,1865.502,1501.4207,849.5215
forecast_5221,2025-08-06 13:00:00,1774.7588,1363.2438,770.84143
forecast_5222,2025-08-06 14:00:00,1779.232,1322.7355,717.0043
forecast_5223,2025-08-06 15:00:00,1824.2191,1350.3513,682.4441
forecast_5224,2025-08-06 16:00:00,1901.1631,1452.885,662.08234
forecast_5225,2025-08-06 17:00:00,2015.1023,1658.8207,649.4494
forecast_5226,2025-08-06 18:00:00,2252.3657,1996.1034,643.71265
forecast_5227,2025-08-06 19:00:00,2837.6196,2404.4285,648.1792
forecast_5228,2025-08-06 20:00:00,3803.8723,2784.3054,673.25415
forecast_5229,2025-08-06 21:00:00,4637.181,3136.3975,734.4156
forecast_5230,2025-08-06 22:00:00,5155.076,3469.2742,839.65015
forecast_5231,2025-08-06 23:00:00,5663.5527,3717.9138,977.4417
forecast_5232,2025-08-07 00:00:00,6310.4146,3773.0083,1023.913
forecast_5233,2025-08-07 01:00:00,6600.478,3305.9917,920.2776
forecast_5234,2025-08-07 02:00:00,7348.9336,2996.9785,880.5146
forecast_5235,2025-08-07 03:00:00,7789.6895,3095.684,935.3784
forecast_5236,2025-08-07 04:00:00,7657.2866,3156.6448,1018.7061
forecast_5237,2025-08-07 05:00:00,7335.9463,3356.4387,1174.1168
forecast_5238,2025-08-07 06:00:00,6832.392,3743.3054,1338.9196
forecast_5239,2025-08-07 07:00:00,6188.3574,4614.6235,1364.3419
forecast_5240,2025-08-07 08:00:00,5247.0093,4852.526,1210.8439
forecast_5241,2025-08-07 09:00:00,3869.1614,3909.9524,1012.86194
forecast_5242,2025-08-07 10:00:00,2985.0554,2552.9072,858.405
forecast_5243,2025-08-07 11:00:00,2341.4329,1737.5033,743.26556
forecast_5244,2025-08-07 12:00:00,1876.6377,1397.043,659.78265
forecast_5245,2025-08-07 13:00:00,1779.1881,1252.2137,596.2654
forecast_5246,2025-08-07 14:00:00,1782.7155,1189.0916,553.69965
forecast_5247,2025-08-07 15:00:00,1827.7454,1181.8851,526.6697
forecast_5248,2025-08-07 16:00:00,1903.7346,1237.8683,510.9946
forecast_5249,2025-08-07 17:00:00,2018.0514,1383.9186,501.4959
forecast_5250,2025-08-07 18:00:00,2264.5847,1650.1704,497.51434
forecast_5251,2025-08-07 19:00:00,2865.9446,1999.7056,498.5659
forecast_5252,2025-08-07 20:00:00,3810.6113,2335.4172,505.89362
forecast_5253,2025-08-07 21:00:00,4608.4297,2635.0771,522.08203
forecast_5254,2025-08-07 22:00:00,5117.4995,2907.3313,551.5252
forecast_5255,2025-08-07 23:00:00,5615.4116,3136.904,589.32086
forecast_5256,2025-08-08 00:00:00,6268.2524,3281.6443,613.69086
forecast_5257,2025-08-08 01:00:00,6565.113,2960.8635,596.9744
forecast_5258,2025-08-08 02:00:00,7336.5493,2751.2603,600.5788
forecast_5259,2025-08-08 03:00:00,7803.5205,2858.3748,650.75726
forecast_5260,2025-08-08 04:00:00,7687.5454,2887.0703,677.3901
forecast_5261,2025-08-08 05:00:00,7371.0854,2971.2664,716.011
forecast_5262,2025-08-08 06:00:00,6862.5454,3040.8198,749.3542
forecast_5263,2025-08-08 07:00:00,6209.5684,3221.7134,771.7751
forecast_5264,2025-08-08 08:00:00,5268.7734,3475.4219,757.3173
forecast_5265,2025-08-08 09:00:00,3904.2275,3085.6973,707.8542
forecast_5266,2025-08-08 10:00:00,3000.5093,2208.5723,642.0615
forecast_5267,2025-08-08 11:00:00,2366.6345,1581.5646,579.5311
forecast_5268,2025-08-08 12:00:00,1885.3683,1281.7418,528.1141
forecast_5269,2025-08-08 13:00:00,1781.3867,1138.3326,489.65942
forecast_5270,2025-08-08 14:00:00,1783.8792,1066.8685,465.68152
forecast_5271,2025-08-08 15:00:00,1828.489,1047.4114,452.1228
forecast_5272,2025-08-08 16:00:00,1902.7317,1086.7242,446.23627
forecast_5273,2025-08-08 17:00:00,2017.1212,1207.7623,445.22638
forecast_5274,2025-08-08 18:00:00,2272.2632,1442.4773,448.90784
forecast_5275,2025-08-08 19:00:00,2881.9263,1773.9329,456.24942
forecast_5276,2025-08-08 20:00:00,3788.0188,2106.607,466.67078
forecast_5277,2025-08-08 21:00:00,4546.801,2397.9458,478.7902
forecast_5278,2025-08-08 22:00:00,5052.376,2654.1873,492.841
forecast_5279,2025-08-08 23:00:00,5533.5796,2876.9778,510.4721
forecast_5280,2025-08-09 00:00:00,6198.1133,3048.8772,527.39185
forecast_5281,2025-08-09 01:00:00,6512.255,2793.0764,507.1636
forecast_5282,2025-08-09 02:00:00,7316.5425,2626.1184,480.3167
forecast_5283,2025-08-09 03:00:00,7819.857,2736.5884,517.34515
forecast_5284,2025-08-09 04:00:00,7725.6763,2752.7578,528.87006
forecast_5285,2025-08-09 05:00:00,7413.9834,2793.95,543.8843
forecast_5286,2025-08-09 06:00:00,6895.946,2762.6362,540.4625
forecast_5287,2025-08-09 07:00:00,6227.7197,2701.3833,540.4792
forecast_5288,2025-08-09 08:00:00,5279.8804,2615.165,543.58673
forecast_5289,2025-08-09 09:00:00,3925.77,2393.264,536.29034
forecast_5290,2025-08-09 10:00:00,3005.1736,1886.5294,512.65515
forecast_5291,2025-08-09 11:00:00,2381.2842,1428.5168,484.4079
forecast_5292,2025-08-09 12:00:00,1889.8308,1174.7332,457.53604
forecast_5293,2025-08-09 13:00:00,1780.3578,1042.4125,438.2963
forecast_5294,2025-08-09 14:00:00,1781.8279,976.18195,426.67368
forecast_5295,2025-08-09 15:00:00,1825.363,959.4284,421.5242
forecast_5296,2025-08-09 16:00:00,1896.8774,996.52783,421.27155
forecast_5297,2025-08-09 17:00:00,2010.531,1107.0634,424.97647
forecast_5298,2025-08-09 18:00:00,2271.7065,1324.4851,432.53104
forecast_5299,2025-08-09 19:00:00,2874.3726,1646.3939,443.18613
forecast_5300,2025-08-09 20:00:00,3714.7344,1981.626,456.34937
forecast_5301,2025-08-09 21:00:00,4425.0415,2272.9868,470.6104
forecast_5302,2025-08-09 22:00:00,4937.6953,2523.8235,485.0754
forecast_5303,2025-08-09 23:00:00,5399.805,2742.0103,499.54474
forecast_5304,2025-08-10 00:00:00,6080.637,2920.9194,515.647
forecast_5305,2025-08-10 01:00:00,6427.236,2698.1968,503.3319
forecast_5306,2025-08-10 02:00:00,7281.2476,2552.4229,456.03473
forecast_5307,2025-08-10 03:00:00,7839.08,2664.3936,477.1328
forecast_5308,2025-08-10 04:00:00,7775.6675,2674.6487,464.84152
forecast_5309,2025-08-10 05:00:00,7467.2173,2696.3691,472.147
forecast_5310,2025-08-10 06:00:00,6931.407,2623.9453,464.1786
forecast_5311,2025-08-10 07:00:00,6238.733,2477.4626,460.66556
forecast_5312,2025-08-10 08:00:00,5274.3833,2265.173,459.3487
forecast_5313,2025-08-10 09:00:00,3926.3909,2010.9971,457.162
forecast_5314,2025-08-10 10:00:00,2993.5889,1652.081,449.34174
forecast_5315,2025-08-10 11:00:00,2378.978,1306.2155,437.08344
forecast_5316,2025-08-10 12:00:00,1886.9695,1093.0244,423.53763
forecast_5317,2025-08-10 13:00:00,1774.5378,975.8765,414.1402
forecast_5318,2025-08-10 14:00:00,1775.1416,919.1539,408.54135
forecast_5319,2025-08-10 15:00:00,1816.6447,907.98724,407.42758
forecast_5320,2025-08-10 16:00:00,1884.0928,945.3804,409.7173
forecast_5321,2025-08-10 17:00:00,1995.1002,1049.553,415.4904
forecast_5322,2025-08-10 18:00:00,2255.6753,1255.011,424.49976
forecast_5323,2025-08-10 19:00:00,2821.8296,1569.0195,436.33548
forecast_5324,2025-08-10 20:00:00,3546.3687,1905.8577,450.42172
forecast_5325,2025-08-10 21:00:00,4178.9424,2198.3342,465.6475
forecast_5326,2025-08-10 22:00:00,4716.5537,2446.8271,481.20718
forecast_5327,2025-08-10 23:00:00,5184.0625,2661.6228,496.57922
forecast_5328,2025-08-11 00:00:00,5877.202,2841.41,513.0333
forecast_5329,2025-08-11 01:00:00,6275.1816,2638.145,508.3778
forecast_5330,2025-08-11 02:00:00,7208.027,2504.2822,458.3117
forecast_5331,2025-08-11 03:00:00,7857.5635,2616.9863,477.32272
forecast_5332,2025-08-11 04:00:00,7839.7935,2623.9783,447.3179
forecast_5333,2025-08-11 05:00:00,7528.002,2635.427,445.91257
forecast_5334,2025-08-11 06:00:00,6959.484,2543.1465,433.2126
forecast_5335,2025-08-11 07:00:00,6231.1777,2360.727,428.8736
forecast_5336,2025-08-11 08:00:00,5240.7,2102.4722,424.55585
forecast_5337,2025-08-11 09:00:00,3894.6821,1826.5475,422.59763
forecast_5338,2025-08-11 10:00:00,2957.3533,1511.5065,419.4695
forecast_5339,2025-08-11 11:00:00,2350.1133,1224.2811,413.15515
forecast_5340,2025-08-11 12:00:00,1871.8754,1039.091,406.19388
forecast_5341,2025-08-11 13:00:00,1761.355,934.98315,401.31934
forecast_5342,2025-08-11 14:00:00,1761.413,885.8592,398.72363
forecast_5343,2025-08-11 15:00:00,1799.4924,878.5801,399.5361
forecast_5344,2025-08-11 16:00:00,1860.8082,915.7651,403.0137
forecast_5345,2025-08-11 17:00:00,1964.9425,1015.12634,409.6882
forecast_5346,2025-08-11 18:00:00,2209.4932,1211.5548,419.1958
forecast_5347,2025-08-11 19:00:00,2679.964,1518.5242,431.3782
forecast_5348,2025-08-11 20:00:00,3183.087,1855.61,445.6138
forecast_5349,2025-08-11 21:00:00,3650.7505,2148.9727,461.01566
forecast_5350,2025-08-11 22:00:00,4213.7905,2396.211,476.84418
forecast_5351,2025-08-11 23:00:00,4811.8726,2608.467,492.58823
forecast_5352,2025-08-12 00:00:00,5512.4443,2787.244,509.13605
forecast_5353,2025-08-12 01:00:00,5962.751,2596.9016,507.93823
forecast_5354,2025-08-12 02:00:00,7007.3716,2470.4314,459.66995
forecast_5355,2025-08-12 03:00:00,7835.03,2583.5283,484.02118
forecast_5356,2025-08-12 04:00:00,7892.51,2588.477,447.8313
forecast_5357,2025-08-12 05:00:00,7557.109,2593.7893,440.4277
forecast_5358,2025-08-12 06:00:00,6938.169,2490.5261,421.0859
forecast_5359,2025-08-12 07:00:00,6173.0283,2290.97,415.11227
forecast_5360,2025-08-12 08:00:00,5155.1123,2015.4641,408.75095
forecast_5361,2025-08-12 09:00:00,3812.8494,1731.5836,406.6406
forecast_5362,2025-08-12 10:00:00,2883.439,1433.3514,404.11615
forecast_5363,2025-08-12 11:00:00,2281.287,1174.486,400.11682
forecast_5364,2025-08-12 12:00:00,1836.923,1006.0798,396.41492
forecast_5365,2025-08-12 13:00:00,1736.2802,910.893,393.5714
forecast_5366,2025-08-12 14:00:00,1736.306,866.5344,392.652
forecast_5367,2025-08-12 15:00:00,1769.0297,861.34,394.40112
forecast_5368,2025-08-12 16:00:00,1820.578,897.80023,398.49265
forecast_5369,2025-08-12 17:00:00,1908.6393,993.3042,405.5577
forecast_5370,2025-08-12 18:00:00,2102.2861,1182.6719,415.21054
forecast_5371,2025-08-12 19:00:00,2358.2166,1483.4025,427.4451
forecast_5372,2025-08-12 20:00:00,2469.5254,1819.8102,441.5951
forecast_5373,2025-08-12 21:00:00,2637.917,2113.691,456.92725
forecast_5374,2025-08-12 22:00:00,3074.9146,2360.1506,472.69122
forecast_5375,2025-08-12 23:00:00,3912.0361,2570.4832,488.39493
forecast_5376,2025-08-13 00:00:00,4880.182,2747.7402,504.76096
forecast_5377,2025-08-13 01:00:00,5232.2656,2566.8582,504.73056
forecast_5378,2025-08-13 02:00:00,6254.9214,2445.3557,457.98874
forecast_5379,2025-08-13 03:00:00,7271.713,2558.684,487.15094
forecast_5380,2025-08-13 04:00:00,7667.8315,2562.2146,452.13272
forecast_5381,2025-08-13 05:00:00,7373.7866,2563.4595,443.18475
forecast_5382,2025-08-13 06:00:00,6739.947,2453.3918,418.81747
forecast_5383,2025-08-13 07:00:00,5983.1836,2244.8425,410.66138
forecast_5384,2025-08-13 08:00:00,4968.331,1963.3834,401.54483
forecast_5385,2025-08-13 09:00:00,3653.3438,1678.7384,398.38983
forecast_5386,2025-08-13 10:00:00,2751.9744,1389.4917,395.4011
forecast_5387,2025-08-13 11:00:00,2156.3965,1145.3097,392.6016
forecast_5388,2025-08-13 12:00:00,1770.8579,986.50256,390.30316
forecast_5389,2025-08-13 13:00:00,1690.685,896.72986,388.4508
forecast_5390,2025-08-13 14:00:00,1691.6356,855.0948,388.53833
forecast_5391,2025-08-13 15:00:00,1716.4512,850.8475,390.72946
forecast_5392,2025-08-13 16:00:00,1751.2467,886.3662,395.18094
forecast_5393,2025-08-13 17:00:00,1803.1606,978.7176,402.4078
forecast_5394,2025-08-13 18:00:00,1871.9064,1162.4152,412.09985
forecast_5395,2025-08-13 19:00:00,1771.7318,1457.6287,424.32632
forecast_5396,2025-08-13 20:00:00,1609.5463,1792.8116,438.41293
forecast_5397,2025-08-13 21:00:00,1664.1335,2086.9197,453.72754
forecast_5398,2025-08-13 22:00:00,1862.4384,2332.859,469.462
forecast_5399,2025-08-13 23:00:00,2308.9478,2541.7302,485.11597
forecast_5400,2025-08-14 00:00:00,3528.2812,2717.4355,501.40515
forecast_5401,2025-08-14 01:00:00,3681.406,2544.0251,501.82397
forecast_5402,2025-08-14 02:00:00,3592.1614,2426.0857,456.33627
forecast_5403,2025-08-14 03:00:00,3498.3245,2539.572,488.5565
forecast_5404,2025-08-14 04:00:00,3417.6777,2542.0286,456.4342
forecast_5405,2025-08-14 05:00:00,4060.5442,2540.3352,449.0571
forecast_5406,2025-08-14 06:00:00,5805.461,2425.6191,422.23486
forecast_5407,2025-08-14 07:00:00,5498.8345,2211.9717,412.256
forecast_5408,2025-08-14 08:00:00,4583.67,1929.3169,399.50787
forecast_5409,2025-08-14 09:00:00,3374.736,1647.141,394.29922
forecast_5410,2025-08-14 10:00:00,2534.3398,1364.2991,390.35037
forecast_5411,2025-08-14 11:00:00,1960.0148,1128.4098,388.0298
forecast_5412,2025-08-14 12:00:00,1658.5421,975.0511,386.15707
forecast_5413,2025-08-14 13:00:00,1608.0142,888.3702,384.9145
forecast_5414,2025-08-14 14:00:00,1611.805,848.1951,385.5734
forecast_5415,2025-08-14 15:00:00,1625.1947,844.252,387.97113
forecast_5416,2025-08-14 16:00:00,1629.5842,878.78815,392.667
forecast_5417,2025-08-14 17:00:00,1604.2122,968.5219,399.9637
forecast_5418,2025-08-14 18:00:00,1448.7064,1147.5509,409.7081
forecast_5419,2025-08-14 19:00:00,1163.5182,1437.8608,421.99716
forecast_5420,2025-08-14 20:00:00,1119.4341,1771.5131,436.19614
forecast_5421,2025-08-14 21:00:00,1220.1022,2065.6511,451.74432
forecast_5422,2025-08-14 22:00:00,1346.6147,2311.2388,467.75314
forecast_5423,2025-08-14 23:00:00,1504.669,2519.0054,483.68228
forecast_5424,2025-08-15 00:00:00,1885.6857,2693.2942,500.39493
forecast_5425,2025-08-15 01:00:00,1764.8961,2526.1392,501.58066
forecast_5426,2025-08-15 02:00:00,1521.0795,2410.8984,457.8742
forecast_5427,2025-08-15 03:00:00,1537.6984,2524.5098,492.60443
forecast_5428,2025-08-15 04:00:00,1570.5624,2526.0994,462.8626
forecast_5429,2025-08-15 05:00:00,1712.1958,2522.1199,457.48868
forecast_5430,2025-08-15 06:00:00,1990.9542,2403.9543,430.05322
forecast_5431,2025-08-15 07:00:00,2380.3613,2187.2275,419.16742
forecast_5432,2025-08-15 08:00:00,3746.114,1905.4844,402.1937
forecast_5433,2025-08-15 09:00:00,2910.4277,1627.0743,393.81033
forecast_5434,2025-08-15 10:00:00,2187.6748,1349.5747,387.92883
forecast_5435,2025-08-15 11:00:00,1685.2848,1118.7694,385.25424
forecast_5436,2025-08-15 12:00:00,1486.302,968.49286,383.31058
forecast_5437,2025-08-15 13:00:00,1464.0558,883.49585,382.4588
forecast_5438,2025-08-15 14:00:00,1470.3667,844.0172,383.375
forecast_5439,2025-08-15 15:00:00,1465.7205,840.0265,385.88864
forecast_5440,2025-08-15 16:00:00,1416.047,873.6137,390.7713
forecast_5441,2025-08-15 17:00:00,1259.7148,961.13855,398.1279
forecast_5442,2025-08-15 18:00:00,980.3366,1136.2357,408.01447
forecast_5443,2025-08-15 19:00:00,876.03815,1422.1464,420.5358
forecast_5444,2025-08-15 20:00:00,941.2437,1754.105,435.1574
forecast_5445,2025-08-15 21:00:00,1060.0444,2048.1475,451.3854
forecast_5446,2025-08-15 22:00:00,1169.4061,2293.5115,468.26392
forecast_5447,2025-08-15 23:00:00,1260.3663,2500.4583,485.2051
forecast_5448,2025-08-16 00:00:00,1371.9197,2673.5193,503.4966
forecast_5449,2025-08-16 01:00:00,1258.0432,2511.8362,506.95807
forecast_5450,2025-08-16 02:00:00,1184.5638,2398.7332,466.84628
forecast_5451,2025-08-16 03:00:00,1254.1553,2512.4592,505.36584
forecast_5452,2025-08-16 04:00:00,1284.2134,2513.3062,477.04846
forecast_5453,2025-08-16 05:00:00,1339.2832,2507.443,471.89407
forecast_5454,2025-08-16 06:00:00,1398.1462,2386.5325,443.8066
forecast_5455,2025-08-16 07:00:00,1518.4744,2167.838,433.03925
forecast_5456,2025-08-16 08:00:00,1613.7771,1887.9613,411.05026
forecast_5457,2025-08-16 09:00:00,1822.8354,1613.7397,397.84796
forecast_5458,2025-08-16 10:00:00,1642.8901,1340.9631,388.30475
forecast_5459,2025-08-16 11:00:00,1356.2678,1113.5465,384.10397
forecast_5460,2025-08-16 12:00:00,1260.1174,964.9589,381.62012
forecast_5461,2025-08-16 13:00:00,1248.919,880.7942,380.87402
forecast_5462,2025-08-16 14:00:00,1243.6144,841.54926,381.8135
forecast_5463,2025-08-16 15:00:00,1206.0029,837.3187,384.4092
forecast_5464,2025-08-16 16:00:00,1085.4192,870.01764,389.44434
forecast_5465,2025-08-16 17:00:00,877.80817,955.64935,396.9131
forecast_5466,2025-08-16 18:00:00,758.3212,1127.3684,407.09814
forecast_5467,2025-08-16 19:00:00,777.4342,1409.2937,420.12775
forecast_5468,2025-08-16 20:00:00,871.6655,1739.479,435.64178
forecast_5469,2025-08-16 21:00:00,993.04224,2033.348,453.25772
forecast_5470,2025-08-16 22:00:00,1097.0682,2278.5925,472.03806
forecast_5471,2025-08-16 23:00:00,1171.9368,2484.9565,491.47253
forecast_5472,2025-08-17 00:00:00,1229.3616,2656.9858,514.02893
forecast_5473,2025-08-17 01:00:00,1137.8761,2500.2468,523.9474
forecast_5474,2025-08-17 02:00:00,1101.0743,2388.904,492.3516
forecast_5475,2025-08-17 03:00:00,1179.3369,2502.7422,539.4361
forecast_5476,2025-08-17 04:00:00,1207.6588,2502.9297,511.05356
forecast_5477,2025-08-17 05:00:00,1243.8466,2495.438,501.1982
forecast_5478,2025-08-17 06:00:00,1248.2877,2372.2136,468.8794
forecast_5479,2025-08-17 07:00:00,1235.5071,2152.1956,458.31033
forecast_5480,2025-08-17 08:00:00,1200.7604,1874.6045,429.91785
forecast_5481,2025-08-17 09:00:00,1118.6658,1604.6091,408.99338
forecast_5482,2025-08-17 10:00:00,1064.6952,1336.0931,392.97385
forecast_5483,2025-08-17 11:00:00,1049.3828,1111.1108,385.29187
forecast_5484,2025-08-17 12:00:00,1019.45605,963.3683,381.35974
forecast_5485,2025-08-17 13:00:00,1001.13855,879.50336,380.22354
forecast_5486,2025-08-17 14:00:00,968.2862,840.2085,380.94965
forecast_5487,2025-08-17 15:00:00,898.03735,835.6336,383.5773
forecast_5488,2025-08-17 16:00:00,783.1881,867.51,388.74423
forecast_5489,2025-08-17 17:00:00,693.6694,951.497,396.4323
forecast_5490,2025-08-17 18:00:00,683.7598,1120.2651,407.1482
forecast_5491,2025-08-17 19:00:00,737.83734,1398.5459,421.0969
forecast_5492,2025-08-17 20:00:00,838.9862,1726.9269,438.19928
forecast_5493,2025-08-17 21:00:00,959.8673,2020.5775,458.31012
forecast_5494,2025-08-17 22:00:00,1061.9054,2265.7935,480.76367
forecast_5495,2025-08-17 23:00:00,1132.0808,2471.7703,505.65848
forecast_5496,2025-08-18 00:00:00,1175.2749,2642.9578,538.9803
forecast_5497,2025-08-18 01:00:00,1096.2544,2490.7944,567.2693
forecast_5498,2025-08-18 02:00:00,1071.5422,2380.9453,558.63416
forecast_5499,2025-08-18 03:00:00,1153.7313,2494.9019,628.9784
forecast_5500,2025-08-18 04:00:00,1183.1938,2494.4817,595.9627
forecast_5501,2025-08-18 05:00:00,1214.3558,2485.5295,566.2697
forecast_5502,2025-08-18 06:00:00,1202.35,2360.266,516.81177
forecast_5503,2025-08-18 07:00:00,1150.5903,2139.31,502.00485
forecast_5504,2025-08-18 08:00:00,1041.4989,1864.1631,465.52615
forecast_5505,2025-08-18 09:00:00,918.33136,1598.2655,432.57095
forecast_5506,2025-08-18 10:00:00,834.9268,1333.6268,405.47235
forecast_5507,2025-08-18 11:00:00,819.34485,1110.5002,390.72064
forecast_5508,2025-08-18 12:00:00,819.6836,963.079,383.38327
forecast_5509,2025-08-18 13:00:00,796.73145,879.1676,380.90866
forecast_5510,2025-08-18 14:00:00,755.49426,839.6455,381.03796
forecast_5511,2025-08-18 15:00:00,699.6462,834.67004,383.5671
forecast_5512,2025-08-18 16:00:00,648.15924,865.78784,388.84695
forecast_5513,2025-08-18 17:00:00,630.29486,948.32825,396.9156
forecast_5514,2025-08-18 18:00:00,654.38416,1114.4843,408.4937
forecast_5515,2025-08-18 19:00:00,718.929,1389.4048,423.96188
forecast_5516,2025-08-18 20:00:00,822.08704,1715.9818,443.6797
forecast_5517,2025-08-18 21:00:00,942.53284,2009.3899,467.999
forecast_5518,2025-08-18 22:00:00,1044.2299,2254.6567,497.08487
forecast_5519,2025-08-18 23:00:00,1113.2445,2460.418,533.0457
forecast_5520,2025-08-19 00:00:00,1151.5247,2630.9397,591.3264
forecast_5521,2025-08-19 01:00:00,1080.6769,2483.083,668.3871
forecast_5522,2025-08-19 02:00:00,1063.664,2374.5344,721.5071
forecast_5523,2025-08-19 03:00:00,1152.9883,2488.616,854.207
forecast_5524,2025-08-19 04:00:00,1188.7324,2487.623,805.30597
forecast_5525,2025-08-19 05:00:00,1221.1189,2477.323,711.9721
forecast_5526,2025-08-19 06:00:00,1199.3292,2350.2007,606.1424
forecast_5527,2025-08-19 07:00:00,1126.8372,2128.543,569.1965
forecast_5528,2025-08-19 08:00:00,988.66016,1855.8654,522.1006
forecast_5529,2025-08-19 09:00:00,836.2609,1593.8682,475.6825
forecast_5530,2025-08-19 10:00:00,742.2547,1332.7803,432.50046
forecast_5531,2025-08-19 11:00:00,699.41974,1111.1289,404.47345
forecast_5532,2025-08-19 12:00:00,682.4614,963.69653,389.6195
forecast_5533,2025-08-19 13:00:00,670.92236,879.50714,383.8595
forecast_5534,2025-08-19 14:00:00,642.7725,839.6438,382.60474
forecast_5535,2025-08-19 15:00:00,613.59094,834.23773,384.73416
forecast_5536,2025-08-19 16:00:00,597.70844,864.65564,390.08582
forecast_5537,2025-08-19 17:00:00,605.515,945.9123,398.75027
forecast_5538,2025-08-19 18:00:00,640.6817,1109.7301,411.65845
forecast_5539,2025-08-19 19:00:00,709.4163,1381.5369,429.51126
forecast_5540,2025-08-19 20:00:00,814.15405,1706.3254,453.33325
forecast_5541,2025-08-19 21:00:00,935.3585,1999.4816,484.37515
forecast_5542,2025-08-19 22:00:00,1038.2441,2244.8735,524.4604
forecast_5543,2025-08-19 23:00:00,1107.9958,2450.5652,579.8031
forecast_5544,2025-08-20 00:00:00,1144.2311,2620.5847,683.4111
forecast_5545,2025-08-20 01:00:00,1081.3379,2476.8315,857.2593
forecast_5546,2025-08-20 02:00:00,1074.2236,2369.4385,1018.7233
forecast_5547,2025-08-20 03:00:00,1180.9642,2483.6523,1230.7678
forecast_5548,2025-08-20 04:00:00,1236.5272,2482.1082,1173.6481
forecast_5549,2025-08-20 05:00:00,1282.5935,2470.5366,996.98254
forecast_5550,2025-08-20 06:00:00,1249.8275,2341.6755,762.04565
forecast_5551,2025-08-20 07:00:00,1145.394,2119.4644,659.86194
forecast_5552,2025-08-20 08:00:00,977.27185,1849.2129,590.9708
forecast_5553,2025-08-20 09:00:00,807.2423,1590.8937,535.6866
forecast_5554,2025-08-20 10:00:00,702.3645,1333.0696,480.5531
forecast_5555,2025-08-20 11:00:00,651.639,1112.6292,434.0376
forecast_5556,2025-08-20 12:00:00,624.1966,964.96826,404.10214
forecast_5557,2025-08-20 13:00:00,605.6939,880.3439,390.94934
forecast_5558,2025-08-20 14:00:00,589.257,840.06213,386.625
forecast_5559,2025-08-20 15:00:00,577.7303,834.2126,387.7123
forecast_5560,2025-08-20 16:00:00,577.5701,863.98395,393.01694
forecast_5561,2025-08-20 17:00:00,594.3093,944.0927,402.54562
forecast_5562,2025-08-20 18:00:00,634.1027,1105.8009,417.4334
forecast_5563,2025-08-20 19:00:00,705.8882,1374.7062,438.87933
forecast_5564,2025-08-20 20:00:00,813.68134,1697.736,468.81854
forecast_5565,2025-08-20 21:00:00,937.90076,1990.6416,509.70056
forecast_5566,2025-08-20 22:00:00,1044.1058,2236.2263,565.2457
forecast_5567,2025-08-20 23:00:00,1116.6129,2441.9805,646.1251
forecast_5568,2025-08-21 00:00:00,1152.1158,2611.645,808.9649
forecast_5569,2025-08-21 01:00:00,1100.6497,2471.8372,1118.6956
forecast_5570,2025-08-21 02:00:00,1112.1091,2365.4878,1325.2312
forecast_5571,2025-08-21 03:00:00,1259.3467,2479.839,1526.5205
forecast_5572,2025-08-21 04:00:00,1366.6752,2477.757,1484.5795
forecast_5573,2025-08-21 05:00:00,1464.0259,2464.9666,1336.3223
forecast_5574,2025-08-21 06:00:00,1434.7767,2334.4473,1007.3202
forecast_5575,2025-08-21 07:00:00,1257.2744,2111.775,783.7322
forecast_5576,2025-08-21 08:00:00,1007.92444,1843.8696,665.68774
forecast_5577,2025-08-21 09:00:00,803.8309,1589.0026,596.1268
forecast_5578,2025-08-21 10:00:00,687.57623,1334.1881,539.67523
forecast_5579,2025-08-21 11:00:00,630.3693,1114.7644,484.944
forecast_5580,2025-08-21 12:00:00,599.87115,966.72876,433.9277
forecast_5581,2025-08-21 13:00:00,580.98114,881.56024,405.73953
forecast_5582,2025-08-21 14:00:00,568.0866,840.80743,394.83902
forecast_5583,2025-08-21 15:00:00,562.89606,834.5104,393.57004
forecast_5584,2025-08-21 16:00:00,568.39856,863.6833,398.52
forecast_5585,2025-08-21 17:00:00,589.17584,942.7598,409.2177
forecast_5586,2025-08-21 18:00:00,632.2917,1102.5547,426.94583
forecast_5587,2025-08-21 19:00:00,708.33777,1368.7473,453.53094
forecast_5588,2025-08-21 20:00:00,822.63873,1690.0565,491.8218
forecast_5589,2025-08-21 21:00:00,953.83704,1982.721,544.8676
forecast_5590,2025-08-21 22:00:00,1066.7059,2228.5615,616.5804
forecast_5591,2025-08-21 23:00:00,1144.9991,2434.496,721.45874
forecast_5592,2025-08-22 00:00:00,1181.0945,2603.9421,957.0017
forecast_5593,2025-08-22 01:00:00,1148.7914,2467.9507,1392.4458
forecast_5594,2025-08-22 02:00:00,1193.0818,2362.5518,1515.7399
forecast_5595,2025-08-22 03:00:00,1406.1447,2477.0457,1691.2863
forecast_5596,2025-08-22 04:00:00,1587.6288,2474.4329,1662.786
forecast_5597,2025-08-22 05:00:00,1770.7208,2460.4592,1567.4949
forecast_5598,2025-08-22 06:00:00,1795.7936,2328.3354,1270.7329
forecast_5599,2025-08-22 07:00:00,1582.2672,2105.2583,949.67566
forecast_5600,2025-08-22 08:00:00,1160.9364,1839.6001,753.0785
forecast_5601,2025-08-22 09:00:00,836.2981,1587.9661,653.80536
forecast_5602,2025-08-22 10:00:00,688.31934,1335.9335,591.50653
forecast_5603,2025-08-22 11:00:00,622.4163,1117.3757,542.2189
forecast_5604,2025-08-22 12:00:00,588.83966,968.86475,483.557
forecast_5605,2025-08-22 13:00:00,569.56354,883.07654,433.87827
forecast_5606,2025-08-22 14:00:00,558.4237,841.8157,410.17203
forecast_5607,2025-08-22 15:00:00,555.99347,835.07117,404.01797
forecast_5608,2025-08-22 16:00:00,564.4158,863.6906,407.91656
forecast_5609,2025-08-22 17:00:00,588.2405,941.83514,420.0565
forecast_5610,2025-08-22 18:00:00,635.78674,1099.8868,441.6249
forecast_5611,2025-08-22 19:00:00,719.8167,1363.5396,474.90985
forecast_5612,2025-08-22 20:00:00,847.15576,1683.175,522.8254
forecast_5613,2025-08-22 21:00:00,991.48175,1975.6107,586.9414
forecast_5614,2025-08-22 22:00:00,1115.4823,2221.7666,670.18774
forecast_5615,2025-08-22 23:00:00,1203.6875,2427.991,797.3076
forecast_5616,2025-08-23 00:00:00,1242.9095,2597.3425,1126.321
forecast_5617,2025-08-23 01:00:00,1237.2731,2465.0583,1614.7587
forecast_5618,2025-08-23 02:00:00,1315.995,2360.5317,1620.4783
forecast_5619,2025-08-23 03:00:00,1588.306,2475.1724,1790.3096
forecast_5620,2025-08-23 04:00:00,1837.0475,2472.0283,1753.6964
forecast_5621,2025-08-23 05:00:00,2060.765,2456.896,1689.1467
forecast_5622,2025-08-23 06:00:00,2089.1511,2323.2058,1457.3976
forecast_5623,2025-08-23 07:00:00,1893.9442,2099.756,1128.3767
forecast_5624,2025-08-23 08:00:00,1460.6973,1836.2372,855.3459
forecast_5625,2025-08-23 09:00:00,982.39276,1587.6248,713.9743
forecast_5626,2025-08-23 10:00:00,717.9023,1338.167,636.9772
forecast_5627,2025-08-23 11:00:00,624.9925,1120.3544,588.294
forecast_5628,2025-08-23 12:00:00,585.3972,971.2968,537.7933
forecast_5629,2025-08-23 13:00:00,564.75464,884.836,478.55594
forecast_5630,2025-08-23 14:00:00,554.28296,843.04126,436.5667
forecast_5631,2025-08-23 15:00:00,553.4835,835.85406,421.49487
forecast_5632,2025-08-23 16:00:00,564.37427,863.9593,422.99222
forecast_5633,2025-08-23 17:00:00,592.3937,941.26154,436.63052
forecast_5634,2025-08-23 18:00:00,648.2735,1097.7211,462.8216
forecast_5635,2025-08-23 19:00:00,747.8278,1358.9945,503.39005
forecast_5636,2025-08-23 20:00:00,896.2167,1677.0068,559.3434
forecast_5637,2025-08-23 21:00:00,1057.872,1969.233,629.62665
forecast_5638,2025-08-23 22:00:00,1195.7294,2215.7617,720.42163
forecast_5639,2025-08-23 23:00:00,1297.0657,2422.3738,875.0659
forecast_5640,2025-08-24 00:00:00,1344.6366,2591.7466,1309.1665
forecast_5641,2025-08-24 01:00:00,1360.7892,2463.0723,1768.3317
forecast_5642,2025-08-24 02:00:00,1456.6561,2359.352,1686.7792
forecast_5643,2025-08-24 03:00:00,1783.3345,2474.1394,1848.4647
forecast_5644,2025-08-24 04:00:00,2066.3643,2470.4624,1795.0099
forecast_5645,2025-08-24 05:00:00,2261.0872,2454.186,1747.5869
forecast_5646,2025-08-24 06:00:00,2254.8164,2318.9524,1561.1608
forecast_5647,2025-08-24 07:00:00,2045.7677,2095.1472,1273.6848
forecast_5648,2025-08-24 08:00:00,1623.1416,1833.6565,962.2489
forecast_5649,2025-08-24 09:00:00,1182.0465,1587.8647,777.56024
forecast_5650,2025-08-24 10:00:00,837.7241,1340.7906,680.5681
forecast_5651,2025-08-24 11:00:00,651.3841,1123.6223,626.56104
forecast_5652,2025-08-24 12:00:00,590.4332,973.96704,580.31836
forecast_5653,2025-08-24 13:00:00,565.3625,886.79755,528.27856
forecast_5654,2025-08-24 14:00:00,554.53674,844.4507,475.55658
forecast_5655,2025-08-24 15:00:00,555.2289,836.82764,448.39676
forecast_5656,2025-08-24 16:00:00,569.8192,864.45575,445.54327
forecast_5657,2025-08-24 17:00:00,606.07996,940.99567,460.17725
forecast_5658,2025-08-24 18:00:00,678.5878,1096.0006,490.72772
forecast_5659,2025-08-24 19:00:00,800.5775,1355.0449,536.7734
forecast_5660,2025-08-24 20:00:00,964.39813,1671.4915,596.2026
forecast_5661,2025-08-24 21:00:00,1138.6259,1963.5304,668.5682
forecast_5662,2025-08-24 22:00:00,1291.1808,2210.487,767.7509
forecast_5663,2025-08-24 23:00:00,1409.1655,2417.5789,958.69434
forecast_5664,2025-08-25 00:00:00,1473.661,2587.0798,1489.5793
forecast_5665,2025-08-25 01:00:00,1501.0198,2461.927,1868.6587
forecast_5666,2025-08-25 02:00:00,1607.6538,2358.9502,1733.7887
forecast_5667,2025-08-25 03:00:00,1979.9291,2473.8843,1879.2494
forecast_5668,2025-08-25 04:00:00,2243.8096,2469.667,1813.3021
forecast_5669,2025-08-25 05:00:00,2391.9958,2452.2563,1777.3323
forecast_5670,2025-08-25 06:00:00,2355.6194,2315.4944,1615.8461
forecast_5671,2025-08-25 07:00:00,2130.2102,2091.3386,1368.866
forecast_5672,2025-08-25 08:00:00,1694.7778,1831.7638,1057.5532
forecast_5673,2025-08-25 09:00:00,1263.1069,1588.6018,840.7534
forecast_5674,2025-08-25 10:00:00,967.60126,1343.7349,723.2056
forecast_5675,2025-08-25 11:00:00,747.5456,1127.1244,661.09406
forecast_5676,2025-08-25 12:00:00,618.72345,976.8351,614.6218
forecast_5677,2025-08-25 13:00:00,575.8371,888.9302,568.31824
forecast_5678,2025-08-25 14:00:00,561.93884,846.0197,519.2157
forecast_5679,2025-08-25 15:00:00,564.7215,837.9682,484.0975
forecast_5680,2025-08-25 16:00:00,586.9574,865.1536,475.7745
forecast_5681,2025-08-25 17:00:00,640.0518,941.0047,490.13272
forecast_5682,2025-08-25 18:00:00,734.25665,1094.6813,522.9282
forecast_5683,2025-08-25 19:00:00,863.4334,1351.6393,570.4154
forecast_5684,2025-08-25 20:00:00,1027.7925,1666.5825,629.46704
forecast_5685,2025-08-25 21:00:00,1214.2556,1958.4609,703.9044
forecast_5686,2025-08-25 22:00:00,1385.7924,2205.899,814.4671
forecast_5687,2025-08-25 23:00:00,1526.2103,2413.5574,1050.3844
forecast_5688,2025-08-26 00:00:00,1612.6896,2583.2842,1652.7189
forecast_5689,2025-08-26 01:00:00,1646.9746,2461.5703,1935.4348
forecast_5690,2025-08-26 02:00:00,1771.1243,2359.279,1767.4878
forecast_5691,2025-08-26 03:00:00,2152.601,2474.3562,1893.3029
forecast_5692,2025-08-26 04:00:00,2371.936,2469.59,1821.199
forecast_5693,2025-08-26 05:00:00,2480.459,2451.048,1791.9602
forecast_5694,2025-08-26 06:00:00,2422.8423,2312.7666,1643.5127
forecast_5695,2025-08-26 07:00:00,2185.9016,2088.2578,1424.9132
forecast_5696,2025-08-26 08:00:00,1737.5931,1830.4875,1130.7706
forecast_5697,2025-08-26 09:00:00,1296.8259,1589.7734,898.0028
forecast_5698,2025-08-26 10:00:00,1013.68066,1346.9479,763.5492
forecast_5699,2025-08-26 11:00:00,834.0814,1130.8177,693.0237
forecast_5700,2025-08-26 12:00:00,702.7181,979.86755,644.4414
forecast_5701,2025-08-26 13:00:00,616.4983,891.21094,600.35614
forecast_5702,2025-08-26 14:00:00,588.50354,847.7294,556.0965
forecast_5703,2025-08-26 15:00:00,593.76434,839.2576,521.81226
forecast_5704,2025-08-26 16:00:00,629.8917,866.0328,510.043
forecast_5705,2025-08-26 17:00:00,699.4726,941.262,522.77386
forecast_5706,2025-08-26 18:00:00,792.7647,1093.7278,554.7466
forecast_5707,2025-08-26 19:00:00,914.77844,1348.7391,600.5372
forecast_5708,2025-08-26 20:00:00,1084.044,1662.2455,658.9625
forecast_5709,2025-08-26 21:00:00,1289.5894,1953.9943,737.2875
forecast_5710,2025-08-26 22:00:00,1485.3971,2201.9666,862.4264
forecast_5711,2025-08-26 23:00:00,1651.4545,2410.273,1149.7651
forecast_5712,2025-08-27 00:00:00,1756.9388,2580.3167,1790.874
forecast_5713,2025-08-27 01:00:00,1805.8303,2461.96,1982.0605
forecast_5714,2025-08-27 02:00:00,1935.1349,2360.2969,1790.6366
forecast_5715,2025-08-27 03:00:00,2290.4146,2475.5115,1897.8641
forecast_5716,2025-08-27 04:00:00,2462.6694,2470.1838,1823.6536
forecast_5717,2025-08-27 05:00:00,2541.3416,2450.513,1797.0841
forecast_5718,2025-08-27 06:00:00,2469.1619,2310.7163,1654.8706
forecast_5719,2025-08-27 07:00:00,2224.9126,2085.8455,1454.946
forecast_5720,2025-08-27 08:00:00,1767.338,1829.7692,1180.8151
forecast_5721,2025-08-27 09:00:00,1316.4985,1591.3312,945.17206
forecast_5722,2025-08-27 10:00:00,1031.3387,1350.3901,799.70074
forecast_5723,2025-08-27 11:00:00,861.85065,1134.6711,722.04816
forecast_5724,2025-08-27 12:00:00,761.04895,983.04004,671.1083
forecast_5725,2025-08-27 13:00:00,692.0532,893.62067,627.79736
forecast_5726,2025-08-27 14:00:00,653.0058,849.5646,585.82385
forecast_5727,2025-08-27 15:00:00,655.1992,840.68207,554.0566
forecast_5728,2025-08-27 16:00:00,691.93317,867.07715,542.07184
forecast_5729,2025-08-27 17:00:00,752.037,941.7476,552.9919
forecast_5730,2025-08-27 18:00:00,835.05255,1093.1139,582.7016
forecast_5731,2025-08-27 19:00:00,958.2494,1346.3142,626.7977
forecast_5732,2025-08-27 20:00:00,1143.2937,1658.4547,686.1649
forecast_5733,2025-08-27 21:00:00,1378.2089,1950.1084,769.8593
forecast_5734,2025-08-27 22:00:00,1606.2659,2198.6667,913.0717
forecast_5735,2025-08-27 23:00:00,1800.9395,2407.7,1254.1442
forecast_5736,2025-08-28 00:00:00,1920.3976,2578.1455,1903.2687
forecast_5737,2025-08-28 01:00:00,1980.6954,2463.065,2015.9478
forecast_5738,2025-08-28 02:00:00,2083.6184,2361.973,1805.5205
forecast_5739,2025-08-28 03:00:00,2393.589,2477.3171,1897.1959
forecast_5740,2025-08-28 04:00:00,2526.061,2471.415,1822.6786
forecast_5741,2025-08-28 05:00:00,2583.3032,2450.6108,1796.0726
forecast_5742,2025-08-28 06:00:00,2501.2192,2309.2993,1656.7645
forecast_5743,2025-08-28 07:00:00,2252.5063,2084.054,1468.464
forecast_5744,2025-08-28 08:00:00,1788.9142,1829.5632,1211.7134
forecast_5745,2025-08-28 09:00:00,1330.0004,1593.2372,980.7064
forecast_5746,2025-08-28 10:00:00,1040.9784,1354.0315,830.165
forecast_5747,2025-08-28 11:00:00,871.3885,1138.6589,747.6452
forecast_5748,2025-08-28 12:00:00,777.9087,986.3328,694.7575
forecast_5749,2025-08-28 13:00:00,726.33716,896.145,652.1391
forecast_5750,2025-08-28 14:00:00,701.61163,851.5129,611.3804
forecast_5751,2025-08-28 15:00:00,703.48645,842.2297,580.61017
forecast_5752,2025-08-28 16:00:00,731.742,868.27344,568.8561
forecast_5753,2025-08-28 17:00:00,783.81464,942.44495,578.62823
forecast_5754,2025-08-28 18:00:00,866.78467,1092.8169,606.80304
forecast_5755,2025-08-28 19:00:00,1001.44214,1344.3387,650.61804
forecast_5756,2025-08-28 20:00:00,1212.2028,1655.1921,712.05756
forecast_5757,2025-08-28 21:00:00,1489.5208,1946.7872,802.46124
forecast_5758,2025-08-28 22:00:00,1761.2665,2195.9846,967.2855
forecast_5759,2025-08-28 23:00:00,1985.5068,2405.8167,1359.5962
forecast_5760,2025-08-29 00:00:00,2111.1304,2576.7432,1993.0287
forecast_5761,2025-08-29 01:00:00,2158.25,2464.8572,2041.0112
forecast_5762,2025-08-29 02:00:00,2205.4011,2364.2793,1814.22
forecast_5763,2025-08-29 03:00:00,2467.552,2479.7427,1893.6296
forecast_5764,2025-08-29 04:00:00,2570.1309,2473.2495,1819.3269
forecast_5765,2025-08-29 05:00:00,2612.2976,2451.3076,1791.2749
forecast_5766,2025-08-29 06:00:00,2523.4893,2308.4792,1653.5424
forecast_5767,2025-08-29 07:00:00,2272.0845,2082.8428,1472.5278
forecast_5768,2025-08-29 08:00:00,1804.7506,1829.8323,1228.5526
forecast_5769,2025-08-29 09:00:00,1339.8912,1595.4617,1005.36505
forecast_5770,2025-08-29 10:00:00,1047.3953,1357.8485,854.2475
forecast_5771,2025-08-29 11:00:00,876.0692,1142.7606,769.40955
forecast_5772,2025-08-29 12:00:00,783.11365,989.7298,715.3733
forecast_5773,2025-08-29 13:00:00,735.45654,898.7713,673.7662
forecast_5774,2025-08-29 14:00:00,716.80365,853.56525,634.0746
forecast_5775,2025-08-29 15:00:00,721.88007,843.8916,603.8314
forecast_5776,2025-08-29 16:00:00,749.81116,869.61127,591.8387
forecast_5777,2025-08-29 17:00:00,802.92865,943.3404,600.8995
forecast_5778,2025-08-29 18:00:00,892.6828,1092.8201,628.5407
forecast_5779,2025-08-29 19:00:00,1043.4318,1342.7954,672.9482
forecast_5780,2025-08-29 20:00:00,1286.2646,1652.4415,737.2074
forecast_5781,2025-08-29 21:00:00,1619.1362,1944.0204,835.8184
forecast_5782,2025-08-29 22:00:00,1944.5143,2193.91,1025.2638
forecast_5783,2025-08-29 23:00:00,2193.0615,2404.6123,1462.194
forecast_5784,2025-08-30 00:00:00,2314.8718,2576.0918,2064.4797
forecast_5785,2025-08-30 01:00:00,2317.684,2467.3154,2059.4673
forecast_5786,2025-08-30 02:00:00,2298.1597,2367.1914,1818.4819
forecast_5787,2025-08-30 03:00:00,2519.6262,2482.7637,1888.4286
forecast_5788,2025-08-30 04:00:00,2600.967,2475.6611,1814.3235
forecast_5789,2025-08-30 05:00:00,2632.54,2452.5762,1784.2892
forecast_5790,2025-08-30 06:00:00,2539.1577,2308.2256,1647.6844
forecast_5791,2025-08-30 07:00:00,2286.152,2082.179,1471.4734
forecast_5792,2025-08-30 08:00:00,1816.5319,1830.5444,1236.1812
forecast_5793,2025-08-30 09:00:00,1347.4,1597.9795,1021.08734
forecast_5794,2025-08-30 10:00:00,1052.1227,1361.8219,872.1605
forecast_5795,2025-08-30 11:00:00,878.98914,1146.9603,787.1727
forecast_5796,2025-08-30 12:00:00,785.3135,993.21796,733.0018
forecast_5797,2025-08-30 13:00:00,738.09546,901.4899,692.6963
forecast_5798,2025-08-30 14:00:00,720.90594,855.7136,654.6964
forecast_5799,2025-08-30 15:00:00,727.7895,845.65985,624.6385
forecast_5800,2025-08-30 16:00:00,757.7427,871.0823,612.51953
forecast_5801,2025-08-30 17:00:00,814.4769,944.42303,621.15985
forecast_5802,2025-08-30 18:00:00,911.7465,1093.1088,648.73334
forecast_5803,2025-08-30 19:00:00,1078.2622,1341.6681,694.2307
forecast_5804,2025-08-30 20:00:00,1354.7924,1650.1942,762.1686
forecast_5805,2025-08-30 21:00:00,1749.8429,1941.8018,870.3696
forecast_5806,2025-08-30 22:00:00,2130.5903,2192.4355,1086.6382
forecast_5807,2025-08-30 23:00:00,2394.1692,2404.0774,1558.8171
forecast_5808,2025-08-31 00:00:00,2504.5444,2576.178,2121.717
forecast_5809,2025-08-31 01:00:00,2446.1638,2470.4238,2072.7515
forecast_5810,2025-08-31 02:00:00,2366.1843,2370.693,1819.6641
forecast_5811,2025-08-31 03:00:00,2556.43,2486.3572,1882.3032
forecast_5812,2025-08-31 04:00:00,2622.885,2478.627,1808.2319
forecast_5813,2025-08-31 05:00:00,2646.9485,2454.3896,1776.1531
forecast_5814,2025-08-31 06:00:00,2550.4456,2308.5122,1640.5175
forecast_5815,2025-08-31 07:00:00,2296.524,2082.0325,1467.5948
forecast_5816,2025-08-31 08:00:00,1825.5184,1831.6743,1238.244
forecast_5817,2025-08-31 09:00:00,1353.294,1600.7708,1030.0729
forecast_5818,2025-08-31 10:00:00,1055.8331,1365.936,884.72766
forecast_5819,2025-08-31 11:00:00,881.0884,1151.2444,801.09534
forecast_5820,2025-08-31 12:00:00,786.512,996.78577,747.7497
forecast_5821,2025-08-31 13:00:00,739.0381,904.2917,709.0584
forecast_5822,2025-08-31 14:00:00,722.09314,857.9507,673.3042
forecast_5823,2025-08-31 15:00:00,729.75616,847.5281,643.78577
forecast_5824,2025-08-31 16:00:00,761.3349,872.679,631.3959
forecast_5825,2025-08-31 17:00:00,821.15875,945.68396,639.86743
forecast_5826,2025-08-31 18:00:00,924.452,1093.6713,667.73785
forecast_5827,2025-08-31 19:00:00,1104.1041,1340.945,714.9458
forecast_5828,2025-08-31 20:00:00,1411.27,1648.4417,787.34393
forecast_5829,2025-08-31 21:00:00,1865.3158,1940.1274,906.2703
forecast_5830,2025-08-31 22:00:00,2294.6216,2191.5603,1150.6836
forecast_5831,2025-08-31 23:00:00,2565.0686,2404.207,1647.4435
forecast_5832,2025-09-01 00:00:00,2661.1433,2576.99,2168.0996
forecast_5833,2025-09-01 01:00:00,2566.4219,2512.3574,2086.9297
forecast_5834,2025-09-01 02:00:00,2460.0967,2408.366,1815.5267
forecast_5835,2025-09-01 03:00:00,2637.6045,2537.6619,1861.54
forecast_5836,2025-09-01 04:00:00,2699.0173,2533.4104,1782.6232
forecast_5837,2025-09-01 05:00:00,2723.1008,2521.2883,1745.715
forecast_5838,2025-09-01 06:00:00,2631.2937,2386.5312,1615.9371
forecast_5839,2025-09-01 07:00:00,2389.59,2161.8857,1451.6653
forecast_5840,2025-09-01 08:00:00,1920.5094,1894.1462,1229.5168
forecast_5841,2025-09-01 09:00:00,1416.5447,1642.3467,1018.5519
forecast_5842,2025-09-01 10:00:00,1094.4501,1389.1589,867.2579
forecast_5843,2025-09-01 11:00:00,907.80316,1163.9315,781.6669
forecast_5844,2025-09-01 12:00:00,807.12463,1006.6968,730.9951
forecast_5845,2025-09-01 13:00:00,756.7688,914.46124,697.0923
forecast_5846,2025-09-01 14:00:00,738.5206,869.6492,667.38513
forecast_5847,2025-09-01 15:00:00,746.30597,862.2186,641.6861
forecast_5848,2025-09-01 16:00:00,779.8091,893.33954,629.4519
forecast_5849,2025-09-01 17:00:00,844.2909,978.32196,636.12384
forecast_5850,2025-09-01 18:00:00,957.4589,1148.3807,660.7489
forecast_5851,2025-09-01 19:00:00,1156.243,1423.8156,703.0595
forecast_5852,2025-09-01 20:00:00,1485.7242,1747.3337,768.0159
forecast_5853,2025-09-01 21:00:00,1910.6013,2043.4666,874.685
forecast_5854,2025-09-01 22:00:00,2250.0042,2297.9763,1093.2207
forecast_5855,2025-09-01 23:00:00,2460.307,2516.682,1541.0625
forecast_5856,2025-09-02 00:00:00,2527.39,2698.9136,2042.7266
forecast_5857,2025-09-02 01:00:00,2468.4329,2562.651,1999.163
forecast_5858,2025-09-02 02:00:00,2398.666,2451.2957,1760.0143
forecast_5859,2025-09-02 03:00:00,2594.5376,2566.2388,1825.1362
forecast_5860,2025-09-02 04:00:00,2668.7869,2560.0144,1755.5667
forecast_5861,2025-09-02 05:00:00,2699.2856,2542.5776,1726.3284
forecast_5862,2025-09-02 06:00:00,2611.2964,2404.9673,1601.8379
forecast_5863,2025-09-02 07:00:00,2371.5747,2176.042,1443.054
forecast_5864,2025-09-02 08:00:00,1905.924,1905.5096,1226.6997
forecast_5865,2025-09-02 09:00:00,1407.6172,1652.1141,1023.0398
forecast_5866,2025-09-02 10:00:00,1088.8961,1397.7024,877.4303
forecast_5867,2025-09-02 11:00:00,903.846,1170.7129,795.245
forecast_5868,2025-09-02 12:00:00,803.7442,1011.7931,747.21094
forecast_5869,2025-09-02 13:00:00,753.3951,918.34064,715.3063
forecast_5870,2025-09-02 14:00:00,734.7061,872.71893,686.8831
forecast_5871,2025-09-02 15:00:00,741.6586,864.8107,660.41254
forecast_5872,2025-09-02 16:00:00,773.4755,895.69977,646.3092
forecast_5873,2025-09-02 17:00:00,834.77356,980.53705,652.40027
forecast_5874,2025-09-02 18:00:00,942.5598,1150.231,678.0329
forecast_5875,2025-09-02 19:00:00,1134.6589,1424.7721,723.0012
forecast_5876,2025-09-02 20:00:00,1468.662,1747.5696,792.791
forecast_5877,2025-09-02 21:00:00,1933.8475,2043.9136,910.1375
forecast_5878,2025-09-02 22:00:00,2352.3416,2299.244,1152.6378
forecast_5879,2025-09-02 23:00:00,2617.5305,2518.8652,1612.3484
forecast_5880,2025-09-03 00:00:00,2704.7031,2701.5188,2080.8691
forecast_5881,2025-09-03 01:00:00,2582.338,2567.719,2005.9227
forecast_5882,2025-09-03 02:00:00,2460.482,2456.2979,1758.627
forecast_5883,2025-09-03 03:00:00,2629.7583,2571.1887,1818.997
forecast_5884,2025-09-03 04:00:00,2691.1768,2564.2275,1749.0424
forecast_5885,2025-09-03 05:00:00,2714.7236,2545.619,1718.2268
forecast_5886,2025-09-03 06:00:00,2623.6228,2406.3074,1594.0842
forecast_5887,2025-09-03 07:00:00,2382.8818,2176.46,1436.1401
forecast_5888,2025-09-03 08:00:00,1915.9873,1906.8142,1222.0131
forecast_5889,2025-09-03 09:00:00,1414.3558,1654.9144,1022.198
forecast_5890,2025-09-03 10:00:00,1093.1963,1401.6447,880.06104
forecast_5891,2025-09-03 11:00:00,906.50964,1174.7604,799.7337
forecast_5892,2025-09-03 12:00:00,805.5608,1015.2027,753.36194
forecast_5893,2025-09-03 13:00:00,755.1138,921.08954,723.3355
forecast_5894,2025-09-03 14:00:00,736.8125,874.97235,697.625
forecast_5895,2025-09-03 15:00:00,744.4963,866.729,673.6634
forecast_5896,2025-09-03 16:00:00,777.8722,897.3654,660.43207
forecast_5897,2025-09-03 17:00:00,842.6162,981.91034,666.7416
forecast_5898,2025-09-03 18:00:00,957.96497,1151.0504,693.24207
forecast_5899,2025-09-03 19:00:00,1167.5914,1424.7202,740.3494
forecast_5900,2025-09-03 20:00:00,1542.903,1747.1533,814.591
forecast_5901,2025-09-03 21:00:00,2072.5337,2044.113,943.1651
forecast_5902,2025-09-03 22:00:00,2520.1487,2300.62,1209.616
forecast_5903,2025-09-03 23:00:00,2775.7412,2521.4927,1677.3234
forecast_5904,2025-09-04 00:00:00,2843.0825,2704.9255,2113.3386
forecast_5905,2025-09-04 01:00:00,2667.232,2573.4702,2010.5596
forecast_5906,2025-09-04 02:00:00,2506.206,2461.8943,1756.5857
forecast_5907,2025-09-04 03:00:00,2655.9163,2576.711,1812.9645
forecast_5908,2025-09-04 04:00:00,2708.1416,2568.9917,1742.6454
forecast_5909,2025-09-04 05:00:00,2726.5842,2549.2073,1710.418
forecast_5910,2025-09-04 06:00:00,2633.2415,2408.192,1586.5353
forecast_5911,2025-09-04 07:00:00,2391.8303,2177.407,1429.0361
forecast_5912,2025-09-04 08:00:00,1924.0989,1908.5577,1216.5929
forecast_5913,2025-09-04 09:00:00,1419.8685,1658.0117,1020.0026
forecast_5914,2025-09-04 10:00:00,1096.673,1405.7488,881.0671
forecast_5915,2025-09-04 11:00:00,908.4967,1178.9053,802.672
forecast_5916,2025-09-04 12:00:00,806.63727,1018.70374,758.081
forecast_5917,2025-09-04 13:00:00,755.8235,923.9358,729.9872
forecast_5918,2025-09-04 14:00:00,737.52155,877.32965,706.8714
forecast_5919,2025-09-04 15:00:00,745.6247,868.7659,685.65564
forecast_5920,2025-09-04 16:00:00,780.2198,899.1832,673.7239
forecast_5921,2025-09-04 17:00:00,847.68567,983.49915,680.61633
forecast_5922,2025-09-04 18:00:00,969.019,1152.1978,708.1662
forecast_5923,2025-09-04 19:00:00,1193.1224,1425.1359,757.5215
forecast_5924,2025-09-04 20:00:00,1603.933,1747.2969,836.59283
forecast_5925,2025-09-04 21:00:00,2185.5894,2044.9297,977.3213
forecast_5926,2025-09-04 22:00:00,2651.0483,2302.675,1266.4247
forecast_5927,2025-09-04 23:00:00,2895.219,2524.8638,1735.7979
forecast_5928,2025-09-05 00:00:00,2946.7214,2709.121,2141.3157
forecast_5929,2025-09-05 01:00:00,2730.1672,2579.888,2013.577
forecast_5930,2025-09-05 02:00:00,2540.669,2468.066,1754.2078
forecast_5931,2025-09-05 03:00:00,2675.9128,2582.785,1807.162
forecast_5932,2025-09-05 04:00:00,2721.4402,2574.286,1736.5105
forecast_5933,2025-09-05 05:00:00,2736.068,2553.3206,1703.0183
forecast_5934,2025-09-05 06:00:00,2641.0862,2410.5947,1579.2998
forecast_5935,2025-09-05 07:00:00,2399.2385,2178.856,1421.952
forecast_5936,2025-09-05 08:00:00,1930.9166,1910.7122,1210.82
forecast_5937,2025-09-05 09:00:00,1424.567,1661.3839,1016.9975
forecast_5938,2025-09-05 10:00:00,1099.6233,1409.9963,880.95825
forecast_5939,2025-09-05 11:00:00,910.107,1183.1333,804.4519
forecast_5940,2025-09-05 12:00:00,807.3842,1022.28455,761.63776
forecast_5941,2025-09-05 13:00:00,756.1799,926.8701,735.4856
forecast_5942,2025-09-05 14:00:00,737.8017,879.7855,714.8336
forecast_5943,2025-09-05 15:00:00,746.1956,870.91736,696.4454
forecast_5944,2025-09-05 16:00:00,781.7426,901.1461,686.1784
forecast_5945,2025-09-05 17:00:00,851.36743,985.29553,693.9477
forecast_5946,2025-09-05 18:00:00,977.50757,1153.6644,722.7316
forecast_5947,2025-09-05 19:00:00,1213.5536,1426.0114,774.5095
forecast_5948,2025-09-05 20:00:00,1654.035,1747.9958,858.8698
forecast_5949,2025-09-05 21:00:00,2275.7095,2046.3656,1012.4729
forecast_5950,2025-09-05 22:00:00,2751.2327,2305.411,1322.2983
forecast_5951,2025-09-05 23:00:00,2984.7905,2528.9756,1788.3098
forecast_5952,2025-09-06 00:00:00,3024.1614,2714.0942,2165.7017
forecast_5953,2025-09-06 01:00:00,2777.564,2586.956,2015.4098
forecast_5954,2025-09-06 02:00:00,2567.3599,2474.7957,1751.7241
forecast_5955,2025-09-06 03:00:00,2691.7283,2589.3923,1801.6871
forecast_5956,2025-09-06 04:00:00,2732.276,2580.091,1730.7421
forecast_5957,2025-09-06 05:00:00,2743.9976,2557.9375,1696.1097
forecast_5958,2025-09-06 06:00:00,2647.7998,2413.4956,1572.4578
forecast_5959,2025-09-06 07:00:00,2405.6687,2180.782,1415.0461
forecast_5960,2025-09-06 08:00:00,1936.9056,1913.2543,1204.9637
forecast_5961,2025-09-06 09:00:00,1428.7345,1665.0112,1013.5703
forecast_5962,2025-09-06 10:00:00,1102.2324,1414.372,880.12775
forecast_5963,2025-09-06 11:00:00,911.49493,1187.4305,805.4025
forecast_5964,2025-09-06 12:00:00,807.9713,1025.9349,764.28217
forecast_5965,2025-09-06 13:00:00,756.4034,929.8855,740.03345
forecast_5966,2025-09-06 14:00:00,737.95087,882.3342,721.7175
forecast_5967,2025-09-06 15:00:00,746.59576,873.1775,706.10944
forecast_5968,2025-09-06 16:00:00,782.952,903.2495,697.83215
forecast_5969,2025-09-06 17:00:00,854.4007,987.29425,706.7337
forecast_5970,2025-09-06 18:00:00,984.60803,1155.4423,736.9376
forecast_5971,2025-09-06 19:00:00,1230.843,1427.3413,791.3595
forecast_5972,2025-09-06 20:00:00,1696.3214,1749.2506,881.4586
forecast_5973,2025-09-06 21:00:00,2348.2712,2048.421,1048.4065
forecast_5974,2025-09-06 22:00:00,2828.7595,2308.8298,1376.645
forecast_5975,2025-09-06 23:00:00,3053.1836,2533.8264,1835.5415
forecast_5976,2025-09-07 00:00:00,3083.11,2719.8394,2187.1921
forecast_5977,2025-09-07 01:00:00,2814.239,2594.665,2016.431
forecast_5978,2025-09-07 02:00:00,2588.6978,2482.07,1749.3093
forecast_5979,2025-09-07 03:00:00,2704.7153,2596.517,1796.616
forecast_5980,2025-09-07 04:00:00,2741.4788,2586.3896,1725.4183
forecast_5981,2025-09-07 05:00:00,2750.946,2563.0417,1689.7482
forecast_5982,2025-09-07 06:00:00,2653.8284,2416.875,1566.0692
forecast_5983,2025-09-07 07:00:00,2411.5159,2183.1638,1408.4338
forecast_5984,2025-09-07 08:00:00,1942.3899,1916.1631,1199.2144
forecast_5985,2025-09-07 09:00:00,1432.569,1668.8752,1009.99054
forecast_5986,2025-09-07 10:00:00,1104.6215,1418.8612,878.8737
forecast_5987,2025-09-07 11:00:00,912.749,1191.7856,805.78687
forecast_5988,2025-09-07 12:00:00,808.4804,1029.6458,766.2348
forecast_5989,2025-09-07 13:00:00,756.58417,932.9756,743.8148
forecast_5990,2025-09-07 14:00:00,738.079,884.97174,727.7073
forecast_5991,2025-09-07 15:00:00,746.97424,875.54333,714.76575
forecast_5992,2025-09-07 16:00:00,784.07874,905.48914,708.70526
forecast_5993,2025-09-07 17:00:00,857.17224,989.4896,719.0058
forecast_5994,2025-09-07 18:00:00,991.0241,1157.5271,750.8194
forecast_5995,2025-09-07 19:00:00,1246.3503,1429.1217,808.1051
forecast_5996,2025-09-07 20:00:00,1733.446,1751.0618,904.3446
forecast_5997,2025-09-07 21:00:00,2408.2788,2051.1025,1084.8864
forecast_5998,2025-09-07 22:00:00,2890.3728,2312.9365,1429.0648
forecast_5999,2025-09-07 23:00:00,3106.9824,2539.4192,1878.2137
forecast_6000,2025-09-08 00:00:00,3129.2688,2726.3508,2206.349
forecast_6001,2025-09-08 01:00:00,2843.5535,2603.0032,2016.9552
forecast_6002,2025-09-08 02:00:00,2606.3467,2489.8755,1747.0947
forecast_6003,2025-09-08 03:00:00,2715.808,2604.144,1792.0125
forecast_6004,2025-09-08 04:00:00,2749.6375,2593.1685,1720.6028
forecast_6005,2025-09-08 05:00:00,2757.3186,2568.6182,1683.9749
forecast_6006,2025-09-08 06:00:00,2659.4863,2420.7178,1560.1832
forecast_6007,2025-09-08 07:00:00,2417.053,2185.9832,1402.2039
forecast_6008,2025-09-08 08:00:00,1947.5961,1919.42,1193.7064
forecast_6009,2025-09-08 09:00:00,1436.209,1672.9635,1006.4459
forecast_6010,2025-09-08 10:00:00,1106.8711,1423.4521,877.41833
forecast_6011,2025-09-08 11:00:00,913.92163,1196.1888,805.8118
forecast_6012,2025-09-08 12:00:00,808.9552,1033.4097,767.6837
forecast_6013,2025-09-08 13:00:00,756.76337,936.13525,746.99347
forecast_6014,2025-09-08 14:00:00,738.23315,887.6939,732.9667
forecast_6015,2025-09-08 15:00:00,747.3966,878.0114,722.55725
forecast_6016,2025-09-08 16:00:00,785.2356,907.8626,718.82043
forecast_6017,2025-09-08 17:00:00,859.8953,991.8782,730.7769
forecast_6018,2025-09-08 18:00:00,997.1758,1159.9156,764.392
forecast_6019,2025-09-08 19:00:00,1260.9692,1431.3522,824.74774
forecast_6020,2025-09-08 20:00:00,1767.3724,1753.4331,927.48846
forecast_6021,2025-09-08 21:00:00,2459.5857,2054.4155,1121.6902
forecast_6022,2025-09-08 22:00:00,2940.9866,2317.7385,1479.3365
forecast_6023,2025-09-08 23:00:00,3150.7485,2545.7551,1917.0161
forecast_6024,2025-09-09 00:00:00,3166.598,2733.6243,2223.6357
forecast_6025,2025-09-09 01:00:00,2867.8005,2611.9614,2017.2443
forecast_6026,2025-09-09 02:00:00,2621.463,2498.2007,1745.1809
forecast_6027,2025-09-09 03:00:00,2725.6648,2612.2612,1787.9283
forecast_6028,2025-09-09 04:00:00,2757.1719,2600.412,1716.3414
forecast_6029,2025-09-09 05:00:00,2763.4084,2574.6528,1678.8198
forecast_6030,2025-09-09 06:00:00,2665.0015,2425.0095,1554.8358
forecast_6031,2025-09-09 07:00:00,2422.4766,2189.2239,1396.4224
forecast_6032,2025-09-09 08:00:00,1952.6858,1923.009,1188.537
forecast_6033,2025-09-09 09:00:00,1439.7496,1677.261,1003.0671
forecast_6034,2025-09-09 10:00:00,1109.0369,1428.1346,875.92377
forecast_6035,2025-09-09 11:00:00,915.04675,1200.6293,805.6381
forecast_6036,2025-09-09 12:00:00,809.4189,1037.2186,768.78455
forecast_6037,2025-09-09 13:00:00,756.9622,939.3598,749.7124
forecast_6038,2025-09-09 14:00:00,738.43463,890.49774,737.6424
forecast_6039,2025-09-09 15:00:00,747.89465,880.57996,729.62415
forecast_6040,2025-09-09 16:00:00,786.4833,910.36725,728.23083
forecast_6041,2025-09-09 17:00:00,862.6918,994.4585,742.0464
forecast_6042,2025-09-09 18:00:00,1003.32104,1162.6049,777.6491
forecast_6043,2025-09-09 19:00:00,1275.2883,1434.0321,841.2754
forecast_6044,2025-09-09 20:00:00,1799.4775,1756.3698,950.8563
forecast_6045,2025-09-09 21:00:00,2504.9563,2058.3699,1158.6355
forecast_6046,2025-09-09 22:00:00,2984.016,2323.2456,1527.3815
forecast_6047,2025-09-09 23:00:00,3187.5793,2552.84,1952.5793
forecast_6048,2025-09-10 00:00:00,3197.81,2741.6594,2239.4492
forecast_6049,2025-09-10 01:00:00,2888.5486,2621.5317,2017.5143
forecast_6050,2025-09-10 02:00:00,2634.8591,2507.0356,1743.6473
forecast_6051,2025-09-10 03:00:00,2734.7568,2620.8577,1784.4075
forecast_6052,2025-09-10 04:00:00,2764.3901,2608.1108,1712.6708
forecast_6053,2025-09-10 05:00:00,2769.4302,2581.1343,1674.3066
forecast_6054,2025-09-10 06:00:00,2670.539,2429.7366,1550.0593
forecast_6055,2025-09-10 07:00:00,2427.928,2192.8706,1391.1407
forecast_6056,2025-09-10 08:00:00,1957.773,1926.9148,1183.7736
forecast_6057,2025-09-10 09:00:00,1443.2609,1681.755,999.94366
forecast_6058,2025-09-10 10:00:00,1111.1559,1432.8978,874.5063
forecast_6059,2025-09-10 11:00:00,916.14557,1205.1001,805.39197
forecast_6060,2025-09-10 12:00:00,809.88635,1041.0668,769.66583
forecast_6061,2025-09-10 13:00:00,757.1909,942.64435,752.0931
forecast_6062,2025-09-10 14:00:00,738.69415,893.3811,741.8652
forecast_6063,2025-09-10 15:00:00,748.4844,883.24646,736.0956
forecast_6064,2025-09-10 16:00:00,787.8562,913.0012,737.0207
forecast_6065,2025-09-10 17:00:00,865.63745,997.2289,752.82996
forecast_6066,2025-09-10 18:00:00,1009.6289,1165.595,790.5888
forecast_6067,2025-09-10 19:00:00,1289.7062,1437.1641,857.69037
forecast_6068,2025-09-10 20:00:00,1830.7241,1759.8784,974.43604
forecast_6069,2025-09-10 21:00:00,2546.327,2062.9749,1195.5771
forecast_6070,2025-09-10 22:00:00,3021.8142,2329.464,1573.2317
forecast_6071,2025-09-10 23:00:00,3219.589,2560.6797,1985.4655
forecast_6072,2025-09-11 00:00:00,3224.7744,2750.4546,2254.13
forecast_6073,2025-09-11 01:00:00,2906.8845,2631.709,2017.9403
forecast_6074,2025-09-11 02:00:00,2647.118,2516.371,1742.5594
forecast_6075,2025-09-11 03:00:00,2743.4292,2629.9224,1781.4862
forecast_6076,2025-09-11 04:00:00,2771.5237,2616.2534,1709.619
forecast_6077,2025-09-11 05:00:00,2775.5469,2588.0554,1670.4542
forecast_6078,2025-09-11 06:00:00,2676.2234,2434.8901,1545.8784
forecast_6079,2025-09-11 07:00:00,2433.5085,2196.911,1386.3999
forecast_6080,2025-09-11 08:00:00,1962.9402,1931.1254,1179.4673
forecast_6081,2025-09-11 09:00:00,1446.7897,1686.4358,997.13873
forecast_6082,2025-09-11 10:00:00,1113.254,1437.7319,873.2489
forecast_6083,2025-09-11 11:00:00,917.2318,1209.592,805.1708
forecast_6084,2025-09-11 12:00:00,810.36487,1044.9481,770.4335
forecast_6085,2025-09-11 13:00:00,757.45526,945.98627,754.23883
forecast_6086,2025-09-11 14:00:00,739.01733,896.3415,745.7489
forecast_6087,2025-09-11 15:00:00,749.1757,886.01074,742.0908
forecast_6088,2025-09-11 16:00:00,789.37683,915.76483,745.2859
forecast_6089,2025-09-11 17:00:00,868.782,1000.18835,763.1735
forecast_6090,2025-09-11 18:00:00,1016.2142,1168.8861,803.23413
forecast_6091,2025-09-11 19:00:00,1304.5054,1440.7521,874.02
forecast_6092,2025-09-11 20:00:00,1861.7814,1763.9664,998.2317
forecast_6093,2025-09-11 21:00:00,2585.0493,2068.2422,1232.4048
forecast_6094,2025-09-11 22:00:00,3056.0098,2336.407,1617.0022
forecast_6095,2025-09-11 23:00:00,3248.245,2569.2783,2016.1703
forecast_6096,2025-09-12 00:00:00,3248.7932,2760.0105,2267.9756
forecast_6097,2025-09-12 01:00:00,2923.5754,2642.4875,2018.6685
forecast_6098,2025-09-12 02:00:00,2658.666,2526.2,1741.9706
forecast_6099,2025-09-12 03:00:00,2751.9407,2639.4482,1779.195
forecast_6100,2025-09-12 04:00:00,2778.7458,2624.8335,1707.2104
forecast_6101,2025-09-12 05:00:00,2781.881,2595.405,1667.2794
forecast_6102,2025-09-12 06:00:00,2682.1482,2440.46,1542.3162
forecast_6103,2025-09-12 07:00:00,2439.2974,2201.334,1382.2303
forecast_6104,2025-09-12 08:00:00,1968.2479,1935.6272,1175.6556
forecast_6105,2025-09-12 09:00:00,1450.3717,1691.2922,994.69867
forecast_6106,2025-09-12 10:00:00,1115.3496,1442.628,872.21173
forecast_6107,2025-09-12 11:00:00,918.3144,1214.0981,805.05133
forecast_6108,2025-09-12 12:00:00,810.86005,1048.8567,771.17456
forecast_6109,2025-09-12 13:00:00,757.75836,949.381,756.237
forecast_6110,2025-09-12 14:00:00,739.40753,899.37714,749.3915
forecast_6111,2025-09-12 15:00:00,749.9744,888.87115,747.719
forecast_6112,2025-09-12 16:00:00,791.059,918.6564,753.12213
forecast_6113,2025-09-12 17:00:00,872.1604,1003.3379,773.14264
forecast_6114,2025-09-12 18:00:00,1023.1605,1172.4805,815.6332
forecast_6115,2025-09-12 19:00:00,1319.8954,1444.7994,890.31085
forecast_6116,2025-09-12 20:00:00,1893.1278,1768.6433,1022.2576
forecast_6117,2025-09-12 21:00:00,2622.0664,2074.183,1269.046
forecast_6118,2025-09-12 22:00:00,3087.7434,2344.0862,1658.8696
forecast_6119,2025-09-12 23:00:00,3274.583,2578.6458,2045.1311
forecast_6120,2025-09-13 00:00:00,3270.7908,2770.3281,2281.2446
forecast_6121,2025-09-13 01:00:00,2939.1714,2653.8633,2019.8156
forecast_6122,2025-09-13 02:00:00,2669.818,2536.5154,1741.9244
forecast_6123,2025-09-13 03:00:00,2760.4885,2649.427,1777.5588
forecast_6124,2025-09-13 04:00:00,2786.197,2633.8428,1705.4646
forecast_6125,2025-09-13 05:00:00,2788.5312,2603.1777,1664.7937
forecast_6126,2025-09-13 06:00:00,2688.3867,2446.4414,1539.391
forecast_6127,2025-09-13 07:00:00,2445.351,2206.1287,1378.6588
forecast_6128,2025-09-13 08:00:00,1973.7401,1940.4116,1172.367
forecast_6129,2025-09-13 09:00:00,1454.0312,1696.315,992.6572
forecast_6130,2025-09-13 10:00:00,1117.455,1447.5784,871.4379
forecast_6131,2025-09-13 11:00:00,919.39874,1218.6106,805.08997
forecast_6132,2025-09-13 12:00:00,811.3741,1052.7877,771.96124
forecast_6133,2025-09-13 13:00:00,758.10187,952.8266,758.1631
forecast_6134,2025-09-13 14:00:00,739.8658,902.48694,752.8775
forecast_6135,2025-09-13 15:00:00,750.8854,891.8276,753.0802
forecast_6136,2025-09-13 16:00:00,792.91406,921.677,760.6204
forecast_6137,2025-09-13 17:00:00,875.79913,1006.6783,782.8125
forecast_6138,2025-09-13 18:00:00,1030.5332,1176.3807,827.848
forecast_6139,2025-09-13 19:00:00,1336.0396,1449.3136,906.62103
forecast_6140,2025-09-13 20:00:00,1925.1069,1773.9202,1046.5342
forecast_6141,2025-09-13 21:00:00,2658.0483,2080.8115,1305.4642
forecast_6142,2025-09-13 22:00:00,3117.828,2352.5132,1699.0477
forecast_6143,2025-09-13 23:00:00,3299.3513,2588.7898,2072.7246
forecast_6144,2025-09-14 00:00:00,3291.436,2781.4094,2294.1614
forecast_6145,2025-09-14 01:00:00,2954.0823,2665.833,2021.4805
forecast_6146,2025-09-14 02:00:00,2680.816,2547.3123,1742.461
forecast_6147,2025-09-14 03:00:00,2769.2288,2659.8545,1776.5996
forecast_6148,2025-09-14 04:00:00,2793.9856,2643.2778,1704.398
forecast_6149,2025-09-14 05:00:00,2795.5762,2611.3687,1663.0125
forecast_6150,2025-09-14 06:00:00,2694.9993,2452.8254,1537.1217
forecast_6151,2025-09-14 07:00:00,2451.7185,2211.2876,1375.7068
forecast_6152,2025-09-14 08:00:00,1979.4514,1945.4674,1169.6238
forecast_6153,2025-09-14 09:00:00,1457.7881,1701.4944,991.0391
forecast_6154,2025-09-14 10:00:00,1119.5781,1452.5741,870.9609
forecast_6155,2025-09-14 11:00:00,920.48883,1223.123,805.33215
forecast_6156,2025-09-14 12:00:00,811.9086,1056.7361,772.85315
forecast_6157,2025-09-14 13:00:00,758.48663,956.3195,760.082
forecast_6158,2025-09-14 14:00:00,740.3942,905.6696,756.278
forecast_6159,2025-09-14 15:00:00,751.9117,894.8799,758.26483
forecast_6160,2025-09-14 16:00:00,794.9522,924.82684,767.86865
forecast_6161,2025-09-14 17:00:00,879.7202,1010.211,792.25745
forecast_6162,2025-09-14 18:00:00,1038.3871,1180.5912,839.946
forecast_6163,2025-09-14 19:00:00,1353.0746,1454.3016,923.0101
forecast_6164,2025-09-14 20:00:00,1957.9705,1779.8082,1071.0907
forecast_6165,2025-09-14 21:00:00,2693.469,2088.1426,1341.6592
forecast_6166,2025-09-14 22:00:00,3146.854,2361.7031,1737.7749
forecast_6167,2025-09-14 23:00:00,3323.0999,2599.718,2099.2776
forecast_6168,2025-09-15 00:00:00,3311.2234,2793.2585,2306.9224
forecast_6169,2025-09-15 01:00:00,2968.6135,2678.393,2023.7435
forecast_6170,2025-09-15 02:00:00,2691.8474,2558.5876,1743.6134
forecast_6171,2025-09-15 03:00:00,2778.2864,2670.7253,1776.336
forecast_6172,2025-09-15 04:00:00,2802.2031,2653.1326,1704.026
forecast_6173,2025-09-15 05:00:00,2803.0825,2619.9753,1661.9451
forecast_6174,2025-09-15 06:00:00,2702.0342,2459.6086,1535.5237
forecast_6175,2025-09-15 07:00:00,2458.435,2216.8013,1373.392
forecast_6176,2025-09-15 08:00:00,1985.4093,1950.7865,1167.4441
forecast_6177,2025-09-15 09:00:00,1461.6565,1706.823,989.8643
forecast_6178,2025-09-15 10:00:00,1121.7264,1457.6077,870.8053
forecast_6179,2025-09-15 11:00:00,921.5866,1227.6284,805.81104
forecast_6180,2025-09-15 12:00:00,812.4643,1060.6973,773.89777
forecast_6181,2025-09-15 13:00:00,758.913,959.8576,762.0506
forecast_6182,2025-09-15 14:00:00,740.9935,908.9243,759.6566
forecast_6183,2025-09-15 15:00:00,753.0571,898.02875,763.35284
forecast_6184,2025-09-15 16:00:00,797.1811,928.1084,774.9505
forecast_6185,2025-09-15 17:00:00,883.9428,1013.93964,801.5533
forecast_6186,2025-09-15 18:00:00,1046.7697,1185.1165,851.9955
forecast_6187,2025-09-15 19:00:00,1371.1177,1459.773,939.5414
forecast_6188,2025-09-15 20:00:00,1991.9039,1786.3213,1095.9664
forecast_6189,2025-09-15 21:00:00,2728.6746,2096.1917,1377.6665
forecast_6190,2025-09-15 22:00:00,3175.2566,2371.6694,1775.3002
forecast_6191,2025-09-15 23:00:00,3346.2427,2611.441,2125.0718
forecast_6192,2025-09-16 00:00:00,3330.5266,2805.8809,2319.6968
forecast_6193,2025-09-16 01:00:00,2983.0005,2691.5447,2026.6738
forecast_6194,2025-09-16 02:00:00,2703.0625,2570.3381,1745.4105
forecast_6195,2025-09-16 03:00:00,2787.766,2682.0376,1776.7847
forecast_6196,2025-09-16 04:00:00,2810.9282,2663.4072,1704.3628
forecast_6197,2025-09-16 05:00:00,2811.1074,2628.9941,1661.6058
forecast_6198,2025-09-16 06:00:00,2709.5356,2466.7883,1534.6118
forecast_6199,2025-09-16 07:00:00,2465.5352,2222.6655,1371.7308
forecast_6200,2025-09-16 08:00:00,1991.6356,1956.3604,1165.8425
forecast_6201,2025-09-16 09:00:00,1465.6476,1712.2919,989.1499
forecast_6202,2025-09-16 10:00:00,1123.9042,1462.6707,870.9915
forecast_6203,2025-09-16 11:00:00,922.69354,1232.1207,806.55426
forecast_6204,2025-09-16 12:00:00,813.0415,1064.6669,775.13464
forecast_6205,2025-09-16 13:00:00,759.3819,963.43884,764.11847
forecast_6206,2025-09-16 14:00:00,741.66595,912.25085,763.06714
forecast_6207,2025-09-16 15:00:00,754.32556,901.27454,768.41455
forecast_6208,2025-09-16 16:00:00,799.60925,931.522,781.947
forecast_6209,2025-09-16 17:00:00,888.4857,1017.86664,810.7731
forecast_6210,2025-09-16 18:00:00,1055.7268,1189.9631,864.06744
forecast_6211,2025-09-16 19:00:00,1390.2773,1465.7374,956.28394
forecast_6212,2025-09-16 20:00:00,2027.0469,1793.4738,1121.214
forecast_6213,2025-09-16 21:00:00,2763.9155,2104.976,1413.5514
forecast_6214,2025-09-16 22:00:00,3203.3677,2382.4287,1811.8688
forecast_6215,2025-09-16 23:00:00,3369.098,2623.9705,2150.3474
forecast_6216,2025-09-17 00:00:00,3349.637,2819.2805,2332.633
forecast_6217,2025-09-17 01:00:00,2997.4346,2705.2886,2030.3293
forecast_6218,2025-09-17 02:00:00,2714.585,2582.5632,1747.8784
forecast_6219,2025-09-17 03:00:00,2797.7576,2693.7898,1777.96
forecast_6220,2025-09-17 04:00:00,2820.2305,2674.101,1705.4232
forecast_6221,2025-09-17 05:00:00,2819.7036,2638.4275,1662.0059
forecast_6222,2025-09-17 06:00:00,2717.5427,2474.3616,1534.4016
forecast_6223,2025-09-17 07:00:00,2473.046,2228.8738,1370.7386
forecast_6224,2025-09-17 08:00:00,1998.1495,1962.1821,1164.8331
forecast_6225,2025-09-17 09:00:00,1469.7716,1717.8939,988.90765
forecast_6226,2025-09-17 10:00:00,1126.1141,1467.7555,871.5367
forecast_6227,2025-09-17 11:00:00,923.8105,1236.5931,807.58344
forecast_6228,2025-09-17 12:00:00,813.64056,1068.6407,776.5959
forecast_6229,2025-09-17 13:00:00,759.89343,967.06116,766.329
forecast_6230,2025-09-17 14:00:00,742.41223,915.6488,766.55817
forecast_6231,2025-09-17 15:00:00,755.72174,904.6188,773.5126
forecast_6232,2025-09-17 16:00:00,802.2463,935.0704,788.93384
forecast_6233,2025-09-17 17:00:00,893.3662,1021.99567,819.9924
forecast_6234,2025-09-17 18:00:00,1065.3021,1195.1384,876.2345
forecast_6235,2025-09-17 19:00:00,1410.6556,1472.2059,973.3114
forecast_6236,2025-09-17 20:00:00,2063.501,1801.2812,1146.9006
forecast_6237,2025-09-17 21:00:00,2799.3792,2114.5144,1449.3994
forecast_6238,2025-09-17 22:00:00,3231.4412,2393.9973,1847.7125
forecast_6239,2025-09-17 23:00:00,3391.9211,2637.318,2175.3088
forecast_6240,2025-09-18 00:00:00,3368.784,2833.4666,2345.8606
forecast_6241,2025-09-18 01:00:00,3012.0676,2719.626,2034.7566
forecast_6242,2025-09-18 02:00:00,2726.522,2595.264,1751.041
forecast_6243,2025-09-18 03:00:00,2808.3418,2705.9844,1779.877
forecast_6244,2025-09-18 04:00:00,2830.1726,2685.214,1707.2205
forecast_6245,2025-09-18 05:00:00,2828.9214,2648.2754,1663.1582
forecast_6246,2025-09-18 06:00:00,2726.0925,2482.3308,1534.9082
forecast_6247,2025-09-18 07:00:00,2480.9949,2235.423,1370.4308
forecast_6248,2025-09-18 08:00:00,2004.9697,1968.2454,1164.4282
forecast_6249,2025-09-18 09:00:00,1474.0374,1723.6213,989.15173
forecast_6250,2025-09-18 10:00:00,1128.3611,1472.855,872.45496
forecast_6251,2025-09-18 11:00:00,924.9383,1241.0399,808.9165
forecast_6252,2025-09-18 12:00:00,814.26227,1072.6151,778.3078
forecast_6253,2025-09-18 13:00:00,760.44824,970.7225,768.71924
forecast_6254,2025-09-18 14:00:00,743.23517,919.1182,770.1736
forecast_6255,2025-09-18 15:00:00,757.24963,908.0617,778.7021
forecast_6256,2025-09-18 16:00:00,805.0996,938.75604,795.9811
forecast_6257,2025-09-18 17:00:00,898.6037,1026.332,829.2852
forecast_6258,2025-09-18 18:00:00,1075.5425,1200.6509,888.57336
forecast_6259,2025-09-18 19:00:00,1432.3527,1479.1938,990.7057
forecast_6260,2025-09-18 20:00:00,2101.3403,1809.7622,1173.104
forecast_6261,2025-09-18 21:00:00,2835.2065,2124.8257,1485.3135
forecast_6262,2025-09-18 22:00:00,3259.6812,2406.3926,1883.0453
forecast_6263,2025-09-18 23:00:00,3414.9175,2651.4954,2200.1301
forecast_6264,2025-09-19 00:00:00,3388.1604,2848.447,2359.489
forecast_6265,2025-09-19 01:00:00,3027.0298,2734.5623,2039.999
forecast_6266,2025-09-19 02:00:00,2738.9666,2608.4436,1754.919
forecast_6267,2025-09-19 03:00:00,2819.5916,2718.6226,1782.5493
forecast_6268,2025-09-19 04:00:00,2840.816,2696.7524,1709.7699
forecast_6269,2025-09-19 05:00:00,2838.8086,2658.5413,1665.0769
forecast_6270,2025-09-19 06:00:00,2735.2236,2490.6956,1536.1473
forecast_6271,2025-09-19 07:00:00,2489.4102,2242.3108,1370.8206
forecast_6272,2025-09-19 08:00:00,2012.1123,1974.5461,1164.6393
forecast_6273,2025-09-19 09:00:00,1478.4519,1729.4673,989.89087
forecast_6274,2025-09-19 10:00:00,1130.6466,1477.9614,873.75867
forecast_6275,2025-09-19 11:00:00,926.0773,1245.4554,810.56946
forecast_6276,2025-09-19 12:00:00,814.90625,1076.5864,780.2931
forecast_6277,2025-09-19 13:00:00,761.0473,974.42175,771.32404
forecast_6278,2025-09-19 14:00:00,744.137,922.65924,773.95233
forecast_6279,2025-09-19 15:00:00,758.9157,911.60614,784.03284
forecast_6280,2025-09-19 16:00:00,808.1803,942.58246,803.15436
forecast_6281,2025-09-19 17:00:00,904.2175,1030.8813,838.72546
forecast_6282,2025-09-19 18:00:00,1086.4948,1206.5092,901.1626
forecast_6283,2025-09-19 19:00:00,1455.4712,1486.7141,1008.55396
forecast_6284,2025-09-19 20:00:00,2140.6187,1818.9352,1199.9136
forecast_6285,2025-09-19 21:00:00,2871.5088,2135.9316,1521.3993
forecast_6286,2025-09-19 22:00:00,3288.259,2419.6335,1918.0607
forecast_6287,2025-09-19 23:00:00,3438.2644,2666.5183,2224.9604
forecast_6288,2025-09-20 00:00:00,3407.9265,2864.2341,2373.6165
forecast_6289,2025-09-20 01:00:00,3042.4377,2750.1038,2046.0929
forecast_6290,2025-09-20 02:00:00,2752.0046,2622.1074,1759.533
forecast_6291,2025-09-20 03:00:00,2831.5803,2731.7112,1785.9907
forecast_6292,2025-09-20 04:00:00,2852.2217,2708.7192,1713.0867
forecast_6293,2025-09-20 05:00:00,2849.4143,2669.2322,1667.7749
forecast_6294,2025-09-20 06:00:00,2744.9731,2499.4592,1538.1344
forecast_6295,2025-09-20 07:00:00,2498.319,2249.536,1371.9225
forecast_6296,2025-09-20 08:00:00,2019.5962,1981.0792,1165.4777
forecast_6297,2025-09-20 09:00:00,1483.0245,1735.4266,991.13696
forecast_6298,2025-09-20 10:00:00,1132.974,1483.0685,875.4598
forecast_6299,2025-09-20 11:00:00,927.2285,1249.8341,812.55634
forecast_6300,2025-09-20 12:00:00,815.5739,1080.5511,782.571
forecast_6301,2025-09-20 13:00:00,761.6925,978.15717,774.1718
forecast_6302,2025-09-20 14:00:00,745.12054,926.27234,777.93054
forecast_6303,2025-09-20 15:00:00,760.7252,915.25354,789.5502
forecast_6304,2025-09-20 16:00:00,811.4989,946.5527,810.5137
forecast_6305,2025-09-20 17:00:00,910.2288,1035.649,848.38495
forecast_6306,2025-09-20 18:00:00,1098.2101,1212.7247,914.08344
forecast_6307,2025-09-20 19:00:00,1480.112,1494.7848,1026.9482
forecast_6308,2025-09-20 20:00:00,2181.3677,1828.8212,1227.4205
forecast_6309,2025-09-20 21:00:00,2908.3767,2147.8547,1557.7657
forecast_6310,2025-09-20 22:00:00,3317.3208,2433.742,1952.9297
forecast_6311,2025-09-20 23:00:00,3462.119,2682.4026,2249.925
forecast_6312,2025-09-21 00:00:00,3428.2288,2880.8418,2388.3225
forecast_6313,2025-09-21 01:00:00,3058.3914,2766.2585,2053.0676
forecast_6314,2025-09-21 02:00:00,2765.7197,2636.263,1764.9019
forecast_6315,2025-09-21 03:00:00,2844.3782,2745.2576,1790.2162
forecast_6316,2025-09-21 04:00:00,2864.4504,2721.1248,1717.1879
forecast_6317,2025-09-21 05:00:00,2860.7883,2680.3545,1671.2697
forecast_6318,2025-09-21 06:00:00,2755.382,2508.627,1540.8876
forecast_6319,2025-09-21 07:00:00,2507.7512,2257.0977,1373.7524
forecast_6320,2025-09-21 08:00:00,2027.4391,1987.841,1166.9554
forecast_6321,2025-09-21 09:00:00,1487.764,1741.4927,992.9
forecast_6322,2025-09-21 10:00:00,1135.346,1488.1685,877.5696
forecast_6323,2025-09-21 11:00:00,928.3935,1254.1711,814.89056
forecast_6324,2025-09-21 12:00:00,816.2658,1084.5062,785.1599
forecast_6325,2025-09-21 13:00:00,762.3851,981.928,777.2896
forecast_6326,2025-09-21 14:00:00,746.1898,929.9585,782.14185
forecast_6327,2025-09-21 15:00:00,762.6857,919.0062,795.2961
forecast_6328,2025-09-21 16:00:00,815.06665,950.67114,818.1147
forecast_6329,2025-09-21 17:00:00,916.6607,1040.6427,858.3324
forecast_6330,2025-09-21 18:00:00,1110.7441,1219.3099,927.4163
forecast_6331,2025-09-21 19:00:00,1506.3833,1503.4227,1045.9824
forecast_6332,2025-09-21 20:00:00,2223.608,1839.4445,1255.7191
forecast_6333,2025-09-21 21:00:00,2945.8882,2160.6204,1594.5142
forecast_6334,2025-09-21 22:00:00,3347.001,2448.7385,1987.8035
forecast_6335,2025-09-21 23:00:00,3486.6272,2699.166,2275.132
forecast_6336,2025-09-22 00:00:00,3449.2004,2898.2864,2403.6807
forecast_6337,2025-09-22 01:00:00,3074.9937,2783.0393,2060.9536
forecast_6338,2025-09-22 02:00:00,2780.1936,2650.9197,1771.0447
forecast_6339,2025-09-22 03:00:00,2858.0579,2759.2715,1795.2416
forecast_6340,2025-09-22 04:00:00,2877.5671,2733.978,1722.0914
forecast_6341,2025-09-22 05:00:00,2872.987,2691.9192,1675.5774
forecast_6342,2025-09-22 06:00:00,2766.4932,2518.2063,1544.4242
forecast_6343,2025-09-22 07:00:00,2517.739,2264.9993,1376.3254
forecast_6344,2025-09-22 08:00:00,2035.6617,1994.8297,1169.0848
forecast_6345,2025-09-22 09:00:00,1492.679,1747.6599,995.19037
forecast_6346,2025-09-22 10:00:00,1137.7668,1493.2559,880.0992
forecast_6347,2025-09-22 11:00:00,929.57324,1258.4614,817.584
forecast_6348,2025-09-22 12:00:00,816.9833,1088.4492,788.0753
forecast_6349,2025-09-22 13:00:00,763.12695,985.73315,780.70197
forecast_6350,2025-09-22 14:00:00,747.3486,933.7187,786.6171
forecast_6351,2025-09-22 15:00:00,764.8044,922.86707,801.3083
forecast_6352,2025-09-22 16:00:00,818.8967,954.9419,826.00946
forecast_6353,2025-09-22 17:00:00,923.5386,1045.87,868.6339
forecast_6354,2025-09-22 18:00:00,1124.157,1226.2783,941.24207
forecast_6355,2025-09-22 19:00:00,1534.3938,1512.6497,1065.7512
forecast_6356,2025-09-22 20:00:00,2267.3455,1850.8278,1284.9014
forecast_6357,2025-09-22 21:00:00,2984.1147,2174.253,1631.7417
forecast_6358,2025-09-22 22:00:00,3377.4304,2464.648,2022.8086
forecast_6359,2025-09-22 23:00:00,3511.9307,2716.8296,2300.6704
forecast_6360,2025-09-23 00:00:00,3470.9685,2916.587,2419.7488
forecast_6361,2025-09-23 01:00:00,3092.3384,2800.4612,2069.7754
forecast_6362,2025-09-23 02:00:00,2795.508,2666.0928,1777.9802
forecast_6363,2025-09-23 03:00:00,2872.6948,2773.7673,1801.0837
forecast_6364,2025-09-23 04:00:00,2891.6396,2747.293,1727.8171
forecast_6365,2025-09-23 05:00:00,2886.0664,2703.937,1680.7183
forecast_6366,2025-09-23 06:00:00,2778.3538,2528.2065,1548.7656
forecast_6367,2025-09-23 07:00:00,2528.3157,2273.2432,1379.6586
forecast_6368,2025-09-23 08:00:00,2044.285,2002.0443,1171.8783
forecast_6369,2025-09-23 09:00:00,1497.7795,1753.9248,998.0191
forecast_6370,2025-09-23 10:00:00,1140.2391,1498.3243,883.06024
forecast_6371,2025-09-23 11:00:00,930.7693,1262.701,820.64984
forecast_6372,2025-09-23 12:00:00,817.728,1092.3784,791.33295
forecast_6373,2025-09-23 13:00:00,763.921,989.5729,784.4315
forecast_6374,2025-09-23 14:00:00,748.6019,937.55347,791.3851
forecast_6375,2025-09-23 15:00:00,767.09076,926.8382,807.62415
forecast_6376,2025-09-23 16:00:00,823.00287,959.37067,834.2461
forecast_6377,2025-09-23 17:00:00,930.88995,1051.3389,879.353
forecast_6378,2025-09-23 18:00:00,1138.5167,1233.6443,955.6402
forecast_6379,2025-09-23 19:00:00,1564.2576,1522.4868,1086.347
forecast_6380,2025-09-23 20:00:00,2312.5776,1863.0005,1315.0542
forecast_6381,2025-09-23 21:00:00,3023.1262,2188.7837,1669.5328
forecast_6382,2025-09-23 22:00:00,3408.7397,2481.4963,2058.0537
forecast_6383,2025-09-23 23:00:00,3538.1763,2735.4158,2326.6143
forecast_6384,2025-09-24 00:00:00,3493.6646,2935.768,2436.5781
forecast_6385,2025-09-24 01:00:00,3110.5242,2818.543,2079.5557
forecast_6386,2025-09-24 02:00:00,2811.7505,2681.7974,1785.7286
forecast_6387,2025-09-24 03:00:00,2888.3696,2788.76,1807.762
forecast_6388,2025-09-24 04:00:00,2906.74,2761.0862,1734.3868
forecast_6389,2025-09-24 05:00:00,2900.0903,2716.4258,1686.713
forecast_6390,2025-09-24 06:00:00,2791.0154,2538.6382,1553.9326
forecast_6391,2025-09-24 07:00:00,2539.5222,2281.8352,1383.7701
forecast_6392,2025-09-24 08:00:00,2053.3347,2009.4849,1175.351
forecast_6393,2025-09-24 09:00:00,1503.0784,1760.2823,1001.39825
forecast_6394,2025-09-24 10:00:00,1142.7682,1503.3678,886.46387
forecast_6395,2025-09-24 11:00:00,931.9843,1266.8866,824.0996
forecast_6396,2025-09-24 12:00:00,818.5022,1096.2914,794.9479
forecast_6397,2025-09-24 13:00:00,764.76984,993.4457,788.4997
forecast_6398,2025-09-24 14:00:00,749.9547,941.465,796.47455
forecast_6399,2025-09-24 15:00:00,769.5534,930.9237,814.2775
forecast_6400,2025-09-24 16:00:00,827.40076,963.9624,842.8709
forecast_6401,2025-09-24 17:00:00,938.7462,1057.06,890.5507
forecast_6402,2025-09-24 18:00:00,1153.8972,1241.4252,970.6871
forecast_6403,2025-09-24 19:00:00,1596.092,1532.9609,1107.8628
forecast_6404,2025-09-24 20:00:00,2359.2917,1875.9922,1346.2596
forecast_6405,2025-09-24 21:00:00,3062.9956,2204.242,1707.9614
forecast_6406,2025-09-24 22:00:00,3441.0686,2499.3132,2093.6282
forecast_6407,2025-09-24 23:00:00,3565.5159,2754.9526,2353.0242
forecast_6408,2025-09-25 00:00:00,3517.4185,2955.8564,2454.212
forecast_6409,2025-09-25 01:00:00,3129.6526,2837.3064,2090.3186
forecast_6410,2025-09-25 02:00:00,2829.0134,2698.0547,1794.3102
forecast_6411,2025-09-25 03:00:00,2905.1704,2804.2705,1815.2983
forecast_6412,2025-09-25 04:00:00,2922.9492,2775.3762,1741.8257
forecast_6413,2025-09-25 05:00:00,2915.13,2729.4004,1693.5867
forecast_6414,2025-09-25 06:00:00,2804.5354,2549.5146,1559.9504
forecast_6415,2025-09-25 07:00:00,2551.4006,2290.7825,1388.6807
forecast_6416,2025-09-25 08:00:00,2062.837,2017.1536,1179.5175
forecast_6417,2025-09-25 09:00:00,1508.5858,1766.7306,1005.33997
forecast_6418,2025-09-25 10:00:00,1145.3594,1508.3817,890.3227
forecast_6419,2025-09-25 11:00:00,933.2208,1271.0149,827.94666
forecast_6420,2025-09-25 12:00:00,819.30756,1100.187,798.9353
forecast_6421,2025-09-25 13:00:00,765.6771,997.353,792.92694
forecast_6422,2025-09-25 14:00:00,751.4139,945.4547,801.91187
forecast_6423,2025-09-25 15:00:00,772.20374,935.12695,821.30096
forecast_6424,2025-09-25 16:00:00,832.1072,968.72363,851.9275
forecast_6425,2025-09-25 17:00:00,947.14215,1063.0435,902.28516
forecast_6426,2025-09-25 18:00:00,1170.3824,1249.64,986.4582
forecast_6427,2025-09-25 19:00:00,1630.0175,1544.098,1130.3845
forecast_6428,2025-09-25 20:00:00,2407.4714,1889.835,1378.5895
forecast_6429,2025-09-25 21:00:00,3103.8064,2220.663,1747.0892
forecast_6430,2025-09-25 22:00:00,3474.5703,2518.1301,2129.605
forecast_6431,2025-09-25 23:00:00,3594.1167,2775.469,2379.9502
forecast_6432,2025-09-26 00:00:00,3542.3752,2976.886,2472.6846
forecast_6433,2025-09-26 01:00:00,3149.8325,2856.7793,2102.0867
forecast_6434,2025-09-26 02:00:00,2847.3984,2714.889,1803.7478
forecast_6435,2025-09-26 03:00:00,2923.1934,2820.3225,1823.7153
forecast_6436,2025-09-26 04:00:00,2940.3542,2790.186,1750.1598
forecast_6437,2025-09-26 05:00:00,2931.2605,2742.8833,1701.3655
forecast_6438,2025-09-26 06:00:00,2818.9778,2560.8528,1566.8461
forecast_6439,2025-09-26 07:00:00,2563.999,2300.0945,1394.4111
forecast_6440,2025-09-26 08:00:00,2072.8232,2025.0522,1184.3939
forecast_6441,2025-09-26 09:00:00,1514.3181,1773.2665,1009.8582
forecast_6442,2025-09-26 10:00:00,1148.0175,1513.3627,894.6489
forecast_6443,2025-09-26 11:00:00,934.48193,1275.0839,832.20404
forecast_6444,2025-09-26 12:00:00,820.14825,1104.0653,803.3097
forecast_6445,2025-09-26 13:00:00,766.64716,1001.2949,797.7337
forecast_6446,2025-09-26 14:00:00,752.9857,949.5251,807.723
forecast_6447,2025-09-26 15:00:00,775.0533,939.45233,828.72626
forecast_6448,2025-09-26 16:00:00,837.14124,973.6612,861.4569
forecast_6449,2025-09-26 17:00:00,956.1173,1069.3011,914.61255
forecast_6450,2025-09-26 18:00:00,1188.0654,1258.308,1003.0268
forecast_6451,2025-09-26 19:00:00,1666.1533,1555.9288,1153.9961
forecast_6452,2025-09-26 20:00:00,2457.0986,1904.5651,1412.1056
forecast_6453,2025-09-26 21:00:00,3145.6528,2238.0842,1786.963
forecast_6454,2025-09-26 22:00:00,3509.421,2537.9836,2166.0376
forecast_6455,2025-09-26 23:00:00,3624.165,2797.0015,2407.4287
forecast_6456,2025-09-27 00:00:00,3568.6877,2998.8945,2492.0295
forecast_6457,2025-09-27 01:00:00,3171.1812,2876.994,2114.8833
forecast_6458,2025-09-27 02:00:00,2867.0173,2732.3289,1814.0682
forecast_6459,2025-09-27 03:00:00,2942.546,2836.9434,1833.043
forecast_6460,2025-09-27 04:00:00,2959.0535,2805.5415,1759.4224
forecast_6461,2025-09-27 05:00:00,2948.569,2756.8994,1710.0803
forecast_6462,2025-09-27 06:00:00,2834.4143,2572.6719,1574.6492
forecast_6463,2025-09-27 07:00:00,2577.3716,2309.7832,1400.9866
forecast_6464,2025-09-27 08:00:00,2083.328,2033.1868,1189.9996
forecast_6465,2025-09-27 09:00:00,1520.2904,1779.8884,1014.9676
forecast_6466,2025-09-27 10:00:00,1150.7494,1518.3053,899.45703
forecast_6467,2025-09-27 11:00:00,935.7713,1279.092,836.8857
forecast_6468,2025-09-27 12:00:00,821.0268,1107.9258,808.0868
forecast_6469,2025-09-27 13:00:00,767.6841,1005.2721,802.9391
forecast_6470,2025-09-27 14:00:00,754.6785,953.67834,813.934
forecast_6471,2025-09-27 15:00:00,778.1152,943.9038,836.58386
forecast_6472,2025-09-27 16:00:00,842.5239,978.782,871.49927
forecast_6473,2025-09-27 17:00:00,965.7159,1075.8457,927.58594
forecast_6474,2025-09-27 18:00:00,1207.0514,1267.4534,1020.4617
forecast_6475,2025-09-27 19:00:00,1704.619,1568.4873,1178.7756
forecast_6476,2025-09-27 20:00:00,2508.1506,1920.2223,1446.8561
forecast_6477,2025-09-27 21:00:00,3188.6472,2256.547,1827.6155
forecast_6478,2025-09-27 22:00:00,3545.8208,2558.9128,2202.9666
forecast_6479,2025-09-27 23:00:00,3655.8735,2819.5876,2435.4897
forecast_6480,2025-09-28 00:00:00,3596.5298,3021.926,2512.2742
forecast_6481,2025-09-28 01:00:00,3193.8293,2897.9888,2128.7344
forecast_6482,2025-09-28 02:00:00,2887.9956,2750.4087,1825.2986
forecast_6483,2025-09-28 03:00:00,2963.3486,2854.166,1843.3138
forecast_6484,2025-09-28 04:00:00,2979.1562,2821.4739,1769.6472
forecast_6485,2025-09-28 05:00:00,2967.1519,2771.4758,1719.7666
forecast_6486,2025-09-28 06:00:00,2850.9258,2584.9946,1583.3927
forecast_6487,2025-09-28 07:00:00,2591.5793,2319.862,1408.4332
forecast_6488,2025-09-28 08:00:00,2094.3896,2041.5637,1196.3542
forecast_6489,2025-09-28 09:00:00,1526.5208,1786.5978,1020.684
forecast_6490,2025-09-28 10:00:00,1153.5629,1523.2091,904.7615
forecast_6491,2025-09-28 11:00:00,937.09375,1283.0388,842.006
forecast_6492,2025-09-28 12:00:00,821.9473,1111.7688,813.2823
forecast_6493,2025-09-28 13:00:00,768.7931,1009.2867,808.5641
forecast_6494,2025-09-28 14:00:00,756.50104,957.91766,820.5695
forecast_6495,2025-09-28 15:00:00,781.4045,948.48694,844.9032
forecast_6496,2025-09-28 16:00:00,848.2785,984.09546,882.0922
forecast_6497,2025-09-28 17:00:00,975.9878,1082.692,941.25745
forecast_6498,2025-09-28 18:00:00,1227.4589,1277.0997,1038.8313
forecast_6499,2025-09-28 19:00:00,1745.528,1581.8097,1204.791
forecast_6500,2025-09-28 20:00:00,2560.6118,1936.8507,1482.8778
forecast_6501,2025-09-28 21:00:00,3232.9282,2276.095,1869.067
forecast_6502,2025-09-28 22:00:00,3584.0107,2580.9622,2240.4165
forecast_6503,2025-09-28 23:00:00,3689.4866,2843.2747,2464.1538
forecast_6504,2025-09-29 00:00:00,3626.0928,3046.031,2533.446
forecast_6505,2025-09-29 01:00:00,3217.9233,2919.8088,2143.6692
forecast_6506,2025-09-29 02:00:00,2910.4744,2769.1665,1837.4746
forecast_6507,2025-09-29 03:00:00,2985.7385,2872.0273,1854.5627
forecast_6508,2025-09-29 04:00:00,3000.786,2838.0186,1780.8741
forecast_6509,2025-09-29 05:00:00,2987.1174,2786.6455,1730.4642
forecast_6510,2025-09-29 06:00:00,2868.6016,2597.8467,1593.1152
forecast_6511,2025-09-29 07:00:00,2606.6904,2330.35,1416.7799
forecast_6512,2025-09-29 08:00:00,2106.0513,2050.1914,1203.4794
forecast_6513,2025-09-29 09:00:00,1533.0289,1793.3955,1027.025
forecast_6514,2025-09-29 10:00:00,1156.4667,1528.0726,910.57837
forecast_6515,2025-09-29 11:00:00,938.4538,1286.9264,847.5803
forecast_6516,2025-09-29 12:00:00,822.915,1115.5966,818.913
forecast_6517,2025-09-29 13:00:00,769.98157,1013.3401,814.6276
forecast_6518,2025-09-29 14:00:00,758.4636,962.2453,827.6549
forecast_6519,2025-09-29 15:00:00,784.93665,953.2065,853.71313
forecast_6520,2025-09-29 16:00:00,854.4316,989.6094,893.2714
forecast_6521,2025-09-29 17:00:00,986.99146,1089.8557,955.675
forecast_6522,2025-09-29 18:00:00,1249.421,1287.2765,1058.1963
forecast_6523,2025-09-29 19:00:00,1788.9847,1595.9371,1232.1041
forecast_6524,2025-09-29 20:00:00,2614.4707,1954.497,1520.1915
forecast_6525,2025-09-29 21:00:00,3278.6648,2296.7793,1911.3243
forecast_6526,2025-09-29 22:00:00,3624.2698,2604.1807,2278.4028
forecast_6527,2025-09-29 23:00:00,3725.2864,2868.113,2493.4373
forecast_6528,2025-09-30 00:00:00,3657.5972,3071.2686,2555.5742
forecast_6529,2025-09-30 01:00:00,3243.6292,2942.5042,2159.7183
forecast_6530,2025-09-30 02:00:00,2934.6182,2788.6494,1850.6351
forecast_6531,2025-09-30 03:00:00,3009.873,2890.5698,1866.8353
forecast_6532,2025-09-30 04:00:00,3024.084,2855.2156,1793.1504
forecast_6533,2025-09-30 05:00:00,3008.591,2802.445,1742.2181
forecast_6534,2025-09-30 06:00:00,2887.5454,2611.259,1603.859
forecast_6535,2025-09-30 07:00:00,2622.7827,2341.2676,1426.0604
forecast_6536,2025-09-30 08:00:00,2118.363,2059.0825,1211.3998
forecast_6537,2025-09-30 09:00:00,1539.8375,1800.2839,1034.0107
forecast_6538,2025-09-30 10:00:00,1159.469,1532.8947,916.92426
forecast_6539,2025-09-30 11:00:00,939.8573,1290.7546,853.6255
forecast_6540,2025-09-30 12:00:00,823.9347,1119.4121,824.9961
forecast_6541,2025-09-30 13:00:00,771.2551,1017.4352,821.15076
forecast_6542,2025-09-30 14:00:00,760.57806,966.6661,835.2149
forecast_6543,2025-09-30 15:00:00,788.73047,958.06995,863.04144
forecast_6544,2025-09-30 16:00:00,861.0133,995.33484,905.0711
forecast_6545,2025-09-30 17:00:00,998.79364,1097.3538,970.8837
forecast_6546,2025-09-30 18:00:00,1273.0885,1298.0125,1078.6132
forecast_6547,2025-09-30 19:00:00,1835.0792,1610.9137,1260.7649
forecast_6548,2025-09-30 20:00:00,2669.728,1973.2123,1558.8009
forecast_6549,2025-09-30 21:00:00,3326.0688,2318.6536,1954.38
forecast_6550,2025-09-30 22:00:00,3666.9346,2628.625,2316.925
forecast_6551,2025-09-30 23:00:00,3763.6045,2894.1619,2523.3525
forecast_6552,2025-10-01 00:00:00,3691.298,3097.7048,2578.6885
forecast_6553,2025-10-01 01:00:00,3280.0115,3006.1252,2182.4106
forecast_6554,2025-10-01 02:00:00,2991.492,2845.5369,1858.3673
forecast_6555,2025-10-01 03:00:00,3077.9104,2961.688,1863.5259
forecast_6556,2025-10-01 04:00:00,3099.554,2931.0952,1784.0796
forecast_6557,2025-10-01 05:00:00,3089.3936,2893.464,1730.8655
forecast_6558,2025-10-01 06:00:00,2973.8298,2714.5718,1596.0985
forecast_6559,2025-10-01 07:00:00,2721.0203,2441.9058,1422.9017
forecast_6560,2025-10-01 08:00:00,2229.1296,2134.569,1208.2953
forecast_6561,2025-10-01 09:00:00,1622.7701,1848.6361,1023.9859
forecast_6562,2025-10-01 10:00:00,1208.5721,1558.497,900.2445
forecast_6563,2025-10-01 11:00:00,972.2622,1305.8478,832.7042
forecast_6564,2025-10-01 12:00:00,847.5396,1134.0706,801.0201
forecast_6565,2025-10-01 13:00:00,791.1616,1035.1024,793.7603
forecast_6566,2025-10-01 14:00:00,779.42,988.58575,803.76154
forecast_6567,2025-10-01 15:00:00,809.6433,986.2462,827.4388
forecast_6568,2025-10-01 16:00:00,890.39276,1034.7745,864.91095
forecast_6569,2025-10-01 17:00:00,1053.2188,1158.4651,923.8849
forecast_6570,2025-10-01 18:00:00,1396.317,1396.1628,1020.44226
forecast_6571,2025-10-01 19:00:00,2081.4646,1749.5979,1185.5923
forecast_6572,2025-10-01 20:00:00,2931.8262,2135.4429,1465.3268
forecast_6573,2025-10-01 21:00:00,3519.9802,2493.4724,1855.2305
forecast_6574,2025-10-01 22:00:00,3815.9526,2812.836,2228.9333
forecast_6575,2025-10-01 23:00:00,3883.8955,3087.043,2454.0305
forecast_6576,2025-10-02 00:00:00,3796.6973,3299.2961,2521.9758
forecast_6577,2025-10-02 01:00:00,3366.7925,3113.723,2139.5234
forecast_6578,2025-10-02 02:00:00,3063.0435,2930.0918,1834.0652
forecast_6579,2025-10-02 03:00:00,3140.447,3027.7126,1852.0361
forecast_6580,2025-10-02 04:00:00,3154.2607,2992.705,1779.7604
forecast_6581,2025-10-02 05:00:00,3135.2678,2948.3237,1732.497
forecast_6582,2025-10-02 06:00:00,3010.5798,2763.3462,1600.794
forecast_6583,2025-10-02 07:00:00,2748.0454,2480.125,1429.4274
forecast_6584,2025-10-02 08:00:00,2246.0022,2161.9177,1215.2269
forecast_6585,2025-10-02 09:00:00,1630.5602,1867.0298,1030.9564
forecast_6586,2025-10-02 10:00:00,1211.4841,1569.803,906.94366
forecast_6587,2025-10-02 11:00:00,973.5627,1313.2377,839.3504
forecast_6588,2025-10-02 12:00:00,848.73175,1140.1576,807.77966
forecast_6589,2025-10-02 13:00:00,792.8202,1040.984,801.18854
forecast_6590,2025-10-02 14:00:00,782.2272,994.7462,812.9178
forecast_6591,2025-10-02 15:00:00,814.84375,993.1477,839.29846
forecast_6592,2025-10-02 16:00:00,900.6023,1043.2615,879.4718
forecast_6593,2025-10-02 17:00:00,1077.0894,1170.1093,941.7292
forecast_6594,2025-10-02 18:00:00,1459.5801,1413.0756,1044.3784
forecast_6595,2025-10-02 19:00:00,2182.7498,1772.2219,1220.7179
forecast_6596,2025-10-02 20:00:00,3007.7437,2162.157,1515.0063
forecast_6597,2025-10-02 21:00:00,3577.7703,2523.313,1911.0133
forecast_6598,2025-10-02 22:00:00,3867.648,2844.9844,2277.0874
forecast_6599,2025-10-02 23:00:00,3929.652,3120.3972,2489.7388
forecast_6600,2025-10-03 00:00:00,3835.869,3332.6287,2548.9978
forecast_6601,2025-10-03 01:00:00,3398.796,3142.9504,2159.4216
forecast_6602,2025-10-03 02:00:00,3093.8828,2955.0366,1850.0658
forecast_6603,2025-10-03 03:00:00,3171.4832,3051.6042,1866.9116
forecast_6604,2025-10-03 04:00:00,3184.1516,3015.2136,1794.4792
forecast_6605,2025-10-03 05:00:00,3162.853,2969.5027,1746.6594
forecast_6606,2025-10-03 06:00:00,3034.8481,2781.8386,1613.8772
forecast_6607,2025-10-03 07:00:00,2768.4023,2495.115,1440.9061
forecast_6608,2025-10-03 08:00:00,2261.589,2173.4224,1225.0317
forecast_6609,2025-10-03 09:00:00,1639.388,1875.2368,1039.4485
forecast_6610,2025-10-03 10:00:00,1215.38,1575.0831,914.4862
forecast_6611,2025-10-03 11:00:00,975.39716,1317.37,846.40894
forecast_6612,2025-10-03 12:00:00,850.0727,1144.3815,814.7912
forecast_6613,2025-10-03 13:00:00,794.48334,1045.687,808.61646
forecast_6614,2025-10-03 14:00:00,784.98553,1000.05444,821.3473
forecast_6615,2025-10-03 15:00:00,819.8894,999.2778,849.4932
forecast_6616,2025-10-03 16:00:00,909.9041,1050.857,892.29974
forecast_6617,2025-10-03 17:00:00,1095.8336,1180.5747,958.3139
forecast_6618,2025-10-03 18:00:00,1499.0682,1428.5223,1066.8253
forecast_6619,2025-10-03 19:00:00,2240.5432,1793.533,1252.6195
forecast_6620,2025-10-03 20:00:00,3063.4968,2188.1912,1558.3575
forecast_6621,2025-10-03 21:00:00,3631.4268,2553.1665,1959.4574
forecast_6622,2025-10-03 22:00:00,3920.9653,2877.7764,2321.1194
forecast_6623,2025-10-03 23:00:00,3978.651,3154.9844,2524.9675
forecast_6624,2025-10-04 00:00:00,3878.226,3367.8147,2576.9797
forecast_6625,2025-10-04 01:00:00,3433.3547,3173.7168,2180.5208
forecast_6626,2025-10-04 02:00:00,3127.384,2981.2986,1867.1652
forecast_6627,2025-10-04 03:00:00,3205.2686,3076.772,1882.9305
forecast_6628,2025-10-04 04:00:00,3216.6511,3038.9663,1810.3743
forecast_6629,2025-10-04 05:00:00,3192.8003,2991.9077,1762.0055
forecast_6630,2025-10-04 06:00:00,3061.099,2801.461,1628.1084
forecast_6631,2025-10-04 07:00:00,2790.269,2511.0186,1453.4299
forecast_6632,2025-10-04 08:00:00,2278.1753,2185.5217,1235.73
forecast_6633,2025-10-04 09:00:00,1648.6969,1883.7268,1048.6674
forecast_6634,2025-10-04 10:00:00,1219.4558,1580.4333,922.6259
forecast_6635,2025-10-04 11:00:00,977.32086,1321.5234,853.9959
forecast_6636,2025-10-04 12:00:00,851.50946,1148.6489,822.3107
forecast_6637,2025-10-04 13:00:00,796.291,1050.4828,816.56696
forecast_6638,2025-10-04 14:00:00,787.9921,1005.5185,830.3368
forecast_6639,2025-10-04 15:00:00,825.3772,1005.64197,860.3174
forecast_6640,2025-10-04 16:00:00,920.0301,1058.8049,905.891
forecast_6641,2025-10-04 17:00:00,1116.3823,1191.614,975.89764
forecast_6642,2025-10-04 18:00:00,1541.4878,1444.917,1090.6332
forecast_6643,2025-10-04 19:00:00,2299.9624,1816.2012,1286.2681
forecast_6644,2025-10-04 20:00:00,3121.046,2215.863,1603.3202
forecast_6645,2025-10-04 21:00:00,3688.7732,2584.8289,2008.8331
forecast_6646,2025-10-04 22:00:00,3978.9358,2912.464,2365.7336
forecast_6647,2025-10-04 23:00:00,4032.1135,3191.5195,2560.807
forecast_6648,2025-10-05 00:00:00,3924.1926,3405.01,2605.9592
forecast_6649,2025-10-05 01:00:00,3470.8167,3206.1658,2202.8792
forecast_6650,2025-10-05 02:00:00,3163.937,3009.0059,1885.4398
forecast_6651,2025-10-05 03:00:00,3242.224,3103.344,1900.1677
forecast_6652,2025-10-05 04:00:00,3252.1743,3064.0928,1827.5243
forecast_6653,2025-10-05 05:00:00,3225.4817,3015.6694,1778.6125
forecast_6654,2025-10-05 06:00:00,3089.6199,2822.3372,1643.5562
forecast_6655,2025-10-05 07:00:00,2813.8362,2527.939,1467.0533
forecast_6656,2025-10-05 08:00:00,2295.8623,2198.2842,1247.3606
forecast_6657,2025-10-05 09:00:00,1658.5243,1892.535,1058.6427
forecast_6658,2025-10-05 10:00:00,1223.7231,1585.8734,931.38855
forecast_6659,2025-10-05 11:00:00,979.3411,1325.7119,862.1355
forecast_6660,2025-10-05 12:00:00,853.05334,1152.9711,830.36194
forecast_6661,2025-10-05 13:00:00,798.26086,1055.3811,825.0655
forecast_6662,2025-10-05 14:00:00,791.2788,1011.1483,839.9146
forecast_6663,2025-10-05 15:00:00,831.36163,1012.2543,871.7998
forecast_6664,2025-10-05 16:00:00,931.0909,1067.1294,920.27924
forecast_6665,2025-10-05 17:00:00,1138.9679,1203.2656,994.5217
forecast_6666,2025-10-05 18:00:00,1586.8865,1462.3258,1115.8492
forecast_6667,2025-10-05 19:00:00,2360.9397,1840.316,1321.675
forecast_6668,2025-10-05 20:00:00,3180.717,2245.2805,1649.8184
forecast_6669,2025-10-05 21:00:00,3750.4321,2618.4229,2059.065
forecast_6670,2025-10-05 22:00:00,4042.2412,2949.1882,2410.8828
forecast_6671,2025-10-05 23:00:00,4090.6973,3230.1592,2597.2546
forecast_6672,2025-10-06 00:00:00,3974.279,3444.3828,2635.989
forecast_6673,2025-10-06 01:00:00,3511.6018,3240.4597,2226.5703
forecast_6674,2025-10-06 02:00:00,3204.0356,3038.3066,1904.9785
forecast_6675,2025-10-06 03:00:00,3282.905,3131.4702,1918.7157
forecast_6676,2025-10-06 04:00:00,3291.288,3090.7456,1846.0209
forecast_6677,2025-10-06 05:00:00,3261.4065,3040.9446,1796.5698
forecast_6678,2025-10-06 06:00:00,3120.796,2844.6199,1660.2993
forecast_6679,2025-10-06 07:00:00,2839.3425,2546.0012,1481.8356
forecast_6680,2025-10-06 08:00:00,2314.7705,2211.7925,1259.9675
forecast_6681,2025-10-06 09:00:00,1668.9102,1901.7046,1069.408
forecast_6682,2025-10-06 10:00:00,1228.1946,1591.4247,940.80145
forecast_6683,2025-10-06 11:00:00,981.46625,1329.9492,870.8525
forecast_6684,2025-10-06 12:00:00,854.7172,1157.3579,838.9694
forecast_6685,2025-10-06 13:00:00,800.4143,1060.3922,834.1378
forecast_6686,2025-10-06 14:00:00,794.8834,1016.95654,850.10913
forecast_6687,2025-10-06 15:00:00,837.9092,1019.13196,883.97107
forecast_6688,2025-10-06 16:00:00,943.22174,1075.8545,935.4957
forecast_6689,2025-10-06 17:00:00,1163.8505,1215.5729,1014.22363
forecast_6690,2025-10-06 18:00:00,1635.2494,1480.8195,1142.5098
forecast_6691,2025-10-06 19:00:00,2423.4333,1865.9751,1358.833
forecast_6692,2025-10-06 20:00:00,3242.924,2276.5615,1697.7594
forecast_6693,2025-10-06 21:00:00,3817.1003,2654.0862,2110.0703
forecast_6694,2025-10-06 22:00:00,4111.65,2988.1077,2456.5198
forecast_6695,2025-10-06 23:00:00,4155.183,3271.0793,2634.3176
forecast_6696,2025-10-07 00:00:00,4029.11,3486.1272,2667.1333
forecast_6697,2025-10-07 01:00:00,3556.2422,3276.787,2251.688
forecast_6698,2025-10-07 02:00:00,3248.3325,3069.37,1925.8907
forecast_6699,2025-10-07 03:00:00,3328.0767,3161.322,1938.68
forecast_6700,2025-10-07 04:00:00,3334.804,3119.0999,1865.971
forecast_6701,2025-10-07 05:00:00,3301.2996,3067.919,1815.9808
forecast_6702,2025-10-07 06:00:00,3155.1511,2868.492,1678.4291
forecast_6703,2025-10-07 07:00:00,2867.1,2565.3584,1497.8452
forecast_6704,2025-10-07 08:00:00,2335.0474,2226.1445,1273.5992
forecast_6705,2025-10-07 09:00:00,1679.8973,1911.2888,1080.9989
forecast_6706,2025-10-07 10:00:00,1232.8792,1597.1144,950.89484
forecast_6707,2025-10-07 11:00:00,983.70233,1334.2521,880.17426
forecast_6708,2025-10-07 12:00:00,856.5166,1161.8228,848.16003
forecast_6709,2025-10-07 13:00:00,802.77905,1065.5287,843.8117
forecast_6710,2025-10-07 14:00:00,798.8536,1022.9569,860.94965
forecast_6711,2025-10-07 15:00:00,845.10175,1026.2933,896.8603
forecast_6712,2025-10-07 16:00:00,956.5867,1085.0095,951.56995
forecast_6713,2025-10-07 17:00:00,1191.3082,1228.582,1035.0343
forecast_6714,2025-10-07 18:00:00,1686.497,1500.4746,1170.6393
forecast_6715,2025-10-07 19:00:00,2487.4434,1893.2833,1397.7112
forecast_6716,2025-10-07 20:00:00,3308.1758,2309.8337,1747.0315
forecast_6717,2025-10-07 21:00:00,3889.5544,2691.9734,2161.769
forecast_6718,2025-10-07 22:00:00,4188.025,3029.398,2502.602
forecast_6719,2025-10-07 23:00:00,4226.5264,3314.478,2672.0222
forecast_6720,2025-10-08 00:00:00,4089.4888,3530.4573,2699.477
forecast_6721,2025-10-08 01:00:00,3605.443,3315.3596,2278.3467
forecast_6722,2025-10-08 02:00:00,3297.7266,3102.3909,1948.3104
forecast_6723,2025-10-08 03:00:00,3378.8523,3193.1035,1960.1879
forecast_6724,2025-10-08 04:00:00,3383.9294,3149.3704,1887.5002
forecast_6725,2025-10-08 05:00:00,3346.2288,3096.8193,1836.9655
forecast_6726,2025-10-08 06:00:00,3193.4314,2894.1768,1698.0485
forecast_6727,2025-10-08 07:00:00,2897.5317,2586.1985,1515.1595
forecast_6728,2025-10-08 08:00:00,2356.8774,2241.4612,1288.3092
forecast_6729,2025-10-08 09:00:00,1691.53,1921.3467,1093.4556
forecast_6730,2025-10-08 10:00:00,1237.7819,1602.9723,961.701
forecast_6731,2025-10-08 11:00:00,986.0559,1338.6393,890.1295
forecast_6732,2025-10-08 12:00:00,858.47125,1166.3823,857.9605
forecast_6733,2025-10-08 13:00:00,805.3904,1070.8064,854.1144
forecast_6734,2025-10-08 14:00:00,803.2509,1029.1654,872.4645
forecast_6735,2025-10-08 15:00:00,853.0428,1033.7588,910.49756
forecast_6736,2025-10-08 16:00:00,971.38727,1094.6241,968.5299
forecast_6737,2025-10-08 17:00:00,1221.6255,1242.3435,1056.9797
forecast_6738,2025-10-08 18:00:00,1740.4814,1521.3739,1200.2487
forecast_6739,2025-10-08 19:00:00,2553.0215,1922.352,1438.2588
forecast_6740,2025-10-08 20:00:00,3377.0803,2345.237,1797.514
forecast_6741,2025-10-08 21:00:00,3968.6274,2732.2515,2214.075
forecast_6742,2025-10-08 22:00:00,4272.3325,3073.2585,2549.0933
forecast_6743,2025-10-08 23:00:00,4305.9175,3360.5781,2710.4087
forecast_6744,2025-10-09 00:00:00,4156.499,3577.6157,2733.1262
forecast_6745,2025-10-09 01:00:00,3660.1926,3356.4233,2306.6895
forecast_6746,2025-10-09 02:00:00,3353.5354,3137.5972,1972.3966
forecast_6747,2025-10-09 03:00:00,3436.9348,3227.0498,1983.3894
forecast_6748,2025-10-09 04:00:00,3440.5417,3181.8105,1910.7574
forecast_6749,2025-10-09 05:00:00,3397.8105,3127.9219,1859.6625
forecast_6750,2025-10-09 06:00:00,3236.7227,2921.9548,1719.2766
forecast_6751,2025-10-09 07:00:00,2931.2202,2608.7556,1533.8658
forecast_6752,2025-10-09 08:00:00,2380.4968,2257.89,1304.1572
forecast_6753,2025-10-09 09:00:00,1703.8519,1931.9535,1106.8214
forecast_6754,2025-10-09 10:00:00,1242.9037,1609.0327,973.2556
forecast_6755,2025-10-09 11:00:00,988.53064,1343.1327,900.74915
forecast_6756,2025-10-09 12:00:00,860.6046,1171.0543,868.40125
forecast_6757,2025-10-09 13:00:00,808.29376,1076.2427,865.0761
forecast_6758,2025-10-09 14:00:00,808.1533,1035.5992,884.684
forecast_6759,2025-10-09 15:00:00,861.86145,1041.5519,924.9105
forecast_6760,2025-10-09 16:00:00,987.8663,1104.7324,986.4009
forecast_6761,2025-10-09 17:00:00,1255.0696,1256.9131,1080.0786
forecast_6762,2025-10-09 18:00:00,1797.0006,1543.6044,1231.337
forecast_6763,2025-10-09 19:00:00,2620.292,1953.302,1480.4052
forecast_6764,2025-10-09 20:00:00,3450.355,2382.923,1849.0781
forecast_6765,2025-10-09 21:00:00,4055.1917,2775.1108,2266.9148
forecast_6766,2025-10-09 22:00:00,4365.6406,3119.9104,2595.9705
forecast_6767,2025-10-09 23:00:00,4394.8716,3409.629,2749.543
forecast_6768,2025-10-10 00:00:00,4231.675,3627.8762,2768.2158
forecast_6769,2025-10-10 01:00:00,3721.9756,3400.26,2336.8928
forecast_6770,2025-10-10 02:00:00,3417.8152,3175.256,1998.3445
forecast_6771,2025-10-10 03:00:00,3505.071,3263.4478,2008.4624
forecast_6772,2025-10-10 04:00:00,3507.6487,3216.7292,1935.9156
forecast_6773,2025-10-10 05:00:00,3458.5564,3161.5693,1884.2336
forecast_6774,2025-10-10 06:00:00,3286.6333,2952.1777,1742.2489
forecast_6775,2025-10-10 07:00:00,2968.9915,2633.3215,1554.0623
forecast_6776,2025-10-10 08:00:00,2406.2205,2275.615,1321.2107
forecast_6777,2025-10-10 09:00:00,1716.9088,1943.1956,1121.144
forecast_6778,2025-10-10 10:00:00,1248.2355,1615.3336,985.59656
forecast_6779,2025-10-10 11:00:00,991.12994,1347.757,912.06696
forecast_6780,2025-10-10 12:00:00,862.95013,1175.8611,879.5138
forecast_6781,2025-10-10 13:00:00,811.55133,1081.8578,876.7274
forecast_6782,2025-10-10 14:00:00,813.6638,1042.2803,897.6376
forecast_6783,2025-10-10 15:00:00,871.725,1049.6978,940.1283
forecast_6784,2025-10-10 16:00:00,1006.31354,1115.3713,1005.20575
forecast_6785,2025-10-10 17:00:00,1291.859,1272.3483,1104.3446
forecast_6786,2025-10-10 18:00:00,1855.8154,1567.2584,1263.8883
forecast_6787,2025-10-10 19:00:00,2689.459,1986.2579,1524.0614
forecast_6788,2025-10-10 20:00:00,3528.8157,2423.0537,1901.5944
forecast_6789,2025-10-10 21:00:00,4150.123,2820.7573,2320.217
forecast_6790,2025-10-10 22:00:00,4469.096,3169.602,2643.233
forecast_6791,2025-10-10 23:00:00,4495.317,3461.9106,2789.515
forecast_6792,2025-10-11 00:00:00,4317.2744,3681.548,2804.9072
forecast_6793,2025-10-11 01:00:00,3793.1526,3447.1985,2369.1736
forecast_6794,2025-10-11 02:00:00,3493.971,3215.681,2026.3862
forecast_6795,2025-10-11 03:00:00,3587.8804,3302.6377,2035.6163
forecast_6796,2025-10-11 04:00:00,3590.1848,3254.5095,1963.1804
forecast_6797,2025-10-11 05:00:00,3532.4036,3198.1963,1910.8667
forecast_6798,2025-10-11 06:00:00,3345.5774,2985.2935,1767.1211
forecast_6799,2025-10-11 07:00:00,3012.032,2660.2695,1575.8612
forecast_6800,2025-10-11 08:00:00,2434.4746,2294.863,1339.5426
forecast_6801,2025-10-11 09:00:00,1730.7439,1955.1794,1136.4744
forecast_6802,2025-10-11 10:00:00,1253.7563,1621.9202,998.765
forecast_6803,2025-10-11 11:00:00,993.85474,1352.5426,924.1182
forecast_6804,2025-10-11 12:00:00,865.5537,1180.8293,891.3306
forecast_6805,2025-10-11 13:00:00,815.2475,1087.6744,889.1002
forecast_6806,2025-10-11 14:00:00,819.9205,1049.2312,911.3573
forecast_6807,2025-10-11 15:00:00,882.8435,1058.2258,956.17804
forecast_6808,2025-10-11 16:00:00,1027.066,1126.5815,1024.965
forecast_6809,2025-10-11 17:00:00,1332.1224,1288.7125,1129.7849
forecast_6810,2025-10-11 18:00:00,1916.672,1592.4321,1297.8756
forecast_6811,2025-10-11 19:00:00,2760.8374,2021.3514,1569.127
forecast_6812,2025-10-11 20:00:00,3613.3623,2465.808,1954.9391
forecast_6813,2025-10-11 21:00:00,4254.238,2869.4233,2373.9285
forecast_6814,2025-10-11 22:00:00,4583.855,3222.6143,2690.901
forecast_6815,2025-10-11 23:00:00,4609.66,3517.7424,2830.448
forecast_6816,2025-10-12 00:00:00,4416.703,3738.9866,2843.3987
forecast_6817,2025-10-12 01:00:00,3877.6926,3497.6255,2403.7947
forecast_6818,2025-10-12 02:00:00,3587.9375,3259.2512,2056.8015
forecast_6819,2025-10-12 03:00:00,3693.3643,3345.0388,2065.1023
forecast_6820,2025-10-12 04:00:00,3696.2988,3295.6296,1992.7914
forecast_6821,2025-10-12 05:00:00,3625.5032,3238.356,1939.7761
forecast_6822,2025-10-12 06:00:00,3417.165,3021.8862,1794.0712
forecast_6823,2025-10-12 07:00:00,3062.0493,2690.0857,1599.3889
forecast_6824,2025-10-12 08:00:00,2465.8403,2315.9243,1359.2355
forecast_6825,2025-10-12 09:00:00,1745.3995,1968.0326,1152.8707
forecast_6826,2025-10-12 10:00:00,1259.4313,1628.8466,1012.8055
forecast_6827,2025-10-12 11:00:00,996.7101,1357.5278,936.94086
forecast_6828,2025-10-12 12:00:00,868.48193,1185.9901,903.8877
forecast_6829,2025-10-12 13:00:00,819.5016,1093.7197,902.22833
forecast_6830,2025-10-12 14:00:00,827.1066,1056.4785,925.8727
forecast_6831,2025-10-12 15:00:00,895.48566,1067.1674,973.0857
forecast_6832,2025-10-12 16:00:00,1050.4939,1138.408,1045.6976
forecast_6833,2025-10-12 17:00:00,1375.8616,1306.0729,1156.4008
forecast_6834,2025-10-12 18:00:00,1979.3368,1619.2273,1333.2606
forecast_6835,2025-10-12 19:00:00,2834.8518,2058.7214,1615.4921
forecast_6836,2025-10-12 20:00:00,3704.945,2511.3762,2008.9977
forecast_6837,2025-10-12 21:00:00,4368.202,2921.3647,2428.012
forecast_6838,2025-10-12 22:00:00,4710.919,3279.2583,2739.026
forecast_6839,2025-10-12 23:00:00,4740.6885,3577.4841,2872.4944
forecast_6840,2025-10-13 00:00:00,4535.0786,3800.5984,2883.9287
forecast_6841,2025-10-13 01:00:00,3982.5342,3551.9978,2441.0742
forecast_6842,2025-10-13 02:00:00,3710.4678,3306.4219,2089.9224
forecast_6843,2025-10-13 03:00:00,3835.5278,3391.169,2097.2168
forecast_6844,2025-10-13 04:00:00,3839.2473,3340.7004,2025.0304
forecast_6845,2025-10-13 05:00:00,3747.215,3282.7747,1971.2124
forecast_6846,2025-10-13 06:00:00,3506.6648,3062.7288,1823.3014
forecast_6847,2025-10-13 07:00:00,3121.4558,2723.407,1624.7872
forecast_6848,2025-10-13 08:00:00,2501.1,2339.169,1380.3798
forecast_6849,2025-10-13 09:00:00,1760.9084,1981.9152,1170.3937
forecast_6850,2025-10-13 10:00:00,1265.2092,1636.1809,1027.7662
forecast_6851,2025-10-13 11:00:00,999.71216,1362.7583,950.5765
forecast_6852,2025-10-13 12:00:00,871.83826,1191.3782,917.222
forecast_6853,2025-10-13 13:00:00,824.4821,1100.0234,916.14636
forecast_6854,2025-10-13 14:00:00,835.468,1064.0529,941.21594
forecast_6855,2025-10-13 15:00:00,909.98145,1076.5591,990.87897
forecast_6856,2025-10-13 16:00:00,1076.9752,1150.8981,1067.4199
forecast_6857,2025-10-13 17:00:00,1422.9242,1324.4994,1184.1893
forecast_6858,2025-10-13 18:00:00,2043.6205,1647.7426,1369.9965
forecast_6859,2025-10-13 19:00:00,2912.0579,2098.509,1663.045
forecast_6860,2025-10-13 20:00:00,3804.51,2559.965,2063.6724
forecast_6861,2025-10-13 21:00:00,4492.395,2976.8645,2482.4512
forecast_6862,2025-10-13 22:00:00,4850.837,3339.8877,2787.694
forecast_6863,2025-10-13 23:00:00,4891.141,3641.545,2915.8423
forecast_6864,2025-10-14 00:00:00,4679.769,3866.8555,2926.776
forecast_6865,2025-10-14 01:00:00,4119.989,3610.8628,2481.3896
forecast_6866,2025-10-14 02:00:00,3881.428,3357.759,2126.1448
forecast_6867,2025-10-14 03:00:00,4038.6086,3441.684,2132.3108
forecast_6868,2025-10-14 04:00:00,4039.7273,3390.5178,2060.2302
forecast_6869,2025-10-14 05:00:00,3911.037,3332.4153,2005.4634
forecast_6870,2025-10-14 06:00:00,3621.3826,3108.862,1855.043
forecast_6871,2025-10-14 07:00:00,3193.4978,2761.0872,1652.2183
forecast_6872,2025-10-14 08:00:00,2541.2449,2365.085,1403.0759
forecast_6873,2025-10-14 09:00:00,1777.2839,1997.0336,1189.1112
forecast_6874,2025-10-14 10:00:00,1271.0294,1644.0084,1043.6991
forecast_6875,2025-10-14 11:00:00,1002.905,1368.2902,965.0689
forecast_6876,2025-10-14 12:00:00,875.78314,1197.0337,931.37415
forecast_6877,2025-10-14 13:00:00,830.43066,1106.619,930.891
forecast_6878,2025-10-14 14:00:00,845.32825,1071.988,957.4185
forecast_6879,2025-10-14 15:00:00,926.7261,1086.4404,1009.5836
forecast_6880,2025-10-14 16:00:00,1106.8422,1164.1051,1090.1477
forecast_6881,2025-10-14 17:00:00,1473.0022,1344.0653,1213.1439
forecast_6882,2025-10-14 18:00:00,2109.4092,1678.0833,1408.031
forecast_6883,2025-10-14 19:00:00,2993.1367,2140.8606,1711.6787
forecast_6884,2025-10-14 20:00:00,3912.917,2611.7969,2118.89
forecast_6885,2025-10-14 21:00:00,4626.7217,3036.2385,2537.2622
forecast_6886,2025-10-14 22:00:00,5003.24,3404.8997,2837.029
forecast_6887,2025-10-14 23:00:00,5062.6665,3710.3943,2960.7166
forecast_6888,2025-10-15 00:00:00,4860.223,3938.3118,2972.2708
forecast_6889,2025-10-15 01:00:00,4311.32,3674.8823,2525.1873
forecast_6890,2025-10-15 02:00:00,4137.277,3413.9675,2165.9358
forecast_6891,2025-10-15 03:00:00,4343.464,3497.4236,2170.7988
forecast_6892,2025-10-15 04:00:00,4328.7056,3446.1357,2098.7773
forecast_6893,2025-10-15 05:00:00,4135.556,3388.5884,2042.8607
forecast_6894,2025-10-15 06:00:00,3770.9678,3161.711,1889.559
forecast_6895,2025-10-15 07:00:00,3282.3335,2804.293,1681.8601
forecast_6896,2025-10-15 08:00:00,2587.4448,2394.3264,1427.4342
forecast_6897,2025-10-15 09:00:00,1794.5016,2013.6602,1209.095
forecast_6898,2025-10-15 10:00:00,1276.844,1652.4448,1060.6586
forecast_6899,2025-10-15 11:00:00,1006.40393,1374.1869,980.4633
forecast_6900,2025-10-15 12:00:00,880.57227,1203.0018,946.3848
forecast_6901,2025-10-15 13:00:00,837.68646,1113.5441,946.4995
forecast_6902,2025-10-15 14:00:00,857.09863,1080.3224,974.5135
forecast_6903,2025-10-15 15:00:00,946.1549,1096.8557,1029.2247
forecast_6904,2025-10-15 16:00:00,1140.3115,1178.0858,1113.8956
forecast_6905,2025-10-15 17:00:00,1525.6619,1364.8468,1243.256
forecast_6906,2025-10-15 18:00:00,2176.6863,1710.3474,1447.3115
forecast_6907,2025-10-15 19:00:00,3078.894,2185.9214,1761.2933
forecast_6908,2025-10-15 20:00:00,4030.8313,2667.11,2174.599
forecast_6909,2025-10-15 21:00:00,4770.3696,3099.8367,2592.491
forecast_6910,2025-10-15 22:00:00,5166.2334,3474.7432,2887.1956
forecast_6911,2025-10-15 23:00:00,5254.1006,3784.5728,3007.3774
forecast_6912,2025-10-16 00:00:00,5085.598,4015.6145,3020.786
forecast_6913,2025-10-16 01:00:00,4589.2144,3744.8582,2572.9854
forecast_6914,2025-10-16 02:00:00,4541.468,3475.9417,2209.8447
forecast_6915,2025-10-16 03:00:00,4820.1943,3559.4905,2213.173
forecast_6916,2025-10-16 04:00:00,4758.963,3508.9836,2141.1282
forecast_6917,2025-10-16 05:00:00,4452.6177,3453.1055,2083.7869
forecast_6918,2025-10-16 06:00:00,3971.2466,3223.2637,1927.1458
forecast_6919,2025-10-16 07:00:00,3394.4258,2854.6453,1713.912
forecast_6920,2025-10-16 08:00:00,2641.3386,2427.789,1453.573
forecast_6921,2025-10-16 09:00:00,1812.5743,2032.1696,1230.4226
forecast_6922,2025-10-16 10:00:00,1282.7051,1661.6365,1078.7035
forecast_6923,2025-10-16 11:00:00,1010.4702,1380.5208,996.80927
forecast_6924,2025-10-16 12:00:00,886.6002,1209.3328,962.29803
forecast_6925,2025-10-16 13:00:00,846.70795,1120.8407,963.01056
forecast_6926,2025-10-16 14:00:00,871.2639,1089.1012,992.5334
forecast_6927,2025-10-16 15:00:00,968.6889,1107.8551,1049.8286
forecast_6928,2025-10-16 16:00:00,1177.4032,1192.901,1138.6786
forecast_6929,2025-10-16 17:00:00,1580.3969,1386.9202,1274.517
forecast_6930,2025-10-16 18:00:00,2245.5466,1744.6323,1487.785
forecast_6931,2025-10-16 19:00:00,3170.2327,2233.8396,1811.8066
forecast_6932,2025-10-16 20:00:00,4158.575,2726.161,2230.7812
forecast_6933,2025-10-16 21:00:00,4921.565,3168.0476,2648.2192
forecast_6934,2025-10-16 22:00:00,5335.8687,3549.9243,2938.3962
forecast_6935,2025-10-16 23:00:00,5459.744,3864.7039,3056.1184
forecast_6936,2025-10-17 00:00:00,5358.952,4099.528,3072.7454
forecast_6937,2025-10-17 01:00:00,4989.241,3821.768,2625.3752
forecast_6938,2025-10-17 02:00:00,5184.8315,3544.839,2258.5115
forecast_6939,2025-10-17 03:00:00,5604.9233,3629.3645,2260.0107
forecast_6940,2025-10-17 04:00:00,5484.6123,3581.043,2187.8145
forecast_6941,2025-10-17 05:00:00,4983.984,3528.5122,2128.6846
forecast_6942,2025-10-17 06:00:00,4285.9707,3296.3157,1968.1423
forecast_6943,2025-10-17 07:00:00,3554.5732,2914.4202,1748.5957
forecast_6944,2025-10-17 08:00:00,2709.2913,2466.724,1481.6222
forecast_6945,2025-10-17 09:00:00,1832.4194,2053.0632,1253.1774
forecast_6946,2025-10-17 10:00:00,1289.1251,1671.7627,1097.8954
forecast_6947,2025-10-17 11:00:00,1015.6983,1387.369,1014.15826
forecast_6948,2025-10-17 12:00:00,894.4638,1216.0812,979.1597
forecast_6949,2025-10-17 13:00:00,858.0684,1128.5565,980.46436
forecast_6950,2025-10-17 14:00:00,888.3259,1098.3722,1011.51013
forecast_6951,2025-10-17 15:00:00,994.64056,1119.4933,1071.4215
forecast_6952,2025-10-17 16:00:00,1217.8888,1208.6173,1164.5121
forecast_6953,2025-10-17 17:00:00,1636.6993,1410.3624,1306.9192
forecast_6954,2025-10-17 18:00:00,2316.2156,1781.0255,1529.4064
forecast_6955,2025-10-17 19:00:00,3268.1125,2284.7588,1863.1559
forecast_6956,2025-10-17 20:00:00,4295.9526,2789.223,2287.4504
forecast_6957,2025-10-17 21:00:00,5077.399,3241.3008,2704.5654
forecast_6958,2025-10-17 22:00:00,5506.0273,3631.0222,2990.8726
forecast_6959,2025-10-17 23:00:00,5669.229,3951.5125,3107.2637
forecast_6960,2025-10-18 00:00:00,5670.6562,4190.949,3128.617
forecast_6961,2025-10-18 01:00:00,5515.5522,3906.8171,2683.0256
forecast_6962,2025-10-18 02:00:00,6105.6978,3622.1865,2312.6755
forecast_6963,2025-10-18 03:00:00,6832.543,3709.0735,2311.9878
forecast_6964,2025-10-18 04:00:00,6854.903,3665.1072,2239.4592
forecast_6965,2025-10-18 05:00:00,6282.4067,3618.418,2178.0613
forecast_6966,2025-10-18 06:00:00,5172.2407,3384.7915,2012.927
forecast_6967,2025-10-18 07:00:00,3960.6267,2986.81,1786.1523
forecast_6968,2025-10-18 08:00:00,2842.4868,2512.8599,1511.7189
forecast_6969,2025-10-18 09:00:00,1862.6984,2076.9783,1277.4458
forecast_6970,2025-10-18 10:00:00,1299.0671,1683.0278,1118.2985
forecast_6971,2025-10-18 11:00:00,1023.8395,1394.8118,1032.563
forecast_6972,2025-10-18 12:00:00,905.09314,1223.307,997.0164
forecast_6973,2025-10-18 13:00:00,872.3967,1136.7448,998.90027
forecast_6974,2025-10-18 14:00:00,908.68555,1108.1919,1031.4772
forecast_6975,2025-10-18 15:00:00,1024.0931,1131.8314,1094.0282
forecast_6976,2025-10-18 16:00:00,1261.2942,1225.304,1191.4114
forecast_6977,2025-10-18 17:00:00,1694.1245,1435.2494,1340.4578
forecast_6978,2025-10-18 18:00:00,2389.0432,1819.6064,1572.1357
forecast_6979,2025-10-18 19:00:00,3373.4846,2338.8179,1915.2996
forecast_6980,2025-10-18 20:00:00,4442.0566,2856.5854,2344.6506
forecast_6981,2025-10-18 21:00:00,5233.8164,3320.0708,2761.6826
forecast_6982,2025-10-18 22:00:00,5669.1147,3718.6863,3044.895
forecast_6983,2025-10-18 23:00:00,5870.376,4045.8335,3161.1575
forecast_6984,2025-10-19 00:00:00,5998.833,4290.914,3188.9062
forecast_6985,2025-10-19 01:00:00,6104.1436,4001.4863,2746.666
forecast_6986,2025-10-19 02:00:00,7102.8438,3710.0415,2373.1775
forecast_6987,2025-10-19 03:00:00,8033.6743,3801.4712,2369.8906
forecast_6988,2025-10-19 04:00:00,8121.9287,3765.161,2296.7917
forecast_6989,2025-10-19 05:00:00,7699.9854,3727.8945,2232.5066
forecast_6990,2025-10-19 06:00:00,6708.4795,3494.06,2061.928
forecast_6991,2025-10-19 07:00:00,5117.078,3076.1401,1826.8425
forecast_6992,2025-10-19 08:00:00,3252.8745,2568.453,1544.0057
forecast_6993,2025-10-19 09:00:00,1936.533,2104.6406,1303.3171
forecast_6994,2025-10-19 10:00:00,1318.8284,1695.6559,1139.9784
forecast_6995,2025-10-19 11:00:00,1040.7769,1402.9376,1052.0768
forecast_6996,2025-10-19 12:00:00,920.6853,1231.0759,1015.9139
forecast_6997,2025-10-19 13:00:00,890.3028,1145.4652,1018.3569
forecast_6998,2025-10-19 14:00:00,932.49097,1118.6224,1052.4657
forecast_6999,2025-10-19 15:00:00,1056.819,1144.9369,1117.6757
forecast_7000,2025-10-19 16:00:00,1306.9757,1243.0343,1219.3945
forecast_7001,2025-10-19 17:00:00,1752.3384,1461.651,1375.1306
forecast_7002,2025-10-19 18:00:00,2464.5042,1860.4362,1615.9464
forecast_7003,2025-10-19 19:00:00,3487.2021,2396.1453,1968.2241
forecast_7004,2025-10-19 20:00:00,4595.1025,2928.5544,2402.4614
forecast_7005,2025-10-19 21:00:00,5385.913,3404.8801,2819.7595
forecast_7006,2025-10-19 22:00:00,5817.6,3813.6555,3100.7563
forecast_7007,2025-10-19 23:00:00,6053.832,4148.625,3218.158
forecast_7008,2025-10-20 00:00:00,6318.9917,4400.594,3254.1406
forecast_7009,2025-10-20 01:00:00,6656.4062,4107.6245,2817.0754
forecast_7010,2025-10-20 02:00:00,7898.556,3811.2393,2440.9575
forecast_7011,2025-10-20 03:00:00,8757.552,3910.6372,2434.6282
forecast_7012,2025-10-20 04:00:00,8681.509,3886.8406,2360.6597
forecast_7013,2025-10-20 05:00:00,8233.581,3863.7717,2292.6992
forecast_7014,2025-10-20 06:00:00,7358.3784,3630.892,2115.6213
forecast_7015,2025-10-20 07:00:00,5976.135,3187.6902,1870.9425
forecast_7016,2025-10-20 08:00:00,3938.9993,2636.0825,1578.6279
forecast_7017,2025-10-20 09:00:00,2092.009,2136.7854,1330.8827
forecast_7018,2025-10-20 10:00:00,1344.3291,1709.8793,1163.0001
forecast_7019,2025-10-20 11:00:00,1062.8256,1411.8402,1072.7529
forecast_7020,2025-10-20 12:00:00,947.3046,1239.4587,1035.898
forecast_7021,2025-10-20 13:00:00,912.7329,1154.784,1038.872
forecast_7022,2025-10-20 14:00:00,959.5552,1129.7334,1074.5059
forecast_7023,2025-10-20 15:00:00,1092.2935,1158.8837,1142.3888
forecast_7024,2025-10-20 16:00:00,1354.2327,1261.8856,1248.4792
forecast_7025,2025-10-20 17:00:00,1811.1464,1489.6339,1410.9396
forecast_7026,2025-10-20 18:00:00,2543.1763,1903.5604,1660.8201
forecast_7027,2025-10-20 19:00:00,3609.9067,2456.8574,2021.9355
forecast_7028,2025-10-20 20:00:00,4752.3496,3005.4468,2460.9849
forecast_7029,2025-10-20 21:00:00,5528.5283,3496.3005,2879.001
forecast_7030,2025-10-20 22:00:00,5945.876,3916.7568,3158.7551
forecast_7031,2025-10-20 23:00:00,6216.1147,4260.956,3278.6157
forecast_7032,2025-10-21 00:00:00,6613.32,4521.2734,3324.8591
forecast_7033,2025-10-21 01:00:00,7113.844,4227.592,2895.0522
forecast_7034,2025-10-21 02:00:00,8458.725,3929.7612,2517.038
forecast_7035,2025-10-21 03:00:00,9186.603,4042.3965,2507.2332
forecast_7036,2025-10-21 04:00:00,8968.41,4037.7483,2432.0515
forecast_7037,2025-10-21 05:00:00,8486.035,4034.2576,2359.4253
forecast_7038,2025-10-21 06:00:00,7665.4937,3802.26,2174.5376
forecast_7039,2025-10-21 07:00:00,6357.903,3326.434,1918.7323
forecast_7040,2025-10-21 08:00:00,4477.079,2718.101,1615.726
forecast_7041,2025-10-21 09:00:00,2348.165,2174.1023,1360.2308
forecast_7042,2025-10-21 10:00:00,1382.322,1725.9388,1187.4259
forecast_7043,2025-10-21 11:00:00,1080.3369,1421.6235,1094.641
forecast_7044,2025-10-21 12:00:00,977.3603,1248.5312,1057.0099
forecast_7045,2025-10-21 13:00:00,943.4494,1164.778,1060.478
forecast_7046,2025-10-21 14:00:00,989.52277,1141.6029,1097.6243
forecast_7047,2025-10-21 15:00:00,1129.827,1173.7528,1168.1902
forecast_7048,2025-10-21 16:00:00,1402.4291,1281.9373,1278.682
forecast_7049,2025-10-21 17:00:00,1870.5013,1519.2546,1447.8868
forecast_7050,2025-10-21 18:00:00,2625.7168,1948.9988,1706.7452
forecast_7051,2025-10-21 19:00:00,3741.8872,2521.048,2076.4592
forecast_7052,2025-10-21 20:00:00,4910.154,3087.587,2520.339
forecast_7053,2025-10-21 21:00:00,5657.062,3594.949,2939.619
forecast_7054,2025-10-21 22:00:00,6051.5444,4028.9055,3219.1692
forecast_7055,2025-10-21 23:00:00,6359.122,4383.97,3342.8582
forecast_7056,2025-10-22 00:00:00,6872.929,4654.3306,3401.5808
forecast_7057,2025-10-22 01:00:00,7471.0894,4364.501,2981.3647
forecast_7058,2025-10-22 02:00:00,8857.752,4071.1926,2602.5068
forecast_7059,2025-10-22 03:00:00,9477.27,4204.7046,2588.8718
forecast_7060,2025-10-22 04:00:00,9167.305,4226.924,2512.1084
forecast_7061,2025-10-22 05:00:00,8653.235,4246.699,2433.5864
forecast_7062,2025-10-22 06:00:00,7877.5874,4011.92,2239.2537
forecast_7063,2025-10-22 07:00:00,6582.1704,3494.3875,1970.4856
forecast_7064,2025-10-22 08:00:00,4765.342,2815.9722,1655.4246
forecast_7065,2025-10-22 09:00:00,2640.224,2217.2405,1391.4403
forecast_7066,2025-10-22 10:00:00,1441.5591,1744.0826,1213.312
forecast_7067,2025-10-22 11:00:00,1098.1791,1432.4028,1117.785
forecast_7068,2025-10-22 12:00:00,1002.48584,1258.3777,1079.2833
forecast_7069,2025-10-22 13:00:00,980.10614,1175.5314,1083.2004
forecast_7070,2025-10-22 14:00:00,1022.78265,1154.3167,1121.8436
forecast_7071,2025-10-22 15:00:00,1168.7717,1189.6318,1195.1017
forecast_7072,2025-10-22 16:00:00,1451.0814,1303.2682,1310.0186
forecast_7073,2025-10-22 17:00:00,1930.4994,1550.558,1485.9734
forecast_7074,2025-10-22 18:00:00,2712.8228,1996.7402,1753.7161
forecast_7075,2025-10-22 19:00:00,3882.9524,2588.7854,2131.8306
forecast_7076,2025-10-22 20:00:00,5064.231,3175.2986,2580.6438
forecast_7077,2025-10-22 21:00:00,5768.2407,3701.4827,3001.8035
forecast_7078,2025-10-22 22:00:00,6135.6064,4151.0757,3282.2378
forecast_7079,2025-10-22 23:00:00,6487.42,4518.7925,3411.165
forecast_7080,2025-10-23 00:00:00,7095.776,4801.254,3484.7776
forecast_7081,2025-10-23 01:00:00,7745.6953,4522.556,3076.6995
forecast_7082,2025-10-23 02:00:00,9150.97,4243.029,2698.4666
forecast_7083,2025-10-23 03:00:00,9687.787,4407.112,2680.8276
forecast_7084,2025-10-23 04:00:00,9328.261,4462.0547,2602.1304
forecast_7085,2025-10-23 05:00:00,8784.966,4502.5054,2516.206
forecast_7086,2025-10-23 06:00:00,8044.878,4255.628,2310.3765
forecast_7087,2025-10-23 07:00:00,6749.1826,3688.3127,2026.4365
forecast_7088,2025-10-23 08:00:00,4912.574,2930.017,1697.8195
forecast_7089,2025-10-23 09:00:00,2874.1206,2266.852,1424.5756
forecast_7090,2025-10-23 10:00:00,1522.5702,1764.5668,1240.7008
forecast_7091,2025-10-23 11:00:00,1117.7809,1444.3043,1142.2157
forecast_7092,2025-10-23 12:00:00,1024.9442,1269.0873,1102.74
forecast_7093,2025-10-23 13:00:00,1011.4747,1187.1372,1107.0554
forecast_7094,2025-10-23 14:00:00,1062.5258,1167.9685,1147.1772
forecast_7095,2025-10-23 15:00:00,1208.8463,1206.6134,1223.1355
forecast_7096,2025-10-23 16:00:00,1499.9391,1325.9584,1342.4946
forecast_7097,2025-10-23 17:00:00,1991.3777,1583.5745,1525.1907
forecast_7098,2025-10-23 18:00:00,2805.216,2046.7412,1801.716
forecast_7099,2025-10-23 19:00:00,4032.295,2660.0972,2188.0723
forecast_7100,2025-10-23 20:00:00,5210.0986,3268.8936,2641.983
forecast_7101,2025-10-23 21:00:00,5860.6045,3816.5798,3065.6948
forecast_7102,2025-10-23 22:00:00,6201.648,4284.2363,3348.127
forecast_7103,2025-10-23 23:00:00,6605.623,4666.3994,3483.7427
forecast_7104,2025-10-24 00:00:00,7283.9683,4963.7817,3574.8384
forecast_7105,2025-10-24 01:00:00,7957.581,4707.326,3181.5876
forecast_7106,2025-10-24 02:00:00,9370.247,4454.0825,2805.9893
forecast_7107,2025-10-24 03:00:00,9842.615,4657.757,2784.49
forecast_7108,2025-10-24 04:00:00,9464.784,4743.4907,2703.5796
forecast_7109,2025-10-24 05:00:00,8899.059,4791.725,2608.4172
forecast_7110,2025-10-24 06:00:00,8180.475,4520.1465,2388.5083
forecast_7111,2025-10-24 07:00:00,6883.108,3900.6885,2086.7397
forecast_7112,2025-10-24 08:00:00,4993.582,3059.6614,1742.9541
forecast_7113,2025-10-24 09:00:00,3024.5137,2323.6304,1459.6729
forecast_7114,2025-10-24 10:00:00,1613.4258,1787.6593,1269.6156
forecast_7115,2025-10-24 11:00:00,1138.4945,1457.4694,1167.9451
forecast_7116,2025-10-24 12:00:00,1046.1998,1280.7568,1127.3826
forecast_7117,2025-10-24 13:00:00,1039.986,1199.7001,1132.0436
forecast_7118,2025-10-24 14:00:00,1103.5044,1182.6615,1173.6287
forecast_7119,2025-10-24 15:00:00,1251.3026,1224.7969,1252.2954
forecast_7120,2025-10-24 16:00:00,1549.2112,1350.0839,1376.1034
forecast_7121,2025-10-24 17:00:00,2053.5576,1618.3164,1565.5117
forecast_7122,2025-10-24 18:00:00,2903.6807,2098.9138,1850.703
forecast_7123,2025-10-24 19:00:00,4188.3594,2734.965,2245.1677
forecast_7124,2025-10-24 20:00:00,5343.646,3368.6538,2704.3796
forecast_7125,2025-10-24 21:00:00,5934.5317,3940.902,3131.339
forecast_7126,2025-10-24 22:00:00,6254.628,4429.232,3416.8962
forecast_7127,2025-10-24 23:00:00,6717.079,4827.4604,3560.7002
forecast_7128,2025-10-25 00:00:00,7441.6875,5144.188,3672.0232
forecast_7129,2025-10-25 01:00:00,8123.231,4925.478,3296.3418
forecast_7130,2025-10-25 02:00:00,9536.545,4711.6533,2926.052
forecast_7131,2025-10-25 03:00:00,9957.422,4956.973,2901.3088
forecast_7132,2025-10-25 04:00:00,9580.749,5058.517,2818.0408
forecast_7133,2025-10-25 05:00:00,9002.072,5094.601,2711.422
forecast_7134,2025-10-25 06:00:00,8289.926,4789.743,2474.1765
forecast_7135,2025-10-25 07:00:00,6989.956,4123.4897,2151.4006
forecast_7136,2025-10-25 08:00:00,5041.393,3203.8733,1790.7913
forecast_7137,2025-10-25 09:00:00,3112.9204,2388.3027,1496.7222
forecast_7138,2025-10-25 10:00:00,1698.959,1813.6439,1300.0444
forecast_7139,2025-10-25 11:00:00,1159.5912,1472.0443,1194.9539
forecast_7140,2025-10-25 12:00:00,1066.873,1293.4917,1153.1847
forecast_7141,2025-10-25 13:00:00,1067.3174,1213.3322,1158.1447
forecast_7142,2025-10-25 14:00:00,1140.3959,1198.5034,1201.1842
forecast_7143,2025-10-25 15:00:00,1297.8556,1244.2821,1282.564
forecast_7144,2025-10-25 16:00:00,1599.9865,1375.7142,1410.81
forecast_7145,2025-10-25 17:00:00,2117.728,1654.772,1606.8672
forecast_7146,2025-10-25 18:00:00,3009.0725,2153.1248,1900.5774
forecast_7147,2025-10-25 19:00:00,4348.6904,2813.3052,2303.0188
forecast_7148,2025-10-25 20:00:00,5461.716,3474.809,2767.7375
forecast_7149,2025-10-25 21:00:00,5991.8867,4075.0198,3198.6536
forecast_7150,2025-10-25 22:00:00,6299.778,4586.5806,3488.4749
forecast_7151,2025-10-25 23:00:00,6823.723,5002.2666,3642.023
forecast_7152,2025-10-26 00:00:00,7573.8345,5345.597,3776.4253
forecast_7153,2025-10-26 01:00:00,8255.49,5183.0234,3421.0051
forecast_7154,2025-10-26 02:00:00,9665.752,5015.9214,3059.4795
forecast_7155,2025-10-26 03:00:00,10044.864,5291.2983,3032.7393
forecast_7156,2025-10-26 04:00:00,9678.396,5384.1963,2947.1492
forecast_7157,2025-10-26 05:00:00,9095.089,5392.092,2826.3918
forecast_7158,2025-10-26 06:00:00,8377.138,5054.0933,2567.6963
forecast_7159,2025-10-26 07:00:00,7072.764,4351.1514,2220.1738
forecast_7160,2025-10-26 08:00:00,5070.5825,3361.4658,1841.1755
forecast_7161,2025-10-26 09:00:00,3164.2205,2461.597,1535.6465
forecast_7162,2025-10-26 10:00:00,1770.1931,1842.8135,1331.9249
forecast_7163,2025-10-26 11:00:00,1180.339,1488.1873,1223.1726
forecast_7164,2025-10-26 12:00:00,1087.1176,1307.4049,1180.0801
forecast_7165,2025-10-26 13:00:00,1093.9542,1228.1534,1185.3079
forecast_7166,2025-10-26 14:00:00,1175.0155,1215.609,1229.8033
forecast_7167,2025-10-26 15:00:00,1343.1489,1265.1682,1313.8923
forecast_7168,2025-10-26 16:00:00,1652.1913,1402.9084,1446.5323
forecast_7169,2025-10-26 17:00:00,2184.5056,1692.9055,1649.1139
forecast_7170,2025-10-26 18:00:00,3122.0557,2209.1863,1951.1315
forecast_7171,2025-10-26 19:00:00,4509.9365,2894.9595,2361.3843
forecast_7172,2025-10-26 20:00:00,5562.532,3587.4985,2831.794
forecast_7173,2025-10-26 21:00:00,6035.451,4219.291,3267.3838
forecast_7174,2025-10-26 22:00:00,6341.868,4756.235,3562.6362
forecast_7175,2025-10-26 23:00:00,6926.497,5190.811,3727.556
forecast_7176,2025-10-27 00:00:00,7685.312,5572.003,3887.9365
forecast_7177,2025-10-27 01:00:00,8364.429,5481.534,3555.3484
forecast_7178,2025-10-27 02:00:00,9770.631,5354.976,3206.885
forecast_7179,2025-10-27 03:00:00,10115.149,5636.475,3180.1448
forecast_7180,2025-10-27 04:00:00,9760.02,5699.717,3092.4387
forecast_7181,2025-10-27 05:00:00,9177.076,5674.6396,2954.272
forecast_7182,2025-10-27 06:00:00,8445.676,5310.1772,2668.9478
forecast_7183,2025-10-27 07:00:00,7134.988,4581.063,2292.4343
forecast_7184,2025-10-27 08:00:00,5088.5435,3531.2449,1893.7859
forecast_7185,2025-10-27 09:00:00,3194.7227,2544.1812,1576.2703
forecast_7186,2025-10-27 10:00:00,1825.3265,1875.4725,1365.114
forecast_7187,2025-10-27 11:00:00,1200.0876,1506.0564,1252.4595
forecast_7188,2025-10-27 12:00:00,1106.9913,1322.6141,1207.9476
forecast_7189,2025-10-27 13:00:00,1120.1746,1244.2894,1213.4445
forecast_7190,2025-10-27 14:00:00,1208.6042,1234.0931,1259.4053
forecast_7191,2025-10-27 15:00:00,1386.6669,1287.5509,1346.1774
forecast_7192,2025-10-27 16:00:00,1704.4683,1431.7114,1483.1006
forecast_7193,2025-10-27 17:00:00,2254.1194,1732.6511,1691.9751
forecast_7194,2025-10-27 18:00:00,3242.8323,2266.8545,2001.9725
forecast_7195,2025-10-27 19:00:00,4668.121,2979.671,2419.8057
forecast_7196,2025-10-27 20:00:00,5645.8423,3706.7112,2896.0596
forecast_7197,2025-10-27 21:00:00,6068.3813,4373.6816,3337.0735
forecast_7198,2025-10-27 22:00:00,6384.8325,4937.3667,3638.9827
forecast_7199,2025-10-27 23:00:00,7025.8853,5393.0557,3816.9824
forecast_7200,2025-10-28 00:00:00,7780.7446,5827.321,4006.2327
forecast_7201,2025-10-28 01:00:00,8458.188,5813.9106,3698.9177
forecast_7202,2025-10-28 02:00:00,9861.544,5707.268,3368.6362
forecast_7203,2025-10-28 03:00:00,10175.86,5970.0264,3344.653
forecast_7204,2025-10-28 04:00:00,9827.834,5995.4966,3255.1023
forecast_7205,2025-10-28 05:00:00,9247.073,5941.796,3095.46
forecast_7206,2025-10-28 06:00:00,8498.999,5559.4956,2777.025
forecast_7207,2025-10-28 07:00:00,7180.641,4812.7036,2367.0146
forecast_7208,2025-10-28 08:00:00,5099.644,3712.0571,1948.0835
forecast_7209,2025-10-28 09:00:00,3213.7842,2636.594,1618.2769
forecast_7210,2025-10-28 10:00:00,1866.5182,1911.9243,1399.3529
forecast_7211,2025-10-28 11:00:00,1218.4912,1525.8075,1282.5709
forecast_7212,2025-10-28 12:00:00,1126.6029,1339.2443,1236.5983
forecast_7213,2025-10-28 13:00:00,1146.2454,1261.8667,1242.4071
forecast_7214,2025-10-28 14:00:00,1241.9249,1254.066,1289.8442
forecast_7215,2025-10-28 15:00:00,1429.514,1311.512,1379.2181
forecast_7216,2025-10-28 16:00:00,1756.8907,1462.1471,1520.1965
forecast_7217,2025-10-28 17:00:00,2326.8823,1773.9106,1734.9526
forecast_7218,2025-10-28 18:00:00,3371.1538,2325.8276,2052.4297
forecast_7219,2025-10-28 19:00:00,4819.1104,3067.0735,2477.5266
forecast_7220,2025-10-28 20:00:00,5712.7607,3832.195,2959.778
forecast_7221,2025-10-28 21:00:00,6093.819,4537.5312,3407.0479
forecast_7222,2025-10-28 22:00:00,6431.638,5128.3003,3716.9421
forecast_7223,2025-10-28 23:00:00,7122.3003,5609.261,3909.8179
forecast_7224,2025-10-29 00:00:00,7864.4297,6113.0215,4130.803
forecast_7225,2025-10-29 01:00:00,8543.615,6164.058,3851.1597
forecast_7226,2025-10-29 02:00:00,9946.815,6051.846,3544.834
forecast_7227,2025-10-29 03:00:00,10231.977,6280.6255,3526.9797
forecast_7228,2025-10-29 04:00:00,9883.8125,6271.897,3435.6096
forecast_7229,2025-10-29 05:00:00,9305.223,6197.393,3249.2778
forecast_7230,2025-10-29 06:00:00,8540.399,5805.007,2889.7126
forecast_7231,2025-10-29 07:00:00,7213.7466,5046.582,2442.0762
forecast_7232,2025-10-29 08:00:00,5106.7563,3902.8079,2003.2588
forecast_7233,2025-10-29 09:00:00,3226.7036,2739.1733,1661.1589
forecast_7234,2025-10-29 10:00:00,1897.1056,1952.4592,1434.2117
forecast_7235,2025-10-29 11:00:00,1235.5592,1547.5872,1313.1313
forecast_7236,2025-10-29 12:00:00,1146.1139,1357.4174,1265.7576
forecast_7237,2025-10-29 13:00:00,1172.4401,1281.0056,1271.9696
forecast_7238,2025-10-29 14:00:00,1275.5077,1275.6301,1320.8643
forecast_7239,2025-10-29 15:00:00,1472.3259,1337.117,1412.6483
forecast_7240,2025-10-29 16:00:00,1809.946,1494.2152,1557.2433
forecast_7241,2025-10-29 17:00:00,2403.2524,1816.5548,1777.1927
forecast_7242,2025-10-29 18:00:00,3506.311,2385.7458,2101.419
forecast_7243,2025-10-29 19:00:00,4959.1196,3156.652,2533.4116
forecast_7244,2025-10-29 20:00:00,5765.3853,3963.3352,3021.889
forecast_7245,2025-10-29 21:00:00,6114.68,4709.3604,3476.4053
forecast_7246,2025-10-29 22:00:00,6484.3237,5326.664,3795.7725
forecast_7247,2025-10-29 23:00:00,7216.321,5840.0625,4005.3953
forecast_7248,2025-10-30 00:00:00,7940.4116,6425.058,4261.0317
forecast_7249,2025-10-30 01:00:00,8626.725,6512.809,4011.6162
forecast_7250,2025-10-30 02:00:00,10032.876,6376.633,3735.3018
forecast_7251,2025-10-30 03:00:00,10286.139,6567.292,3727.1746
forecast_7252,2025-10-30 04:00:00,9929.83,6533.51,3633.1704
forecast_7253,2025-10-30 05:00:00,9352.847,6445.7983,3413.1672
forecast_7254,2025-10-30 06:00:00,8572.839,6049.3945,3002.8066
forecast_7255,2025-10-30 07:00:00,7237.8823,5283.4595,2515.0447
forecast_7256,2025-10-30 08:00:00,5111.8613,4102.453,2058.1748
forecast_7257,2025-10-30 09:00:00,3236.5645,2851.9897,1704.1509
forecast_7258,2025-10-30 10:00:00,1920.2744,1997.3342,1469.0214
forecast_7259,2025-10-30 11:00:00,1251.5522,1571.5238,1343.6117
forecast_7260,2025-10-30 12:00:00,1165.7103,1377.2532,1295.0463
forecast_7261,2025-10-30 13:00:00,1199.02,1301.8129,1301.7754
forecast_7262,2025-10-30 14:00:00,1309.7594,1298.8655,1352.0231
forecast_7263,2025-10-30 15:00:00,1515.5961,1364.4036,1445.8093
forecast_7264,2025-10-30 16:00:00,1864.1711,1527.8834,1593.2408
forecast_7265,2025-10-30 17:00:00,2483.6982,1860.4221,1817.3038
forecast_7266,2025-10-30 18:00:00,3647.0671,2446.1995,2147.301
forecast_7267,2025-10-30 19:00:00,5085.1484,3247.7117,2585.8652
forecast_7268,2025-10-30 20:00:00,5806.3335,4099.0063,3081.0063
forecast_7269,2025-10-30 21:00:00,6133.5967,4886.7715,3544.02
forecast_7270,2025-10-30 22:00:00,6544.1196,5529.7114,3874.5647
forecast_7271,2025-10-30 23:00:00,7308.8037,6085.983,4102.8735
forecast_7272,2025-10-31 00:00:00,8012.579,6752.5957,4396.359
forecast_7273,2025-10-31 01:00:00,8713.003,6845.583,4180.163
forecast_7274,2025-10-31 02:00:00,10124.225,6678.5073,3939.5781
forecast_7275,2025-10-31 03:00:00,10339.161,6834.0557,3944.265
forecast_7276,2025-10-31 04:00:00,9967.908,6785.033,3844.9182
forecast_7277,2025-10-31 05:00:00,9392.004,6690.2793,3581.467
forecast_7278,2025-10-31 06:00:00,8598.835,6294.3677,3109.366
forecast_7279,2025-10-31 07:00:00,7255.9595,5523.8677,2582.722
forecast_7280,2025-10-31 08:00:00,5116.338,4309.966,2111.3176
forecast_7281,2025-10-31 09:00:00,3245.2317,2974.8035,1746.1252
forecast_7282,2025-10-31 10:00:00,1938.6465,2046.7478,1502.8003
forecast_7283,2025-10-31 11:00:00,1266.853,1597.7207,1373.3184
forecast_7284,2025-10-31 12:00:00,1185.5793,1398.8535,1323.9412
forecast_7285,2025-10-31 13:00:00,1226.2358,1324.3716,1331.2585
forecast_7286,2025-10-31 14:00:00,1345.0299,1323.824,1382.5533
forecast_7287,2025-10-31 15:00:00,1559.8091,1393.3739,1477.5542
forecast_7288,2025-10-31 16:00:00,1920.1377,1563.0854,1626.5121
forecast_7289,2025-10-31 17:00:00,2568.632,1905.3281,1853.117
forecast_7290,2025-10-31 18:00:00,3791.6357,2506.7314,2187.7158
forecast_7291,2025-10-31 19:00:00,5195.304,3339.3174,2632.767
forecast_7292,2025-10-31 20:00:00,5838.3296,4237.452,3135.4014
forecast_7293,2025-10-31 21:00:00,6152.9385,5066.5444,3608.5273
forecast_7294,2025-10-31 22:00:00,6611.637,5734.657,3952.2466
forecast_7295,2025-10-31 23:00:00,7400.9233,6346.256,4201.2437
forecast_7296,2025-11-01 00:00:00,8084.7817,7080.651,4536.552
forecast_7297,2025-11-01 01:00:00,8743.873,7186.608,4357.9985
forecast_7298,2025-11-01 02:00:00,10097.621,7057.622,4103.992
forecast_7299,2025-11-01 03:00:00,10241.391,7272.857,4058.2358
forecast_7300,2025-11-01 04:00:00,9874.812,7315.0356,3900.212
forecast_7301,2025-11-01 05:00:00,9335.298,7325.3745,3574.267
forecast_7302,2025-11-01 06:00:00,8606.431,7063.688,3068.3137
forecast_7303,2025-11-01 07:00:00,7367.4976,6434.2563,2555.7217
forecast_7304,2025-11-01 08:00:00,5317.6772,5250.2695,2102.5054
forecast_7305,2025-11-01 09:00:00,3434.8994,3662.9163,1736.1973
forecast_7306,2025-11-01 10:00:00,2100.0852,2365.176,1483.8682
forecast_7307,2025-11-01 11:00:00,1348.761,1764.4968,1347.653
forecast_7308,2025-11-01 12:00:00,1253.6128,1532.6781,1294.3004
forecast_7309,2025-11-01 13:00:00,1314.336,1464.0997,1298.2056
forecast_7310,2025-11-01 14:00:00,1459.9479,1482.5438,1345.9061
forecast_7311,2025-11-01 15:00:00,1703.6884,1586.6064,1437.1934
forecast_7312,2025-11-01 16:00:00,2087.0608,1814.2825,1583.6936
forecast_7313,2025-11-01 17:00:00,2762.2825,2242.4834,1812.046
forecast_7314,2025-11-01 18:00:00,3996.9377,2952.5618,2155.5957
forecast_7315,2025-11-01 19:00:00,5307.4688,3958.805,2613.045
forecast_7316,2025-11-01 20:00:00,5881.788,5088.302,3122.7107
forecast_7317,2025-11-01 21:00:00,6205.744,6068.699,3603.1643
forecast_7318,2025-11-01 22:00:00,6770.803,6928.9253,3953.0466
forecast_7319,2025-11-01 23:00:00,7614.6865,7956.456,4197.306
forecast_7320,2025-11-02 00:00:00,8293.166,8641.776,4517.557
forecast_7321,2025-11-02 01:00:00,9100.947,8545.227,4340.874
forecast_7322,2025-11-02 02:00:00,10388.036,8233.039,4107.302
forecast_7323,2025-11-02 03:00:00,10367.115,8285.205,4101.409
forecast_7324,2025-11-02 04:00:00,9897.28,8247.718,3993.2344
forecast_7325,2025-11-02 05:00:00,9299.4,8185.945,3702.248
forecast_7326,2025-11-02 06:00:00,8539.2705,7883.2637,3190.021
forecast_7327,2025-11-02 07:00:00,7205.986,7217.491,2645.8281
forecast_7328,2025-11-02 08:00:00,5150.5884,5959.3784,2176.3313
forecast_7329,2025-11-02 09:00:00,3340.776,4174.98,1801.7743
forecast_7330,2025-11-02 10:00:00,2035.1055,2596.4756,1541.5918
forecast_7331,2025-11-02 11:00:00,1344.2847,1864.5488,1399.078
forecast_7332,2025-11-02 12:00:00,1275.6119,1599.8783,1342.2738
forecast_7333,2025-11-02 13:00:00,1352.788,1524.2703,1346.0245
forecast_7334,2025-11-02 14:00:00,1516.9194,1541.8639,1396.4834
forecast_7335,2025-11-02 15:00:00,1771.2805,1648.5042,1493.2417
forecast_7336,2025-11-02 16:00:00,2156.5947,1881.9443,1647.6577
forecast_7337,2025-11-02 17:00:00,2827.3118,2316.2534,1885.9674
forecast_7338,2025-11-02 18:00:00,4067.1526,3029.3613,2239.0688
forecast_7339,2025-11-02 19:00:00,5356.4214,4052.775,2700.8643
forecast_7340,2025-11-02 20:00:00,5901.401,5213.675,3209.1409
forecast_7341,2025-11-02 21:00:00,6237.14,6211.1807,3686.6184
forecast_7342,2025-11-02 22:00:00,6860.1147,7112.802,4038.8474
forecast_7343,2025-11-02 23:00:00,7728.0107,8163.336,4298.205
forecast_7344,2025-11-03 00:00:00,8410.883,8808.146,4663.7695
forecast_7345,2025-11-03 01:00:00,9264.976,8713.423,4528.774
forecast_7346,2025-11-03 02:00:00,10504.238,8408.932,4331.887
forecast_7347,2025-11-03 03:00:00,10412.177,8459.681,4336.232
forecast_7348,2025-11-03 04:00:00,9924.45,8427.921,4206.7617
forecast_7349,2025-11-03 05:00:00,9318.8545,8368.4795,3841.6152
forecast_7350,2025-11-03 06:00:00,8549.452,8073.6484,3249.0896
forecast_7351,2025-11-03 07:00:00,7209.087,7417.5444,2689.8103
forecast_7352,2025-11-03 08:00:00,5152.8716,6158.1943,2220.983
forecast_7353,2025-11-03 09:00:00,3349.872,4330.3037,1839.0774
forecast_7354,2025-11-03 10:00:00,2049.727,2675.8403,1571.4751
forecast_7355,2025-11-03 11:00:00,1359.6569,1905.9962,1426.1047
forecast_7356,2025-11-03 12:00:00,1297.0806,1633.1656,1369.3146
forecast_7357,2025-11-03 13:00:00,1384.5073,1557.3281,1373.447
forecast_7358,2025-11-03 14:00:00,1561.4121,1576.7919,1423.5914
forecast_7359,2025-11-03 15:00:00,1828.9331,1687.0026,1518.7408
forecast_7360,2025-11-03 16:00:00,2227.0947,1925.672,1670.7136
forecast_7361,2025-11-03 17:00:00,2917.3545,2363.986,1907.804
forecast_7362,2025-11-03 18:00:00,4183.5376,3075.4978,2263.86
forecast_7363,2025-11-03 19:00:00,5418.9673,4105.7954,2733.6301
forecast_7364,2025-11-03 20:00:00,5924.058,5291.2715,3251.8955
forecast_7365,2025-11-03 21:00:00,6278.8447,6309.389,3742.7112
forecast_7366,2025-11-03 22:00:00,6965.3086,7252.6772,4112.443
forecast_7367,2025-11-03 23:00:00,7854.5522,8325.6045,4396.15
forecast_7368,2025-11-04 00:00:00,8546.958,8949.726,4818.9155
forecast_7369,2025-11-04 01:00:00,9441.981,8862.024,4732.328
forecast_7370,2025-11-04 02:00:00,10613.503,8570.462,4564.508
forecast_7371,2025-11-04 03:00:00,10455.612,8621.958,4567.75
forecast_7372,2025-11-04 04:00:00,9951.747,8596.359,4391.809
forecast_7373,2025-11-04 05:00:00,9337.227,8539.282,3923.202
forecast_7374,2025-11-04 06:00:00,8559.315,8252.399,3262.2935
forecast_7375,2025-11-04 07:00:00,7212.9854,7606.988,2717.8447
forecast_7376,2025-11-04 08:00:00,5157.9604,6349.478,2256.4944
forecast_7377,2025-11-04 09:00:00,3361.4202,4482.6567,1868.2551
forecast_7378,2025-11-04 10:00:00,2066.1294,2755.894,1595.0254
forecast_7379,2025-11-04 11:00:00,1376.0188,1948.2701,1448.6774
forecast_7380,2025-11-04 12:00:00,1319.454,1667.0387,1392.2277
forecast_7381,2025-11-04 13:00:00,1417.4607,1590.7064,1395.6868
forecast_7382,2025-11-04 14:00:00,1608.0219,1611.8829,1443.2119
forecast_7383,2025-11-04 15:00:00,1890.4099,1725.456,1533.1898
forecast_7384,2025-11-04 16:00:00,2302.5684,1968.7871,1678.6555
forecast_7385,2025-11-04 17:00:00,3011.496,2409.2441,1911.2908
forecast_7386,2025-11-04 18:00:00,4295.8906,3114.5654,2269.4143
forecast_7387,2025-11-04 19:00:00,5471.8584,4143.616,2749.6785
forecast_7388,2025-11-04 20:00:00,5946.9736,5347.678,3281.5354
forecast_7389,2025-11-04 21:00:00,6330.129,6385.3467,3788.9976
forecast_7390,2025-11-04 22:00:00,7082.123,7366.273,4180.1245
forecast_7391,2025-11-04 23:00:00,7995.4243,8456.162,4491.741
forecast_7392,2025-11-05 00:00:00,8702.645,9068.209,4990.9385
forecast_7393,2025-11-05 01:00:00,9625.545,8992.225,4956.076
forecast_7394,2025-11-05 02:00:00,10713.671,8718.294,4791.3237
forecast_7395,2025-11-05 03:00:00,10498.781,8772.403,4764.2085
forecast_7396,2025-11-05 04:00:00,9979.624,8753.134,4496.945
forecast_7397,2025-11-05 05:00:00,9355.313,8698.3,3898.588
forecast_7398,2025-11-05 06:00:00,8569.642,8419.226,3225.8645
forecast_7399,2025-11-05 07:00:00,7218.8965,7785.158,2727.7334
forecast_7400,2025-11-05 08:00:00,5166.704,6532.1377,2277.9363
forecast_7401,2025-11-05 09:00:00,3376.0283,4630.84,1884.8026
forecast_7402,2025-11-05 10:00:00,2085.2742,2835.8657,1609.6711
forecast_7403,2025-11-05 11:00:00,1393.7017,1991.0289,1464.3522
forecast_7404,2025-11-05 12:00:00,1342.8379,1701.213,1407.7045
forecast_7405,2025-11-05 13:00:00,1451.6996,1624.1412,1408.0756
forecast_7406,2025-11-05 14:00:00,1656.81,1646.8922,1448.9005
forecast_7407,2025-11-05 15:00:00,1955.9136,1763.6182,1528.4647
forecast_7408,2025-11-05 16:00:00,2383.2878,2010.962,1662.4583
forecast_7409,2025-11-05 17:00:00,3109.9702,2451.6174,1887.2142
forecast_7410,2025-11-05 18:00:00,4403.3564,3146.4346,2246.8062
forecast_7411,2025-11-05 19:00:00,5517.032,4166.219,2741.6895
forecast_7412,2025-11-05 20:00:00,5971.762,5382.695,3292.9397
forecast_7413,2025-11-05 21:00:00,6392.9717,6438.8657,3821.432
forecast_7414,2025-11-05 22:00:00,7212.196,7452.3076,4239.3926
forecast_7415,2025-11-05 23:00:00,8153.1045,8557.0,4585.237
forecast_7416,2025-11-06 00:00:00,8876.434,9165.253,5195.513
forecast_7417,2025-11-06 01:00:00,9807.904,9105.321,5185.1675
forecast_7418,2025-11-06 02:00:00,10804.186,8853.1875,4959.7725
forecast_7419,2025-11-06 03:00:00,10542.426,8911.54,4844.054
forecast_7420,2025-11-06 04:00:00,10008.292,8898.584,4421.8154
forecast_7421,2025-11-06 05:00:00,9373.923,8845.762,3729.1597
forecast_7422,2025-11-06 06:00:00,8581.269,8574.179,3149.542
forecast_7423,2025-11-06 07:00:00,7228.164,7951.755,2715.6995
forecast_7424,2025-11-06 08:00:00,5180.0884,6705.3774,2277.8147
forecast_7425,2025-11-06 09:00:00,3394.3157,4773.8335,1883.9103
forecast_7426,2025-11-06 10:00:00,2108.022,2915.0142,1612.1548
forecast_7427,2025-11-06 11:00:00,1413.0271,2033.9282,1468.8347
forecast_7428,2025-11-06 12:00:00,1367.3339,1735.4208,1409.6405
forecast_7429,2025-11-06 13:00:00,1487.2773,1657.3976,1402.2406
forecast_7430,2025-11-06 14:00:00,1707.822,1681.6073,1429.9535
forecast_7431,2025-11-06 15:00:00,2025.5051,1801.2622,1492.6687
forecast_7432,2025-11-06 16:00:00,2469.4067,2051.8909,1610.347
forecast_7433,2025-11-06 17:00:00,3213.1199,2490.8184,1823.6705
forecast_7434,2025-11-06 18:00:00,4505.591,3171.3445,2182.964
forecast_7435,2025-11-06 19:00:00,5556.6113,4174.357,2697.2734
forecast_7436,2025-11-06 20:00:00,6000.0474,5396.906,3277.4146
forecast_7437,2025-11-06 21:00:00,6469.411,6470.437,3833.3774
forecast_7438,2025-11-06 22:00:00,7357.363,7510.8003,4286.2466
forecast_7439,2025-11-06 23:00:00,8328.781,8630.349,4678.7666
forecast_7440,2025-11-07 00:00:00,9063.688,9242.458,5440.9404
forecast_7441,2025-11-07 01:00:00,9981.821,9202.623,5283.505
forecast_7442,2025-11-07 02:00:00,10885.692,8975.954,4899.85
forecast_7443,2025-11-07 03:00:00,10586.722,9039.999,4619.7407
forecast_7444,2025-11-07 04:00:00,10037.993,9033.233,4029.91
forecast_7445,2025-11-07 05:00:00,9393.928,8982.131,3452.2488
forecast_7446,2025-11-07 06:00:00,8595.145,8717.593,3046.0903
forecast_7447,2025-11-07 07:00:00,7242.245,8106.8037,2672.9253
forecast_7448,2025-11-07 08:00:00,5199.203,6868.7007,2247.056
forecast_7449,2025-11-07 09:00:00,3416.8892,4910.823,1860.9363
forecast_7450,2025-11-07 10:00:00,2135.138,2992.6597,1596.9993
forecast_7451,2025-11-07 11:00:00,1434.3241,2076.6382,1453.8131
forecast_7452,2025-11-07 12:00:00,1393.052,1769.4198,1386.6918
forecast_7453,2025-11-07 13:00:00,1524.2642,1690.2816,1363.9368
forecast_7454,2025-11-07 14:00:00,1761.0901,1715.8496,1370.884
forecast_7455,2025-11-07 15:00:00,2099.0908,1838.1908,1411.9625
forecast_7456,2025-11-07 16:00:00,2560.9875,2091.318,1510.7003
forecast_7457,2025-11-07 17:00:00,3321.4082,2526.7117,1707.9364
forecast_7458,2025-11-07 18:00:00,4602.8354,3189.8643,2059.02
forecast_7459,2025-11-07 19:00:00,5592.8003,4169.4736,2592.623
forecast_7460,2025-11-07 20:00:00,6033.551,5391.639,3216.7898
forecast_7461,2025-11-07 21:00:00,6561.54,6481.212,3812.2405
forecast_7462,2025-11-07 22:00:00,7519.3438,7542.8735,4310.5747
forecast_7463,2025-11-07 23:00:00,8521.601,8678.488,4762.3325
forecast_7464,2025-11-08 00:00:00,9257.275,9301.36,5540.414
forecast_7465,2025-11-08 01:00:00,10142.113,9285.372,4797.0845
forecast_7466,2025-11-08 02:00:00,10959.426,9087.415,4252.88
forecast_7467,2025-11-08 03:00:00,10631.539,9158.483,3836.4248
forecast_7468,2025-11-08 04:00:00,10069.157,9157.76,3396.2214
forecast_7469,2025-11-08 05:00:00,9416.284,9108.061,3161.262
forecast_7470,2025-11-08 06:00:00,8612.3,8850.038,2911.3064
forecast_7471,2025-11-08 07:00:00,7262.625,8250.615,2584.594
forecast_7472,2025-11-08 08:00:00,5225.185,7021.9043,2178.5671
forecast_7473,2025-11-08 09:00:00,3444.3203,5041.1997,1809.5063
forecast_7474,2025-11-08 10:00:00,2167.2896,3068.2075,1553.0653
forecast_7475,2025-11-08 11:00:00,1457.9469,2118.854,1403.5758
forecast_7476,2025-11-08 12:00:00,1420.1136,1803.0029,1319.9259
forecast_7477,2025-11-08 13:00:00,1562.7506,1722.6378,1274.2406
forecast_7478,2025-11-08 14:00:00,1816.6354,1749.4797,1257.8962
forecast_7479,2025-11-08 15:00:00,2176.445,1874.2429,1280.0325
forecast_7480,2025-11-08 16:00:00,2658.0327,2129.058,1361.2303
forecast_7481,2025-11-08 17:00:00,3435.3887,2559.327,1534.2511
forecast_7482,2025-11-08 18:00:00,4695.9233,3202.8347,1853.1735
forecast_7483,2025-11-08 19:00:00,5627.8193,4153.59,2379.5728
forecast_7484,2025-11-08 20:00:00,6074.171,5368.936,3060.3738
forecast_7485,2025-11-08 21:00:00,6671.4424,6472.9766,3723.621
forecast_7486,2025-11-08 22:00:00,7699.239,7550.568,4254.1343
forecast_7487,2025-11-08 23:00:00,8728.196,8703.692,4614.9277
forecast_7488,2025-11-09 00:00:00,9449.192,9343.42,4637.4214
forecast_7489,2025-11-09 01:00:00,10286.271,9354.724,3408.941
forecast_7490,2025-11-09 02:00:00,11026.758,9188.405,2950.517
forecast_7491,2025-11-09 03:00:00,10676.788,9267.772,2863.8142
forecast_7492,2025-11-09 04:00:00,10102.454,9272.975,2862.048
forecast_7493,2025-11-09 05:00:00,9442.006,9224.369,2871.1128
forecast_7494,2025-11-09 06:00:00,8633.812,8972.274,2722.2053
forecast_7495,2025-11-09 07:00:00,7290.722,8383.734,2442.0679
forecast_7496,2025-11-09 08:00:00,5259.1694,7165.038,2068.7053
forecast_7497,2025-11-09 09:00:00,3477.1445,5164.553,1716.8827
forecast_7498,2025-11-09 10:00:00,2205.049,3141.1516,1459.4526
forecast_7499,2025-11-09 11:00:00,1484.3003,2160.2944,1294.8745
forecast_7500,2025-11-09 12:00:00,1448.6597,1835.9983,1190.6854
forecast_7501,2025-11-09 13:00:00,1602.8464,1754.3546,1127.217
forecast_7502,2025-11-09 14:00:00,1874.4727,1782.3982,1099.856
forecast_7503,2025-11-09 15:00:00,2257.2517,1909.3044,1114.378
forecast_7504,2025-11-09 16:00:00,2760.5222,2165.018,1181.1566
forecast_7505,2025-11-09 17:00:00,3555.6282,2588.864,1319.2446
forecast_7506,2025-11-09 18:00:00,4786.188,3211.316,1566.1543
forecast_7507,2025-11-09 19:00:00,5663.883,4129.2026,1994.4105
forecast_7508,2025-11-09 20:00:00,6124.016,5331.555,2651.67
forecast_7509,2025-11-09 21:00:00,6801.013,6448.1763,3353.051
forecast_7510,2025-11-09 22:00:00,7896.896,7536.763,3647.2175
forecast_7511,2025-11-09 23:00:00,8942.928,8708.318,3353.4104
forecast_7512,2025-11-10 00:00:00,9632.477,9370.036,2908.1672
forecast_7513,2025-11-10 01:00:00,10414.187,9411.736,2297.6604
forecast_7514,2025-11-10 02:00:00,11089.057,9279.77,2104.1113
forecast_7515,2025-11-10 03:00:00,10722.646,9368.716,2269.4968
forecast_7516,2025-11-10 04:00:00,10138.766,9379.818,2435.9736
forecast_7517,2025-11-10 05:00:00,9472.154,9332.021,2548.65
forecast_7518,2025-11-10 06:00:00,8660.749,9085.232,2480.487
forecast_7519,2025-11-10 07:00:00,7327.8096,8506.901,2256.3694
forecast_7520,2025-11-10 08:00:00,5302.2876,7298.3765,1910.9714
forecast_7521,2025-11-10 09:00:00,3515.8716,5280.637,1559.8823
forecast_7522,2025-11-10 10:00:00,2248.9075,3211.0596,1294.9265
forecast_7523,2025-11-10 11:00:00,1513.874,2200.6975,1124.2029
forecast_7524,2025-11-10 12:00:00,1478.8585,1868.2622,1020.5247
forecast_7525,2025-11-10 13:00:00,1644.685,1785.3541,964.2118
forecast_7526,2025-11-10 14:00:00,1934.6113,1814.5441,944.4021
forecast_7527,2025-11-10 15:00:00,2341.1704,1943.3167,959.2974
forecast_7528,2025-11-10 16:00:00,2868.4448,2199.2092,1011.38806
forecast_7529,2025-11-10 17:00:00,3682.5713,2615.691,1108.1581
forecast_7530,2025-11-10 18:00:00,4875.2603,3216.555,1264.6256
forecast_7531,2025-11-10 19:00:00,5703.166,4099.1875,1514.8516
forecast_7532,2025-11-10 20:00:00,6185.3726,5283.041,1894.3553
forecast_7533,2025-11-10 21:00:00,6951.645,6410.023,2229.3538
forecast_7534,2025-11-10 22:00:00,8110.387,7505.2407,2225.064
forecast_7535,2025-11-10 23:00:00,9158.923,8695.037,2087.1392
forecast_7536,2025-11-11 00:00:00,9802.525,9382.63,2229.1196
forecast_7537,2025-11-11 01:00:00,10527.4,9457.411,2013.9839
forecast_7538,2025-11-11 02:00:00,11147.734,9362.4,1824.7178
forecast_7539,2025-11-11 03:00:00,10769.65,9462.274,1949.3456
forecast_7540,2025-11-11 04:00:00,10179.114,9479.387,2112.186
forecast_7541,2025-11-11 05:00:00,9507.832,9432.132,2260.6238
forecast_7542,2025-11-11 06:00:00,8694.13,9189.988,2247.814
forecast_7543,2025-11-11 07:00:00,7374.9717,8621.018,2050.1084
forecast_7544,2025-11-11 08:00:00,5355.699,7422.3716,1695.3553
forecast_7545,2025-11-11 09:00:00,3561.0476,5389.322,1342.9696
forecast_7546,2025-11-11 10:00:00,2299.2954,3277.53,1107.888
forecast_7547,2025-11-11 11:00:00,1547.2778,2239.793,975.5578
forecast_7548,2025-11-11 12:00:00,1510.9132,1899.6655,904.7126
forecast_7549,2025-11-11 13:00:00,1688.4204,1815.5912,871.5335
forecast_7550,2025-11-11 14:00:00,1997.0662,1845.8942,864.7692
forecast_7551,2025-11-11 15:00:00,2427.9102,1976.2778,881.57886
forecast_7552,2025-11-11 16:00:00,2981.8188,2231.7517,923.3445
forecast_7553,2025-11-11 17:00:00,3816.3684,2640.3367,993.9726
forecast_7554,2025-11-11 18:00:00,4964.7456,3219.9714,1103.2394
forecast_7555,2025-11-11 19:00:00,5747.6973,4066.7615,1265.8798
forecast_7556,2025-11-11 20:00:00,6260.5737,5227.859,1467.1451
forecast_7557,2025-11-11 21:00:00,7123.803,6362.7505,1633.3162
forecast_7558,2025-11-11 22:00:00,8335.879,7460.9233,1745.4745
forecast_7559,2025-11-11 23:00:00,9369.621,8667.195,1875.8762
forecast_7560,2025-11-12 00:00:00,9957.411,9382.7705,2355.6604
forecast_7561,2025-11-12 01:00:00,10628.361,9492.761,2220.014
forecast_7562,2025-11-12 02:00:00,11204.308,9437.295,1933.707
forecast_7563,2025-11-12 03:00:00,10818.65,9549.559,1946.2181
forecast_7564,2025-11-12 04:00:00,10224.616,9572.944,2039.7341
forecast_7565,2025-11-12 05:00:00,9550.216,9525.975,2146.7156
forecast_7566,2025-11-12 06:00:00,8734.971,9287.762,2114.5007
forecast_7567,2025-11-12 07:00:00,7433.139,8727.137,1873.5952
forecast_7568,2025-11-12 08:00:00,5420.6855,7537.612,1509.9266
forecast_7569,2025-11-12 09:00:00,3613.3362,5490.4956,1226.4631
forecast_7570,2025-11-12 10:00:00,2356.6025,3340.0793,1063.9093
forecast_7571,2025-11-12 11:00:00,1585.2893,2277.24,974.7708
forecast_7572,2025-11-12 12:00:00,1545.0764,1930.0697,926.9311
forecast_7573,2025-11-12 13:00:00,1734.2316,1845.0359,906.26654
forecast_7574,2025-11-12 14:00:00,2061.8691,1876.4572,907.9856
forecast_7575,2025-11-12 15:00:00,2517.306,2008.2494,930.40686
forecast_7576,2025-11-12 16:00:00,3100.691,2262.8762,976.8432
forecast_7577,2025-11-12 17:00:00,3956.688,2663.4863,1053.9487
forecast_7578,2025-11-12 18:00:00,5055.842,3223.157,1178.0504
forecast_7579,2025-11-12 19:00:00,5799.149,4035.47,1363.2653
forecast_7580,2025-11-12 20:00:00,6351.7803,5171.5747,1586.3475
forecast_7581,2025-11-12 21:00:00,7316.657,6312.02,1812.1752
forecast_7582,2025-11-12 22:00:00,8568.172,7410.3013,2038.1531
forecast_7583,2025-11-12 23:00:00,9570.135,8629.393,2341.5535
forecast_7584,2025-11-13 00:00:00,10097.445,9372.389,3039.6042
forecast_7585,2025-11-13 01:00:00,10719.968,9518.921,2813.71
forecast_7586,2025-11-13 02:00:00,11260.45,9505.635,2475.2727
forecast_7587,2025-11-13 03:00:00,10870.756,9631.889,2360.6514
forecast_7588,2025-11-13 04:00:00,10276.48,9661.978,2363.4895
forecast_7589,2025-11-13 05:00:00,9600.642,9615.018,2378.3545
forecast_7590,2025-11-13 06:00:00,8784.365,9379.942,2272.4766
forecast_7591,2025-11-13 07:00:00,7503.185,8826.452,1989.3254
forecast_7592,2025-11-13 08:00:00,5498.7725,7644.7656,1646.0034
forecast_7593,2025-11-13 09:00:00,3673.6338,5583.9087,1385.105
forecast_7594,2025-11-13 10:00:00,2421.2139,3397.9314,1219.6958
forecast_7595,2025-11-13 11:00:00,1628.9183,2312.5117,1118.8499
forecast_7596,2025-11-13 12:00:00,1581.6743,1959.2876,1063.7999
forecast_7597,2025-11-13 13:00:00,1782.3389,1873.6587,1041.2428
forecast_7598,2025-11-13 14:00:00,2129.1086,1906.2633,1047.4943
forecast_7599,2025-11-13 15:00:00,2609.3818,2039.3425,1080.5343
forecast_7600,2025-11-13 16:00:00,3225.1296,2292.9143,1146.1497
forecast_7601,2025-11-13 17:00:00,4102.594,2685.9639,1257.63
forecast_7602,2025-11-13 18:00:00,5148.9766,3227.8738,1445.5881
forecast_7603,2025-11-13 19:00:00,5858.51,4009.1807,1741.3414
forecast_7604,2025-11-13 20:00:00,6460.7637,5120.971,2126.4558
forecast_7605,2025-11-13 21:00:00,7528.0537,6265.4077,2547.131
forecast_7606,2025-11-13 22:00:00,8801.834,7362.07,2981.781
forecast_7607,2025-11-13 23:00:00,9757.976,8588.279,3444.4014
forecast_7608,2025-11-14 00:00:00,10224.527,9354.103,4054.0186
forecast_7609,2025-11-14 01:00:00,10805.394,9537.335,3680.8254
forecast_7610,2025-11-14 02:00:00,11318.029,9568.942,3462.2537
forecast_7611,2025-11-14 03:00:00,10927.313,9710.917,3327.2805
forecast_7612,2025-11-14 04:00:00,10336.093,9748.29,3278.672
forecast_7613,2025-11-14 05:00:00,9660.751,9700.991,3204.3003
forecast_7614,2025-11-14 06:00:00,8843.6875,9468.146,3003.8271
forecast_7615,2025-11-14 07:00:00,7586.066,8920.349,2616.1616
forecast_7616,2025-11-14 08:00:00,5591.8926,7744.5166,2138.4463
forecast_7617,2025-11-14 09:00:00,3743.2275,5668.8096,1745.4883
forecast_7618,2025-11-14 10:00:00,2493.5525,3449.5095,1492.791
forecast_7619,2025-11-14 11:00:00,1679.4948,2344.66,1342.0717
forecast_7620,2025-11-14 12:00:00,1621.1488,1987.0096,1263.5671
forecast_7621,2025-11-14 13:00:00,1833.0297,1901.4053,1234.5387
forecast_7622,2025-11-14 14:00:00,2198.9636,1935.3534,1247.2244
forecast_7623,2025-11-14 15:00:00,2704.4172,2069.7148,1299.6047
forecast_7624,2025-11-14 16:00:00,3355.2188,2322.2747,1401.724
forecast_7625,2025-11-14 17:00:00,4252.541,2708.703,1580.5647
forecast_7626,2025-11-14 18:00:00,5243.642,3236.0007,1897.3263
forecast_7627,2025-11-14 19:00:00,5925.87,3991.9448,2428.4805
forecast_7628,2025-11-14 20:00:00,6588.938,5083.835,3148.7307
forecast_7629,2025-11-14 21:00:00,7755.1055,6232.571,3894.8586
forecast_7630,2025-11-14 22:00:00,9032.476,7327.7744,4485.8145
forecast_7631,2025-11-14 23:00:00,9933.018,8553.482,4834.284
forecast_7632,2025-11-15 00:00:00,10341.606,9331.688,5164.9536
forecast_7633,2025-11-15 01:00:00,10888.084,9550.0625,4646.9136
forecast_7634,2025-11-15 02:00:00,11379.208,9629.361,4659.277
forecast_7635,2025-11-15 03:00:00,10989.98,9788.816,4633.323
forecast_7636,2025-11-15 04:00:00,10405.161,9834.143,4575.4297
forecast_7637,2025-11-15 05:00:00,9732.712,9786.013,4403.9424
forecast_7638,2025-11-15 06:00:00,8914.885,9554.348,4045.5247
forecast_7639,2025-11-15 07:00:00,7683.033,9010.5,3461.6743
forecast_7640,2025-11-15 08:00:00,5702.5776,7837.408,2762.6404
forecast_7641,2025-11-15 09:00:00,3824.035,5743.061,2177.6646
forecast_7642,2025-11-15 10:00:00,2574.197,3491.2158,1808.5953
forecast_7643,2025-11-15 11:00:00,1738.824,2371.8728,1598.7712
forecast_7644,2025-11-15 12:00:00,1664.141,2012.7224,1494.8069
forecast_7645,2025-11-15 13:00:00,1886.7256,1928.1644,1462.6583
forecast_7646,2025-11-15 14:00:00,2271.7974,1963.755,1488.979
forecast_7647,2025-11-15 15:00:00,2803.0164,2099.5393,1573.7893
forecast_7648,2025-11-15 16:00:00,3491.073,2351.4143,1735.3108
forecast_7649,2025-11-15 17:00:00,4404.5195,2732.678,2024.1611
forecast_7650,2025-11-15 18:00:00,5338.5674,3249.3826,2552.492
forecast_7651,2025-11-15 19:00:00,6000.6333,3987.5781,3454.9907
forecast_7652,2025-11-15 20:00:00,6737.9463,5067.8306,4622.0444
forecast_7653,2025-11-15 21:00:00,7995.3,6223.9985,5628.2285
forecast_7654,2025-11-15 22:00:00,9257.664,7321.5444,6111.821
forecast_7655,2025-11-15 23:00:00,10097.051,8538.059,6167.427
forecast_7656,2025-11-16 00:00:00,10452.356,9310.635,6198.363
forecast_7657,2025-11-16 01:00:00,10971.815,9560.235,5567.378
forecast_7658,2025-11-16 02:00:00,11446.541,9690.129,5795.5317
forecast_7659,2025-11-16 03:00:00,11060.885,9868.612,5909.247
forecast_7660,2025-11-16 04:00:00,10486.011,9922.493,5832.729
forecast_7661,2025-11-16 05:00:00,9819.576,9872.824,5548.249
forecast_7662,2025-11-16 06:00:00,9001.0,9641.148,5023.9346
forecast_7663,2025-11-16 07:00:00,7796.0073,9099.077,4257.4243
forecast_7664,2025-11-16 08:00:00,5834.264,7923.303,3368.6714
forecast_7665,2025-11-16 09:00:00,3919.0205,5800.4097,2611.7256
forecast_7666,2025-11-16 10:00:00,2664.1477,3514.3396,2131.573
forecast_7667,2025-11-16 11:00:00,1809.4989,2390.8733,1867.2882
forecast_7668,2025-11-16 12:00:00,1711.6627,2035.6678,1742.695
forecast_7669,2025-11-16 13:00:00,1944.106,1953.7607,1714.1091
forecast_7670,2025-11-16 14:00:00,2348.2976,1991.4673,1763.8425
forecast_7671,2025-11-16 15:00:00,2906.2427,2128.9788,1896.373
forecast_7672,2025-11-16 16:00:00,3632.9072,2380.7786,2142.77
forecast_7673,2025-11-16 17:00:00,4556.3384,2758.7803,2585.2185
forecast_7674,2025-11-16 18:00:00,5432.239,3269.523,3392.1028
forecast_7675,2025-11-16 19:00:00,6082.5024,3998.7446,4712.7944
forecast_7676,2025-11-16 20:00:00,6910.8604,5077.7725,6239.313
forecast_7677,2025-11-16 21:00:00,8247.632,6246.454,7264.8325
forecast_7678,2025-11-16 22:00:00,9477.236,7356.3486,7472.8394
forecast_7679,2025-11-16 23:00:00,10253.211,8556.672,7257.4746
forecast_7680,2025-11-17 00:00:00,10560.945,9298.56,7081.822
forecast_7681,2025-11-17 01:00:00,11060.679,9572.736,6380.051
forecast_7682,2025-11-17 02:00:00,11523.064,9756.295,6765.1973
forecast_7683,2025-11-17 03:00:00,11142.894,9954.619,7000.8984
forecast_7684,2025-11-17 04:00:00,10582.058,10017.279,6905.541
forecast_7685,2025-11-17 05:00:00,9925.935,9965.096,6519.2993
forecast_7686,2025-11-17 06:00:00,9107.094,9732.183,5858.8477
forecast_7687,2025-11-17 07:00:00,7928.3926,9188.876,4952.6187
forecast_7688,2025-11-17 08:00:00,5991.9375,7999.032,3922.6592
forecast_7689,2025-11-17 09:00:00,4033.0244,5821.201,3028.4646
forecast_7690,2025-11-17 10:00:00,2765.439,3499.21,2451.1624
forecast_7691,2025-11-17 11:00:00,1895.5634,2397.3345,2139.5847
forecast_7692,2025-11-17 12:00:00,1765.4958,2055.1082,2000.549
forecast_7693,2025-11-17 13:00:00,2006.4071,1977.994,1982.4594
forecast_7694,2025-11-17 14:00:00,2429.8347,2018.4407,2065.2231
forecast_7695,2025-11-17 15:00:00,3015.91,2158.1365,2259.2874
forecast_7696,2025-11-17 16:00:00,3781.2505,2410.718,2610.2114
forecast_7697,2025-11-17 17:00:00,4706.026,2787.6545,3227.5212
forecast_7698,2025-11-17 18:00:00,5523.638,3297.1372,4305.2173
forecast_7699,2025-11-17 19:00:00,6173.289,4025.665,5928.4746
forecast_7700,2025-11-17 20:00:00,7113.5654,5111.5884,7583.0894
forecast_7701,2025-11-17 21:00:00,8513.275,6295.326,8473.3125
forecast_7702,2025-11-17 22:00:00,9693.384,7434.053,8464.161
forecast_7703,2025-11-17 23:00:00,10405.656,8618.336,8115.665
forecast_7704,2025-11-18 00:00:00,10672.158,9304.775,7821.1685
forecast_7705,2025-11-18 01:00:00,11159.14,9594.95,7078.652
forecast_7706,2025-11-18 02:00:00,11612.485,9835.289,7570.186
forecast_7707,2025-11-18 03:00:00,11240.198,10052.439,7904.12
forecast_7708,2025-11-18 04:00:00,10698.838,10123.025,7801.7847
forecast_7709,2025-11-18 05:00:00,10059.281,10067.211,7338.067
forecast_7710,2025-11-18 06:00:00,9242.127,9832.05,6574.4775
forecast_7711,2025-11-18 07:00:00,8087.021,9281.903,5564.9697
forecast_7712,2025-11-18 08:00:00,6183.699,8047.177,4430.088
forecast_7713,2025-11-18 09:00:00,4174.6177,5744.211,3426.7195
forecast_7714,2025-11-18 10:00:00,2882.5312,3420.466,2765.374
forecast_7715,2025-11-18 11:00:00,2003.9542,2390.265,2412.655
forecast_7716,2025-11-18 12:00:00,1829.1798,2071.057,2264.397
forecast_7717,2025-11-18 13:00:00,2076.226,2000.7554,2262.2378
forecast_7718,2025-11-18 14:00:00,2519.3943,2044.5824,2384.757
forecast_7719,2025-11-18 15:00:00,3135.3633,2187.0137,2647.4312
forecast_7720,2025-11-18 16:00:00,3937.4788,2441.4072,3105.3132
forecast_7721,2025-11-18 17:00:00,4852.3384,2819.513,3876.6719
forecast_7722,2025-11-18 18:00:00,5613.1987,3331.7793,5139.411
forecast_7723,2025-11-18 19:00:00,6279.493,4065.2666,6894.817
forecast_7724,2025-11-18 20:00:00,7355.5713,5158.6577,8530.001
forecast_7725,2025-11-18 21:00:00,8795.668,6352.6377,9301.496
forecast_7726,2025-11-18 22:00:00,9911.087,7537.297,9200.869
forecast_7727,2025-11-18 23:00:00,10559.979,8715.069,8811.781
forecast_7728,2025-11-19 00:00:00,10792.546,9337.759,8442.042
forecast_7729,2025-11-19 01:00:00,11272.911,9636.708,7674.954
forecast_7730,2025-11-19 02:00:00,11720.07,9934.933,8239.591
forecast_7731,2025-11-19 03:00:00,11359.806,10165.561,8650.586
forecast_7732,2025-11-19 04:00:00,10846.33,10240.665,8552.245
forecast_7733,2025-11-19 05:00:00,10233.248,10180.527,8036.1616
forecast_7734,2025-11-19 06:00:00,9423.273,9942.366,7199.4175
forecast_7735,2025-11-19 07:00:00,8287.124,9368.852,6115.375
forecast_7736,2025-11-19 08:00:00,6425.065,7988.4395,4901.198
forecast_7737,2025-11-19 09:00:00,4360.6714,5479.71,3808.9434
forecast_7738,2025-11-19 10:00:00,3025.6619,3301.9888,3073.9438
forecast_7739,2025-11-19 11:00:00,2147.5112,2378.1455,2684.6194
forecast_7740,2025-11-19 12:00:00,1911.2281,2085.0461,2530.601
forecast_7741,2025-11-19 13:00:00,2160.2568,2022.207,2547.2207
forecast_7742,2025-11-19 14:00:00,2624.2993,2069.7993,2711.2854
forecast_7743,2025-11-19 15:00:00,3271.7603,2215.4922,3039.6367
forecast_7744,2025-11-19 16:00:00,4105.203,2472.7773,3587.503
forecast_7745,2025-11-19 17:00:00,4995.641,2854.0803,4463.5674
forecast_7746,2025-11-19 18:00:00,5704.305,3371.9656,5814.0137
forecast_7747,2025-11-19 19:00:00,6416.3096,4112.5083,7590.6606
forecast_7748,2025-11-19 20:00:00,7650.294,5206.491,9172.449
forecast_7749,2025-11-19 21:00:00,9100.701,6402.889,9890.446
forecast_7750,2025-11-19 22:00:00,10139.514,7645.8594,9782.099
forecast_7751,2025-11-19 23:00:00,10725.185,8823.827,9395.6875
forecast_7752,2025-11-20 00:00:00,10934.44,9399.27,8964.374
forecast_7753,2025-11-20 01:00:00,11412.549,9705.843,8177.568
forecast_7754,2025-11-20 02:00:00,11855.873,10052.219,8798.574
forecast_7755,2025-11-20 03:00:00,11515.622,10281.27,9270.117
forecast_7756,2025-11-20 04:00:00,11044.715,10352.972,9183.681
forecast_7757,2025-11-20 05:00:00,10475.815,10289.569,8638.271
forecast_7758,2025-11-20 06:00:00,9687.12,10045.4375,7755.023
forecast_7759,2025-11-20 07:00:00,8566.371,9387.2,6619.37
forecast_7760,2025-11-20 08:00:00,6751.6904,7700.598,5344.3184
forecast_7761,2025-11-20 09:00:00,4628.4756,5204.1143,4177.5845
forecast_7762,2025-11-20 10:00:00,3219.8916,3225.925,3376.6584
forecast_7763,2025-11-20 11:00:00,2354.3865,2374.922,2953.684
forecast_7764,2025-11-20 12:00:00,2040.0867,2099.9153,2795.44
forecast_7765,2025-11-20 13:00:00,2279.8267,2042.9193,2830.7498
forecast_7766,2025-11-20 14:00:00,2766.1199,2094.0955,3032.978
forecast_7767,2025-11-20 15:00:00,3443.7175,2243.3772,3415.6494
forecast_7768,2025-11-20 16:00:00,4294.361,2504.571,4026.324
forecast_7769,2025-11-20 17:00:00,5140.0234,2890.8147,4956.338
forecast_7770,2025-11-20 18:00:00,5807.1304,3416.308,6325.8955
forecast_7771,2025-11-20 19:00:00,6615.4546,4164.893,8074.2715
forecast_7772,2025-11-20 20:00:00,8016.596,5254.9727,9614.379
forecast_7773,2025-11-20 21:00:00,9438.908,6457.341,10331.118
forecast_7774,2025-11-20 22:00:00,10395.308,7772.542,10260.336
forecast_7775,2025-11-20 23:00:00,10919.49,8933.303,9897.57
forecast_7776,2025-11-21 00:00:00,11127.804,9479.537,9391.805
forecast_7777,2025-11-21 01:00:00,11604.708,9794.476,8580.032
forecast_7778,2025-11-21 02:00:00,12044.085,10152.205,9259.933
forecast_7779,2025-11-21 03:00:00,11739.137,10351.379,9783.185
forecast_7780,2025-11-21 04:00:00,11338.8,10410.463,9716.018
forecast_7781,2025-11-21 05:00:00,10851.581,10347.847,9162.183
forecast_7782,2025-11-21 06:00:00,10123.838,10084.61,8255.864
forecast_7783,2025-11-21 07:00:00,9033.094,9292.029,7087.3647
forecast_7784,2025-11-21 08:00:00,7265.957,7545.0327,5765.269
forecast_7785,2025-11-21 09:00:00,5071.4683,5143.3594,4534.4604
forecast_7786,2025-11-21 10:00:00,3540.773,3228.3296,3673.1577
forecast_7787,2025-11-21 11:00:00,2720.8503,2389.4307,3218.1123
forecast_7788,2025-11-21 12:00:00,2338.3252,2118.6318,3055.4304
forecast_7789,2025-11-21 13:00:00,2527.0178,2063.8706,3106.7815
forecast_7790,2025-11-21 14:00:00,3024.522,2117.7126,3340.0156
forecast_7791,2025-11-21 15:00:00,3713.5286,2270.5498,3761.632
forecast_7792,2025-11-21 16:00:00,4535.5215,2536.5547,4407.8887
forecast_7793,2025-11-21 17:00:00,5301.054,2929.5227,5353.2837
forecast_7794,2025-11-21 18:00:00,5953.0703,3465.4883,6702.4336
forecast_7795,2025-11-21 19:00:00,6942.5903,4227.8267,8404.913
forecast_7796,2025-11-21 20:00:00,8485.511,5324.1724,9922.379
forecast_7797,2025-11-21 21:00:00,9834.106,6558.1484,10671.203
forecast_7798,2025-11-21 22:00:00,10709.31,7963.5464,10662.789
forecast_7799,2025-11-21 23:00:00,11185.597,9056.444,10334.257
forecast_7800,2025-11-22 00:00:00,11461.549,9565.865,9698.129
forecast_7801,2025-11-22 01:00:00,11932.464,9864.381,8845.401
forecast_7802,2025-11-22 02:00:00,12350.746,10165.556,9617.64
forecast_7803,2025-11-22 03:00:00,12108.949,10309.892,10198.208
forecast_7804,2025-11-22 04:00:00,11837.872,10360.253,10160.972
forecast_7805,2025-11-22 05:00:00,11529.162,10315.037,9618.356
forecast_7806,2025-11-22 06:00:00,10998.964,10071.227,8709.875
forecast_7807,2025-11-22 07:00:00,10068.4375,9323.774,7524.9194
forecast_7808,2025-11-22 08:00:00,8383.462,7644.01,6167.353
forecast_7809,2025-11-22 09:00:00,6050.248,5239.632,4880.602
forecast_7810,2025-11-22 10:00:00,4326.154,3293.0688,3962.9583
forecast_7811,2025-11-22 11:00:00,3549.6592,2423.0447,3476.3562
forecast_7812,2025-11-22 12:00:00,3307.109,2143.4707,3307.6697
forecast_7813,2025-11-22 13:00:00,3428.7212,2086.4236,3370.6409
forecast_7814,2025-11-22 14:00:00,3834.3596,2141.318,3625.8774
forecast_7815,2025-11-22 15:00:00,4371.277,2297.2422,4070.9116
forecast_7816,2025-11-22 16:00:00,4955.197,2568.922,4730.5
forecast_7817,2025-11-22 17:00:00,5557.3564,2971.1167,5665.807
forecast_7818,2025-11-22 18:00:00,6269.81,3523.3904,6973.5293
forecast_7819,2025-11-22 19:00:00,7535.0713,4312.806,8624.877
forecast_7820,2025-11-22 20:00:00,9116.486,5434.2334,10134.678
forecast_7821,2025-11-22 21:00:00,10345.339,6733.0127,10935.827
forecast_7822,2025-11-22 22:00:00,11138.931,8209.782,11004.164
forecast_7823,2025-11-22 23:00:00,11632.009,9186.017,10712.283
forecast_7824,2025-11-23 00:00:00,12324.778,9637.764,9804.807
forecast_7825,2025-11-23 01:00:00,12767.901,9850.909,8924.05
forecast_7826,2025-11-23 02:00:00,13005.891,10070.104,9830.744
forecast_7827,2025-11-23 03:00:00,12861.711,10192.834,10504.051
forecast_7828,2025-11-23 04:00:00,12830.578,10270.263,10518.455
forecast_7829,2025-11-23 05:00:00,12878.31,10275.577,10008.289
forecast_7830,2025-11-23 06:00:00,12779.032,10099.987,9117.721
forecast_7831,2025-11-23 07:00:00,12273.008,9444.037,7932.406
forecast_7832,2025-11-23 08:00:00,10971.006,7832.678,6551.003
forecast_7833,2025-11-23 09:00:00,8675.648,5403.7705,5216.004
forecast_7834,2025-11-23 10:00:00,6511.1875,3394.293,4245.4224
forecast_7835,2025-11-23 11:00:00,5464.652,2473.6384,3727.1316
forecast_7836,2025-11-23 12:00:00,5492.2104,2176.5515,3549.9885
forecast_7837,2025-11-23 13:00:00,6183.6914,2112.6821,3619.2256
forecast_7838,2025-11-23 14:00:00,7119.105,2166.3765,3887.1646
forecast_7839,2025-11-23 15:00:00,7710.7144,2324.4407,4341.9966
forecast_7840,2025-11-23 16:00:00,7369.5396,2602.6807,4998.488
forecast_7841,2025-11-23 17:00:00,6919.4995,3017.4443,5907.9824
forecast_7842,2025-11-23 18:00:00,7424.5776,3592.8374,7163.3535
forecast_7843,2025-11-23 19:00:00,8670.427,4415.9106,8761.938
forecast_7844,2025-11-23 20:00:00,10030.059,5555.271,10273.425
forecast_7845,2025-11-23 21:00:00,11086.174,6930.4536,11138.99
forecast_7846,2025-11-23 22:00:00,11787.598,8417.493,11292.615
forecast_7847,2025-11-23 23:00:00,12626.444,9282.317,11025.5
forecast_7848,2025-11-24 00:00:00,14476.086,9653.24,10205.618
forecast_7849,2025-11-24 01:00:00,14721.115,9802.342,9502.556
forecast_7850,2025-11-24 02:00:00,14542.006,10003.655,9883.551
forecast_7851,2025-11-24 03:00:00,14339.02,10134.717,10654.907
forecast_7852,2025-11-24 04:00:00,14352.877,10235.025,10766.504
forecast_7853,2025-11-24 05:00:00,14444.782,10277.031,10319.74
forecast_7854,2025-11-24 06:00:00,14418.322,10159.359,9470.555
forecast_7855,2025-11-24 07:00:00,14095.323,9587.081,8303.764
forecast_7856,2025-11-24 08:00:00,13179.052,8041.9424,6913.006
forecast_7857,2025-11-24 09:00:00,11300.761,5585.2495,5539.241
forecast_7858,2025-11-24 10:00:00,8995.923,3513.1611,4519.687
forecast_7859,2025-11-24 11:00:00,7604.049,2541.433,3969.4436
forecast_7860,2025-11-24 12:00:00,7682.232,2222.2917,3780.9492
forecast_7861,2025-11-24 13:00:00,8914.203,2146.9868,3850.8105
forecast_7862,2025-11-24 14:00:00,10651.91,2196.1719,4122.764
forecast_7863,2025-11-24 15:00:00,12237.541,2354.433,4576.2847
forecast_7864,2025-11-24 16:00:00,13035.022,2639.0657,5218.1523
forecast_7865,2025-11-24 17:00:00,12152.48,3066.9863,6092.502
forecast_7866,2025-11-24 18:00:00,10749.325,3660.3743,7289.8965
forecast_7867,2025-11-24 19:00:00,10748.203,4491.6797,8834.405
forecast_7868,2025-11-24 20:00:00,11432.982,5622.736,10352.149
forecast_7869,2025-11-24 21:00:00,12132.262,7077.173,11289.099
forecast_7870,2025-11-24 22:00:00,13017.049,8544.7,11532.676
forecast_7871,2025-11-24 23:00:00,14564.784,9329.815,11228.795
forecast_7872,2025-11-25 00:00:00,15115.391,9632.29,16510.13
forecast_7873,2025-11-25 01:00:00,15387.301,9782.189,15363.511
forecast_7874,2025-11-25 02:00:00,15456.781,9980.465,11636.402
forecast_7875,2025-11-25 03:00:00,15260.552,10117.803,10866.59
forecast_7876,2025-11-25 04:00:00,15152.526,10233.15,10884.94
forecast_7877,2025-11-25 05:00:00,15100.564,10306.115,10524.84
forecast_7878,2025-11-25 06:00:00,14979.255,10245.355,9749.145
forecast_7879,2025-11-25 07:00:00,14652.004,9756.317,8627.575
forecast_7880,2025-11-25 08:00:00,13881.146,8262.408,7248.145
forecast_7881,2025-11-25 09:00:00,12313.385,5756.3276,5848.6265
forecast_7882,2025-11-25 10:00:00,10230.387,3645.4297,4785.2783
forecast_7883,2025-11-25 11:00:00,8869.506,2639.0356,4202.8647
forecast_7884,2025-11-25 12:00:00,8982.805,2295.117,3999.8767
forecast_7885,2025-11-25 13:00:00,10293.642,2201.7615,4064.7832
forecast_7886,2025-11-25 14:00:00,12013.351,2239.1643,4333.0283
forecast_7887,2025-11-25 15:00:00,13545.937,2391.1562,4776.4824
forecast_7888,2025-11-25 16:00:00,14622.384,2675.3147,5395.849
forecast_7889,2025-11-25 17:00:00,15192.72,3104.1824,6229.765
forecast_7890,2025-11-25 18:00:00,15222.112,3689.0947,7366.4546
forecast_7891,2025-11-25 19:00:00,14415.849,4496.182,8855.037
forecast_7892,2025-11-25 20:00:00,13826.209,5622.689,10379.984
forecast_7893,2025-11-25 21:00:00,14192.935,7149.54,11392.032
forecast_7894,2025-11-25 22:00:00,14807.908,8599.151,11726.928
forecast_7895,2025-11-25 23:00:00,15028.59,9336.721,11210.927
forecast_7896,2025-11-26 00:00:00,15088.591,9663.269,18168.92
forecast_7897,2025-11-26 01:00:00,15387.758,9817.844,17514.1
forecast_7898,2025-11-26 02:00:00,15564.681,9996.297,16582.64
forecast_7899,2025-11-26 03:00:00,15425.066,10131.595,15495.447
forecast_7900,2025-11-26 04:00:00,15301.469,10262.432,13031.238
forecast_7901,2025-11-26 05:00:00,15212.852,10378.092,11133.952
forecast_7902,2025-11-26 06:00:00,15074.428,10404.427,10131.452
forecast_7903,2025-11-26 07:00:00,14771.202,10041.452,9005.054
forecast_7904,2025-11-26 08:00:00,14096.534,8534.678,7619.679
forecast_7905,2025-11-26 09:00:00,12734.107,5859.457,6174.728
forecast_7906,2025-11-26 10:00:00,10873.708,3770.3372,5052.8647
forecast_7907,2025-11-26 11:00:00,9634.38,2822.759,4430.6597
forecast_7908,2025-11-26 12:00:00,9767.292,2464.8228,4207.792
forecast_7909,2025-11-26 13:00:00,10999.004,2329.6362,4261.7773
forecast_7910,2025-11-26 14:00:00,12538.473,2324.6235,4519.3857
forecast_7911,2025-11-26 15:00:00,13873.398,2445.107,4945.892
forecast_7912,2025-11-26 16:00:00,14809.332,2703.7043,5537.454
forecast_7913,2025-11-26 17:00:00,15348.278,3108.6965,6328.2515
forecast_7914,2025-11-26 18:00:00,15567.099,3666.7205,7403.389
forecast_7915,2025-11-26 19:00:00,15530.289,4450.0186,8833.923
forecast_7916,2025-11-26 20:00:00,15332.593,5586.792,10364.682
forecast_7917,2025-11-26 21:00:00,15139.065,7169.452,11454.053
forecast_7918,2025-11-26 22:00:00,15024.206,8616.885,11877.708
forecast_7919,2025-11-26 23:00:00,14974.798,9383.607,18092.793
forecast_7920,2025-11-27 00:00:00,14999.457,10433.89,18342.414
forecast_7921,2025-11-27 01:00:00,15316.056,13132.481,17769.164
forecast_7922,2025-11-27 02:00:00,15512.232,10305.898,17134.787
forecast_7923,2025-11-27 03:00:00,15396.17,10255.765,16816.889
forecast_7924,2025-11-27 04:00:00,15279.857,10404.158,16566.904
forecast_7925,2025-11-27 05:00:00,15192.636,10642.778,16256.999
forecast_7926,2025-11-27 06:00:00,15064.047,10968.204,15837.992
forecast_7927,2025-11-27 07:00:00,14791.013,10952.003,15262.44
forecast_7928,2025-11-27 08:00:00,14189.599,8896.781,14351.706
forecast_7929,2025-11-27 09:00:00,12977.966,6037.9795,12344.974
forecast_7930,2025-11-27 10:00:00,11298.81,4623.2715,6895.6304
forecast_7931,2025-11-27 11:00:00,10169.665,4052.293,4765.582
forecast_7932,2025-11-27 12:00:00,10299.782,3643.4812,4421.219
forecast_7933,2025-11-27 13:00:00,11417.829,3183.0596,4446.977
forecast_7934,2025-11-27 14:00:00,12787.082,2783.947,4685.444
forecast_7935,2025-11-27 15:00:00,13964.3,2656.9255,5088.919
forecast_7936,2025-11-27 16:00:00,14791.627,2782.709,5648.9863
forecast_7937,2025-11-27 17:00:00,15275.263,3117.8464,6395.7764
forecast_7938,2025-11-27 18:00:00,15474.537,3643.441,7410.271
forecast_7939,2025-11-27 19:00:00,15443.168,4416.107,8781.649
forecast_7940,2025-11-27 20:00:00,15272.6875,5577.7217,10316.9
forecast_7941,2025-11-27 21:00:00,15080.548,7232.1187,11489.121
forecast_7942,2025-11-27 22:00:00,14943.597,8746.871,12017.973
forecast_7943,2025-11-27 23:00:00,14882.599,9842.103,18263.432
forecast_7944,2025-11-28 00:00:00,14892.279,17531.545,18352.557
forecast_7945,2025-11-28 01:00:00,15234.214,17277.082,17808.941
forecast_7946,2025-11-28 02:00:00,15443.468,16602.334,17179.809
forecast_7947,2025-11-28 03:00:00,15334.225,15093.54,16877.732
forecast_7948,2025-11-28 04:00:00,15225.315,12909.521,16685.98
forecast_7949,2025-11-28 05:00:00,15145.846,13479.689,16481.861
forecast_7950,2025-11-28 06:00:00,15030.486,15042.961,16212.493
forecast_7951,2025-11-28 07:00:00,14784.44,14969.297,15823.68
forecast_7952,2025-11-28 08:00:00,14241.768,14978.654,15248.284
forecast_7953,2025-11-28 09:00:00,13149.575,14315.556,14432.806
forecast_7954,2025-11-28 10:00:00,11619.147,13417.559,13443.12
forecast_7955,2025-11-28 11:00:00,10577.606,12482.779,12495.435
forecast_7956,2025-11-28 12:00:00,10689.251,11221.184,8930.633
forecast_7957,2025-11-28 13:00:00,11692.168,9479.471,4698.0234
forecast_7958,2025-11-28 14:00:00,12917.195,8148.5967,4848.87
forecast_7959,2025-11-28 15:00:00,13974.123,7253.0474,5216.0146
forecast_7960,2025-11-28 16:00:00,14725.917,5759.5923,5740.14
forecast_7961,2025-11-28 17:00:00,15172.918,3974.5354,6443.1406
forecast_7962,2025-11-28 18:00:00,15356.205,3926.9802,7400.564
forecast_7963,2025-11-28 19:00:00,15321.443,4613.4937,8716.532
forecast_7964,2025-11-28 20:00:00,15158.896,5884.814,10263.851
forecast_7965,2025-11-28 21:00:00,14978.277,7874.9756,11563.648
forecast_7966,2025-11-28 22:00:00,14846.863,9717.901,18014.924
forecast_7967,2025-11-28 23:00:00,14782.002,18235.87,18232.422
forecast_7968,2025-11-29 00:00:00,14782.073,17984.729,18321.887
forecast_7969,2025-11-29 01:00:00,15147.897,17851.64,17801.432
forecast_7970,2025-11-29 02:00:00,15375.266,18037.723,17149.31
forecast_7971,2025-11-29 03:00:00,15271.002,18255.576,16829.887
forecast_7972,2025-11-29 04:00:00,15167.094,18344.115,16642.861
forecast_7973,2025-11-29 05:00:00,15094.637,18350.053,16453.553
forecast_7974,2025-11-29 06:00:00,14991.082,18225.014,16200.908
forecast_7975,2025-11-29 07:00:00,14768.052,17803.818,15830.361
forecast_7976,2025-11-29 08:00:00,14274.184,17050.355,15278.9795
forecast_7977,2025-11-29 09:00:00,13280.456,16075.536,14495.311
forecast_7978,2025-11-29 10:00:00,11874.426,15088.032,13542.197
forecast_7979,2025-11-29 11:00:00,10901.393,14257.676,12688.601
forecast_7980,2025-11-29 12:00:00,10985.92,13584.37,12209.248
forecast_7981,2025-11-29 13:00:00,11881.969,12901.852,12017.569
forecast_7982,2025-11-29 14:00:00,12986.187,11906.503,5448.5947
forecast_7983,2025-11-29 15:00:00,13949.477,10985.222,5390.614
forecast_7984,2025-11-29 16:00:00,14647.091,11154.741,5845.327
forecast_7985,2025-11-29 17:00:00,15070.638,12193.186,6500.7744
forecast_7986,2025-11-29 18:00:00,15244.5205,13051.051,7410.9746
forecast_7987,2025-11-29 19:00:00,15206.696,13108.326,8697.577
forecast_7988,2025-11-29 20:00:00,15048.385,13375.242,10339.394
forecast_7989,2025-11-29 21:00:00,14876.213,17015.592,14203.09
forecast_7990,2025-11-29 22:00:00,14750.091,18442.203,18026.475
forecast_7991,2025-11-29 23:00:00,14684.268,18261.488,18161.455
forecast_7992,2025-11-30 00:00:00,14678.459,18080.959,18265.887
forecast_7993,2025-11-30 01:00:00,15063.1455,18009.924,17770.291
forecast_7994,2025-11-30 02:00:00,15307.736,18218.727,17092.586
forecast_7995,2025-11-30 03:00:00,15210.106,18489.857,16751.498
forecast_7996,2025-11-30 04:00:00,15110.458,18640.621,16564.393
forecast_7997,2025-11-30 05:00:00,15043.589,18621.25,16386.078
forecast_7998,2025-11-30 06:00:00,14949.847,18416.584,16148.122
forecast_7999,2025-11-30 07:00:00,14746.393,17986.518,15794.319
forecast_8000,2025-11-30 08:00:00,14293.95,17299.77,15262.432
forecast_8001,2025-11-30 09:00:00,13383.183,16409.93,14498.606
forecast_8002,2025-11-30 10:00:00,12082.6455,15484.464,13553.628
forecast_8003,2025-11-30 11:00:00,11163.62,14700.402,12683.03
forecast_8004,2025-11-30 12:00:00,11217.128,14109.829,12171.463
forecast_8005,2025-11-30 13:00:00,12017.302,13661.84,12093.469
forecast_8006,2025-11-30 14:00:00,13020.077,13234.755,12374.085
forecast_8007,2025-11-30 15:00:00,13908.881,12703.554,9650.046
forecast_8008,2025-11-30 16:00:00,14566.331,12447.801,6362.2593
forecast_8009,2025-11-30 17:00:00,14974.841,13282.35,6782.7236
forecast_8010,2025-11-30 18:00:00,15144.167,15047.471,7678.183
forecast_8011,2025-11-30 19:00:00,15104.964,16717.133,9215.708
forecast_8012,2025-11-30 20:00:00,14949.139,17869.586,14312.419
forecast_8013,2025-11-30 21:00:00,14782.654,18358.314,17691.72
forecast_8014,2025-11-30 22:00:00,14660.899,18344.96,17917.408
forecast_8015,2025-11-30 23:00:00,14595.136,18230.46,18057.553
forecast_8016,2025-12-01 00:00:00,14584.719,18143.3,18181.99
forecast_8017,2025-12-01 01:00:00,14961.678,18064.848,17719.143
forecast_8018,2025-12-01 02:00:00,15181.159,18244.746,16994.812
forecast_8019,2025-12-01 03:00:00,15076.939,18514.309,16602.492
forecast_8020,2025-12-01 04:00:00,14969.517,18675.959,16386.2
forecast_8021,2025-12-01 05:00:00,14896.937,18682.9,16189.735
forecast_8022,2025-12-01 06:00:00,14806.838,18536.264,15935.589
forecast_8023,2025-12-01 07:00:00,14629.344,18203.742,15563.596
forecast_8024,2025-12-01 08:00:00,14249.644,17628.97,15007.624
forecast_8025,2025-12-01 09:00:00,13488.092,16811.855,14201.909
forecast_8026,2025-12-01 10:00:00,12345.118,15886.315,13179.292
forecast_8027,2025-12-01 11:00:00,11437.6045,15066.78,12204.927
forecast_8028,2025-12-01 12:00:00,11372.473,14472.325,11598.082
forecast_8029,2025-12-01 13:00:00,12020.752,14093.6455,11437.708
forecast_8030,2025-12-01 14:00:00,12906.078,13883.178,11659.212
forecast_8031,2025-12-01 15:00:00,13725.05,13801.786,12220.5205
forecast_8032,2025-12-01 16:00:00,14355.57,13915.739,12263.293
forecast_8033,2025-12-01 17:00:00,14756.992,14528.784,8916.219
forecast_8034,2025-12-01 18:00:00,14917.611,15814.636,8905.473
forecast_8035,2025-12-01 19:00:00,14870.079,17182.973,12403.006
forecast_8036,2025-12-01 20:00:00,14718.135,17961.654,16683.242
forecast_8037,2025-12-01 21:00:00,14564.714,18217.533,17407.32
forecast_8038,2025-12-01 22:00:00,14452.784,18285.51,17646.482
forecast_8039,2025-12-01 23:00:00,14385.049,18328.531,17815.635
forecast_8040,2025-12-02 00:00:00,14356.746,18339.92,17977.37
forecast_8041,2025-12-02 01:00:00,14769.152,18304.842,17525.217
forecast_8042,2025-12-02 02:00:00,15040.326,18420.84,16778.617
forecast_8043,2025-12-02 03:00:00,14967.391,18623.863,16367.943
forecast_8044,2025-12-02 04:00:00,14880.801,18741.018,16157.654
forecast_8045,2025-12-02 05:00:00,14823.148,18730.088,15984.467
forecast_8046,2025-12-02 06:00:00,14746.775,18588.857,15760.566
forecast_8047,2025-12-02 07:00:00,14587.154,18280.031,15419.715
forecast_8048,2025-12-02 08:00:00,14237.218,17739.99,14892.901
forecast_8049,2025-12-02 09:00:00,13529.401,16955.03,14110.867
forecast_8050,2025-12-02 10:00:00,12458.59,16044.179,13096.597
forecast_8051,2025-12-02 11:00:00,11592.984,15221.277,12103.497
forecast_8052,2025-12-02 12:00:00,11511.992,14622.134,11452.028
forecast_8053,2025-12-02 13:00:00,12100.532,14252.027,11229.796
forecast_8054,2025-12-02 14:00:00,12921.517,14076.371,11377.278
forecast_8055,2025-12-02 15:00:00,13694.503,14076.366,11861.207
forecast_8056,2025-12-02 16:00:00,14301.077,14289.141,12509.181
forecast_8057,2025-12-02 17:00:00,14694.479,14866.862,12559.591
forecast_8058,2025-12-02 18:00:00,14853.976,15891.618,13367.739
forecast_8059,2025-12-02 19:00:00,14807.638,17014.066,15209.502
forecast_8060,2025-12-02 20:00:00,14658.675,17776.178,16496.285
forecast_8061,2025-12-02 21:00:00,14509.222,18128.994,17066.559
forecast_8062,2025-12-02 22:00:00,14400.266,18273.113,17339.21
forecast_8063,2025-12-02 23:00:00,14332.915,18348.059,17542.56
forecast_8064,2025-12-03 00:00:00,14301.77,18373.455,17745.107
forecast_8065,2025-12-03 01:00:00,14719.759,18340.613,17345.623
forecast_8066,2025-12-03 02:00:00,14993.726,18444.514,16600.295
forecast_8067,2025-12-03 03:00:00,14922.535,18637.822,16178.194
forecast_8068,2025-12-03 04:00:00,14837.652,18750.373,15973.898
forecast_8069,2025-12-03 05:00:00,14782.27,18741.713,15819.257
forecast_8070,2025-12-03 06:00:00,14711.188,18610.326,15617.866
forecast_8071,2025-12-03 07:00:00,14564.203,18319.434,15299.516
forecast_8072,2025-12-03 08:00:00,14242.011,17802.81,14793.86
forecast_8073,2025-12-03 09:00:00,13589.451,17037.816,14028.984
forecast_8074,2025-12-03 10:00:00,12594.962,16133.8545,13018.504
forecast_8075,2025-12-03 11:00:00,11771.291,15305.559,12004.209
forecast_8076,2025-12-03 12:00:00,11667.7,14700.203,11306.78
forecast_8077,2025-12-03 13:00:00,12191.568,14331.294,11019.838
forecast_8078,2025-12-03 14:00:00,12946.743,14167.902,11083.865
forecast_8079,2025-12-03 15:00:00,13673.2295,14196.947,11453.359
forecast_8080,2025-12-03 16:00:00,14255.09,14451.41,12130.847
forecast_8081,2025-12-03 17:00:00,14639.482,15038.164,13062.157
forecast_8082,2025-12-03 18:00:00,14797.339,15988.489,14112.558
forecast_8083,2025-12-03 19:00:00,14752.39,17003.176,15171.835
forecast_8084,2025-12-03 20:00:00,14606.653,17723.75,16016.276
forecast_8085,2025-12-03 21:00:00,14460.783,18101.188,16540.12
forecast_8086,2025-12-03 22:00:00,14354.06,18277.412,16850.984
forecast_8087,2025-12-03 23:00:00,14286.518,18368.268,17098.934
forecast_8088,2025-12-04 00:00:00,14252.195,18402.914,17352.424
forecast_8089,2025-12-04 01:00:00,14674.546,18371.717,17029.586
forecast_8090,2025-12-04 02:00:00,14949.884,18465.705,16322.17
forecast_8091,2025-12-04 03:00:00,14879.752,18650.541,15910.35
forecast_8092,2025-12-04 04:00:00,14795.976,18758.965,15724.7705
forecast_8093,2025-12-04 05:00:00,14742.082,18752.418,15598.549
forecast_8094,2025-12-04 06:00:00,14675.139,18630.033,15427.565
forecast_8095,2025-12-04 07:00:00,14538.923,18355.56,15137.2705
forecast_8096,2025-12-04 08:00:00,14241.015,17860.412,14655.6875
forecast_8097,2025-12-04 09:00:00,13636.812,17113.025,13908.472
forecast_8098,2025-12-04 10:00:00,12709.089,16213.033,12901.501
forecast_8099,2025-12-04 11:00:00,11921.738,15376.168,11867.289
forecast_8100,2025-12-04 12:00:00,11796.85,14761.465,11126.28
forecast_8101,2025-12-04 13:00:00,12264.231,14390.313,10775.837
forecast_8102,2025-12-04 14:00:00,12963.263,14233.736,10756.338
forecast_8103,2025-12-04 15:00:00,13650.624,14280.947,11015.7705
forecast_8104,2025-12-04 16:00:00,14211.897,14562.752,11541.847
forecast_8105,2025-12-04 17:00:00,14588.82,15160.565,12332.252
forecast_8106,2025-12-04 18:00:00,14745.404,16073.203,13305.571
forecast_8107,2025-12-04 19:00:00,14701.963,17024.69,14285.51
forecast_8108,2025-12-04 20:00:00,14559.488,17712.889,15090.23
forecast_8109,2025-12-04 21:00:00,14417.109,18096.336,15647.92
forecast_8110,2025-12-04 22:00:00,14312.493,18287.846,16018.707
forecast_8111,2025-12-04 23:00:00,14244.748,18387.557,16321.684
forecast_8112,2025-12-05 00:00:00,14207.406,18428.89,16631.021
forecast_8113,2025-12-05 01:00:00,14633.147,18399.146,16420.092
forecast_8114,2025-12-05 02:00:00,14908.6875,18484.965,15833.095
forecast_8115,2025-12-05 03:00:00,14839.066,18662.24,15488.743
forecast_8116,2025-12-05 04:00:00,14755.898,18766.77,15356.798
forecast_8117,2025-12-05 05:00:00,14702.793,18762.047,15283.67
forecast_8118,2025-12-05 06:00:00,14638.942,18647.848,15161.31
forecast_8119,2025-12-05 07:00:00,14511.837,18388.557,14911.643
forecast_8120,2025-12-05 08:00:00,14235.232,17913.594,14461.466
forecast_8121,2025-12-05 09:00:00,13673.623,17182.637,13734.855
forecast_8122,2025-12-05 10:00:00,12804.724,16285.104,12732.489
forecast_8123,2025-12-05 11:00:00,12049.299,15437.607,11681.266
forecast_8124,2025-12-05 12:00:00,11904.792,14811.306,10901.265
forecast_8125,2025-12-05 13:00:00,12322.714,14435.675,10490.929
forecast_8126,2025-12-05 14:00:00,12973.488,14282.997,10389.693
forecast_8127,2025-12-05 15:00:00,13627.555,14343.151,10540.15
forecast_8128,2025-12-05 16:00:00,14171.389,14645.416,10918.332
forecast_8129,2025-12-05 17:00:00,14541.949,15255.12,11508.388
forecast_8130,2025-12-05 18:00:00,14697.496,16148.14,12257.659
forecast_8131,2025-12-05 19:00:00,14655.634,17059.58,13027.583
forecast_8132,2025-12-05 20:00:00,14516.444,17722.314,13665.174
forecast_8133,2025-12-05 21:00:00,14377.499,18103.38,14139.147
forecast_8134,2025-12-05 22:00:00,14274.932,18301.031,14506.748
forecast_8135,2025-12-05 23:00:00,14207.037,18405.48,14841.26
forecast_8136,2025-12-06 00:00:00,14166.903,18451.84,15181.098
forecast_8137,2025-12-06 01:00:00,14595.249,18423.53,15136.335
forecast_8138,2025-12-06 02:00:00,14870.022,18502.605,14851.672
forecast_8139,2025-12-06 03:00:00,14800.487,18673.045,14716.225
forecast_8140,2025-12-06 04:00:00,14717.514,18773.803,14732.903
forecast_8141,2025-12-06 05:00:00,14664.586,18770.568,14778.776
forecast_8142,2025-12-06 06:00:00,14602.893,18663.777,14751.483
forecast_8143,2025-12-06 07:00:00,14483.408,18418.56,14573.773
forecast_8144,2025-12-06 08:00:00,14225.51,17962.793,14174.026
forecast_8145,2025-12-06 09:00:00,13701.627,17247.705,13477.713
forecast_8146,2025-12-06 10:00:00,12884.928,16351.982,12485.467
forecast_8147,2025-12-06 11:00:00,12157.959,15492.529,11424.921
forecast_8148,2025-12-06 12:00:00,11995.662,14852.909,10616.116
forecast_8149,2025-12-06 13:00:00,12370.112,14471.175,10155.511
forecast_8150,2025-12-06 14:00:00,12979.085,14320.639,9981.186
forecast_8151,2025-12-06 15:00:00,13604.512,14390.983,10031.564
forecast_8152,2025-12-06 16:00:00,14133.355,14710.229,10274.286
forecast_8153,2025-12-06 17:00:00,14498.382,15332.486,10678.2295
forecast_8154,2025-12-06 18:00:00,14653.062,16215.691,11179.038
forecast_8155,2025-12-06 19:00:00,14612.84,17099.654,11658.425
forecast_8156,2025-12-06 20:00:00,14476.957,17741.332,11983.307
forecast_8157,2025-12-06 21:00:00,14341.408,18116.213,12140.137
forecast_8158,2025-12-06 22:00:00,14240.865,18315.121,12212.923
forecast_8159,2025-12-06 23:00:00,14172.917,18421.877,12284.085
forecast_8160,2025-12-07 00:00:00,14130.253,18472.121,12375.699
forecast_8161,2025-12-07 01:00:00,14560.566,18445.297,12342.79
forecast_8162,2025-12-07 02:00:00,14833.768,18518.83,12629.73
forecast_8163,2025-12-07 03:00:00,14763.983,18683.035,13045.776
forecast_8164,2025-12-07 04:00:00,14680.89,18780.092,13460.98
forecast_8165,2025-12-07 05:00:00,14627.625,18778.012,13807.715
forecast_8166,2025-12-07 06:00:00,14567.253,18677.898,14007.577
forecast_8167,2025-12-07 07:00:00,14454.048,18445.715,13991.996
forecast_8168,2025-12-07 08:00:00,14212.559,18008.28,13699.014
forecast_8169,2025-12-07 09:00:00,13722.253,17308.828,13065.375
forecast_8170,2025-12-07 10:00:00,12952.197,16414.818,12104.795
forecast_8171,2025-12-07 11:00:00,12250.931,15542.612,11058.064
forecast_8172,2025-12-07 12:00:00,12072.685,14888.324,10245.687
forecast_8173,2025-12-07 13:00:00,12408.749,14499.207,9758.384
forecast_8174,2025-12-07 14:00:00,12981.225,14349.631,9533.553
forecast_8175,2025-12-07 15:00:00,13581.768,14428.607,9508.781
forecast_8176,2025-12-07 16:00:00,14097.553,14763.008,9648.485
forecast_8177,2025-12-07 17:00:00,14457.688,15398.405,9914.655
forecast_8178,2025-12-07 18:00:00,14611.647,16277.511,10232.484
forecast_8179,2025-12-07 19:00:00,14573.134,17141.227,10492.478
forecast_8180,2025-12-07 20:00:00,14440.586,17764.691,10585.671
forecast_8181,2025-12-07 21:00:00,14308.401,18131.625,10512.643
forecast_8182,2025-12-07 22:00:00,14209.885,18329.135,10368.387
forecast_8183,2025-12-07 23:00:00,14141.995,18436.719,10238.4
forecast_8184,2025-12-08 00:00:00,14097.082,18490.012,10168.815
forecast_8185,2025-12-08 01:00:00,14528.845,18464.758,9945.966
forecast_8186,2025-12-08 02:00:00,14799.801,18533.777,9962.979
forecast_8187,2025-12-08 03:00:00,14729.5205,18692.271,10302.471
forecast_8188,2025-12-08 04:00:00,14646.065,18785.682,10890.603
forecast_8189,2025-12-08 05:00:00,14592.035,18784.43,11640.307
forecast_8190,2025-12-08 06:00:00,14532.258,18690.303,12339.608
forecast_8191,2025-12-08 07:00:00,14424.117,18470.17,12755.898
forecast_8192,2025-12-08 08:00:00,14196.991,18050.238,12763.341
forecast_8193,2025-12-08 09:00:00,13736.679,17366.352,12315.408
forecast_8194,2025-12-08 10:00:00,13008.576,16474.32,11471.629
forecast_8195,2025-12-08 11:00:00,12330.798,15588.976,10511.809
forecast_8196,2025-12-08 12:00:00,12138.387,14918.944,9758.65
forecast_8197,2025-12-08 13:00:00,12440.391,14521.38,9295.426
forecast_8198,2025-12-08 14:00:00,12980.753,14371.893,9063.674
forecast_8199,2025-12-08 15:00:00,13559.463,14458.558,9007.209
forecast_8200,2025-12-08 16:00:00,14063.735,14807.128,9094.289
forecast_8201,2025-12-08 17:00:00,14419.502,15456.171,9287.432
forecast_8202,2025-12-08 18:00:00,14572.883,16334.664,9511.331
forecast_8203,2025-12-08 19:00:00,14536.166,17182.535,9666.607
forecast_8204,2025-12-08 20:00:00,14406.979,17789.71,9668.071
forecast_8205,2025-12-08 21:00:00,14278.137,18147.922,9528.242
forecast_8206,2025-12-08 22:00:00,14181.651,18342.557,9346.297
forecast_8207,2025-12-08 23:00:00,14113.94,18450.037,9203.138
forecast_8208,2025-12-09 00:00:00,14067.063,18505.752,9144.292
forecast_8209,2025-12-09 01:00:00,14499.85,18482.158,8927.637
forecast_8210,2025-12-09 02:00:00,14768.0,18547.553,8853.946
forecast_8211,2025-12-09 03:00:00,14697.041,18700.812,9005.874
forecast_8212,2025-12-09 04:00:00,14613.055,18790.62,9300.388
forecast_8213,2025-12-09 05:00:00,14557.922,18789.89,9726.277
forecast_8214,2025-12-09 06:00:00,14498.104,18701.104,10246.654
forecast_8215,2025-12-09 07:00:00,14393.939,18492.074,10757.015
forecast_8216,2025-12-09 08:00:00,14179.336,18088.822,11073.663
forecast_8217,2025-12-09 09:00:00,13745.889,17420.475,10993.283
forecast_8218,2025-12-09 10:00:00,13055.732,16530.924,10466.663
forecast_8219,2025-12-09 11:00:00,12399.66,15632.383,9750.521
forecast_8220,2025-12-09 12:00:00,12194.772,14945.772,9164.603
forecast_8221,2025-12-09 13:00:00,12466.405,14538.839,8799.117
forecast_8222,2025-12-09 14:00:00,12978.285,14388.743,8615.841
forecast_8223,2025-12-09 15:00:00,13537.655,14482.48,8576.637
forecast_8224,2025-12-09 16:00:00,14031.675,14844.682,8660.649
forecast_8225,2025-12-09 17:00:00,14383.508,15507.777,8834.966
forecast_8226,2025-12-09 18:00:00,14536.46,16387.854,9028.072
forecast_8227,2025-12-09 19:00:00,14501.639,17222.678,9150.94
forecast_8228,2025-12-09 20:00:00,14375.845,17814.969,9135.461
forecast_8229,2025-12-09 21:00:00,14250.323,18164.186,8998.49
forecast_8230,2025-12-09 22:00:00,14155.876,18355.125,8835.198
forecast_8231,2025-12-09 23:00:00,14088.463,18461.906,8718.736
forecast_8232,2025-12-10 00:00:00,14039.903,18519.537,8687.358
forecast_8233,2025-12-10 01:00:00,14473.36,18497.691,8501.362
forecast_8234,2025-12-10 02:00:00,14738.243,18560.242,8425.466
forecast_8235,2025-12-10 03:00:00,14666.474,18708.7,8533.785
forecast_8236,2025-12-10 04:00:00,14581.847,18794.945,8739.404
forecast_8237,2025-12-10 05:00:00,14525.352,18794.469,9032.251
forecast_8238,2025-12-10 06:00:00,14464.961,18710.42,9395.796
forecast_8239,2025-12-10 07:00:00,14363.797,18511.592,9772.252
forecast_8240,2025-12-10 08:00:00,14160.05,18124.168,10034.163
forecast_8241,2025-12-10 09:00:00,13750.698,17471.31,10010.518
forecast_8242,2025-12-10 10:00:00,13095.037,16584.89,9626.263
forecast_8243,2025-12-10 11:00:00,12459.213,15673.363,9073.786
forecast_8244,2025-12-10 12:00:00,12243.434,14969.543,8632.971
forecast_8245,2025-12-10 13:00:00,12487.853,14552.431,8375.244
forecast_8246,2025-12-10 14:00:00,12974.277,14401.127,8261.291
forecast_8247,2025-12-10 15:00:00,13516.363,14501.495,8263.911
forecast_8248,2025-12-10 16:00:00,14001.162,14877.029,8370.669
forecast_8249,2025-12-10 17:00:00,14349.439,15554.488,8552.213
forecast_8250,2025-12-10 18:00:00,14502.124,16437.537,8740.935
forecast_8251,2025-12-10 19:00:00,14469.3125,17261.184,8857.11
forecast_8252,2025-12-10 20:00:00,14346.944,17839.686,8844.918
forecast_8253,2025-12-10 21:00:00,14224.717,18179.918,8722.934
forecast_8254,2025-12-10 22:00:00,14132.312,18366.717,8581.439
forecast_8255,2025-12-10 23:00:00,14065.313,18472.402,8488.493
forecast_8256,2025-12-11 00:00:00,14015.336,18531.537,8478.027
forecast_8257,2025-12-11 01:00:00,14449.167,18511.52,8313.996
forecast_8258,2025-12-11 02:00:00,14710.396,18571.92,8248.101
forecast_8259,2025-12-11 03:00:00,14637.737,18715.969,8350.863
forecast_8260,2025-12-11 04:00:00,14552.407,18798.709,8536.378
forecast_8261,2025-12-11 05:00:00,14494.365,18798.238,8793.529
forecast_8262,2025-12-11 06:00:00,14432.967,18718.367,9109.324
forecast_8263,2025-12-11 07:00:00,14333.939,18528.867,9439.87
forecast_8264,2025-12-11 08:00:00,14139.541,18156.414,9681.403
forecast_8265,2025-12-11 09:00:00,13751.807,17518.932,9679.565
forecast_8266,2025-12-11 10:00:00,13127.624,16636.363,9341.453
forecast_8267,2025-12-11 11:00:00,12510.838,15712.284,8816.43
forecast_8268,2025-12-11 12:00:00,12285.638,14990.811,8382.848
forecast_8269,2025-12-11 13:00:00,12505.567,14562.805,8141.6553
forecast_8270,2025-12-11 14:00:00,12969.073,14409.749,8056.5195
forecast_8271,2025-12-11 15:00:00,13495.58,14516.403,8088.0723
forecast_8272,2025-12-11 16:00:00,13972.016,14905.092,8216.157
forecast_8273,2025-12-11 17:00:00,14317.068,15597.129,8407.901
forecast_8274,2025-12-11 18:00:00,14469.66,16484.035,8596.984
forecast_8275,2025-12-11 19:00:00,14438.983,17297.81,8710.974
forecast_8276,2025-12-11 20:00:00,14320.071,17863.432,8702.875
forecast_8277,2025-12-11 21:00:00,14201.105,18194.854,8592.429
forecast_8278,2025-12-11 22:00:00,14110.747,18377.297,8466.507
forecast_8279,2025-12-11 23:00:00,14044.259,18481.617,8390.772
forecast_8280,2025-12-12 00:00:00,13993.116,18541.91,8397.687
forecast_8281,2025-12-12 01:00:00,14427.07,18523.78,8245.706
forecast_8282,2025-12-12 02:00:00,14684.333,18582.637,8185.916
forecast_8283,2025-12-12 03:00:00,14610.737,18722.658,8292.584
forecast_8284,2025-12-12 04:00:00,14524.685,18801.953,8480.093
forecast_8285,2025-12-12 05:00:00,14464.974,18801.266,8735.969
forecast_8286,2025-12-12 06:00:00,14402.22,18725.055,9046.667
forecast_8287,2025-12-12 07:00:00,14304.579,18544.068,9370.178
forecast_8288,2025-12-12 08:00:00,14118.16,18185.693,9609.953
forecast_8289,2025-12-12 09:00:00,13749.806,17563.4,9621.983
forecast_8290,2025-12-12 10:00:00,13154.434,16685.42,9311.208
forecast_8291,2025-12-12 11:00:00,12555.657,15749.393,8802.588
forecast_8292,2025-12-12 12:00:00,12322.404,15010.006,8361.532
forecast_8293,2025-12-12 13:00:00,12520.208,14570.475,8102.377
forecast_8294,2025-12-12 14:00:00,12962.935,14415.156,8006.3438
forecast_8295,2025-12-12 15:00:00,13475.284,14527.8,8040.593
forecast_8296,2025-12-12 16:00:00,13944.076,14929.519,8177.004
forecast_8297,2025-12-12 17:00:00,14286.211,15636.263,8373.764
forecast_8298,2025-12-12 18:00:00,14438.891,16527.57,8562.353
forecast_8299,2025-12-12 19:00:00,14410.48,17332.436,8674.513
forecast_8300,2025-12-12 20:00:00,14295.049,17885.979,8668.444
forecast_8301,2025-12-12 21:00:00,14179.31,18208.855,8564.578
forecast_8302,2025-12-12 22:00:00,14090.984,18386.875,8448.424
forecast_8303,2025-12-12 23:00:00,14025.096,18489.646,8385.793
forecast_8304,2025-12-13 00:00:00,13973.02,18550.795,8410.154
forecast_8305,2025-12-13 01:00:00,14406.877,18534.594,8260.321
forecast_8306,2025-12-13 02:00:00,14659.918,18592.45,8198.199
forecast_8307,2025-12-13 03:00:00,14585.371,18728.793,8311.172
forecast_8308,2025-12-13 04:00:00,14498.608,18804.713,8511.565
forecast_8309,2025-12-13 05:00:00,14437.166,18803.615,8784.624
forecast_8310,2025-12-13 06:00:00,14372.794,18730.598,9113.586
forecast_8311,2025-12-13 07:00:00,14275.895,18557.342,9451.251
forecast_8312,2025-12-13 08:00:00,14096.215,18212.154,9697.941
forecast_8313,2025-12-13 09:00:00,13745.208,17604.764,9713.799
forecast_8314,2025-12-13 10:00:00,13176.246,16732.082,9410.072
forecast_8315,2025-12-13 11:00:00,12594.59,15784.859,8907.776
forecast_8316,2025-12-13 12:00:00,12354.545,15027.458,8465.043
forecast_8317,2025-12-13 13:00:00,12532.297,14575.8545,8196.446
forecast_8318,2025-12-13 14:00:00,12956.059,14417.788,8086.971
forecast_8319,2025-12-13 15:00:00,13455.447,14536.141,8111.4526
forecast_8320,2025-12-13 16:00:00,13917.211,14950.786,8245.605
forecast_8321,2025-12-13 17:00:00,14256.707,15672.284,8443.24
forecast_8322,2025-12-13 18:00:00,14409.665,16568.314,8632.151
forecast_8323,2025-12-13 19:00:00,14383.649,17365.02,8744.73
forecast_8324,2025-12-13 20:00:00,14271.721,17907.215,8740.38
forecast_8325,2025-12-13 21:00:00,14159.16,18221.877,8639.315
forecast_8326,2025-12-13 22:00:00,14072.855,18395.484,8528.254
forecast_8327,2025-12-13 23:00:00,14007.641,18496.576,8476.435
forecast_8328,2025-12-14 00:00:00,13954.838,18558.318,8521.004
forecast_8329,2025-12-14 01:00:00,14388.405,18544.072,8359.956
forecast_8330,2025-12-14 02:00:00,14637.017,18601.4,8282.302
forecast_8331,2025-12-14 03:00:00,14561.53,18734.398,8401.622
forecast_8332,2025-12-14 04:00:00,14474.098,18807.023,8624.582
forecast_8333,2025-12-14 05:00:00,14410.906,18805.35,8931.794
forecast_8334,2025-12-14 06:00:00,14344.7295,18735.098,9298.802
forecast_8335,2025-12-14 07:00:00,14248.024,18568.836,9665.02
forecast_8336,2025-12-14 08:00:00,14073.979,18235.945,9919.821
forecast_8337,2025-12-14 09:00:00,13738.456,17643.09,9926.004
forecast_8338,2025-12-14 10:00:00,13193.723,16776.36,9609.002
forecast_8339,2025-12-14 11:00:00,12628.388,15818.788,9100.288
forecast_8340,2025-12-14 12:00:00,12382.716,15043.432,8657.144
forecast_8341,2025-12-14 13:00:00,12542.249,14579.287,8389.925
forecast_8342,2025-12-14 14:00:00,12948.6,14418.004,8280.684
forecast_8343,2025-12-14 15:00:00,13436.039,14541.795,8303.373
forecast_8344,2025-12-14 16:00:00,13891.301,14969.259,8437.02
forecast_8345,2025-12-14 17:00:00,14228.419,15705.482,8638.093
forecast_8346,2025-12-14 18:00:00,14381.85,16606.404,8833.546
forecast_8347,2025-12-14 19:00:00,14358.365,17395.568,8954.128
forecast_8348,2025-12-14 20:00:00,14249.948,17927.098,8955.958
forecast_8349,2025-12-14 21:00:00,14140.518,18233.906,8856.685
forecast_8350,2025-12-14 22:00:00,14056.205,18403.174,8746.984
forecast_8351,2025-12-14 23:00:00,13991.724,18502.5,8704.357
forecast_8352,2025-12-15 00:00:00,13938.379,18564.592,8772.5205
forecast_8353,2025-12-15 01:00:00,14371.479,18552.318,8576.762
forecast_8354,2025-12-15 02:00:00,14615.499,18609.531,8461.333
forecast_8355,2025-12-15 03:00:00,14539.103,18739.494,8584.646
forecast_8356,2025-12-15 04:00:00,14451.059,18808.914,8841.898
forecast_8357,2025-12-15 05:00:00,14386.144,18806.525,9202.871
forecast_8358,2025-12-15 06:00:00,14318.045,18738.645,9625.472
forecast_8359,2025-12-15 07:00:00,14221.089,18578.703,10024.349
forecast_8360,2025-12-15 08:00:00,14051.678,18257.229,10274.693
forecast_8361,2025-12-15 09:00:00,13729.934,17678.443,10248.616
forecast_8362,2025-12-15 10:00:00,13207.424,16818.236,9895.585
forecast_8363,2025-12-15 11:00:00,12657.67,15851.242,9366.081
forecast_8364,2025-12-15 12:00:00,12407.44,15058.134,8919.374
forecast_8365,2025-12-15 13:00:00,12550.392,14581.065,8660.641
forecast_8366,2025-12-15 14:00:00,12940.677,14416.118,8569.761
forecast_8367,2025-12-15 15:00:00,13417.029,14545.07,8616.334
forecast_8368,2025-12-15 16:00:00,13866.248,14985.228,8773.795
forecast_8369,2025-12-15 17:00:00,14201.237,15736.079,8998.661
forecast_8370,2025-12-15 18:00:00,14355.336,16641.955,9220.451
forecast_8371,2025-12-15 19:00:00,14334.507,17424.113,9369.349
forecast_8372,2025-12-15 20:00:00,14229.607,17945.63,9394.133
forecast_8373,2025-12-15 21:00:00,14123.243,18244.969,9304.242
forecast_8374,2025-12-15 22:00:00,14040.889,18410.002,9194.907
forecast_8375,2025-12-15 23:00:00,13977.189,18507.494,9157.685
forecast_8376,2025-12-16 00:00:00,13923.46,18569.729,9244.751
forecast_8377,2025-12-16 01:00:00,14355.932,18559.424,8971.23
forecast_8378,2025-12-16 02:00:00,14595.236,18616.875,8782.33
forecast_8379,2025-12-16 03:00:00,14517.976,18744.1,8902.087
forecast_8380,2025-12-16 04:00:00,14429.394,18810.41,9205.662
forecast_8381,2025-12-16 05:00:00,14362.807,18807.191,9636.52
forecast_8382,2025-12-16 06:00:00,14292.726,18741.332,10116.928
forecast_8383,2025-12-16 07:00:00,14195.162,18587.074,10528.668
forecast_8384,2025-12-16 08:00:00,14029.515,18276.158,10742.71
forecast_8385,2025-12-16 09:00:00,13719.98,17710.916,10654.599
forecast_8386,2025-12-16 10:00:00,13217.826,16857.713,10243.706
forecast_8387,2025-12-16 11:00:00,12682.95,15882.251,9679.526
forecast_8388,2025-12-16 12:00:00,12429.138,15071.723,9222.156
forecast_8389,2025-12-16 13:00:00,12556.981,14581.435,8972.103
forecast_8390,2025-12-16 14:00:00,12932.377,14412.398,8911.41
forecast_8391,2025-12-16 15:00:00,13398.39,14546.235,9010.825
forecast_8392,2025-12-16 16:00:00,13841.966,14998.929,9235.778
forecast_8393,2025-12-16 17:00:00,14175.061,15764.25,9531.669
forecast_8394,2025-12-16 18:00:00,14330.025,16675.076,9824.277
forecast_8395,2025-12-16 19:00:00,14311.975,17450.709,10044.498
forecast_8396,2025-12-16 20:00:00,14210.584,17962.844,10132.591
forecast_8397,2025-12-16 21:00:00,14107.219,18255.098,10080.438
forecast_8398,2025-12-16 22:00:00,14026.782,18416.027,9979.666
forecast_8399,2025-12-16 23:00:00,13963.894,18511.64,9936.614
forecast_8400,2025-12-17 00:00:00,13909.921,18573.824,10011.689
forecast_8401,2025-12-17 01:00:00,14341.616,18565.47,9596.561
forecast_8402,2025-12-17 02:00:00,14576.105,18623.47,9291.646
forecast_8403,2025-12-17 03:00:00,14498.037,18748.225,9390.787
forecast_8404,2025-12-17 04:00:00,14408.998,18811.537,9741.443
forecast_8405,2025-12-17 05:00:00,14340.817,18807.393,10234.213
forecast_8406,2025-12-17 06:00:00,14268.745,18743.238,10740.207
forecast_8407,2025-12-17 07:00:00,14170.301,18594.08,11119.3545
forecast_8408,2025-12-17 08:00:00,14007.65,18292.895,11259.663
forecast_8409,2025-12-17 09:00:00,13708.892,17740.605,11087.448
forecast_8410,2025-12-17 10:00:00,13225.352,16894.781,10606.574
forecast_8411,2025-12-17 11:00:00,12704.658,15911.83,9998.848
forecast_8412,2025-12-17 12:00:00,12448.145,15084.332,9522.964
forecast_8413,2025-12-17 13:00:00,12562.223,14580.61,9275.626
forecast_8414,2025-12-17 14:00:00,12923.769,14407.091,9243.293
forecast_8415,2025-12-17 15:00:00,13380.094,14545.536,9404.335
forecast_8416,2025-12-17 16:00:00,13818.383,15010.577,9725.503
forecast_8417,2025-12-17 17:00:00,14149.807,15790.147,10139.836
forecast_8418,2025-12-17 18:00:00,14305.833,16705.863,10557.1
forecast_8419,2025-12-17 19:00:00,14290.671,17475.418,10902.72
forecast_8420,2025-12-17 20:00:00,14192.774,17978.775,11109.931
forecast_8421,2025-12-17 21:00:00,14092.331,18264.34,11146.896
forecast_8422,2025-12-17 22:00:00,14013.763,18421.309,11082.527
forecast_8423,2025-12-17 23:00:00,13951.708,18515.02,11022.555
forecast_8424,2025-12-18 00:00:00,13897.609,18576.977,11032.9
forecast_8425,2025-12-18 01:00:00,14328.384,18570.543,10412.284
forecast_8426,2025-12-18 02:00:00,14557.99,18629.35,9961.668
forecast_8427,2025-12-18 03:00:00,14479.174,18751.889,10012.609
forecast_8428,2025-12-18 04:00:00,14389.768,18812.312,10386.703
forecast_8429,2025-12-18 05:00:00,14320.089,18807.168,10900.674
forecast_8430,2025-12-18 06:00:00,14246.057,18744.434,11380.471
forecast_8431,2025-12-18 07:00:00,14146.527,18599.836,11688.303
forecast_8432,2025-12-18 08:00:00,13986.215,18307.592,11738.751
forecast_8433,2025-12-18 09:00:00,13696.921,17767.625,11481.065
forecast_8434,2025-12-18 10:00:00,13230.358,16929.455,10932.778
forecast_8435,2025-12-18 11:00:00,12723.151,15939.982,10281.323
forecast_8436,2025-12-18 12:00:00,12464.7295,15096.06,9783.029
forecast_8437,2025-12-18 13:00:00,12566.27,14578.781,9531.598
forecast_8438,2025-12-18 14:00:00,12914.898,14400.414,9516.901
forecast_8439,2025-12-18 15:00:00,13362.107,14543.194,9725.559
forecast_8440,2025-12-18 16:00:00,13795.435,15020.356,10133.582
forecast_8441,2025-12-18 17:00:00,14125.404,15813.903,10672.085
forecast_8442,2025-12-18 18:00:00,14282.68,16734.414,11233.765
forecast_8443,2025-12-18 19:00:00,14270.512,17498.312,11730.277
forecast_8444,2025-12-18 20:00:00,14176.083,17993.475,12088.553
forecast_8445,2025-12-18 21:00:00,14078.478,18272.74,12258.595
forecast_8446,2025-12-18 22:00:00,14001.722,18425.902,12274.885
forecast_8447,2025-12-18 23:00:00,13940.514,18517.697,12214.862
forecast_8448,2025-12-19 00:00:00,13886.385,18579.268,12135.622
forecast_8449,2025-12-19 01:00:00,14316.104,18574.719,11275.477
forecast_8450,2025-12-19 02:00:00,14540.776,18634.543,10669.917
forecast_8451,2025-12-19 03:00:00,14461.285,18755.102,10642.094
forecast_8452,2025-12-19 04:00:00,14371.598,18812.756,11003.133
forecast_8453,2025-12-19 05:00:00,14300.528,18806.553,11496.043
forecast_8454,2025-12-19 06:00:00,14224.597,18744.986,11919.128
forecast_8455,2025-12-19 07:00:00,14123.85,18604.459,12148.432
forecast_8456,2025-12-19 08:00:00,13965.309,18320.396,12118.879
forecast_8457,2025-12-19 09:00:00,13684.29,17792.092,11791.934
forecast_8458,2025-12-19 10:00:00,13233.161,16961.754,11190.567
forecast_8459,2025-12-19 11:00:00,12738.744,15966.699,10503.047
forecast_8460,2025-12-19 12:00:00,12479.111,15106.987,9983.679
forecast_8461,2025-12-19 13:00:00,12569.241,14576.105,9724.381
forecast_8462,2025-12-19 14:00:00,12905.799,14392.572,9716.676
forecast_8463,2025-12-19 15:00:00,13344.406,14539.418,9952.832
forecast_8464,2025-12-19 16:00:00,13773.067,15028.439,10419.282
forecast_8465,2025-12-19 17:00:00,14101.79,15835.632,11053.915
forecast_8466,2025-12-19 18:00:00,14260.495,16760.824,11740.403
forecast_8467,2025-12-19 19:00:00,14251.415,17519.465,12373.995
forecast_8468,2025-12-19 20:00:00,14160.418,18007.0,12872.94
forecast_8469,2025-12-19 21:00:00,14065.564,18280.348,13179.121
forecast_8470,2025-12-19 22:00:00,13990.56,18429.863,13301.1455
forecast_8471,2025-12-19 23:00:00,13930.198,18519.738,13277.499
forecast_8472,2025-12-20 00:00:00,13876.12,18580.781,13137.875
forecast_8473,2025-12-20 01:00:00,14304.653,18578.066,12057.922
forecast_8474,2025-12-20 02:00:00,14524.362,18639.084,11311.741
forecast_8475,2025-12-20 03:00:00,14444.265,18757.873,11183.0625
forecast_8476,2025-12-20 04:00:00,14354.387,18812.88,11501.198
forecast_8477,2025-12-20 05:00:00,14282.038,18805.578,11950.178
forecast_8478,2025-12-20 06:00:00,14204.295,18744.957,12311.882
forecast_8479,2025-12-20 07:00:00,14102.247,18608.043,12475.094
forecast_8480,2025-12-20 08:00:00,13945.007,18331.457,12386.803
forecast_8481,2025-12-20 09:00:00,13671.184,17814.13,12013.14
forecast_8482,2025-12-20 10:00:00,13234.042,16991.709,11376.537
forecast_8483,2025-12-20 11:00:00,12751.697,15991.972,10663.049
forecast_8484,2025-12-20 12:00:00,12491.46,15117.171,10126.429
forecast_8485,2025-12-20 13:00:00,12571.224,14572.72,9858.433
forecast_8486,2025-12-20 14:00:00,12896.49,14383.747,9851.155
forecast_8487,2025-12-20 15:00:00,13326.965,14534.402,10100.092
forecast_8488,2025-12-20 16:00:00,13751.231,15034.981,10600.175
forecast_8489,2025-12-20 17:00:00,14078.902,15855.444,11299.237
forecast_8490,2025-12-20 18:00:00,14239.217,16785.186,12079.279
forecast_8491,2025-12-20 19:00:00,14233.308,17538.953,12820.288
forecast_8492,2025-12-20 20:00:00,14145.7,18019.406,13427.829
forecast_8493,2025-12-20 21:00:00,14053.504,18287.21,13840.264
forecast_8494,2025-12-20 22:00:00,13980.186,18433.242,14056.234
forecast_8495,2025-12-20 23:00:00,13920.662,18521.201,14090.351
forecast_8496,2025-12-21 00:00:00,13866.701,18581.594,13945.042
forecast_8497,2025-12-21 01:00:00,14293.924,18580.658,12711.93
forecast_8498,2025-12-21 02:00:00,14508.654,18643.006,11869.014
forecast_8499,2025-12-21 03:00:00,14428.0205,18760.225,11633.478
forecast_8500,2025-12-21 04:00:00,14338.037,18812.705,11885.074
forecast_8501,2025-12-21 05:00:00,14264.523,18804.277,12275.333
forecast_8502,2025-12-21 06:00:00,14185.074,18744.398,12578.186
forecast_8503,2025-12-21 07:00:00,14081.688,18610.69,12690.231
forecast_8504,2025-12-21 08:00:00,13925.355,18340.908,12562.923
forecast_8505,2025-12-21 09:00:00,13657.76,17833.873,12161.319
forecast_8506,2025-12-21 10:00:00,13233.241,17019.367,11503.635
forecast_8507,2025-12-21 11:00:00,12762.244,16015.794,10772.453
forecast_8508,2025-12-21 12:00:00,12501.921,15126.653,10222.456
forecast_8509,2025-12-21 13:00:00,12572.279,14568.743,9946.485
forecast_8510,2025-12-21 14:00:00,12886.9795,14374.107,9936.741
forecast_8511,2025-12-21 15:00:00,13309.755,14528.325,10190.462
forecast_8512,2025-12-21 16:00:00,13729.877,15040.115,10708.752
forecast_8513,2025-12-21 17:00:00,14056.694,15873.44,11449.092
forecast_8514,2025-12-21 18:00:00,14218.785,16807.586,12295.718
forecast_8515,2025-12-21 19:00:00,14216.119,17556.854,13115.963
forecast_8516,2025-12-21 20:00:00,14131.847,18030.742,13800.375
forecast_8517,2025-12-21 21:00:00,14042.211,18293.379,14284.056
forecast_8518,2025-12-21 22:00:00,13970.51,18436.084,14566.626
forecast_8519,2025-12-21 23:00:00,13911.814,18522.145,14658.967
forecast_8520,2025-12-22 00:00:00,13858.023,18581.775,14551.372
forecast_8521,2025-12-22 01:00:00,14283.814,18582.557,13241.624
forecast_8522,2025-12-22 02:00:00,14493.564,18646.336,12359.506
forecast_8523,2025-12-22 03:00:00,14412.464,18762.162,12028.715
forecast_8524,2025-12-22 04:00:00,14322.455,18812.238,12197.307
forecast_8525,2025-12-22 05:00:00,14247.891,18802.67,12514.904
forecast_8526,2025-12-22 06:00:00,14166.851,18743.361,12758.906
forecast_8527,2025-12-22 07:00:00,14062.127,18612.475,12829.1045
forecast_8528,2025-12-22 08:00:00,13906.382,18348.871,12675.089
forecast_8529,2025-12-22 09:00:00,13644.147,17851.445,12257.075
forecast_8530,2025-12-22 10:00:00,13230.978,17044.777,11587.318
forecast_8531,2025-12-22 11:00:00,12770.592,16038.158,10844.309
forecast_8532,2025-12-22 12:00:00,12510.607,15135.461,10284.199
forecast_8533,2025-12-22 13:00:00,12572.456,14564.271,10001.592
forecast_8534,2025-12-22 14:00:00,12877.266,14363.804,9988.672
forecast_8535,2025-12-22 15:00:00,13292.742,14521.352,10243.601
forecast_8536,2025-12-22 16:00:00,13708.967,15043.972,10771.668
forecast_8537,2025-12-22 17:00:00,14035.111,15889.709,11538.254
forecast_8538,2025-12-22 18:00:00,14199.142,16828.115,12431.177
forecast_8539,2025-12-22 19:00:00,14199.779,17573.24,13308.266
forecast_8540,2025-12-22 20:00:00,14118.785,18041.068,14045.594
forecast_8541,2025-12-22 21:00:00,14031.611,18298.883,14574.261
forecast_8542,2025-12-22 22:00:00,13961.459,18438.434,14899.303
forecast_8543,2025-12-22 23:00:00,13903.571,18522.615,15039.727
forecast_8544,2025-12-23 00:00:00,13849.989,18581.389,14988.829
forecast_8545,2025-12-23 01:00:00,14274.235,18583.822,13661.874
forecast_8546,2025-12-23 02:00:00,14479.012,18649.105,12787.91
forecast_8547,2025-12-23 03:00:00,14397.513,18763.705,12382.107
forecast_8548,2025-12-23 04:00:00,14307.553,18811.498,12464.281
forecast_8549,2025-12-23 05:00:00,14232.05,18800.785,12702.716
forecast_8550,2025-12-23 06:00:00,14149.539,18741.885,12888.113
forecast_8551,2025-12-23 07:00:00,14043.505,18613.48,12920.787
forecast_8552,2025-12-23 08:00:00,13888.091,18355.469,12745.562
forecast_8553,2025-12-23 09:00:00,13630.448,17866.975,12316.806
forecast_8554,2025-12-23 10:00:00,13227.436,17068.008,11640.294
forecast_8555,2025-12-23 11:00:00,12776.917,16059.058,10889.625
forecast_8556,2025-12-23 12:00:00,12517.62,15143.61,10322.093
forecast_8557,2025-12-23 13:00:00,12571.779,14559.38,10034.351
forecast_8558,2025-12-23 14:00:00,12867.341,14352.97,10018.584
forecast_8559,2025-12-23 15:00:00,13275.9,14513.624,10273.442
forecast_8560,2025-12-23 16:00:00,13688.456,15046.65,10806.88
forecast_8561,2025-12-23 17:00:00,14014.107,15904.333,11590.086
forecast_8562,2025-12-23 18:00:00,14180.2295,16846.86,12514.398
forecast_8563,2025-12-23 19:00:00,14184.229,17588.186,13431.253
forecast_8564,2025-12-23 20:00:00,14106.449,18050.432,14204.811
forecast_8565,2025-12-23 21:00:00,14021.635,18303.771,14761.759
forecast_8566,2025-12-23 22:00:00,13952.957,18440.326,15112.999
forecast_8567,2025-12-23 23:00:00,13895.856,18522.66,15289.291
forecast_8568,2025-12-24 00:00:00,13842.518,18580.496,15294.878
forecast_8569,2025-12-24 01:00:00,14265.105,18584.518,13985.149
forecast_8570,2025-12-24 02:00:00,14464.926,18651.354,13146.44
forecast_8571,2025-12-24 03:00:00,14383.092,18764.867,12685.156
forecast_8572,2025-12-24 04:00:00,14293.251,18810.498,12689.326
forecast_8573,2025-12-24 05:00:00,14216.911,18798.639,12853.253
forecast_8574,2025-12-24 06:00:00,14133.055,18740.016,12984.818
forecast_8575,2025-12-24 07:00:00,14025.76,18613.777,12983.553
forecast_8576,2025-12-24 08:00:00,13870.474,18360.81,12789.497
forecast_8577,2025-12-24 09:00:00,13616.739,17880.59,12352.341
forecast_8578,2025-12-24 10:00:00,13222.776,17089.123,11672.091
forecast_8579,2025-12-24 11:00:00,12781.386,16078.493,10916.777
forecast_8580,2025-12-24 12:00:00,12523.046,15151.104,10344.02
forecast_8581,2025-12-24 13:00:00,12570.27,14554.128,10052.58
forecast_8582,2025-12-24 14:00:00,12857.1875,14341.717,10034.692
forecast_8583,2025-12-24 15:00:00,13259.2,14505.2705,10289.245
forecast_8584,2025-12-24 16:00:00,13668.307,15048.246,10825.76
forecast_8585,2025-12-24 17:00:00,13993.641,15917.39,11619.311
forecast_8586,2025-12-24 18:00:00,14161.998,16863.9,12564.073
forecast_8587,2025-12-24 19:00:00,14169.403,17601.762,13507.736
forecast_8588,2025-12-24 20:00:00,14094.768,18058.88,14305.957
forecast_8589,2025-12-24 21:00:00,14012.212,18308.076,14881.133
forecast_8590,2025-12-24 22:00:00,13944.9375,18441.8,15248.767
forecast_8591,2025-12-24 23:00:00,13888.601,18522.32,15450.593
forecast_8592,2025-12-25 00:00:00,13835.526,18579.152,15503.329
forecast_8593,2025-12-25 01:00:00,14256.352,18584.691,14223.849
forecast_8594,2025-12-25 02:00:00,14451.241,18653.11,13429.586
forecast_8595,2025-12-25 03:00:00,14369.131,18765.664,12928.256
forecast_8596,2025-12-25 04:00:00,14279.473,18809.248,12868.887
forecast_8597,2025-12-25 05:00:00,14202.397,18796.254,12970.493
forecast_8598,2025-12-25 06:00:00,14117.315,18737.783,13057.042
forecast_8599,2025-12-25 07:00:00,14008.823,18613.426,13026.768
forecast_8600,2025-12-25 08:00:00,13853.507,18364.994,12816.138
forecast_8601,2025-12-25 09:00:00,13603.079,17892.406,12371.897
forecast_8602,2025-12-25 10:00:00,13217.141,17108.2,11689.665
forecast_8603,2025-12-25 11:00:00,12784.142,16096.465,10931.867
forecast_8604,2025-12-25 12:00:00,12526.951,15157.941,10355.641
forecast_8605,2025-12-25 13:00:00,12567.935,14548.561,10061.779
forecast_8606,2025-12-25 14:00:00,12846.79,14330.149,10042.582
forecast_8607,2025-12-25 15:00:00,13242.605,14496.3955,10297.0
forecast_8608,2025-12-25 16:00:00,13648.482,15048.83,10835.376
forecast_8609,2025-12-25 17:00:00,13973.664,15928.943,11635.066
forecast_8610,2025-12-25 18:00:00,14144.3955,16879.316,12592.21
forecast_8611,2025-12-25 19:00:00,14155.242,17614.035,13552.821
forecast_8612,2025-12-25 20:00:00,14083.683,18066.467,14367.487
forecast_8613,2025-12-25 21:00:00,14003.285,18311.834,14954.841
forecast_8614,2025-12-25 22:00:00,13937.343,18442.889,15333.252
forecast_8615,2025-12-25 23:00:00,13881.742,18521.639,15553.091
forecast_8616,2025-12-26 00:00:00,13828.95,18577.41,15641.8545
forecast_8617,2025-12-26 01:00:00,14247.915,18584.396,14392.552
forecast_8618,2025-12-26 02:00:00,14437.9,18654.402,13640.934
forecast_8619,2025-12-26 03:00:00,14355.57,18766.115,13110.855
forecast_8620,2025-12-26 04:00:00,14266.147,18807.762,13003.193
forecast_8621,2025-12-26 05:00:00,14188.43,18793.65,13056.714
forecast_8622,2025-12-26 06:00:00,14102.24,18735.223,13108.281
forecast_8623,2025-12-26 07:00:00,13992.626,18612.482,13054.804
forecast_8624,2025-12-26 08:00:00,13837.16,18368.113,12830.568
forecast_8625,2025-12-26 09:00:00,13589.506,17902.541,12380.779
forecast_8626,2025-12-26 10:00:00,13210.6455,17125.312,11697.922
forecast_8627,2025-12-26 11:00:00,12785.3125,16112.9795,10939.222
forecast_8628,2025-12-26 12:00:00,12529.408,15164.106,10360.896
forecast_8629,2025-12-26 13:00:00,12564.78,14542.704,10065.686
forecast_8630,2025-12-26 14:00:00,12836.124,14318.343,10045.939
forecast_8631,2025-12-26 15:00:00,13226.085,14487.076,10300.521
forecast_8632,2025-12-26 16:00:00,13628.94,15048.456,10840.071
forecast_8633,2025-12-26 17:00:00,13954.134,15939.058,11642.986
forecast_8634,2025-12-26 18:00:00,14127.368,16893.188,12606.508
forecast_8635,2025-12-26 19:00:00,14141.692,17625.078,13576.506
forecast_8636,2025-12-26 20:00:00,14073.134,18073.229,14401.57
forecast_8637,2025-12-26 21:00:00,13994.793,18315.078,14997.333
forecast_8638,2025-12-26 22:00:00,13930.115,18443.62,15383.373
forecast_8639,2025-12-26 23:00:00,13875.222,18520.643,15616.163
forecast_8640,2025-12-27 00:00:00,13822.727,18575.312,15731.408
forecast_8641,2025-12-27 01:00:00,14239.734,18583.68,14506.788
forecast_8642,2025-12-27 02:00:00,14424.851,18655.266,13791.27
forecast_8643,2025-12-27 03:00:00,14342.354,18766.236,13240.462
forecast_8644,2025-12-27 04:00:00,14253.212,18806.057,13097.603
forecast_8645,2025-12-27 05:00:00,14174.937,18790.842,13115.764
forecast_8646,2025-12-27 06:00:00,14087.751,18732.363,13141.363
forecast_8647,2025-12-27 07:00:00,13977.097,18610.998,13070.225
forecast_8648,2025-12-27 08:00:00,13821.388,18370.25,12835.635
forecast_8649,2025-12-27 09:00:00,13576.041,17911.098,12382.227
forecast_8650,2025-12-27 10:00:00,13203.389,17140.535,11700.155
forecast_8651,2025-12-27 11:00:00,12785.017,16128.045,10941.853
forecast_8652,2025-12-27 12:00:00,12530.472,15169.59,10362.474
forecast_8653,2025-12-27 13:00:00,12560.807,14536.575,10066.77
forecast_8654,2025-12-27 14:00:00,12825.163,14306.361,10047.136
forecast_8655,2025-12-27 15:00:00,13209.603,14477.373,10302.185
forecast_8656,2025-12-27 16:00:00,13609.644,15047.164,10842.4795
forecast_8657,2025-12-27 17:00:00,13935.006,15947.784,11646.518
forecast_8658,2025-12-27 18:00:00,14110.866,16905.586,12611.874
forecast_8659,2025-12-27 19:00:00,14128.695,17634.955,13585.39
forecast_8660,2025-12-27 20:00:00,14063.067,18079.215,14416.231
forecast_8661,2025-12-27 21:00:00,13986.686,18317.834,15017.929
forecast_8662,2025-12-27 22:00:00,13923.204,18444.02,15409.848
forecast_8663,2025-12-27 23:00:00,13868.991,18519.367,15652.349
forecast_8664,2025-12-28 00:00:00,13816.798,18572.902,15786.961
forecast_8665,2025-12-28 01:00:00,14231.766,18582.588,14580.81
forecast_8666,2025-12-28 02:00:00,14412.051,18655.73,13893.8955
forecast_8667,2025-12-28 03:00:00,14329.429,18766.043,13327.956
forecast_8668,2025-12-28 04:00:00,14240.614,18804.143,13159.979
forecast_8669,2025-12-28 05:00:00,14161.855,18787.848,13152.733
forecast_8670,2025-12-28 06:00:00,14073.78,18729.234,13159.475
forecast_8671,2025-12-28 07:00:00,13962.161,18609.025,13075.26
forecast_8672,2025-12-28 08:00:00,13806.1455,18371.482,12833.278
forecast_8673,2025-12-28 09:00:00,13562.698,17918.184,12378.232
forecast_8674,2025-12-28 10:00:00,13195.451,17153.955,11698.459
forecast_8675,2025-12-28 11:00:00,12783.357,16141.676,10941.778
forecast_8676,2025-12-28 12:00:00,12530.2,15174.366,10362.178
forecast_8677,2025-12-28 13:00:00,12556.012,14530.178,10066.631
forecast_8678,2025-12-28 14:00:00,12813.883,14294.244,10047.647
forecast_8679,2025-12-28 15:00:00,13193.126,14467.321,10303.436
forecast_8680,2025-12-28 16:00:00,13590.554,15044.9795,10844.158
forecast_8681,2025-12-28 17:00:00,13916.234,15955.168,11647.718
forecast_8682,2025-12-28 18:00:00,14094.84,16916.578,12611.406
forecast_8683,2025-12-28 19:00:00,14116.2,17643.723,13583.808
forecast_8684,2025-12-28 20:00:00,14053.429,18084.467,14416.782
forecast_8685,2025-12-28 21:00:00,13978.915,18320.133,15022.672
forecast_8686,2025-12-28 22:00:00,13916.562,18444.113,15419.51
forecast_8687,2025-12-28 23:00:00,13863.002,18517.84,15669.723
forecast_8688,2025-12-29 00:00:00,13811.121,18570.22,15818.775
forecast_8689,2025-12-29 01:00:00,14223.965,18581.158,14626.221
forecast_8690,2025-12-29 02:00:00,14399.456,18655.826,13961.195
forecast_8691,2025-12-29 03:00:00,14316.752,18765.557,13384.004
forecast_8692,2025-12-29 04:00:00,14228.3,18802.033,13198.177
forecast_8693,2025-12-29 05:00:00,14149.125,18784.682,13172.776
forecast_8694,2025-12-29 06:00:00,14060.257,18725.857,13165.873
forecast_8695,2025-12-29 07:00:00,13947.756,18606.602,13072.081
forecast_8696,2025-12-29 08:00:00,13791.383,18371.88,12825.086
forecast_8697,2025-12-29 09:00:00,13549.474,17923.887,12370.148
forecast_8698,2025-12-29 10:00:00,13186.897,17165.639,11694.14
forecast_8699,2025-12-29 11:00:00,12780.423,16153.878,10940.283
forecast_8700,2025-12-29 12:00:00,12528.639,15178.41,10361.187
forecast_8701,2025-12-29 13:00:00,12550.397,14523.504,10066.279
forecast_8702,2025-12-29 14:00:00,12802.255,14282.022,10048.364
forecast_8703,2025-12-29 15:00:00,13176.617,14456.935,10305.102
forecast_8704,2025-12-29 16:00:00,13571.629,15041.907,10845.981
forecast_8705,2025-12-29 17:00:00,13897.776,15961.251,11647.784
forecast_8706,2025-12-29 18:00:00,14079.24,16926.229,12607.023
forecast_8707,2025-12-29 19:00:00,14104.152,17651.443,13574.592
forecast_8708,2025-12-29 20:00:00,14044.168,18089.021,14406.734
forecast_8709,2025-12-29 21:00:00,13971.43,18322.002,15015.513
forecast_8710,2025-12-29 22:00:00,13910.146,18443.924,15416.753
forecast_8711,2025-12-29 23:00:00,13857.214,18516.086,15673.487
forecast_8712,2025-12-30 00:00:00,13805.649,18567.3,15833.731
forecast_8713,2025-12-30 01:00:00,14216.293,18579.428,14651.757
forecast_8714,2025-12-30 02:00:00,14387.033,18655.582,14003.188
forecast_8715,2025-12-30 03:00:00,14304.283,18764.797,13417.432
forecast_8716,2025-12-30 04:00:00,14216.222,18799.74,13218.791
forecast_8717,2025-12-30 05:00:00,14136.693,18781.355,13180.318
forecast_8718,2025-12-30 06:00:00,14047.12,18722.254,13163.465
forecast_8719,2025-12-30 07:00:00,13933.813,18603.764,13062.632
forecast_8720,2025-12-30 08:00:00,13777.047,18371.508,12812.413
forecast_8721,2025-12-30 09:00:00,13536.3545,17928.3,12358.97
forecast_8722,2025-12-30 10:00:00,13177.779,17175.67,11688.004
forecast_8723,2025-12-30 11:00:00,12776.294,16164.675,10938.133
forecast_8724,2025-12-30 12:00:00,12525.838,15181.696,10360.231
forecast_8725,2025-12-30 13:00:00,12543.959,14516.535,10066.338
forecast_8726,2025-12-30 14:00:00,12790.251,14269.699,10049.786
forecast_8727,2025-12-30 15:00:00,13160.044,14446.201,10307.62
forecast_8728,2025-12-30 16:00:00,13552.834,15037.947,10848.401
forecast_8729,2025-12-30 17:00:00,13879.588,15966.065,11647.365
forecast_8730,2025-12-30 18:00:00,14064.016,16934.596,12599.888
forecast_8731,2025-12-30 19:00:00,14092.503,17658.176,13559.583
forecast_8732,2025-12-30 20:00:00,14035.242,18092.924,14388.42
forecast_8733,2025-12-30 21:00:00,13964.193,18323.469,14999.052
forecast_8734,2025-12-30 22:00:00,13903.92,18443.475,15404.425
forecast_8735,2025-12-30 23:00:00,13851.591,18514.13,15667.015
forecast_8736,2025-12-31 00:00:00,13800.347,18564.172,15836.37
forecast_8737,2025-12-31 01:00:00,14208.72,18577.432,14663.664
forecast_8738,2025-12-31 02:00:00,14374.751,18655.025,14027.372
forecast_8739,2025-12-31 03:00:00,14291.985,18763.78,13434.931
forecast_8740,2025-12-31 04:00:00,14204.34,18797.277,13226.863
forecast_8741,2025-12-31 05:00:00,14124.51,18777.885,13178.819
forecast_8742,2025-12-31 06:00:00,14034.3125,18718.445,13154.574
forecast_8743,2025-12-31 07:00:00,13920.273,18600.55,13048.508
forecast_8744,2025-12-31 08:00:00,13763.086,18370.42,12796.358
forecast_8745,2025-12-31 09:00:00,13523.327,17931.506,12345.439
forecast_8746,2025-12-31 10:00:00,13168.137,17184.115,11680.559
forecast_8747,2025-12-31 11:00:00,12771.044,16174.078,10935.736
forecast_8748,2025-12-31 12:00:00,12521.841,15184.189,10359.714
forecast_8749,2025-12-31 13:00:00,12536.696,14509.247,10067.158
forecast_8750,2025-12-31 14:00:00,12777.848,14257.27,10052.17
forecast_8751,2025-12-31 15:00:00,13143.367,14435.096,10311.177
forecast_8752,2025-12-31 16:00:00,13534.124,15033.083,10851.593
forecast_8753,2025-12-31 17:00:00,13861.623,15969.636,11646.766
forecast_8754,2025-12-31 18:00:00,14049.118,16941.738,12590.682
forecast_8755,2025-12-31 19:00:00,14081.206,17663.973,13539.969
forecast_8756,2025-12-31 20:00:00,14026.6045,18096.209,14363.391
forecast_8757,2025-12-31 21:00:00,13957.163,18324.557,14975.004
forecast_8758,2025-12-31 22:00:00,13897.846,18442.785,15384.387
forecast_8759,2025-12-31 23:00:00,13846.097,18511.994,15652.494
forecast_8760,2026-01-01 00:00:00,13795.179,18560.867,15829.671
