forecast_id,forecast_kst_dtm,kpx_group_1,kpx_group_2,kpx_group_3
forecast_0001,2025-01-01 01:00:00,17995.865215654274,20082.125,14729.123
forecast_0002,2025-01-01 02:00:00,18445.252337548707,20202.686,15068.392
forecast_0003,2025-01-01 03:00:00,17950.39318309158,20241.893,15486.903
forecast_0004,2025-01-01 04:00:00,17662.515272568144,20185.748,15692.2
forecast_0005,2025-01-01 05:00:00,17915.648020348784,20042.645,15551.514
forecast_0006,2025-01-01 06:00:00,16457.926892374544,19857.574,15352.833
forecast_0007,2025-01-01 07:00:00,13873.32294889191,19611.863,15088.566
forecast_0008,2025-01-01 08:00:00,14055.006164667202,19344.346,14478.218
forecast_0009,2025-01-01 09:00:00,16005.157269773328,19202.932,14072.294
forecast_0010,2025-01-01 10:00:00,15700.359678710103,18686.582,13458.371
forecast_0011,2025-01-01 11:00:00,15413.701534340164,17936.957,12841.339
forecast_0012,2025-01-01 12:00:00,15221.560082864942,16995.188,12302.402
forecast_0013,2025-01-01 13:00:00,15631.402909992072,15672.608,11777.821
forecast_0014,2025-01-01 14:00:00,15626.89088474817,14172.985,11462.516
forecast_0015,2025-01-01 15:00:00,14419.61331502938,12707.097,11260.85
forecast_0016,2025-01-01 16:00:00,13492.379346772592,10876.448,9827.964
forecast_0017,2025-01-01 17:00:00,13936.243872283861,10096.276,8990.236
forecast_0018,2025-01-01 18:00:00,15365.533373001208,10435.052,8964.472
forecast_0019,2025-01-01 19:00:00,15365.500786604454,12014.087,10220.969
forecast_0020,2025-01-01 20:00:00,17481.80670512542,13673.523,11757.165
forecast_0021,2025-01-01 21:00:00,17603.223540506857,14947.59,12831.703
forecast_0022,2025-01-01 22:00:00,15970.24413375614,15915.775,13356.25
forecast_0023,2025-01-01 23:00:00,15774.0684766573,16515.033,13423.033
forecast_0024,2025-01-02 00:00:00,15533.807932970987,16848.178,13318.399
forecast_0025,2025-01-02 01:00:00,14484.498994153942,16560.266,12461.341
forecast_0026,2025-01-02 02:00:00,14187.147798491616,15631.313,10873.815
forecast_0027,2025-01-02 03:00:00,12053.481430264277,14523.351,9232.448
forecast_0028,2025-01-02 04:00:00,10070.748945160478,13016.435,7536.7104
forecast_0029,2025-01-02 05:00:00,9942.960449841645,11335.112,6145.066
forecast_0030,2025-01-02 06:00:00,8882.018741535107,9744.389,5006.34
forecast_0031,2025-01-02 07:00:00,8304.654524366677,8037.8267,4125.2754
forecast_0032,2025-01-02 08:00:00,6555.247487637623,6275.554,3507.4233
forecast_0033,2025-01-02 09:00:00,6992.489254442417,5760.141,3059.6113
forecast_0034,2025-01-02 10:00:00,5258.784822968551,5539.59,2863.7021
forecast_0035,2025-01-02 11:00:00,3244.220189158352,4677.77,2429.87
forecast_0036,2025-01-02 12:00:00,3724.4512592762258,4226.298,1913.9252
forecast_0037,2025-01-02 13:00:00,5127.539725819388,4414.384,1950.3007
forecast_0038,2025-01-02 14:00:00,5766.747985754099,5014.417,2647.6406
forecast_0039,2025-01-02 15:00:00,7180.377162315004,5693.8125,3578.5623
forecast_0040,2025-01-02 16:00:00,8017.027725627422,6504.488,4528.075
forecast_0041,2025-01-02 17:00:00,8539.486669644928,7408.593,5781.921
forecast_0042,2025-01-02 18:00:00,11285.952892495401,7915.1323,6720.8003
forecast_0043,2025-01-02 19:00:00,12825.56174768303,9049.615,7757.5195
forecast_0044,2025-01-02 20:00:00,11826.20122823946,9998.52,8883.446
forecast_0045,2025-01-02 21:00:00,12061.136229382491,10136.578,8945.504
forecast_0046,2025-01-02 22:00:00,11918.414911891467,10222.8,8545.757
forecast_0047,2025-01-02 23:00:00,11954.456530924903,10651.93,8346.008
forecast_0048,2025-01-03 00:00:00,12461.405973826553,11151.132,8522.161
forecast_0049,2025-01-03 01:00:00,12770.486216767924,12228.995,8638.854
forecast_0050,2025-01-03 02:00:00,13237.521785758789,13357.1455,9391.978
forecast_0051,2025-01-03 03:00:00,12196.086456643805,14434.066,9592.22
forecast_0052,2025-01-03 04:00:00,12889.50737969526,14673.233,9057.1455
forecast_0053,2025-01-03 05:00:00,13449.895663237647,14988.893,9115.837
forecast_0054,2025-01-03 06:00:00,13048.265286910555,15094.487,9682.138
forecast_0055,2025-01-03 07:00:00,13153.846790996917,14929.018,10015.757
forecast_0056,2025-01-03 08:00:00,13125.609123394832,14454.034,9862.406
forecast_0057,2025-01-03 09:00:00,13108.105462498894,14143.895,9659.471
forecast_0058,2025-01-03 10:00:00,10967.099671571226,13269.507,8536.694
forecast_0059,2025-01-03 11:00:00,11713.966924799453,12719.588,7840.288
forecast_0060,2025-01-03 12:00:00,12360.3150301953,12083.949,7239.761
forecast_0061,2025-01-03 13:00:00,12786.009072373421,12051.765,6891.349
forecast_0062,2025-01-03 14:00:00,13031.68578362911,12238.717,7301.207
forecast_0063,2025-01-03 15:00:00,14392.07602837347,12176.661,7754.2476
forecast_0064,2025-01-03 16:00:00,13897.179838884407,12033.612,7990.4478
forecast_0065,2025-01-03 17:00:00,13506.990859934356,11788.313,8411.355
forecast_0066,2025-01-03 18:00:00,13257.9035480719,11351.908,8308.452
forecast_0067,2025-01-03 19:00:00,13448.731152804685,11355.036,8220.277
forecast_0068,2025-01-03 20:00:00,14966.668942658689,12161.779,9491.807
forecast_0069,2025-01-03 21:00:00,14855.628010667733,12744.715,11048.75
forecast_0070,2025-01-03 22:00:00,14862.694179063461,12797.176,11588.131
forecast_0071,2025-01-03 23:00:00,14834.131839361646,12875.663,11647.983
forecast_0072,2025-01-04 00:00:00,12890.644812600876,13195.504,11609.856
forecast_0073,2025-01-04 01:00:00,15362.305462781842,13062.581,11029.568
forecast_0074,2025-01-04 02:00:00,15469.275012098597,13677.137,11662.378
forecast_0075,2025-01-04 03:00:00,14372.066545045533,14335.835,11993.513
forecast_0076,2025-01-04 04:00:00,14002.60648492866,14701.937,11776.559
forecast_0077,2025-01-04 05:00:00,14926.30906307829,14583.668,11260.759
forecast_0078,2025-01-04 06:00:00,14645.608349298282,14529.096,11031.723
forecast_0079,2025-01-04 07:00:00,13453.664611400469,14580.989,10965.033
forecast_0080,2025-01-04 08:00:00,12638.041932927621,14483.096,10414.813
forecast_0081,2025-01-04 09:00:00,12605.826634613302,14450.989,9699.903
forecast_0082,2025-01-04 10:00:00,10483.36404168801,14123.126,9161.247
forecast_0083,2025-01-04 11:00:00,8904.715605973932,12845.783,8132.6562
forecast_0084,2025-01-04 12:00:00,8847.896363042795,11625.992,7541.325
forecast_0085,2025-01-04 13:00:00,10148.530518248399,10646.13,7553.741
forecast_0086,2025-01-04 14:00:00,11000.970075883215,10351.878,8184.4136
forecast_0087,2025-01-04 15:00:00,10046.225915226501,10224.828,8838.56
forecast_0088,2025-01-04 16:00:00,10767.72281979795,10166.182,9003.608
forecast_0089,2025-01-04 17:00:00,11523.701838003268,10823.969,9309.992
forecast_0090,2025-01-04 18:00:00,13646.320716953882,12622.661,10137.466
forecast_0091,2025-01-04 19:00:00,12965.14444998185,14998.765,11353.405
forecast_0092,2025-01-04 20:00:00,13932.858189257619,16800.62,12311.414
forecast_0093,2025-01-04 21:00:00,14469.54557958748,18065.479,13270.284
forecast_0094,2025-01-04 22:00:00,15773.576033958363,18759.703,14019.987
forecast_0095,2025-01-04 23:00:00,15925.350701925918,19113.986,14422.551
forecast_0096,2025-01-05 00:00:00,16836.242234369245,19224.428,14398.19
forecast_0097,2025-01-05 01:00:00,15136.856761918914,19308.434,13950.48
forecast_0098,2025-01-05 02:00:00,15942.623361059626,19041.27,12892.096
forecast_0099,2025-01-05 03:00:00,15144.817299846936,19002.707,11448.773
forecast_0100,2025-01-05 04:00:00,13050.834176841345,18827.027,10349.012
forecast_0101,2025-01-05 05:00:00,11652.271489388766,18445.672,8646.774
forecast_0102,2025-01-05 06:00:00,10308.313631134914,17862.49,6916.3228
forecast_0103,2025-01-05 07:00:00,10749.429446048285,16987.84,5759.854
forecast_0104,2025-01-05 08:00:00,13875.843739982853,17211.479,6191.585
forecast_0105,2025-01-05 09:00:00,12282.797676225704,17979.045,8638.364
forecast_0106,2025-01-05 10:00:00,13714.675449541315,18258.61,10722.048
forecast_0107,2025-01-05 11:00:00,15622.903805326509,17933.414,11968.85
forecast_0108,2025-01-05 12:00:00,15788.52172353121,17574.877,12866.271
forecast_0109,2025-01-05 13:00:00,15004.122944163442,16776.617,13008.778
forecast_0110,2025-01-05 14:00:00,12340.968978833747,16005.687,12625.379
forecast_0111,2025-01-05 15:00:00,13397.295635385148,14374.895,11561.629
forecast_0112,2025-01-05 16:00:00,11493.430467899292,14579.239,11832.847
forecast_0113,2025-01-05 17:00:00,10671.834852015096,14383.81,11925.399
forecast_0114,2025-01-05 18:00:00,8890.54946442605,14263.274,10731.927
forecast_0115,2025-01-05 19:00:00,12183.800901903944,14882.216,10637.152
forecast_0116,2025-01-05 20:00:00,14470.087830237377,15643.527,11598.49
forecast_0117,2025-01-05 21:00:00,14539.456280072054,16176.068,12787.391
forecast_0118,2025-01-05 22:00:00,13779.077913845505,16139.561,12990.959
forecast_0119,2025-01-05 23:00:00,12542.481941826341,15637.759,12219.972
forecast_0120,2025-01-06 00:00:00,11536.852475239757,14465.616,10754.5625
forecast_0121,2025-01-06 01:00:00,10631.548198683544,12943.018,8883.191
forecast_0122,2025-01-06 02:00:00,9596.417629382631,11484.284,7726.5757
forecast_0123,2025-01-06 03:00:00,7910.403654608216,10265.245,7040.739
forecast_0124,2025-01-06 04:00:00,5608.538993649299,9398.925,6319.289
forecast_0125,2025-01-06 05:00:00,4434.701414208796,8666.413,5130.7104
forecast_0126,2025-01-06 06:00:00,3298.802765529146,6310.593,2832.8447
forecast_0127,2025-01-06 07:00:00,3025.2923319705,4612.7915,1065.8638
forecast_0128,2025-01-06 08:00:00,2430.151236833833,4474.106,504.61078
forecast_0129,2025-01-06 09:00:00,4008.1643627839944,4348.577,326.876
forecast_0130,2025-01-06 10:00:00,3678.9256235910907,4319.7954,420.3746
forecast_0131,2025-01-06 11:00:00,5139.759834866507,6046.137,776.76013
forecast_0132,2025-01-06 12:00:00,5713.682807841169,7668.3833,2309.0723
forecast_0133,2025-01-06 13:00:00,6549.994352477816,7730.75,4284.261
forecast_0134,2025-01-06 14:00:00,5776.38021883349,7608.288,5203.6113
forecast_0135,2025-01-06 15:00:00,7435.853565863335,7528.1416,5115.8647
forecast_0136,2025-01-06 16:00:00,7593.155341885025,7626.5127,5408.977
forecast_0137,2025-01-06 17:00:00,10843.646668153082,8296.408,6794.2476
forecast_0138,2025-01-06 18:00:00,12524.95866234563,9179.11,9209.901
forecast_0139,2025-01-06 19:00:00,12715.348711666544,9981.959,10769.601
forecast_0140,2025-01-06 20:00:00,13258.127973730101,10706.497,11655.471
forecast_0141,2025-01-06 21:00:00,13176.116697719826,11233.881,12068.861
forecast_0142,2025-01-06 22:00:00,14614.339161814234,11730.122,12522.737
forecast_0143,2025-01-06 23:00:00,15134.69323920878,12450.91,13495.927
forecast_0144,2025-01-07 00:00:00,15665.483984990475,12993.104,14207.021
forecast_0145,2025-01-07 01:00:00,16267.580094845249,13691.789,14567.647
forecast_0146,2025-01-07 02:00:00,16582.09900313469,14320.067,14601.433
forecast_0147,2025-01-07 03:00:00,16294.288341003423,14611.593,14451.703
forecast_0148,2025-01-07 04:00:00,16248.230635830601,14777.449,14231.103
forecast_0149,2025-01-07 05:00:00,15920.215174735447,15076.136,14018.312
forecast_0150,2025-01-07 06:00:00,15687.875164967516,15336.5205,13795.04
forecast_0151,2025-01-07 07:00:00,15598.096958340166,15696.639,13499.602
forecast_0152,2025-01-07 08:00:00,15754.911532145728,16394.918,13505.748
forecast_0153,2025-01-07 09:00:00,15952.598985368364,17299.893,13833.223
forecast_0154,2025-01-07 10:00:00,16081.118732532272,17623.895,14029.748
forecast_0155,2025-01-07 11:00:00,16459.454535149278,17733.941,13758.589
forecast_0156,2025-01-07 12:00:00,16576.73481067944,17660.615,13405.715
forecast_0157,2025-01-07 13:00:00,16257.30935193977,17553.863,13081.345
forecast_0158,2025-01-07 14:00:00,16197.74022536451,17463.672,12856.027
forecast_0159,2025-01-07 15:00:00,16162.882340282074,17280.68,12620.771
forecast_0160,2025-01-07 16:00:00,16606.01415983481,17116.758,12611.0205
forecast_0161,2025-01-07 17:00:00,16476.994787496795,16888.21,12651.614
forecast_0162,2025-01-07 18:00:00,16695.76441231115,17023.861,13214.988
forecast_0163,2025-01-07 19:00:00,16722.418865730975,17353.43,13942.779
forecast_0164,2025-01-07 20:00:00,17333.803737666873,17725.572,14267.07
forecast_0165,2025-01-07 21:00:00,17186.93643766418,18167.225,14767.437
forecast_0166,2025-01-07 22:00:00,17344.67659834748,18417.879,15093.085
forecast_0167,2025-01-07 23:00:00,17346.47941524916,18546.705,15267.085
forecast_0168,2025-01-08 00:00:00,16777.073988928663,18645.943,15252.927
forecast_0169,2025-01-08 01:00:00,15271.540881938328,18491.521,14734.007
forecast_0170,2025-01-08 02:00:00,15013.787987470403,18403.525,14048.646
forecast_0171,2025-01-08 03:00:00,15190.566704374518,18136.83,13268.285
forecast_0172,2025-01-08 04:00:00,14821.156239171061,17684.463,12533.348
forecast_0173,2025-01-08 05:00:00,14812.85788591541,17060.846,12031.763
forecast_0174,2025-01-08 06:00:00,14974.231723635281,16059.96,11654.661
forecast_0175,2025-01-08 07:00:00,14925.53032008995,14698.5625,11174.064
forecast_0176,2025-01-08 08:00:00,15073.2133180029,13942.551,11432.526
forecast_0177,2025-01-08 09:00:00,15510.337606332474,13723.977,12176.904
forecast_0178,2025-01-08 10:00:00,15010.521743725325,13802.676,12808.839
forecast_0179,2025-01-08 11:00:00,14849.26946697019,13917.628,13006.659
forecast_0180,2025-01-08 12:00:00,15702.619945452007,14454.354,13052.437
forecast_0181,2025-01-08 13:00:00,15570.284691764167,15098.261,13104.736
forecast_0182,2025-01-08 14:00:00,15554.732041727138,15367.326,12823.877
forecast_0183,2025-01-08 15:00:00,15686.985673253206,15624.823,12529.456
forecast_0184,2025-01-08 16:00:00,15699.46022844564,15973.43,12482.684
forecast_0185,2025-01-08 17:00:00,14289.733840310015,16275.271,12365.291
forecast_0186,2025-01-08 18:00:00,14772.439664567533,16556.473,12533.272
forecast_0187,2025-01-08 19:00:00,14740.095156561963,16695.219,12953.279
forecast_0188,2025-01-08 20:00:00,14783.077517092504,16699.17,13342.477
forecast_0189,2025-01-08 21:00:00,14942.280031061226,16805.047,13733.681
forecast_0190,2025-01-08 22:00:00,15152.54631412005,16960.385,14113.607
forecast_0191,2025-01-08 23:00:00,14529.76460512545,16994.484,14305.028
forecast_0192,2025-01-09 00:00:00,14184.940462520526,17131.322,14421.181
forecast_0193,2025-01-09 01:00:00,13404.163014255197,17198.715,14406.325
forecast_0194,2025-01-09 02:00:00,13428.226752802198,17293.943,14437.843
forecast_0195,2025-01-09 03:00:00,12602.59286368775,17212.201,14271.1455
forecast_0196,2025-01-09 04:00:00,12742.078364617362,17026.246,13863.098
forecast_0197,2025-01-09 05:00:00,12371.384210792972,16838.586,13414.224
forecast_0198,2025-01-09 06:00:00,12431.110330445212,16418.154,12884.137
forecast_0199,2025-01-09 07:00:00,13016.331265045248,15792.779,12364.817
forecast_0200,2025-01-09 08:00:00,13047.773485204822,14656.949,11363.497
forecast_0201,2025-01-09 09:00:00,12998.606162179969,14450.581,11567.49
forecast_0202,2025-01-09 10:00:00,13448.66595854929,14195.373,11773.733
forecast_0203,2025-01-09 11:00:00,13263.90012706087,13944.163,11622.389
forecast_0204,2025-01-09 12:00:00,13032.97821718244,14029.41,11518.485
forecast_0205,2025-01-09 13:00:00,13935.124783704761,14051.852,11305.795
forecast_0206,2025-01-09 14:00:00,14227.691125709705,14066.1045,11157.042
forecast_0207,2025-01-09 15:00:00,14209.047061870817,13881.84,10787.416
forecast_0208,2025-01-09 16:00:00,14762.721624572958,13356.215,10077.274
forecast_0209,2025-01-09 17:00:00,14842.08133306689,12463.532,9409.907
forecast_0210,2025-01-09 18:00:00,11567.1950199418,11735.359,9165.519
forecast_0211,2025-01-09 19:00:00,11694.141843984518,10593.613,8104.4756
forecast_0212,2025-01-09 20:00:00,11940.971341287068,9936.914,6524.4214
forecast_0213,2025-01-09 21:00:00,14463.733747015252,11514.874,6293.019
forecast_0214,2025-01-09 22:00:00,17070.85764085935,14688.538,8455.164
forecast_0215,2025-01-09 23:00:00,18721.966241930368,16891.98,11471.5205
forecast_0216,2025-01-10 00:00:00,19061.507455934407,18288.041,13879.432
forecast_0217,2025-01-10 01:00:00,12638.073504973328,19129.508,15107.526
forecast_0218,2025-01-10 02:00:00,13803.140592715303,19151.822,13462.722
forecast_0219,2025-01-10 03:00:00,15914.901719013797,19272.045,11883.127
forecast_0220,2025-01-10 04:00:00,14822.914399940042,19318.969,11693.718
forecast_0221,2025-01-10 05:00:00,15149.944059518179,19236.332,12321.528
forecast_0222,2025-01-10 06:00:00,16043.206016097116,19060.287,12730.519
forecast_0223,2025-01-10 07:00:00,14230.964173635852,18456.377,11996.88
forecast_0224,2025-01-10 08:00:00,12293.630943022063,16597.998,9687.151
forecast_0225,2025-01-10 09:00:00,9703.797136595842,12750.278,6864.7617
forecast_0226,2025-01-10 10:00:00,7378.219722742053,7158.8647,4598.64
forecast_0227,2025-01-10 11:00:00,3742.685403209078,3146.5435,2917.733
forecast_0228,2025-01-10 12:00:00,1717.699236487096,1829.9158,1954.9775
forecast_0229,2025-01-10 13:00:00,1239.4337397369284,1426.8467,1473.1744
forecast_0230,2025-01-10 14:00:00,1550.9404362033308,1377.4889,1441.6589
forecast_0231,2025-01-10 15:00:00,1810.295650213226,1502.5844,1550.4314
forecast_0232,2025-01-10 16:00:00,2949.893761284108,1710.2805,1797.8596
forecast_0233,2025-01-10 17:00:00,5156.083806461657,2204.8926,2318.4077
forecast_0234,2025-01-10 18:00:00,6190.713834705464,3201.8179,3021.4463
forecast_0235,2025-01-10 19:00:00,7044.086637130941,5018.369,4082.2756
forecast_0236,2025-01-10 20:00:00,7574.977492296973,6977.354,5125.865
forecast_0237,2025-01-10 21:00:00,8097.336818619137,8078.9,5669.1396
forecast_0238,2025-01-10 22:00:00,8232.884957560947,7988.7446,5596.3315
forecast_0239,2025-01-10 23:00:00,8240.403762395805,6927.0894,4996.1865
forecast_0240,2025-01-11 00:00:00,8246.771129265306,6252.913,4551.9365
forecast_0241,2025-01-11 01:00:00,8174.297026128148,5373.445,4223.519
forecast_0242,2025-01-11 02:00:00,8405.1278901402,6291.1597,4849.0234
forecast_0243,2025-01-11 03:00:00,9024.208194834107,6204.496,5338.1357
forecast_0244,2025-01-11 04:00:00,8716.670751602749,5850.8345,5543.01
forecast_0245,2025-01-11 05:00:00,9210.030008126465,5033.5083,5098.825
forecast_0246,2025-01-11 06:00:00,8790.479595393243,3633.459,4280.1714
forecast_0247,2025-01-11 07:00:00,7732.4305364800275,2568.4258,3296.455
forecast_0248,2025-01-11 08:00:00,7316.037204022581,2157.8008,2637.1619
forecast_0249,2025-01-11 09:00:00,7149.647450345838,1844.1633,2188.4255
forecast_0250,2025-01-11 10:00:00,5231.808868907864,1383.3435,1617.0963
forecast_0251,2025-01-11 11:00:00,3100.548679799444,1039.6476,1159.4713
forecast_0252,2025-01-11 12:00:00,1543.63649541585,909.5209,906.0727
forecast_0253,2025-01-11 13:00:00,993.752450830651,886.3492,696.9364
forecast_0254,2025-01-11 14:00:00,1152.3222181164572,999.31067,646.2846
forecast_0255,2025-01-11 15:00:00,705.4313847550336,1036.4257,609.7503
forecast_0256,2025-01-11 16:00:00,996.7356603028559,926.4159,562.10254
forecast_0257,2025-01-11 17:00:00,3459.834118269131,1052.9603,658.2721
forecast_0258,2025-01-11 18:00:00,6489.608435910197,1529.3494,948.94495
forecast_0259,2025-01-11 19:00:00,7219.9268602064185,2345.4165,1588.1409
forecast_0260,2025-01-11 20:00:00,8886.798867142032,3348.4778,2283.001
forecast_0261,2025-01-11 21:00:00,9084.098135862354,5097.4585,3145.6375
forecast_0262,2025-01-11 22:00:00,9832.15750164262,7585.5493,4145.012
forecast_0263,2025-01-11 23:00:00,10240.551119820559,10408.865,5289.1562
forecast_0264,2025-01-12 00:00:00,11368.083070224082,12868.461,6596.494
forecast_0265,2025-01-12 01:00:00,9529.282911094593,14416.951,7501.1504
forecast_0266,2025-01-12 02:00:00,9170.199729289174,12882.03,6349.521
forecast_0267,2025-01-12 03:00:00,9899.695525295836,12885.217,5410.704
forecast_0268,2025-01-12 04:00:00,10574.775725603318,13750.138,4965.53
forecast_0269,2025-01-12 05:00:00,10493.817441806805,14911.744,5307.6245
forecast_0270,2025-01-12 06:00:00,11027.806480606632,15641.137,5874.5156
forecast_0271,2025-01-12 07:00:00,11125.36233570054,15939.152,5981.908
forecast_0272,2025-01-12 08:00:00,12866.883503923218,16431.252,6258.9614
forecast_0273,2025-01-12 09:00:00,13020.799659739961,16953.514,6867.414
forecast_0274,2025-01-12 10:00:00,10721.257024166658,16958.05,7099.391
forecast_0275,2025-01-12 11:00:00,10190.574718018093,16449.244,6791.5776
forecast_0276,2025-01-12 12:00:00,7050.7238455460265,15861.202,6729.0815
forecast_0277,2025-01-12 13:00:00,6626.715122392203,14933.553,6540.2124
forecast_0278,2025-01-12 14:00:00,8274.160757342102,14161.667,6843.8955
forecast_0279,2025-01-12 15:00:00,8407.539770122916,14175.234,7952.431
forecast_0280,2025-01-12 16:00:00,8883.961650659874,14399.153,8877.254
forecast_0281,2025-01-12 17:00:00,10216.664898760782,14886.349,10013.084
forecast_0282,2025-01-12 18:00:00,12885.090808277413,15629.381,10842.403
forecast_0283,2025-01-12 19:00:00,14180.960447011861,16785.848,11557.822
forecast_0284,2025-01-12 20:00:00,14156.689881838976,17604.879,11846.755
forecast_0285,2025-01-12 21:00:00,13970.853774159186,18073.086,11918.537
forecast_0286,2025-01-12 22:00:00,13499.116242598115,18305.967,11842.574
forecast_0287,2025-01-12 23:00:00,13465.21504508104,18211.203,11310.503
forecast_0288,2025-01-13 00:00:00,13526.914501989531,17971.994,10666.069
forecast_0289,2025-01-13 01:00:00,17088.355794365445,17897.184,10095.099
forecast_0290,2025-01-13 02:00:00,17969.748509239525,18827.273,11337.974
forecast_0291,2025-01-13 03:00:00,18134.23344353284,19491.541,13011.27
forecast_0292,2025-01-13 04:00:00,19517.78199189932,19803.496,14159.03
forecast_0293,2025-01-13 05:00:00,19747.745694814726,20004.852,15001.1455
forecast_0294,2025-01-13 06:00:00,19700.703486967817,20081.77,15400.844
forecast_0295,2025-01-13 07:00:00,19542.843942343243,20092.824,15491.512
forecast_0296,2025-01-13 08:00:00,18303.807481610627,20110.281,15744.832
forecast_0297,2025-01-13 09:00:00,18076.934085640856,19994.043,15568.207
forecast_0298,2025-01-13 10:00:00,16917.708294155902,19771.781,15031.019
forecast_0299,2025-01-13 11:00:00,16297.717239867841,19590.242,14488.251
forecast_0300,2025-01-13 12:00:00,13353.898393785641,19397.713,14064.454
forecast_0301,2025-01-13 13:00:00,11853.62151328258,18755.422,12761.881
forecast_0302,2025-01-13 14:00:00,10057.136160793563,17704.033,11150.923
forecast_0303,2025-01-13 15:00:00,10272.148871746318,16570.418,10065.709
forecast_0304,2025-01-13 16:00:00,11544.660462557036,15705.664,9940.112
forecast_0305,2025-01-13 17:00:00,12729.995174871487,15427.801,10280.352
forecast_0306,2025-01-13 18:00:00,13065.37331567317,15210.443,10068.044
forecast_0307,2025-01-13 19:00:00,13420.67838786148,15217.868,9883.016
forecast_0308,2025-01-13 20:00:00,14859.744026808707,15791.702,11395.519
forecast_0309,2025-01-13 21:00:00,15462.72765389559,16139.375,12707.126
forecast_0310,2025-01-13 22:00:00,16460.27499108288,16420.92,13488.159
forecast_0311,2025-01-13 23:00:00,17268.15882251691,16732.479,14285.472
forecast_0312,2025-01-14 00:00:00,18224.811115691035,17061.572,15132.506
forecast_0313,2025-01-14 01:00:00,16769.997236514293,17146.002,15363.43
forecast_0314,2025-01-14 02:00:00,16160.169583824438,17106.361,15131.269
forecast_0315,2025-01-14 03:00:00,16439.80957830305,17049.16,14665.906
forecast_0316,2025-01-14 04:00:00,16633.30126242135,16943.05,14226.607
forecast_0317,2025-01-14 05:00:00,16456.329619177424,16926.473,14182.881
forecast_0318,2025-01-14 06:00:00,16234.7704122923,16918.408,14372.492
forecast_0319,2025-01-14 07:00:00,16570.32396113467,16943.412,14582.068
forecast_0320,2025-01-14 08:00:00,16269.808308242124,16853.863,14611.875
forecast_0321,2025-01-14 09:00:00,16150.43634070194,16510.412,14273.394
forecast_0322,2025-01-14 10:00:00,15295.120147057463,16132.809,13903.649
forecast_0323,2025-01-14 11:00:00,13946.88298823699,15722.256,13643.19
forecast_0324,2025-01-14 12:00:00,13044.615230967222,15162.56,13132.486
forecast_0325,2025-01-14 13:00:00,13185.28469940285,14340.515,12615.052
forecast_0326,2025-01-14 14:00:00,12916.9354847945,13249.037,11757.244
forecast_0327,2025-01-14 15:00:00,11436.078636964774,11412.814,10101.0625
forecast_0328,2025-01-14 16:00:00,11101.417379607385,9671.41,8397.119
forecast_0329,2025-01-14 17:00:00,11168.575777114374,9169.609,7830.768
forecast_0330,2025-01-14 18:00:00,11126.83363205659,9043.816,7354.7188
forecast_0331,2025-01-14 19:00:00,10864.438061806944,9325.394,7042.215
forecast_0332,2025-01-14 20:00:00,11218.342925618697,9796.764,7627.6997
forecast_0333,2025-01-14 21:00:00,11653.382746353427,9765.368,8577.867
forecast_0334,2025-01-14 22:00:00,12737.701379664642,10034.087,9799.928
forecast_0335,2025-01-14 23:00:00,12106.042365383359,10792.978,11830.714
forecast_0336,2025-01-15 00:00:00,11969.754710631763,11250.947,12050.322
forecast_0337,2025-01-15 01:00:00,12376.059611133602,11343.739,11350.87
forecast_0338,2025-01-15 02:00:00,11937.208522945393,11350.925,10132.36
forecast_0339,2025-01-15 03:00:00,11887.32973574292,10999.686,8841.138
forecast_0340,2025-01-15 04:00:00,11276.249059537515,10677.722,7757.118
forecast_0341,2025-01-15 05:00:00,11305.128466862623,10964.868,8106.899
forecast_0342,2025-01-15 06:00:00,12912.980763687527,10975.342,8611.786
forecast_0343,2025-01-15 07:00:00,13670.283391066705,11154.654,9211.444
forecast_0344,2025-01-15 08:00:00,12501.122930776137,11711.616,10111.261
forecast_0345,2025-01-15 09:00:00,13083.973736183416,11663.193,10029.226
forecast_0346,2025-01-15 10:00:00,11367.572392080292,11678.172,9767.326
forecast_0347,2025-01-15 11:00:00,11781.276333751397,11386.403,8846.535
forecast_0348,2025-01-15 12:00:00,11808.613321205456,11983.395,8760.263
forecast_0349,2025-01-15 13:00:00,11553.784813824197,12663.528,9047.498
forecast_0350,2025-01-15 14:00:00,10466.832949660868,12760.0205,8689.794
forecast_0351,2025-01-15 15:00:00,9766.93277389874,12604.782,7970.502
forecast_0352,2025-01-15 16:00:00,9583.121484531197,12632.382,7719.2847
forecast_0353,2025-01-15 17:00:00,10211.088129047628,13032.291,8336.714
forecast_0354,2025-01-15 18:00:00,11906.601719000548,14176.314,9785.287
forecast_0355,2025-01-15 19:00:00,12950.82316460688,15698.473,11527.349
forecast_0356,2025-01-15 20:00:00,13263.566630632613,16868.838,12912.57
forecast_0357,2025-01-15 21:00:00,15328.626234537054,17707.674,13691.072
forecast_0358,2025-01-15 22:00:00,16114.523989291192,18486.195,14491.915
forecast_0359,2025-01-15 23:00:00,18581.438909963985,19027.422,15122.858
forecast_0360,2025-01-16 00:00:00,18070.07750426513,19486.293,15792.45
forecast_0361,2025-01-16 01:00:00,17637.18953775914,19763.191,16082.128
forecast_0362,2025-01-16 02:00:00,16876.942919673987,19882.887,15887.317
forecast_0363,2025-01-16 03:00:00,17786.108895794507,19989.812,15915.297
forecast_0364,2025-01-16 04:00:00,17200.651766716826,20098.633,16385.201
forecast_0365,2025-01-16 05:00:00,17081.748180373103,20114.057,16762.025
forecast_0366,2025-01-16 06:00:00,17075.960031480405,20088.555,16893.594
forecast_0367,2025-01-16 07:00:00,17583.11759854307,20049.283,16878.604
forecast_0368,2025-01-16 08:00:00,17727.84408028856,20068.072,16964.389
forecast_0369,2025-01-16 09:00:00,17487.821593464167,20043.96,16935.744
forecast_0370,2025-01-16 10:00:00,17671.014163149142,19983.766,16772.195
forecast_0371,2025-01-16 11:00:00,18309.750245202275,19911.77,16584.025
forecast_0372,2025-01-16 12:00:00,17213.0443298085,19911.168,16610.184
forecast_0373,2025-01-16 13:00:00,16110.131756872923,19776.443,16325.299
forecast_0374,2025-01-16 14:00:00,15815.341483315508,19586.836,15865.473
forecast_0375,2025-01-16 15:00:00,15796.791524909386,19436.107,15653.228
forecast_0376,2025-01-16 16:00:00,16230.629174993175,19404.352,15872.462
forecast_0377,2025-01-16 17:00:00,16348.622770746275,19348.344,16264.619
forecast_0378,2025-01-16 18:00:00,16142.792861277,19278.367,16411.379
forecast_0379,2025-01-16 19:00:00,14823.163411843629,19212.496,16317.141
forecast_0380,2025-01-16 20:00:00,11222.461158520731,18700.295,15358.077
forecast_0381,2025-01-16 21:00:00,8614.117273699898,16386.523,12028.999
forecast_0382,2025-01-16 22:00:00,7712.609676662539,12987.297,8830.243
forecast_0383,2025-01-16 23:00:00,6477.7171877967685,9201.986,6131.2666
forecast_0384,2025-01-17 00:00:00,2853.100691346011,5844.3276,3377.9468
forecast_0385,2025-01-17 01:00:00,810.3200652919354,4187.4707,1939.2411
forecast_0386,2025-01-17 02:00:00,436.3517986201434,1191.9598,925.4032
forecast_0387,2025-01-17 03:00:00,373.55195016621354,482.77838,548.9335
forecast_0388,2025-01-17 04:00:00,530.6308105357076,403.52222,400.68973
forecast_0389,2025-01-17 05:00:00,567.2754004355473,407.80585,374.0563
forecast_0390,2025-01-17 06:00:00,538.0533700941133,385.05728,357.07376
forecast_0391,2025-01-17 07:00:00,375.47681523354197,383.35214,279.3565
forecast_0392,2025-01-17 08:00:00,731.2804873201779,392.40802,248.1618
forecast_0393,2025-01-17 09:00:00,732.600168127826,349.11603,247.12221
forecast_0394,2025-01-17 10:00:00,359.0204538800842,278.7649,245.42236
forecast_0395,2025-01-17 11:00:00,393.245686629005,252.25783,248.45454
forecast_0396,2025-01-17 12:00:00,636.242574011354,255.792,255.19284
forecast_0397,2025-01-17 13:00:00,713.6597347397469,310.07544,266.74728
forecast_0398,2025-01-17 14:00:00,1504.4215319648883,507.2218,303.12115
forecast_0399,2025-01-17 15:00:00,1450.8725269939812,909.35406,460.5244
forecast_0400,2025-01-17 16:00:00,2796.361507707968,1414.0255,842.9581
forecast_0401,2025-01-17 17:00:00,4094.45147610247,2479.4805,1742.6836
forecast_0402,2025-01-17 18:00:00,6307.969879881837,4466.4443,3279.9526
forecast_0403,2025-01-17 19:00:00,8407.829565615864,7791.0127,5590.3955
forecast_0404,2025-01-17 20:00:00,10118.742023494784,10880.343,7873.5317
forecast_0405,2025-01-17 21:00:00,12619.36899094313,12850.598,9079.657
forecast_0406,2025-01-17 22:00:00,11986.753926487361,14442.263,9914.017
forecast_0407,2025-01-17 23:00:00,13051.821641466518,15400.376,10457.872
forecast_0408,2025-01-18 00:00:00,12244.020189463665,15824.485,10717.617
forecast_0409,2025-01-18 01:00:00,11310.537336032172,16085.955,10701.182
forecast_0410,2025-01-18 02:00:00,11721.83163663346,16270.618,11161.92
forecast_0411,2025-01-18 03:00:00,11976.816504809838,16452.486,11522.842
forecast_0412,2025-01-18 04:00:00,12651.439629771445,16898.252,11937.403
forecast_0413,2025-01-18 05:00:00,14007.801465211316,17412.633,12458.839
forecast_0414,2025-01-18 06:00:00,11756.873777291383,17748.363,12863.772
forecast_0415,2025-01-18 07:00:00,11656.039761216078,17344.645,12216.877
forecast_0416,2025-01-18 08:00:00,9393.918276950339,15830.106,10118.25
forecast_0417,2025-01-18 09:00:00,5510.780254564716,12698.081,6745.2026
forecast_0418,2025-01-18 10:00:00,3667.2924924984186,8696.549,4006.665
forecast_0419,2025-01-18 11:00:00,3868.4369236606394,5528.2554,2705.7139
forecast_0420,2025-01-18 12:00:00,3357.863449777902,3951.5706,2202.921
forecast_0421,2025-01-18 13:00:00,2369.551447077864,3476.0454,2327.1238
forecast_0422,2025-01-18 14:00:00,3000.154838831173,3269.6902,2348.9624
forecast_0423,2025-01-18 15:00:00,3636.30149675256,3118.8184,2088.8884
forecast_0424,2025-01-18 16:00:00,4087.1715938903276,3579.8472,2320.9832
forecast_0425,2025-01-18 17:00:00,9176.493513983429,5301.266,3231.824
forecast_0426,2025-01-18 18:00:00,14942.781679096883,9513.292,6105.6675
forecast_0427,2025-01-18 19:00:00,15982.48303328859,14552.601,9782.343
forecast_0428,2025-01-18 20:00:00,18170.412448321793,17872.35,12242.559
forecast_0429,2025-01-18 21:00:00,18408.450551934853,19322.504,13216.773
forecast_0430,2025-01-18 22:00:00,18396.76068537893,19840.996,13058.705
forecast_0431,2025-01-18 23:00:00,18687.37258451935,19916.861,11932.45
forecast_0432,2025-01-19 00:00:00,16382.250614722003,19758.0,10215.833
forecast_0433,2025-01-19 01:00:00,15797.395964278818,19678.088,9209.971
forecast_0434,2025-01-19 02:00:00,16418.319117828407,19569.078,9099.394
forecast_0435,2025-01-19 03:00:00,18343.357352048624,19360.395,9495.331
forecast_0436,2025-01-19 04:00:00,18713.629298684045,19323.742,10677.516
forecast_0437,2025-01-19 05:00:00,18738.101938079613,19389.18,12042.386
forecast_0438,2025-01-19 06:00:00,18404.860438027645,19498.959,12820.692
forecast_0439,2025-01-19 07:00:00,18790.318736901787,19480.428,13256.242
forecast_0440,2025-01-19 08:00:00,17475.10998532617,19395.535,12871.6875
forecast_0441,2025-01-19 09:00:00,17128.919971474665,19329.613,12308.609
forecast_0442,2025-01-19 10:00:00,15308.86315548242,19172.898,11557.772
forecast_0443,2025-01-19 11:00:00,10932.888083996353,18673.729,10252.332
forecast_0444,2025-01-19 12:00:00,8810.885041759018,17763.088,8028.16
forecast_0445,2025-01-19 13:00:00,8435.365120705563,17050.13,6741.15
forecast_0446,2025-01-19 14:00:00,7415.55030371477,16110.942,5923.251
forecast_0447,2025-01-19 15:00:00,5437.403729439307,14770.0625,5152.6553
forecast_0448,2025-01-19 16:00:00,6092.061431159985,12839.828,3993.0525
forecast_0449,2025-01-19 17:00:00,6508.196627000121,12287.598,3577.4739
forecast_0450,2025-01-19 18:00:00,10358.558894614911,13816.552,4118.9097
forecast_0451,2025-01-19 19:00:00,8976.835714776487,15700.345,5409.538
forecast_0452,2025-01-19 20:00:00,8383.701495029878,16016.307,5914.05
forecast_0453,2025-01-19 21:00:00,9489.401123015488,15641.391,5386.739
forecast_0454,2025-01-19 22:00:00,10187.0276715673,15427.948,5704.147
forecast_0455,2025-01-19 23:00:00,10028.71620576384,14541.088,6066.311
forecast_0456,2025-01-20 00:00:00,9095.882752086141,14227.002,6422.3687
forecast_0457,2025-01-20 01:00:00,7518.1359032386945,13825.76,6189.078
forecast_0458,2025-01-20 02:00:00,6788.28921676971,12025.858,5658.2754
forecast_0459,2025-01-20 03:00:00,5637.488634926987,9798.663,4708.348
forecast_0460,2025-01-20 04:00:00,5151.493786943635,7635.27,3547.0444
forecast_0461,2025-01-20 05:00:00,4658.681729325992,5651.217,2752.3367
forecast_0462,2025-01-20 06:00:00,2551.2429785291993,4242.4375,2247.4807
forecast_0463,2025-01-20 07:00:00,1641.2542121526437,2584.6,1625.9556
forecast_0464,2025-01-20 08:00:00,1155.364808367614,1193.9752,1051.4296
forecast_0465,2025-01-20 09:00:00,469.5547173371801,438.06497,554.38025
forecast_0466,2025-01-20 10:00:00,78.16657666967139,221.5137,307.66296
forecast_0467,2025-01-20 11:00:00,0.0,168.12979,160.76512
forecast_0468,2025-01-20 12:00:00,0.0,155.8298,119.87258
forecast_0469,2025-01-20 13:00:00,0.0,156.55574,117.96141
forecast_0470,2025-01-20 14:00:00,0.0,170.08946,132.31276
forecast_0471,2025-01-20 15:00:00,73.23434323349322,199.02985,155.04863
forecast_0472,2025-01-20 16:00:00,44.26950103771435,226.14047,169.07318
forecast_0473,2025-01-20 17:00:00,10.723673830207497,232.21982,186.81537
forecast_0474,2025-01-20 18:00:00,3.2768937835676653,212.6385,208.95215
forecast_0475,2025-01-20 19:00:00,0.0,193.48068,203.41173
forecast_0476,2025-01-20 20:00:00,0.0,176.70901,165.43182
forecast_0477,2025-01-20 21:00:00,6.768120212954478,197.9269,132.89798
forecast_0478,2025-01-20 22:00:00,124.75099615244169,235.01494,148.39926
forecast_0479,2025-01-20 23:00:00,231.04286409177178,223.26662,164.12117
forecast_0480,2025-01-21 00:00:00,902.633947019111,255.33743,234.3318
forecast_0481,2025-01-21 01:00:00,1285.9053755544608,254.73141,354.1977
forecast_0482,2025-01-21 02:00:00,1820.919763127566,367.68958,597.2519
forecast_0483,2025-01-21 03:00:00,2631.18996286052,517.9409,1149.0907
forecast_0484,2025-01-21 04:00:00,2984.8179130452227,589.7402,1816.0109
forecast_0485,2025-01-21 05:00:00,2295.8948391380814,618.697,2115.5159
forecast_0486,2025-01-21 06:00:00,2119.3529722609765,629.86786,1927.6016
forecast_0487,2025-01-21 07:00:00,1614.1932814478425,585.01733,1720.9064
forecast_0488,2025-01-21 08:00:00,1793.4813049995364,525.3964,1575.9008
forecast_0489,2025-01-21 09:00:00,1146.2610496179852,473.12808,1361.6562
forecast_0490,2025-01-21 10:00:00,1053.4752291970212,415.6588,997.24976
forecast_0491,2025-01-21 11:00:00,495.47853246468856,399.0565,826.88995
forecast_0492,2025-01-21 12:00:00,791.6974426234863,445.72037,840.67126
forecast_0493,2025-01-21 13:00:00,1477.8768851407985,555.58844,916.3117
forecast_0494,2025-01-21 14:00:00,1859.9276384165569,781.4609,1091.5891
forecast_0495,2025-01-21 15:00:00,2747.398054677654,1221.1543,1336.1844
forecast_0496,2025-01-21 16:00:00,3691.6490259552984,2002.6062,1947.2377
forecast_0497,2025-01-21 17:00:00,6937.821746903495,2943.3054,3009.5261
forecast_0498,2025-01-21 18:00:00,8415.302464010625,4419.7427,4271.294
forecast_0499,2025-01-21 19:00:00,8949.517652712291,7853.6323,6160.1914
forecast_0500,2025-01-21 20:00:00,8817.02793077729,11650.998,8329.77
forecast_0501,2025-01-21 21:00:00,8823.933833176017,14499.781,10226.343
forecast_0502,2025-01-21 22:00:00,9054.813487188501,16025.456,10838.425
forecast_0503,2025-01-21 23:00:00,8308.557258042052,16869.377,10584.0
forecast_0504,2025-01-22 00:00:00,8577.985660665268,16991.062,9736.913
forecast_0505,2025-01-22 01:00:00,8847.314912753658,16681.13,8416.654
forecast_0506,2025-01-22 02:00:00,8951.881424111698,16245.777,7445.647
forecast_0507,2025-01-22 03:00:00,10424.610552423643,16273.506,7394.001
forecast_0508,2025-01-22 04:00:00,11200.524528204365,16353.735,8226.485
forecast_0509,2025-01-22 05:00:00,12124.974319746743,16454.023,9220.153
forecast_0510,2025-01-22 06:00:00,12803.824160274264,16454.488,10100.074
forecast_0511,2025-01-22 07:00:00,12677.988555493894,16137.073,10770.935
forecast_0512,2025-01-22 08:00:00,11739.523152299675,15886.985,11264.446
forecast_0513,2025-01-22 09:00:00,10665.16663660823,15305.724,11091.214
forecast_0514,2025-01-22 10:00:00,10838.865194712938,14967.844,10809.214
forecast_0515,2025-01-22 11:00:00,11052.904345830515,12941.347,9565.465
forecast_0516,2025-01-22 12:00:00,10258.58725820844,10049.87,7858.102
forecast_0517,2025-01-22 13:00:00,7882.338091863961,7192.538,6099.502
forecast_0518,2025-01-22 14:00:00,4511.660325348394,5507.6562,4667.241
forecast_0519,2025-01-22 15:00:00,3746.9135085194007,4314.696,3412.0771
forecast_0520,2025-01-22 16:00:00,4851.599889060625,3829.7705,2772.3792
forecast_0521,2025-01-22 17:00:00,4499.9453766959805,4835.552,2978.276
forecast_0522,2025-01-22 18:00:00,9508.553803224162,6124.6523,3504.4404
forecast_0523,2025-01-22 19:00:00,6605.465436635829,9168.44,5045.459
forecast_0524,2025-01-22 20:00:00,6605.092624181896,12251.233,6357.3315
forecast_0525,2025-01-22 21:00:00,7309.703932826012,14707.363,7454.139
forecast_0526,2025-01-22 22:00:00,8151.435539098804,16584.504,7960.1772
forecast_0527,2025-01-22 23:00:00,8814.901863268828,17250.621,7941.0103
forecast_0528,2025-01-23 00:00:00,8741.80938696367,17310.947,7617.519
forecast_0529,2025-01-23 01:00:00,11407.482048713804,17356.828,7312.0586
forecast_0530,2025-01-23 02:00:00,11323.560491798731,17727.922,8377.57
forecast_0531,2025-01-23 03:00:00,10905.585706146054,17900.395,9272.972
forecast_0532,2025-01-23 04:00:00,11133.427116195522,17899.324,9492.986
forecast_0533,2025-01-23 05:00:00,10881.523263627596,17694.541,9047.361
forecast_0534,2025-01-23 06:00:00,9843.272131442058,17395.916,8601.9795
forecast_0535,2025-01-23 07:00:00,8572.809710525496,16916.586,8156.511
forecast_0536,2025-01-23 08:00:00,8079.106655387502,15879.533,7432.681
forecast_0537,2025-01-23 09:00:00,7357.0971200153135,13903.138,6207.369
forecast_0538,2025-01-23 10:00:00,3672.7673511364733,10812.681,4575.9126
forecast_0539,2025-01-23 11:00:00,3046.1978183597316,6706.47,3006.566
forecast_0540,2025-01-23 12:00:00,2062.1894903737843,3903.454,2101.896
forecast_0541,2025-01-23 13:00:00,2015.3598512161918,2483.8635,1574.8983
forecast_0542,2025-01-23 14:00:00,1668.862303629066,1847.7706,1292.8615
forecast_0543,2025-01-23 15:00:00,1454.9405855592968,1466.9939,1101.2701
forecast_0544,2025-01-23 16:00:00,948.3058926050327,1147.9244,886.8657
forecast_0545,2025-01-23 17:00:00,858.185870959149,1014.7192,793.8861
forecast_0546,2025-01-23 18:00:00,1286.323315067235,638.24133,461.0223
forecast_0547,2025-01-23 19:00:00,988.7542398593035,981.4571,507.2987
forecast_0548,2025-01-23 20:00:00,1219.6622101652372,1821.8074,657.6749
forecast_0549,2025-01-23 21:00:00,1065.8083596331135,2711.6006,978.31256
forecast_0550,2025-01-23 22:00:00,2074.414333848489,3063.5942,1333.302
forecast_0551,2025-01-23 23:00:00,2223.090107601283,3178.7505,1476.2625
forecast_0552,2025-01-24 00:00:00,1821.097155894571,3515.9404,1715.7344
forecast_0553,2025-01-24 01:00:00,1180.661960535842,2746.9116,1240.9314
forecast_0554,2025-01-24 02:00:00,1020.1737338899443,1466.2571,680.61084
forecast_0555,2025-01-24 03:00:00,848.1136011111038,897.50116,680.03815
forecast_0556,2025-01-24 04:00:00,681.8746471677047,615.3345,771.3001
forecast_0557,2025-01-24 05:00:00,125.9091091426124,459.8789,685.1614
forecast_0558,2025-01-24 06:00:00,33.517715222229654,297.7724,358.0354
forecast_0559,2025-01-24 07:00:00,517.1156716689854,262.83444,221.46025
forecast_0560,2025-01-24 08:00:00,366.8556457364005,249.52626,170.82625
forecast_0561,2025-01-24 09:00:00,152.3163731306562,252.69165,163.58395
forecast_0562,2025-01-24 10:00:00,43.714949071577294,225.55925,131.88539
forecast_0563,2025-01-24 11:00:00,9.28066383001559,204.88646,114.38192
forecast_0564,2025-01-24 12:00:00,16.384766350260684,190.94678,109.60401
forecast_0565,2025-01-24 13:00:00,82.69713166522389,172.26773,107.97357
forecast_0566,2025-01-24 14:00:00,93.3946662200465,176.35062,123.62082
forecast_0567,2025-01-24 15:00:00,125.39081145964596,196.29134,164.10843
forecast_0568,2025-01-24 16:00:00,85.62536979427291,209.31816,185.82545
forecast_0569,2025-01-24 17:00:00,119.28873391105752,232.52893,209.49341
forecast_0570,2025-01-24 18:00:00,0.0,275.11313,242.8661
forecast_0571,2025-01-24 19:00:00,400.1978551714717,335.09735,242.69824
forecast_0572,2025-01-24 20:00:00,1289.3983239351958,672.818,281.5966
forecast_0573,2025-01-24 21:00:00,1049.352256244246,1618.5967,345.94357
forecast_0574,2025-01-24 22:00:00,962.9390554795667,2625.52,411.01056
forecast_0575,2025-01-24 23:00:00,188.78840160350305,3528.5952,459.87842
forecast_0576,2025-01-25 00:00:00,907.1593689352065,2768.4595,391.49326
forecast_0577,2025-01-25 01:00:00,495.20297543042506,2443.5757,420.4855
forecast_0578,2025-01-25 02:00:00,0.0,2197.6687,359.50067
forecast_0579,2025-01-25 03:00:00,0.0,2526.839,418.27628
forecast_0580,2025-01-25 04:00:00,870.5235544380465,3889.2231,541.47003
forecast_0581,2025-01-25 05:00:00,378.12545850317645,6104.511,865.3747
forecast_0582,2025-01-25 06:00:00,101.47812199941008,8050.7207,1130.0082
forecast_0583,2025-01-25 07:00:00,233.885679377254,7805.095,1127.4591
forecast_0584,2025-01-25 08:00:00,0.0,5376.5825,997.4325
forecast_0585,2025-01-25 09:00:00,349.08360775255727,2291.774,816.2249
forecast_0586,2025-01-25 10:00:00,0.0,893.87274,737.23
forecast_0587,2025-01-25 11:00:00,32.71246394775217,409.82397,641.1291
forecast_0588,2025-01-25 12:00:00,0.0,315.31244,588.7746
forecast_0589,2025-01-25 13:00:00,169.4420055126834,276.18552,528.38873
forecast_0590,2025-01-25 14:00:00,252.82876277115432,252.96208,480.50214
forecast_0591,2025-01-25 15:00:00,225.6383936914394,252.55057,457.37708
forecast_0592,2025-01-25 16:00:00,201.19355752787018,259.57355,456.47433
forecast_0593,2025-01-25 17:00:00,105.73798265306485,286.07385,453.0279
forecast_0594,2025-01-25 18:00:00,0.0,317.7433,461.1503
forecast_0595,2025-01-25 19:00:00,190.99026481541608,333.42603,457.4465
forecast_0596,2025-01-25 20:00:00,0.0,335.2059,439.27695
forecast_0597,2025-01-25 21:00:00,1103.4316067129857,318.30118,451.5004
forecast_0598,2025-01-25 22:00:00,2004.3881591253812,303.49173,484.94568
forecast_0599,2025-01-25 23:00:00,437.9440798230092,304.38275,531.8039
forecast_0600,2025-01-26 00:00:00,757.9623796582955,342.79733,584.3237
forecast_0601,2025-01-26 01:00:00,1084.2285805867537,324.55078,629.13086
forecast_0602,2025-01-26 02:00:00,1883.333401695634,266.41675,669.5749
forecast_0603,2025-01-26 03:00:00,2631.8324155966598,239.43434,703.5785
forecast_0604,2025-01-26 04:00:00,1891.618256101272,231.72894,667.1209
forecast_0605,2025-01-26 05:00:00,1651.6694586605963,234.00696,521.4908
forecast_0606,2025-01-26 06:00:00,1499.8508050123592,208.53181,425.4962
forecast_0607,2025-01-26 07:00:00,1481.0753051991196,208.81721,369.9375
forecast_0608,2025-01-26 08:00:00,1533.4106287063157,215.62303,353.8933
forecast_0609,2025-01-26 09:00:00,423.4709844917053,205.48927,311.26132
forecast_0610,2025-01-26 10:00:00,330.63201736297435,184.67747,249.32495
forecast_0611,2025-01-26 11:00:00,474.0875583106208,169.88745,220.88686
forecast_0612,2025-01-26 12:00:00,448.7990605832912,162.31073,189.80855
forecast_0613,2025-01-26 13:00:00,240.42686625778842,159.68704,173.10542
forecast_0614,2025-01-26 14:00:00,84.14240286370404,157.0165,151.25812
forecast_0615,2025-01-26 15:00:00,0.0,155.02791,136.143
forecast_0616,2025-01-26 16:00:00,6.240391127390605,153.88988,122.72996
forecast_0617,2025-01-26 17:00:00,27.76028904245656,148.80602,110.24035
forecast_0618,2025-01-26 18:00:00,18.970017014354625,148.25801,108.975235
forecast_0619,2025-01-26 19:00:00,73.52760641037767,149.38817,107.825584
forecast_0620,2025-01-26 20:00:00,219.2193746825595,156.6458,113.413536
forecast_0621,2025-01-26 21:00:00,406.5525212683276,160.52046,119.68903
forecast_0622,2025-01-26 22:00:00,105.13169864042514,167.55313,127.58376
forecast_0623,2025-01-26 23:00:00,409.0835716220963,170.91946,145.36227
forecast_0624,2025-01-27 00:00:00,591.1400510371155,170.73328,146.31964
forecast_0625,2025-01-27 01:00:00,602.2354818204761,178.94673,167.45241
forecast_0626,2025-01-27 02:00:00,629.4271779789236,181.0106,167.79987
forecast_0627,2025-01-27 03:00:00,959.2898165349062,189.5886,196.43741
forecast_0628,2025-01-27 04:00:00,1391.1277281064238,203.6165,240.18376
forecast_0629,2025-01-27 05:00:00,1440.4781286128057,212.7569,284.36108
forecast_0630,2025-01-27 06:00:00,1425.9809401473597,208.83023,344.05954
forecast_0631,2025-01-27 07:00:00,1362.2892078858438,208.3335,408.21115
forecast_0632,2025-01-27 08:00:00,1439.0526298073337,210.15224,447.23
forecast_0633,2025-01-27 09:00:00,1580.2165046269463,234.3402,469.18442
forecast_0634,2025-01-27 10:00:00,904.9988984520712,270.08853,432.7634
forecast_0635,2025-01-27 11:00:00,2279.4954708318087,382.13394,365.90536
forecast_0636,2025-01-27 12:00:00,5429.880684722869,1276.2867,1132.2965
forecast_0637,2025-01-27 13:00:00,12292.780100058539,3128.0684,4853.6357
forecast_0638,2025-01-27 14:00:00,15738.25140535985,5254.173,9611.423
forecast_0639,2025-01-27 15:00:00,17239.119561270585,8485.749,14043.897
forecast_0640,2025-01-27 16:00:00,17575.30481085307,12381.407,15897.954
forecast_0641,2025-01-27 17:00:00,17350.521426592073,13855.14,16666.63
forecast_0642,2025-01-27 18:00:00,17492.961310325445,14071.517,16828.902
forecast_0643,2025-01-27 19:00:00,16979.420914646274,15982.692,16845.51
forecast_0644,2025-01-27 20:00:00,16796.31314748282,18070.693,16671.768
forecast_0645,2025-01-27 21:00:00,17346.491423091633,19004.266,16285.646
forecast_0646,2025-01-27 22:00:00,17400.556405248986,18978.035,15786.663
forecast_0647,2025-01-27 23:00:00,17516.553797412278,18797.717,15329.128
forecast_0648,2025-01-28 00:00:00,17882.436446103286,18623.275,15200.851
forecast_0649,2025-01-28 01:00:00,18025.437497935607,18355.426,14952.354
forecast_0650,2025-01-28 02:00:00,17643.321424363614,18234.04,14660.269
forecast_0651,2025-01-28 03:00:00,17740.15928759999,18079.396,14141.985
forecast_0652,2025-01-28 04:00:00,16612.228068254615,18005.662,13687.757
forecast_0653,2025-01-28 05:00:00,17110.16972264282,18010.258,13720.811
forecast_0654,2025-01-28 06:00:00,16955.402265913774,18050.51,13954.683
forecast_0655,2025-01-28 07:00:00,16813.16781303806,18009.268,14315.128
forecast_0656,2025-01-28 08:00:00,16756.692270041687,18027.477,14565.617
forecast_0657,2025-01-28 09:00:00,17486.544578027937,18088.082,14808.339
forecast_0658,2025-01-28 10:00:00,17429.66356593936,18089.451,14808.3545
forecast_0659,2025-01-28 11:00:00,17132.357500914997,18136.602,14843.235
forecast_0660,2025-01-28 12:00:00,16884.196249374017,18087.496,14791.637
forecast_0661,2025-01-28 13:00:00,15754.305938330921,18107.697,14756.463
forecast_0662,2025-01-28 14:00:00,15691.233377887109,18057.543,14594.533
forecast_0663,2025-01-28 15:00:00,15916.035517305949,18028.46,14555.864
forecast_0664,2025-01-28 16:00:00,16469.76154452112,17963.104,14430.61
forecast_0665,2025-01-28 17:00:00,16205.669256133937,17887.629,14425.78
forecast_0666,2025-01-28 18:00:00,16318.475284017311,17802.252,14443.889
forecast_0667,2025-01-28 19:00:00,15955.031797650157,17698.592,14507.749
forecast_0668,2025-01-28 20:00:00,16439.868814195557,17676.625,14544.682
forecast_0669,2025-01-28 21:00:00,16463.56207873114,17766.412,14650.144
forecast_0670,2025-01-28 22:00:00,16960.723603648345,17989.625,14992.339
forecast_0671,2025-01-28 23:00:00,16559.18616172867,18033.252,15115.461
forecast_0672,2025-01-29 00:00:00,16464.540110974118,18143.367,15286.489
forecast_0673,2025-01-29 01:00:00,16416.008406323093,18223.447,15467.492
forecast_0674,2025-01-29 02:00:00,16353.662150197008,18276.979,15287.233
forecast_0675,2025-01-29 03:00:00,16631.823546911768,18378.564,15244.189
forecast_0676,2025-01-29 04:00:00,16385.284114966747,18400.65,15210.727
forecast_0677,2025-01-29 05:00:00,15872.879676375711,18397.473,15301.218
forecast_0678,2025-01-29 06:00:00,15887.48808668007,18418.742,15480.888
forecast_0679,2025-01-29 07:00:00,16317.991913436646,18415.7,15653.912
forecast_0680,2025-01-29 08:00:00,16407.67992337846,18423.238,15779.185
forecast_0681,2025-01-29 09:00:00,16320.46332992759,18381.066,15801.3955
forecast_0682,2025-01-29 10:00:00,16629.08316550782,18268.188,15666.059
forecast_0683,2025-01-29 11:00:00,16258.344034974458,18176.232,15412.997
forecast_0684,2025-01-29 12:00:00,16208.79928671418,18237.043,15398.587
forecast_0685,2025-01-29 13:00:00,16461.87552822798,18184.885,15235.659
forecast_0686,2025-01-29 14:00:00,16745.743701170082,18309.887,15205.982
forecast_0687,2025-01-29 15:00:00,16513.492913705442,18361.06,15225.257
forecast_0688,2025-01-29 16:00:00,14979.258587941778,18294.252,15183.555
forecast_0689,2025-01-29 17:00:00,14676.093604472368,18225.217,15123.529
forecast_0690,2025-01-29 18:00:00,14048.700193596385,18065.803,15056.663
forecast_0691,2025-01-29 19:00:00,14681.620335439453,18087.584,15109.432
forecast_0692,2025-01-29 20:00:00,14688.671871107585,18278.475,15284.157
forecast_0693,2025-01-29 21:00:00,14245.150035576273,18359.932,15339.694
forecast_0694,2025-01-29 22:00:00,14341.874618704322,18352.906,15210.854
forecast_0695,2025-01-29 23:00:00,13867.86931510494,18201.994,14909.24
forecast_0696,2025-01-30 00:00:00,13685.54530635247,18031.842,14639.352
forecast_0697,2025-01-30 01:00:00,14031.779542788147,17855.492,14261.741
forecast_0698,2025-01-30 02:00:00,14388.960462099278,17666.107,13796.329
forecast_0699,2025-01-30 03:00:00,14291.68139606983,17563.744,13462.812
forecast_0700,2025-01-30 04:00:00,13246.087191478662,17477.973,13361.044
forecast_0701,2025-01-30 05:00:00,13065.172777424194,17372.281,13353.057
forecast_0702,2025-01-30 06:00:00,13017.743574072614,17209.244,13270.789
forecast_0703,2025-01-30 07:00:00,14067.050965314616,17180.719,13256.551
forecast_0704,2025-01-30 08:00:00,14370.401469339478,17329.428,13377.43
forecast_0705,2025-01-30 09:00:00,14797.536617947679,17381.49,13381.715
forecast_0706,2025-01-30 10:00:00,14591.85662991875,17088.885,12961.555
forecast_0707,2025-01-30 11:00:00,14085.104666837495,16548.047,12309.8955
forecast_0708,2025-01-30 12:00:00,14601.962611332345,16006.237,11935.188
forecast_0709,2025-01-30 13:00:00,15261.396612035336,15374.38,11773.194
forecast_0710,2025-01-30 14:00:00,14300.747922432283,14527.692,11366.806
forecast_0711,2025-01-30 15:00:00,14007.022273993454,13836.114,11061.7295
forecast_0712,2025-01-30 16:00:00,14067.955190671608,13525.174,11040.825
forecast_0713,2025-01-30 17:00:00,13845.393136015537,12926.646,10624.6455
forecast_0714,2025-01-30 18:00:00,15150.72581891255,12446.674,9883.687
forecast_0715,2025-01-30 19:00:00,14526.980318198759,13624.576,10057.328
forecast_0716,2025-01-30 20:00:00,14734.718047472305,15069.315,11284.082
forecast_0717,2025-01-30 21:00:00,15146.9573307274,16168.247,12717.375
forecast_0718,2025-01-30 22:00:00,14373.861209021508,16890.906,13592.409
forecast_0719,2025-01-30 23:00:00,14860.77534994725,17373.178,14048.265
forecast_0720,2025-01-31 00:00:00,14871.340363595715,17519.78,14007.903
forecast_0721,2025-01-31 01:00:00,14759.096842117184,17104.596,13283.078
forecast_0722,2025-01-31 02:00:00,14279.18767227063,16840.729,13148.066
forecast_0723,2025-01-31 03:00:00,13861.760082798277,16221.867,12612.443
forecast_0724,2025-01-31 04:00:00,14175.60155107612,15643.329,11962.114
forecast_0725,2025-01-31 05:00:00,14007.500341261859,15141.333,11653.055
forecast_0726,2025-01-31 06:00:00,13447.934889668644,14525.845,11518.581
forecast_0727,2025-01-31 07:00:00,12789.870597844281,14099.175,11175.533
forecast_0728,2025-01-31 08:00:00,13891.171790609545,14222.089,11311.475
forecast_0729,2025-01-31 09:00:00,12815.876805897828,14460.404,11555.39
forecast_0730,2025-01-31 10:00:00,11214.170153035971,13479.895,11248.594
forecast_0731,2025-01-31 11:00:00,9321.774057887242,11088.325,9236.902
forecast_0732,2025-01-31 12:00:00,7126.239691981073,9630.382,7781.9814
forecast_0733,2025-01-31 13:00:00,6533.336940249556,7566.8994,6375.91
forecast_0734,2025-01-31 14:00:00,4548.408380711719,5611.822,4395.7026
forecast_0735,2025-01-31 15:00:00,4075.685793773903,4196.5996,3140.6711
forecast_0736,2025-01-31 16:00:00,3377.7520065812714,3110.3008,2212.9429
forecast_0737,2025-01-31 17:00:00,2142.5314392795076,2895.32,1754.4109
forecast_0738,2025-01-31 18:00:00,2639.6487816080858,2885.6682,1348.7584
forecast_0739,2025-01-31 19:00:00,2632.7949074202675,3405.8862,1101.0686
forecast_0740,2025-01-31 20:00:00,2244.867776253007,3872.8608,1048.5737
forecast_0741,2025-01-31 21:00:00,3264.5493117332753,3774.6035,942.13116
forecast_0742,2025-01-31 22:00:00,2949.337121286403,4059.165,917.26276
forecast_0743,2025-01-31 23:00:00,3456.821596474865,4508.019,988.971
forecast_0744,2025-02-01 00:00:00,2883.854252802356,4490.022,1079.755
forecast_0745,2025-02-01 01:00:00,5107.668681963702,3256.4849,974.7496
forecast_0746,2025-02-01 02:00:00,4528.925577441715,2957.2053,1277.0027
forecast_0747,2025-02-01 03:00:00,2213.84482216581,2788.0244,1474.4121
forecast_0748,2025-02-01 04:00:00,1532.9444781353652,1720.0201,1301.2512
forecast_0749,2025-02-01 05:00:00,1123.5208317745628,689.8967,807.8871
forecast_0750,2025-02-01 06:00:00,213.38017852697288,358.3476,409.29114
forecast_0751,2025-02-01 07:00:00,173.34066778425623,254.85988,247.06108
forecast_0752,2025-02-01 08:00:00,76.36725192891753,202.87227,149.39496
forecast_0753,2025-02-01 09:00:00,74.76674826370295,181.28075,136.44537
forecast_0754,2025-02-01 10:00:00,0.0,170.9198,137.275
forecast_0755,2025-02-01 11:00:00,18.167538557694705,167.88022,130.42928
forecast_0756,2025-02-01 12:00:00,0.0,168.67943,127.373436
forecast_0757,2025-02-01 13:00:00,0.0,168.80667,125.60081
forecast_0758,2025-02-01 14:00:00,17.75534170346274,167.4086,117.09118
forecast_0759,2025-02-01 15:00:00,0.0,163.39168,119.54628
forecast_0760,2025-02-01 16:00:00,88.44300573486119,159.64595,132.29584
forecast_0761,2025-02-01 17:00:00,206.75463169442477,156.37161,147.54697
forecast_0762,2025-02-01 18:00:00,0.0,152.51659,165.7192
forecast_0763,2025-02-01 19:00:00,4.164551892441181,149.02344,172.8843
forecast_0764,2025-02-01 20:00:00,3.223868319969729,147.82587,167.91325
forecast_0765,2025-02-01 21:00:00,0.0,147.78969,160.19044
forecast_0766,2025-02-01 22:00:00,11.807062830271041,148.49791,146.80806
forecast_0767,2025-02-01 23:00:00,0.0,154.1799,144.26923
forecast_0768,2025-02-02 00:00:00,9.529746791272427,158.46727,145.29475
forecast_0769,2025-02-02 01:00:00,156.2353003339964,164.09596,162.00732
forecast_0770,2025-02-02 02:00:00,229.3493550455851,158.25829,138.68819
forecast_0771,2025-02-02 03:00:00,106.75120116324722,159.02089,152.34697
forecast_0772,2025-02-02 04:00:00,198.17337213805556,160.25522,178.95001
forecast_0773,2025-02-02 05:00:00,331.1035798966818,156.53766,157.51245
forecast_0774,2025-02-02 06:00:00,87.01650128185514,154.44531,145.79361
forecast_0775,2025-02-02 07:00:00,0.0,157.5172,138.53375
forecast_0776,2025-02-02 08:00:00,158.4265727470354,165.86386,122.898865
forecast_0777,2025-02-02 09:00:00,146.61570348324926,203.03316,134.76848
forecast_0778,2025-02-02 10:00:00,147.17128412732325,207.23409,145.63821
forecast_0779,2025-02-02 11:00:00,74.59163294655673,199.88829,178.92294
forecast_0780,2025-02-02 12:00:00,0.0,196.30414,200.3738
forecast_0781,2025-02-02 13:00:00,0.0,218.71826,223.93533
forecast_0782,2025-02-02 14:00:00,0.0,263.8742,193.36525
forecast_0783,2025-02-02 15:00:00,0.0,348.83545,217.39433
forecast_0784,2025-02-02 16:00:00,234.1825573214678,461.49133,328.7656
forecast_0785,2025-02-02 17:00:00,901.8711016329399,877.3818,563.6688
forecast_0786,2025-02-02 18:00:00,3413.798840980774,1742.832,788.8074
forecast_0787,2025-02-02 19:00:00,4542.255590583757,3494.479,1743.7416
forecast_0788,2025-02-02 20:00:00,7109.344093078442,5384.473,3275.3792
forecast_0789,2025-02-02 21:00:00,7902.162824576595,7085.3423,5124.4766
forecast_0790,2025-02-02 22:00:00,11561.730955526386,8437.082,6482.545
forecast_0791,2025-02-02 23:00:00,13508.066639166955,10278.959,8469.759
forecast_0792,2025-02-03 00:00:00,13961.811489409365,12254.117,10376.431
forecast_0793,2025-02-03 01:00:00,16193.113124411922,13563.652,11125.505
forecast_0794,2025-02-03 02:00:00,16129.648606978875,15282.098,12970.75
forecast_0795,2025-02-03 03:00:00,15665.041272719984,16468.818,14175.636
forecast_0796,2025-02-03 04:00:00,14673.355214167874,16950.592,14587.542
forecast_0797,2025-02-03 05:00:00,13613.514867983298,16837.52,14411.718
forecast_0798,2025-02-03 06:00:00,14113.535359607074,16668.082,14251.765
forecast_0799,2025-02-03 07:00:00,14405.620456182754,16711.809,14282.95
forecast_0800,2025-02-03 08:00:00,14600.897308730144,17481.002,14222.097
forecast_0801,2025-02-03 09:00:00,14746.571331062984,17778.426,14132.354
forecast_0802,2025-02-03 10:00:00,15557.056189097664,17749.188,13755.033
forecast_0803,2025-02-03 11:00:00,15565.858133010835,17292.457,13190.495
forecast_0804,2025-02-03 12:00:00,15757.082230529497,17163.818,13141.634
forecast_0805,2025-02-03 13:00:00,15623.241213188234,17103.416,13220.844
forecast_0806,2025-02-03 14:00:00,15236.460178396179,16701.764,12914.946
forecast_0807,2025-02-03 15:00:00,14715.754016480905,16285.549,12442.424
forecast_0808,2025-02-03 16:00:00,14613.22377144067,16067.704,12347.281
forecast_0809,2025-02-03 17:00:00,14713.56199773197,15699.865,12103.738
forecast_0810,2025-02-03 18:00:00,14768.070967018375,15790.29,12239.64
forecast_0811,2025-02-03 19:00:00,14772.371013407103,16041.414,12717.989
forecast_0812,2025-02-03 20:00:00,14706.60043212254,16451.828,13346.295
forecast_0813,2025-02-03 21:00:00,14501.788270145933,16816.79,13871.162
forecast_0814,2025-02-03 22:00:00,13611.933189616468,16991.232,14202.11
forecast_0815,2025-02-03 23:00:00,13984.25381502091,17054.537,14420.836
forecast_0816,2025-02-04 00:00:00,13664.292433559309,17063.674,14561.083
forecast_0817,2025-02-04 01:00:00,13845.871475636837,16862.242,14349.782
forecast_0818,2025-02-04 02:00:00,13118.902534753253,16537.307,13585.256
forecast_0819,2025-02-04 03:00:00,13515.256880005925,16178.943,13047.614
forecast_0820,2025-02-04 04:00:00,13927.668697628875,15468.774,12532.752
forecast_0821,2025-02-04 05:00:00,14043.372372970578,14676.902,12288.805
forecast_0822,2025-02-04 06:00:00,14029.454144104979,14328.499,12509.247
forecast_0823,2025-02-04 07:00:00,11710.662173332255,14370.114,12872.839
forecast_0824,2025-02-04 08:00:00,11455.931452320418,14199.915,12920.371
forecast_0825,2025-02-04 09:00:00,11817.738832590518,14108.864,12866.252
forecast_0826,2025-02-04 10:00:00,12602.058649897861,13981.1,12805.84
forecast_0827,2025-02-04 11:00:00,13218.981009316547,13481.886,12524.281
forecast_0828,2025-02-04 12:00:00,13696.679778638632,13317.695,12366.912
forecast_0829,2025-02-04 13:00:00,13556.850650661489,14004.209,12775.288
forecast_0830,2025-02-04 14:00:00,13300.52090520953,14634.954,13052.182
forecast_0831,2025-02-04 15:00:00,13166.700983204595,14731.935,12975.283
forecast_0832,2025-02-04 16:00:00,13558.470117523417,14676.681,12853.565
forecast_0833,2025-02-04 17:00:00,13522.767791658312,15015.685,13244.47
forecast_0834,2025-02-04 18:00:00,12801.443600209555,15438.785,13665.443
forecast_0835,2025-02-04 19:00:00,13662.146931368485,15953.887,13790.815
forecast_0836,2025-02-04 20:00:00,13330.109708212272,16452.357,13585.843
forecast_0837,2025-02-04 21:00:00,14263.117606422777,17157.855,13770.822
forecast_0838,2025-02-04 22:00:00,14281.18802265926,17697.238,14150.858
forecast_0839,2025-02-04 23:00:00,13760.938494011541,18052.209,14625.785
forecast_0840,2025-02-05 00:00:00,13862.849186819885,18199.254,14819.062
forecast_0841,2025-02-05 01:00:00,12984.270125651386,18120.174,14697.687
forecast_0842,2025-02-05 02:00:00,12859.429259992452,18328.418,14657.74
forecast_0843,2025-02-05 03:00:00,13682.42716348095,18279.592,14423.093
forecast_0844,2025-02-05 04:00:00,14182.4873837995,18099.963,14067.158
forecast_0845,2025-02-05 05:00:00,13785.278558665992,17988.443,13870.748
forecast_0846,2025-02-05 06:00:00,13894.399782471091,17691.414,13653.299
forecast_0847,2025-02-05 07:00:00,14119.613239125027,17321.543,13379.739
forecast_0848,2025-02-05 08:00:00,14352.97524508993,16898.469,13166.5
forecast_0849,2025-02-05 09:00:00,14105.51566095273,16401.46,12878.949
forecast_0850,2025-02-05 10:00:00,14212.785561390278,15829.343,12567.223
forecast_0851,2025-02-05 11:00:00,14939.190376014129,15458.909,12417.831
forecast_0852,2025-02-05 12:00:00,15010.48889499868,15385.738,12253.876
forecast_0853,2025-02-05 13:00:00,14858.245835453541,15530.459,12227.21
forecast_0854,2025-02-05 14:00:00,14690.449532509683,15754.977,12238.404
forecast_0855,2025-02-05 15:00:00,14447.786097682565,15939.187,12044.008
forecast_0856,2025-02-05 16:00:00,14334.666768749015,16260.27,11933.762
forecast_0857,2025-02-05 17:00:00,14377.804131023584,16549.951,12062.796
forecast_0858,2025-02-05 18:00:00,14033.812062508376,16572.7,12002.194
forecast_0859,2025-02-05 19:00:00,14173.97707189817,16432.516,11802.529
forecast_0860,2025-02-05 20:00:00,14532.947565867138,16350.484,11665.3545
forecast_0861,2025-02-05 21:00:00,14383.412360695873,16441.014,12013.231
forecast_0862,2025-02-05 22:00:00,14194.694775038632,16611.969,12519.771
forecast_0863,2025-02-05 23:00:00,13867.956008043495,16660.484,13018.686
forecast_0864,2025-02-06 00:00:00,14493.340697996298,16657.85,13495.042
forecast_0865,2025-02-06 01:00:00,14439.915750572613,16409.357,13504.483
forecast_0866,2025-02-06 02:00:00,14774.415663157326,16211.581,13063.424
forecast_0867,2025-02-06 03:00:00,15744.54670182744,16048.141,12650.2
forecast_0868,2025-02-06 04:00:00,16342.615050117081,16042.4795,12809.907
forecast_0869,2025-02-06 05:00:00,16393.113099100516,16108.407,13235.897
forecast_0870,2025-02-06 06:00:00,16379.374664172365,16093.73,13580.98
forecast_0871,2025-02-06 07:00:00,15653.075404504025,15984.039,13752.751
forecast_0872,2025-02-06 08:00:00,15140.510828566414,15578.596,13599.746
forecast_0873,2025-02-06 09:00:00,14547.498686742118,15123.264,13347.363
forecast_0874,2025-02-06 10:00:00,12901.887695555311,14750.9,12980.275
forecast_0875,2025-02-06 11:00:00,13065.50281268939,14226.775,12343.549
forecast_0876,2025-02-06 12:00:00,12830.162289095568,13610.683,11609.591
forecast_0877,2025-02-06 13:00:00,13122.47934641905,13060.625,10942.121
forecast_0878,2025-02-06 14:00:00,13862.885557449687,13184.476,10700.0
forecast_0879,2025-02-06 15:00:00,12437.56753655897,13221.478,10824.802
forecast_0880,2025-02-06 16:00:00,13454.78199639826,13205.896,11323.295
forecast_0881,2025-02-06 17:00:00,13195.930915068422,13631.594,12124.333
forecast_0882,2025-02-06 18:00:00,13929.399824938191,13897.945,12725.355
forecast_0883,2025-02-06 19:00:00,13892.313623254851,13587.355,12117.736
forecast_0884,2025-02-06 20:00:00,14253.672138354674,13656.546,11954.776
forecast_0885,2025-02-06 21:00:00,13884.239356403164,13656.577,12212.069
forecast_0886,2025-02-06 22:00:00,12449.648391463592,13605.512,12162.177
forecast_0887,2025-02-06 23:00:00,11103.339359054335,12366.97,10902.538
forecast_0888,2025-02-07 00:00:00,11888.673912110133,11728.943,10532.962
forecast_0889,2025-02-07 01:00:00,6948.790646638143,9982.108,8650.924
forecast_0890,2025-02-07 02:00:00,5124.577449189287,6954.8003,4565.8467
forecast_0891,2025-02-07 03:00:00,4259.047013005809,6931.257,3102.2312
forecast_0892,2025-02-07 04:00:00,4924.3499467445645,7154.203,2979.2292
forecast_0893,2025-02-07 05:00:00,4896.697617003762,7314.512,3051.7046
forecast_0894,2025-02-07 06:00:00,3440.990181380238,7514.5337,2744.6367
forecast_0895,2025-02-07 07:00:00,2911.86967729012,7521.8594,2277.31
forecast_0896,2025-02-07 08:00:00,2700.3212754783426,7048.601,1886.3854
forecast_0897,2025-02-07 09:00:00,5045.8671011438255,7489.3677,2060.1199
forecast_0898,2025-02-07 10:00:00,6566.690276563815,8989.827,4193.955
forecast_0899,2025-02-07 11:00:00,10513.22314860265,11120.681,9301.39
forecast_0900,2025-02-07 12:00:00,11651.600156368257,12229.137,11800.948
forecast_0901,2025-02-07 13:00:00,12704.789248164197,13290.716,13031.609
forecast_0902,2025-02-07 14:00:00,12509.71900543287,13511.458,12704.6045
forecast_0903,2025-02-07 15:00:00,14161.959987172162,13629.8125,11625.141
forecast_0904,2025-02-07 16:00:00,14038.108704457118,13723.693,11136.123
forecast_0905,2025-02-07 17:00:00,13388.122369066396,13538.904,10697.85
forecast_0906,2025-02-07 18:00:00,14199.27072383895,13327.181,10327.735
forecast_0907,2025-02-07 19:00:00,12018.495819491394,12588.565,9474.893
forecast_0908,2025-02-07 20:00:00,12400.820880428388,12345.316,8713.002
forecast_0909,2025-02-07 21:00:00,11775.656802011683,13004.439,9601.867
forecast_0910,2025-02-07 22:00:00,12665.80749682966,13712.983,11075.419
forecast_0911,2025-02-07 23:00:00,13996.057843450883,14068.254,11995.01
forecast_0912,2025-02-08 00:00:00,13546.032908800058,14539.098,12645.882
forecast_0913,2025-02-08 01:00:00,14278.769126042425,14998.295,12782.209
forecast_0914,2025-02-08 02:00:00,15393.29636336594,15611.835,12565.43
forecast_0915,2025-02-08 03:00:00,14698.235450145512,16332.972,12651.236
forecast_0916,2025-02-08 04:00:00,14769.231962084259,16942.023,12956.098
forecast_0917,2025-02-08 05:00:00,16444.339681995418,17465.143,13377.732
forecast_0918,2025-02-08 06:00:00,15774.623157690094,17753.895,13631.154
forecast_0919,2025-02-08 07:00:00,15182.99232614733,17873.25,13736.816
forecast_0920,2025-02-08 08:00:00,12999.372614118885,17517.027,13125.59
forecast_0921,2025-02-08 09:00:00,12985.224755974628,16639.906,11914.471
forecast_0922,2025-02-08 10:00:00,9484.89074385023,14321.07,9744.675
forecast_0923,2025-02-08 11:00:00,7595.879874756502,10168.669,6940.405
forecast_0924,2025-02-08 12:00:00,4134.679213302946,6640.9424,5126.7803
forecast_0925,2025-02-08 13:00:00,2358.7795581967034,4450.5146,3998.576
forecast_0926,2025-02-08 14:00:00,2235.6322391479825,3002.047,3180.453
forecast_0927,2025-02-08 15:00:00,2457.5772541187016,2136.1226,2606.202
forecast_0928,2025-02-08 16:00:00,2709.171387946861,1965.4928,2469.952
forecast_0929,2025-02-08 17:00:00,4030.54152690039,2415.458,2740.555
forecast_0930,2025-02-08 18:00:00,6097.275169470887,3625.5574,3498.736
forecast_0931,2025-02-08 19:00:00,6654.820986349377,6408.2764,4940.405
forecast_0932,2025-02-08 20:00:00,7204.884450996534,9752.018,6605.321
forecast_0933,2025-02-08 21:00:00,9607.04866664648,12115.517,7939.0874
forecast_0934,2025-02-08 22:00:00,13432.262737603283,14713.326,9704.072
forecast_0935,2025-02-08 23:00:00,16351.548379034106,16570.908,11751.68
forecast_0936,2025-02-09 00:00:00,17539.79805262168,17635.143,13302.009
forecast_0937,2025-02-09 01:00:00,14248.117875615466,18341.445,14066.736
forecast_0938,2025-02-09 02:00:00,15513.765412714794,17935.809,13569.385
forecast_0939,2025-02-09 03:00:00,16049.162564574923,17839.145,13423.536
forecast_0940,2025-02-09 04:00:00,16934.24265200848,17757.404,13469.528
forecast_0941,2025-02-09 05:00:00,18749.651573588715,17985.611,13711.329
forecast_0942,2025-02-09 06:00:00,17684.51585146054,18435.727,14226.276
forecast_0943,2025-02-09 07:00:00,17592.230613806845,18818.12,14608.129
forecast_0944,2025-02-09 08:00:00,18770.692323543382,18954.254,14578.868
forecast_0945,2025-02-09 09:00:00,17473.726809220094,18711.102,13953.897
forecast_0946,2025-02-09 10:00:00,13324.663214784432,17669.924,12429.353
forecast_0947,2025-02-09 11:00:00,10840.81679839541,15844.096,10450.413
forecast_0948,2025-02-09 12:00:00,9544.858506943814,13877.011,9154.34
forecast_0949,2025-02-09 13:00:00,9042.724993456226,12330.96,8689.786
forecast_0950,2025-02-09 14:00:00,8253.03472534527,11672.7,8843.787
forecast_0951,2025-02-09 15:00:00,10592.984673070327,11293.644,9110.86
forecast_0952,2025-02-09 16:00:00,11724.733190212475,11609.759,9623.087
forecast_0953,2025-02-09 17:00:00,12073.561875493493,12100.211,10307.2
forecast_0954,2025-02-09 18:00:00,13005.685549579677,12970.257,11252.089
forecast_0955,2025-02-09 19:00:00,13795.416526962006,15020.712,12289.894
forecast_0956,2025-02-09 20:00:00,13819.02261655134,16695.676,12853.333
forecast_0957,2025-02-09 21:00:00,13714.271309335385,17622.373,12745.619
forecast_0958,2025-02-09 22:00:00,14356.889143456281,18250.414,12670.044
forecast_0959,2025-02-09 23:00:00,14526.931688102524,18718.86,13262.367
forecast_0960,2025-02-10 00:00:00,15590.079957875898,19024.377,14024.311
forecast_0961,2025-02-10 01:00:00,15774.830684527995,19213.805,14382.218
forecast_0962,2025-02-10 02:00:00,15902.549864679817,19272.652,14467.705
forecast_0963,2025-02-10 03:00:00,17051.05988128756,19313.768,14321.927
forecast_0964,2025-02-10 04:00:00,18015.778245408193,19349.555,14106.63
forecast_0965,2025-02-10 05:00:00,17436.406183865678,19489.523,14293.79
forecast_0966,2025-02-10 06:00:00,17023.85115576616,19681.467,14910.425
forecast_0967,2025-02-10 07:00:00,16741.086019240163,19740.148,15332.295
forecast_0968,2025-02-10 08:00:00,16722.79460518379,19753.107,15459.3545
forecast_0969,2025-02-10 09:00:00,17074.195837019906,19713.387,15337.907
forecast_0970,2025-02-10 10:00:00,13777.135937728408,19624.328,15062.238
forecast_0971,2025-02-10 11:00:00,12856.464790506381,19190.248,14159.943
forecast_0972,2025-02-10 12:00:00,11004.672436011027,18212.332,12786.129
forecast_0973,2025-02-10 13:00:00,11940.21272284975,16746.861,11518.939
forecast_0974,2025-02-10 14:00:00,12446.72362683964,15421.558,10618.77
forecast_0975,2025-02-10 15:00:00,12025.445851356078,14022.6045,10241.279
forecast_0976,2025-02-10 16:00:00,11825.002765438558,12676.603,9541.167
forecast_0977,2025-02-10 17:00:00,11319.052287973529,11586.955,8833.367
forecast_0978,2025-02-10 18:00:00,11137.453782401926,10982.582,8429.558
forecast_0979,2025-02-10 19:00:00,10784.36711401204,12295.4,8913.04
forecast_0980,2025-02-10 20:00:00,10395.377734995418,13593.795,9496.331
forecast_0981,2025-02-10 21:00:00,9333.956706899573,13254.041,8570.023
forecast_0982,2025-02-10 22:00:00,10169.080510216847,12273.291,7232.72
forecast_0983,2025-02-10 23:00:00,10566.529094061681,12515.122,7376.603
forecast_0984,2025-02-11 00:00:00,10087.888132397207,12819.741,7884.593
forecast_0985,2025-02-11 01:00:00,9499.923853357353,12961.061,8205.771
forecast_0986,2025-02-11 02:00:00,10011.059349584753,11460.174,8053.741
forecast_0987,2025-02-11 03:00:00,10845.609990838084,9841.287,7778.038
forecast_0988,2025-02-11 04:00:00,11925.269357322935,9192.086,7613.429
forecast_0989,2025-02-11 05:00:00,9141.970215640364,8736.053,7383.339
forecast_0990,2025-02-11 06:00:00,8288.425473443425,6653.1997,5821.6484
forecast_0991,2025-02-11 07:00:00,8152.020048330768,4544.508,4507.162
forecast_0992,2025-02-11 08:00:00,6785.93845499143,3856.211,4047.6785
forecast_0993,2025-02-11 09:00:00,6713.579429048465,3191.487,3730.5366
forecast_0994,2025-02-11 10:00:00,3592.4552372078633,2598.1194,3352.4111
forecast_0995,2025-02-11 11:00:00,2477.731807269517,2125.1968,2820.254
forecast_0996,2025-02-11 12:00:00,1735.9045184339307,1848.6973,2152.7124
forecast_0997,2025-02-11 13:00:00,1555.2613234250084,1686.1823,1740.0762
forecast_0998,2025-02-11 14:00:00,1894.556000421954,1442.862,1482.6879
forecast_0999,2025-02-11 15:00:00,1320.2564130560413,1314.7778,1388.7512
forecast_1000,2025-02-11 16:00:00,1076.227717041339,1465.2206,1263.5388
forecast_1001,2025-02-11 17:00:00,1757.1343346261385,1993.9117,1347.1349
forecast_1002,2025-02-11 18:00:00,3690.1691509784314,3180.2546,1566.9347
forecast_1003,2025-02-11 19:00:00,8506.943474087393,6071.0737,2760.401
forecast_1004,2025-02-11 20:00:00,10747.319766132961,10283.541,4958.286
forecast_1005,2025-02-11 21:00:00,11154.518354095462,14429.9375,7769.1016
forecast_1006,2025-02-11 22:00:00,12220.111226810544,17006.58,9108.399
forecast_1007,2025-02-11 23:00:00,15665.166672397356,18635.748,9726.769
forecast_1008,2025-02-12 00:00:00,17493.503945894583,19345.002,10253.224
forecast_1009,2025-02-12 01:00:00,14213.745519172986,19768.068,10948.388
forecast_1010,2025-02-12 02:00:00,15378.240723412353,19823.18,10307.5
forecast_1011,2025-02-12 03:00:00,14368.64673213508,19888.797,9930.032
forecast_1012,2025-02-12 04:00:00,12908.031661787314,19783.295,9221.739
forecast_1013,2025-02-12 05:00:00,13399.986025243767,19668.828,8384.636
forecast_1014,2025-02-12 06:00:00,10546.185431834718,19341.527,6937.459
forecast_1015,2025-02-12 07:00:00,5933.80943965567,18448.816,5363.1357
forecast_1016,2025-02-12 08:00:00,3875.8945822136534,15135.801,3370.4265
forecast_1017,2025-02-12 09:00:00,3956.2673713906497,9977.478,1991.3488
forecast_1018,2025-02-12 10:00:00,3801.4012260575005,9663.876,2432.0376
forecast_1019,2025-02-12 11:00:00,6282.313136627813,8714.02,3013.546
forecast_1020,2025-02-12 12:00:00,9401.05790657486,10254.843,4734.4385
forecast_1021,2025-02-12 13:00:00,9628.190326198146,12609.437,8082.527
forecast_1022,2025-02-12 14:00:00,11722.106727363878,14466.896,10694.686
forecast_1023,2025-02-12 15:00:00,14285.057824787806,15594.509,11743.223
forecast_1024,2025-02-12 16:00:00,15649.971054847258,16993.072,13401.698
forecast_1025,2025-02-12 17:00:00,15032.02472825739,17948.309,14594.124
forecast_1026,2025-02-12 18:00:00,15695.088712993345,18559.283,15226.781
forecast_1027,2025-02-12 19:00:00,16166.75467691421,18971.256,15489.315
forecast_1028,2025-02-12 20:00:00,15574.205449653096,19261.926,15603.438
forecast_1029,2025-02-12 21:00:00,14613.370118525498,19274.012,15344.91
forecast_1030,2025-02-12 22:00:00,14628.804861461193,19076.674,14707.185
forecast_1031,2025-02-12 23:00:00,13712.18797087464,18915.75,14066.914
forecast_1032,2025-02-13 00:00:00,14090.05434884536,18556.682,12631.548
forecast_1033,2025-02-13 01:00:00,14214.594461696463,17739.732,10768.577
forecast_1034,2025-02-13 02:00:00,13884.63880625305,16701.95,9769.727
forecast_1035,2025-02-13 03:00:00,13845.369176299977,16093.885,9797.195
forecast_1036,2025-02-13 04:00:00,13123.317439428876,13893.089,8993.856
forecast_1037,2025-02-13 05:00:00,13721.467483285262,10735.347,7153.033
forecast_1038,2025-02-13 06:00:00,13674.218475631034,11049.566,7672.1016
forecast_1039,2025-02-13 07:00:00,15357.721358693101,12994.178,10005.233
forecast_1040,2025-02-13 08:00:00,15709.654268287351,14774.911,12191.689
forecast_1041,2025-02-13 09:00:00,15734.07776839624,15863.9795,13307.486
forecast_1042,2025-02-13 10:00:00,14598.516473444535,15889.441,13331.339
forecast_1043,2025-02-13 11:00:00,13603.249485765367,15728.627,12958.156
forecast_1044,2025-02-13 12:00:00,13546.548058563016,15276.26,12442.335
forecast_1045,2025-02-13 13:00:00,13624.1170093312,14893.598,12329.284
forecast_1046,2025-02-13 14:00:00,14085.657141722064,14774.814,12522.889
forecast_1047,2025-02-13 15:00:00,15258.092249154524,15322.166,13165.62
forecast_1048,2025-02-13 16:00:00,15112.753476052007,16113.433,13972.915
forecast_1049,2025-02-13 17:00:00,16817.311913446323,16914.16,14758.893
forecast_1050,2025-02-13 18:00:00,17187.02663918285,17730.05,15597.741
forecast_1051,2025-02-13 19:00:00,17518.33522031962,18502.506,16327.959
forecast_1052,2025-02-13 20:00:00,18261.89813288987,19017.8,16832.977
forecast_1053,2025-02-13 21:00:00,18344.21406742793,19397.465,17138.18
forecast_1054,2025-02-13 22:00:00,18515.705171118843,19690.24,17376.943
forecast_1055,2025-02-13 23:00:00,18532.59990475838,19874.674,17578.828
forecast_1056,2025-02-14 00:00:00,18384.410495128068,19989.799,17718.994
forecast_1057,2025-02-14 01:00:00,18870.544869434405,20024.299,17611.596
forecast_1058,2025-02-14 02:00:00,18531.879057043727,20073.686,17281.855
forecast_1059,2025-02-14 03:00:00,18455.62116250824,20090.424,16796.312
forecast_1060,2025-02-14 04:00:00,18821.853988992858,20064.986,16309.977
forecast_1061,2025-02-14 05:00:00,18739.844574632254,20040.85,15817.964
forecast_1062,2025-02-14 06:00:00,19196.836115872455,20015.02,15556.98
forecast_1063,2025-02-14 07:00:00,19146.408010963863,19976.822,15471.781
forecast_1064,2025-02-14 08:00:00,19627.01776548878,19896.107,15317.2295
forecast_1065,2025-02-14 09:00:00,15969.831168193281,19738.225,14971.558
forecast_1066,2025-02-14 10:00:00,13489.671097278298,18900.234,13129.195
forecast_1067,2025-02-14 11:00:00,11061.435190380253,16871.217,10166.835
forecast_1068,2025-02-14 12:00:00,9188.052167347358,13900.846,8188.7334
forecast_1069,2025-02-14 13:00:00,7978.619851965709,10999.796,7303.1333
forecast_1070,2025-02-14 14:00:00,7921.342693575322,9080.377,6791.28
forecast_1071,2025-02-14 15:00:00,7069.559202171803,8156.5957,6427.4893
forecast_1072,2025-02-14 16:00:00,8295.141710152766,8479.452,6486.22
forecast_1073,2025-02-14 17:00:00,8770.46759510013,10122.184,7534.2305
forecast_1074,2025-02-14 18:00:00,11957.435187911387,12338.239,9198.184
forecast_1075,2025-02-14 19:00:00,14238.172865234443,15095.353,10955.722
forecast_1076,2025-02-14 20:00:00,15041.112045694903,16735.307,11509.898
forecast_1077,2025-02-14 21:00:00,15286.778707982254,17700.262,11175.244
forecast_1078,2025-02-14 22:00:00,15766.192498373808,18433.61,11495.948
forecast_1079,2025-02-14 23:00:00,15898.17791370154,18457.088,11631.634
forecast_1080,2025-02-15 00:00:00,17718.6813316651,18115.113,11592.033
forecast_1081,2025-02-15 01:00:00,15030.525606734605,17735.115,11696.224
forecast_1082,2025-02-15 02:00:00,17435.302735527952,17839.537,12055.141
forecast_1083,2025-02-15 03:00:00,18020.513129649906,17855.127,11793.055
forecast_1084,2025-02-15 04:00:00,16551.92783154529,17956.773,11312.738
forecast_1085,2025-02-15 05:00:00,16655.574032035467,18192.785,10691.227
forecast_1086,2025-02-15 06:00:00,16699.414024341393,18234.607,10795.847
forecast_1087,2025-02-15 07:00:00,14703.05812973161,17745.316,10157.735
forecast_1088,2025-02-15 08:00:00,11962.706495143399,16604.055,8246.3545
forecast_1089,2025-02-15 09:00:00,10071.724704299102,15792.048,6133.905
forecast_1090,2025-02-15 10:00:00,7042.221742185143,15550.685,5641.043
forecast_1091,2025-02-15 11:00:00,6072.304844330184,14454.727,4866.0625
forecast_1092,2025-02-15 12:00:00,9225.942834337697,13787.252,4516.279
forecast_1093,2025-02-15 13:00:00,10316.123803759263,14402.416,5455.2285
forecast_1094,2025-02-15 14:00:00,10575.574687985323,15395.783,7350.371
forecast_1095,2025-02-15 15:00:00,10161.308160035922,16548.984,8886.426
forecast_1096,2025-02-15 16:00:00,11867.32293567017,17323.95,9666.014
forecast_1097,2025-02-15 17:00:00,13190.547763285524,17935.422,10248.607
forecast_1098,2025-02-15 18:00:00,15227.896016617295,18721.559,11122.61
forecast_1099,2025-02-15 19:00:00,17680.33259433038,19451.861,12203.305
forecast_1100,2025-02-15 20:00:00,18323.45164936635,19873.572,13557.225
forecast_1101,2025-02-15 21:00:00,16420.02404392746,20047.266,14326.582
forecast_1102,2025-02-15 22:00:00,15615.216615999023,19925.479,13706.745
forecast_1103,2025-02-15 23:00:00,18284.85055437463,19896.281,13394.741
forecast_1104,2025-02-16 00:00:00,17685.19998540602,19803.537,13487.305
forecast_1105,2025-02-16 01:00:00,19510.22847890828,19724.873,13468.239
forecast_1106,2025-02-16 02:00:00,19326.389836556664,19779.494,13589.852
forecast_1107,2025-02-16 03:00:00,17912.05994246099,19743.846,13033.022
forecast_1108,2025-02-16 04:00:00,17337.953309526456,19540.844,12111.046
forecast_1109,2025-02-16 05:00:00,15890.68065509574,18982.404,10851.855
forecast_1110,2025-02-16 06:00:00,15419.790873420427,18014.309,9721.011
forecast_1111,2025-02-16 07:00:00,16600.88972216447,16713.777,8757.999
forecast_1112,2025-02-16 08:00:00,14970.94956706501,16160.084,8377.851
forecast_1113,2025-02-16 09:00:00,14202.8104840393,16184.203,8075.749
forecast_1114,2025-02-16 10:00:00,8103.729026673763,15192.772,7310.2573
forecast_1115,2025-02-16 11:00:00,7290.353259984072,12633.543,5520.8223
forecast_1116,2025-02-16 12:00:00,8017.592193958859,12196.018,5595.761
forecast_1117,2025-02-16 13:00:00,12369.05518801013,13091.09,6958.051
forecast_1118,2025-02-16 14:00:00,12897.722055895632,14530.489,9474.086
forecast_1119,2025-02-16 15:00:00,15060.852634296238,15655.275,11370.76
forecast_1120,2025-02-16 16:00:00,16510.493026711993,16350.64,12738.403
forecast_1121,2025-02-16 17:00:00,16395.938370987173,17024.898,13635.415
forecast_1122,2025-02-16 18:00:00,16589.66420747638,17861.293,14412.443
forecast_1123,2025-02-16 19:00:00,17156.19912846358,18488.877,14740.596
forecast_1124,2025-02-16 20:00:00,17212.48738430276,18972.205,14920.368
forecast_1125,2025-02-16 21:00:00,16815.767155176167,19220.387,14994.726
forecast_1126,2025-02-16 22:00:00,17280.4152264639,19155.104,14953.344
forecast_1127,2025-02-16 23:00:00,16779.088076007887,19144.953,14900.69
forecast_1128,2025-02-17 00:00:00,16137.058071440055,19005.68,14773.209
forecast_1129,2025-02-17 01:00:00,14087.203847848728,18606.102,14041.1045
forecast_1130,2025-02-17 02:00:00,14078.702091827947,17899.045,12763.975
forecast_1131,2025-02-17 03:00:00,13817.80827918704,16636.658,11423.619
forecast_1132,2025-02-17 04:00:00,13786.468783739956,14795.988,10350.455
forecast_1133,2025-02-17 05:00:00,12405.643072881105,12767.267,9474.742
forecast_1134,2025-02-17 06:00:00,11995.123139428608,10719.132,8736.901
forecast_1135,2025-02-17 07:00:00,12636.071917262421,9772.413,8787.543
forecast_1136,2025-02-17 08:00:00,13262.122538198711,10580.27,10104.039
forecast_1137,2025-02-17 09:00:00,13322.980049508249,10975.955,11056.509
forecast_1138,2025-02-17 10:00:00,13656.085298877393,11144.391,11459.899
forecast_1139,2025-02-17 11:00:00,13184.237904074795,11517.079,11472.967
forecast_1140,2025-02-17 12:00:00,13209.13250871452,11562.861,10758.147
forecast_1141,2025-02-17 13:00:00,12908.969221351486,10995.821,9410.526
forecast_1142,2025-02-17 14:00:00,12211.962378256409,10121.15,7856.263
forecast_1143,2025-02-17 15:00:00,11524.279982863362,9220.556,6486.9746
forecast_1144,2025-02-17 16:00:00,10244.606677690124,8344.483,5555.503
forecast_1145,2025-02-17 17:00:00,9046.44058608454,7289.0264,4782.315
forecast_1146,2025-02-17 18:00:00,8877.034870351597,6077.6187,4087.9739
forecast_1147,2025-02-17 19:00:00,7430.966147222045,5786.7075,4111.6685
forecast_1148,2025-02-17 20:00:00,7471.124426099185,5542.466,4340.667
forecast_1149,2025-02-17 21:00:00,5943.25344717911,4812.0117,4174.5166
forecast_1150,2025-02-17 22:00:00,5191.912300768315,3888.7732,3294.301
forecast_1151,2025-02-17 23:00:00,6073.724060620667,4103.1367,3010.5908
forecast_1152,2025-02-18 00:00:00,6412.576628471134,5554.7397,3565.6182
forecast_1153,2025-02-18 01:00:00,7862.9969223481185,7046.8994,4510.48
forecast_1154,2025-02-18 02:00:00,9976.699152125619,8381.795,5877.782
forecast_1155,2025-02-18 03:00:00,11423.455092903396,10145.48,7416.199
forecast_1156,2025-02-18 04:00:00,11513.17274274867,11931.351,9086.237
forecast_1157,2025-02-18 05:00:00,12828.042071451064,12807.05,10012.158
forecast_1158,2025-02-18 06:00:00,13281.420774531127,12967.75,10239.371
forecast_1159,2025-02-18 07:00:00,13450.74754345057,13370.357,10716.144
forecast_1160,2025-02-18 08:00:00,12699.510377803896,13586.066,11218.243
forecast_1161,2025-02-18 09:00:00,11049.495526091128,12856.523,10738.173
forecast_1162,2025-02-18 10:00:00,10552.63834340116,11675.3545,9933.162
forecast_1163,2025-02-18 11:00:00,11614.023317425024,11175.242,9777.636
forecast_1164,2025-02-18 12:00:00,12932.364040827537,11723.837,10369.693
forecast_1165,2025-02-18 13:00:00,13306.134602752438,12566.053,11046.332
forecast_1166,2025-02-18 14:00:00,13612.231733976703,13124.616,11478.733
forecast_1167,2025-02-18 15:00:00,13508.81250311433,13273.509,11448.548
forecast_1168,2025-02-18 16:00:00,13461.709142862062,13143.358,11175.674
forecast_1169,2025-02-18 17:00:00,13288.490492677194,12587.498,10482.03
forecast_1170,2025-02-18 18:00:00,12704.740483996833,11579.288,9103.37
forecast_1171,2025-02-18 19:00:00,12584.957835351252,10620.48,8098.945
forecast_1172,2025-02-18 20:00:00,11048.207023310275,10762.951,8524.756
forecast_1173,2025-02-18 21:00:00,10918.851676094764,10465.374,8761.251
forecast_1174,2025-02-18 22:00:00,9977.88704435736,10039.722,8264.36
forecast_1175,2025-02-18 23:00:00,6986.418696965762,9496.564,7161.18
forecast_1176,2025-02-19 00:00:00,8677.006635836633,9503.105,6340.6465
forecast_1177,2025-02-19 01:00:00,7113.490404149442,9571.015,6304.448
forecast_1178,2025-02-19 02:00:00,10029.345853421253,7658.8677,5585.1074
forecast_1179,2025-02-19 03:00:00,10308.954431101325,8084.072,6044.0327
forecast_1180,2025-02-19 04:00:00,10291.601457882121,9229.347,6577.4746
forecast_1181,2025-02-19 05:00:00,10733.143531243242,10311.104,7051.955
forecast_1182,2025-02-19 06:00:00,10571.382249734159,10977.574,7370.8213
forecast_1183,2025-02-19 07:00:00,10296.61949930252,11561.506,7933.9536
forecast_1184,2025-02-19 08:00:00,10290.777398448321,11625.264,8269.733
forecast_1185,2025-02-19 09:00:00,9159.052412763644,10338.879,7704.679
forecast_1186,2025-02-19 10:00:00,4754.646660403896,7398.3535,6094.253
forecast_1187,2025-02-19 11:00:00,3541.644366071973,4495.4663,4550.179
forecast_1188,2025-02-19 12:00:00,3498.971517956106,2770.3064,3510.812
forecast_1189,2025-02-19 13:00:00,4062.3909825333485,2279.6277,2945.7402
forecast_1190,2025-02-19 14:00:00,5459.169139603356,2643.1536,2859.8022
forecast_1191,2025-02-19 15:00:00,6044.682135549673,3581.152,3382.3372
forecast_1192,2025-02-19 16:00:00,5575.040667077068,3843.2207,3689.086
forecast_1193,2025-02-19 17:00:00,6502.408128770937,3910.043,3881.2166
forecast_1194,2025-02-19 18:00:00,6309.323500482163,3904.6487,4145.1353
forecast_1195,2025-02-19 19:00:00,6481.172959653028,4186.728,4761.9873
forecast_1196,2025-02-19 20:00:00,6057.97233681925,4660.504,5281.4146
forecast_1197,2025-02-19 21:00:00,6101.281058102956,4816.4062,5105.213
forecast_1198,2025-02-19 22:00:00,8118.379032772245,5304.02,4942.4854
forecast_1199,2025-02-19 23:00:00,8138.059177152868,6173.3223,5285.0874
forecast_1200,2025-02-20 00:00:00,8803.707987377189,7184.677,5773.5874
forecast_1201,2025-02-20 01:00:00,7629.926657420576,7552.4575,5625.8643
forecast_1202,2025-02-20 02:00:00,8020.3088072627725,5715.52,4777.756
forecast_1203,2025-02-20 03:00:00,8769.159563930803,4275.7144,4266.015
forecast_1204,2025-02-20 04:00:00,8838.229486839808,3803.1787,3999.9417
forecast_1205,2025-02-20 05:00:00,8503.225059988665,4448.3164,4063.6455
forecast_1206,2025-02-20 06:00:00,7804.226534801899,6137.467,4507.12
forecast_1207,2025-02-20 07:00:00,9358.528341609981,8204.276,5077.3486
forecast_1208,2025-02-20 08:00:00,11212.578390734172,10429.861,5950.252
forecast_1209,2025-02-20 09:00:00,10027.504934054186,11832.731,7187.8755
forecast_1210,2025-02-20 10:00:00,9717.971259233422,11272.741,7674.984
forecast_1211,2025-02-20 11:00:00,7013.898785808691,9908.331,7663.635
forecast_1212,2025-02-20 12:00:00,7236.152384354201,8195.462,7136.55
forecast_1213,2025-02-20 13:00:00,8182.22256238555,7681.1416,7011.473
forecast_1214,2025-02-20 14:00:00,8973.442606042629,8653.127,7726.5405
forecast_1215,2025-02-20 15:00:00,8101.124751789759,9602.689,8749.764
forecast_1216,2025-02-20 16:00:00,8065.597955722869,9503.677,8670.183
forecast_1217,2025-02-20 17:00:00,7769.084514404829,8692.025,7682.477
forecast_1218,2025-02-20 18:00:00,8475.08253402564,8254.363,6933.207
forecast_1219,2025-02-20 19:00:00,8312.852792642376,9232.323,7710.437
forecast_1220,2025-02-20 20:00:00,8588.516463530928,10084.443,8304.502
forecast_1221,2025-02-20 21:00:00,8215.091152905201,9786.154,7814.727
forecast_1222,2025-02-20 22:00:00,7416.293888177029,9105.6,6758.151
forecast_1223,2025-02-20 23:00:00,7383.583738303625,7836.6562,5592.0225
forecast_1224,2025-02-21 00:00:00,8188.71953550654,7796.7026,5610.0977
forecast_1225,2025-02-21 01:00:00,8748.095306773504,7586.19,5466.562
forecast_1226,2025-02-21 02:00:00,9175.620169952777,5621.7773,5349.758
forecast_1227,2025-02-21 03:00:00,8670.424852448414,4209.6035,5158.239
forecast_1228,2025-02-21 04:00:00,8024.296298684609,3943.131,4671.6914
forecast_1229,2025-02-21 05:00:00,7715.015896432081,4453.542,4327.2666
forecast_1230,2025-02-21 06:00:00,8043.233054278705,5222.37,4297.546
forecast_1231,2025-02-21 07:00:00,9229.774616452587,5601.0864,4356.366
forecast_1232,2025-02-21 08:00:00,9581.105059754413,6275.498,4695.364
forecast_1233,2025-02-21 09:00:00,8361.888901380375,6507.1606,4986.61
forecast_1234,2025-02-21 10:00:00,4767.366183460398,5663.639,4451.4517
forecast_1235,2025-02-21 11:00:00,3668.820071850972,4266.419,3582.16
forecast_1236,2025-02-21 12:00:00,3484.6625949303384,3093.6345,2818.029
forecast_1237,2025-02-21 13:00:00,5488.493186968968,3212.5132,2723.129
forecast_1238,2025-02-21 14:00:00,7033.711168592253,4408.794,3669.3027
forecast_1239,2025-02-21 15:00:00,6804.959615841815,5726.2964,5023.0073
forecast_1240,2025-02-21 16:00:00,7050.261411571303,6283.022,5312.2383
forecast_1241,2025-02-21 17:00:00,8971.038850941979,6735.1562,5706.6606
forecast_1242,2025-02-21 18:00:00,9949.46956733762,7116.4087,6380.4717
forecast_1243,2025-02-21 19:00:00,10523.46788559646,7812.6064,7517.1597
forecast_1244,2025-02-21 20:00:00,11163.122081311923,8595.725,8867.715
forecast_1245,2025-02-21 21:00:00,11811.253252692537,9228.642,9590.836
forecast_1246,2025-02-21 22:00:00,12928.306925955954,10207.225,10347.767
forecast_1247,2025-02-21 23:00:00,13028.391927112232,10669.299,10390.759
forecast_1248,2025-02-22 00:00:00,12490.039099722402,11098.579,10373.433
forecast_1249,2025-02-22 01:00:00,13801.876940359074,12197.865,11386.927
forecast_1250,2025-02-22 02:00:00,13485.689155574395,12633.304,12666.95
forecast_1251,2025-02-22 03:00:00,13806.318601149773,12082.761,12196.207
forecast_1252,2025-02-22 04:00:00,13009.671656312945,11317.69,10996.758
forecast_1253,2025-02-22 05:00:00,12748.247257071196,10442.258,9565.319
forecast_1254,2025-02-22 06:00:00,8514.236855635807,8729.952,8340.073
forecast_1255,2025-02-22 07:00:00,8752.844374628798,5260.1875,5054.6763
forecast_1256,2025-02-22 08:00:00,8350.146915975281,4231.952,3549.65
forecast_1257,2025-02-22 09:00:00,6708.098911661011,4358.561,3013.844
forecast_1258,2025-02-22 10:00:00,3448.751436498125,4598.531,2596.9385
forecast_1259,2025-02-22 11:00:00,2261.188779690501,3662.5742,1969.2552
forecast_1260,2025-02-22 12:00:00,3339.326818832758,3047.6846,1584.8167
forecast_1261,2025-02-22 13:00:00,5736.433758530543,4019.8958,2032.6375
forecast_1262,2025-02-22 14:00:00,7136.660253029619,5625.6016,3360.14
forecast_1263,2025-02-22 15:00:00,7586.383523685747,6936.0083,4736.4604
forecast_1264,2025-02-22 16:00:00,6849.563870474251,6896.579,5201.504
forecast_1265,2025-02-22 17:00:00,7353.705750499552,6913.6055,5412.991
forecast_1266,2025-02-22 18:00:00,8063.327657102236,7639.242,6512.3486
forecast_1267,2025-02-22 19:00:00,8790.20156700499,8984.97,8136.2266
forecast_1268,2025-02-22 20:00:00,9972.546459019854,11041.892,9536.171
forecast_1269,2025-02-22 21:00:00,11420.963686624471,13067.481,10701.875
forecast_1270,2025-02-22 22:00:00,13018.110759460063,15183.5205,12324.7705
forecast_1271,2025-02-22 23:00:00,13705.081856562478,16760.775,13440.57
forecast_1272,2025-02-23 00:00:00,13331.504438250258,17637.916,13930.172
forecast_1273,2025-02-23 01:00:00,13287.052096954989,18499.945,13969.151
forecast_1274,2025-02-23 02:00:00,13260.628724104728,18953.295,13671.9795
forecast_1275,2025-02-23 03:00:00,13229.628948713196,19246.002,13244.267
forecast_1276,2025-02-23 04:00:00,13343.769807760598,19239.596,13107.351
forecast_1277,2025-02-23 05:00:00,14470.788728861595,19286.814,13333.48
forecast_1278,2025-02-23 06:00:00,15966.553673260281,19257.68,13671.264
forecast_1279,2025-02-23 07:00:00,16367.921525402668,19258.055,13994.827
forecast_1280,2025-02-23 08:00:00,16107.389380888506,19290.135,14279.158
forecast_1281,2025-02-23 09:00:00,15108.015065809564,19313.367,14518.195
forecast_1282,2025-02-23 10:00:00,13898.411919331937,19057.174,14149.679
forecast_1283,2025-02-23 11:00:00,13910.471449300589,18741.705,13556.988
forecast_1284,2025-02-23 12:00:00,13901.850408832412,18413.56,13043.645
forecast_1285,2025-02-23 13:00:00,13753.406858070688,17625.055,12020.8955
forecast_1286,2025-02-23 14:00:00,13871.64341691642,16329.583,10266.331
forecast_1287,2025-02-23 15:00:00,13423.005355695996,14936.884,8849.413
forecast_1288,2025-02-23 16:00:00,12122.423950999482,13755.304,8137.885
forecast_1289,2025-02-23 17:00:00,11922.321283938472,12490.997,7496.194
forecast_1290,2025-02-23 18:00:00,11829.730122813253,11310.327,6938.473
forecast_1291,2025-02-23 19:00:00,11240.152718713696,10663.698,6839.7197
forecast_1292,2025-02-23 20:00:00,7126.752786982948,10182.1455,6758.7407
forecast_1293,2025-02-23 21:00:00,9416.974274964217,9715.178,6775.1816
forecast_1294,2025-02-23 22:00:00,10491.93074606293,9172.311,6514.0537
forecast_1295,2025-02-23 23:00:00,10267.717705290755,10366.418,6654.838
forecast_1296,2025-02-24 00:00:00,11391.35390405549,12148.88,7422.065
forecast_1297,2025-02-24 01:00:00,12434.087689808921,13915.135,8339.062
forecast_1298,2025-02-24 02:00:00,13601.522345819267,16035.897,10312.6455
forecast_1299,2025-02-24 03:00:00,13713.403698384884,17697.371,12454.438
forecast_1300,2025-02-24 04:00:00,15949.174037198605,18612.791,13756.8955
forecast_1301,2025-02-24 05:00:00,15615.645109599554,18818.535,13874.534
forecast_1302,2025-02-24 06:00:00,15184.557284812068,18609.004,13274.074
forecast_1303,2025-02-24 07:00:00,15142.322873147828,18272.273,12926.862
forecast_1304,2025-02-24 08:00:00,15119.080822415346,18060.318,13044.862
forecast_1305,2025-02-24 09:00:00,12825.163650297296,17568.904,12602.794
forecast_1306,2025-02-24 10:00:00,9029.314286680863,16128.939,10989.614
forecast_1307,2025-02-24 11:00:00,6879.475937462421,14043.229,8914.032
forecast_1308,2025-02-24 12:00:00,6463.970685354994,12177.836,7594.463
forecast_1309,2025-02-24 13:00:00,6627.704654723547,11125.723,7175.1426
forecast_1310,2025-02-24 14:00:00,6988.35441984269,10529.339,7370.4956
forecast_1311,2025-02-24 15:00:00,8100.772719923257,10568.349,7909.0923
forecast_1312,2025-02-24 16:00:00,8084.363616414083,11139.352,8711.447
forecast_1313,2025-02-24 17:00:00,7404.160068896082,12030.916,9554.179
forecast_1314,2025-02-24 18:00:00,11186.258496631799,13870.722,10691.418
forecast_1315,2025-02-24 19:00:00,13875.10726624047,16256.021,12365.434
forecast_1316,2025-02-24 20:00:00,15981.607619480432,17999.473,13697.436
forecast_1317,2025-02-24 21:00:00,17502.670416883193,18975.426,14566.21
forecast_1318,2025-02-24 22:00:00,19328.55026786057,19563.768,15396.067
forecast_1319,2025-02-24 23:00:00,20450.57608042331,19934.854,16146.78
forecast_1320,2025-02-25 00:00:00,20419.046904506573,20125.318,16604.377
forecast_1321,2025-02-25 01:00:00,20545.210993162622,20250.936,16789.668
forecast_1322,2025-02-25 02:00:00,20160.670029543126,20363.223,16949.33
forecast_1323,2025-02-25 03:00:00,20452.58430468905,20408.117,16995.613
forecast_1324,2025-02-25 04:00:00,21080.032822709134,20420.059,16994.547
forecast_1325,2025-02-25 05:00:00,21002.113978790785,20444.44,17217.08
forecast_1326,2025-02-25 06:00:00,20897.649443489412,20429.688,17348.068
forecast_1327,2025-02-25 07:00:00,20732.412781539057,20392.928,17351.723
forecast_1328,2025-02-25 08:00:00,20427.501422042234,20359.008,17319.566
forecast_1329,2025-02-25 09:00:00,20318.8140080186,20296.3,17153.598
forecast_1330,2025-02-25 10:00:00,18362.485798229518,20225.863,16839.709
forecast_1331,2025-02-25 11:00:00,16275.37249175327,20079.086,16135.213
forecast_1332,2025-02-25 12:00:00,15389.389001510783,19901.688,15186.302
forecast_1333,2025-02-25 13:00:00,14916.314709657698,19624.602,14015.238
forecast_1334,2025-02-25 14:00:00,14666.769753139906,19385.465,13421.958
forecast_1335,2025-02-25 15:00:00,15151.333527771558,19456.059,13674.036
forecast_1336,2025-02-25 16:00:00,15316.667342764864,19674.79,14521.624
forecast_1337,2025-02-25 17:00:00,17415.394130385248,19823.152,15382.458
forecast_1338,2025-02-25 18:00:00,18180.423088634,19920.996,16095.744
forecast_1339,2025-02-25 19:00:00,18791.20973395689,20068.371,16796.404
forecast_1340,2025-02-25 20:00:00,18843.40481725538,20145.281,17338.918
forecast_1341,2025-02-25 21:00:00,19369.232194761134,20156.287,17644.357
forecast_1342,2025-02-25 22:00:00,19109.144741438955,20131.357,17781.621
forecast_1343,2025-02-25 23:00:00,18901.968306017046,20071.098,17779.34
forecast_1344,2025-02-26 00:00:00,18814.37539770754,20003.463,17633.113
forecast_1345,2025-02-26 01:00:00,18778.979233221766,19918.293,17292.098
forecast_1346,2025-02-26 02:00:00,18315.672022367748,19859.787,16763.738
forecast_1347,2025-02-26 03:00:00,17492.79125638429,19771.89,16232.067
forecast_1348,2025-02-26 04:00:00,17206.169518095277,19648.762,15549.875
forecast_1349,2025-02-26 05:00:00,17451.703024863873,19584.586,15063.655
forecast_1350,2025-02-26 06:00:00,16306.062049453918,19599.133,14727.67
forecast_1351,2025-02-26 07:00:00,16135.141846678225,19444.393,13721.086
forecast_1352,2025-02-26 08:00:00,16078.291812313346,19321.72,13201.074
forecast_1353,2025-02-26 09:00:00,15054.296374746446,18923.521,12776.262
forecast_1354,2025-02-26 10:00:00,13009.822615669633,18167.307,12319.38
forecast_1355,2025-02-26 11:00:00,11791.325185586955,16311.752,10943.085
forecast_1356,2025-02-26 12:00:00,12441.62028209982,14246.652,9815.875
forecast_1357,2025-02-26 13:00:00,13107.676702037385,13417.606,9904.879
forecast_1358,2025-02-26 14:00:00,12819.444371372332,12959.522,10241.935
forecast_1359,2025-02-26 15:00:00,12904.884507939909,12630.465,10443.717
forecast_1360,2025-02-26 16:00:00,13626.52796269764,12517.58,10741.778
forecast_1361,2025-02-26 17:00:00,13916.87521126383,12783.343,11367.807
forecast_1362,2025-02-26 18:00:00,14311.428072431258,13314.349,11823.367
forecast_1363,2025-02-26 19:00:00,14610.832809309684,15038.152,12784.485
forecast_1364,2025-02-26 20:00:00,16336.328445107683,16965.664,14651.841
forecast_1365,2025-02-26 21:00:00,16892.036310415268,18289.352,15960.175
forecast_1366,2025-02-26 22:00:00,16259.168209371672,19135.094,16793.205
forecast_1367,2025-02-26 23:00:00,16548.161918310172,19379.67,16817.645
forecast_1368,2025-02-27 00:00:00,17685.360693395243,19505.969,16525.057
forecast_1369,2025-02-27 01:00:00,17794.484703311777,19811.406,16514.371
forecast_1370,2025-02-27 02:00:00,17708.205510878954,20018.057,16462.959
forecast_1371,2025-02-27 03:00:00,18039.976796196042,20129.344,16310.193
forecast_1372,2025-02-27 04:00:00,18424.15180567716,20159.541,16085.712
forecast_1373,2025-02-27 05:00:00,18168.26341058817,20135.465,15722.1045
forecast_1374,2025-02-27 06:00:00,17960.4359871606,20047.629,15415.061
forecast_1375,2025-02-27 07:00:00,18260.954985311146,19917.908,15114.019
forecast_1376,2025-02-27 08:00:00,17824.166506067384,19792.262,14841.882
forecast_1377,2025-02-27 09:00:00,16493.16310452209,19672.049,14761.754
forecast_1378,2025-02-27 10:00:00,15923.623735359552,19231.914,14200.508
forecast_1379,2025-02-27 11:00:00,14979.443980392509,18275.053,12991.597
forecast_1380,2025-02-27 12:00:00,15307.687924935362,16674.127,11592.868
forecast_1381,2025-02-27 13:00:00,14299.30968581013,14795.579,10780.279
forecast_1382,2025-02-27 14:00:00,8158.110198765741,12147.789,9780.99
forecast_1383,2025-02-27 15:00:00,5741.610049502113,8205.925,7516.7173
forecast_1384,2025-02-27 16:00:00,5790.535439552725,6275.692,6106.821
forecast_1385,2025-02-27 17:00:00,4530.375753388329,5862.9263,5969.757
forecast_1386,2025-02-27 18:00:00,5107.4746277868835,6544.959,5423.6343
forecast_1387,2025-02-27 19:00:00,10358.14203400992,9004.8545,6055.2485
forecast_1388,2025-02-27 20:00:00,10387.024038559979,12273.954,7671.4995
forecast_1389,2025-02-27 21:00:00,9344.85130228642,14204.299,9207.096
forecast_1390,2025-02-27 22:00:00,11656.988603650036,15769.8545,9785.8
forecast_1391,2025-02-27 23:00:00,11156.805253443152,16366.05,9625.527
forecast_1392,2025-02-28 00:00:00,11047.763702317465,17184.223,9993.479
forecast_1393,2025-02-28 01:00:00,11195.461457262603,17832.99,9734.661
forecast_1394,2025-02-28 02:00:00,11883.499877596705,18255.623,9445.699
forecast_1395,2025-02-28 03:00:00,12999.962234154264,18394.176,9833.637
forecast_1396,2025-02-28 04:00:00,14402.525671017433,18533.07,10809.166
forecast_1397,2025-02-28 05:00:00,14485.138806502015,18384.924,10903.959
forecast_1398,2025-02-28 06:00:00,16771.026412825235,18045.197,10241.304
forecast_1399,2025-02-28 07:00:00,17199.038986313048,18323.555,10711.659
forecast_1400,2025-02-28 08:00:00,16951.849404382734,18927.852,12643.405
forecast_1401,2025-02-28 09:00:00,17290.465051463543,19083.008,13596.607
forecast_1402,2025-02-28 10:00:00,14848.942104743486,19076.365,14277.719
forecast_1403,2025-02-28 11:00:00,13756.368124426788,18757.207,14234.634
forecast_1404,2025-02-28 12:00:00,11229.572313292147,17893.645,13058.061
forecast_1405,2025-02-28 13:00:00,9606.359099605901,15992.333,10594.825
forecast_1406,2025-02-28 14:00:00,9811.680905408659,14861.74,9309.944
forecast_1407,2025-02-28 15:00:00,9606.178815232639,14591.261,9383.043
forecast_1408,2025-02-28 16:00:00,11135.28320449384,14652.885,10123.186
forecast_1409,2025-02-28 17:00:00,14009.17115988723,15681.548,11682.703
forecast_1410,2025-02-28 18:00:00,13621.966817721099,17442.81,13687.45
forecast_1411,2025-02-28 19:00:00,15222.562638791758,18717.045,15015.8545
forecast_1412,2025-02-28 20:00:00,14946.028106083591,18996.078,14729.395
forecast_1413,2025-02-28 21:00:00,12901.822621822397,18464.855,12607.083
forecast_1414,2025-02-28 22:00:00,11874.863491326312,17342.598,10254.644
forecast_1415,2025-02-28 23:00:00,11094.364460689141,15558.262,8712.017
forecast_1416,2025-03-01 00:00:00,9272.39018853615,13817.272,8288.519
forecast_1417,2025-03-01 01:00:00,11458.146036507169,11094.015,6672.4434
forecast_1418,2025-03-01 02:00:00,7196.659846950254,10500.235,6629.942
forecast_1419,2025-03-01 03:00:00,6194.3191542221975,7293.7017,5430.4785
forecast_1420,2025-03-01 04:00:00,4715.506228295313,5080.321,3877.7935
forecast_1421,2025-03-01 05:00:00,2849.0477482740666,4387.1143,3243.6538
forecast_1422,2025-03-01 06:00:00,2184.235771713262,2731.197,2408.7534
forecast_1423,2025-03-01 07:00:00,2366.2562388623214,1990.9174,1842.8431
forecast_1424,2025-03-01 08:00:00,1214.3681505524598,1653.0344,1589.512
forecast_1425,2025-03-01 09:00:00,571.4322745224991,1116.7185,1182.9113
forecast_1426,2025-03-01 10:00:00,350.55355326478104,768.3022,632.5504
forecast_1427,2025-03-01 11:00:00,359.01589498663924,714.77606,372.24496
forecast_1428,2025-03-01 12:00:00,279.8620392146143,916.5337,330.73874
forecast_1429,2025-03-01 13:00:00,873.9931833501066,1386.3986,404.752
forecast_1430,2025-03-01 14:00:00,1144.0373186461732,1884.2646,527.58466
forecast_1431,2025-03-01 15:00:00,1884.3876946666455,2677.155,805.0838
forecast_1432,2025-03-01 16:00:00,1495.589088511704,3332.8987,1424.432
forecast_1433,2025-03-01 17:00:00,1888.3827288203622,2538.1504,1195.0712
forecast_1434,2025-03-01 18:00:00,2215.8311506901728,3556.583,1530.505
forecast_1435,2025-03-01 19:00:00,1505.004281116487,2452.8025,946.44214
forecast_1436,2025-03-01 20:00:00,1234.6623083527998,2074.7107,747.9368
forecast_1437,2025-03-01 21:00:00,1358.2248407045956,2126.1592,637.6539
forecast_1438,2025-03-01 22:00:00,879.3015061220638,1771.1697,420.93686
forecast_1439,2025-03-01 23:00:00,736.0611896603692,2379.0383,419.5126
forecast_1440,2025-03-02 00:00:00,1328.2616962240982,2751.438,474.13165
forecast_1441,2025-03-02 01:00:00,3055.1404149043587,3438.51,632.6209
forecast_1442,2025-03-02 02:00:00,3620.7131825357296,4664.521,1229.3833
forecast_1443,2025-03-02 03:00:00,2710.971344499708,4880.5103,1885.7031
forecast_1444,2025-03-02 04:00:00,3320.3939790098143,4420.6807,1977.746
forecast_1445,2025-03-02 05:00:00,3659.571265502581,3633.513,1472.1987
forecast_1446,2025-03-02 06:00:00,982.9310441651662,3405.1604,1193.5457
forecast_1447,2025-03-02 07:00:00,741.177961369809,2688.1516,806.61456
forecast_1448,2025-03-02 08:00:00,1995.8089872833095,616.9403,257.72058
forecast_1449,2025-03-02 09:00:00,2290.237732513175,468.68384,175.88902
forecast_1450,2025-03-02 10:00:00,2379.5016243019477,643.4165,185.44583
forecast_1451,2025-03-02 11:00:00,3607.2737772599344,1941.476,202.99257
forecast_1452,2025-03-02 12:00:00,3343.6108395533056,5237.4346,251.53464
forecast_1453,2025-03-02 13:00:00,3753.830053530555,8325.822,400.11606
forecast_1454,2025-03-02 14:00:00,3517.225700881788,9950.604,706.86194
forecast_1455,2025-03-02 15:00:00,3165.5327988474323,10008.907,929.5127
forecast_1456,2025-03-02 16:00:00,2968.8896737725267,9165.837,1131.4084
forecast_1457,2025-03-02 17:00:00,3480.5592881933844,9476.832,1347.68
forecast_1458,2025-03-02 18:00:00,2617.528674357454,10834.693,1809.5519
forecast_1459,2025-03-02 19:00:00,4123.702062976723,11671.913,2315.738
forecast_1460,2025-03-02 20:00:00,3507.1725779407457,13072.811,3101.9744
forecast_1461,2025-03-02 21:00:00,4516.197125500086,13126.123,3199.0266
forecast_1462,2025-03-02 22:00:00,5988.619510583001,12873.527,3478.1597
forecast_1463,2025-03-02 23:00:00,5597.491726762745,13682.302,4365.723
forecast_1464,2025-03-03 00:00:00,5003.139297137806,13564.207,5078.325
forecast_1465,2025-03-03 01:00:00,7622.3222004890295,13422.386,5578.3013
forecast_1466,2025-03-03 02:00:00,7284.035042837545,13919.249,6938.6313
forecast_1467,2025-03-03 03:00:00,6953.8700735360235,14133.946,7447.16
forecast_1468,2025-03-03 04:00:00,6551.549104510241,13959.342,8010.5933
forecast_1469,2025-03-03 05:00:00,6796.977920135847,12814.72,8141.943
forecast_1470,2025-03-03 06:00:00,7949.224569013139,11991.34,8192.213
forecast_1471,2025-03-03 07:00:00,7588.100839512252,11610.204,8659.605
forecast_1472,2025-03-03 08:00:00,8075.160788684814,11740.724,8935.258
forecast_1473,2025-03-03 09:00:00,7370.726501836385,11370.923,9323.675
forecast_1474,2025-03-03 10:00:00,7254.210846425008,11588.319,9224.862
forecast_1475,2025-03-03 11:00:00,6609.254112917473,9762.554,8935.605
forecast_1476,2025-03-03 12:00:00,6535.079267599412,7002.4497,8865.511
forecast_1477,2025-03-03 13:00:00,5872.306306203104,5086.8984,8915.026
forecast_1478,2025-03-03 14:00:00,6115.9958431364175,5564.0674,8350.608
forecast_1479,2025-03-03 15:00:00,6098.4287443185,6066.1914,8048.5493
forecast_1480,2025-03-03 16:00:00,5693.77401369127,8779.524,7794.09
forecast_1481,2025-03-03 17:00:00,5066.204530718472,9718.061,7150.985
forecast_1482,2025-03-03 18:00:00,5154.696127254502,8340.979,6580.4087
forecast_1483,2025-03-03 19:00:00,5133.698813927334,8444.865,6543.7935
forecast_1484,2025-03-03 20:00:00,4996.49092082484,8298.707,6107.3726
forecast_1485,2025-03-03 21:00:00,5831.927832718476,7138.593,5754.0933
forecast_1486,2025-03-03 22:00:00,6618.050732181875,6144.281,6093.9053
forecast_1487,2025-03-03 23:00:00,7148.687311963113,8028.7495,6545.3257
forecast_1488,2025-03-04 00:00:00,6885.176541972502,8412.132,6584.354
forecast_1489,2025-03-04 01:00:00,6967.489538732599,9459.246,6669.1396
forecast_1490,2025-03-04 02:00:00,6957.287872737912,8553.097,7037.4204
forecast_1491,2025-03-04 03:00:00,6698.837381715662,8957.466,7458.175
forecast_1492,2025-03-04 04:00:00,6282.917352705775,8821.887,7618.1187
forecast_1493,2025-03-04 05:00:00,5983.628127859834,10373.508,8024.8374
forecast_1494,2025-03-04 06:00:00,7552.118460958812,11358.322,8339.08
forecast_1495,2025-03-04 07:00:00,7253.931291513494,12554.206,8903.097
forecast_1496,2025-03-04 08:00:00,6718.935180651856,13359.685,9333.822
forecast_1497,2025-03-04 09:00:00,6541.171227990362,14329.351,9559.167
forecast_1498,2025-03-04 10:00:00,6530.639355719354,15904.8545,9662.855
forecast_1499,2025-03-04 11:00:00,6631.0794107527545,16289.81,9675.533
forecast_1500,2025-03-04 12:00:00,6658.182551606356,16214.971,9789.137
forecast_1501,2025-03-04 13:00:00,8020.766133746278,15885.55,9453.091
forecast_1502,2025-03-04 14:00:00,7826.755140297884,15474.25,8895.833
forecast_1503,2025-03-04 15:00:00,8421.562939492871,14908.741,8522.583
forecast_1504,2025-03-04 16:00:00,8507.566878872363,14484.455,8482.118
forecast_1505,2025-03-04 17:00:00,8312.978195335862,14234.978,8059.0835
forecast_1506,2025-03-04 18:00:00,7650.166023216053,14294.712,7519.3545
forecast_1507,2025-03-04 19:00:00,6912.008254831348,15292.419,7401.6436
forecast_1508,2025-03-04 20:00:00,5979.4707985864425,15892.583,7306.055
forecast_1509,2025-03-04 21:00:00,6158.9044804521145,16470.533,7357.28
forecast_1510,2025-03-04 22:00:00,3713.808114910746,15530.823,7099.426
forecast_1511,2025-03-04 23:00:00,3933.5158533757835,15088.344,6395.261
forecast_1512,2025-03-05 00:00:00,2585.040155337111,15336.604,6029.7607
forecast_1513,2025-03-05 01:00:00,551.4509526516767,14428.199,4752.6104
forecast_1514,2025-03-05 02:00:00,73.10733868036846,9568.461,2539.2502
forecast_1515,2025-03-05 03:00:00,501.66409482989764,6107.6313,1579.5393
forecast_1516,2025-03-05 04:00:00,0.0,3939.1975,1235.4128
forecast_1517,2025-03-05 05:00:00,0.0,2178.9624,1091.4508
forecast_1518,2025-03-05 06:00:00,59.62629497484735,1106.5637,900.3797
forecast_1519,2025-03-05 07:00:00,8.66534716253933,749.6031,762.84326
forecast_1520,2025-03-05 08:00:00,0.0,514.25134,725.4224
forecast_1521,2025-03-05 09:00:00,0.0,389.57657,727.9027
forecast_1522,2025-03-05 10:00:00,427.78321054653355,347.90778,742.24243
forecast_1523,2025-03-05 11:00:00,196.85939144493207,297.01328,634.21387
forecast_1524,2025-03-05 12:00:00,87.02957613900301,274.8453,551.4824
forecast_1525,2025-03-05 13:00:00,143.2771915702601,234.92361,502.58496
forecast_1526,2025-03-05 14:00:00,132.58022386549914,204.40839,444.312
forecast_1527,2025-03-05 15:00:00,51.224298457027054,189.97943,410.69482
forecast_1528,2025-03-05 16:00:00,0.0,191.30936,372.64307
forecast_1529,2025-03-05 17:00:00,36.46213396996397,187.777,324.12265
forecast_1530,2025-03-05 18:00:00,66.30851726205974,185.76718,296.78687
forecast_1531,2025-03-05 19:00:00,265.070847960732,183.71173,285.52744
forecast_1532,2025-03-05 20:00:00,572.5128932470504,185.76843,284.3269
forecast_1533,2025-03-05 21:00:00,517.8697800139531,213.77466,352.4492
forecast_1534,2025-03-05 22:00:00,585.0269831428236,275.70123,509.6562
forecast_1535,2025-03-05 23:00:00,497.6830518376705,323.85825,573.2049
forecast_1536,2025-03-06 00:00:00,502.93859422094954,321.41516,503.72656
forecast_1537,2025-03-06 01:00:00,436.0769242042801,253.8282,455.9506
forecast_1538,2025-03-06 02:00:00,340.55813762821583,221.27568,359.88046
forecast_1539,2025-03-06 03:00:00,443.0760518573644,199.5915,308.62894
forecast_1540,2025-03-06 04:00:00,535.1694990949234,190.33614,279.47836
forecast_1541,2025-03-06 05:00:00,332.99293384664173,187.07088,311.99704
forecast_1542,2025-03-06 06:00:00,246.9923912141242,179.51222,341.4805
forecast_1543,2025-03-06 07:00:00,191.49123512602702,170.37866,352.06952
forecast_1544,2025-03-06 08:00:00,0.0,164.42873,313.72653
forecast_1545,2025-03-06 09:00:00,2.7833577085256085,158.69623,221.517
forecast_1546,2025-03-06 10:00:00,12.191300748008599,149.82031,165.72766
forecast_1547,2025-03-06 11:00:00,14.150109790996053,147.65488,145.20361
forecast_1548,2025-03-06 12:00:00,0.0,150.37717,141.54868
forecast_1549,2025-03-06 13:00:00,2.6980984563941894,157.12177,155.7585
forecast_1550,2025-03-06 14:00:00,0.0,165.54678,165.51488
forecast_1551,2025-03-06 15:00:00,0.0,172.76486,180.31335
forecast_1552,2025-03-06 16:00:00,0.0,184.03658,202.68758
forecast_1553,2025-03-06 17:00:00,0.0,197.08574,220.85191
forecast_1554,2025-03-06 18:00:00,0.0,205.34956,239.42468
forecast_1555,2025-03-06 19:00:00,0.0,191.84871,227.422
forecast_1556,2025-03-06 20:00:00,0.0,184.5394,208.14903
forecast_1557,2025-03-06 21:00:00,304.6846424228508,209.16786,243.47757
forecast_1558,2025-03-06 22:00:00,328.1416169438986,237.40326,202.14082
forecast_1559,2025-03-06 23:00:00,329.3565373388296,283.06958,237.48244
forecast_1560,2025-03-07 00:00:00,303.802004458863,284.28137,239.78876
forecast_1561,2025-03-07 01:00:00,67.83200437612753,247.12617,231.8842
forecast_1562,2025-03-07 02:00:00,247.94605324495623,227.49104,242.8785
forecast_1563,2025-03-07 03:00:00,118.21035971924628,206.46869,244.17683
forecast_1564,2025-03-07 04:00:00,143.47632150974255,172.55759,205.00478
forecast_1565,2025-03-07 05:00:00,234.13966397123428,169.34837,174.9475
forecast_1566,2025-03-07 06:00:00,243.62984041340425,167.41287,201.52452
forecast_1567,2025-03-07 07:00:00,235.23015097092025,171.61906,239.47876
forecast_1568,2025-03-07 08:00:00,0.0,158.46474,171.21596
forecast_1569,2025-03-07 09:00:00,0.0,151.1083,151.52098
forecast_1570,2025-03-07 10:00:00,13.757022448364832,148.64058,138.66388
forecast_1571,2025-03-07 11:00:00,31.24862224270812,146.26888,126.84101
forecast_1572,2025-03-07 12:00:00,0.03721252013245202,147.83708,123.99489
forecast_1573,2025-03-07 13:00:00,8.4121930732012,152.54013,122.53168
forecast_1574,2025-03-07 14:00:00,27.76439798572314,156.85098,116.71412
forecast_1575,2025-03-07 15:00:00,0.0,160.95943,130.61824
forecast_1576,2025-03-07 16:00:00,0.0,166.70874,151.52472
forecast_1577,2025-03-07 17:00:00,146.4561967282449,168.94792,192.77562
forecast_1578,2025-03-07 18:00:00,94.80298479998423,177.5118,202.67523
forecast_1579,2025-03-07 19:00:00,141.25054934548328,172.86876,199.2695
forecast_1580,2025-03-07 20:00:00,331.6585113175633,184.27237,260.36154
forecast_1581,2025-03-07 21:00:00,29.368390475646343,192.79242,316.09125
forecast_1582,2025-03-07 22:00:00,480.65344646969623,197.11021,355.29895
forecast_1583,2025-03-07 23:00:00,641.4511526616702,205.80104,412.15408
forecast_1584,2025-03-08 00:00:00,844.0021680788539,224.595,495.60806
forecast_1585,2025-03-08 01:00:00,1146.3117090415344,255.14429,677.2896
forecast_1586,2025-03-08 02:00:00,2045.297991030353,277.0823,1140.5636
forecast_1587,2025-03-08 03:00:00,3303.2774844245923,289.6869,1576.0221
forecast_1588,2025-03-08 04:00:00,3427.8490957408344,317.029,1821.867
forecast_1589,2025-03-08 05:00:00,3390.222078619362,326.36374,2055.6619
forecast_1590,2025-03-08 06:00:00,3426.4814154026517,319.8914,1929.1703
forecast_1591,2025-03-08 07:00:00,3539.226947254461,317.58847,1798.8232
forecast_1592,2025-03-08 08:00:00,3735.6028018751604,342.68552,1869.262
forecast_1593,2025-03-08 09:00:00,3357.473390502155,359.87744,1987.0219
forecast_1594,2025-03-08 10:00:00,2392.2269164872328,356.74203,1903.3574
forecast_1595,2025-03-08 11:00:00,2904.4366819943916,332.56445,1923.2329
forecast_1596,2025-03-08 12:00:00,2170.8283979556254,316.47537,1802.8922
forecast_1597,2025-03-08 13:00:00,3680.2457720126217,317.01855,1765.4443
forecast_1598,2025-03-08 14:00:00,5507.755857626778,347.44077,2094.5923
forecast_1599,2025-03-08 15:00:00,6039.249431093456,403.2639,3070.5
forecast_1600,2025-03-08 16:00:00,6604.145284712166,440.49377,4096.6143
forecast_1601,2025-03-08 17:00:00,5306.945072998501,558.436,4852.361
forecast_1602,2025-03-08 18:00:00,7345.890060462139,686.84326,4896.745
forecast_1603,2025-03-08 19:00:00,6003.1177284052155,1834.4515,5558.133
forecast_1604,2025-03-08 20:00:00,5571.601855384663,5444.309,6211.4727
forecast_1605,2025-03-08 21:00:00,6376.627628401606,8679.834,6058.235
forecast_1606,2025-03-08 22:00:00,6521.7456707392985,10966.81,5720.2803
forecast_1607,2025-03-08 23:00:00,6997.1566026991895,11942.778,5890.972
forecast_1608,2025-03-09 00:00:00,6221.261738754923,12686.933,6555.993
forecast_1609,2025-03-09 01:00:00,5487.705725924204,11176.852,6068.387
forecast_1610,2025-03-09 02:00:00,5275.231195894851,5591.561,4823.4697
forecast_1611,2025-03-09 03:00:00,5444.253505495893,2670.4524,3925.2544
forecast_1612,2025-03-09 04:00:00,5863.6201424265455,2079.1814,3372.5789
forecast_1613,2025-03-09 05:00:00,3946.2916446806694,1777.319,2645.3223
forecast_1614,2025-03-09 06:00:00,3093.8378044816036,1409.3585,1995.0477
forecast_1615,2025-03-09 07:00:00,2957.203359544507,1144.0513,1466.4595
forecast_1616,2025-03-09 08:00:00,1515.1243361705924,897.90894,1162.0039
forecast_1617,2025-03-09 09:00:00,152.03357754296576,441.98947,668.92444
forecast_1618,2025-03-09 10:00:00,40.09550429784785,266.92886,335.06985
forecast_1619,2025-03-09 11:00:00,0.0,195.04172,194.6703
forecast_1620,2025-03-09 12:00:00,18.56587634954566,176.05612,169.72885
forecast_1621,2025-03-09 13:00:00,23.315231165205287,166.50174,154.0326
forecast_1622,2025-03-09 14:00:00,14.987932362814108,161.67815,159.57384
forecast_1623,2025-03-09 15:00:00,0.0,165.71152,158.22362
forecast_1624,2025-03-09 16:00:00,33.99598379597104,174.59525,173.28226
forecast_1625,2025-03-09 17:00:00,17.294700415466224,175.29237,176.80733
forecast_1626,2025-03-09 18:00:00,0.0,176.20938,164.49127
forecast_1627,2025-03-09 19:00:00,113.3217545976866,207.98679,177.05788
forecast_1628,2025-03-09 20:00:00,327.3682270754032,341.90903,226.38834
forecast_1629,2025-03-09 21:00:00,277.83059263228176,665.065,368.24942
forecast_1630,2025-03-09 22:00:00,960.3143516424182,898.08765,593.4511
forecast_1631,2025-03-09 23:00:00,2271.9503595827564,915.745,817.8837
forecast_1632,2025-03-10 00:00:00,2236.848924722816,1164.7631,1180.6354
forecast_1633,2025-03-10 01:00:00,2943.405683349913,1717.3275,1811.0358
forecast_1634,2025-03-10 02:00:00,4634.981978317735,2448.5742,2920.8184
forecast_1635,2025-03-10 03:00:00,4333.781910719363,3742.3804,4202.4883
forecast_1636,2025-03-10 04:00:00,4831.811906562627,5005.054,4846.615
forecast_1637,2025-03-10 05:00:00,3999.3026081966414,6824.867,4992.697
forecast_1638,2025-03-10 06:00:00,4373.421900203783,8207.187,4655.51
forecast_1639,2025-03-10 07:00:00,5588.128290006536,8874.34,4278.7607
forecast_1640,2025-03-10 08:00:00,5783.859365936187,8053.681,3829.1477
forecast_1641,2025-03-10 09:00:00,2468.4570055892855,5780.7207,2863.7734
forecast_1642,2025-03-10 10:00:00,1600.5964215791494,3636.0056,1779.5872
forecast_1643,2025-03-10 11:00:00,2002.1637466627637,2475.9575,1118.2432
forecast_1644,2025-03-10 12:00:00,1618.5807287737161,1944.724,880.9804
forecast_1645,2025-03-10 13:00:00,1795.3375149493188,1917.5907,905.33405
forecast_1646,2025-03-10 14:00:00,1801.1994689477137,2554.574,1191.8599
forecast_1647,2025-03-10 15:00:00,2748.1374125203592,3363.9011,2045.7666
forecast_1648,2025-03-10 16:00:00,3424.321035721001,4118.9214,2768.9053
forecast_1649,2025-03-10 17:00:00,4622.3791593278675,5115.1016,3567.2375
forecast_1650,2025-03-10 18:00:00,3709.472026774699,6642.1143,4357.0835
forecast_1651,2025-03-10 19:00:00,4992.827760570038,8336.603,4777.275
forecast_1652,2025-03-10 20:00:00,5701.122058846485,11178.44,5571.0474
forecast_1653,2025-03-10 21:00:00,7187.752730439262,13305.761,6740.926
forecast_1654,2025-03-10 22:00:00,9410.752097929444,14811.017,7713.635
forecast_1655,2025-03-10 23:00:00,12457.123981490911,16200.214,8982.59
forecast_1656,2025-03-11 00:00:00,14745.036000471408,17373.73,10462.966
forecast_1657,2025-03-11 01:00:00,16122.065364096867,18303.93,12083.501
forecast_1658,2025-03-11 02:00:00,16574.817570282186,18847.352,13175.929
forecast_1659,2025-03-11 03:00:00,16440.111025643404,19066.443,13273.202
forecast_1660,2025-03-11 04:00:00,18394.47393274007,19085.346,13007.0625
forecast_1661,2025-03-11 05:00:00,16554.84980483019,18966.168,12915.409
forecast_1662,2025-03-11 06:00:00,13807.751963898601,18916.928,13009.777
forecast_1663,2025-03-11 07:00:00,10366.789091472909,18116.56,11729.599
forecast_1664,2025-03-11 08:00:00,8133.8223977821835,14056.069,7549.925
forecast_1665,2025-03-11 09:00:00,5274.416264633049,5685.055,3384.9944
forecast_1666,2025-03-11 10:00:00,1964.4775101392531,1492.4921,1459.6288
forecast_1667,2025-03-11 11:00:00,770.4983396147167,769.57306,841.69275
forecast_1668,2025-03-11 12:00:00,740.9741620638531,514.8497,570.83966
forecast_1669,2025-03-11 13:00:00,515.2437191777024,518.12427,562.2242
forecast_1670,2025-03-11 14:00:00,648.465863228297,528.9139,541.674
forecast_1671,2025-03-11 15:00:00,789.0014897293257,557.4109,552.9893
forecast_1672,2025-03-11 16:00:00,678.311406664445,656.0701,661.9225
forecast_1673,2025-03-11 17:00:00,619.3824905993916,713.49725,697.643
forecast_1674,2025-03-11 18:00:00,3242.02087896483,627.04486,534.1191
forecast_1675,2025-03-11 19:00:00,5075.127396100701,1334.1348,760.1554
forecast_1676,2025-03-11 20:00:00,5518.45119490513,4178.7046,2354.885
forecast_1677,2025-03-11 21:00:00,8479.2841621374,8455.926,5775.1987
forecast_1678,2025-03-11 22:00:00,6634.68945671628,11723.206,8288.996
forecast_1679,2025-03-11 23:00:00,11625.251732019758,13322.859,8020.954
forecast_1680,2025-03-12 00:00:00,14905.904744972486,15158.04,8691.658
forecast_1681,2025-03-12 01:00:00,12637.194011372272,17087.963,9984.385
forecast_1682,2025-03-12 02:00:00,14736.384262993435,18247.043,10999.46
forecast_1683,2025-03-12 03:00:00,11910.769350742787,18449.188,10133.552
forecast_1684,2025-03-12 04:00:00,14706.506996389304,19012.041,9448.706
forecast_1685,2025-03-12 05:00:00,14515.20584355889,19339.727,8490.425
forecast_1686,2025-03-12 06:00:00,16166.780216485393,19672.096,9005.06
forecast_1687,2025-03-12 07:00:00,16169.255564851348,19858.164,11220.328
forecast_1688,2025-03-12 08:00:00,17475.793593120063,19955.441,13159.95
forecast_1689,2025-03-12 09:00:00,18418.09577573289,20065.715,14647.861
forecast_1690,2025-03-12 10:00:00,15671.999717316234,20138.348,15731.096
forecast_1691,2025-03-12 11:00:00,15421.76689088592,19867.088,15263.797
forecast_1692,2025-03-12 12:00:00,14701.606311622612,19580.23,14732.644
forecast_1693,2025-03-12 13:00:00,14733.357113664846,19388.805,14480.05
forecast_1694,2025-03-12 14:00:00,15509.537803725232,19278.178,14260.222
forecast_1695,2025-03-12 15:00:00,16425.08464098758,19339.74,14556.808
forecast_1696,2025-03-12 16:00:00,17695.932740588225,19434.547,15023.359
forecast_1697,2025-03-12 17:00:00,17900.34191481598,19558.174,15539.313
forecast_1698,2025-03-12 18:00:00,16056.616670311003,19584.53,15821.458
forecast_1699,2025-03-12 19:00:00,15546.252519838845,19520.258,15823.695
forecast_1700,2025-03-12 20:00:00,13799.599971635533,19473.8,15200.997
forecast_1701,2025-03-12 21:00:00,11803.892611077626,18842.133,13075.404
forecast_1702,2025-03-12 22:00:00,10162.73586047078,18305.334,11547.172
forecast_1703,2025-03-12 23:00:00,9700.29938472697,17554.906,10751.444
forecast_1704,2025-03-13 00:00:00,11956.400782931454,16386.459,10236.227
forecast_1705,2025-03-13 01:00:00,13115.047282799625,15341.432,9823.304
forecast_1706,2025-03-13 02:00:00,11195.517878613742,14567.454,9220.9
forecast_1707,2025-03-13 03:00:00,12374.950871406578,14550.606,8490.527
forecast_1708,2025-03-13 04:00:00,12350.65341808691,14793.68,8285.566
forecast_1709,2025-03-13 05:00:00,12508.953930629481,14170.088,7557.578
forecast_1710,2025-03-13 06:00:00,10011.008353661928,12030.349,6060.505
forecast_1711,2025-03-13 07:00:00,10632.128067515663,8945.326,4288.568
forecast_1712,2025-03-13 08:00:00,9657.006273807574,7478.612,3685.0542
forecast_1713,2025-03-13 09:00:00,8987.718514865333,5750.1997,3235.0989
forecast_1714,2025-03-13 10:00:00,6591.615034201329,3705.6619,2676.3494
forecast_1715,2025-03-13 11:00:00,3098.556712898384,2146.9097,2040.2671
forecast_1716,2025-03-13 12:00:00,2612.702090107771,1185.6577,1301.062
forecast_1717,2025-03-13 13:00:00,2409.699393634947,962.57135,997.98535
forecast_1718,2025-03-13 14:00:00,1470.6312361997568,916.51575,910.4959
forecast_1719,2025-03-13 15:00:00,800.8763014948142,787.9583,687.7923
forecast_1720,2025-03-13 16:00:00,436.72384074111085,657.59106,521.7906
forecast_1721,2025-03-13 17:00:00,46.67879618416677,534.6902,434.95895
forecast_1722,2025-03-13 18:00:00,600.7915765986965,407.82645,360.61896
forecast_1723,2025-03-13 19:00:00,1032.1824235793756,533.1871,405.5151
forecast_1724,2025-03-13 20:00:00,3238.995519839651,1001.98834,719.2966
forecast_1725,2025-03-13 21:00:00,3547.517277759465,1936.5796,1316.5283
forecast_1726,2025-03-13 22:00:00,4124.655417159103,2596.6802,1777.0446
forecast_1727,2025-03-13 23:00:00,4359.849400074302,3153.9197,1877.3146
forecast_1728,2025-03-14 00:00:00,3357.1940547464264,3636.4949,1919.3418
forecast_1729,2025-03-14 01:00:00,2718.772972107651,3008.5881,1576.6259
forecast_1730,2025-03-14 02:00:00,1195.1801428478425,2025.4736,1104.218
forecast_1731,2025-03-14 03:00:00,1633.012377353466,1426.5564,752.5739
forecast_1732,2025-03-14 04:00:00,1095.9899974337827,1215.189,538.68933
forecast_1733,2025-03-14 05:00:00,692.2122045122974,969.1794,391.50458
forecast_1734,2025-03-14 06:00:00,1042.2748800788106,852.9345,292.9199
forecast_1735,2025-03-14 07:00:00,822.9429844382812,538.6525,187.85616
forecast_1736,2025-03-14 08:00:00,965.2693599952644,427.15295,144.80618
forecast_1737,2025-03-14 09:00:00,1233.8042897402051,383.46994,130.4207
forecast_1738,2025-03-14 10:00:00,551.1337315713319,389.0574,125.83045
forecast_1739,2025-03-14 11:00:00,549.3818655439625,418.8866,125.97104
forecast_1740,2025-03-14 12:00:00,421.0466469422308,487.45734,128.29172
forecast_1741,2025-03-14 13:00:00,579.3231715452457,566.07086,138.72525
forecast_1742,2025-03-14 14:00:00,381.93726495169363,625.82935,156.47285
forecast_1743,2025-03-14 15:00:00,504.6667930408688,618.4184,178.26663
forecast_1744,2025-03-14 16:00:00,426.97495153246985,641.38837,202.53871
forecast_1745,2025-03-14 17:00:00,473.1193979457657,772.736,225.24525
forecast_1746,2025-03-14 18:00:00,632.7849811952842,829.77905,250.19649
forecast_1747,2025-03-14 19:00:00,1070.6516917394663,818.72614,264.58423
forecast_1748,2025-03-14 20:00:00,1410.7496794942624,935.56476,247.71808
forecast_1749,2025-03-14 21:00:00,1658.0009257671813,1001.9708,261.0095
forecast_1750,2025-03-14 22:00:00,2499.855813228395,1151.7526,282.12933
forecast_1751,2025-03-14 23:00:00,2467.8937277495443,1623.3907,293.36978
forecast_1752,2025-03-15 00:00:00,2317.4017866185636,2190.3376,296.47256
forecast_1753,2025-03-15 01:00:00,2558.906722651923,3040.0388,294.53125
forecast_1754,2025-03-15 02:00:00,3047.1806749508946,4941.1724,318.00162
forecast_1755,2025-03-15 03:00:00,3026.0471075670134,6391.8794,354.8763
forecast_1756,2025-03-15 04:00:00,3489.0219112924483,6519.9194,303.65012
forecast_1757,2025-03-15 05:00:00,3436.1699461167404,7360.03,318.32657
forecast_1758,2025-03-15 06:00:00,3040.986029710491,8228.439,389.4117
forecast_1759,2025-03-15 07:00:00,3513.365500160538,9391.086,511.8864
forecast_1760,2025-03-15 08:00:00,3076.7050466882174,10752.172,715.4618
forecast_1761,2025-03-15 09:00:00,2080.3621452314333,12038.353,836.03424
forecast_1762,2025-03-15 10:00:00,1738.289754463426,12307.086,980.11237
forecast_1763,2025-03-15 11:00:00,1227.7675778939702,11017.113,1036.6254
forecast_1764,2025-03-15 12:00:00,995.4609410009151,8946.453,936.82434
forecast_1765,2025-03-15 13:00:00,631.6269921501413,7654.5156,731.55536
forecast_1766,2025-03-15 14:00:00,655.999234693056,6876.6855,609.7824
forecast_1767,2025-03-15 15:00:00,396.14305275746955,5986.5493,445.2877
forecast_1768,2025-03-15 16:00:00,475.40689024292584,4923.9253,334.90073
forecast_1769,2025-03-15 17:00:00,537.4105198337132,4461.661,293.27087
forecast_1770,2025-03-15 18:00:00,439.6194496271983,4236.362,261.10007
forecast_1771,2025-03-15 19:00:00,677.7210118492468,3919.5955,251.5854
forecast_1772,2025-03-15 20:00:00,795.1229358545152,3419.7593,241.04372
forecast_1773,2025-03-15 21:00:00,842.4329484542922,3197.158,224.53217
forecast_1774,2025-03-15 22:00:00,697.6463814592673,3449.9827,242.49599
forecast_1775,2025-03-15 23:00:00,957.4573213981116,2872.6653,268.57217
forecast_1776,2025-03-16 00:00:00,995.3560815787894,1680.6276,249.15067
forecast_1777,2025-03-16 01:00:00,529.5164128342585,1036.2655,219.4145
forecast_1778,2025-03-16 02:00:00,206.9128725725448,685.5542,205.49234
forecast_1779,2025-03-16 03:00:00,128.5118801218005,564.55084,195.08606
forecast_1780,2025-03-16 04:00:00,234.85563259725336,553.9805,198.12045
forecast_1781,2025-03-16 05:00:00,113.85053872826015,576.58844,196.20815
forecast_1782,2025-03-16 06:00:00,208.1912842830603,564.3588,178.90163
forecast_1783,2025-03-16 07:00:00,171.49308863639743,564.1914,181.3874
forecast_1784,2025-03-16 08:00:00,339.3436510399333,533.685,189.41487
forecast_1785,2025-03-16 09:00:00,46.80387946764601,459.11148,197.44872
forecast_1786,2025-03-16 10:00:00,47.500810051698906,347.01605,201.16194
forecast_1787,2025-03-16 11:00:00,226.09215884323476,261.3352,190.96463
forecast_1788,2025-03-16 12:00:00,299.7440569758871,223.0261,187.90657
forecast_1789,2025-03-16 13:00:00,514.4896465998409,226.06601,192.15892
forecast_1790,2025-03-16 14:00:00,798.3270658519865,276.93863,223.16429
forecast_1791,2025-03-16 15:00:00,2797.029905059466,547.7102,311.85757
forecast_1792,2025-03-16 16:00:00,4978.827414480059,1239.401,854.0504
forecast_1793,2025-03-16 17:00:00,5249.186887253717,2066.5796,2432.1038
forecast_1794,2025-03-16 18:00:00,6736.306066114634,4169.672,6458.3564
forecast_1795,2025-03-16 19:00:00,8446.34162370911,5941.8076,8865.511
forecast_1796,2025-03-16 20:00:00,13275.98623995404,6029.8647,9637.443
forecast_1797,2025-03-16 21:00:00,10745.639907786592,4392.7114,8809.981
forecast_1798,2025-03-16 22:00:00,8936.854911174418,3821.733,9662.179
forecast_1799,2025-03-16 23:00:00,6758.1716141724255,2311.3662,9318.54
forecast_1800,2025-03-17 00:00:00,5548.0550640133015,1432.4612,7068.6753
forecast_1801,2025-03-17 01:00:00,11220.47622672503,1253.4976,4191.3823
forecast_1802,2025-03-17 02:00:00,11263.775703882773,1672.105,5406.8623
forecast_1803,2025-03-17 03:00:00,6313.959533364966,2230.422,8237.595
forecast_1804,2025-03-17 04:00:00,4425.211128566557,1775.7471,7681.9146
forecast_1805,2025-03-17 05:00:00,2794.4508736959697,1149.1757,5422.302
forecast_1806,2025-03-17 06:00:00,4121.947197655504,1155.0254,3853.777
forecast_1807,2025-03-17 07:00:00,1877.4507155890738,1919.933,4398.177
forecast_1808,2025-03-17 08:00:00,915.8532211832289,2091.5557,2938.1265
forecast_1809,2025-03-17 09:00:00,1058.8422642291803,1773.0911,1596.7473
forecast_1810,2025-03-17 10:00:00,1063.1983609281342,1304.3259,807.3824
forecast_1811,2025-03-17 11:00:00,1520.102094436027,1267.3105,555.6159
forecast_1812,2025-03-17 12:00:00,3232.032313982315,2572.6426,804.39233
forecast_1813,2025-03-17 13:00:00,6896.724172633744,5786.3423,2014.692
forecast_1814,2025-03-17 14:00:00,7410.467038338228,8094.4673,4463.5244
forecast_1815,2025-03-17 15:00:00,9873.559170356539,9369.351,6770.9907
forecast_1816,2025-03-17 16:00:00,8959.321804095853,9080.194,6952.92
forecast_1817,2025-03-17 17:00:00,8948.643818727349,8045.322,6293.9897
forecast_1818,2025-03-17 18:00:00,8880.400302178887,7350.7935,5817.532
forecast_1819,2025-03-17 19:00:00,8127.159043263292,6931.5684,5906.2505
forecast_1820,2025-03-17 20:00:00,8307.897828328929,6858.4526,6356.001
forecast_1821,2025-03-17 21:00:00,10011.56706768511,7516.0923,7056.9956
forecast_1822,2025-03-17 22:00:00,10928.891025529945,8578.658,8396.074
forecast_1823,2025-03-17 23:00:00,10929.035553533366,8900.358,8777.388
forecast_1824,2025-03-18 00:00:00,5443.492104975584,9393.654,8257.987
forecast_1825,2025-03-18 01:00:00,4085.8781879735534,9174.222,6613.715
forecast_1826,2025-03-18 02:00:00,2869.498438945356,8824.085,4494.791
forecast_1827,2025-03-18 03:00:00,2078.6791234397824,6603.6978,2735.0764
forecast_1828,2025-03-18 04:00:00,1745.927468992094,6171.6143,1962.067
forecast_1829,2025-03-18 05:00:00,1897.588246183231,5505.3633,1468.0437
forecast_1830,2025-03-18 06:00:00,1343.0772900593988,5685.043,1086.2225
forecast_1831,2025-03-18 07:00:00,1138.2017629592792,3960.6196,820.22217
forecast_1832,2025-03-18 08:00:00,932.2941909089716,1881.6285,595.22815
forecast_1833,2025-03-18 09:00:00,1126.645225972442,1264.6139,537.3272
forecast_1834,2025-03-18 10:00:00,692.5443944998003,1580.9203,391.39084
forecast_1835,2025-03-18 11:00:00,362.23094206332354,1451.7367,282.66684
forecast_1836,2025-03-18 12:00:00,314.0574348825626,1397.5156,291.0338
forecast_1837,2025-03-18 13:00:00,961.0321756149327,2136.0837,533.835
forecast_1838,2025-03-18 14:00:00,1550.6670859503324,3370.4326,1858.2405
forecast_1839,2025-03-18 15:00:00,1640.1491060363023,4666.4336,4293.8496
forecast_1840,2025-03-18 16:00:00,7327.683343489892,6082.235,4100.075
forecast_1841,2025-03-18 17:00:00,7195.7366556981315,9317.794,7706.0107
forecast_1842,2025-03-18 18:00:00,5547.649742223853,10063.346,9422.137
forecast_1843,2025-03-18 19:00:00,6068.014835230888,10850.07,9477.558
forecast_1844,2025-03-18 20:00:00,4939.099019361083,11225.203,9121.939
forecast_1845,2025-03-18 21:00:00,4757.770543363522,11136.161,8478.07
forecast_1846,2025-03-18 22:00:00,4096.821900951175,9059.988,7534.8115
forecast_1847,2025-03-18 23:00:00,3731.71802872296,3903.1785,5820.6914
forecast_1848,2025-03-19 00:00:00,2622.515874748573,1328.5782,3393.932
forecast_1849,2025-03-19 01:00:00,1835.5227886899288,878.8879,1945.7318
forecast_1850,2025-03-19 02:00:00,1653.4264448144722,616.205,1279.8256
forecast_1851,2025-03-19 03:00:00,1438.562086457082,605.2749,1261.0162
forecast_1852,2025-03-19 04:00:00,1385.5401577434368,600.58057,1237.1355
forecast_1853,2025-03-19 05:00:00,1222.3578652678045,471.97375,1268.9285
forecast_1854,2025-03-19 06:00:00,973.2459724712282,363.5693,1343.6588
forecast_1855,2025-03-19 07:00:00,1830.920104772912,418.3173,1424.7169
forecast_1856,2025-03-19 08:00:00,2397.143461348348,816.28973,1768.671
forecast_1857,2025-03-19 09:00:00,3064.229157521214,1621.205,2260.1785
forecast_1858,2025-03-19 10:00:00,3590.993489565768,2568.8442,3561.0686
forecast_1859,2025-03-19 11:00:00,5055.379039482407,2996.5503,4557.1313
forecast_1860,2025-03-19 12:00:00,6179.026930273444,3261.692,5974.3447
forecast_1861,2025-03-19 13:00:00,6822.163592878289,3890.1804,7321.156
forecast_1862,2025-03-19 14:00:00,7815.437061421357,4425.3276,8247.771
forecast_1863,2025-03-19 15:00:00,8879.591300778973,4537.739,8527.884
forecast_1864,2025-03-19 16:00:00,10699.36417832342,4617.7266,8725.507
forecast_1865,2025-03-19 17:00:00,8663.139338468682,5276.5195,9399.736
forecast_1866,2025-03-19 18:00:00,10675.436336707437,6245.2886,10197.007
forecast_1867,2025-03-19 19:00:00,10167.566608700972,8168.1045,11325.158
forecast_1868,2025-03-19 20:00:00,10599.771905737682,10518.987,12253.308
forecast_1869,2025-03-19 21:00:00,11561.665832171799,12956.618,12932.583
forecast_1870,2025-03-19 22:00:00,11066.623320895857,14781.716,13414.868
forecast_1871,2025-03-19 23:00:00,10810.764448944703,15685.985,13455.995
forecast_1872,2025-03-20 00:00:00,13305.805748598688,16469.416,13593.942
forecast_1873,2025-03-20 01:00:00,13947.40231049765,17220.303,13894.262
forecast_1874,2025-03-20 02:00:00,14101.598176210553,17449.598,13899.329
forecast_1875,2025-03-20 03:00:00,14404.292187397104,17868.479,13954.697
forecast_1876,2025-03-20 04:00:00,15377.981822982765,18423.994,14438.763
forecast_1877,2025-03-20 05:00:00,16586.137161468756,18783.533,14976.457
forecast_1878,2025-03-20 06:00:00,17335.54645992103,19087.678,15598.919
forecast_1879,2025-03-20 07:00:00,17467.159183509135,19297.107,16120.535
forecast_1880,2025-03-20 08:00:00,17515.643346845874,19441.52,16508.412
forecast_1881,2025-03-20 09:00:00,16830.089038372807,19562.252,16806.447
forecast_1882,2025-03-20 10:00:00,15581.348959499912,19599.227,16900.275
forecast_1883,2025-03-20 11:00:00,15417.484048276978,19562.797,16754.719
forecast_1884,2025-03-20 12:00:00,15245.4018938099,19481.63,16559.451
forecast_1885,2025-03-20 13:00:00,16253.826754572228,19392.611,16417.879
forecast_1886,2025-03-20 14:00:00,17150.119952047633,19424.623,16502.86
forecast_1887,2025-03-20 15:00:00,17379.502601940618,19500.633,16769.236
forecast_1888,2025-03-20 16:00:00,16989.032214488972,19505.307,17065.875
forecast_1889,2025-03-20 17:00:00,17245.4391847973,19583.168,17413.195
forecast_1890,2025-03-20 18:00:00,17383.211820984918,19648.01,17718.88
forecast_1891,2025-03-20 19:00:00,18554.15315613517,19716.06,17969.996
forecast_1892,2025-03-20 20:00:00,17202.823560294477,19804.05,18204.082
forecast_1893,2025-03-20 21:00:00,18004.04728601397,19834.586,18291.252
forecast_1894,2025-03-20 22:00:00,18551.94009611591,19874.852,18284.303
forecast_1895,2025-03-20 23:00:00,18924.86184376323,19931.174,18271.662
forecast_1896,2025-03-21 00:00:00,18941.4613747049,20028.38,18222.477
forecast_1897,2025-03-21 01:00:00,17911.11932910202,20066.965,18117.867
forecast_1898,2025-03-21 02:00:00,19075.77741154022,20110.115,17666.453
forecast_1899,2025-03-21 03:00:00,18501.41377262726,20121.57,17430.242
forecast_1900,2025-03-21 04:00:00,18801.754768858515,20120.676,17450.596
forecast_1901,2025-03-21 05:00:00,18755.201912703975,20082.674,17535.945
forecast_1902,2025-03-21 06:00:00,18833.720850599475,19966.602,17485.467
forecast_1903,2025-03-21 07:00:00,19599.230856397724,19826.7,17330.184
forecast_1904,2025-03-21 08:00:00,19066.13895426888,19749.12,17161.643
forecast_1905,2025-03-21 09:00:00,18069.943452762254,19663.082,16869.646
forecast_1906,2025-03-21 10:00:00,17318.483151016113,19548.455,16464.816
forecast_1907,2025-03-21 11:00:00,17152.04708318891,19499.95,16106.784
forecast_1908,2025-03-21 12:00:00,17334.072863484136,19430.766,15904.079
forecast_1909,2025-03-21 13:00:00,16908.66590140009,19266.816,15744.156
forecast_1910,2025-03-21 14:00:00,16830.721189391956,19191.764,15769.926
forecast_1911,2025-03-21 15:00:00,17086.284934983112,19133.889,15842.016
forecast_1912,2025-03-21 16:00:00,16645.917166414376,19034.598,15663.832
forecast_1913,2025-03-21 17:00:00,16234.936403053842,19028.416,15788.487
forecast_1914,2025-03-21 18:00:00,16668.962175537563,19163.654,16276.436
forecast_1915,2025-03-21 19:00:00,17155.58612802247,19326.672,16770.037
forecast_1916,2025-03-21 20:00:00,17459.612308010153,19489.838,17239.557
forecast_1917,2025-03-21 21:00:00,17031.26268491143,19547.44,17413.371
forecast_1918,2025-03-21 22:00:00,17335.507783487665,19571.115,17209.799
forecast_1919,2025-03-21 23:00:00,18398.689828829643,19505.062,16583.717
forecast_1920,2025-03-22 00:00:00,17697.82323933138,19673.254,16543.922
forecast_1921,2025-03-22 01:00:00,18120.68430368037,19698.346,16430.346
forecast_1922,2025-03-22 02:00:00,18025.1057085493,19821.0,16260.051
forecast_1923,2025-03-22 03:00:00,17285.82616052027,19878.547,16173.905
forecast_1924,2025-03-22 04:00:00,18373.424469408383,19865.826,15970.391
forecast_1925,2025-03-22 05:00:00,19091.53909552991,19827.553,15817.618
forecast_1926,2025-03-22 06:00:00,19218.082299878988,19824.676,15915.839
forecast_1927,2025-03-22 07:00:00,19709.406932715014,19847.127,16158.938
forecast_1928,2025-03-22 08:00:00,18891.443371966776,19891.889,16536.094
forecast_1929,2025-03-22 09:00:00,18433.90816618265,19907.219,16869.057
forecast_1930,2025-03-22 10:00:00,17599.338035429777,19828.994,16830.434
forecast_1931,2025-03-22 11:00:00,17202.65727482266,19710.922,16424.559
forecast_1932,2025-03-22 12:00:00,16940.61645941915,19571.309,15983.841
forecast_1933,2025-03-22 13:00:00,17000.50433015962,19409.56,15666.666
forecast_1934,2025-03-22 14:00:00,17153.84291336918,19329.484,15547.49
forecast_1935,2025-03-22 15:00:00,16674.19629163032,19363.002,15963.81
forecast_1936,2025-03-22 16:00:00,16258.71509799121,19356.066,16382.129
forecast_1937,2025-03-22 17:00:00,16021.5596830744,19304.217,16624.605
forecast_1938,2025-03-22 18:00:00,16321.33940970366,19215.074,16498.889
forecast_1939,2025-03-22 19:00:00,16565.775885091098,19293.516,16551.912
forecast_1940,2025-03-22 20:00:00,17338.03806205728,19488.043,16950.27
forecast_1941,2025-03-22 21:00:00,17504.667365362333,19583.416,16955.732
forecast_1942,2025-03-22 22:00:00,18073.661586043414,19751.28,16956.479
forecast_1943,2025-03-22 23:00:00,18276.10667749595,19896.09,17179.354
forecast_1944,2025-03-23 00:00:00,17995.672069335593,19973.729,17267.438
forecast_1945,2025-03-23 01:00:00,16280.271081888803,19972.559,17111.674
forecast_1946,2025-03-23 02:00:00,17569.57446273535,19898.158,16422.986
forecast_1947,2025-03-23 03:00:00,19544.287420331417,19829.377,15434.929
forecast_1948,2025-03-23 04:00:00,19800.54248192808,19758.787,14706.307
forecast_1949,2025-03-23 05:00:00,18306.03273454428,19580.955,14035.024
forecast_1950,2025-03-23 06:00:00,17257.866410788414,19284.88,13375.629
forecast_1951,2025-03-23 07:00:00,11567.076260745054,18563.52,12054.979
forecast_1952,2025-03-23 08:00:00,5335.6925103330095,16415.688,9113.672
forecast_1953,2025-03-23 09:00:00,2515.214243930466,10193.545,4718.872
forecast_1954,2025-03-23 10:00:00,1155.9901235743077,2510.9668,1531.3694
forecast_1955,2025-03-23 11:00:00,382.2241826663068,626.03625,563.11237
forecast_1956,2025-03-23 12:00:00,333.2706257357849,336.6191,331.4386
forecast_1957,2025-03-23 13:00:00,348.78971805402483,297.65118,213.66626
forecast_1958,2025-03-23 14:00:00,803.0132218386998,340.0055,226.72827
forecast_1959,2025-03-23 15:00:00,2622.6997074567225,698.9104,336.98044
forecast_1960,2025-03-23 16:00:00,2885.464113585446,1667.5573,653.5536
forecast_1961,2025-03-23 17:00:00,3037.384368483663,2659.039,1090.0502
forecast_1962,2025-03-23 18:00:00,1952.4940495081055,3740.029,1818.3691
forecast_1963,2025-03-23 19:00:00,2710.512800083512,2510.9375,1325.1575
forecast_1964,2025-03-23 20:00:00,4295.121485349303,4409.7446,1516.2253
forecast_1965,2025-03-23 21:00:00,6654.0834278591865,9113.328,2339.294
forecast_1966,2025-03-23 22:00:00,8915.334468862333,14838.931,5116.5776
forecast_1967,2025-03-23 23:00:00,9496.126872406796,17701.926,8195.211
forecast_1968,2025-03-24 00:00:00,11560.276696572071,18679.824,10163.726
forecast_1969,2025-03-24 01:00:00,12377.59335159822,19084.22,11168.813
forecast_1970,2025-03-24 02:00:00,9437.498945088008,18995.037,10892.049
forecast_1971,2025-03-24 03:00:00,9576.658886241386,18749.924,9151.57
forecast_1972,2025-03-24 04:00:00,9912.130816684288,19203.654,10278.871
forecast_1973,2025-03-24 05:00:00,11919.563876497135,19122.002,10982.969
forecast_1974,2025-03-24 06:00:00,11482.647477032777,19199.436,11900.742
forecast_1975,2025-03-24 07:00:00,11593.477596690696,18943.666,11820.947
forecast_1976,2025-03-24 08:00:00,14310.734477746302,19107.203,12991.767
forecast_1977,2025-03-24 09:00:00,12125.417622422832,19216.041,14241.957
forecast_1978,2025-03-24 10:00:00,15060.9949426776,19100.56,14556.539
forecast_1979,2025-03-24 11:00:00,14866.367036548203,18903.918,14248.63
forecast_1980,2025-03-24 12:00:00,15814.66882380821,18805.51,14213.43
forecast_1981,2025-03-24 13:00:00,15807.440210763287,18615.514,14090.163
forecast_1982,2025-03-24 14:00:00,15452.367244111934,18388.707,13528.483
forecast_1983,2025-03-24 15:00:00,13791.706248719878,18129.223,12742.097
forecast_1984,2025-03-24 16:00:00,14229.069734895742,17950.508,12405.808
forecast_1985,2025-03-24 17:00:00,13357.558302514848,17472.77,12082.984
forecast_1986,2025-03-24 18:00:00,11724.869282414618,16958.883,11667.707
forecast_1987,2025-03-24 19:00:00,13209.282155696515,16886.33,11625.704
forecast_1988,2025-03-24 20:00:00,13845.72637523042,17376.076,12587.118
forecast_1989,2025-03-24 21:00:00,11201.11694898262,17823.195,13224.473
forecast_1990,2025-03-24 22:00:00,14838.088162343953,18426.65,13593.18
forecast_1991,2025-03-24 23:00:00,16980.971392857387,19148.75,14889.88
forecast_1992,2025-03-25 00:00:00,16340.940965054224,19602.467,15966.901
forecast_1993,2025-03-25 01:00:00,17273.72309834704,19626.418,16001.488
forecast_1994,2025-03-25 02:00:00,18807.142248786917,19592.324,15778.376
forecast_1995,2025-03-25 03:00:00,18545.433290631732,19427.076,15309.615
forecast_1996,2025-03-25 04:00:00,16957.935012938065,18685.537,14113.667
forecast_1997,2025-03-25 05:00:00,10150.48448988619,16595.45,11268.575
forecast_1998,2025-03-25 06:00:00,6277.529633969527,12064.791,7259.397
forecast_1999,2025-03-25 07:00:00,6061.060511836232,7619.672,4610.248
forecast_2000,2025-03-25 08:00:00,5376.455673669299,6679.234,3985.17
forecast_2001,2025-03-25 09:00:00,4719.4591600785925,7996.004,4523.556
forecast_2002,2025-03-25 10:00:00,10172.039804011649,9342.371,5276.406
forecast_2003,2025-03-25 11:00:00,8038.581106078577,9979.137,6307.71
forecast_2004,2025-03-25 12:00:00,7487.07160416666,9989.726,7113.261
forecast_2005,2025-03-25 13:00:00,10733.290793824717,12374.161,9546.74
forecast_2006,2025-03-25 14:00:00,14405.943813819584,15935.997,13463.155
forecast_2007,2025-03-25 15:00:00,14059.05682982356,17953.688,15829.352
forecast_2008,2025-03-25 16:00:00,14757.801409354333,18637.916,16685.488
forecast_2009,2025-03-25 17:00:00,15942.861018628411,18830.283,17056.04
forecast_2010,2025-03-25 18:00:00,15893.561616708532,18884.656,17350.535
forecast_2011,2025-03-25 19:00:00,16065.902292175966,18947.414,17381.016
forecast_2012,2025-03-25 20:00:00,15463.948767136619,19055.074,17369.785
forecast_2013,2025-03-25 21:00:00,15447.714585449648,19090.883,17046.139
forecast_2014,2025-03-25 22:00:00,15906.36042428462,19217.852,16989.672
forecast_2015,2025-03-25 23:00:00,17455.9736635845,19385.682,16868.268
forecast_2016,2025-03-26 00:00:00,17423.815261316096,19547.135,16704.625
forecast_2017,2025-03-26 01:00:00,19130.08315669366,19676.365,16500.22
forecast_2018,2025-03-26 02:00:00,19225.089128069296,19901.928,16304.724
forecast_2019,2025-03-26 03:00:00,18032.487396519242,19979.602,15625.67
forecast_2020,2025-03-26 04:00:00,16190.000110296956,19787.936,13452.91
forecast_2021,2025-03-26 05:00:00,16577.052066084285,19283.41,10700.396
forecast_2022,2025-03-26 06:00:00,12229.539925338024,18331.613,9108.075
forecast_2023,2025-03-26 07:00:00,4338.757505745743,16816.44,8474.194
forecast_2024,2025-03-26 08:00:00,1990.668355629616,10445.031,5880.5103
forecast_2025,2025-03-26 09:00:00,1836.7268418229771,1260.088,1506.9379
forecast_2026,2025-03-26 10:00:00,429.9756777146433,425.19177,677.24817
forecast_2027,2025-03-26 11:00:00,415.8908333153068,319.9087,403.8339
forecast_2028,2025-03-26 12:00:00,375.78477604884085,336.3904,263.04382
forecast_2029,2025-03-26 13:00:00,666.2090368484384,427.08087,273.6637
forecast_2030,2025-03-26 14:00:00,1344.687588469561,631.9389,376.65366
forecast_2031,2025-03-26 15:00:00,1458.0241362799961,1045.9983,561.9354
forecast_2032,2025-03-26 16:00:00,1573.2698883327498,1281.1727,494.9955
forecast_2033,2025-03-26 17:00:00,1462.1474742625255,2045.9275,582.6392
forecast_2034,2025-03-26 18:00:00,6049.954115792991,2762.61,860.66815
forecast_2035,2025-03-26 19:00:00,7384.379160175388,4229.635,1219.9175
forecast_2036,2025-03-26 20:00:00,7739.85809629529,8482.026,2402.7603
forecast_2037,2025-03-26 21:00:00,7851.265965570686,12447.305,5185.7026
forecast_2038,2025-03-26 22:00:00,10554.146567408161,16231.201,8706.772
forecast_2039,2025-03-26 23:00:00,13694.298273284243,18117.438,11925.102
forecast_2040,2025-03-27 00:00:00,16367.547916401287,18788.922,14491.936
forecast_2041,2025-03-27 01:00:00,16746.280520733944,19401.994,15861.152
forecast_2042,2025-03-27 02:00:00,17270.25619604854,19807.467,16772.98
forecast_2043,2025-03-27 03:00:00,16512.60300947017,19876.11,17051.307
forecast_2044,2025-03-27 04:00:00,16782.41613259305,19686.365,16663.508
forecast_2045,2025-03-27 05:00:00,14133.899013364235,19411.918,15488.046
forecast_2046,2025-03-27 06:00:00,11264.457527094666,18355.754,11781.9375
forecast_2047,2025-03-27 07:00:00,11166.567402510944,16179.78,8297.22
forecast_2048,2025-03-27 08:00:00,12439.440441336848,15141.527,7734.204
forecast_2049,2025-03-27 09:00:00,10302.816673536745,15005.822,10301.667
forecast_2050,2025-03-27 10:00:00,9752.629053255727,13288.034,10327.784
forecast_2051,2025-03-27 11:00:00,8526.600497262725,12575.685,9249.631
forecast_2052,2025-03-27 12:00:00,9517.82361121508,11960.943,8120.458
forecast_2053,2025-03-27 13:00:00,8369.316240502614,11132.524,6399.2393
forecast_2054,2025-03-27 14:00:00,7490.850850491798,10695.532,5903.271
forecast_2055,2025-03-27 15:00:00,7289.916672942291,10549.988,6103.814
forecast_2056,2025-03-27 16:00:00,5624.030805811424,10266.248,6080.3047
forecast_2057,2025-03-27 17:00:00,5488.460762774465,7164.94,3238.6523
forecast_2058,2025-03-27 18:00:00,6167.4271509233995,6173.0103,2350.1118
forecast_2059,2025-03-27 19:00:00,6760.242671589871,7081.33,3300.8838
forecast_2060,2025-03-27 20:00:00,7074.145133610104,7902.016,4557.9917
forecast_2061,2025-03-27 21:00:00,9161.048342508511,8286.834,5348.3057
forecast_2062,2025-03-27 22:00:00,8221.31241465414,8788.95,6141.0894
forecast_2063,2025-03-27 23:00:00,9232.37273904394,8357.107,6621.302
forecast_2064,2025-03-28 00:00:00,11321.362078847622,7782.896,6641.218
forecast_2065,2025-03-28 01:00:00,2159.976055347767,5549.3384,5229.989
forecast_2066,2025-03-28 02:00:00,2558.9432994130752,1948.8,1901.6897
forecast_2067,2025-03-28 03:00:00,1498.4525663297975,1107.5171,920.0234
forecast_2068,2025-03-28 04:00:00,2217.3269768802384,759.56226,575.5088
forecast_2069,2025-03-28 05:00:00,2339.462485016163,617.6821,338.47668
forecast_2070,2025-03-28 06:00:00,233.73627071781445,677.6899,296.74866
forecast_2071,2025-03-28 07:00:00,269.10924993687064,620.19666,378.64078
forecast_2072,2025-03-28 08:00:00,597.6463257193785,480.40173,425.84705
forecast_2073,2025-03-28 09:00:00,293.44834720810275,382.0046,295.36227
forecast_2074,2025-03-28 10:00:00,233.2545472979735,371.2418,288.82916
forecast_2075,2025-03-28 11:00:00,372.41748883940033,446.62445,370.9823
forecast_2076,2025-03-28 12:00:00,552.5476015507111,529.60767,467.6924
forecast_2077,2025-03-28 13:00:00,734.6621578445204,563.9377,493.3818
forecast_2078,2025-03-28 14:00:00,364.0993068380287,505.19943,507.43234
forecast_2079,2025-03-28 15:00:00,327.6516959214358,479.38223,438.3977
forecast_2080,2025-03-28 16:00:00,560.2392468923807,496.40796,416.61636
forecast_2081,2025-03-28 17:00:00,447.1407076465942,458.30328,383.86148
forecast_2082,2025-03-28 18:00:00,1481.9976082006635,474.6702,248.01149
forecast_2083,2025-03-28 19:00:00,3675.247895087961,630.1541,208.07309
forecast_2084,2025-03-28 20:00:00,5453.0143907463835,2880.579,313.53912
forecast_2085,2025-03-28 21:00:00,5927.055930916689,6697.1562,993.8157
forecast_2086,2025-03-28 22:00:00,3781.652012574466,6539.254,2664.9702
forecast_2087,2025-03-28 23:00:00,4411.902560980116,3351.717,2648.6797
forecast_2088,2025-03-29 00:00:00,4574.481866096317,1949.5057,2141.8906
forecast_2089,2025-03-29 01:00:00,199.77383089044915,1079.967,1473.7556
forecast_2090,2025-03-29 02:00:00,173.87237516285816,436.91187,375.55957
forecast_2091,2025-03-29 03:00:00,328.8984925654258,378.1446,177.99333
forecast_2092,2025-03-29 04:00:00,521.3823609519833,510.728,162.2505
forecast_2093,2025-03-29 05:00:00,2757.7724117022226,715.744,227.69131
forecast_2094,2025-03-29 06:00:00,4032.855050474674,1273.4165,448.29202
forecast_2095,2025-03-29 07:00:00,3861.2754857407062,3243.9539,1202.7871
forecast_2096,2025-03-29 08:00:00,5079.890907639988,6844.012,2270.0337
forecast_2097,2025-03-29 09:00:00,4423.7605721660575,9581.736,3881.857
forecast_2098,2025-03-29 10:00:00,6738.443608568501,10277.92,5776.695
forecast_2099,2025-03-29 11:00:00,9383.986243402062,11233.995,6908.2446
forecast_2100,2025-03-29 12:00:00,10278.812078454386,12425.372,8113.4404
forecast_2101,2025-03-29 13:00:00,11789.336280115262,13297.906,9168.142
forecast_2102,2025-03-29 14:00:00,12951.214651098007,14213.925,10278.065
forecast_2103,2025-03-29 15:00:00,13520.950153976954,14587.752,10302.342
forecast_2104,2025-03-29 16:00:00,13855.01091862443,14493.423,10472.609
forecast_2105,2025-03-29 17:00:00,13598.013270683325,14898.677,10923.001
forecast_2106,2025-03-29 18:00:00,13056.486191902331,14801.54,10768.809
forecast_2107,2025-03-29 19:00:00,12830.745533086361,14604.8125,10415.717
forecast_2108,2025-03-29 20:00:00,13104.811691051858,14178.425,10088.898
forecast_2109,2025-03-29 21:00:00,13064.066813054354,13825.213,10653.574
forecast_2110,2025-03-29 22:00:00,12796.47739835778,13241.223,11049.552
forecast_2111,2025-03-29 23:00:00,12714.688780408589,12085.162,10438.675
forecast_2112,2025-03-30 00:00:00,12811.709555042753,10650.756,8931.633
forecast_2113,2025-03-30 01:00:00,13046.588194674325,9895.574,7983.406
forecast_2114,2025-03-30 02:00:00,12317.99205279287,9415.941,7846.509
forecast_2115,2025-03-30 03:00:00,11502.366685656682,8921.949,7257.0894
forecast_2116,2025-03-30 04:00:00,11258.607541477639,8510.951,6439.425
forecast_2117,2025-03-30 05:00:00,11330.70429449733,8342.491,6219.498
forecast_2118,2025-03-30 06:00:00,10629.933104416354,8085.2275,6066.9316
forecast_2119,2025-03-30 07:00:00,10139.51014157425,7980.494,6282.053
forecast_2120,2025-03-30 08:00:00,7381.3764696019825,7489.6265,5971.818
forecast_2121,2025-03-30 09:00:00,7935.699394142753,6776.316,5129.5747
forecast_2122,2025-03-30 10:00:00,8754.29786543981,6793.9907,4612.633
forecast_2123,2025-03-30 11:00:00,10361.78410570389,7145.787,4267.372
forecast_2124,2025-03-30 12:00:00,10703.01798441835,7212.5415,3984.6187
forecast_2125,2025-03-30 13:00:00,10541.218238758134,7393.7983,3899.7568
forecast_2126,2025-03-30 14:00:00,10530.841232284638,7584.544,3926.4019
forecast_2127,2025-03-30 15:00:00,9209.48427226968,6985.906,4024.4941
forecast_2128,2025-03-30 16:00:00,7026.118043621336,6405.5103,3715.1482
forecast_2129,2025-03-30 17:00:00,6450.471770658211,5557.566,3210.2214
forecast_2130,2025-03-30 18:00:00,6242.209349791178,5156.3364,3233.0925
forecast_2131,2025-03-30 19:00:00,5974.393690658181,4814.5225,3566.6768
forecast_2132,2025-03-30 20:00:00,6215.162698505353,4867.9434,4033.0076
forecast_2133,2025-03-30 21:00:00,5650.435035272295,4733.5713,4396.172
forecast_2134,2025-03-30 22:00:00,6580.051891072646,4747.6304,4360.921
forecast_2135,2025-03-30 23:00:00,7318.60918775412,5040.773,4738.9688
forecast_2136,2025-03-31 00:00:00,6660.442586593023,5372.3486,5192.3267
forecast_2137,2025-03-31 01:00:00,14660.086289533423,7894.441,6574.1484
forecast_2138,2025-03-31 02:00:00,14832.889274787114,12225.649,10738.833
forecast_2139,2025-03-31 03:00:00,14743.402812578277,14062.81,12432.995
forecast_2140,2025-03-31 04:00:00,11862.290591737776,14758.933,12268.409
forecast_2141,2025-03-31 05:00:00,13066.750900413257,14895.18,11141.316
forecast_2142,2025-03-31 06:00:00,10955.55818456507,15195.12,10564.535
forecast_2143,2025-03-31 07:00:00,7910.870564890714,14443.032,9511.213
forecast_2144,2025-03-31 08:00:00,6175.482971865058,10523.682,6148.1343
forecast_2145,2025-03-31 09:00:00,4528.1113605903565,5973.133,3648.9033
forecast_2146,2025-03-31 10:00:00,2755.634175725972,2764.4924,2170.8635
forecast_2147,2025-03-31 11:00:00,2342.0877796923305,1756.3324,1534.1418
forecast_2148,2025-03-31 12:00:00,3117.5129743583343,1719.8153,1305.0605
forecast_2149,2025-03-31 13:00:00,3655.6535935801403,2330.408,1571.5022
forecast_2150,2025-03-31 14:00:00,3816.5223859929342,3134.6929,2049.4133
forecast_2151,2025-03-31 15:00:00,4028.718338049837,3704.0112,2271.3345
forecast_2152,2025-03-31 16:00:00,4004.137757334203,4249.563,2464.6672
forecast_2153,2025-03-31 17:00:00,4012.8785578563234,4827.1772,2708.2678
forecast_2154,2025-03-31 18:00:00,4458.102357941315,5639.8667,3247.7737
forecast_2155,2025-03-31 19:00:00,5131.270165903844,6024.0107,3850.2422
forecast_2156,2025-03-31 20:00:00,6137.474392977456,7549.039,4949.089
forecast_2157,2025-03-31 21:00:00,7697.923875027931,9197.798,6014.6426
forecast_2158,2025-03-31 22:00:00,10015.514585754107,10372.156,6018.2593
forecast_2159,2025-03-31 23:00:00,11543.677315812893,11760.088,5830.3076
forecast_2160,2025-04-01 00:00:00,11346.276103853013,13598.99,6249.421
forecast_2161,2025-04-01 01:00:00,7969.8596632589915,13933.448,6211.1143
forecast_2162,2025-04-01 02:00:00,7518.288544326585,12084.291,4626.131
forecast_2163,2025-04-01 03:00:00,7969.838048945278,11233.672,3659.4407
forecast_2164,2025-04-01 04:00:00,6924.2458156236,10597.384,3127.4304
forecast_2165,2025-04-01 05:00:00,5482.599870812144,9506.684,2903.325
forecast_2166,2025-04-01 06:00:00,5392.94991094225,7430.305,2684.1243
forecast_2167,2025-04-01 07:00:00,3301.317055072696,5318.9233,2463.931
forecast_2168,2025-04-01 08:00:00,2173.4747386079634,2339.4236,1725.2969
forecast_2169,2025-04-01 09:00:00,598.2603914809802,870.427,885.3043
forecast_2170,2025-04-01 10:00:00,0.0,458.62036,462.64587
forecast_2171,2025-04-01 11:00:00,45.990335456800054,308.1598,239.48679
forecast_2172,2025-04-01 12:00:00,39.638814414210984,221.78235,153.82443
forecast_2173,2025-04-01 13:00:00,51.95243012379381,197.09395,126.81043
forecast_2174,2025-04-01 14:00:00,189.00340541030172,201.57571,132.86223
forecast_2175,2025-04-01 15:00:00,206.04993098019168,281.0072,143.82895
forecast_2176,2025-04-01 16:00:00,53.93803507243305,414.91187,169.4147
forecast_2177,2025-04-01 17:00:00,160.22527178969642,727.1295,209.49904
forecast_2178,2025-04-01 18:00:00,215.59011358187328,1220.1663,249.72786
forecast_2179,2025-04-01 19:00:00,778.0746750298908,1636.9738,291.94955
forecast_2180,2025-04-01 20:00:00,1360.8218573448735,1632.5256,288.75595
forecast_2181,2025-04-01 21:00:00,1253.8062264035964,1810.0608,292.69962
forecast_2182,2025-04-01 22:00:00,1867.3103579424996,1953.3335,332.9761
forecast_2183,2025-04-01 23:00:00,1868.7830466618557,1793.04,355.87552
forecast_2184,2025-04-02 00:00:00,1765.7727445504509,1665.4757,363.28174
forecast_2185,2025-04-02 01:00:00,1282.7901170354762,1631.3833,362.2302
forecast_2186,2025-04-02 02:00:00,716.2047783520177,1490.5548,279.65042
forecast_2187,2025-04-02 03:00:00,479.6550624718868,1654.0394,224.03763
forecast_2188,2025-04-02 04:00:00,390.11648881935673,1699.9875,202.61275
forecast_2189,2025-04-02 05:00:00,158.57931019337468,1357.0552,183.78436
forecast_2190,2025-04-02 06:00:00,159.60150607160944,1040.2699,180.25131
forecast_2191,2025-04-02 07:00:00,136.76322886002598,814.4483,166.08887
forecast_2192,2025-04-02 08:00:00,296.5469263852586,537.45294,151.2521
forecast_2193,2025-04-02 09:00:00,124.61480598586145,380.77335,106.78528
forecast_2194,2025-04-02 10:00:00,137.37161295100412,406.27197,94.995735
forecast_2195,2025-04-02 11:00:00,522.5245422088823,534.7085,100.376175
forecast_2196,2025-04-02 12:00:00,326.40865507598147,745.7015,120.34088
forecast_2197,2025-04-02 13:00:00,293.0574782668766,880.2306,143.73798
forecast_2198,2025-04-02 14:00:00,542.9657951654079,938.53723,165.64294
forecast_2199,2025-04-02 15:00:00,665.1444626528,1125.1993,188.42099
forecast_2200,2025-04-02 16:00:00,693.835899300333,1511.6656,210.31108
forecast_2201,2025-04-02 17:00:00,560.9178478326501,2144.9731,239.83102
forecast_2202,2025-04-02 18:00:00,793.3555514279394,2684.5874,271.09888
forecast_2203,2025-04-02 19:00:00,165.4415630857901,3165.8467,266.915
forecast_2204,2025-04-02 20:00:00,379.85015552675935,2423.5552,226.01138
forecast_2205,2025-04-02 21:00:00,464.9909369456272,1858.6011,200.57661
forecast_2206,2025-04-02 22:00:00,1048.6371054961344,1862.5742,215.97348
forecast_2207,2025-04-02 23:00:00,1572.03394923038,2433.4722,240.7335
forecast_2208,2025-04-03 00:00:00,1696.334022781922,3045.207,296.28653
forecast_2209,2025-04-03 01:00:00,1367.8227576439754,3501.7559,321.2812
forecast_2210,2025-04-03 02:00:00,1370.9060140677955,3537.8022,320.71146
forecast_2211,2025-04-03 03:00:00,1333.6008138131076,3516.5996,350.16312
forecast_2212,2025-04-03 04:00:00,1296.0199988067861,3828.5195,434.82776
forecast_2213,2025-04-03 05:00:00,1287.265555791188,3418.2644,523.1925
forecast_2214,2025-04-03 06:00:00,1227.7936817623445,2522.4946,578.41797
forecast_2215,2025-04-03 07:00:00,1555.4597078424617,1403.804,611.69183
forecast_2216,2025-04-03 08:00:00,1339.267173166507,771.6107,539.009
forecast_2217,2025-04-03 09:00:00,590.871590461669,445.2246,368.8893
forecast_2218,2025-04-03 10:00:00,277.114923404015,310.7823,269.56393
forecast_2219,2025-04-03 11:00:00,71.30537869313763,237.67413,200.93567
forecast_2220,2025-04-03 12:00:00,105.06690780985517,201.59612,171.43488
forecast_2221,2025-04-03 13:00:00,84.86711179258015,186.72757,160.07845
forecast_2222,2025-04-03 14:00:00,150.19080000221442,179.65945,194.64014
forecast_2223,2025-04-03 15:00:00,133.65435063778958,192.02205,264.06787
forecast_2224,2025-04-03 16:00:00,54.843299540471854,209.7837,306.4617
forecast_2225,2025-04-03 17:00:00,6.076596706098051,211.53047,255.74663
forecast_2226,2025-04-03 18:00:00,19.76756811742318,207.31367,220.1016
forecast_2227,2025-04-03 19:00:00,24.39621570901576,200.04889,182.87079
forecast_2228,2025-04-03 20:00:00,415.9857300484513,228.35477,181.3165
forecast_2229,2025-04-03 21:00:00,525.7773639110287,470.818,194.10277
forecast_2230,2025-04-03 22:00:00,1657.5900233178013,1066.3467,296.97723
forecast_2231,2025-04-03 23:00:00,1900.0319872313785,2158.4932,498.04593
forecast_2232,2025-04-04 00:00:00,2979.558916381562,4322.753,958.24713
forecast_2233,2025-04-04 01:00:00,3490.2526507282523,6013.287,1626.898
forecast_2234,2025-04-04 02:00:00,4157.204887043471,6120.6953,2717.1433
forecast_2235,2025-04-04 03:00:00,4706.332134364664,6963.8213,3839.2834
forecast_2236,2025-04-04 04:00:00,5753.057016440793,8551.596,4492.591
forecast_2237,2025-04-04 05:00:00,6294.862794014077,9740.954,4566.497
forecast_2238,2025-04-04 06:00:00,7381.764208129914,10321.192,4627.372
forecast_2239,2025-04-04 07:00:00,6284.690399144163,10224.151,4757.0967
forecast_2240,2025-04-04 08:00:00,6596.785077951926,8773.885,4188.139
forecast_2241,2025-04-04 09:00:00,4621.834697872383,6293.8,3309.3074
forecast_2242,2025-04-04 10:00:00,1141.8639065441307,3437.9446,2127.313
forecast_2243,2025-04-04 11:00:00,739.0283586311726,1509.3966,1115.4285
forecast_2244,2025-04-04 12:00:00,546.3376650326726,902.0103,620.76294
forecast_2245,2025-04-04 13:00:00,69.69393163550157,723.25305,491.42184
forecast_2246,2025-04-04 14:00:00,0.0,654.16376,447.12308
forecast_2247,2025-04-04 15:00:00,174.774438602693,443.83447,442.4645
forecast_2248,2025-04-04 16:00:00,909.1688552754965,958.0001,903.0821
forecast_2249,2025-04-04 17:00:00,1150.867211923264,1748.9624,980.0775
forecast_2250,2025-04-04 18:00:00,1513.9717708827413,2089.4597,943.05237
forecast_2251,2025-04-04 19:00:00,989.5308762155017,2179.8806,1059.0192
forecast_2252,2025-04-04 20:00:00,1641.6740509605634,1745.8937,966.4823
forecast_2253,2025-04-04 21:00:00,2589.8411724722,2372.8477,1231.9064
forecast_2254,2025-04-04 22:00:00,2370.1871004728478,3436.594,1630.1544
forecast_2255,2025-04-04 23:00:00,3138.045428810272,4079.952,1856.718
forecast_2256,2025-04-05 00:00:00,3785.821535061954,5524.4434,2242.4712
forecast_2257,2025-04-05 01:00:00,5832.878878785677,5339.573,2519.1033
forecast_2258,2025-04-05 02:00:00,5626.398054651883,6368.752,3074.8167
forecast_2259,2025-04-05 03:00:00,5273.636813447617,9134.266,4199.8
forecast_2260,2025-04-05 04:00:00,6008.208935784215,10234.19,4491.6914
forecast_2261,2025-04-05 05:00:00,4612.874780925312,11269.375,4182.7637
forecast_2262,2025-04-05 06:00:00,8767.71627790002,12115.483,3737.5374
forecast_2263,2025-04-05 07:00:00,4984.3594648510225,13400.209,3965.2073
forecast_2264,2025-04-05 08:00:00,4049.877471611818,13312.151,3925.167
forecast_2265,2025-04-05 09:00:00,4139.5152783913945,11585.845,3006.3079
forecast_2266,2025-04-05 10:00:00,1710.2574555723872,9571.32,2526.4075
forecast_2267,2025-04-05 11:00:00,3285.3364787055752,7012.5864,1873.1533
forecast_2268,2025-04-05 12:00:00,7085.216269662742,8039.0215,2385.306
forecast_2269,2025-04-05 13:00:00,8400.701609588306,10818.34,4071.9377
forecast_2270,2025-04-05 14:00:00,9170.4835970655,13351.902,6974.6074
forecast_2271,2025-04-05 15:00:00,9513.77220298788,14882.732,9230.781
forecast_2272,2025-04-05 16:00:00,11561.69851043597,15824.163,11041.569
forecast_2273,2025-04-05 17:00:00,12922.138169388156,16598.58,12900.686
forecast_2274,2025-04-05 18:00:00,15427.492694239723,17618.55,13399.369
forecast_2275,2025-04-05 19:00:00,15359.862964466254,18103.924,12952.402
forecast_2276,2025-04-05 20:00:00,14823.66473320486,18152.838,12301.897
forecast_2277,2025-04-05 21:00:00,13417.429220120057,18435.293,12819.865
forecast_2278,2025-04-05 22:00:00,12818.956327328071,18380.172,12879.462
forecast_2279,2025-04-05 23:00:00,13176.721079159039,18243.969,12864.047
forecast_2280,2025-04-06 00:00:00,13847.788531800828,18066.428,12979.904
forecast_2281,2025-04-06 01:00:00,12816.513308444288,18010.803,13258.803
forecast_2282,2025-04-06 02:00:00,14073.906085245422,17264.998,12738.371
forecast_2283,2025-04-06 03:00:00,14247.899019474587,17187.441,12742.825
forecast_2284,2025-04-06 04:00:00,13379.578579665853,17143.385,12870.682
forecast_2285,2025-04-06 05:00:00,14453.666718951743,16999.121,12897.723
forecast_2286,2025-04-06 06:00:00,13747.610408510754,17015.256,13401.06
forecast_2287,2025-04-06 07:00:00,14764.755194031142,16589.1,13437.861
forecast_2288,2025-04-06 08:00:00,15280.09473524338,16238.378,13537.463
forecast_2289,2025-04-06 09:00:00,13786.224876707922,15817.932,13341.697
forecast_2290,2025-04-06 10:00:00,13633.573925719229,15129.024,12548.396
forecast_2291,2025-04-06 11:00:00,12178.528239996773,13479.969,11011.412
forecast_2292,2025-04-06 12:00:00,12154.54989393386,11513.502,8363.421
forecast_2293,2025-04-06 13:00:00,13118.739089878436,11175.485,7805.4863
forecast_2294,2025-04-06 14:00:00,12785.2555975313,12138.774,8742.691
forecast_2295,2025-04-06 15:00:00,12869.900359191748,13117.91,10248.547
forecast_2296,2025-04-06 16:00:00,12971.99261871712,13562.747,11348.12
forecast_2297,2025-04-06 17:00:00,13411.984550031533,13147.975,10985.675
forecast_2298,2025-04-06 18:00:00,12497.769918024665,13038.1875,11184.795
forecast_2299,2025-04-06 19:00:00,11764.578841050243,12706.904,11155.995
forecast_2300,2025-04-06 20:00:00,12544.675091290055,13844.071,11888.151
forecast_2301,2025-04-06 21:00:00,13178.909167795378,15359.45,13280.582
forecast_2302,2025-04-06 22:00:00,14273.175161600962,16225.563,13967.247
forecast_2303,2025-04-06 23:00:00,14478.082541161923,16912.832,14407.794
forecast_2304,2025-04-07 00:00:00,13936.25234489196,17226.914,14366.008
forecast_2305,2025-04-07 01:00:00,14991.054661883702,17461.008,14317.456
forecast_2306,2025-04-07 02:00:00,15194.694386515584,17616.713,14412.962
forecast_2307,2025-04-07 03:00:00,14366.12344832135,17357.781,13901.372
forecast_2308,2025-04-07 04:00:00,12564.673772650316,16507.938,12451.046
forecast_2309,2025-04-07 05:00:00,12354.562293663017,15903.637,11037.331
forecast_2310,2025-04-07 06:00:00,11021.304852383762,16327.145,10967.361
forecast_2311,2025-04-07 07:00:00,11783.092656704488,16901.549,11700.14
forecast_2312,2025-04-07 08:00:00,12055.233513558758,17243.34,12664.264
forecast_2313,2025-04-07 09:00:00,12670.637141779342,16549.244,12292.193
forecast_2314,2025-04-07 10:00:00,10360.955520106323,15378.38,11348.679
forecast_2315,2025-04-07 11:00:00,8420.747118268993,13343.463,9528.599
forecast_2316,2025-04-07 12:00:00,8184.011183709847,11840.46,8123.627
forecast_2317,2025-04-07 13:00:00,8933.104525824521,11967.707,8329.883
forecast_2318,2025-04-07 14:00:00,9562.849997309668,12523.731,8727.724
forecast_2319,2025-04-07 15:00:00,11106.762508127053,14212.966,10542.899
forecast_2320,2025-04-07 16:00:00,13466.20697162228,15484.522,12478.346
forecast_2321,2025-04-07 17:00:00,14516.00196404705,17038.982,14767.708
forecast_2322,2025-04-07 18:00:00,14463.45516754341,17972.107,16054.206
forecast_2323,2025-04-07 19:00:00,15479.784907026618,18678.53,16431.807
forecast_2324,2025-04-07 20:00:00,17149.028951855624,19412.621,17024.02
forecast_2325,2025-04-07 21:00:00,16973.750279091444,19782.94,17563.992
forecast_2326,2025-04-07 22:00:00,17626.95320822964,19938.525,17952.617
forecast_2327,2025-04-07 23:00:00,16981.86556366628,20052.527,18337.756
forecast_2328,2025-04-08 00:00:00,16722.197363187854,20018.574,18574.115
forecast_2329,2025-04-08 01:00:00,16988.49034538138,19896.125,18646.357
forecast_2330,2025-04-08 02:00:00,16992.66941953315,19814.723,18532.809
forecast_2331,2025-04-08 03:00:00,17907.351461669634,19692.639,18249.752
forecast_2332,2025-04-08 04:00:00,18647.563363665413,19598.973,17943.596
forecast_2333,2025-04-08 05:00:00,18449.097212992605,19593.812,17258.592
forecast_2334,2025-04-08 06:00:00,17522.788320768777,19548.186,15821.235
forecast_2335,2025-04-08 07:00:00,16937.117058509222,19599.246,14792.022
forecast_2336,2025-04-08 08:00:00,15988.70922157395,19658.414,14730.599
forecast_2337,2025-04-08 09:00:00,13913.067785529498,19552.986,14767.068
forecast_2338,2025-04-08 10:00:00,13149.983889880808,19190.105,13891.355
forecast_2339,2025-04-08 11:00:00,12243.54404206965,18611.84,12244.297
forecast_2340,2025-04-08 12:00:00,13273.421027415392,17417.734,10234.45
forecast_2341,2025-04-08 13:00:00,13422.358755160365,16218.131,9555.395
forecast_2342,2025-04-08 14:00:00,12335.182402763623,14306.801,8484.183
forecast_2343,2025-04-08 15:00:00,9397.089386127662,10532.797,5851.7
forecast_2344,2025-04-08 16:00:00,4297.6643189947235,5297.797,3395.4282
forecast_2345,2025-04-08 17:00:00,4176.718488514606,2057.297,1590.2028
forecast_2346,2025-04-08 18:00:00,1438.6683171407085,1054.6997,1066.5161
forecast_2347,2025-04-08 19:00:00,620.9207146135345,517.7555,644.3535
forecast_2348,2025-04-08 20:00:00,156.91883640497568,334.5934,346.65216
forecast_2349,2025-04-08 21:00:00,232.95545424550912,305.51025,206.42815
forecast_2350,2025-04-08 22:00:00,528.7779378122652,350.43298,205.95686
forecast_2351,2025-04-08 23:00:00,494.779021034094,480.80325,239.80638
forecast_2352,2025-04-09 00:00:00,459.06953732626994,566.86926,271.25983
forecast_2353,2025-04-09 01:00:00,667.4613290457096,563.9077,302.57376
forecast_2354,2025-04-09 02:00:00,477.4380894061947,453.96793,459.28455
forecast_2355,2025-04-09 03:00:00,696.5533355968432,396.18027,512.9023
forecast_2356,2025-04-09 04:00:00,856.1437565089605,416.18784,381.28244
forecast_2357,2025-04-09 05:00:00,984.0154120410095,513.79736,321.61627
forecast_2358,2025-04-09 06:00:00,1179.2680392589566,743.2475,296.74252
forecast_2359,2025-04-09 07:00:00,604.1533545080662,882.20087,370.07788
forecast_2360,2025-04-09 08:00:00,952.3867666279513,926.8154,492.87964
forecast_2361,2025-04-09 09:00:00,957.0821977211235,874.57684,538.3835
forecast_2362,2025-04-09 10:00:00,868.9819505556461,929.8028,494.10266
forecast_2363,2025-04-09 11:00:00,1098.7210632301865,1223.765,547.48804
forecast_2364,2025-04-09 12:00:00,2203.8717017615068,1737.0764,843.06964
forecast_2365,2025-04-09 13:00:00,2589.733544564298,2651.7964,1253.1588
forecast_2366,2025-04-09 14:00:00,3068.956025415042,3752.7625,1853.824
forecast_2367,2025-04-09 15:00:00,4369.418507274086,5028.343,2511.0498
forecast_2368,2025-04-09 16:00:00,6331.285389053672,7036.518,3260.23
forecast_2369,2025-04-09 17:00:00,6290.688314787755,8958.078,4538.7983
forecast_2370,2025-04-09 18:00:00,5499.88558869235,9969.278,5607.6436
forecast_2371,2025-04-09 19:00:00,3332.935231381693,8815.306,4811.655
forecast_2372,2025-04-09 20:00:00,4067.6348681379186,6775.391,3152.4255
forecast_2373,2025-04-09 21:00:00,3448.4197011336205,5071.118,1944.8397
forecast_2374,2025-04-09 22:00:00,4851.597831081042,4653.21,1561.0002
forecast_2375,2025-04-09 23:00:00,4528.62805318158,5462.028,1996.7529
forecast_2376,2025-04-10 00:00:00,5336.171792786276,5835.6626,2690.7166
forecast_2377,2025-04-10 01:00:00,5688.424793358167,7761.1074,3673.4917
forecast_2378,2025-04-10 02:00:00,8280.695041507937,8509.694,4143.554
forecast_2379,2025-04-10 03:00:00,7859.668567472402,9473.818,5080.107
forecast_2380,2025-04-10 04:00:00,6598.915462455184,9974.016,5549.6562
forecast_2381,2025-04-10 05:00:00,6178.1805669768455,8864.188,5487.333
forecast_2382,2025-04-10 06:00:00,4571.6622861233445,6784.3477,4877.938
forecast_2383,2025-04-10 07:00:00,3559.3632968058014,5275.634,3894.1575
forecast_2384,2025-04-10 08:00:00,3454.619712415213,3012.1987,1883.6531
forecast_2385,2025-04-10 09:00:00,4096.662311497573,2676.6245,1269.5848
forecast_2386,2025-04-10 10:00:00,4161.6714232183995,3297.4512,1153.7175
forecast_2387,2025-04-10 11:00:00,2919.7013298054767,3693.8953,1172.3392
forecast_2388,2025-04-10 12:00:00,2613.443181491998,3285.9402,1189.0723
forecast_2389,2025-04-10 13:00:00,2096.3200561054077,2595.3308,1015.16895
forecast_2390,2025-04-10 14:00:00,2442.4260703808272,2162.7295,837.5038
forecast_2391,2025-04-10 15:00:00,2653.609897772341,1906.0066,766.36066
forecast_2392,2025-04-10 16:00:00,4257.926107236154,2460.1433,1016.7242
forecast_2393,2025-04-10 17:00:00,3026.037262883414,1966.5928,468.9218
forecast_2394,2025-04-10 18:00:00,2821.737256735808,1695.4434,412.2778
forecast_2395,2025-04-10 19:00:00,2011.3910690969828,1239.1947,472.4194
forecast_2396,2025-04-10 20:00:00,2469.1845317671196,1298.8167,569.78577
forecast_2397,2025-04-10 21:00:00,2461.5561289589227,1675.9501,611.866
forecast_2398,2025-04-10 22:00:00,3499.7679575333423,2502.4636,636.7739
forecast_2399,2025-04-10 23:00:00,3719.7502108538697,3684.5042,736.96545
forecast_2400,2025-04-11 00:00:00,3186.7701643956184,3105.4167,1008.20703
forecast_2401,2025-04-11 01:00:00,1746.8817341217095,2108.3542,1238.803
forecast_2402,2025-04-11 02:00:00,1444.789476629902,1163.7108,1393.205
forecast_2403,2025-04-11 03:00:00,1311.1186713570007,846.0998,1394.0363
forecast_2404,2025-04-11 04:00:00,1359.7128893475262,719.46497,1341.7656
forecast_2405,2025-04-11 05:00:00,1578.55130833345,635.2983,1170.4984
forecast_2406,2025-04-11 06:00:00,1193.4860532740904,565.99005,1089.3274
forecast_2407,2025-04-11 07:00:00,902.2698536739097,429.5817,816.9455
forecast_2408,2025-04-11 08:00:00,480.7977469998173,293.93826,450.00357
forecast_2409,2025-04-11 09:00:00,98.56904483630878,223.85172,270.4093
forecast_2410,2025-04-11 10:00:00,44.44946575943973,192.94318,150.05348
forecast_2411,2025-04-11 11:00:00,59.65167521348784,177.74884,118.72048
forecast_2412,2025-04-11 12:00:00,110.99410518003512,179.14333,114.81387
forecast_2413,2025-04-11 13:00:00,5.782878622526835,202.2927,123.03654
forecast_2414,2025-04-11 14:00:00,120.6361935957495,244.99457,137.47537
forecast_2415,2025-04-11 15:00:00,183.44594337860093,306.8485,152.7536
forecast_2416,2025-04-11 16:00:00,135.3609172489381,360.84396,175.11691
forecast_2417,2025-04-11 17:00:00,188.67395470776037,423.51395,191.40817
forecast_2418,2025-04-11 18:00:00,432.68937399763706,510.55515,204.6217
forecast_2419,2025-04-11 19:00:00,1065.5960670302134,703.46405,220.143
forecast_2420,2025-04-11 20:00:00,2447.538221784342,1466.422,330.20285
forecast_2421,2025-04-11 21:00:00,3073.9525119137393,2922.4404,647.1664
forecast_2422,2025-04-11 22:00:00,3830.9477744114884,3865.0942,964.9685
forecast_2423,2025-04-11 23:00:00,3697.569959385899,4363.05,1120.4357
forecast_2424,2025-04-12 00:00:00,3164.0027191835743,4733.2754,1187.7903
forecast_2425,2025-04-12 01:00:00,2306.6905278940017,4464.8545,1111.3463
forecast_2426,2025-04-12 02:00:00,2398.137658318082,3289.2642,884.94366
forecast_2427,2025-04-12 03:00:00,1884.310140756582,3249.113,747.6119
forecast_2428,2025-04-12 04:00:00,2953.874425559578,4004.4377,968.23663
forecast_2429,2025-04-12 05:00:00,2923.745539815549,4855.826,1419.7216
forecast_2430,2025-04-12 06:00:00,3040.3974061476547,4956.719,1611.4701
forecast_2431,2025-04-12 07:00:00,4188.154541244893,5853.051,1714.7631
forecast_2432,2025-04-12 08:00:00,4578.876693103497,8047.9087,2596.1921
forecast_2433,2025-04-12 09:00:00,4102.616983385237,7908.7383,2383.2163
forecast_2434,2025-04-12 10:00:00,3989.9136460107857,7584.9307,1996.0729
forecast_2435,2025-04-12 11:00:00,5371.438814692734,8824.411,2503.8193
forecast_2436,2025-04-12 12:00:00,7529.125721047601,10659.508,3642.9932
forecast_2437,2025-04-12 13:00:00,9227.119877211386,11719.56,4900.5825
forecast_2438,2025-04-12 14:00:00,9046.77976342242,12320.341,6325.116
forecast_2439,2025-04-12 15:00:00,4990.397018889657,12573.37,7345.268
forecast_2440,2025-04-12 16:00:00,4216.657231789916,11621.747,5539.4346
forecast_2441,2025-04-12 17:00:00,3894.284172963288,12264.523,4771.167
forecast_2442,2025-04-12 18:00:00,11248.199257185579,12716.995,4443.773
forecast_2443,2025-04-12 19:00:00,11264.773639769213,13658.038,5867.7905
forecast_2444,2025-04-12 20:00:00,13677.203565730046,13595.726,6232.3223
forecast_2445,2025-04-12 21:00:00,14240.046415609293,14030.289,7672.8823
forecast_2446,2025-04-12 22:00:00,15474.607280462664,14338.097,9078.496
forecast_2447,2025-04-12 23:00:00,14711.866597486285,15058.62,9760.005
forecast_2448,2025-04-13 00:00:00,14747.141782477205,15673.646,10839.129
forecast_2449,2025-04-13 01:00:00,14590.4043971302,16281.354,11851.806
forecast_2450,2025-04-13 02:00:00,10593.433386507078,16847.213,12267.559
forecast_2451,2025-04-13 03:00:00,14776.345614761565,15964.457,8825.697
forecast_2452,2025-04-13 04:00:00,15773.498858003511,17438.984,10165.814
forecast_2453,2025-04-13 05:00:00,16724.301666597377,19056.434,13121.411
forecast_2454,2025-04-13 06:00:00,16704.04212701208,19688.256,14060.341
forecast_2455,2025-04-13 07:00:00,17970.24996906973,19821.754,14230.802
forecast_2456,2025-04-13 08:00:00,17840.205884867624,19770.344,14037.171
forecast_2457,2025-04-13 09:00:00,17327.243705529763,19615.297,13808.149
forecast_2458,2025-04-13 10:00:00,16795.799815828275,19524.225,13783.373
forecast_2459,2025-04-13 11:00:00,16840.791451093828,19364.623,13120.934
forecast_2460,2025-04-13 12:00:00,16706.659372492428,19130.307,12463.295
forecast_2461,2025-04-13 13:00:00,17244.634226895585,19009.826,12458.625
forecast_2462,2025-04-13 14:00:00,16433.55342149892,18931.756,12847.062
forecast_2463,2025-04-13 15:00:00,16245.668467256788,18891.324,13045.415
forecast_2464,2025-04-13 16:00:00,16978.514488193934,18838.889,13549.603
forecast_2465,2025-04-13 17:00:00,17635.585998706087,18783.277,14256.92
forecast_2466,2025-04-13 18:00:00,17614.71602703838,19091.648,15570.996
forecast_2467,2025-04-13 19:00:00,16872.590641416617,19295.21,16470.809
forecast_2468,2025-04-13 20:00:00,17167.125338690454,19295.027,16781.01
forecast_2469,2025-04-13 21:00:00,16400.18307471949,19268.523,16876.408
forecast_2470,2025-04-13 22:00:00,14560.986252249708,19135.264,16683.383
forecast_2471,2025-04-13 23:00:00,14214.13351405616,18669.484,16024.969
forecast_2472,2025-04-14 00:00:00,13725.938508777312,17976.295,15199.512
forecast_2473,2025-04-14 01:00:00,10955.409223099863,17390.59,14515.074
forecast_2474,2025-04-14 02:00:00,7967.871096840113,15646.654,12879.986
forecast_2475,2025-04-14 03:00:00,9185.35636009994,13286.967,10315.52
forecast_2476,2025-04-14 04:00:00,5421.392234048648,11089.614,8252.517
forecast_2477,2025-04-14 05:00:00,4180.993549228852,8549.228,6067.9917
forecast_2478,2025-04-14 06:00:00,4098.088087672826,7947.454,5335.919
forecast_2479,2025-04-14 07:00:00,3548.5774639680744,6292.119,3547.6663
forecast_2480,2025-04-14 08:00:00,2494.623425559711,5774.102,2152.4116
forecast_2481,2025-04-14 09:00:00,1216.2529310263906,5092.0776,1567.996
forecast_2482,2025-04-14 10:00:00,963.9212582786508,3861.9773,1349.8152
forecast_2483,2025-04-14 11:00:00,2851.0059623128363,2837.3184,817.3685
forecast_2484,2025-04-14 12:00:00,2802.357483904068,2374.2358,715.12836
forecast_2485,2025-04-14 13:00:00,2272.9864802335746,2769.684,939.0902
forecast_2486,2025-04-14 14:00:00,1646.982963688137,2949.7605,1315.4579
forecast_2487,2025-04-14 15:00:00,264.9813527077301,2211.998,1086.1884
forecast_2488,2025-04-14 16:00:00,291.70190816424207,948.044,509.71286
forecast_2489,2025-04-14 17:00:00,494.78919313638096,966.0485,372.67902
forecast_2490,2025-04-14 18:00:00,1276.973237578827,1861.086,515.6186
forecast_2491,2025-04-14 19:00:00,1882.9489715395239,3162.732,786.51
forecast_2492,2025-04-14 20:00:00,1686.1156211041548,3902.1233,918.49994
forecast_2493,2025-04-14 21:00:00,1963.349100347036,4404.925,1203.5022
forecast_2494,2025-04-14 22:00:00,2285.6467816682853,5270.698,1291.3119
forecast_2495,2025-04-14 23:00:00,2504.881046616054,6084.8975,1652.2582
forecast_2496,2025-04-15 00:00:00,4432.54122828329,6309.844,2478.8425
forecast_2497,2025-04-15 01:00:00,5977.82175541873,5067.3047,3955.0225
forecast_2498,2025-04-15 02:00:00,7796.2059665124625,4067.1946,5183.9824
forecast_2499,2025-04-15 03:00:00,6889.6621663767655,4579.6157,5178.786
forecast_2500,2025-04-15 04:00:00,4493.594274235114,4120.5923,4579.729
forecast_2501,2025-04-15 05:00:00,4318.606137050459,2957.5637,3862.9197
forecast_2502,2025-04-15 06:00:00,3748.8687644643715,2918.0244,3165.5073
forecast_2503,2025-04-15 07:00:00,4914.568021891445,3448.055,2945.9248
forecast_2504,2025-04-15 08:00:00,5093.304631452108,5414.6206,3378.637
forecast_2505,2025-04-15 09:00:00,5248.588783878332,6409.1562,3729.9543
forecast_2506,2025-04-15 10:00:00,7526.722515045402,7566.978,4760.9385
forecast_2507,2025-04-15 11:00:00,8238.606358662195,8141.807,6939.445
forecast_2508,2025-04-15 12:00:00,9150.540402922852,8500.121,8179.8257
forecast_2509,2025-04-15 13:00:00,9586.54502853364,8820.568,8177.5767
forecast_2510,2025-04-15 14:00:00,10468.332109770054,9663.761,8580.339
forecast_2511,2025-04-15 15:00:00,11474.24668486123,10242.322,8912.396
forecast_2512,2025-04-15 16:00:00,12097.213949697043,10830.406,9441.865
forecast_2513,2025-04-15 17:00:00,12408.409597432932,11437.321,9856.387
forecast_2514,2025-04-15 18:00:00,12655.003106708851,11821.0625,10433.125
forecast_2515,2025-04-15 19:00:00,12642.34679993287,12592.2295,10976.558
forecast_2516,2025-04-15 20:00:00,14794.953366035345,14353.584,12319.625
forecast_2517,2025-04-15 21:00:00,13647.334770064606,15796.514,14010.497
forecast_2518,2025-04-15 22:00:00,13689.658243247633,16816.055,14839.39
forecast_2519,2025-04-15 23:00:00,15340.476816230928,17626.094,15417.411
forecast_2520,2025-04-16 00:00:00,16485.968967621073,18131.803,15810.385
forecast_2521,2025-04-16 01:00:00,18379.972147756707,18295.328,15860.709
forecast_2522,2025-04-16 02:00:00,18597.972057583997,18081.951,14949.52
forecast_2523,2025-04-16 03:00:00,17860.227970359094,18062.943,13988.138
forecast_2524,2025-04-16 04:00:00,14406.37618242865,17903.436,13348.806
forecast_2525,2025-04-16 05:00:00,15989.780516513054,17714.248,12981.627
forecast_2526,2025-04-16 06:00:00,15964.773644321873,18077.451,13359.942
forecast_2527,2025-04-16 07:00:00,15248.978380723971,18435.746,13888.48
forecast_2528,2025-04-16 08:00:00,10693.507579142975,17291.826,12196.858
forecast_2529,2025-04-16 09:00:00,9420.282460115051,15819.256,10400.552
forecast_2530,2025-04-16 10:00:00,8731.601861890873,14945.159,10031.338
forecast_2531,2025-04-16 11:00:00,11874.988845839935,14040.175,9985.946
forecast_2532,2025-04-16 12:00:00,12749.611007358964,14072.707,10116.939
forecast_2533,2025-04-16 13:00:00,14105.252022567125,15143.197,11638.771
forecast_2534,2025-04-16 14:00:00,15146.495264085119,16396.469,13379.621
forecast_2535,2025-04-16 15:00:00,16006.088226014452,17294.709,14609.574
forecast_2536,2025-04-16 16:00:00,16393.93548174628,17795.416,15260.434
forecast_2537,2025-04-16 17:00:00,16894.20288898083,18239.127,15885.386
forecast_2538,2025-04-16 18:00:00,17014.730702316923,18674.37,16388.62
forecast_2539,2025-04-16 19:00:00,17098.55744732383,19017.445,16591.582
forecast_2540,2025-04-16 20:00:00,17183.213168390503,19320.193,16828.857
forecast_2541,2025-04-16 21:00:00,16436.836302331852,19542.672,16911.6
forecast_2542,2025-04-16 22:00:00,16312.363663943837,19604.146,16706.865
forecast_2543,2025-04-16 23:00:00,16901.55391427968,19530.658,15843.982
forecast_2544,2025-04-17 00:00:00,17709.815930145574,19525.266,15351.444
forecast_2545,2025-04-17 01:00:00,17108.4310076639,19612.537,15338.485
forecast_2546,2025-04-17 02:00:00,17530.729879848575,19689.012,15155.47
forecast_2547,2025-04-17 03:00:00,17178.883308458288,19737.977,15226.087
forecast_2548,2025-04-17 04:00:00,15967.284704384518,19636.281,15217.706
forecast_2549,2025-04-17 05:00:00,16382.514701665974,19323.44,14207.9795
forecast_2550,2025-04-17 06:00:00,15337.054920963943,19210.781,13502.895
forecast_2551,2025-04-17 07:00:00,17080.596979406444,19117.115,13370.339
forecast_2552,2025-04-17 08:00:00,13342.168462052181,18854.084,13154.818
forecast_2553,2025-04-17 09:00:00,11458.36364377569,18072.11,11835.521
forecast_2554,2025-04-17 10:00:00,9355.166374346656,16829.906,9679.544
forecast_2555,2025-04-17 11:00:00,7923.412402788778,14203.712,7093.3975
forecast_2556,2025-04-17 12:00:00,7935.867212002318,11965.321,6907.1885
forecast_2557,2025-04-17 13:00:00,6085.266982108106,11333.285,7930.6196
forecast_2558,2025-04-17 14:00:00,6586.484244738274,11253.822,8441.065
forecast_2559,2025-04-17 15:00:00,7568.115177220809,12570.73,8954.341
forecast_2560,2025-04-17 16:00:00,8950.673525376262,13717.076,9648.177
forecast_2561,2025-04-17 17:00:00,10121.53773289776,15172.342,11520.493
forecast_2562,2025-04-17 18:00:00,10148.626751227082,16305.935,13251.18
forecast_2563,2025-04-17 19:00:00,11683.814230856067,17192.168,14124.621
forecast_2564,2025-04-17 20:00:00,15370.945333194333,18141.564,14529.571
forecast_2565,2025-04-17 21:00:00,13245.928572868466,18746.12,14588.768
forecast_2566,2025-04-17 22:00:00,15223.593242673116,19147.895,14983.288
forecast_2567,2025-04-17 23:00:00,12071.58156217446,19247.059,15245.993
forecast_2568,2025-04-18 00:00:00,16210.131265653663,19075.32,14925.673
forecast_2569,2025-04-18 01:00:00,15815.781124449733,19207.006,15360.873
forecast_2570,2025-04-18 02:00:00,16419.018342694013,19247.236,14896.933
forecast_2571,2025-04-18 03:00:00,17054.985273794708,19268.164,15064.24
forecast_2572,2025-04-18 04:00:00,17253.117375457972,19180.447,15253.23
forecast_2573,2025-04-18 05:00:00,16451.094330899905,18924.812,15211.9
forecast_2574,2025-04-18 06:00:00,16093.50699952,18203.197,13928.617
forecast_2575,2025-04-18 07:00:00,15699.354596012021,16915.254,11038.095
forecast_2576,2025-04-18 08:00:00,13648.314653776351,16513.59,10823.499
forecast_2577,2025-04-18 09:00:00,12498.413027358554,15331.852,10747.395
forecast_2578,2025-04-18 10:00:00,10500.36023180649,13903.3545,9749.751
forecast_2579,2025-04-18 11:00:00,9893.637108818846,12662.004,8747.556
forecast_2580,2025-04-18 12:00:00,10301.28850402052,12065.286,8547.514
forecast_2581,2025-04-18 13:00:00,7894.243676585247,10929.005,7965.362
forecast_2582,2025-04-18 14:00:00,7059.192684206402,9173.865,6527.4995
forecast_2583,2025-04-18 15:00:00,6582.920705842537,7910.999,5500.9673
forecast_2584,2025-04-18 16:00:00,6238.9731751633235,6161.2803,4328.3867
forecast_2585,2025-04-18 17:00:00,5529.019104023712,6240.369,4223.669
forecast_2586,2025-04-18 18:00:00,6963.303623254366,6056.9067,4438.0947
forecast_2587,2025-04-18 19:00:00,8059.754659056611,7666.223,5010.2153
forecast_2588,2025-04-18 20:00:00,8939.59683241668,11734.095,6069.8076
forecast_2589,2025-04-18 21:00:00,9352.682482640113,14898.7705,6924.6943
forecast_2590,2025-04-18 22:00:00,9276.198320651692,15649.311,7026.3286
forecast_2591,2025-04-18 23:00:00,6762.944303492949,15836.958,6369.7534
forecast_2592,2025-04-19 00:00:00,8289.272234865755,15391.756,5174.449
forecast_2593,2025-04-19 01:00:00,8953.324262334896,15276.498,4975.7363
forecast_2594,2025-04-19 02:00:00,12018.159978204514,16105.918,6328.0864
forecast_2595,2025-04-19 03:00:00,13334.148450018678,16623.467,7709.136
forecast_2596,2025-04-19 04:00:00,13560.963877038723,17409.379,9685.646
forecast_2597,2025-04-19 05:00:00,13062.189035279074,17655.17,10684.796
forecast_2598,2025-04-19 06:00:00,11614.005530947717,17640.787,10854.1455
forecast_2599,2025-04-19 07:00:00,9367.67574096787,16874.398,9593.348
forecast_2600,2025-04-19 08:00:00,8495.475231593919,15352.036,7739.282
forecast_2601,2025-04-19 09:00:00,9262.265193580082,14392.902,7912.8853
forecast_2602,2025-04-19 10:00:00,9034.796360391534,14723.932,9280.11
forecast_2603,2025-04-19 11:00:00,9535.409230245168,16066.947,11160.893
forecast_2604,2025-04-19 12:00:00,13007.589198005564,17168.635,12766.762
forecast_2605,2025-04-19 13:00:00,15161.86484589776,17933.936,13812.829
forecast_2606,2025-04-19 14:00:00,15404.851428084929,18402.371,14454.719
forecast_2607,2025-04-19 15:00:00,15672.281206397347,18588.389,14951.798
forecast_2608,2025-04-19 16:00:00,16937.588824048264,18726.002,14934.188
forecast_2609,2025-04-19 17:00:00,17506.179040925792,18600.148,14913.822
forecast_2610,2025-04-19 18:00:00,17812.848717767924,18573.936,14962.934
forecast_2611,2025-04-19 19:00:00,17379.860695911895,18514.729,14798.511
forecast_2612,2025-04-19 20:00:00,16803.38452945414,18062.145,13517.083
forecast_2613,2025-04-19 21:00:00,14961.343346382855,18045.441,12540.933
forecast_2614,2025-04-19 22:00:00,13530.020301665974,17662.002,12254.963
forecast_2615,2025-04-19 23:00:00,9286.765351416536,15862.038,11039.673
forecast_2616,2025-04-20 00:00:00,7750.141870812686,10313.611,7616.3384
forecast_2617,2025-04-20 01:00:00,7720.179721659226,6957.5938,5487.4556
forecast_2618,2025-04-20 02:00:00,6326.340598603756,5957.984,5861.1685
forecast_2619,2025-04-20 03:00:00,3458.701477465905,5356.7783,5015.9272
forecast_2620,2025-04-20 04:00:00,1841.3652485807756,3756.592,2571.981
forecast_2621,2025-04-20 05:00:00,1075.9385742803177,1216.0325,886.7562
forecast_2622,2025-04-20 06:00:00,569.3014488536686,445.75443,371.6575
forecast_2623,2025-04-20 07:00:00,428.9096384240473,326.08063,274.88385
forecast_2624,2025-04-20 08:00:00,124.88343765640425,290.44067,202.88043
forecast_2625,2025-04-20 09:00:00,113.62160712018006,253.7972,141.19875
forecast_2626,2025-04-20 10:00:00,24.54242346506567,237.0371,131.2659
forecast_2627,2025-04-20 11:00:00,23.358705904672657,221.61139,136.48352
forecast_2628,2025-04-20 12:00:00,20.568114595304834,193.88092,141.3351
forecast_2629,2025-04-20 13:00:00,111.21226402359194,179.85292,177.87807
forecast_2630,2025-04-20 14:00:00,109.33888682808022,178.91592,224.84474
forecast_2631,2025-04-20 15:00:00,170.42077553028727,183.52803,214.64377
forecast_2632,2025-04-20 16:00:00,184.9774999929042,198.79095,217.24052
forecast_2633,2025-04-20 17:00:00,111.9673616813399,208.9403,211.75594
forecast_2634,2025-04-20 18:00:00,152.568498669294,213.6433,202.97426
forecast_2635,2025-04-20 19:00:00,195.345237272634,222.3556,194.41176
forecast_2636,2025-04-20 20:00:00,317.97066399958413,238.29938,191.33212
forecast_2637,2025-04-20 21:00:00,88.14815902508633,280.67188,204.80731
forecast_2638,2025-04-20 22:00:00,359.4506801085201,368.89862,246.77809
forecast_2639,2025-04-20 23:00:00,265.8239637687244,423.7511,291.4804
forecast_2640,2025-04-21 00:00:00,182.91732256086743,427.69315,345.21133
forecast_2641,2025-04-21 01:00:00,442.6620190005508,408.93814,327.9426
forecast_2642,2025-04-21 02:00:00,534.6418452149226,387.80475,206.86435
forecast_2643,2025-04-21 03:00:00,900.1589850602875,409.5007,161.34705
forecast_2644,2025-04-21 04:00:00,1148.1332352704583,485.64575,159.43826
forecast_2645,2025-04-21 05:00:00,1106.8129129515496,573.4532,161.76015
forecast_2646,2025-04-21 06:00:00,1373.5141249536575,744.5647,180.06104
forecast_2647,2025-04-21 07:00:00,1494.9164027730096,930.44104,196.72592
forecast_2648,2025-04-21 08:00:00,1672.3340869524966,1086.9161,206.42572
forecast_2649,2025-04-21 09:00:00,1274.5131711678666,1255.2582,212.27673
forecast_2650,2025-04-21 10:00:00,1092.6210551766655,1312.3087,233.45348
forecast_2651,2025-04-21 11:00:00,797.641366775639,1226.1503,266.59604
forecast_2652,2025-04-21 12:00:00,576.749477919006,1098.1432,327.92102
forecast_2653,2025-04-21 13:00:00,534.121871264998,1034.6149,417.30896
forecast_2654,2025-04-21 14:00:00,572.6322090864693,1082.2922,559.0307
forecast_2655,2025-04-21 15:00:00,652.188224154401,1015.8338,708.0835
forecast_2656,2025-04-21 16:00:00,725.6885275979528,1010.9584,791.03394
forecast_2657,2025-04-21 17:00:00,719.8786727181614,1155.9412,818.17163
forecast_2658,2025-04-21 18:00:00,803.7968437482701,1407.7844,961.53076
forecast_2659,2025-04-21 19:00:00,2419.2792375941663,1890.8202,1327.8318
forecast_2660,2025-04-21 20:00:00,4169.805702199019,3296.3303,1894.4193
forecast_2661,2025-04-21 21:00:00,4817.31654819648,6001.299,3263.2432
forecast_2662,2025-04-21 22:00:00,6107.363222398147,7256.6074,3798.2605
forecast_2663,2025-04-21 23:00:00,6804.980699116098,8433.209,3828.2393
forecast_2664,2025-04-22 00:00:00,5842.615294300642,9311.063,3870.8064
forecast_2665,2025-04-22 01:00:00,5633.254956356601,9799.734,3774.7666
forecast_2666,2025-04-22 02:00:00,5739.577495316705,11165.923,4596.4785
forecast_2667,2025-04-22 03:00:00,5448.259011300551,11518.048,4195.773
forecast_2668,2025-04-22 04:00:00,4968.015151732227,10742.236,3971.8792
forecast_2669,2025-04-22 05:00:00,2939.6899149629103,9537.373,2989.967
forecast_2670,2025-04-22 06:00:00,2027.2231405324758,7702.0596,1984.3214
forecast_2671,2025-04-22 07:00:00,1290.0110840392424,6267.0293,1463.4359
forecast_2672,2025-04-22 08:00:00,2834.1294819835475,4807.471,994.8812
forecast_2673,2025-04-22 09:00:00,5785.74882599234,4718.6157,673.2853
forecast_2674,2025-04-22 10:00:00,4034.307280310193,7478.3896,1177.3386
forecast_2675,2025-04-22 11:00:00,6685.838047962072,10930.19,3599.5696
forecast_2676,2025-04-22 12:00:00,6355.649961390439,12814.39,6521.9775
forecast_2677,2025-04-22 13:00:00,8193.109414634284,13027.166,7122.0103
forecast_2678,2025-04-22 14:00:00,5172.571814966519,12668.476,6720.8335
forecast_2679,2025-04-22 15:00:00,3359.83481225176,9716.383,5397.193
forecast_2680,2025-04-22 16:00:00,2983.590401983527,4375.739,2575.33
forecast_2681,2025-04-22 17:00:00,477.1193434772451,2979.9595,957.8962
forecast_2682,2025-04-22 18:00:00,806.0872058648607,3242.9546,527.83405
forecast_2683,2025-04-22 19:00:00,2426.1681366609673,3656.8206,509.00726
forecast_2684,2025-04-22 20:00:00,3453.0996899150987,5387.2524,742.0911
forecast_2685,2025-04-22 21:00:00,3468.50216335399,7065.149,1237.0907
forecast_2686,2025-04-22 22:00:00,2970.979596057496,7508.839,1285.2137
forecast_2687,2025-04-22 23:00:00,3336.3401741191115,7706.636,1232.5647
forecast_2688,2025-04-23 00:00:00,2735.3908366360024,6651.02,895.141
forecast_2689,2025-04-23 01:00:00,4701.532185487955,5638.9307,849.0728
forecast_2690,2025-04-23 02:00:00,4926.274346194432,5271.141,1271.986
forecast_2691,2025-04-23 03:00:00,4831.899763784775,5266.7217,1762.6862
forecast_2692,2025-04-23 04:00:00,5014.896760405817,5896.197,2195.7378
forecast_2693,2025-04-23 05:00:00,5056.755265192348,6647.025,2286.0347
forecast_2694,2025-04-23 06:00:00,4445.305600194979,5548.1475,1974.967
forecast_2695,2025-04-23 07:00:00,3141.271822477583,4629.515,1509.2108
forecast_2696,2025-04-23 08:00:00,2382.3325909070513,4322.7993,1271.6765
forecast_2697,2025-04-23 09:00:00,1128.2928165593746,3090.6316,833.00903
forecast_2698,2025-04-23 10:00:00,680.8056892072175,1618.7002,475.74713
forecast_2699,2025-04-23 11:00:00,150.8754943396445,660.005,316.87012
forecast_2700,2025-04-23 12:00:00,92.39727544773528,323.79602,238.78741
forecast_2701,2025-04-23 13:00:00,46.70765338902204,213.37012,207.56975
forecast_2702,2025-04-23 14:00:00,18.18084209724644,188.49858,220.98763
forecast_2703,2025-04-23 15:00:00,201.24682994095895,185.45746,235.75221
forecast_2704,2025-04-23 16:00:00,536.6955938310097,188.18965,233.22353
forecast_2705,2025-04-23 17:00:00,1468.891066468044,203.46478,223.5215
forecast_2706,2025-04-23 18:00:00,1621.8508150613463,406.25348,265.11957
forecast_2707,2025-04-23 19:00:00,2525.5371084085064,1909.2194,539.05316
forecast_2708,2025-04-23 20:00:00,3976.0019123892775,6131.147,1416.3143
forecast_2709,2025-04-23 21:00:00,5764.039829442942,9876.441,2634.2976
forecast_2710,2025-04-23 22:00:00,8092.737251620026,11822.61,4348.9487
forecast_2711,2025-04-23 23:00:00,10925.313440519909,13396.715,6337.751
forecast_2712,2025-04-24 00:00:00,14056.86087380353,15204.989,8935.909
forecast_2713,2025-04-24 01:00:00,15384.908644060217,16615.523,11568.474
forecast_2714,2025-04-24 02:00:00,15880.993944872249,17385.295,13410.789
forecast_2715,2025-04-24 03:00:00,17387.776514085035,17857.328,13940.493
forecast_2716,2025-04-24 04:00:00,18292.884151183836,18122.361,14036.531
forecast_2717,2025-04-24 05:00:00,18416.771917311737,18155.041,13879.804
forecast_2718,2025-04-24 06:00:00,17872.43191638754,17618.557,13169.249
forecast_2719,2025-04-24 07:00:00,15634.502484572142,17192.418,12166.707
forecast_2720,2025-04-24 08:00:00,13184.00861302657,16557.24,10711.85
forecast_2721,2025-04-24 09:00:00,7805.284491200917,15715.185,8863.133
forecast_2722,2025-04-24 10:00:00,7247.331925288147,13734.586,7155.425
forecast_2723,2025-04-24 11:00:00,8558.39635642283,11208.434,6013.53
forecast_2724,2025-04-24 12:00:00,9583.528092433044,11141.337,6994.0933
forecast_2725,2025-04-24 13:00:00,13115.271551744972,13066.523,9454.669
forecast_2726,2025-04-24 14:00:00,14185.911798593985,15492.879,12040.36
forecast_2727,2025-04-24 15:00:00,16091.592063605209,16818.549,13635.767
forecast_2728,2025-04-24 16:00:00,17107.66372108237,17462.883,14317.635
forecast_2729,2025-04-24 17:00:00,16506.22011206401,17886.164,14715.489
forecast_2730,2025-04-24 18:00:00,16672.465863785215,18199.953,14735.415
forecast_2731,2025-04-24 19:00:00,16654.612531722436,18515.816,15012.004
forecast_2732,2025-04-24 20:00:00,15808.03678078822,18839.836,15556.732
forecast_2733,2025-04-24 21:00:00,15486.184504579307,18956.309,15719.506
forecast_2734,2025-04-24 22:00:00,14876.788864102195,19009.674,15541.699
forecast_2735,2025-04-24 23:00:00,13829.365262297257,18426.504,14298.735
forecast_2736,2025-04-25 00:00:00,13838.80180269427,17601.182,12786.176
forecast_2737,2025-04-25 01:00:00,13335.774141609416,16490.465,11164.749
forecast_2738,2025-04-25 02:00:00,13872.000595898386,15016.412,9543.535
forecast_2739,2025-04-25 03:00:00,13904.641656196836,13944.9375,9170.15
forecast_2740,2025-04-25 04:00:00,13287.49271340608,12359.437,9013.737
forecast_2741,2025-04-25 05:00:00,13807.235219217951,10304.553,8464.805
forecast_2742,2025-04-25 06:00:00,13823.249884509643,9710.662,8665.071
forecast_2743,2025-04-25 07:00:00,12284.586665657866,9870.755,9265.749
forecast_2744,2025-04-25 08:00:00,12270.128787769023,9476.229,9438.732
forecast_2745,2025-04-25 09:00:00,11851.463644846574,8797.771,9092.797
forecast_2746,2025-04-25 10:00:00,12087.110945121145,8199.655,8642.871
forecast_2747,2025-04-25 11:00:00,11822.596004302364,8046.9404,8087.216
forecast_2748,2025-04-25 12:00:00,11730.592876798926,8303.006,7722.676
forecast_2749,2025-04-25 13:00:00,11213.792403996913,8259.826,6987.5728
forecast_2750,2025-04-25 14:00:00,11221.561062614266,8112.739,6391.7314
forecast_2751,2025-04-25 15:00:00,11160.407947596887,8093.5005,6365.115
forecast_2752,2025-04-25 16:00:00,11237.255364022018,8156.6494,6713.9917
forecast_2753,2025-04-25 17:00:00,11454.03234393747,8417.153,7317.358
forecast_2754,2025-04-25 18:00:00,11261.738455857138,8728.268,8311.23
forecast_2755,2025-04-25 19:00:00,11025.118245476582,9677.728,9606.104
forecast_2756,2025-04-25 20:00:00,12040.017167208322,11257.138,10789.928
forecast_2757,2025-04-25 21:00:00,14332.3719907022,12829.861,12389.279
forecast_2758,2025-04-25 22:00:00,14520.138932259586,13844.795,13355.014
forecast_2759,2025-04-25 23:00:00,11346.066791534324,13149.693,12699.44
forecast_2760,2025-04-26 00:00:00,10940.109940822567,11225.979,10510.861
forecast_2761,2025-04-26 01:00:00,9010.779242875276,10042.458,8490.967
forecast_2762,2025-04-26 02:00:00,10145.19280986805,8833.901,6937.603
forecast_2763,2025-04-26 03:00:00,13434.34509014801,10635.724,7258.9277
forecast_2764,2025-04-26 04:00:00,13837.918430697935,13524.113,9181.05
forecast_2765,2025-04-26 05:00:00,12614.41539833837,15051.022,10872.938
forecast_2766,2025-04-26 06:00:00,13650.512429661885,15446.764,11270.684
forecast_2767,2025-04-26 07:00:00,14673.356189497976,16337.312,12115.655
forecast_2768,2025-04-26 08:00:00,15290.465430223374,16596.662,12531.426
forecast_2769,2025-04-26 09:00:00,13254.129131364847,16614.166,12973.107
forecast_2770,2025-04-26 10:00:00,13243.406535877022,15891.612,12600.346
forecast_2771,2025-04-26 11:00:00,12723.268174571209,15607.94,12012.572
forecast_2772,2025-04-26 12:00:00,13553.827286765343,15844.185,11771.052
forecast_2773,2025-04-26 13:00:00,13227.566154392345,16525.463,12336.738
forecast_2774,2025-04-26 14:00:00,14118.49984478873,16931.459,13148.461
forecast_2775,2025-04-26 15:00:00,15250.097395730658,17344.758,14089.948
forecast_2776,2025-04-26 16:00:00,15121.641125407057,17886.174,15194.258
forecast_2777,2025-04-26 17:00:00,15783.163448870278,18157.43,15771.796
forecast_2778,2025-04-26 18:00:00,16963.27218455199,18423.617,16154.52
forecast_2779,2025-04-26 19:00:00,17523.509389489624,18911.58,16641.795
forecast_2780,2025-04-26 20:00:00,18050.432568544496,19423.49,17356.49
forecast_2781,2025-04-26 21:00:00,18569.373529306253,19715.113,17840.656
forecast_2782,2025-04-26 22:00:00,19484.80543644883,19884.717,18188.086
forecast_2783,2025-04-26 23:00:00,19380.005506893547,19968.312,18429.105
forecast_2784,2025-04-27 00:00:00,18971.931969067475,19981.406,18472.139
forecast_2785,2025-04-27 01:00:00,19128.179792958308,19977.09,18324.227
forecast_2786,2025-04-27 02:00:00,17762.40683911036,20009.57,18075.502
forecast_2787,2025-04-27 03:00:00,19264.106084405295,20001.432,17723.045
forecast_2788,2025-04-27 04:00:00,19029.746955073264,20007.242,17400.678
forecast_2789,2025-04-27 05:00:00,19154.403449249214,19993.28,17124.727
forecast_2790,2025-04-27 06:00:00,19062.973780095454,19959.24,16731.926
forecast_2791,2025-04-27 07:00:00,19041.521242906027,19931.76,16315.835
forecast_2792,2025-04-27 08:00:00,17573.510415676094,19871.715,15795.308
forecast_2793,2025-04-27 09:00:00,16755.55985849592,19726.516,14781.917
forecast_2794,2025-04-27 10:00:00,16187.49825491173,19542.69,13549.261
forecast_2795,2025-04-27 11:00:00,16493.741676239206,19213.732,11999.204
forecast_2796,2025-04-27 12:00:00,16639.597581967828,19012.67,11577.334
forecast_2797,2025-04-27 13:00:00,17424.13789373281,18980.582,12145.489
forecast_2798,2025-04-27 14:00:00,16434.801646577234,19121.379,12953.759
forecast_2799,2025-04-27 15:00:00,15530.55979033577,19167.096,13365.643
forecast_2800,2025-04-27 16:00:00,15691.92316724408,18927.055,12968.8545
forecast_2801,2025-04-27 17:00:00,15544.360589258044,18681.293,12407.245
forecast_2802,2025-04-27 18:00:00,16097.559783628954,18562.596,12455.821
forecast_2803,2025-04-27 19:00:00,16197.966642486008,18362.123,12206.415
forecast_2804,2025-04-27 20:00:00,16860.004381238512,18443.895,12828.81
forecast_2805,2025-04-27 21:00:00,16588.400611126162,18889.393,14201.837
forecast_2806,2025-04-27 22:00:00,16923.763079517223,18876.09,14483.872
forecast_2807,2025-04-27 23:00:00,17140.11018420192,18727.496,14083.395
forecast_2808,2025-04-28 00:00:00,16231.970958284255,18825.51,14074.061
forecast_2809,2025-04-28 01:00:00,16660.49427271278,18411.578,12987.077
forecast_2810,2025-04-28 02:00:00,17180.295009470952,18409.988,12115.856
forecast_2811,2025-04-28 03:00:00,15768.689355704226,18647.602,11916.803
forecast_2812,2025-04-28 04:00:00,14061.174586272473,18309.404,11101.16
forecast_2813,2025-04-28 05:00:00,10529.364916318238,17011.93,8658.226
forecast_2814,2025-04-28 06:00:00,9907.035881922737,15057.442,6239.306
forecast_2815,2025-04-28 07:00:00,7967.392845914769,13483.336,6553.267
forecast_2816,2025-04-28 08:00:00,5106.647261853627,9722.255,5968.565
forecast_2817,2025-04-28 09:00:00,3454.1050333601547,5215.428,3612.7534
forecast_2818,2025-04-28 10:00:00,4236.8560325879,4012.5107,2339.843
forecast_2819,2025-04-28 11:00:00,7657.065580846017,4760.7773,2787.423
forecast_2820,2025-04-28 12:00:00,11717.179643160649,7044.1978,4709.432
forecast_2821,2025-04-28 13:00:00,13052.297738907202,9785.104,7509.858
forecast_2822,2025-04-28 14:00:00,12958.53303400749,10915.138,8403.674
forecast_2823,2025-04-28 15:00:00,10973.744495643847,10522.442,7633.3354
forecast_2824,2025-04-28 16:00:00,6646.369458237438,7408.474,5030.0767
forecast_2825,2025-04-28 17:00:00,5371.930285788624,3719.5737,2441.0288
forecast_2826,2025-04-28 18:00:00,2714.4203617273092,2447.929,1654.5138
forecast_2827,2025-04-28 19:00:00,2889.59296353883,1582.7997,1033.2981
forecast_2828,2025-04-28 20:00:00,3846.860858099344,1776.7871,790.166
forecast_2829,2025-04-28 21:00:00,3231.482854997192,2980.5833,1197.8184
forecast_2830,2025-04-28 22:00:00,3873.3513419045617,3227.3118,2049.5059
forecast_2831,2025-04-28 23:00:00,3610.317921433444,3207.929,2589.8823
forecast_2832,2025-04-29 00:00:00,4062.2409197184634,2582.2808,2148.167
forecast_2833,2025-04-29 01:00:00,2544.545970816887,1949.8529,1728.1218
forecast_2834,2025-04-29 02:00:00,1966.7913932021204,1054.0022,733.51825
forecast_2835,2025-04-29 03:00:00,1679.5434016971358,1010.82306,559.0863
forecast_2836,2025-04-29 04:00:00,1494.3972091484945,975.5245,636.2795
forecast_2837,2025-04-29 05:00:00,2442.622303773126,891.52747,823.16284
forecast_2838,2025-04-29 06:00:00,3630.8948441492103,1108.6373,1098.7391
forecast_2839,2025-04-29 07:00:00,4471.762643573393,3160.084,1493.9764
forecast_2840,2025-04-29 08:00:00,3923.067892836091,5848.794,2098.6206
forecast_2841,2025-04-29 09:00:00,4148.702280785118,6910.3257,2798.1245
forecast_2842,2025-04-29 10:00:00,5232.3847766854005,6666.5957,3335.2563
forecast_2843,2025-04-29 11:00:00,5812.734047967594,6417.245,3958.028
forecast_2844,2025-04-29 12:00:00,6535.609882431748,6162.15,4130.6807
forecast_2845,2025-04-29 13:00:00,7391.456308467277,6717.607,4518.3276
forecast_2846,2025-04-29 14:00:00,7116.455730739173,6838.0537,5008.3574
forecast_2847,2025-04-29 15:00:00,6880.997745213318,6920.206,5380.156
forecast_2848,2025-04-29 16:00:00,7751.2316347863225,6283.3296,5472.1006
forecast_2849,2025-04-29 17:00:00,6774.562628666677,6153.4937,5642.448
forecast_2850,2025-04-29 18:00:00,6716.7369647488395,6450.0483,5520.9673
forecast_2851,2025-04-29 19:00:00,10996.683519679149,7201.3345,6096.6807
forecast_2852,2025-04-29 20:00:00,14261.649658127484,12377.141,9194.742
forecast_2853,2025-04-29 21:00:00,14937.11736678313,16437.455,13187.53
forecast_2854,2025-04-29 22:00:00,16360.419628590253,18175.135,15428.43
forecast_2855,2025-04-29 23:00:00,17635.495583642318,19084.613,16737.084
forecast_2856,2025-04-30 00:00:00,17261.79452854977,19588.197,17451.621
forecast_2857,2025-04-30 01:00:00,17440.632874337225,19747.547,17532.904
forecast_2858,2025-04-30 02:00:00,19279.677141606,19803.209,17155.104
forecast_2859,2025-04-30 03:00:00,19654.93802719182,19861.018,16798.81
forecast_2860,2025-04-30 04:00:00,19202.33796826766,19882.062,16569.102
forecast_2861,2025-04-30 05:00:00,19309.81767848994,19865.148,16618.53
forecast_2862,2025-04-30 06:00:00,19220.014204143426,19802.201,16731.166
forecast_2863,2025-04-30 07:00:00,16250.515743196916,19735.346,16847.236
forecast_2864,2025-04-30 08:00:00,14186.8976926047,19552.484,16671.32
forecast_2865,2025-04-30 09:00:00,14114.120027792933,19111.928,15890.095
forecast_2866,2025-04-30 10:00:00,13278.308611823773,18683.59,14934.252
forecast_2867,2025-04-30 11:00:00,11620.724960330319,18600.738,14299.542
forecast_2868,2025-04-30 12:00:00,9893.976144992774,18309.59,13820.395
forecast_2869,2025-04-30 13:00:00,8585.927552651414,17687.87,12748.066
forecast_2870,2025-04-30 14:00:00,7723.898623704646,16108.787,10513.181
forecast_2871,2025-04-30 15:00:00,7349.412171647523,13116.741,7961.905
forecast_2872,2025-04-30 16:00:00,6642.616212070411,10720.786,6764.359
forecast_2873,2025-04-30 17:00:00,5817.704061370375,9366.516,6260.4243
forecast_2874,2025-04-30 18:00:00,4878.2602377670855,7139.8096,5223.846
forecast_2875,2025-04-30 19:00:00,4622.19674797004,7806.386,4697.829
forecast_2876,2025-04-30 20:00:00,4930.480726061289,9730.367,4812.2847
forecast_2877,2025-04-30 21:00:00,5866.663388558854,11103.207,5052.1216
forecast_2878,2025-04-30 22:00:00,6858.459304069608,12740.907,5543.5693
forecast_2879,2025-04-30 23:00:00,8317.235191735974,15600.427,7634.793
forecast_2880,2025-05-01 00:00:00,8090.194592710723,17572.117,10731.109
forecast_2881,2025-05-01 01:00:00,10921.91050154189,18626.162,12477.484
forecast_2882,2025-05-01 02:00:00,12400.20689018049,19151.99,13745.205
forecast_2883,2025-05-01 03:00:00,12908.129860878787,19450.79,15166.532
forecast_2884,2025-05-01 04:00:00,13826.142766103716,19658.309,16376.377
forecast_2885,2025-05-01 05:00:00,15233.065724354767,19837.12,17213.271
forecast_2886,2025-05-01 06:00:00,15164.787112235408,19961.85,17712.941
forecast_2887,2025-05-01 07:00:00,15239.032639493205,20047.613,18027.072
forecast_2888,2025-05-01 08:00:00,14810.522356086174,20000.783,18114.248
forecast_2889,2025-05-01 09:00:00,13214.992625198436,19878.723,18043.86
forecast_2890,2025-05-01 10:00:00,13350.704409058895,19631.191,17881.89
forecast_2891,2025-05-01 11:00:00,13083.699173993624,19532.299,17616.96
forecast_2892,2025-05-01 12:00:00,12674.404703189834,19459.75,17497.996
forecast_2893,2025-05-01 13:00:00,13226.690595676831,19235.8,17338.547
forecast_2894,2025-05-01 14:00:00,12098.701626048029,18922.395,16860.062
forecast_2895,2025-05-01 15:00:00,12804.32276593872,18413.65,15255.53
forecast_2896,2025-05-01 16:00:00,13631.877780179784,18186.395,14614.394
forecast_2897,2025-05-01 17:00:00,13445.091864051217,17774.727,14586.142
forecast_2898,2025-05-01 18:00:00,10380.236588828815,16811.596,12667.203
forecast_2899,2025-05-01 19:00:00,10561.561581512968,15676.869,10373.738
forecast_2900,2025-05-01 20:00:00,10733.817534782238,15055.962,9470.586
forecast_2901,2025-05-01 21:00:00,7057.942269322982,15210.691,9050.552
forecast_2902,2025-05-01 22:00:00,10325.97988189022,14793.383,7171.6196
forecast_2903,2025-05-01 23:00:00,14465.988711260808,16518.764,8095.184
forecast_2904,2025-05-02 00:00:00,15652.168130667384,18329.75,11582.013
forecast_2905,2025-05-02 01:00:00,15242.419678666543,19204.97,13701.095
forecast_2906,2025-05-02 02:00:00,15139.533633304298,19139.258,13780.243
forecast_2907,2025-05-02 03:00:00,13831.459289595668,18799.479,12323.765
forecast_2908,2025-05-02 04:00:00,13030.183447807087,18615.549,12096.501
forecast_2909,2025-05-02 05:00:00,16010.953748587743,17635.049,11116.1
forecast_2910,2025-05-02 06:00:00,16202.465654306277,17533.705,11962.08
forecast_2911,2025-05-02 07:00:00,15038.612199533707,17369.428,12992.236
forecast_2912,2025-05-02 08:00:00,14085.341441450155,16235.861,12741.804
forecast_2913,2025-05-02 09:00:00,13492.284436906331,14694.142,11931.935
forecast_2914,2025-05-02 10:00:00,10025.624363442696,11481.822,10360.975
forecast_2915,2025-05-02 11:00:00,8692.510616273845,8124.6235,8200.411
forecast_2916,2025-05-02 12:00:00,8643.339060076694,6478.0527,6519.791
forecast_2917,2025-05-02 13:00:00,5753.170900661672,5178.4595,5370.6987
forecast_2918,2025-05-02 14:00:00,6943.14649610401,4638.681,4519.113
forecast_2919,2025-05-02 15:00:00,6495.221866214381,4950.974,4449.0205
forecast_2920,2025-05-02 16:00:00,5717.212866307394,4655.6523,3898.154
forecast_2921,2025-05-02 17:00:00,5499.10670435488,4691.4443,3722.5166
forecast_2922,2025-05-02 18:00:00,6880.934472186745,5157.248,3591.4663
forecast_2923,2025-05-02 19:00:00,7411.718245881807,6665.9424,4908.1206
forecast_2924,2025-05-02 20:00:00,9088.040438820171,7927.4688,6531.56
forecast_2925,2025-05-02 21:00:00,8947.392631392644,8462.239,7849.0747
forecast_2926,2025-05-02 22:00:00,9246.235467718361,8406.531,7977.753
forecast_2927,2025-05-02 23:00:00,9574.325335627223,8475.588,8034.206
forecast_2928,2025-05-03 00:00:00,10760.213451567972,9145.893,7977.393
forecast_2929,2025-05-03 01:00:00,10426.62678181263,9180.0205,7105.613
forecast_2930,2025-05-03 02:00:00,12062.44983852198,9698.315,6805.3145
forecast_2931,2025-05-03 03:00:00,8532.184133888168,10956.038,8312.389
forecast_2932,2025-05-03 04:00:00,5606.203951699454,9919.24,7512.494
forecast_2933,2025-05-03 05:00:00,5100.10217931479,8146.6304,4830.715
forecast_2934,2025-05-03 06:00:00,3561.1388652366154,5817.603,2792.798
forecast_2935,2025-05-03 07:00:00,2266.789902478239,3665.6436,1708.63
forecast_2936,2025-05-03 08:00:00,3399.293159397079,3279.0598,1148.9089
forecast_2937,2025-05-03 09:00:00,4274.29167878578,4822.5337,1257.3706
forecast_2938,2025-05-03 10:00:00,5659.0203386661915,7606.713,2407.582
forecast_2939,2025-05-03 11:00:00,10059.892613879796,10761.918,4611.57
forecast_2940,2025-05-03 12:00:00,10810.96795582177,12891.808,6458.4746
forecast_2941,2025-05-03 13:00:00,9620.547792016388,14412.723,7433.6714
forecast_2942,2025-05-03 14:00:00,10837.65977499258,15048.657,8573.857
forecast_2943,2025-05-03 15:00:00,11889.739585749196,14570.688,8727.753
forecast_2944,2025-05-03 16:00:00,11713.399896170333,14626.408,9938.611
forecast_2945,2025-05-03 17:00:00,10510.244437276546,13498.361,10587.212
forecast_2946,2025-05-03 18:00:00,11136.670944322866,11935.456,9741.684
forecast_2947,2025-05-03 19:00:00,12217.439883552226,11793.793,10251.799
forecast_2948,2025-05-03 20:00:00,13448.99594969002,12112.674,11123.37
forecast_2949,2025-05-03 21:00:00,13160.345908437877,12864.038,12242.841
forecast_2950,2025-05-03 22:00:00,13108.75605582341,13482.904,13097.322
forecast_2951,2025-05-03 23:00:00,12922.20248402026,13065.93,13132.464
forecast_2952,2025-05-04 00:00:00,13947.068723823886,12809.575,12371.116
forecast_2953,2025-05-04 01:00:00,14819.46275606667,13299.722,12384.208
forecast_2954,2025-05-04 02:00:00,14576.880521644633,13554.465,12840.69
forecast_2955,2025-05-04 03:00:00,15098.529262430684,13760.017,13103.864
forecast_2956,2025-05-04 04:00:00,15004.546290878492,13322.837,12890.27
forecast_2957,2025-05-04 05:00:00,15400.772698092778,13253.317,12826.719
forecast_2958,2025-05-04 06:00:00,15439.565057244561,13371.807,12946.889
forecast_2959,2025-05-04 07:00:00,15575.643852697876,13728.03,13108.636
forecast_2960,2025-05-04 08:00:00,14912.478275207308,13484.436,12808.261
forecast_2961,2025-05-04 09:00:00,14466.899172307518,13116.995,12271.563
forecast_2962,2025-05-04 10:00:00,13704.488153363036,12273.051,11519.147
forecast_2963,2025-05-04 11:00:00,12054.039205284174,11321.366,10153.129
forecast_2964,2025-05-04 12:00:00,12274.096546842817,11591.439,9576.29
forecast_2965,2025-05-04 13:00:00,13140.746322718129,12403.683,9386.175
forecast_2966,2025-05-04 14:00:00,14380.1302740361,13637.194,10162.142
forecast_2967,2025-05-04 15:00:00,14419.389601664556,14551.95,11236.773
forecast_2968,2025-05-04 16:00:00,14077.73159771842,15369.025,12256.364
forecast_2969,2025-05-04 17:00:00,13762.403964359984,15683.053,12821.342
forecast_2970,2025-05-04 18:00:00,14891.323202838214,15342.471,12566.285
forecast_2971,2025-05-04 19:00:00,14837.927388184726,14912.793,12397.371
forecast_2972,2025-05-04 20:00:00,13170.199571424502,14089.214,12498.636
forecast_2973,2025-05-04 21:00:00,11528.96746565948,11567.536,11098.145
forecast_2974,2025-05-04 22:00:00,7023.5223688043725,7745.098,8113.224
forecast_2975,2025-05-04 23:00:00,4932.52739133735,3212.3665,4308.137
forecast_2976,2025-05-05 00:00:00,2867.6685557422516,1684.8513,2090.453
forecast_2977,2025-05-05 01:00:00,3452.260495415944,1190.2017,1258.8477
forecast_2978,2025-05-05 02:00:00,2754.959441166685,1096.1564,1054.4906
forecast_2979,2025-05-05 03:00:00,3435.5927598097546,916.9713,1018.9191
forecast_2980,2025-05-05 04:00:00,2358.076714548435,928.11975,1534.0962
forecast_2981,2025-05-05 05:00:00,2061.0578664931636,824.0375,1820.3054
forecast_2982,2025-05-05 06:00:00,590.3239641451764,655.5165,1599.767
forecast_2983,2025-05-05 07:00:00,523.465658011218,403.7634,875.4539
forecast_2984,2025-05-05 08:00:00,294.16209105673676,287.06235,416.6871
forecast_2985,2025-05-05 09:00:00,64.61475701639172,262.80188,280.86758
forecast_2986,2025-05-05 10:00:00,0.0,254.41351,247.67314
forecast_2987,2025-05-05 11:00:00,22.492184350030932,279.1789,225.67793
forecast_2988,2025-05-05 12:00:00,91.30520311442842,277.57996,183.73401
forecast_2989,2025-05-05 13:00:00,204.82591963525886,301.6438,140.10196
forecast_2990,2025-05-05 14:00:00,113.29639362381496,362.43588,137.70747
forecast_2991,2025-05-05 15:00:00,82.52292262591024,420.41687,159.90567
forecast_2992,2025-05-05 16:00:00,25.943396436066166,426.01373,177.32294
forecast_2993,2025-05-05 17:00:00,160.92504642037923,666.65985,187.00778
forecast_2994,2025-05-05 18:00:00,286.88308954049694,1077.7655,203.04433
forecast_2995,2025-05-05 19:00:00,2133.7875382194056,1898.6343,216.90756
forecast_2996,2025-05-05 20:00:00,1875.9163794052852,3241.8237,256.44
forecast_2997,2025-05-05 21:00:00,2041.76953705386,4503.694,386.35654
forecast_2998,2025-05-05 22:00:00,2666.6841948721467,5180.453,568.49146
forecast_2999,2025-05-05 23:00:00,1295.2922702188825,4776.219,548.9802
forecast_3000,2025-05-06 00:00:00,1449.9937278060106,4554.612,503.38193
forecast_3001,2025-05-06 01:00:00,179.35467452783593,3962.8213,543.1243
forecast_3002,2025-05-06 02:00:00,263.48845887140965,1686.5574,428.9792
forecast_3003,2025-05-06 03:00:00,115.77008596557634,896.8312,373.23712
forecast_3004,2025-05-06 04:00:00,151.60316767954933,520.4967,345.74054
forecast_3005,2025-05-06 05:00:00,406.053171964895,344.4939,289.64136
forecast_3006,2025-05-06 06:00:00,1373.1928238037844,392.5302,184.45218
forecast_3007,2025-05-06 07:00:00,1899.9160548987159,630.6816,152.18304
forecast_3008,2025-05-06 08:00:00,1482.1731589825456,855.93195,151.38835
forecast_3009,2025-05-06 09:00:00,834.3021849719719,1217.8748,170.04825
forecast_3010,2025-05-06 10:00:00,512.8355601219354,1414.4661,195.38637
forecast_3011,2025-05-06 11:00:00,406.8944337592055,1243.7683,210.98997
forecast_3012,2025-05-06 12:00:00,193.9041568262815,933.35065,214.42647
forecast_3013,2025-05-06 13:00:00,310.9282854438823,675.62427,218.7141
forecast_3014,2025-05-06 14:00:00,307.6556186693939,589.109,217.47652
forecast_3015,2025-05-06 15:00:00,342.6510808115219,653.40643,226.4788
forecast_3016,2025-05-06 16:00:00,360.3842545567876,869.07654,235.97305
forecast_3017,2025-05-06 17:00:00,243.215130493265,998.70416,227.7262
forecast_3018,2025-05-06 18:00:00,174.43585037024025,978.4882,205.62766
forecast_3019,2025-05-06 19:00:00,86.09444238272624,873.18304,202.70538
forecast_3020,2025-05-06 20:00:00,132.25611689058633,754.3214,176.09373
forecast_3021,2025-05-06 21:00:00,184.81216995437634,523.58215,188.80586
forecast_3022,2025-05-06 22:00:00,570.7181610274206,869.0081,251.31435
forecast_3023,2025-05-06 23:00:00,649.6811199323066,1097.7825,332.7921
forecast_3024,2025-05-07 00:00:00,1360.5918258097636,1151.9904,548.89966
forecast_3025,2025-05-07 01:00:00,1490.8046612021196,1099.1272,730.24426
forecast_3026,2025-05-07 02:00:00,1495.1430265529593,909.7982,916.4564
forecast_3027,2025-05-07 03:00:00,1096.510582336657,703.049,1142.761
forecast_3028,2025-05-07 04:00:00,1412.4267098629452,702.8067,1150.5199
forecast_3029,2025-05-07 05:00:00,1879.8764395721103,978.2532,1063.5564
forecast_3030,2025-05-07 06:00:00,1440.1389265513683,1259.1267,1346.5532
forecast_3031,2025-05-07 07:00:00,1663.6848315110756,1790.6945,1626.126
forecast_3032,2025-05-07 08:00:00,2841.6783528542437,1828.0917,1634.7546
forecast_3033,2025-05-07 09:00:00,2263.68357616151,1311.4492,1255.9329
forecast_3034,2025-05-07 10:00:00,1346.2865413566917,1122.1915,815.7204
forecast_3035,2025-05-07 11:00:00,1434.297394094326,861.4561,692.8006
forecast_3036,2025-05-07 12:00:00,1447.6282196830693,777.96844,689.84375
forecast_3037,2025-05-07 13:00:00,1469.3060058114074,836.4319,726.0511
forecast_3038,2025-05-07 14:00:00,1473.8592498067035,892.21655,707.0037
forecast_3039,2025-05-07 15:00:00,1131.7222365041605,929.5571,737.613
forecast_3040,2025-05-07 16:00:00,788.691278065903,733.4903,678.65234
forecast_3041,2025-05-07 17:00:00,633.00520645894,772.5545,636.2579
forecast_3042,2025-05-07 18:00:00,416.2568878807235,630.0256,399.72864
forecast_3043,2025-05-07 19:00:00,989.703998267266,616.5744,355.1847
forecast_3044,2025-05-07 20:00:00,1391.648824115813,1013.26965,430.0015
forecast_3045,2025-05-07 21:00:00,3535.2132052065563,2354.344,641.3102
forecast_3046,2025-05-07 22:00:00,4273.550705900806,4191.9062,1095.1455
forecast_3047,2025-05-07 23:00:00,4706.150989294914,5190.721,1710.4376
forecast_3048,2025-05-08 00:00:00,4091.4162409718706,5270.981,2262.4443
forecast_3049,2025-05-08 01:00:00,3070.0692160587155,5626.7554,2681.0208
forecast_3050,2025-05-08 02:00:00,4447.118590673611,5673.8574,2689.1567
forecast_3051,2025-05-08 03:00:00,5603.601414067593,6748.105,2870.7805
forecast_3052,2025-05-08 04:00:00,8013.512433862003,9350.721,3700.2554
forecast_3053,2025-05-08 05:00:00,6679.582891942207,11740.436,5348.8213
forecast_3054,2025-05-08 06:00:00,6272.63873370887,11299.275,5886.761
forecast_3055,2025-05-08 07:00:00,2574.696155903496,8094.0435,4468.375
forecast_3056,2025-05-08 08:00:00,1703.6339462680787,4342.9077,2729.6768
forecast_3057,2025-05-08 09:00:00,422.1572385216323,1354.8934,1542.799
forecast_3058,2025-05-08 10:00:00,115.02348200963627,401.3763,533.83057
forecast_3059,2025-05-08 11:00:00,236.57833868888454,296.50943,289.07025
forecast_3060,2025-05-08 12:00:00,399.71053827000117,314.38794,213.53308
forecast_3061,2025-05-08 13:00:00,405.45720485018865,357.08148,188.27583
forecast_3062,2025-05-08 14:00:00,2103.532835941532,731.744,238.23207
forecast_3063,2025-05-08 15:00:00,1599.4655183453801,1687.7506,562.7636
forecast_3064,2025-05-08 16:00:00,2157.610524862243,1822.8721,1112.9829
forecast_3065,2025-05-08 17:00:00,2323.6255473616898,2197.0825,1690.0718
forecast_3066,2025-05-08 18:00:00,2412.961723053084,2292.3303,1809.5575
forecast_3067,2025-05-08 19:00:00,3804.411522391267,3172.4014,2047.703
forecast_3068,2025-05-08 20:00:00,1499.828195391537,4956.9023,2169.976
forecast_3069,2025-05-08 21:00:00,1354.2811417763226,4659.034,1573.6471
forecast_3070,2025-05-08 22:00:00,1925.7103559354048,4198.4614,1317.0354
forecast_3071,2025-05-08 23:00:00,2290.834900390857,4353.9893,1279.7307
forecast_3072,2025-05-09 00:00:00,3159.506380718491,4410.4243,1102.5651
forecast_3073,2025-05-09 01:00:00,4181.368721314282,5165.184,1097.6786
forecast_3074,2025-05-09 02:00:00,4330.422462911844,6991.153,1579.7373
forecast_3075,2025-05-09 03:00:00,3035.0438710512963,7536.517,2154.1423
forecast_3076,2025-05-09 04:00:00,3267.7386532920245,6414.871,1934.4353
forecast_3077,2025-05-09 05:00:00,2513.1428578600085,5402.804,1587.0652
forecast_3078,2025-05-09 06:00:00,2597.5466750371547,3854.5188,1070.4546
forecast_3079,2025-05-09 07:00:00,2401.811419718754,3528.9558,829.51544
forecast_3080,2025-05-09 08:00:00,1284.6579017119234,2951.2666,666.4289
forecast_3081,2025-05-09 09:00:00,1143.5184864129803,2830.4739,596.1969
forecast_3082,2025-05-09 10:00:00,2925.397418039539,2637.6638,339.1801
forecast_3083,2025-05-09 11:00:00,2880.5665736879077,3102.3809,267.1126
forecast_3084,2025-05-09 12:00:00,6307.526059311165,4433.829,315.54318
forecast_3085,2025-05-09 13:00:00,8643.082764785184,6855.9316,631.42975
forecast_3086,2025-05-09 14:00:00,11172.389239333997,9068.591,1269.9663
forecast_3087,2025-05-09 15:00:00,11603.25167886492,11851.99,3519.6108
forecast_3088,2025-05-09 16:00:00,11525.61295494448,13452.154,5962.343
forecast_3089,2025-05-09 17:00:00,11083.008854549438,13635.374,5983.0337
forecast_3090,2025-05-09 18:00:00,7694.385677083532,14054.901,6356.293
forecast_3091,2025-05-09 19:00:00,5979.689838964998,12619.311,4467.7505
forecast_3092,2025-05-09 20:00:00,3706.5528081660973,10119.573,2542.623
forecast_3093,2025-05-09 21:00:00,2944.767503521909,6855.2314,1155.1876
forecast_3094,2025-05-09 22:00:00,2047.2009298212688,4575.263,585.735
forecast_3095,2025-05-09 23:00:00,4385.595390859542,4460.855,433.87927
forecast_3096,2025-05-10 00:00:00,7883.996601919235,6674.026,680.2021
forecast_3097,2025-05-10 01:00:00,10243.425793918761,10497.985,2477.3096
forecast_3098,2025-05-10 02:00:00,12854.296998680995,14951.343,9152.104
forecast_3099,2025-05-10 03:00:00,13090.72955606882,17080.404,13126.129
forecast_3100,2025-05-10 04:00:00,13379.383400249239,17629.516,14166.229
forecast_3101,2025-05-10 05:00:00,14226.091875466826,17542.559,14226.199
forecast_3102,2025-05-10 06:00:00,15711.395226316188,18098.863,14797.968
forecast_3103,2025-05-10 07:00:00,18888.335935625655,18756.916,15370.66
forecast_3104,2025-05-10 08:00:00,19165.503565717932,19187.34,15953.127
forecast_3105,2025-05-10 09:00:00,18927.232939600144,19243.307,16270.371
forecast_3106,2025-05-10 10:00:00,18954.737547812852,19286.488,16533.084
forecast_3107,2025-05-10 11:00:00,18492.316333994622,19333.44,16721.875
forecast_3108,2025-05-10 12:00:00,18206.27107464976,19292.982,16849.424
forecast_3109,2025-05-10 13:00:00,17864.58275070595,19145.912,16807.998
forecast_3110,2025-05-10 14:00:00,17491.031023559186,18925.236,16330.2705
forecast_3111,2025-05-10 15:00:00,16920.834988875205,18791.586,15883.977
forecast_3112,2025-05-10 16:00:00,17259.42448295876,18267.402,15061.237
forecast_3113,2025-05-10 17:00:00,16763.690348919747,16964.062,13416.075
forecast_3114,2025-05-10 18:00:00,14609.021973686535,16513.521,12822.079
forecast_3115,2025-05-10 19:00:00,11041.170529018345,15066.368,12282.875
forecast_3116,2025-05-10 20:00:00,8947.733347736725,11802.265,9963.215
forecast_3117,2025-05-10 21:00:00,7551.924885598274,10388.601,8633.119
forecast_3118,2025-05-10 22:00:00,9206.33992488263,8825.628,7015.082
forecast_3119,2025-05-10 23:00:00,9087.853141079708,9323.487,7419.0635
forecast_3120,2025-05-11 00:00:00,6074.73718348622,9070.68,7455.8633
forecast_3121,2025-05-11 01:00:00,6235.194841577705,7977.8154,5625.2056
forecast_3122,2025-05-11 02:00:00,6497.1955741435595,8145.645,5447.4053
forecast_3123,2025-05-11 03:00:00,5939.510355827786,8608.586,5506.3853
forecast_3124,2025-05-11 04:00:00,5944.223322504588,7785.3604,4323.5728
forecast_3125,2025-05-11 05:00:00,6618.193467375132,6419.5146,3034.3584
forecast_3126,2025-05-11 06:00:00,5328.53804916735,5475.7505,2677.433
forecast_3127,2025-05-11 07:00:00,3831.960603765494,3565.597,2037.6112
forecast_3128,2025-05-11 08:00:00,2943.2971512548106,2161.209,1330.456
forecast_3129,2025-05-11 09:00:00,1092.4924359950412,1311.3378,840.73
forecast_3130,2025-05-11 10:00:00,680.5822447713241,840.9508,493.36554
forecast_3131,2025-05-11 11:00:00,675.7616306677497,704.8875,383.14017
forecast_3132,2025-05-11 12:00:00,1086.1193549967775,838.13934,369.18216
forecast_3133,2025-05-11 13:00:00,1570.0413876805032,1424.474,423.33554
forecast_3134,2025-05-11 14:00:00,5745.633796151805,2225.6245,772.3074
forecast_3135,2025-05-11 15:00:00,2450.0210266341937,3518.4185,1577.7743
forecast_3136,2025-05-11 16:00:00,2147.8667327034227,3836.0034,1839.5504
forecast_3137,2025-05-11 17:00:00,3823.8403090677243,3762.708,1765.6323
forecast_3138,2025-05-11 18:00:00,3449.8206380958895,4200.859,1497.269
forecast_3139,2025-05-11 19:00:00,4404.786182316992,4620.905,1762.6656
forecast_3140,2025-05-11 20:00:00,5877.571078795257,6537.463,3324.8792
forecast_3141,2025-05-11 21:00:00,7837.614597766672,9624.221,6099.9365
forecast_3142,2025-05-11 22:00:00,9578.617204301127,11833.663,8654.924
forecast_3143,2025-05-11 23:00:00,9402.798885932461,13084.329,10144.641
forecast_3144,2025-05-12 00:00:00,12393.506519931649,14557.764,11202.705
forecast_3145,2025-05-12 01:00:00,12445.197044841234,15926.326,12165.864
forecast_3146,2025-05-12 02:00:00,13197.436223845785,16859.057,12660.515
forecast_3147,2025-05-12 03:00:00,13312.964476190891,17699.498,13135.509
forecast_3148,2025-05-12 04:00:00,12919.393342350737,18369.363,13876.762
forecast_3149,2025-05-12 05:00:00,13734.08426158064,18777.023,14830.297
forecast_3150,2025-05-12 06:00:00,12022.666799245695,18753.615,15345.814
forecast_3151,2025-05-12 07:00:00,12432.247513380233,18340.62,14988.537
forecast_3152,2025-05-12 08:00:00,12427.287422599411,17764.334,14336.125
forecast_3153,2025-05-12 09:00:00,12052.014722886957,16758.697,13237.499
forecast_3154,2025-05-12 10:00:00,10247.831349018044,15135.275,11476.448
forecast_3155,2025-05-12 11:00:00,8662.724961553078,12711.349,9326.722
forecast_3156,2025-05-12 12:00:00,9153.414107349156,10291.3955,7265.909
forecast_3157,2025-05-12 13:00:00,7960.616131603944,9492.2705,6500.8506
forecast_3158,2025-05-12 14:00:00,6820.764599260163,9330.902,6825.829
forecast_3159,2025-05-12 15:00:00,6956.537857581323,9005.554,7404.426
forecast_3160,2025-05-12 16:00:00,7399.3826306290775,8840.499,8047.966
forecast_3161,2025-05-12 17:00:00,8395.844106255332,8874.773,8373.481
forecast_3162,2025-05-12 18:00:00,8263.879914334302,9490.039,8697.979
forecast_3163,2025-05-12 19:00:00,9026.919547847549,10916.808,9344.117
forecast_3164,2025-05-12 20:00:00,10463.708059790004,13882.086,10895.045
forecast_3165,2025-05-12 21:00:00,13317.110294400662,16472.492,12510.711
forecast_3166,2025-05-12 22:00:00,15957.712028418084,18117.977,14300.729
forecast_3167,2025-05-12 23:00:00,16948.19618074322,19032.033,15873.684
forecast_3168,2025-05-13 00:00:00,17543.087280722564,19454.273,16666.32
forecast_3169,2025-05-13 01:00:00,20814.39666855734,19642.691,16968.701
forecast_3170,2025-05-13 02:00:00,20489.738421412738,19739.8,16837.465
forecast_3171,2025-05-13 03:00:00,20442.772567836822,19803.178,16575.912
forecast_3172,2025-05-13 04:00:00,18476.67129783971,19808.666,16313.08
forecast_3173,2025-05-13 05:00:00,17912.943900175414,19714.041,15793.837
forecast_3174,2025-05-13 06:00:00,16852.729072115162,19668.379,15502.883
forecast_3175,2025-05-13 07:00:00,15583.294599436203,19671.918,15486.011
forecast_3176,2025-05-13 08:00:00,15043.724992819883,19608.492,15555.073
forecast_3177,2025-05-13 09:00:00,13741.580919149726,19447.691,15491.471
forecast_3178,2025-05-13 10:00:00,12158.755659991231,18997.098,14557.518
forecast_3179,2025-05-13 11:00:00,11633.21821147821,18671.365,13566.704
forecast_3180,2025-05-13 12:00:00,11823.090142062489,18454.064,13248.226
forecast_3181,2025-05-13 13:00:00,12002.758566697206,18035.924,12784.519
forecast_3182,2025-05-13 14:00:00,11915.641431121849,17676.97,12304.318
forecast_3183,2025-05-13 15:00:00,11935.678152489098,17113.092,11648.947
forecast_3184,2025-05-13 16:00:00,11382.16826619331,16580.322,11121.795
forecast_3185,2025-05-13 17:00:00,11892.039810759576,16433.186,11083.477
forecast_3186,2025-05-13 18:00:00,12861.976250981237,16321.06,11137.331
forecast_3187,2025-05-13 19:00:00,14007.427189149575,16840.871,11321.296
forecast_3188,2025-05-13 20:00:00,16934.011150870432,17979.893,12355.514
forecast_3189,2025-05-13 21:00:00,17213.935483928355,18914.686,13561.542
forecast_3190,2025-05-13 22:00:00,16953.40104200689,19344.006,13966.182
forecast_3191,2025-05-13 23:00:00,17449.118979123257,19591.738,14461.287
forecast_3192,2025-05-14 00:00:00,18679.23659587294,19657.654,14949.818
forecast_3193,2025-05-14 01:00:00,17469.157880771672,19625.969,15117.773
forecast_3194,2025-05-14 02:00:00,19242.21992841345,19648.488,15388.306
forecast_3195,2025-05-14 03:00:00,18274.783737132548,19669.162,15343.675
forecast_3196,2025-05-14 04:00:00,19788.917715182786,19649.896,15336.574
forecast_3197,2025-05-14 05:00:00,19770.03006342592,19582.818,15213.077
forecast_3198,2025-05-14 06:00:00,17897.565956493057,19375.523,14772.151
forecast_3199,2025-05-14 07:00:00,15065.598839804683,19113.1,14078.369
forecast_3200,2025-05-14 08:00:00,12252.140019935086,18659.816,12948.991
forecast_3201,2025-05-14 09:00:00,9122.602809845801,17097.348,10613.744
forecast_3202,2025-05-14 10:00:00,6114.85944975263,13273.702,7690.032
forecast_3203,2025-05-14 11:00:00,4372.695401400974,7487.048,4890.8193
forecast_3204,2025-05-14 12:00:00,3569.165429171963,3445.0308,3060.4314
forecast_3205,2025-05-14 13:00:00,3582.3896128235497,2352.2424,2202.865
forecast_3206,2025-05-14 14:00:00,3050.591568517119,2268.1677,2122.351
forecast_3207,2025-05-14 15:00:00,3444.3830818479055,2394.6653,2117.3628
forecast_3208,2025-05-14 16:00:00,2979.022849190181,2558.366,2269.1917
forecast_3209,2025-05-14 17:00:00,3180.1791238767273,2962.1108,2335.317
forecast_3210,2025-05-14 18:00:00,3478.4072069149615,3517.0283,2405.5815
forecast_3211,2025-05-14 19:00:00,4455.620377568287,5063.3765,2832.186
forecast_3212,2025-05-14 20:00:00,5086.615512038391,7890.8496,3256.243
forecast_3213,2025-05-14 21:00:00,5517.221035059562,10429.636,3904.8533
forecast_3214,2025-05-14 22:00:00,5801.073632275229,11798.3125,4074.234
forecast_3215,2025-05-14 23:00:00,5662.306026025254,13010.463,4133.609
forecast_3216,2025-05-15 00:00:00,6481.13830560291,13788.024,4028.431
forecast_3217,2025-05-15 01:00:00,11051.163644946531,14611.604,3676.323
forecast_3218,2025-05-15 02:00:00,11763.678356521239,16089.215,5537.172
forecast_3219,2025-05-15 03:00:00,10065.252637241316,16951.557,7829.128
forecast_3220,2025-05-15 04:00:00,11089.00445934392,17365.697,8534.5
forecast_3221,2025-05-15 05:00:00,11106.562267067633,17719.385,9295.516
forecast_3222,2025-05-15 06:00:00,13116.437954915007,17935.715,10308.052
forecast_3223,2025-05-15 07:00:00,15904.521616752918,18181.0,11506.096
forecast_3224,2025-05-15 08:00:00,16398.250411218105,18733.137,13963.049
forecast_3225,2025-05-15 09:00:00,16056.050275595444,18841.877,14710.47
forecast_3226,2025-05-15 10:00:00,16136.820981229475,18329.998,13862.753
forecast_3227,2025-05-15 11:00:00,15183.064711715975,18003.764,13353.37
forecast_3228,2025-05-15 12:00:00,15793.313068091875,17422.955,12740.164
forecast_3229,2025-05-15 13:00:00,16630.54048862981,17600.037,13386.317
forecast_3230,2025-05-15 14:00:00,16583.842511014118,18000.998,14614.515
forecast_3231,2025-05-15 15:00:00,15928.850951806577,18291.865,15640.216
forecast_3232,2025-05-15 16:00:00,14701.04470751016,18102.762,15758.766
forecast_3233,2025-05-15 17:00:00,14391.335164825181,17841.291,15532.9
forecast_3234,2025-05-15 18:00:00,14707.492874968793,17733.637,15344.025
forecast_3235,2025-05-15 19:00:00,15592.359466620517,18042.688,15681.594
forecast_3236,2025-05-15 20:00:00,15154.925904232769,18016.66,15727.814
forecast_3237,2025-05-15 21:00:00,15091.048188553386,17654.69,15278.959
forecast_3238,2025-05-15 22:00:00,16078.711099071441,17560.06,15056.915
forecast_3239,2025-05-15 23:00:00,15171.943261731585,18126.857,15636.777
forecast_3240,2025-05-16 00:00:00,14861.503203107148,17965.074,15656.0625
forecast_3241,2025-05-16 01:00:00,15216.128668357198,17379.809,15214.59
forecast_3242,2025-05-16 02:00:00,15946.310462625324,17311.182,14877.658
forecast_3243,2025-05-16 03:00:00,16066.226371693701,17365.742,14445.48
forecast_3244,2025-05-16 04:00:00,16447.601695938607,17402.738,14090.138
forecast_3245,2025-05-16 05:00:00,15926.853144533388,17222.068,13659.55
forecast_3246,2025-05-16 06:00:00,15393.83384892285,16766.719,13158.4795
forecast_3247,2025-05-16 07:00:00,13799.664073552914,15829.406,12280.566
forecast_3248,2025-05-16 08:00:00,13608.313097688178,14977.485,11458.361
forecast_3249,2025-05-16 09:00:00,11365.79474171277,14418.944,11005.796
forecast_3250,2025-05-16 10:00:00,10202.008657055572,13112.535,9682.701
forecast_3251,2025-05-16 11:00:00,9313.868677111635,11461.91,8167.0845
forecast_3252,2025-05-16 12:00:00,9293.816643324722,9650.231,6244.8154
forecast_3253,2025-05-16 13:00:00,6656.227783594661,8390.437,5824.1187
forecast_3254,2025-05-16 14:00:00,5674.060842835388,6661.3887,4596.5435
forecast_3255,2025-05-16 15:00:00,5798.15938912326,6379.9937,3823.973
forecast_3256,2025-05-16 16:00:00,3781.9609655003997,5834.59,2813.3513
forecast_3257,2025-05-16 17:00:00,2919.8304978651745,5768.429,2456.7476
forecast_3258,2025-05-16 18:00:00,3127.89663636786,5438.489,2086.0103
forecast_3259,2025-05-16 19:00:00,3667.3242396284068,6062.467,1933.5916
forecast_3260,2025-05-16 20:00:00,3797.38977320476,6298.4336,1918.1726
forecast_3261,2025-05-16 21:00:00,1753.7523117133421,6351.36,1938.9279
forecast_3262,2025-05-16 22:00:00,1686.9375364533894,5700.218,1354.2842
forecast_3263,2025-05-16 23:00:00,2154.339715595595,5344.7505,868.4088
forecast_3264,2025-05-17 00:00:00,1792.749561592861,4848.9614,663.6548
forecast_3265,2025-05-17 01:00:00,3086.244032671715,4854.2334,585.5948
forecast_3266,2025-05-17 02:00:00,2442.0541902746854,3575.4514,288.64603
forecast_3267,2025-05-17 03:00:00,3102.5548176216766,4682.175,337.90918
forecast_3268,2025-05-17 04:00:00,2647.969084998694,5718.655,357.33493
forecast_3269,2025-05-17 05:00:00,1550.592835818362,6833.9097,623.15765
forecast_3270,2025-05-17 06:00:00,1309.81733935264,3701.931,555.2347
forecast_3271,2025-05-17 07:00:00,606.977776629358,2092.3782,463.57834
forecast_3272,2025-05-17 08:00:00,2418.437308634108,955.9635,353.82513
forecast_3273,2025-05-17 09:00:00,4421.706175260533,769.1513,359.80676
forecast_3274,2025-05-17 10:00:00,3322.7466503801293,2095.5342,455.72308
forecast_3275,2025-05-17 11:00:00,4536.401694837735,4223.9355,858.2523
forecast_3276,2025-05-17 12:00:00,4940.282605570934,5234.748,2447.6177
forecast_3277,2025-05-17 13:00:00,6225.35969345033,6790.358,4708.668
forecast_3278,2025-05-17 14:00:00,7720.822125779156,9676.539,6991.571
forecast_3279,2025-05-17 15:00:00,10041.911509738804,12709.708,9303.272
forecast_3280,2025-05-17 16:00:00,12813.736280331645,15337.005,11623.011
forecast_3281,2025-05-17 17:00:00,15187.501247346901,17290.754,13813.86
forecast_3282,2025-05-17 18:00:00,17130.84121396687,18382.75,15262.914
forecast_3283,2025-05-17 19:00:00,17502.370162713232,18983.066,16226.202
forecast_3284,2025-05-17 20:00:00,17420.220164370003,19307.303,16806.824
forecast_3285,2025-05-17 21:00:00,18339.842405682528,19497.709,17234.037
forecast_3286,2025-05-17 22:00:00,19043.118071178214,19622.162,17599.043
forecast_3287,2025-05-17 23:00:00,19430.47916987376,19655.914,17627.873
forecast_3288,2025-05-18 00:00:00,18160.709323637126,19580.57,17444.512
forecast_3289,2025-05-18 01:00:00,17845.855651733265,19368.068,16932.566
forecast_3290,2025-05-18 02:00:00,16182.178120582354,19068.357,15938.862
forecast_3291,2025-05-18 03:00:00,14681.307360862285,18525.29,14370.102
forecast_3292,2025-05-18 04:00:00,10115.927342334055,16308.099,10864.11
forecast_3293,2025-05-18 05:00:00,9718.142980572575,12484.333,7073.107
forecast_3294,2025-05-18 06:00:00,7557.948754802623,10116.252,4826.801
forecast_3295,2025-05-18 07:00:00,1988.4216189803158,5195.167,2453.0771
forecast_3296,2025-05-18 08:00:00,502.52395918775,1624.9056,927.2228
forecast_3297,2025-05-18 09:00:00,256.5409815524577,540.1397,342.85037
forecast_3298,2025-05-18 10:00:00,73.97929407507227,355.96472,251.7546
forecast_3299,2025-05-18 11:00:00,521.0764167372228,317.6343,269.04086
forecast_3300,2025-05-18 12:00:00,1487.3868257900706,477.82526,395.67838
forecast_3301,2025-05-18 13:00:00,2818.5884391227455,1044.4601,848.58466
forecast_3302,2025-05-18 14:00:00,3173.4430433210455,2186.541,1594.159
forecast_3303,2025-05-18 15:00:00,4552.255814192363,3337.4277,2196.1382
forecast_3304,2025-05-18 16:00:00,4857.048442343322,4211.9854,2947.2114
forecast_3305,2025-05-18 17:00:00,6653.380526121915,4817.41,3463.6704
forecast_3306,2025-05-18 18:00:00,6689.9757804438295,5274.3257,4146.142
forecast_3307,2025-05-18 19:00:00,7344.860265199795,5374.247,5003.3677
forecast_3308,2025-05-18 20:00:00,10183.497822670506,6130.2134,6444.2964
forecast_3309,2025-05-18 21:00:00,10027.512462904966,7598.137,8399.348
forecast_3310,2025-05-18 22:00:00,13554.0322329115,8236.8545,9393.696
forecast_3311,2025-05-18 23:00:00,12010.461187236762,8900.065,9775.761
forecast_3312,2025-05-19 00:00:00,12219.883658651052,10590.176,9853.3
forecast_3313,2025-05-19 01:00:00,8801.44595796837,10829.81,9019.641
forecast_3314,2025-05-19 02:00:00,9168.149832317351,9072.211,7657.5537
forecast_3315,2025-05-19 03:00:00,6595.927834772885,8272.9,7054.6636
forecast_3316,2025-05-19 04:00:00,6153.336847910473,8528.415,7159.854
forecast_3317,2025-05-19 05:00:00,5354.394182753522,9153.125,6873.262
forecast_3318,2025-05-19 06:00:00,7073.613762014388,9655.581,6540.624
forecast_3319,2025-05-19 07:00:00,8309.431858983542,12681.805,7324.2373
forecast_3320,2025-05-19 08:00:00,8926.283353821318,15949.614,10072.015
forecast_3321,2025-05-19 09:00:00,9573.058004990395,17152.156,12962.178
forecast_3322,2025-05-19 10:00:00,11645.452459122731,16704.37,13147.717
forecast_3323,2025-05-19 11:00:00,12608.104623812345,16963.332,13355.864
forecast_3324,2025-05-19 12:00:00,13897.928995425185,17484.234,14191.109
forecast_3325,2025-05-19 13:00:00,15114.12957724114,18194.906,15308.482
forecast_3326,2025-05-19 14:00:00,15727.371298781376,18559.639,16093.787
forecast_3327,2025-05-19 15:00:00,15873.198817567536,18778.846,16700.062
forecast_3328,2025-05-19 16:00:00,16442.710465094737,18902.523,17261.56
forecast_3329,2025-05-19 17:00:00,16334.818504863959,18938.156,17701.334
forecast_3330,2025-05-19 18:00:00,17290.869169685906,18907.57,17990.072
forecast_3331,2025-05-19 19:00:00,17811.31636681427,18878.168,18011.229
forecast_3332,2025-05-19 20:00:00,17682.84538023067,18908.422,17787.514
forecast_3333,2025-05-19 21:00:00,17492.03832382354,18970.389,17544.846
forecast_3334,2025-05-19 22:00:00,17508.24122423458,19074.154,17364.1
forecast_3335,2025-05-19 23:00:00,16511.652204039885,18958.99,16907.717
forecast_3336,2025-05-20 00:00:00,17527.76311499287,18727.068,16084.3
forecast_3337,2025-05-20 01:00:00,16605.163742314147,18565.492,15506.57
forecast_3338,2025-05-20 02:00:00,17219.989653336237,18743.643,15717.147
forecast_3339,2025-05-20 03:00:00,16977.019150484954,18851.756,15827.963
forecast_3340,2025-05-20 04:00:00,17050.95435573979,18663.203,15653.767
forecast_3341,2025-05-20 05:00:00,17128.113372828895,18582.084,15769.912
forecast_3342,2025-05-20 06:00:00,17070.447793117546,18527.854,16049.612
forecast_3343,2025-05-20 07:00:00,17033.27492629076,18133.232,16089.778
forecast_3344,2025-05-20 08:00:00,16839.33407133017,17723.127,15938.983
forecast_3345,2025-05-20 09:00:00,16267.527445430458,17568.967,16005.818
forecast_3346,2025-05-20 10:00:00,14928.765240647726,17117.1,15950.498
forecast_3347,2025-05-20 11:00:00,13102.400346145509,16114.544,14916.695
forecast_3348,2025-05-20 12:00:00,12923.109636312047,15021.408,13508.318
forecast_3349,2025-05-20 13:00:00,12764.18558823432,14751.593,13068.907
forecast_3350,2025-05-20 14:00:00,12205.555961040527,15533.627,13790.674
forecast_3351,2025-05-20 15:00:00,12849.257099288145,16247.043,14563.228
forecast_3352,2025-05-20 16:00:00,13681.658625704275,16539.6,15094.821
forecast_3353,2025-05-20 17:00:00,14009.96327510292,16968.605,15651.125
forecast_3354,2025-05-20 18:00:00,14674.598991235185,17477.02,16114.92
forecast_3355,2025-05-20 19:00:00,15642.719178321828,18025.906,16469.572
forecast_3356,2025-05-20 20:00:00,16009.8991155646,18801.953,17144.32
forecast_3357,2025-05-20 21:00:00,16990.720538625486,19194.533,17632.004
forecast_3358,2025-05-20 22:00:00,17403.17807124614,19294.316,17890.12
forecast_3359,2025-05-20 23:00:00,18219.089909948732,19291.078,18017.244
forecast_3360,2025-05-21 00:00:00,18225.327598437812,19358.236,18121.54
forecast_3361,2025-05-21 01:00:00,15768.857438474592,19397.025,18104.43
forecast_3362,2025-05-21 02:00:00,14345.339985370038,19006.451,17182.174
forecast_3363,2025-05-21 03:00:00,14445.74676393293,18667.373,15350.523
forecast_3364,2025-05-21 04:00:00,13679.268860397866,18577.684,13854.72
forecast_3365,2025-05-21 05:00:00,12302.217710171448,18403.828,13232.678
forecast_3366,2025-05-21 06:00:00,8498.999153607287,18173.303,13101.414
forecast_3367,2025-05-21 07:00:00,3727.11055569191,16859.545,11436.147
forecast_3368,2025-05-21 08:00:00,2172.3715359420708,8638.247,4238.8267
forecast_3369,2025-05-21 09:00:00,881.477875687957,2721.777,1447.1536
forecast_3370,2025-05-21 10:00:00,799.4472428465255,747.158,579.3182
forecast_3371,2025-05-21 11:00:00,740.406506222078,462.456,412.94766
forecast_3372,2025-05-21 12:00:00,892.1977972176574,472.4626,396.18707
forecast_3373,2025-05-21 13:00:00,739.9264816428866,524.5677,442.92432
forecast_3374,2025-05-21 14:00:00,705.5223380069837,552.121,511.24155
forecast_3375,2025-05-21 15:00:00,739.4107607838398,568.59753,665.86017
forecast_3376,2025-05-21 16:00:00,657.6069641379804,507.6718,644.396
forecast_3377,2025-05-21 17:00:00,143.55447468209158,384.3407,441.03622
forecast_3378,2025-05-21 18:00:00,157.65291914780366,329.14777,274.27768
forecast_3379,2025-05-21 19:00:00,349.25399322840514,388.1732,168.20253
forecast_3380,2025-05-21 20:00:00,450.7562101374334,403.74857,153.26022
forecast_3381,2025-05-21 21:00:00,634.0643444196992,418.2681,157.07866
forecast_3382,2025-05-21 22:00:00,818.0771229242766,423.046,160.2087
forecast_3383,2025-05-21 23:00:00,547.2506646191479,496.3882,177.399
forecast_3384,2025-05-22 00:00:00,425.4915178089923,421.36835,130.8957
forecast_3385,2025-05-22 01:00:00,919.9236213429782,443.00995,146.69022
forecast_3386,2025-05-22 02:00:00,852.331099465803,425.26086,177.67804
forecast_3387,2025-05-22 03:00:00,926.8621698461321,419.9283,202.29916
forecast_3388,2025-05-22 04:00:00,2050.093818449507,444.7292,210.59312
forecast_3389,2025-05-22 05:00:00,915.221030489645,471.07034,234.4106
forecast_3390,2025-05-22 06:00:00,688.5126677429964,423.88522,262.10934
forecast_3391,2025-05-22 07:00:00,452.80742168996886,385.7034,310.6282
forecast_3392,2025-05-22 08:00:00,1458.2418289430243,339.91757,343.24747
forecast_3393,2025-05-22 09:00:00,2521.6927421361465,361.0059,380.07315
forecast_3394,2025-05-22 10:00:00,3433.185973528803,655.7553,411.41757
forecast_3395,2025-05-22 11:00:00,3280.098494658737,1267.2969,489.92825
forecast_3396,2025-05-22 12:00:00,2631.3046178677023,1650.4915,538.84247
forecast_3397,2025-05-22 13:00:00,2504.3374295441513,1773.5807,554.43787
forecast_3398,2025-05-22 14:00:00,1363.9388715720609,1793.7274,542.3521
forecast_3399,2025-05-22 15:00:00,631.8031008616169,1623.8765,496.25858
forecast_3400,2025-05-22 16:00:00,623.8945694963026,1322.8158,400.77536
forecast_3401,2025-05-22 17:00:00,493.76150297610224,772.3772,287.09598
forecast_3402,2025-05-22 18:00:00,378.54217129672026,541.6525,222.98026
forecast_3403,2025-05-22 19:00:00,582.7271984795173,570.5627,193.4825
forecast_3404,2025-05-22 20:00:00,1505.361083779509,811.4218,171.941
forecast_3405,2025-05-22 21:00:00,1140.0951586322499,1434.1646,161.21213
forecast_3406,2025-05-22 22:00:00,2190.1040647649043,2625.1055,167.71187
forecast_3407,2025-05-22 23:00:00,2367.4503138732666,3251.9033,170.44168
forecast_3408,2025-05-23 00:00:00,2904.473571494172,3332.894,172.52126
forecast_3409,2025-05-23 01:00:00,3432.64979662065,3072.317,152.94974
forecast_3410,2025-05-23 02:00:00,3505.9468567130816,3026.8726,150.71751
forecast_3411,2025-05-23 03:00:00,3249.858304810789,3242.3115,161.82805
forecast_3412,2025-05-23 04:00:00,3523.955814473871,3333.9324,169.22264
forecast_3413,2025-05-23 05:00:00,3665.958392013591,3484.8887,154.70563
forecast_3414,2025-05-23 06:00:00,3271.1640337268436,4056.151,161.22723
forecast_3415,2025-05-23 07:00:00,3437.835586418456,4449.9565,172.22159
forecast_3416,2025-05-23 08:00:00,3378.136329197058,3931.364,180.81766
forecast_3417,2025-05-23 09:00:00,2097.983846312823,3693.4597,187.56732
forecast_3418,2025-05-23 10:00:00,1689.8445832059494,3751.269,208.79408
forecast_3419,2025-05-23 11:00:00,1378.1690740014142,3614.5564,230.70653
forecast_3420,2025-05-23 12:00:00,1342.2915552071256,3111.0825,240.5493
forecast_3421,2025-05-23 13:00:00,1191.6562777010658,2905.2727,241.80739
forecast_3422,2025-05-23 14:00:00,1169.0432205531786,2617.8152,228.0875
forecast_3423,2025-05-23 15:00:00,1059.6878117091055,2562.696,210.08713
forecast_3424,2025-05-23 16:00:00,1094.056256869887,2564.0828,198.22565
forecast_3425,2025-05-23 17:00:00,1252.9141672620647,2674.2546,192.28961
forecast_3426,2025-05-23 18:00:00,1738.2947350385837,3173.1204,202.60912
forecast_3427,2025-05-23 19:00:00,2920.26648993941,4063.134,230.43697
forecast_3428,2025-05-23 20:00:00,2903.0704310574984,4809.5483,242.1442
forecast_3429,2025-05-23 21:00:00,3826.130508512124,5512.2666,267.79593
forecast_3430,2025-05-23 22:00:00,5038.243936974761,5791.5874,303.04367
forecast_3431,2025-05-23 23:00:00,3789.3966450381727,5991.941,317.86392
forecast_3432,2025-05-24 00:00:00,4061.3877047470273,5798.426,291.92828
forecast_3433,2025-05-24 01:00:00,5803.410894292661,5572.4194,261.91553
forecast_3434,2025-05-24 02:00:00,5218.649240975502,6456.488,292.65118
forecast_3435,2025-05-24 03:00:00,5090.368568930156,7295.193,390.36798
forecast_3436,2025-05-24 04:00:00,4703.199610018965,8376.7295,530.88165
forecast_3437,2025-05-24 05:00:00,5486.768636983252,9222.582,648.0496
forecast_3438,2025-05-24 06:00:00,5585.695789168569,9465.612,712.6985
forecast_3439,2025-05-24 07:00:00,4884.282565202994,9342.858,796.14185
forecast_3440,2025-05-24 08:00:00,4349.637617983309,9121.321,876.4041
forecast_3441,2025-05-24 09:00:00,3461.442090692165,8384.467,938.90497
forecast_3442,2025-05-24 10:00:00,2561.968810130233,7575.6,915.90344
forecast_3443,2025-05-24 11:00:00,2763.349299893387,6395.3794,886.00104
forecast_3444,2025-05-24 12:00:00,3103.5313118033237,6157.363,754.77924
forecast_3445,2025-05-24 13:00:00,2458.777439848932,6577.8726,707.0109
forecast_3446,2025-05-24 14:00:00,2723.7047430662583,6820.6577,715.3829
forecast_3447,2025-05-24 15:00:00,4068.5309640415403,6699.0244,718.0556
forecast_3448,2025-05-24 16:00:00,4730.2600061448575,7772.0825,851.486
forecast_3449,2025-05-24 17:00:00,5027.7291453188045,9450.385,1147.6058
forecast_3450,2025-05-24 18:00:00,5613.474702877046,9870.979,1532.1503
forecast_3451,2025-05-24 19:00:00,5664.816731535567,9711.544,1822.0763
forecast_3452,2025-05-24 20:00:00,4125.039381959421,9911.526,2191.9963
forecast_3453,2025-05-24 21:00:00,4185.253803034658,9096.463,2317.9849
forecast_3454,2025-05-24 22:00:00,4911.8437245563155,8564.31,2218.9531
forecast_3455,2025-05-24 23:00:00,4839.92509824343,8326.036,2033.2922
forecast_3456,2025-05-25 00:00:00,4022.7529444313705,7657.1206,1863.5914
forecast_3457,2025-05-25 01:00:00,3069.910792206779,6626.679,1538.0747
forecast_3458,2025-05-25 02:00:00,2270.0143746496947,5195.2817,1279.6007
forecast_3459,2025-05-25 03:00:00,1725.151388710896,3813.793,1084.2135
forecast_3460,2025-05-25 04:00:00,1444.8207155096563,2736.702,898.0848
forecast_3461,2025-05-25 05:00:00,2365.974498435541,2145.9783,615.29364
forecast_3462,2025-05-25 06:00:00,2905.5144753015747,2077.939,717.0482
forecast_3463,2025-05-25 07:00:00,2458.171954205058,1869.1056,1015.9079
forecast_3464,2025-05-25 08:00:00,2036.6939473998584,1460.9202,1071.0393
forecast_3465,2025-05-25 09:00:00,787.1524383368281,918.4659,853.1735
forecast_3466,2025-05-25 10:00:00,481.59708914415387,507.27716,545.394
forecast_3467,2025-05-25 11:00:00,384.7188979757093,341.34183,383.49655
forecast_3468,2025-05-25 12:00:00,1475.8371600260516,344.39725,421.2936
forecast_3469,2025-05-25 13:00:00,1703.2676604753947,655.63135,479.89435
forecast_3470,2025-05-25 14:00:00,1689.7499896291706,1288.6232,749.0133
forecast_3471,2025-05-25 15:00:00,1044.4385207246269,1245.9451,919.7405
forecast_3472,2025-05-25 16:00:00,648.7551366544487,1017.0877,457.18277
forecast_3473,2025-05-25 17:00:00,1533.54381019904,882.53296,407.54803
forecast_3474,2025-05-25 18:00:00,1482.819991198464,1058.1766,290.00647
forecast_3475,2025-05-25 19:00:00,2752.9524713193714,1129.7037,230.99808
forecast_3476,2025-05-25 20:00:00,3655.691776859161,2802.3518,398.38498
forecast_3477,2025-05-25 21:00:00,5186.785989861534,5576.9478,1283.4514
forecast_3478,2025-05-25 22:00:00,6216.47154329978,6779.962,3232.9873
forecast_3479,2025-05-25 23:00:00,7392.0740003769915,7490.1035,4150.3506
forecast_3480,2025-05-26 00:00:00,6094.62526089985,7751.0376,4462.957
forecast_3481,2025-05-26 01:00:00,6377.6130186772025,7101.116,4336.8467
forecast_3482,2025-05-26 02:00:00,7619.816035392601,6672.665,4662.243
forecast_3483,2025-05-26 03:00:00,6870.314985077684,5258.022,4139.739
forecast_3484,2025-05-26 04:00:00,3981.46007305713,5018.0513,3697.9475
forecast_3485,2025-05-26 05:00:00,2528.000527240059,3750.8804,3074.283
forecast_3486,2025-05-26 06:00:00,1738.5538908114072,2441.912,2171.8147
forecast_3487,2025-05-26 07:00:00,769.2529582559762,1212.4591,1270.0886
forecast_3488,2025-05-26 08:00:00,131.56894022343258,543.9793,693.0338
forecast_3489,2025-05-26 09:00:00,46.82441631847199,338.29684,441.52234
forecast_3490,2025-05-26 10:00:00,80.10681632890329,238.29599,325.8757
forecast_3491,2025-05-26 11:00:00,9.946477114399034,231.90106,313.71292
forecast_3492,2025-05-26 12:00:00,10.1588344343984,217.35358,213.03378
forecast_3493,2025-05-26 13:00:00,70.09793254678284,244.2428,149.23413
forecast_3494,2025-05-26 14:00:00,187.6252562293836,327.1009,145.90997
forecast_3495,2025-05-26 15:00:00,172.21938194764962,514.66315,181.80005
forecast_3496,2025-05-26 16:00:00,230.23361968714016,588.02716,203.86232
forecast_3497,2025-05-26 17:00:00,211.61361524480296,760.4619,228.0931
forecast_3498,2025-05-26 18:00:00,285.7482010248298,827.51746,254.9756
forecast_3499,2025-05-26 19:00:00,147.66362995595887,989.4979,297.3259
forecast_3500,2025-05-26 20:00:00,937.7968684045192,1453.0989,366.80807
forecast_3501,2025-05-26 21:00:00,1892.6665161527558,1906.7096,489.94183
forecast_3502,2025-05-26 22:00:00,2354.5811589552877,2316.13,659.7063
forecast_3503,2025-05-26 23:00:00,3107.6282020947874,2926.64,938.2487
forecast_3504,2025-05-27 00:00:00,3517.313928112341,4256.6836,1278.0698
forecast_3505,2025-05-27 01:00:00,3103.0656620912578,6064.3374,1627.3339
forecast_3506,2025-05-27 02:00:00,4410.791031429993,7661.548,2473.7034
forecast_3507,2025-05-27 03:00:00,3690.5579267291996,7955.5864,2658.3052
forecast_3508,2025-05-27 04:00:00,4396.060224677952,8234.249,2501.568
forecast_3509,2025-05-27 05:00:00,3715.0101256046223,8066.4277,2209.7659
forecast_3510,2025-05-27 06:00:00,2094.6608077756123,6670.9204,1766.9636
forecast_3511,2025-05-27 07:00:00,1221.8987415798001,4119.642,1186.1349
forecast_3512,2025-05-27 08:00:00,372.5842595620801,2417.9436,774.2194
forecast_3513,2025-05-27 09:00:00,151.9287379130695,1119.8496,496.24484
forecast_3514,2025-05-27 10:00:00,84.05331621427378,540.6452,328.69586
forecast_3515,2025-05-27 11:00:00,77.34366289258566,300.80096,196.54517
forecast_3516,2025-05-27 12:00:00,79.19230109793493,249.51709,148.12297
forecast_3517,2025-05-27 13:00:00,66.58931422202795,233.4672,129.65704
forecast_3518,2025-05-27 14:00:00,61.29044486180525,213.17438,132.39178
forecast_3519,2025-05-27 15:00:00,70.57968460298868,202.61333,143.70448
forecast_3520,2025-05-27 16:00:00,99.48691289427957,178.04178,149.48805
forecast_3521,2025-05-27 17:00:00,63.87025120499624,161.82237,160.24017
forecast_3522,2025-05-27 18:00:00,8.166121070117304,162.06842,220.45442
forecast_3523,2025-05-27 19:00:00,29.947227394318197,158.3911,149.11731
forecast_3524,2025-05-27 20:00:00,81.13364808635934,163.48634,136.96796
forecast_3525,2025-05-27 21:00:00,238.83888162396042,227.96315,153.12811
forecast_3526,2025-05-27 22:00:00,1003.0906341272735,433.4721,265.0528
forecast_3527,2025-05-27 23:00:00,1708.805335675396,749.26917,490.50137
forecast_3528,2025-05-28 00:00:00,2219.9609503017427,902.8408,751.16693
forecast_3529,2025-05-28 01:00:00,4044.7916180588236,1012.6479,877.68774
forecast_3530,2025-05-28 02:00:00,5041.004757017261,1748.383,1472.013
forecast_3531,2025-05-28 03:00:00,4947.345704779534,2814.415,2342.5686
forecast_3532,2025-05-28 04:00:00,4363.332728490183,4072.2688,3024.5273
forecast_3533,2025-05-28 05:00:00,5616.546985510991,4677.424,2977.9155
forecast_3534,2025-05-28 06:00:00,1989.3527027290477,4146.459,2578.1938
forecast_3535,2025-05-28 07:00:00,566.6535632094904,1892.5873,1432.292
forecast_3536,2025-05-28 08:00:00,13.95077635792102,739.50183,601.6822
forecast_3537,2025-05-28 09:00:00,23.361098734315302,345.2804,276.6569
forecast_3538,2025-05-28 10:00:00,9.386411261835018,242.58646,170.85056
forecast_3539,2025-05-28 11:00:00,38.514985238166496,235.77078,148.09541
forecast_3540,2025-05-28 12:00:00,104.1110633300606,271.42856,146.17152
forecast_3541,2025-05-28 13:00:00,45.11414460525249,357.15613,170.92169
forecast_3542,2025-05-28 14:00:00,118.32994848589675,583.3646,188.51326
forecast_3543,2025-05-28 15:00:00,243.77185362920713,1206.7253,186.06801
forecast_3544,2025-05-28 16:00:00,481.111919839734,1364.4761,165.95378
forecast_3545,2025-05-28 17:00:00,277.2981901194267,1861.0024,182.0966
forecast_3546,2025-05-28 18:00:00,119.58038473942509,1327.5398,149.48622
forecast_3547,2025-05-28 19:00:00,221.64482689391204,929.6895,166.00269
forecast_3548,2025-05-28 20:00:00,460.98799516796197,804.5733,246.59523
forecast_3549,2025-05-28 21:00:00,408.8890227760115,607.5427,249.82733
forecast_3550,2025-05-28 22:00:00,1217.2310664213694,844.6637,298.5988
forecast_3551,2025-05-28 23:00:00,1414.943479612869,1388.9568,596.39514
forecast_3552,2025-05-29 00:00:00,1482.9385722898467,1471.137,843.18713
forecast_3553,2025-05-29 01:00:00,1016.6288680345185,1476.0524,741.0244
forecast_3554,2025-05-29 02:00:00,942.4266607254805,1834.8783,720.52155
forecast_3555,2025-05-29 03:00:00,1136.5501785009048,2050.0862,735.97833
forecast_3556,2025-05-29 04:00:00,902.8226594156763,2459.169,935.13043
forecast_3557,2025-05-29 05:00:00,680.3975120857141,2471.2058,1137.279
forecast_3558,2025-05-29 06:00:00,241.85890454705964,1642.6354,853.3567
forecast_3559,2025-05-29 07:00:00,249.5662188449658,1172.8988,496.4818
forecast_3560,2025-05-29 08:00:00,151.82137348871743,504.40717,268.98758
forecast_3561,2025-05-29 09:00:00,26.591683926877838,412.39447,200.74623
forecast_3562,2025-05-29 10:00:00,170.88752098787694,436.49564,159.87616
forecast_3563,2025-05-29 11:00:00,155.02824152570682,504.81653,156.49765
forecast_3564,2025-05-29 12:00:00,157.86319565658525,518.57367,164.3045
forecast_3565,2025-05-29 13:00:00,420.6119861873893,517.4311,187.86769
forecast_3566,2025-05-29 14:00:00,447.2961628914875,541.9369,207.43513
forecast_3567,2025-05-29 15:00:00,280.59602394901435,598.1581,215.96115
forecast_3568,2025-05-29 16:00:00,409.31634898734893,603.7017,223.64714
forecast_3569,2025-05-29 17:00:00,643.3365077089072,536.9502,221.66934
forecast_3570,2025-05-29 18:00:00,756.0442115528671,570.0692,226.05722
forecast_3571,2025-05-29 19:00:00,801.8465133552362,724.6208,226.24689
forecast_3572,2025-05-29 20:00:00,1586.2578442832887,1203.0194,233.51779
forecast_3573,2025-05-29 21:00:00,1474.6435235132783,1913.5432,246.03275
forecast_3574,2025-05-29 22:00:00,1740.1571941051757,3282.2173,266.21326
forecast_3575,2025-05-29 23:00:00,1524.2107977963317,4424.235,356.68964
forecast_3576,2025-05-30 00:00:00,1650.1364419937247,4284.847,419.78333
forecast_3577,2025-05-30 01:00:00,1152.0053844069955,3487.182,412.69583
forecast_3578,2025-05-30 02:00:00,1042.3405286285097,2953.6016,358.0938
forecast_3579,2025-05-30 03:00:00,1632.9492671283288,2319.101,293.75046
forecast_3580,2025-05-30 04:00:00,1818.1600011160897,2503.4849,301.6572
forecast_3581,2025-05-30 05:00:00,1827.9896398766637,2608.7236,327.7273
forecast_3582,2025-05-30 06:00:00,1737.2062007661648,3103.2139,429.7429
forecast_3583,2025-05-30 07:00:00,2217.734301975593,3229.264,497.95322
forecast_3584,2025-05-30 08:00:00,1677.067054517248,2393.4395,434.6625
forecast_3585,2025-05-30 09:00:00,1393.6130650727243,2012.4932,385.68817
forecast_3586,2025-05-30 10:00:00,1625.4934644121379,1703.4791,330.13205
forecast_3587,2025-05-30 11:00:00,1458.578193036009,1374.7605,301.596
forecast_3588,2025-05-30 12:00:00,763.5799338977353,1012.4333,271.327
forecast_3589,2025-05-30 13:00:00,570.5068951749018,717.55066,237.63599
forecast_3590,2025-05-30 14:00:00,254.4351449678176,581.53345,224.10254
forecast_3591,2025-05-30 15:00:00,175.41868499919414,447.4976,215.94984
forecast_3592,2025-05-30 16:00:00,222.14965888386047,347.40442,204.00504
forecast_3593,2025-05-30 17:00:00,282.3776023169413,313.8787,196.83357
forecast_3594,2025-05-30 18:00:00,233.1651084032657,340.54065,191.59465
forecast_3595,2025-05-30 19:00:00,667.4603245675527,503.61615,200.03294
forecast_3596,2025-05-30 20:00:00,1110.1380061679656,966.5382,209.1517
forecast_3597,2025-05-30 21:00:00,1348.0806601030372,2298.2002,268.27716
forecast_3598,2025-05-30 22:00:00,1391.7522271346725,3873.9436,398.99973
forecast_3599,2025-05-30 23:00:00,1169.8998505045643,3312.4822,417.0411
forecast_3600,2025-05-31 00:00:00,1204.275150908738,2267.5503,318.94754
forecast_3601,2025-05-31 01:00:00,431.8302572489792,2169.5457,293.16434
forecast_3602,2025-05-31 02:00:00,667.1627038640729,1944.2192,299.76108
forecast_3603,2025-05-31 03:00:00,1367.266555659407,1354.1013,437.5301
forecast_3604,2025-05-31 04:00:00,1069.677575428338,857.57074,432.7665
forecast_3605,2025-05-31 05:00:00,1229.4531769733626,859.0645,458.03467
forecast_3606,2025-05-31 06:00:00,1053.0688628150772,942.4331,599.98987
forecast_3607,2025-05-31 07:00:00,1171.3786180299608,745.953,563.0261
forecast_3608,2025-05-31 08:00:00,932.7481460360174,542.8619,387.89343
forecast_3609,2025-05-31 09:00:00,522.9161304104615,419.59818,273.9369
forecast_3610,2025-05-31 10:00:00,446.06046007302723,412.18744,250.0336
forecast_3611,2025-05-31 11:00:00,731.1848941815682,408.9087,245.8948
forecast_3612,2025-05-31 12:00:00,537.9783991846623,526.20197,224.43642
forecast_3613,2025-05-31 13:00:00,494.6580898087279,832.86615,255.65652
forecast_3614,2025-05-31 14:00:00,555.2633519619784,955.6172,286.82333
forecast_3615,2025-05-31 15:00:00,466.6958323945966,1065.9785,304.14853
forecast_3616,2025-05-31 16:00:00,149.32349885697715,914.40485,288.48383
forecast_3617,2025-05-31 17:00:00,511.3232649005469,779.1154,264.0425
forecast_3618,2025-05-31 18:00:00,624.3596718219321,611.8421,237.2309
forecast_3619,2025-05-31 19:00:00,1113.5367483273133,610.1319,231.25041
forecast_3620,2025-05-31 20:00:00,1123.2449794712923,812.1038,240.46562
forecast_3621,2025-05-31 21:00:00,1688.1394592344823,1775.7517,379.083
forecast_3622,2025-05-31 22:00:00,1281.5369928577827,2255.786,677.8346
forecast_3623,2025-05-31 23:00:00,1320.1231648671899,1656.8632,774.99854
forecast_3624,2025-06-01 00:00:00,678.194314636972,1323.1888,745.59467
forecast_3625,2025-06-01 01:00:00,710.899745810342,966.3412,663.59827
forecast_3626,2025-06-01 02:00:00,978.9825196055995,799.4988,709.7418
forecast_3627,2025-06-01 03:00:00,1294.3480062774438,844.7535,948.2195
forecast_3628,2025-06-01 04:00:00,1841.1510552250736,1013.3831,1277.3606
forecast_3629,2025-06-01 05:00:00,1860.4434434723273,1029.6158,1517.35
forecast_3630,2025-06-01 06:00:00,1134.5402779993433,718.80695,1280.801
forecast_3631,2025-06-01 07:00:00,684.3757163833781,468.01077,830.63446
forecast_3632,2025-06-01 08:00:00,92.52054927601469,309.52313,420.77765
forecast_3633,2025-06-01 09:00:00,6.9612291300571325,227.9666,234.37555
forecast_3634,2025-06-01 10:00:00,14.025383378880951,191.88625,195.44026
forecast_3635,2025-06-01 11:00:00,9.137920021000571,189.79402,235.57321
forecast_3636,2025-06-01 12:00:00,33.293287646211084,204.5693,301.2029
forecast_3637,2025-06-01 13:00:00,83.14123074940525,213.81483,352.7967
forecast_3638,2025-06-01 14:00:00,4.341646674098166,235.15564,403.9032
forecast_3639,2025-06-01 15:00:00,85.43559590413851,231.7425,419.95078
forecast_3640,2025-06-01 16:00:00,43.23662660162065,208.54866,197.17798
forecast_3641,2025-06-01 17:00:00,92.64669764678042,265.7503,182.47833
forecast_3642,2025-06-01 18:00:00,695.6328240667877,343.91727,190.21472
forecast_3643,2025-06-01 19:00:00,650.3690759134703,492.8035,215.48906
forecast_3644,2025-06-01 20:00:00,2572.690350444589,852.7808,324.49927
forecast_3645,2025-06-01 21:00:00,3946.4465489286918,2284.717,760.85364
forecast_3646,2025-06-01 22:00:00,4324.277345829889,4264.993,1680.3915
forecast_3647,2025-06-01 23:00:00,4329.709821459983,6321.8574,2492.3335
forecast_3648,2025-06-02 00:00:00,3863.8703588151766,5878.7124,2636.6775
forecast_3649,2025-06-02 01:00:00,4582.039306182941,5744.947,2471.1643
forecast_3650,2025-06-02 02:00:00,2783.1350275605378,6501.799,3131.6812
forecast_3651,2025-06-02 03:00:00,4135.715358905736,5411.8936,2712.0168
forecast_3652,2025-06-02 04:00:00,1980.9420253651888,5056.089,2261.5469
forecast_3653,2025-06-02 05:00:00,3068.6912357103197,4283.142,2069.6482
forecast_3654,2025-06-02 06:00:00,1483.1105834317318,2377.5112,1303.7548
forecast_3655,2025-06-02 07:00:00,1025.486747500141,1041.6403,718.6489
forecast_3656,2025-06-02 08:00:00,676.5464430917452,454.3506,405.13165
forecast_3657,2025-06-02 09:00:00,334.0847108985279,300.87836,212.89665
forecast_3658,2025-06-02 10:00:00,311.7206108860691,318.82648,167.84425
forecast_3659,2025-06-02 11:00:00,487.6280675908692,453.98804,182.53741
forecast_3660,2025-06-02 12:00:00,473.23515745173785,612.11414,210.27805
forecast_3661,2025-06-02 13:00:00,277.0900531040184,800.84796,248.88351
forecast_3662,2025-06-02 14:00:00,425.9782574686068,940.4411,271.54932
forecast_3663,2025-06-02 15:00:00,1320.2952202740717,1130.2155,293.0742
forecast_3664,2025-06-02 16:00:00,2005.2052182056534,1669.2256,359.0021
forecast_3665,2025-06-02 17:00:00,2423.9738568547427,2330.2341,459.38834
forecast_3666,2025-06-02 18:00:00,2701.709614331991,2570.3127,608.6217
forecast_3667,2025-06-02 19:00:00,2066.669578089876,2442.2383,626.00006
forecast_3668,2025-06-02 20:00:00,1940.5767130144961,2781.4734,664.8409
forecast_3669,2025-06-02 21:00:00,1785.501698213341,2838.3743,618.771
forecast_3670,2025-06-02 22:00:00,1172.5130251846385,2700.2222,609.63983
forecast_3671,2025-06-02 23:00:00,865.8984923108486,2383.114,545.7306
forecast_3672,2025-06-03 00:00:00,902.9532325270239,1923.4934,495.82428
forecast_3673,2025-06-03 01:00:00,1159.2984047426958,1725.6318,466.68652
forecast_3674,2025-06-03 02:00:00,1361.056065970449,1444.8226,368.1873
forecast_3675,2025-06-03 03:00:00,1452.4969561977373,910.0929,263.32355
forecast_3676,2025-06-03 04:00:00,1118.616923029133,827.57587,240.72624
forecast_3677,2025-06-03 05:00:00,2020.4471402398517,652.0143,236.73068
forecast_3678,2025-06-03 06:00:00,1860.1921174074844,524.3332,263.6991
forecast_3679,2025-06-03 07:00:00,1290.974987112534,545.50964,300.3832
forecast_3680,2025-06-03 08:00:00,882.841319309546,621.8414,367.07748
forecast_3681,2025-06-03 09:00:00,854.3299387572399,649.80865,252.35104
forecast_3682,2025-06-03 10:00:00,1587.8110473460274,1066.9385,262.44614
forecast_3683,2025-06-03 11:00:00,3045.305556596659,1811.2172,605.6246
forecast_3684,2025-06-03 12:00:00,5468.885049022579,3162.4119,2141.1284
forecast_3685,2025-06-03 13:00:00,7860.933817274892,5945.418,4842.1196
forecast_3686,2025-06-03 14:00:00,10449.594939361601,8125.9766,6138.8906
forecast_3687,2025-06-03 15:00:00,12594.21590144309,9819.357,7153.874
forecast_3688,2025-06-03 16:00:00,12574.99415141943,11561.412,8462.497
forecast_3689,2025-06-03 17:00:00,12809.296255722806,11661.221,9221.744
forecast_3690,2025-06-03 18:00:00,13206.587860079891,12350.79,10182.423
forecast_3691,2025-06-03 19:00:00,12421.069458161264,13476.496,11770.084
forecast_3692,2025-06-03 20:00:00,14120.780274995015,14267.475,12592.241
forecast_3693,2025-06-03 21:00:00,15292.36377986867,15789.522,14121.184
forecast_3694,2025-06-03 22:00:00,14168.171125573785,16974.408,15336.761
forecast_3695,2025-06-03 23:00:00,14353.410857171144,16967.438,15483.135
forecast_3696,2025-06-04 00:00:00,14792.396451458751,16164.219,14842.672
forecast_3697,2025-06-04 01:00:00,13698.144169475792,14166.083,12824.344
forecast_3698,2025-06-04 02:00:00,15109.006992268776,12174.617,10643.228
forecast_3699,2025-06-04 03:00:00,15761.662464787543,11998.628,10209.956
forecast_3700,2025-06-04 04:00:00,16469.495414540826,12749.367,11228.91
forecast_3701,2025-06-04 05:00:00,17121.01103009652,14213.431,13092.948
forecast_3702,2025-06-04 06:00:00,16401.820000916367,15399.808,14490.8
forecast_3703,2025-06-04 07:00:00,16626.988948734743,16554.164,15515.765
forecast_3704,2025-06-04 08:00:00,16340.828563735058,17076.643,15750.666
forecast_3705,2025-06-04 09:00:00,16143.513020724386,17522.58,15801.669
forecast_3706,2025-06-04 10:00:00,16297.883920534832,17701.055,15568.485
forecast_3707,2025-06-04 11:00:00,15765.269971015316,17711.14,14945.36
forecast_3708,2025-06-04 12:00:00,14897.110122794926,17598.912,14199.606
forecast_3709,2025-06-04 13:00:00,14646.813064359703,17296.436,13333.729
forecast_3710,2025-06-04 14:00:00,14726.707763065384,16958.61,12772.881
forecast_3711,2025-06-04 15:00:00,13380.972364531895,16082.382,11913.907
forecast_3712,2025-06-04 16:00:00,12901.52056766297,14884.739,10450.12
forecast_3713,2025-06-04 17:00:00,13063.908333261888,14063.096,10200.768
forecast_3714,2025-06-04 18:00:00,12538.498006708858,13145.866,9887.255
forecast_3715,2025-06-04 19:00:00,12154.834088388478,10966.405,8644.447
forecast_3716,2025-06-04 20:00:00,13175.463627435662,11013.667,9694.731
forecast_3717,2025-06-04 21:00:00,12840.766356827662,11983.847,11459.937
forecast_3718,2025-06-04 22:00:00,9401.320321186333,11303.984,11191.618
forecast_3719,2025-06-04 23:00:00,13069.38530794425,9209.705,9028.455
forecast_3720,2025-06-05 00:00:00,13698.808852255985,8890.773,8444.992
forecast_3721,2025-06-05 01:00:00,10130.59193721992,10077.134,9026.967
forecast_3722,2025-06-05 02:00:00,11904.811541014953,9303.274,8044.4873
forecast_3723,2025-06-05 03:00:00,12419.584324790061,11234.057,8212.825
forecast_3724,2025-06-05 04:00:00,11872.69667455188,14332.443,9705.795
forecast_3725,2025-06-05 05:00:00,11644.821816544158,15916.418,11170.624
forecast_3726,2025-06-05 06:00:00,11597.478223466893,16525.92,11621.04
forecast_3727,2025-06-05 07:00:00,12503.49936293792,16449.398,11060.276
forecast_3728,2025-06-05 08:00:00,10004.583986117535,15927.076,10364.695
forecast_3729,2025-06-05 09:00:00,6718.451270412404,13911.422,9163.523
forecast_3730,2025-06-05 10:00:00,5506.808400924285,10202.28,7432.5186
forecast_3731,2025-06-05 11:00:00,4574.892062464411,5836.074,5009.5137
forecast_3732,2025-06-05 12:00:00,5344.621221981863,4540.0547,3604.1438
forecast_3733,2025-06-05 13:00:00,5619.106469037869,5287.367,3816.6072
forecast_3734,2025-06-05 14:00:00,5954.604042766896,6190.45,4671.13
forecast_3735,2025-06-05 15:00:00,5238.519143389415,6344.069,5379.671
forecast_3736,2025-06-05 16:00:00,7786.13520778233,6215.2275,5620.7153
forecast_3737,2025-06-05 17:00:00,8738.205227847078,8219.604,7168.873
forecast_3738,2025-06-05 18:00:00,9711.242891729655,10671.865,8823.593
forecast_3739,2025-06-05 19:00:00,12978.399278633478,13138.302,10171.58
forecast_3740,2025-06-05 20:00:00,15090.14156133357,16115.042,11930.878
forecast_3741,2025-06-05 21:00:00,16747.285845050614,17813.414,13105.178
forecast_3742,2025-06-05 22:00:00,19347.85393577735,18498.053,13886.076
forecast_3743,2025-06-05 23:00:00,19349.434456691386,18922.35,14685.354
forecast_3744,2025-06-06 00:00:00,18660.9818560502,19148.377,15095.888
forecast_3745,2025-06-06 01:00:00,19785.303605219535,19348.777,15258.289
forecast_3746,2025-06-06 02:00:00,20349.86811092895,19418.113,15164.355
forecast_3747,2025-06-06 03:00:00,20191.221032437777,19507.633,15285.545
forecast_3748,2025-06-06 04:00:00,18324.23308874784,19423.133,14925.728
forecast_3749,2025-06-06 05:00:00,17793.085961774716,19220.719,14454.324
forecast_3750,2025-06-06 06:00:00,17598.638847439714,18968.568,13795.547
forecast_3751,2025-06-06 07:00:00,16944.563849650065,18849.197,13683.5625
forecast_3752,2025-06-06 08:00:00,14767.894685448387,18701.076,13570.244
forecast_3753,2025-06-06 09:00:00,13061.752413611612,18421.553,13359.164
forecast_3754,2025-06-06 10:00:00,12405.731035346676,17958.322,12921.276
forecast_3755,2025-06-06 11:00:00,11338.004933281649,17194.896,12218.447
forecast_3756,2025-06-06 12:00:00,11090.530088026906,16878.277,11807.897
forecast_3757,2025-06-06 13:00:00,11984.089433660969,16810.398,12047.939
forecast_3758,2025-06-06 14:00:00,12411.234614084786,17074.645,12843.605
forecast_3759,2025-06-06 15:00:00,13284.868747250064,17357.438,13659.824
forecast_3760,2025-06-06 16:00:00,12842.459055488802,17824.807,14703.954
forecast_3761,2025-06-06 17:00:00,12349.272074571614,18045.463,15208.521
forecast_3762,2025-06-06 18:00:00,14354.986494590003,18028.889,14850.86
forecast_3763,2025-06-06 19:00:00,15415.82346089131,18262.314,14871.233
forecast_3764,2025-06-06 20:00:00,15038.576526433406,18632.936,15761.063
forecast_3765,2025-06-06 21:00:00,15812.303429394524,18920.518,16580.082
forecast_3766,2025-06-06 22:00:00,15705.80933477496,19134.69,16954.268
forecast_3767,2025-06-06 23:00:00,17225.421502620004,19269.18,17060.725
forecast_3768,2025-06-07 00:00:00,16781.580018625387,19345.6,17004.094
forecast_3769,2025-06-07 01:00:00,17131.51782707775,19418.557,16854.08
forecast_3770,2025-06-07 02:00:00,16369.784024960163,19541.008,16960.598
forecast_3771,2025-06-07 03:00:00,16828.05676310416,19519.412,16819.598
forecast_3772,2025-06-07 04:00:00,17777.507141438033,19355.844,16370.462
forecast_3773,2025-06-07 05:00:00,17274.97723359996,19163.953,15857.147
forecast_3774,2025-06-07 06:00:00,17518.09809199756,19027.195,15651.242
forecast_3775,2025-06-07 07:00:00,16987.83558109443,18633.66,15087.354
forecast_3776,2025-06-07 08:00:00,15295.698839585568,18362.482,14496.574
forecast_3777,2025-06-07 09:00:00,11301.705201165421,17511.762,13514.099
forecast_3778,2025-06-07 10:00:00,8597.917434105084,15663.804,11564.469
forecast_3779,2025-06-07 11:00:00,7474.228589562665,12936.752,9102.24
forecast_3780,2025-06-07 12:00:00,4514.230005519598,10396.387,6907.5815
forecast_3781,2025-06-07 13:00:00,4900.603674229637,7939.5894,4582.86
forecast_3782,2025-06-07 14:00:00,4741.402444885595,7042.4863,3598.9624
forecast_3783,2025-06-07 15:00:00,4938.438035712092,6790.793,3562.6685
forecast_3784,2025-06-07 16:00:00,4395.22660529081,6420.6846,3652.765
forecast_3785,2025-06-07 17:00:00,4897.75990673029,6351.4385,4002.0679
forecast_3786,2025-06-07 18:00:00,5484.554630862745,6278.7207,4418.356
forecast_3787,2025-06-07 19:00:00,5593.5472480634335,8813.022,5586.7773
forecast_3788,2025-06-07 20:00:00,8529.192883631751,12812.592,7313.8945
forecast_3789,2025-06-07 21:00:00,13521.946265109058,15394.567,8925.773
forecast_3790,2025-06-07 22:00:00,13297.124300837972,16726.297,10789.306
forecast_3791,2025-06-07 23:00:00,12510.157238298001,17219.553,11667.427
forecast_3792,2025-06-08 00:00:00,13897.958899307363,16880.133,11434.382
forecast_3793,2025-06-08 01:00:00,11748.375773892245,15963.485,10100.27
forecast_3794,2025-06-08 02:00:00,10659.22855227459,15023.473,8359.034
forecast_3795,2025-06-08 03:00:00,8858.617794805725,14628.082,7172.1523
forecast_3796,2025-06-08 04:00:00,9130.853167427407,13967.905,6150.8804
forecast_3797,2025-06-08 05:00:00,7027.248310510963,13197.365,5494.8413
forecast_3798,2025-06-08 06:00:00,6477.735241281579,10095.033,4175.9834
forecast_3799,2025-06-08 07:00:00,3053.3425376629766,5733.1934,2349.039
forecast_3800,2025-06-08 08:00:00,610.3888069265246,2351.1672,1450.9327
forecast_3801,2025-06-08 09:00:00,362.84437021293775,599.227,763.36505
forecast_3802,2025-06-08 10:00:00,40.06342823534633,252.17831,275.47174
forecast_3803,2025-06-08 11:00:00,4.855164633442736,207.22853,195.27913
forecast_3804,2025-06-08 12:00:00,16.58042942397082,196.12372,187.3625
forecast_3805,2025-06-08 13:00:00,2.157524523606335,188.60641,145.73714
forecast_3806,2025-06-08 14:00:00,13.328082650956505,179.83607,143.06308
forecast_3807,2025-06-08 15:00:00,0.0,169.37657,148.51581
forecast_3808,2025-06-08 16:00:00,21.248347321316366,168.15065,169.13744
forecast_3809,2025-06-08 17:00:00,75.3678111462118,178.81487,183.15892
forecast_3810,2025-06-08 18:00:00,343.06993238687335,201.11319,186.2232
forecast_3811,2025-06-08 19:00:00,546.4029690380794,230.23291,209.60966
forecast_3812,2025-06-08 20:00:00,1078.3777630414056,281.67322,264.5637
forecast_3813,2025-06-08 21:00:00,932.2016615968763,514.0115,389.39603
forecast_3814,2025-06-08 22:00:00,2440.742666767187,1673.4727,681.5584
forecast_3815,2025-06-08 23:00:00,5075.5669029153605,4529.2573,1480.32
forecast_3816,2025-06-09 00:00:00,7033.5255274699575,7757.2817,2748.1099
forecast_3817,2025-06-09 01:00:00,8135.915176395214,9702.766,3676.0432
forecast_3818,2025-06-09 02:00:00,8157.613596117957,9403.586,4144.2085
forecast_3819,2025-06-09 03:00:00,7450.354908415083,10018.359,4580.529
forecast_3820,2025-06-09 04:00:00,5124.570993374955,10210.074,4405.443
forecast_3821,2025-06-09 05:00:00,5480.456223430992,10031.616,4042.45
forecast_3822,2025-06-09 06:00:00,4056.8902205840204,8144.79,3423.1765
forecast_3823,2025-06-09 07:00:00,1656.796850564463,4219.3296,2260.7656
forecast_3824,2025-06-09 08:00:00,651.6137617418304,1262.6005,1041.5729
forecast_3825,2025-06-09 09:00:00,306.3569818790199,514.1811,534.3102
forecast_3826,2025-06-09 10:00:00,452.2602741016417,369.49664,338.07947
forecast_3827,2025-06-09 11:00:00,394.4739649498057,326.26904,245.19737
forecast_3828,2025-06-09 12:00:00,612.2528671344584,355.81055,264.27136
forecast_3829,2025-06-09 13:00:00,649.5571890500012,394.80048,333.84418
forecast_3830,2025-06-09 14:00:00,971.6486263540426,486.25653,448.06488
forecast_3831,2025-06-09 15:00:00,1550.570487955508,918.2637,668.3115
forecast_3832,2025-06-09 16:00:00,1538.4813445797286,1197.3834,851.3255
forecast_3833,2025-06-09 17:00:00,1106.3886836250215,1820.2267,904.4358
forecast_3834,2025-06-09 18:00:00,1959.9862437241543,2381.888,1308.7808
forecast_3835,2025-06-09 19:00:00,2066.75952405508,2982.8013,2329.4236
forecast_3836,2025-06-09 20:00:00,2108.447096029262,4527.1255,2791.153
forecast_3837,2025-06-09 21:00:00,3591.972050461384,6351.8086,3224.0251
forecast_3838,2025-06-09 22:00:00,6948.787337661693,8395.746,4095.4058
forecast_3839,2025-06-09 23:00:00,8247.085204671537,10765.746,5184.0366
forecast_3840,2025-06-10 00:00:00,7531.126031996113,12396.424,6473.0337
forecast_3841,2025-06-10 01:00:00,10927.12657970773,14118.459,7887.0884
forecast_3842,2025-06-10 02:00:00,13197.47985187755,16099.465,9866.92
forecast_3843,2025-06-10 03:00:00,14116.253652709165,17644.244,12400.09
forecast_3844,2025-06-10 04:00:00,15249.333407529051,18303.74,13752.349
forecast_3845,2025-06-10 05:00:00,16666.141076032673,18112.893,13589.114
forecast_3846,2025-06-10 06:00:00,17073.020859716962,18041.146,13233.039
forecast_3847,2025-06-10 07:00:00,16024.492223054567,17553.453,12639.078
forecast_3848,2025-06-10 08:00:00,9879.435000529658,15945.962,10992.322
forecast_3849,2025-06-10 09:00:00,5946.325292770437,11435.899,6623.0254
forecast_3850,2025-06-10 10:00:00,3367.3880137069614,7771.54,3970.0007
forecast_3851,2025-06-10 11:00:00,2980.534972981982,4578.861,2504.9683
forecast_3852,2025-06-10 12:00:00,3041.5126321787407,3786.1272,1934.755
forecast_3853,2025-06-10 13:00:00,4456.512828217872,4864.82,2285.0198
forecast_3854,2025-06-10 14:00:00,4592.414382412352,5564.0083,2996.28
forecast_3855,2025-06-10 15:00:00,5554.519048552565,6211.8403,3589.4392
forecast_3856,2025-06-10 16:00:00,6812.577651905031,7580.192,4435.1235
forecast_3857,2025-06-10 17:00:00,10116.520917333813,8460.551,5095.0547
forecast_3858,2025-06-10 18:00:00,9459.240516260255,11044.415,6560.1104
forecast_3859,2025-06-10 19:00:00,10319.567447611515,13231.696,7907.079
forecast_3860,2025-06-10 20:00:00,10825.698479428647,14287.78,8719.509
forecast_3861,2025-06-10 21:00:00,11984.272377399315,15593.175,10246.426
forecast_3862,2025-06-10 22:00:00,12336.123847500456,16837.963,11820.862
forecast_3863,2025-06-10 23:00:00,14313.002078494941,17567.12,13106.43
forecast_3864,2025-06-11 00:00:00,14327.596247348749,17585.9,13560.139
forecast_3865,2025-06-11 01:00:00,10286.793498317858,16660.828,12553.81
forecast_3866,2025-06-11 02:00:00,11394.207264160726,15541.027,10812.368
forecast_3867,2025-06-11 03:00:00,12264.402783813925,15328.044,10102.282
forecast_3868,2025-06-11 04:00:00,13062.543370346315,15100.625,9732.842
forecast_3869,2025-06-11 05:00:00,12515.446279027872,14354.146,9012.534
forecast_3870,2025-06-11 06:00:00,12558.435495374857,12641.149,7813.227
forecast_3871,2025-06-11 07:00:00,11278.510907652653,11394.741,7086.7437
forecast_3872,2025-06-11 08:00:00,8665.044506151236,10011.161,6349.1
forecast_3873,2025-06-11 09:00:00,6261.967920588912,7814.7656,4903.357
forecast_3874,2025-06-11 10:00:00,5499.1963987167,6958.905,4486.287
forecast_3875,2025-06-11 11:00:00,5447.03968372424,6329.066,4220.1587
forecast_3876,2025-06-11 12:00:00,5884.948963544319,5859.6763,3802.019
forecast_3877,2025-06-11 13:00:00,6572.512417692204,5514.515,3285.3098
forecast_3878,2025-06-11 14:00:00,6365.446709490533,4784.25,3108.1902
forecast_3879,2025-06-11 15:00:00,6041.773106943529,4989.8276,3384.4856
forecast_3880,2025-06-11 16:00:00,5593.727225330471,4637.4985,3466.0933
forecast_3881,2025-06-11 17:00:00,4624.764184420924,3062.463,3002.9348
forecast_3882,2025-06-11 18:00:00,3413.9409717391486,1997.1654,2669.3662
forecast_3883,2025-06-11 19:00:00,2446.053754431232,1347.759,1869.492
forecast_3884,2025-06-11 20:00:00,3195.3835625894776,948.20135,1078.9548
forecast_3885,2025-06-11 21:00:00,4640.344120480465,1797.7557,990.3344
forecast_3886,2025-06-11 22:00:00,4735.862421219184,3616.0786,1394.6305
forecast_3887,2025-06-11 23:00:00,4912.727262931401,5591.4136,1685.6711
forecast_3888,2025-06-12 00:00:00,5078.611884094988,6670.498,2162.5032
forecast_3889,2025-06-12 01:00:00,4669.1112054572895,5671.256,2327.7698
forecast_3890,2025-06-12 02:00:00,5187.3479287628525,2801.1558,1939.7983
forecast_3891,2025-06-12 03:00:00,2580.177688579858,1814.288,1516.112
forecast_3892,2025-06-12 04:00:00,2211.3023668879773,1047.8878,1081.1235
forecast_3893,2025-06-12 05:00:00,1261.0831936956208,778.72955,754.40875
forecast_3894,2025-06-12 06:00:00,186.18307282198415,659.8424,516.239
forecast_3895,2025-06-12 07:00:00,458.658675286788,480.11435,301.72827
forecast_3896,2025-06-12 08:00:00,260.1562569811569,371.36603,140.4925
forecast_3897,2025-06-12 09:00:00,76.17909697623644,387.2806,113.82494
forecast_3898,2025-06-12 10:00:00,0.0,365.91385,109.94409
forecast_3899,2025-06-12 11:00:00,6.524431056161754,313.62686,114.56074
forecast_3900,2025-06-12 12:00:00,1.0911696012257186,264.8414,117.74291
forecast_3901,2025-06-12 13:00:00,10.858223828593404,228.48097,120.735016
forecast_3902,2025-06-12 14:00:00,12.60224502730306,206.40398,127.8456
forecast_3903,2025-06-12 15:00:00,0.0,205.62209,135.6883
forecast_3904,2025-06-12 16:00:00,0.0,202.22226,139.79425
forecast_3905,2025-06-12 17:00:00,49.14450865372688,198.52533,149.01941
forecast_3906,2025-06-12 18:00:00,170.31380673409086,198.59297,161.80354
forecast_3907,2025-06-12 19:00:00,161.52234122255808,216.80106,169.13655
forecast_3908,2025-06-12 20:00:00,302.7136265282931,280.44293,195.32436
forecast_3909,2025-06-12 21:00:00,543.3623060246842,407.25806,299.7832
forecast_3910,2025-06-12 22:00:00,1240.3809843539505,594.1281,482.30875
forecast_3911,2025-06-12 23:00:00,1420.438318358656,911.04614,745.9697
forecast_3912,2025-06-13 00:00:00,1855.8856154743191,1468.3698,906.68787
forecast_3913,2025-06-13 01:00:00,4184.315385395397,2196.9543,1120.5568
forecast_3914,2025-06-13 02:00:00,4380.576552493461,4011.9778,1594.6891
forecast_3915,2025-06-13 03:00:00,5888.0720864393,5849.307,1937.0092
forecast_3916,2025-06-13 04:00:00,4470.741841117317,6395.387,1808.8093
forecast_3917,2025-06-13 05:00:00,2977.208157758916,6471.41,1920.468
forecast_3918,2025-06-13 06:00:00,1838.4407508382606,4983.469,1953.1199
forecast_3919,2025-06-13 07:00:00,606.5459995232436,2451.6338,1499.2893
forecast_3920,2025-06-13 08:00:00,236.49614223364205,921.54425,716.1754
forecast_3921,2025-06-13 09:00:00,87.09553037167478,375.2834,255.27098
forecast_3922,2025-06-13 10:00:00,151.86503657283785,300.109,170.86113
forecast_3923,2025-06-13 11:00:00,96.14204234127003,267.8635,149.4667
forecast_3924,2025-06-13 12:00:00,213.10084428691346,290.3136,157.62184
forecast_3925,2025-06-13 13:00:00,646.5976402789697,358.7052,188.61876
forecast_3926,2025-06-13 14:00:00,617.4434442144017,515.6914,251.87866
forecast_3927,2025-06-13 15:00:00,1167.3277039848767,773.6466,367.35516
forecast_3928,2025-06-13 16:00:00,1434.9789897805651,1288.9669,499.40823
forecast_3929,2025-06-13 17:00:00,2013.8326938736056,1326.6472,442.617
forecast_3930,2025-06-13 18:00:00,2066.9640488723057,1933.8098,577.23413
forecast_3931,2025-06-13 19:00:00,946.85178276849,2912.466,621.3753
forecast_3932,2025-06-13 20:00:00,1000.708658333806,3412.8535,661.4024
forecast_3933,2025-06-13 21:00:00,2101.0983294121947,3874.1123,580.04486
forecast_3934,2025-06-13 22:00:00,1987.6916368585657,4196.37,580.4129
forecast_3935,2025-06-13 23:00:00,3145.334058466426,4640.3306,754.54156
forecast_3936,2025-06-14 00:00:00,1899.3635009689558,5682.4463,1113.4015
forecast_3937,2025-06-14 01:00:00,7872.329752731355,4611.0566,1014.50946
forecast_3938,2025-06-14 02:00:00,8061.483214937053,8025.3623,1716.3483
forecast_3939,2025-06-14 03:00:00,5490.429722649659,10667.935,2908.3064
forecast_3940,2025-06-14 04:00:00,5615.380907057562,9724.788,2349.7769
forecast_3941,2025-06-14 05:00:00,3799.0475605573915,6600.0283,1340.0303
forecast_3942,2025-06-14 06:00:00,3928.5045875757587,3046.7175,744.07245
forecast_3943,2025-06-14 07:00:00,478.93237296471204,1818.8451,653.2869
forecast_3944,2025-06-14 08:00:00,580.2531123105158,982.73035,671.3702
forecast_3945,2025-06-14 09:00:00,385.70543317598907,581.2408,318.12067
forecast_3946,2025-06-14 10:00:00,774.6111786195735,770.45575,270.2323
forecast_3947,2025-06-14 11:00:00,343.25411694161835,1020.3199,254.73839
forecast_3948,2025-06-14 12:00:00,378.29114372463704,1031.3109,209.87067
forecast_3949,2025-06-14 13:00:00,307.1579951654222,849.264,189.37512
forecast_3950,2025-06-14 14:00:00,131.14111618623008,721.87524,189.90302
forecast_3951,2025-06-14 15:00:00,181.9083241714758,614.5188,188.27956
forecast_3952,2025-06-14 16:00:00,13.933571400125338,639.5739,182.71068
forecast_3953,2025-06-14 17:00:00,177.23064380820685,526.8167,181.33794
forecast_3954,2025-06-14 18:00:00,411.96390741918947,342.16986,180.90135
forecast_3955,2025-06-14 19:00:00,358.9601106560183,316.81857,202.13109
forecast_3956,2025-06-14 20:00:00,639.6843491795074,377.41824,225.26482
forecast_3957,2025-06-14 21:00:00,703.7527655433457,734.1305,270.11694
forecast_3958,2025-06-14 22:00:00,555.9106023930592,1451.4547,465.6007
forecast_3959,2025-06-14 23:00:00,422.19774766573664,2518.0437,1119.4413
forecast_3960,2025-06-15 00:00:00,897.6637300574148,2380.3992,2017.4711
forecast_3961,2025-06-15 01:00:00,3167.5598143593725,1762.3582,1986.5099
forecast_3962,2025-06-15 02:00:00,2654.090281732001,2463.6455,2607.8223
forecast_3963,2025-06-15 03:00:00,2792.8230428030524,4050.6692,3779.253
forecast_3964,2025-06-15 04:00:00,4050.6722960658585,5079.4756,4425.972
forecast_3965,2025-06-15 05:00:00,4175.75339152656,5700.9478,4529.5547
forecast_3966,2025-06-15 06:00:00,5417.772436710475,6391.8384,4233.6577
forecast_3967,2025-06-15 07:00:00,3406.7323638090947,5623.367,3025.8562
forecast_3968,2025-06-15 08:00:00,816.8506637899587,3907.5938,1887.8477
forecast_3969,2025-06-15 09:00:00,526.4087918246418,2153.3367,1048.6709
forecast_3970,2025-06-15 10:00:00,271.2110504735297,1176.3452,654.03766
forecast_3971,2025-06-15 11:00:00,329.4192748925835,691.16766,530.9241
forecast_3972,2025-06-15 12:00:00,889.0369836636075,605.8633,551.02795
forecast_3973,2025-06-15 13:00:00,548.4593187706594,839.44965,705.80194
forecast_3974,2025-06-15 14:00:00,1159.346895692415,1069.8291,955.6622
forecast_3975,2025-06-15 15:00:00,1345.790904586404,1471.8541,1281.9312
forecast_3976,2025-06-15 16:00:00,2100.246785323771,2513.391,1891.5984
forecast_3977,2025-06-15 17:00:00,2387.6109275898757,3722.4844,2969.269
forecast_3978,2025-06-15 18:00:00,3426.595097498618,4058.2163,3067.1367
forecast_3979,2025-06-15 19:00:00,4698.41466642942,5686.3267,3469.0493
forecast_3980,2025-06-15 20:00:00,4792.909841362861,7647.141,4062.5305
forecast_3981,2025-06-15 21:00:00,5456.672403409006,9205.976,4666.983
forecast_3982,2025-06-15 22:00:00,8700.894910093433,10556.153,5074.749
forecast_3983,2025-06-15 23:00:00,9818.702854382713,12701.984,6673.878
forecast_3984,2025-06-16 00:00:00,10467.548607651188,13294.493,6632.1763
forecast_3985,2025-06-16 01:00:00,7882.551885456769,14334.632,7497.3022
forecast_3986,2025-06-16 02:00:00,8284.646481320757,13802.526,6700.7456
forecast_3987,2025-06-16 03:00:00,8665.431985117597,13910.736,6729.3867
forecast_3988,2025-06-16 04:00:00,6990.672967603094,13542.487,6602.1035
forecast_3989,2025-06-16 05:00:00,5145.607029826747,10358.484,4741.1567
forecast_3990,2025-06-16 06:00:00,4903.463906057976,6358.292,2778.6487
forecast_3991,2025-06-16 07:00:00,6970.008962328812,5964.5815,1510.8545
forecast_3992,2025-06-16 08:00:00,8041.602687624945,6421.2593,1074.1123
forecast_3993,2025-06-16 09:00:00,6778.960930795618,8887.46,1410.3159
forecast_3994,2025-06-16 10:00:00,7071.461502654838,9910.821,3131.8005
forecast_3995,2025-06-16 11:00:00,5978.737441836828,9876.305,3887.1033
forecast_3996,2025-06-16 12:00:00,5518.410376792823,10583.459,4278.4336
forecast_3997,2025-06-16 13:00:00,8632.366253465352,10240.526,2729.9724
forecast_3998,2025-06-16 14:00:00,5998.988731862589,11890.671,4185.6597
forecast_3999,2025-06-16 15:00:00,9711.511621395832,12564.548,6107.1963
forecast_4000,2025-06-16 16:00:00,11034.100309569909,15453.935,10152.175
forecast_4001,2025-06-16 17:00:00,12313.715807296407,15523.992,11665.659
forecast_4002,2025-06-16 18:00:00,12339.431900008723,14736.147,12196.261
forecast_4003,2025-06-16 19:00:00,13228.762251799262,13965.296,11582.288
forecast_4004,2025-06-16 20:00:00,11259.625960733332,14395.809,11918.385
forecast_4005,2025-06-16 21:00:00,11176.112442004836,14552.819,11951.625
forecast_4006,2025-06-16 22:00:00,14578.82848657309,16002.226,12706.766
forecast_4007,2025-06-16 23:00:00,15550.407720068426,17159.82,14114.3545
forecast_4008,2025-06-17 00:00:00,15680.555755095344,17819.334,15024.746
forecast_4009,2025-06-17 01:00:00,15598.03393251716,17902.045,15165.866
forecast_4010,2025-06-17 02:00:00,15605.766101730487,17920.877,15146.397
forecast_4011,2025-06-17 03:00:00,15151.543569968957,18056.113,15238.546
forecast_4012,2025-06-17 04:00:00,14604.597481663463,17870.793,15001.448
forecast_4013,2025-06-17 05:00:00,14504.913490879004,17553.406,14642.356
forecast_4014,2025-06-17 06:00:00,15445.4230679317,17026.834,14019.302
forecast_4015,2025-06-17 07:00:00,12196.322084878846,16868.24,13492.78
forecast_4016,2025-06-17 08:00:00,12795.369419345257,16202.585,12834.55
forecast_4017,2025-06-17 09:00:00,11710.487486371874,15615.4375,12309.493
forecast_4018,2025-06-17 10:00:00,10489.207670252948,15024.548,11994.6
forecast_4019,2025-06-17 11:00:00,10474.52343803199,14651.163,11465.094
forecast_4020,2025-06-17 12:00:00,9908.588341188324,14524.357,11077.255
forecast_4021,2025-06-17 13:00:00,10710.736332728156,12748.131,9902.26
forecast_4022,2025-06-17 14:00:00,9082.964447315073,11304.14,8568.848
forecast_4023,2025-06-17 15:00:00,7186.952525114937,10040.025,7945.0864
forecast_4024,2025-06-17 16:00:00,7676.837029432633,8927.382,6871.1484
forecast_4025,2025-06-17 17:00:00,5708.735578921194,9867.944,6688.023
forecast_4026,2025-06-17 18:00:00,5343.0149461705505,9843.673,6186.938
forecast_4027,2025-06-17 19:00:00,3991.963636920116,9808.236,5568.1177
forecast_4028,2025-06-17 20:00:00,2998.5742531298947,8065.5127,3686.019
forecast_4029,2025-06-17 21:00:00,3882.763088264633,7936.588,2534.1284
forecast_4030,2025-06-17 22:00:00,4636.823736978987,9374.392,2707.0034
forecast_4031,2025-06-17 23:00:00,5160.437058467476,8991.257,2903.1143
forecast_4032,2025-06-18 00:00:00,6542.272877971866,8977.727,2970.8113
forecast_4033,2025-06-18 01:00:00,5709.444160248083,8449.3545,2813.306
forecast_4034,2025-06-18 02:00:00,6706.8763303516125,8810.239,3301.3499
forecast_4035,2025-06-18 03:00:00,7776.737410202273,9896.3,3989.9312
forecast_4036,2025-06-18 04:00:00,7699.419902268473,10778.032,4530.32
forecast_4037,2025-06-18 05:00:00,8734.995644751345,10959.618,4706.743
forecast_4038,2025-06-18 06:00:00,7085.039754215424,11386.968,5527.425
forecast_4039,2025-06-18 07:00:00,5256.736970399849,10761.275,5646.279
forecast_4040,2025-06-18 08:00:00,5298.519506310533,9835.0205,5354.6387
forecast_4041,2025-06-18 09:00:00,5577.022171821168,7719.869,4274.788
forecast_4042,2025-06-18 10:00:00,3288.1685169156585,5083.5166,2769.952
forecast_4043,2025-06-18 11:00:00,4339.483136477817,3925.068,2144.4873
forecast_4044,2025-06-18 12:00:00,4020.3774863878143,3252.8467,1850.8738
forecast_4045,2025-06-18 13:00:00,4253.230660961361,3230.946,1818.9034
forecast_4046,2025-06-18 14:00:00,3652.742915695232,3840.4094,2262.7935
forecast_4047,2025-06-18 15:00:00,3966.955630712275,4015.8367,2541.6926
forecast_4048,2025-06-18 16:00:00,4567.218147650274,4178.345,2738.5547
forecast_4049,2025-06-18 17:00:00,4376.4446818368915,4412.7773,3059.8677
forecast_4050,2025-06-18 18:00:00,4511.888094188713,4524.541,3281.4724
forecast_4051,2025-06-18 19:00:00,4068.808410148869,4666.576,3227.9668
forecast_4052,2025-06-18 20:00:00,5458.047471005425,5856.063,3477.6616
forecast_4053,2025-06-18 21:00:00,7663.117733181912,8333.815,4636.16
forecast_4054,2025-06-18 22:00:00,7606.687918217468,11044.074,6267.103
forecast_4055,2025-06-18 23:00:00,9150.55615476529,12830.182,6909.9473
forecast_4056,2025-06-19 00:00:00,9779.088412565166,13969.754,7237.0854
forecast_4057,2025-06-19 01:00:00,10438.278981638072,15253.17,7814.9834
forecast_4058,2025-06-19 02:00:00,9347.76336912376,15341.45,8037.906
forecast_4059,2025-06-19 03:00:00,10802.561059386977,14670.141,7709.102
forecast_4060,2025-06-19 04:00:00,10497.306820459775,14000.111,7089.924
forecast_4061,2025-06-19 05:00:00,11531.674185730919,13486.959,6716.1714
forecast_4062,2025-06-19 06:00:00,8164.743479454295,12779.627,6050.8096
forecast_4063,2025-06-19 07:00:00,5983.8590661621565,10069.543,4108.326
forecast_4064,2025-06-19 08:00:00,2686.0694907748466,5118.8423,2384.234
forecast_4065,2025-06-19 09:00:00,1469.5071791959354,1999.4462,1243.6453
forecast_4066,2025-06-19 10:00:00,799.8374232797462,788.1243,748.2983
forecast_4067,2025-06-19 11:00:00,435.3082055781109,472.64703,492.37497
forecast_4068,2025-06-19 12:00:00,99.42713354582682,338.14444,341.49463
forecast_4069,2025-06-19 13:00:00,85.7703888215445,291.4902,252.34784
forecast_4070,2025-06-19 14:00:00,141.1119954638714,231.54079,195.00867
forecast_4071,2025-06-19 15:00:00,271.60196916754643,272.5555,228.7067
forecast_4072,2025-06-19 16:00:00,344.0143611194693,450.68088,310.27792
forecast_4073,2025-06-19 17:00:00,1166.7080677834058,779.21075,324.93546
forecast_4074,2025-06-19 18:00:00,1272.0395305230331,1819.494,346.6572
forecast_4075,2025-06-19 19:00:00,1436.6753303121486,2590.2344,560.1347
forecast_4076,2025-06-19 20:00:00,2809.4283895690287,3473.5542,1015.67395
forecast_4077,2025-06-19 21:00:00,3767.1709071969253,4102.463,1758.4287
forecast_4078,2025-06-19 22:00:00,4704.809688661874,4993.096,2330.2515
forecast_4079,2025-06-19 23:00:00,5324.245857707008,6521.117,2847.593
forecast_4080,2025-06-20 00:00:00,6893.156620020607,8616.303,3355.6685
forecast_4081,2025-06-20 01:00:00,7283.8251125131565,10370.285,3493.0078
forecast_4082,2025-06-20 02:00:00,8802.493352112502,13197.761,4506.39
forecast_4083,2025-06-20 03:00:00,8920.769004968663,15293.28,6518.079
forecast_4084,2025-06-20 04:00:00,10216.439659210097,16158.907,8172.6895
forecast_4085,2025-06-20 05:00:00,9780.49402608322,16928.293,9673.235
forecast_4086,2025-06-20 06:00:00,8560.363160808416,17040.932,10031.626
forecast_4087,2025-06-20 07:00:00,7587.1461017286365,16538.727,9167.786
forecast_4088,2025-06-20 08:00:00,5910.418129888047,15776.778,7494.241
forecast_4089,2025-06-20 09:00:00,7944.724766633828,14752.612,6037.9907
forecast_4090,2025-06-20 10:00:00,7362.707574043361,14121.676,6100.2017
forecast_4091,2025-06-20 11:00:00,7518.496632313338,13827.978,7589.766
forecast_4092,2025-06-20 12:00:00,10558.232261169307,14193.673,9977.388
forecast_4093,2025-06-20 13:00:00,11768.026414548865,15262.699,12281.411
forecast_4094,2025-06-20 14:00:00,12682.921480057328,16254.2705,13888.473
forecast_4095,2025-06-20 15:00:00,12388.809631782176,16958.055,14376.9
forecast_4096,2025-06-20 16:00:00,16452.194000176012,17888.678,15167.784
forecast_4097,2025-06-20 17:00:00,15981.289716477091,18616.145,16238.836
forecast_4098,2025-06-20 18:00:00,17680.032361748476,18987.93,16704.62
forecast_4099,2025-06-20 19:00:00,17566.188998524125,19187.814,16951.498
forecast_4100,2025-06-20 20:00:00,16961.57656385086,19313.38,17189.227
forecast_4101,2025-06-20 21:00:00,17419.673026741315,19292.004,17272.795
forecast_4102,2025-06-20 22:00:00,16729.021902543278,19164.742,17087.545
forecast_4103,2025-06-20 23:00:00,17635.94531327902,19035.527,16743.121
forecast_4104,2025-06-21 00:00:00,17684.846964573262,18976.5,16511.012
forecast_4105,2025-06-21 01:00:00,16736.766645672156,18945.99,16199.434
forecast_4106,2025-06-21 02:00:00,15893.105841505214,18850.615,15506.145
forecast_4107,2025-06-21 03:00:00,14287.949541566937,18788.646,14891.107
forecast_4108,2025-06-21 04:00:00,13463.447240506259,18532.62,14341.448
forecast_4109,2025-06-21 05:00:00,12228.520921008912,17855.957,13019.656
forecast_4110,2025-06-21 06:00:00,13122.130809187123,17336.568,12323.997
forecast_4111,2025-06-21 07:00:00,10534.61012402849,17195.87,12843.965
forecast_4112,2025-06-21 08:00:00,12261.597729981013,16772.715,11967.411
forecast_4113,2025-06-21 09:00:00,11562.670169875564,16405.326,11714.34
forecast_4114,2025-06-21 10:00:00,8323.989445320367,14806.138,10157.476
forecast_4115,2025-06-21 11:00:00,6784.325691403994,12798.802,8736.696
forecast_4116,2025-06-21 12:00:00,6308.391490475942,9514.902,6295.7524
forecast_4117,2025-06-21 13:00:00,8096.117404284707,8835.789,4703.762
forecast_4118,2025-06-21 14:00:00,5345.42015075186,9540.899,4415.7524
forecast_4119,2025-06-21 15:00:00,9578.05696123936,9655.566,3942.4207
forecast_4120,2025-06-21 16:00:00,9462.731610023673,9746.891,4585.9624
forecast_4121,2025-06-21 17:00:00,6534.7021205825195,9799.473,5655.326
forecast_4122,2025-06-21 18:00:00,8498.805025525558,10251.578,5716.521
forecast_4123,2025-06-21 19:00:00,10910.341402202961,10875.017,6010.029
forecast_4124,2025-06-21 20:00:00,10243.341245301448,12700.859,7858.472
forecast_4125,2025-06-21 21:00:00,10927.82565005036,14477.485,9072.205
forecast_4126,2025-06-21 22:00:00,11607.08321297161,14926.593,8727.604
forecast_4127,2025-06-21 23:00:00,12036.724491954717,15056.615,9386.61
forecast_4128,2025-06-22 00:00:00,16168.374032978332,15063.813,10608.949
forecast_4129,2025-06-22 01:00:00,13040.85432740589,15692.262,11822.599
forecast_4130,2025-06-22 02:00:00,12520.754559428418,13950.134,10070.408
forecast_4131,2025-06-22 03:00:00,11218.082173865661,12575.878,8000.664
forecast_4132,2025-06-22 04:00:00,9974.79782045384,11160.055,6715.282
forecast_4133,2025-06-22 05:00:00,9142.280126431366,9338.688,5699.786
forecast_4134,2025-06-22 06:00:00,7760.326196006019,6986.8564,4366.757
forecast_4135,2025-06-22 07:00:00,7979.012881908995,5714.98,3666.0925
forecast_4136,2025-06-22 08:00:00,5947.567833145429,5167.359,3354.7188
forecast_4137,2025-06-22 09:00:00,4182.495691102757,4364.1025,2567.81
forecast_4138,2025-06-22 10:00:00,3494.4233188825706,4604.841,2392.4875
forecast_4139,2025-06-22 11:00:00,3415.46278622569,3821.2888,2433.5442
forecast_4140,2025-06-22 12:00:00,3473.670240522224,3553.1118,2720.604
forecast_4141,2025-06-22 13:00:00,3748.83761731171,3638.8435,3111.757
forecast_4142,2025-06-22 14:00:00,3487.145258590336,3785.127,3543.3857
forecast_4143,2025-06-22 15:00:00,2929.4114451431637,2641.1047,2529.511
forecast_4144,2025-06-22 16:00:00,3653.6402416569886,2289.7747,1834.1779
forecast_4145,2025-06-22 17:00:00,3834.188566957358,3433.779,2082.6667
forecast_4146,2025-06-22 18:00:00,3870.521571092769,3859.5605,2645.0415
forecast_4147,2025-06-22 19:00:00,4015.207911419953,3961.3684,2986.7156
forecast_4148,2025-06-22 20:00:00,4203.233713487422,4616.4756,3364.832
forecast_4149,2025-06-22 21:00:00,4663.569834438108,5696.8965,3921.3914
forecast_4150,2025-06-22 22:00:00,5705.285026140542,4863.6953,3306.264
forecast_4151,2025-06-22 23:00:00,4659.058488259344,4269.1514,2778.218
forecast_4152,2025-06-23 00:00:00,4190.422055096108,3998.2146,2445.4436
forecast_4153,2025-06-23 01:00:00,4340.271016636291,3223.1582,2168.1907
forecast_4154,2025-06-23 02:00:00,3595.219830380447,2740.2102,2197.2583
forecast_4155,2025-06-23 03:00:00,3588.6100571459347,2441.453,2503.0579
forecast_4156,2025-06-23 04:00:00,3147.218420718917,2052.0898,2393.7874
forecast_4157,2025-06-23 05:00:00,3426.582065555362,1702.4591,2036.9587
forecast_4158,2025-06-23 06:00:00,1504.5029650823737,1128.5659,1362.8499
forecast_4159,2025-06-23 07:00:00,974.8930571596135,468.6808,665.28735
forecast_4160,2025-06-23 08:00:00,170.89869254208475,249.00839,289.38458
forecast_4161,2025-06-23 09:00:00,36.20402473755543,224.84917,149.39558
forecast_4162,2025-06-23 10:00:00,257.5153713063056,241.66107,117.41364
forecast_4163,2025-06-23 11:00:00,392.278581588447,288.9046,121.5357
forecast_4164,2025-06-23 12:00:00,407.2460549041123,353.03998,140.7018
forecast_4165,2025-06-23 13:00:00,200.68363970645535,417.96973,170.33965
forecast_4166,2025-06-23 14:00:00,399.58576375474854,430.5349,193.8623
forecast_4167,2025-06-23 15:00:00,327.32680553971414,377.7637,200.5771
forecast_4168,2025-06-23 16:00:00,180.92494261103027,333.89044,186.47313
forecast_4169,2025-06-23 17:00:00,167.61217788828847,328.91568,169.10751
forecast_4170,2025-06-23 18:00:00,56.83487824680773,331.48538,152.41258
forecast_4171,2025-06-23 19:00:00,58.29617673957971,371.65488,139.01804
forecast_4172,2025-06-23 20:00:00,67.3376975974726,368.77414,126.27873
forecast_4173,2025-06-23 21:00:00,114.02103054384257,412.65775,130.1657
forecast_4174,2025-06-23 22:00:00,81.99526948160779,440.6502,142.70065
forecast_4175,2025-06-23 23:00:00,163.54805200419514,446.50464,161.58803
forecast_4176,2025-06-24 00:00:00,272.9022947392383,418.72897,145.16823
forecast_4177,2025-06-24 01:00:00,271.933636333222,515.7195,125.491066
forecast_4178,2025-06-24 02:00:00,444.26007415616306,510.37515,116.215485
forecast_4179,2025-06-24 03:00:00,315.6970070242126,544.10876,121.62088
forecast_4180,2025-06-24 04:00:00,578.5739419589937,584.0948,120.40885
forecast_4181,2025-06-24 05:00:00,1048.5007631209794,686.88196,123.72833
forecast_4182,2025-06-24 06:00:00,1223.3795963579487,843.9002,139.93073
forecast_4183,2025-06-24 07:00:00,2060.3187564865602,1206.7664,169.45653
forecast_4184,2025-06-24 08:00:00,1889.5441526868624,1389.171,158.86934
forecast_4185,2025-06-24 09:00:00,2347.1366028312987,1947.507,165.84421
forecast_4186,2025-06-24 10:00:00,2220.35877930905,2432.8035,174.48996
forecast_4187,2025-06-24 11:00:00,1676.8088800867683,2685.6384,188.8145
forecast_4188,2025-06-24 12:00:00,1971.411159373579,2394.2778,203.60986
forecast_4189,2025-06-24 13:00:00,1490.7872949713176,2298.9028,219.68478
forecast_4190,2025-06-24 14:00:00,1833.402322700566,2317.5405,225.17558
forecast_4191,2025-06-24 15:00:00,1923.9057407997393,2161.9333,208.14952
forecast_4192,2025-06-24 16:00:00,2451.084955977393,2315.984,209.88948
forecast_4193,2025-06-24 17:00:00,3084.3286142244474,2484.0623,199.7917
forecast_4194,2025-06-24 18:00:00,2535.544744664508,2979.899,195.3084
forecast_4195,2025-06-24 19:00:00,3205.152813969692,3116.5935,185.33253
forecast_4196,2025-06-24 20:00:00,3541.2422736719395,3734.5322,180.07397
forecast_4197,2025-06-24 21:00:00,4154.802928018758,4980.48,195.19614
forecast_4198,2025-06-24 22:00:00,6032.355735499237,6428.045,235.41399
forecast_4199,2025-06-24 23:00:00,6258.906673032919,7263.517,293.3586
forecast_4200,2025-06-25 00:00:00,6713.403382953013,7698.507,369.02655
forecast_4201,2025-06-25 01:00:00,4917.053244719023,7218.1133,371.04056
forecast_4202,2025-06-25 02:00:00,4382.55424456928,7148.137,381.75488
forecast_4203,2025-06-25 03:00:00,3464.4614829242473,6456.889,492.23093
forecast_4204,2025-06-25 04:00:00,2679.385169596068,5226.636,548.1574
forecast_4205,2025-06-25 05:00:00,2946.098410028135,4929.4224,631.3591
forecast_4206,2025-06-25 06:00:00,2921.5021745756976,4046.931,655.5738
forecast_4207,2025-06-25 07:00:00,2467.3533791163054,3468.672,568.6672
forecast_4208,2025-06-25 08:00:00,2381.643014672159,3070.8237,518.4336
forecast_4209,2025-06-25 09:00:00,1655.1562113358634,2351.077,421.8592
forecast_4210,2025-06-25 10:00:00,1986.4936957665332,1973.0566,357.7588
forecast_4211,2025-06-25 11:00:00,1696.7060343355242,1516.4036,307.92404
forecast_4212,2025-06-25 12:00:00,1445.2735278365956,1254.5314,266.9997
forecast_4213,2025-06-25 13:00:00,1038.4557711586558,1032.0616,236.08913
forecast_4214,2025-06-25 14:00:00,793.871701866351,946.31537,218.45293
forecast_4215,2025-06-25 15:00:00,597.7054445854077,918.90955,211.25885
forecast_4216,2025-06-25 16:00:00,532.6147226774063,824.7263,201.88551
forecast_4217,2025-06-25 17:00:00,596.3618743627682,661.43494,199.99382
forecast_4218,2025-06-25 18:00:00,309.22272981176155,574.6314,173.18814
forecast_4219,2025-06-25 19:00:00,1068.2253142850352,819.1635,242.27914
forecast_4220,2025-06-25 20:00:00,2247.996428262294,1102.9341,339.3353
forecast_4221,2025-06-25 21:00:00,3115.914801066839,1405.6191,395.83875
forecast_4222,2025-06-25 22:00:00,3711.860204289496,2835.0537,397.5396
forecast_4223,2025-06-25 23:00:00,3873.162403444197,4761.1025,653.71375
forecast_4224,2025-06-26 00:00:00,5389.676523399391,6418.799,1519.9363
forecast_4225,2025-06-26 01:00:00,7846.883229087851,7973.7246,2880.4377
forecast_4226,2025-06-26 02:00:00,9576.724237993121,10289.173,5294.8047
forecast_4227,2025-06-26 03:00:00,10541.428029209153,12568.0625,7987.678
forecast_4228,2025-06-26 04:00:00,11086.538281352678,13602.043,9842.278
forecast_4229,2025-06-26 05:00:00,11228.495657570189,13262.934,10064.75
forecast_4230,2025-06-26 06:00:00,11824.92879432789,12895.334,10382.353
forecast_4231,2025-06-26 07:00:00,10132.726255189324,12372.392,10422.582
forecast_4232,2025-06-26 08:00:00,11051.479908650012,11676.89,9876.743
forecast_4233,2025-06-26 09:00:00,9360.341385418775,11223.463,8934.294
forecast_4234,2025-06-26 10:00:00,7767.655120639398,10629.542,7963.5596
forecast_4235,2025-06-26 11:00:00,5630.809693785111,8985.929,6110.517
forecast_4236,2025-06-26 12:00:00,4557.728582278328,6945.81,4225.9116
forecast_4237,2025-06-26 13:00:00,4346.472523280376,5961.4893,3397.9956
forecast_4238,2025-06-26 14:00:00,3539.676882726609,4983.652,2931.6685
forecast_4239,2025-06-26 15:00:00,4886.118973321324,4379.2476,2629.686
forecast_4240,2025-06-26 16:00:00,4606.318977491235,5146.465,2911.2505
forecast_4241,2025-06-26 17:00:00,3866.0957804768996,5742.6123,3261.3545
forecast_4242,2025-06-26 18:00:00,4228.393295727422,5866.125,3180.796
forecast_4243,2025-06-26 19:00:00,4765.845648031092,5995.866,2992.3433
forecast_4244,2025-06-26 20:00:00,4851.757173148986,5776.337,2735.7861
forecast_4245,2025-06-26 21:00:00,4543.026515661976,6529.14,2733.1516
forecast_4246,2025-06-26 22:00:00,4383.431576352072,7939.894,2730.1138
forecast_4247,2025-06-26 23:00:00,5092.145321645461,9033.262,2804.5522
forecast_4248,2025-06-27 00:00:00,4655.336604193872,8405.633,2470.1233
forecast_4249,2025-06-27 01:00:00,3651.418430713488,7997.386,2043.0963
forecast_4250,2025-06-27 02:00:00,3377.793406342666,4801.898,1613.3721
forecast_4251,2025-06-27 03:00:00,3242.68565772776,3324.9265,1481.2537
forecast_4252,2025-06-27 04:00:00,3668.0034974730906,2672.4587,1435.9906
forecast_4253,2025-06-27 05:00:00,3572.046847113483,3482.5845,1896.9966
forecast_4254,2025-06-27 06:00:00,1745.3008684406639,2001.8109,1472.8844
forecast_4255,2025-06-27 07:00:00,1556.2826660797064,1176.9587,945.2517
forecast_4256,2025-06-27 08:00:00,1150.9854544721313,629.1282,566.63696
forecast_4257,2025-06-27 09:00:00,239.54585256103616,361.70642,410.46045
forecast_4258,2025-06-27 10:00:00,168.22708206925864,259.8279,332.23126
forecast_4259,2025-06-27 11:00:00,114.48844119064421,223.59169,269.9483
forecast_4260,2025-06-27 12:00:00,520.6658159249286,188.22986,165.73872
forecast_4261,2025-06-27 13:00:00,862.1351367532045,177.60945,144.42726
forecast_4262,2025-06-27 14:00:00,507.63700017688666,203.79901,163.72765
forecast_4263,2025-06-27 15:00:00,1019.9730811659387,309.52097,209.5393
forecast_4264,2025-06-27 16:00:00,668.1158819884272,320.76266,197.01028
forecast_4265,2025-06-27 17:00:00,467.0505901725669,276.11298,199.34294
forecast_4266,2025-06-27 18:00:00,128.6126922655899,253.75427,188.23311
forecast_4267,2025-06-27 19:00:00,234.39206902671276,298.72275,212.87727
forecast_4268,2025-06-27 20:00:00,533.6215461042298,352.09653,246.63742
forecast_4269,2025-06-27 21:00:00,2163.9738599607504,697.99896,275.58444
forecast_4270,2025-06-27 22:00:00,3896.1730812060887,2099.412,472.39996
forecast_4271,2025-06-27 23:00:00,4607.995209227094,4626.44,1062.6075
forecast_4272,2025-06-28 00:00:00,4598.377768860303,6977.3765,2147.307
forecast_4273,2025-06-28 01:00:00,6755.150965137257,8316.948,2658.6921
forecast_4274,2025-06-28 02:00:00,9293.715540498555,10792.214,3908.9395
forecast_4275,2025-06-28 03:00:00,10269.730275129677,11504.218,4414.7505
forecast_4276,2025-06-28 04:00:00,11067.130688253375,12346.455,5306.7734
forecast_4277,2025-06-28 05:00:00,10530.549711505746,13030.595,5790.108
forecast_4278,2025-06-28 06:00:00,7678.9532891921845,12630.901,5690.392
forecast_4279,2025-06-28 07:00:00,8166.989002480969,11339.02,4225.215
forecast_4280,2025-06-28 08:00:00,5248.133078273923,10589.911,3731.2856
forecast_4281,2025-06-28 09:00:00,4742.212400238589,6292.1533,1956.505
forecast_4282,2025-06-28 10:00:00,3116.225794308106,3863.076,985.2381
forecast_4283,2025-06-28 11:00:00,1928.7226621025306,2587.6738,758.81323
forecast_4284,2025-06-28 12:00:00,519.6075224200222,1503.1423,651.53656
forecast_4285,2025-06-28 13:00:00,356.4642308174743,731.908,541.4348
forecast_4286,2025-06-28 14:00:00,330.37863271136223,522.4819,411.33484
forecast_4287,2025-06-28 15:00:00,456.22468418524596,355.19678,265.51328
forecast_4288,2025-06-28 16:00:00,567.5868679007466,668.65326,330.16074
forecast_4289,2025-06-28 17:00:00,877.6877254568249,861.8741,405.39758
forecast_4290,2025-06-28 18:00:00,1128.9651071624323,1269.2631,623.77264
forecast_4291,2025-06-28 19:00:00,1558.5900010480802,2510.3232,1093.1501
forecast_4292,2025-06-28 20:00:00,3441.0795101230506,4931.045,1546.6868
forecast_4293,2025-06-28 21:00:00,5310.13933642233,8347.11,2212.3245
forecast_4294,2025-06-28 22:00:00,5497.4344415022015,8844.724,2954.346
forecast_4295,2025-06-28 23:00:00,6184.401588307896,7987.495,2730.0437
forecast_4296,2025-06-29 00:00:00,6369.228258884659,8677.498,2981.44
forecast_4297,2025-06-29 01:00:00,6097.586204450517,10092.766,3398.0251
forecast_4298,2025-06-29 02:00:00,7784.92118105165,12129.925,4701.4087
forecast_4299,2025-06-29 03:00:00,9346.43641136119,13358.496,6159.2183
forecast_4300,2025-06-29 04:00:00,12045.667270104757,13610.342,6837.17
forecast_4301,2025-06-29 05:00:00,12603.09213409044,14199.968,8309.046
forecast_4302,2025-06-29 06:00:00,11925.353954070582,14022.763,9701.764
forecast_4303,2025-06-29 07:00:00,11113.136996719384,13387.769,9863.253
forecast_4304,2025-06-29 08:00:00,7769.422871390256,12394.815,9138.814
forecast_4305,2025-06-29 09:00:00,6356.697628578509,10174.617,7211.656
forecast_4306,2025-06-29 10:00:00,3965.6619104756505,6495.878,4098.441
forecast_4307,2025-06-29 11:00:00,2756.0930801132363,4179.3184,2207.4656
forecast_4308,2025-06-29 12:00:00,2720.009831177096,3174.5996,1682.5164
forecast_4309,2025-06-29 13:00:00,2865.017605876834,2852.8345,1613.4865
forecast_4310,2025-06-29 14:00:00,3242.316534664902,2946.6033,1909.1248
forecast_4311,2025-06-29 15:00:00,2682.010212857005,3059.139,2251.0068
forecast_4312,2025-06-29 16:00:00,2795.735455381935,2768.8115,2278.7947
forecast_4313,2025-06-29 17:00:00,2796.940136260876,2622.9756,2364.664
forecast_4314,2025-06-29 18:00:00,3487.8488887962794,2656.5496,2348.4124
forecast_4315,2025-06-29 19:00:00,4022.9631289817908,2732.859,2357.0378
forecast_4316,2025-06-29 20:00:00,4948.875551567591,3901.0122,2699.3845
forecast_4317,2025-06-29 21:00:00,5544.22044345176,6979.377,3440.3157
forecast_4318,2025-06-29 22:00:00,8227.415640859585,9781.931,4296.08
forecast_4319,2025-06-29 23:00:00,8104.93156182176,11956.569,5728.035
forecast_4320,2025-06-30 00:00:00,7910.766001790617,13015.997,7072.756
forecast_4321,2025-06-30 01:00:00,7137.2523701705895,12256.18,6978.7744
forecast_4322,2025-06-30 02:00:00,7827.646675794102,9869.852,4936.0347
forecast_4323,2025-06-30 03:00:00,9066.82998255025,9156.634,3752.0874
forecast_4324,2025-06-30 04:00:00,8665.31051982081,10284.2,4061.1665
forecast_4325,2025-06-30 05:00:00,8046.819329062577,11475.152,5253.423
forecast_4326,2025-06-30 06:00:00,9144.911735797223,11924.532,6352.8306
forecast_4327,2025-06-30 07:00:00,7277.570749637631,11255.853,6263.513
forecast_4328,2025-06-30 08:00:00,4750.36695411732,8728.48,4086.1738
forecast_4329,2025-06-30 09:00:00,4689.240790061077,6229.198,2666.935
forecast_4330,2025-06-30 10:00:00,2850.1057534214797,3632.336,1852.7499
forecast_4331,2025-06-30 11:00:00,2501.0666923274703,2022.5353,1223.268
forecast_4332,2025-06-30 12:00:00,1555.0989819894762,1835.3378,1067.8907
forecast_4333,2025-06-30 13:00:00,2117.651179822803,2005.1765,1172.2548
forecast_4334,2025-06-30 14:00:00,2588.0152113814083,3447.1965,1735.8301
forecast_4335,2025-06-30 15:00:00,3718.1440215011503,5849.363,3213.5193
forecast_4336,2025-06-30 16:00:00,4270.674228332706,6457.9165,3818.5186
forecast_4337,2025-06-30 17:00:00,4247.71930976202,6877.527,4121.1455
forecast_4338,2025-06-30 18:00:00,6347.695399344794,7418.7397,4878.4663
forecast_4339,2025-06-30 19:00:00,6178.298405439673,7858.6074,5467.015
forecast_4340,2025-06-30 20:00:00,6794.505500650358,9948.343,5622.4087
forecast_4341,2025-06-30 21:00:00,10193.701484320005,12679.911,6054.1626
forecast_4342,2025-06-30 22:00:00,12383.877916889516,14392.926,7117.1157
forecast_4343,2025-06-30 23:00:00,12479.30935181634,15443.588,8575.976
forecast_4344,2025-07-01 00:00:00,11057.109295173483,15473.492,9122.618
forecast_4345,2025-07-01 01:00:00,9654.820371421483,14157.103,7552.355
forecast_4346,2025-07-01 02:00:00,9122.713277988301,13905.999,6086.2
forecast_4347,2025-07-01 03:00:00,8473.36218142831,13446.071,5627.787
forecast_4348,2025-07-01 04:00:00,10121.04483637596,12960.086,5609.96
forecast_4349,2025-07-01 05:00:00,10500.482162507484,13223.14,6193.9673
forecast_4350,2025-07-01 06:00:00,9322.458113495313,13217.096,7335.737
forecast_4351,2025-07-01 07:00:00,6598.631108556285,12339.113,7440.391
forecast_4352,2025-07-01 08:00:00,5696.983170896711,10495.659,5503.0376
forecast_4353,2025-07-01 09:00:00,4837.878418939449,9829.069,4648.175
forecast_4354,2025-07-01 10:00:00,4089.3078816482803,8544.32,4104.0044
forecast_4355,2025-07-01 11:00:00,3616.8811140495827,7626.2373,3904.719
forecast_4356,2025-07-01 12:00:00,3813.6662014019535,7533.797,4389.919
forecast_4357,2025-07-01 13:00:00,3894.119719082311,7580.9927,4768.4355
forecast_4358,2025-07-01 14:00:00,4210.0354447888885,7387.5356,4748.3057
forecast_4359,2025-07-01 15:00:00,4323.7336611715755,7107.013,4561.1284
forecast_4360,2025-07-01 16:00:00,5049.6149970715505,5784.821,3951.3555
forecast_4361,2025-07-01 17:00:00,4878.04124019975,5624.9883,3932.7515
forecast_4362,2025-07-01 18:00:00,4614.597962057009,5379.8584,3664.1096
forecast_4363,2025-07-01 19:00:00,6784.222059996139,6003.639,3987.1055
forecast_4364,2025-07-01 20:00:00,6900.749562265583,8899.552,4570.8745
forecast_4365,2025-07-01 21:00:00,8439.088261728682,12215.233,5791.8784
forecast_4366,2025-07-01 22:00:00,9606.07802792716,14436.433,7102.549
forecast_4367,2025-07-01 23:00:00,10882.152472641923,15020.174,7949.2964
forecast_4368,2025-07-02 00:00:00,13984.50136790521,15656.649,8899.396
forecast_4369,2025-07-02 01:00:00,12892.159974327033,16338.8125,10841.014
forecast_4370,2025-07-02 02:00:00,14585.55843807252,16402.598,11674.579
forecast_4371,2025-07-02 03:00:00,14798.242978927372,16560.287,12296.455
forecast_4372,2025-07-02 04:00:00,15096.220419425117,16678.25,12625.259
forecast_4373,2025-07-02 05:00:00,15475.135311787286,16631.447,12549.181
forecast_4374,2025-07-02 06:00:00,15046.195928634686,16697.63,12896.085
forecast_4375,2025-07-02 07:00:00,14471.204754437298,16734.871,13302.118
forecast_4376,2025-07-02 08:00:00,12075.128312290382,16147.142,12630.077
forecast_4377,2025-07-02 09:00:00,9594.992112022835,14943.551,11146.64
forecast_4378,2025-07-02 10:00:00,8318.337236433426,11694.217,8562.604
forecast_4379,2025-07-02 11:00:00,5116.2913286886915,7516.1323,5740.879
forecast_4380,2025-07-02 12:00:00,5628.521525199228,5998.557,4282.388
forecast_4381,2025-07-02 13:00:00,5365.935548840341,6388.1343,4378.822
forecast_4382,2025-07-02 14:00:00,5440.831038216707,6265.191,4238.143
forecast_4383,2025-07-02 15:00:00,4309.083017344577,6454.5,4003.7703
forecast_4384,2025-07-02 16:00:00,4137.190669919542,6152.383,3639.0508
forecast_4385,2025-07-02 17:00:00,4089.9114877244638,5119.1636,2949.697
forecast_4386,2025-07-02 18:00:00,2912.95639533103,5159.4395,2787.9365
forecast_4387,2025-07-02 19:00:00,3590.1857034013046,4009.8823,2246.7349
forecast_4388,2025-07-02 20:00:00,4767.557989076504,5325.0776,2068.956
forecast_4389,2025-07-02 21:00:00,5995.453918001959,8680.819,2520.9922
forecast_4390,2025-07-02 22:00:00,6898.250504784356,10757.657,3021.4302
forecast_4391,2025-07-02 23:00:00,6996.754713184051,12291.154,4052.663
forecast_4392,2025-07-03 00:00:00,7520.019559347374,12703.12,4636.962
forecast_4393,2025-07-03 01:00:00,10823.0335057385,13436.404,5567.6846
forecast_4394,2025-07-03 02:00:00,10470.84928000087,14327.202,7157.9077
forecast_4395,2025-07-03 03:00:00,11358.178745484187,14528.062,8016.6113
forecast_4396,2025-07-03 04:00:00,11869.04707155838,14622.119,8116.498
forecast_4397,2025-07-03 05:00:00,13650.755782533932,14899.045,8399.05
forecast_4398,2025-07-03 06:00:00,13011.991534897654,15532.081,9330.231
forecast_4399,2025-07-03 07:00:00,11239.419530805932,15805.338,10431.086
forecast_4400,2025-07-03 08:00:00,10757.09636941454,15060.027,10070.834
forecast_4401,2025-07-03 09:00:00,11617.848177525007,14164.418,9000.333
forecast_4402,2025-07-03 10:00:00,8892.392088586315,13879.619,9183.298
forecast_4403,2025-07-03 11:00:00,7468.491999562542,11530.621,7862.293
forecast_4404,2025-07-03 12:00:00,4355.619565825009,8767.683,6298.773
forecast_4405,2025-07-03 13:00:00,4272.211774553922,8009.3643,5626.1514
forecast_4406,2025-07-03 14:00:00,4573.330480420111,8545.176,6423.2725
forecast_4407,2025-07-03 15:00:00,5913.250238626413,8868.276,7056.667
forecast_4408,2025-07-03 16:00:00,6061.361000123393,8798.236,7522.86
forecast_4409,2025-07-03 17:00:00,5576.388369046824,9313.968,8108.314
forecast_4410,2025-07-03 18:00:00,5949.499244841053,9137.846,8027.9844
forecast_4411,2025-07-03 19:00:00,7109.306760595266,10604.196,8225.341
forecast_4412,2025-07-03 20:00:00,10216.62811497705,14170.176,9427.71
forecast_4413,2025-07-03 21:00:00,11837.412688756496,16774.078,11516.786
forecast_4414,2025-07-03 22:00:00,11923.977336103282,17733.273,12331.203
forecast_4415,2025-07-03 23:00:00,11642.39849913445,17672.283,11690.622
forecast_4416,2025-07-04 00:00:00,13509.291641088432,17764.822,11475.882
forecast_4417,2025-07-04 01:00:00,13995.143798004114,18166.613,12315.334
forecast_4418,2025-07-04 02:00:00,12901.000247123815,18143.484,13045.098
forecast_4419,2025-07-04 03:00:00,13906.718645119436,18321.566,13427.05
forecast_4420,2025-07-04 04:00:00,14742.194791565018,18531.178,13959.36
forecast_4421,2025-07-04 05:00:00,14655.969946397698,18787.742,14686.358
forecast_4422,2025-07-04 06:00:00,16454.646421964404,18963.326,15199.025
forecast_4423,2025-07-04 07:00:00,15881.362672879182,19037.402,15584.084
forecast_4424,2025-07-04 08:00:00,15624.570287913155,19075.717,15942.506
forecast_4425,2025-07-04 09:00:00,15167.44776438332,19079.432,16331.971
forecast_4426,2025-07-04 10:00:00,14052.19432927637,18808.85,16042.669
forecast_4427,2025-07-04 11:00:00,14206.819515301506,18215.244,15251.647
forecast_4428,2025-07-04 12:00:00,14108.734318004297,17554.729,14335.347
forecast_4429,2025-07-04 13:00:00,13665.715585725417,16730.068,13177.399
forecast_4430,2025-07-04 14:00:00,12855.005065683481,16434.486,12225.789
forecast_4431,2025-07-04 15:00:00,12805.066065059591,16706.271,11671.585
forecast_4432,2025-07-04 16:00:00,12528.596110859698,17049.332,12589.698
forecast_4433,2025-07-04 17:00:00,12571.364659034496,17150.293,13572.146
forecast_4434,2025-07-04 18:00:00,12769.642038109736,17530.465,14799.486
forecast_4435,2025-07-04 19:00:00,12923.282820171069,17733.396,15313.832
forecast_4436,2025-07-04 20:00:00,14111.960291898124,17955.203,15897.448
forecast_4437,2025-07-04 21:00:00,14799.94636656324,18281.166,16482.938
forecast_4438,2025-07-04 22:00:00,16347.359687358768,18429.893,16726.293
forecast_4439,2025-07-04 23:00:00,16125.289449807085,18683.387,17137.799
forecast_4440,2025-07-05 00:00:00,15566.982514405345,18806.742,17361.13
forecast_4441,2025-07-05 01:00:00,14192.84791964252,18758.873,17290.098
forecast_4442,2025-07-05 02:00:00,13753.359426804318,18376.062,16750.977
forecast_4443,2025-07-05 03:00:00,13297.190151105526,18048.56,16113.126
forecast_4444,2025-07-05 04:00:00,12697.987033055313,17592.545,15423.919
forecast_4445,2025-07-05 05:00:00,13322.645286244815,17101.838,14811.8955
forecast_4446,2025-07-05 06:00:00,14048.275081948801,16696.92,14566.426
forecast_4447,2025-07-05 07:00:00,14234.23127833098,16437.322,14223.39
forecast_4448,2025-07-05 08:00:00,12844.811965161412,16298.607,14132.912
forecast_4449,2025-07-05 09:00:00,11736.070171063127,15603.321,13704.434
forecast_4450,2025-07-05 10:00:00,10214.784336278404,14154.396,12855.178
forecast_4451,2025-07-05 11:00:00,7211.586239794645,12227.096,11292.04
forecast_4452,2025-07-05 12:00:00,6937.97723842841,10433.03,9660.268
forecast_4453,2025-07-05 13:00:00,9778.077361054098,10833.917,9549.044
forecast_4454,2025-07-05 14:00:00,11073.070263772262,12559.827,11518.104
forecast_4455,2025-07-05 15:00:00,10918.31400262189,13725.626,12881.167
forecast_4456,2025-07-05 16:00:00,10858.367235141017,13945.747,13248.088
forecast_4457,2025-07-05 17:00:00,10428.838339034195,14263.416,13209.134
forecast_4458,2025-07-05 18:00:00,10049.453602991773,14557.538,12980.091
forecast_4459,2025-07-05 19:00:00,10443.676335498596,15231.375,12849.982
forecast_4460,2025-07-05 20:00:00,14186.899311772186,16321.593,12988.302
forecast_4461,2025-07-05 21:00:00,14534.665656894738,17633.883,14066.16
forecast_4462,2025-07-05 22:00:00,13926.01858002318,18346.402,15111.975
forecast_4463,2025-07-05 23:00:00,15697.555705724075,18603.4,15554.335
forecast_4464,2025-07-06 00:00:00,15856.450444086311,18735.129,15723.061
forecast_4465,2025-07-06 01:00:00,19023.25523772518,18648.625,15687.902
forecast_4466,2025-07-06 02:00:00,18431.199916719197,18684.91,15723.673
forecast_4467,2025-07-06 03:00:00,18894.403183846916,18714.91,15661.3545
forecast_4468,2025-07-06 04:00:00,18342.708096290033,18760.135,15800.231
forecast_4469,2025-07-06 05:00:00,16235.156401303588,18781.166,15999.716
forecast_4470,2025-07-06 06:00:00,15684.434859218713,18665.861,16155.048
forecast_4471,2025-07-06 07:00:00,14032.153611706151,18559.781,16258.558
forecast_4472,2025-07-06 08:00:00,13943.80199146957,18184.197,16171.182
forecast_4473,2025-07-06 09:00:00,12700.163966118285,17199.232,15377.256
forecast_4474,2025-07-06 10:00:00,10974.967137253392,15182.775,13396.849
forecast_4475,2025-07-06 11:00:00,8259.102767039356,11604.109,9849.638
forecast_4476,2025-07-06 12:00:00,7333.262669568942,8456.609,6789.457
forecast_4477,2025-07-06 13:00:00,4773.700878035527,6521.0894,5073.8237
forecast_4478,2025-07-06 14:00:00,5104.693849446779,5773.221,4304.628
forecast_4479,2025-07-06 15:00:00,4160.540849645345,4861.3633,3742.9392
forecast_4480,2025-07-06 16:00:00,3659.8086652654783,4219.1055,3114.6492
forecast_4481,2025-07-06 17:00:00,3780.7718023187845,3775.7263,2964.9858
forecast_4482,2025-07-06 18:00:00,4183.945748161905,4253.8945,3163.6152
forecast_4483,2025-07-06 19:00:00,6336.088230997514,6130.1587,3893.9485
forecast_4484,2025-07-06 20:00:00,7409.466353955285,9184.227,5142.179
forecast_4485,2025-07-06 21:00:00,9784.134524668189,12591.366,7053.579
forecast_4486,2025-07-06 22:00:00,10159.19851204309,14416.129,8646.46
forecast_4487,2025-07-06 23:00:00,10538.674206594274,15517.359,9989.0205
forecast_4488,2025-07-07 00:00:00,11418.136863390728,15875.895,10575.372
forecast_4489,2025-07-07 01:00:00,10478.0556139536,16110.283,11231.869
forecast_4490,2025-07-07 02:00:00,9519.901487019562,15541.471,10730.514
forecast_4491,2025-07-07 03:00:00,9241.259009970725,14822.188,9139.498
forecast_4492,2025-07-07 04:00:00,8153.976432256929,13944.605,7393.324
forecast_4493,2025-07-07 05:00:00,3699.6849423684257,11277.474,4675.3726
forecast_4494,2025-07-07 06:00:00,1557.799774507439,6504.5723,1985.6287
forecast_4495,2025-07-07 07:00:00,1001.9354135142473,2800.3154,979.8117
forecast_4496,2025-07-07 08:00:00,236.2982076352789,866.8799,453.81644
forecast_4497,2025-07-07 09:00:00,39.54276729591616,386.53775,277.3503
forecast_4498,2025-07-07 10:00:00,34.6372558244435,248.26654,149.85683
forecast_4499,2025-07-07 11:00:00,3.266291211199033,249.29597,130.11955
forecast_4500,2025-07-07 12:00:00,62.724626498437544,273.1534,140.44653
forecast_4501,2025-07-07 13:00:00,89.5121387699324,317.50107,164.27171
forecast_4502,2025-07-07 14:00:00,224.18228314076552,382.44467,190.08195
forecast_4503,2025-07-07 15:00:00,318.79944524491594,442.65924,209.07213
forecast_4504,2025-07-07 16:00:00,272.05131815979104,427.1966,216.21884
forecast_4505,2025-07-07 17:00:00,524.8038530958275,430.55832,227.12079
forecast_4506,2025-07-07 18:00:00,548.1794535542657,408.5616,205.55075
forecast_4507,2025-07-07 19:00:00,404.05502529124107,432.0066,183.07497
forecast_4508,2025-07-07 20:00:00,488.9620322047521,518.6191,172.64989
forecast_4509,2025-07-07 21:00:00,550.2597403511194,649.01514,168.61653
forecast_4510,2025-07-07 22:00:00,759.3484394596949,810.75385,170.03345
forecast_4511,2025-07-07 23:00:00,538.4009466420378,883.4136,175.55492
forecast_4512,2025-07-08 00:00:00,443.30461401677866,817.2528,172.96451
forecast_4513,2025-07-08 01:00:00,414.4131746710301,735.4454,171.8197
forecast_4514,2025-07-08 02:00:00,145.01857626864634,593.66705,159.92134
forecast_4515,2025-07-08 03:00:00,190.05073282767276,470.60278,161.20236
forecast_4516,2025-07-08 04:00:00,92.81983942304917,360.29565,157.22475
forecast_4517,2025-07-08 05:00:00,208.51293555777764,296.47012,146.94925
forecast_4518,2025-07-08 06:00:00,239.01721702735898,261.92343,140.04318
forecast_4519,2025-07-08 07:00:00,246.6360842416688,288.38394,132.33784
forecast_4520,2025-07-08 08:00:00,176.26718421631276,326.21115,123.89384
forecast_4521,2025-07-08 09:00:00,64.79456456335689,355.38876,123.030815
forecast_4522,2025-07-08 10:00:00,142.85976774513557,396.51227,129.38773
forecast_4523,2025-07-08 11:00:00,100.04157064176945,383.23795,139.37607
forecast_4524,2025-07-08 12:00:00,180.36726202754258,368.07172,152.11952
forecast_4525,2025-07-08 13:00:00,349.2546127081995,387.29587,167.74051
forecast_4526,2025-07-08 14:00:00,144.0261028045514,453.80222,192.59937
forecast_4527,2025-07-08 15:00:00,166.73414341959108,435.41232,204.54346
forecast_4528,2025-07-08 16:00:00,289.9679188395345,388.50958,209.7915
forecast_4529,2025-07-08 17:00:00,229.31220288940358,353.4399,205.82602
forecast_4530,2025-07-08 18:00:00,311.57547965334584,356.3651,199.84436
forecast_4531,2025-07-08 19:00:00,384.60635971091733,422.68436,200.49507
forecast_4532,2025-07-08 20:00:00,816.9701378907648,565.26105,199.95303
forecast_4533,2025-07-08 21:00:00,1364.6407318241122,924.49896,201.99548
forecast_4534,2025-07-08 22:00:00,1854.5963993050914,1378.9535,206.63516
forecast_4535,2025-07-08 23:00:00,1931.333069784055,1743.2357,199.63124
forecast_4536,2025-07-09 00:00:00,1860.0429825065007,2111.1353,186.65652
forecast_4537,2025-07-09 01:00:00,1703.2571936698912,2647.3445,182.0219
forecast_4538,2025-07-09 02:00:00,1852.0728895988996,2326.518,169.97414
forecast_4539,2025-07-09 03:00:00,1810.0244267494309,2070.8477,172.45477
forecast_4540,2025-07-09 04:00:00,1802.303039358338,2062.7827,185.4468
forecast_4541,2025-07-09 05:00:00,1888.5773906258942,2058.1282,201.53784
forecast_4542,2025-07-09 06:00:00,1879.8407360213932,2040.3844,217.1996
forecast_4543,2025-07-09 07:00:00,1842.134257604478,1941.808,233.30899
forecast_4544,2025-07-09 08:00:00,1526.9644728883313,1698.5388,239.85872
forecast_4545,2025-07-09 09:00:00,1045.7327302689391,1265.6038,234.21416
forecast_4546,2025-07-09 10:00:00,882.5061204975676,954.0486,227.81892
forecast_4547,2025-07-09 11:00:00,784.0996890093966,712.74835,227.79324
forecast_4548,2025-07-09 12:00:00,764.4941391881333,578.0625,235.58142
forecast_4549,2025-07-09 13:00:00,930.7647750098643,472.32782,239.10165
forecast_4550,2025-07-09 14:00:00,706.1212972816767,420.34506,241.43965
forecast_4551,2025-07-09 15:00:00,756.6240974614046,403.47028,242.708
forecast_4552,2025-07-09 16:00:00,669.385412215903,417.19342,239.20775
forecast_4553,2025-07-09 17:00:00,867.8251861913617,444.63388,234.33311
forecast_4554,2025-07-09 18:00:00,808.8576604633971,495.5372,229.68063
forecast_4555,2025-07-09 19:00:00,1635.5048735663827,685.6786,229.03526
forecast_4556,2025-07-09 20:00:00,1994.6429729023084,1104.5477,236.75458
forecast_4557,2025-07-09 21:00:00,2408.606368620107,1821.9427,251.87927
forecast_4558,2025-07-09 22:00:00,3827.046222169016,2757.5203,251.70274
forecast_4559,2025-07-09 23:00:00,4021.6132575181605,3908.234,260.82922
forecast_4560,2025-07-10 00:00:00,3996.1816777466083,4513.0195,282.2078
forecast_4561,2025-07-10 01:00:00,3111.9530707815625,4812.9688,297.18686
forecast_4562,2025-07-10 02:00:00,2813.6648187919923,4433.182,300.4555
forecast_4563,2025-07-10 03:00:00,3020.3748160218142,4204.054,318.27502
forecast_4564,2025-07-10 04:00:00,3946.437372670604,4270.053,372.28473
forecast_4565,2025-07-10 05:00:00,4095.258259160029,4696.3716,459.0571
forecast_4566,2025-07-10 06:00:00,4537.47264953563,5677.5005,644.35175
forecast_4567,2025-07-10 07:00:00,4665.750600323305,6189.798,904.6165
forecast_4568,2025-07-10 08:00:00,4960.645041182533,6063.424,1073.5403
forecast_4569,2025-07-10 09:00:00,4707.3773402921215,6274.555,1292.0898
forecast_4570,2025-07-10 10:00:00,2872.274823289165,6117.6895,1474.6495
forecast_4571,2025-07-10 11:00:00,2927.539071895117,5172.6367,1418.2014
forecast_4572,2025-07-10 12:00:00,2827.399241952123,4018.601,1259.9321
forecast_4573,2025-07-10 13:00:00,2567.657160497894,3172.5723,1055.7091
forecast_4574,2025-07-10 14:00:00,2583.852426186491,2648.9155,893.6603
forecast_4575,2025-07-10 15:00:00,2305.441818603679,2493.6985,796.37714
forecast_4576,2025-07-10 16:00:00,2232.046792293527,2600.7288,742.89813
forecast_4577,2025-07-10 17:00:00,2496.67524824465,3205.1084,767.0581
forecast_4578,2025-07-10 18:00:00,2793.682076973624,4029.542,810.2971
forecast_4579,2025-07-10 19:00:00,3882.897399675355,5459.0903,899.96405
forecast_4580,2025-07-10 20:00:00,4482.660918372559,7069.3296,1140.0571
forecast_4581,2025-07-10 21:00:00,5411.196626175773,8312.779,1385.1804
forecast_4582,2025-07-10 22:00:00,6120.318782025472,8978.8125,1529.7542
forecast_4583,2025-07-10 23:00:00,6209.243794657103,9775.241,1812.9102
forecast_4584,2025-07-11 00:00:00,6220.810533514933,10343.399,1998.7832
forecast_4585,2025-07-11 01:00:00,7496.256465493305,10455.001,1957.534
forecast_4586,2025-07-11 02:00:00,7375.791282559722,9450.326,1580.9275
forecast_4587,2025-07-11 03:00:00,7158.559248349453,9420.14,1573.5454
forecast_4588,2025-07-11 04:00:00,7451.8350947772715,9356.362,1639.2815
forecast_4589,2025-07-11 05:00:00,7290.665840001332,9554.589,1747.2512
forecast_4590,2025-07-11 06:00:00,6971.071151893763,10034.425,2074.6235
forecast_4591,2025-07-11 07:00:00,7246.236236832966,10339.38,2480.1567
forecast_4592,2025-07-11 08:00:00,7692.885902479807,10694.089,2989.337
forecast_4593,2025-07-11 09:00:00,6384.0028262023425,10587.347,3190.7283
forecast_4594,2025-07-11 10:00:00,4533.863330096393,9695.41,2754.6997
forecast_4595,2025-07-11 11:00:00,3369.6132092198395,7205.8345,1814.906
forecast_4596,2025-07-11 12:00:00,3315.2250143466085,5042.937,1280.5085
forecast_4597,2025-07-11 13:00:00,3160.7809217365343,3858.9158,1127.2166
forecast_4598,2025-07-11 14:00:00,2965.0505581005273,3278.2114,1030.5236
forecast_4599,2025-07-11 15:00:00,2072.334359941752,2822.1553,892.39
forecast_4600,2025-07-11 16:00:00,2014.0635967395772,2384.887,758.8802
forecast_4601,2025-07-11 17:00:00,2163.8689006335235,2453.4746,714.65173
forecast_4602,2025-07-11 18:00:00,3532.2555394656133,3387.5781,767.77344
forecast_4603,2025-07-11 19:00:00,3939.4925246084176,5006.9272,970.0948
forecast_4604,2025-07-11 20:00:00,4666.171354484693,6346.9355,1207.2819
forecast_4605,2025-07-11 21:00:00,5066.347312250358,7441.4224,1354.512
forecast_4606,2025-07-11 22:00:00,5834.589078255507,8244.64,1369.0682
forecast_4607,2025-07-11 23:00:00,5920.5543726840015,8389.04,1319.8628
forecast_4608,2025-07-12 00:00:00,6212.501877138885,8619.738,1287.4569
forecast_4609,2025-07-12 01:00:00,6198.394195431112,8409.344,1114.0764
forecast_4610,2025-07-12 02:00:00,5681.537840115443,7709.644,935.46857
forecast_4611,2025-07-12 03:00:00,5819.838915109178,6162.9155,711.41644
forecast_4612,2025-07-12 04:00:00,4754.207599460462,5359.5596,610.5003
forecast_4613,2025-07-12 05:00:00,4687.303309307256,4870.1133,558.81696
forecast_4614,2025-07-12 06:00:00,4110.037968578602,4382.5215,497.96527
forecast_4615,2025-07-12 07:00:00,3245.597815591198,4049.4072,440.60043
forecast_4616,2025-07-12 08:00:00,2612.7504966867346,3232.419,370.06177
forecast_4617,2025-07-12 09:00:00,1412.6492947893487,2537.4917,326.5783
forecast_4618,2025-07-12 10:00:00,1026.0681315113193,1687.1669,276.6349
forecast_4619,2025-07-12 11:00:00,541.7328563055661,1003.7947,222.94763
forecast_4620,2025-07-12 12:00:00,169.20607081439854,581.0704,194.09608
forecast_4621,2025-07-12 13:00:00,129.1255385045322,401.0746,178.58652
forecast_4622,2025-07-12 14:00:00,152.85777808558714,323.237,169.88812
forecast_4623,2025-07-12 15:00:00,115.27471961968739,290.0914,164.21063
forecast_4624,2025-07-12 16:00:00,87.52525256268915,286.17267,162.1637
forecast_4625,2025-07-12 17:00:00,74.65402726411797,283.6902,157.26329
forecast_4626,2025-07-12 18:00:00,88.27257848863876,277.43314,159.05138
forecast_4627,2025-07-12 19:00:00,138.44636267480408,267.48785,175.44038
forecast_4628,2025-07-12 20:00:00,124.38464039303058,280.1664,206.76193
forecast_4629,2025-07-12 21:00:00,142.5276821971039,424.37872,301.04666
forecast_4630,2025-07-12 22:00:00,585.7468436669197,1079.945,443.718
forecast_4631,2025-07-12 23:00:00,1547.655648791345,2093.4016,715.19525
forecast_4632,2025-07-13 00:00:00,2456.7781235134917,3231.3726,1104.5588
forecast_4633,2025-07-13 01:00:00,2048.2069791954473,4501.579,1582.1848
forecast_4634,2025-07-13 02:00:00,2168.1643726481616,4407.923,1666.6125
forecast_4635,2025-07-13 03:00:00,2327.108416334662,4376.6353,1637.2507
forecast_4636,2025-07-13 04:00:00,1402.2462438116465,3904.3196,1486.264
forecast_4637,2025-07-13 05:00:00,1428.7226345704794,2861.8406,1071.6078
forecast_4638,2025-07-13 06:00:00,710.5680152806752,2369.1704,839.95154
forecast_4639,2025-07-13 07:00:00,566.7515104732681,1125.2421,484.20758
forecast_4640,2025-07-13 08:00:00,82.42419041048628,552.6758,321.40372
forecast_4641,2025-07-13 09:00:00,140.4745676737523,339.14932,238.49197
forecast_4642,2025-07-13 10:00:00,141.99588633844706,279.65536,214.37871
forecast_4643,2025-07-13 11:00:00,0.0,261.52414,203.73941
forecast_4644,2025-07-13 12:00:00,217.2256290124831,297.7587,234.5957
forecast_4645,2025-07-13 13:00:00,152.46298119977365,337.2193,285.33115
forecast_4646,2025-07-13 14:00:00,423.85917990078457,413.05582,308.7547
forecast_4647,2025-07-13 15:00:00,291.4346088009413,486.40723,342.5175
forecast_4648,2025-07-13 16:00:00,439.0139332354972,506.4499,384.80313
forecast_4649,2025-07-13 17:00:00,967.8549790906322,766.1826,480.87717
forecast_4650,2025-07-13 18:00:00,1431.4885230030172,1623.1399,703.4656
forecast_4651,2025-07-13 19:00:00,2496.3780536209815,2712.6016,988.4126
forecast_4652,2025-07-13 20:00:00,1276.9142400370158,3389.8298,1115.4801
forecast_4653,2025-07-13 21:00:00,1657.715283137677,4066.9949,1004.7401
forecast_4654,2025-07-13 22:00:00,2503.289719057954,3555.3867,722.8984
forecast_4655,2025-07-13 23:00:00,2305.6491553466467,4276.455,848.1398
forecast_4656,2025-07-14 00:00:00,2426.1347724273146,6377.463,1767.7194
forecast_4657,2025-07-14 01:00:00,2814.1911565383252,7135.372,2484.7498
forecast_4658,2025-07-14 02:00:00,2778.703040229489,6553.7974,2369.4863
forecast_4659,2025-07-14 03:00:00,3939.5512289412586,4853.0093,1237.5424
forecast_4660,2025-07-14 04:00:00,3452.502304247992,6405.6724,1456.6929
forecast_4661,2025-07-14 05:00:00,3840.6625759593812,6798.74,1961.3788
forecast_4662,2025-07-14 06:00:00,4671.220004732778,6773.5854,2376.4004
forecast_4663,2025-07-14 07:00:00,4224.900071365251,6338.947,2476.112
forecast_4664,2025-07-14 08:00:00,4240.459767150942,6254.1226,2767.3542
forecast_4665,2025-07-14 09:00:00,4955.917841104628,6404.45,2929.574
forecast_4666,2025-07-14 10:00:00,3753.6779197471283,6466.7334,3328.6165
forecast_4667,2025-07-14 11:00:00,3632.2440396161683,6217.368,3794.2292
forecast_4668,2025-07-14 12:00:00,3700.8872595407865,5765.8125,3202.687
forecast_4669,2025-07-14 13:00:00,3955.5422764380583,5050.61,2773.0173
forecast_4670,2025-07-14 14:00:00,3501.501473590435,5143.1772,2746.2551
forecast_4671,2025-07-14 15:00:00,4414.644126751486,4826.5933,2980.747
forecast_4672,2025-07-14 16:00:00,4496.179234481863,4790.6904,3482.2507
forecast_4673,2025-07-14 17:00:00,3812.690219418796,5267.663,4774.896
forecast_4674,2025-07-14 18:00:00,3981.4250735585742,5532.5854,5089.923
forecast_4675,2025-07-14 19:00:00,5741.994389358481,5759.1646,5230.8975
forecast_4676,2025-07-14 20:00:00,5134.266205043945,5568.889,4675.338
forecast_4677,2025-07-14 21:00:00,4928.76488735205,5739.2896,4496.6997
forecast_4678,2025-07-14 22:00:00,5276.252645349489,6032.185,4007.9092
forecast_4679,2025-07-14 23:00:00,5683.289557948865,6710.383,4506.831
forecast_4680,2025-07-15 00:00:00,6493.834666303305,7132.864,5121.7646
forecast_4681,2025-07-15 01:00:00,7595.70601162216,7735.494,5822.0576
forecast_4682,2025-07-15 02:00:00,8642.735304268625,10250.825,6481.587
forecast_4683,2025-07-15 03:00:00,7885.832425008148,11002.063,8029.792
forecast_4684,2025-07-15 04:00:00,7867.594733520677,9794.451,8518.66
forecast_4685,2025-07-15 05:00:00,7376.113243657302,8555.706,7413.2114
forecast_4686,2025-07-15 06:00:00,8300.644061664021,7492.1924,6193.7417
forecast_4687,2025-07-15 07:00:00,5517.172339319742,7548.0576,5373.3623
forecast_4688,2025-07-15 08:00:00,5349.763268904762,7161.518,4952.956
forecast_4689,2025-07-15 09:00:00,5025.814337692549,6922.1777,4495.2153
forecast_4690,2025-07-15 10:00:00,2897.8146747867204,7007.0483,4534.7773
forecast_4691,2025-07-15 11:00:00,3663.574255159321,5459.657,3214.637
forecast_4692,2025-07-15 12:00:00,2201.465040491821,4207.609,2015.5255
forecast_4693,2025-07-15 13:00:00,1733.6078895454593,3869.4922,1677.73
forecast_4694,2025-07-15 14:00:00,2794.500779450165,3873.7068,1516.1211
forecast_4695,2025-07-15 15:00:00,3819.1923025697383,4112.564,1679.1482
forecast_4696,2025-07-15 16:00:00,3835.00715427769,4580.4004,2055.5596
forecast_4697,2025-07-15 17:00:00,1717.0664875958537,4628.9414,2342.671
forecast_4698,2025-07-15 18:00:00,2430.9241226342065,4163.268,1968.1053
forecast_4699,2025-07-15 19:00:00,1366.4668908699873,4583.7227,1590.2974
forecast_4700,2025-07-15 20:00:00,2145.8113321108617,4756.7593,1512.9639
forecast_4701,2025-07-15 21:00:00,3534.418644938614,5789.3306,1927.4391
forecast_4702,2025-07-15 22:00:00,4605.634494849313,7120.636,2536.4998
forecast_4703,2025-07-15 23:00:00,4516.603426450243,8616.248,3252.3376
forecast_4704,2025-07-16 00:00:00,6491.808314115253,10073.462,3772.9885
forecast_4705,2025-07-16 01:00:00,10156.105010935638,12313.817,5523.3726
forecast_4706,2025-07-16 02:00:00,9593.52777600685,14639.199,8620.277
forecast_4707,2025-07-16 03:00:00,13701.986220029392,15370.292,10949.308
forecast_4708,2025-07-16 04:00:00,13365.112189511437,16425.998,12317.861
forecast_4709,2025-07-16 05:00:00,11699.6659676502,16681.11,12464.985
forecast_4710,2025-07-16 06:00:00,10764.433699572077,16501.652,12035.808
forecast_4711,2025-07-16 07:00:00,9534.22195797216,15422.018,10860.197
forecast_4712,2025-07-16 08:00:00,7447.344980124564,12926.849,8243.365
forecast_4713,2025-07-16 09:00:00,4870.3375060600165,10023.869,5693.788
forecast_4714,2025-07-16 10:00:00,4394.416455335289,6481.311,4070.6274
forecast_4715,2025-07-16 11:00:00,2125.163566992856,4623.147,3289.9956
forecast_4716,2025-07-16 12:00:00,1651.6145625786612,3730.0085,2248.326
forecast_4717,2025-07-16 13:00:00,3492.980973929761,3421.9373,2129.1753
forecast_4718,2025-07-16 14:00:00,2175.5150942778214,3803.5713,2550.3408
forecast_4719,2025-07-16 15:00:00,2636.739592189214,3631.6733,1705.0355
forecast_4720,2025-07-16 16:00:00,3310.8641308331507,3514.6345,1260.8761
forecast_4721,2025-07-16 17:00:00,2605.013747046153,4692.5757,1234.4957
forecast_4722,2025-07-16 18:00:00,2015.1827790750624,5248.712,1127.0188
forecast_4723,2025-07-16 19:00:00,3294.821043081175,6450.386,1448.2942
forecast_4724,2025-07-16 20:00:00,2542.6490199976556,7363.415,1544.3354
forecast_4725,2025-07-16 21:00:00,4366.509132609604,8853.165,2017.5203
forecast_4726,2025-07-16 22:00:00,7924.901536653662,10949.774,3396.7104
forecast_4727,2025-07-16 23:00:00,9988.87155669299,14473.266,7578.288
forecast_4728,2025-07-17 00:00:00,11141.75833952331,15578.051,9559.954
forecast_4729,2025-07-17 01:00:00,10871.157135262834,15578.835,9554.545
forecast_4730,2025-07-17 02:00:00,11777.324089742311,16813.111,12019.71
forecast_4731,2025-07-17 03:00:00,10784.316255483098,17374.357,13441.792
forecast_4732,2025-07-17 04:00:00,10133.346372690607,16867.008,13104.795
forecast_4733,2025-07-17 05:00:00,9965.628542276723,16828.416,12384.736
forecast_4734,2025-07-17 06:00:00,10696.21931730403,16838.17,12071.718
forecast_4735,2025-07-17 07:00:00,12062.90845669768,17001.918,12073.076
forecast_4736,2025-07-17 08:00:00,10423.073683359684,16914.16,12633.125
forecast_4737,2025-07-17 09:00:00,10146.122174571128,16585.758,12525.075
forecast_4738,2025-07-17 10:00:00,11191.566466709115,16254.873,12518.626
forecast_4739,2025-07-17 11:00:00,8263.2134127587,15318.035,11826.065
forecast_4740,2025-07-17 12:00:00,7074.13331996546,14697.772,11195.879
forecast_4741,2025-07-17 13:00:00,9023.767520269192,13719.266,9664.215
forecast_4742,2025-07-17 14:00:00,8606.612512761541,14089.873,9725.142
forecast_4743,2025-07-17 15:00:00,6853.090459573161,13767.55,9481.288
forecast_4744,2025-07-17 16:00:00,5050.455561121618,12632.414,8300.482
forecast_4745,2025-07-17 17:00:00,6050.931032743167,11491.384,6446.059
forecast_4746,2025-07-17 18:00:00,6723.910024234001,11444.747,5262.435
forecast_4747,2025-07-17 19:00:00,6212.311120203794,12544.715,6208.138
forecast_4748,2025-07-17 20:00:00,7120.821221051522,13157.942,6674.511
forecast_4749,2025-07-17 21:00:00,8174.910614102781,13145.19,6678.677
forecast_4750,2025-07-17 22:00:00,6872.3330557550635,14274.244,7454.564
forecast_4751,2025-07-17 23:00:00,8422.436150195317,14558.166,7203.584
forecast_4752,2025-07-18 00:00:00,8526.048930268329,15631.038,8309.187
forecast_4753,2025-07-18 01:00:00,10465.74924026518,15251.84,9094.919
forecast_4754,2025-07-18 02:00:00,7534.801280348829,16773.254,12263.495
forecast_4755,2025-07-18 03:00:00,8315.540341100623,17029.701,12632.758
forecast_4756,2025-07-18 04:00:00,8814.755636764155,17166.688,12612.94
forecast_4757,2025-07-18 05:00:00,8600.553111274858,16434.84,10907.294
forecast_4758,2025-07-18 06:00:00,8504.50788692056,15717.173,9941.281
forecast_4759,2025-07-18 07:00:00,8221.854595315626,14456.607,8856.453
forecast_4760,2025-07-18 08:00:00,7137.843851414975,13752.39,8815.316
forecast_4761,2025-07-18 09:00:00,6565.905950967473,11689.616,7326.9653
forecast_4762,2025-07-18 10:00:00,5544.070276106594,10115.182,6534.0063
forecast_4763,2025-07-18 11:00:00,2691.7026191649284,8485.077,5306.7227
forecast_4764,2025-07-18 12:00:00,1474.3783058280756,5211.764,2838.203
forecast_4765,2025-07-18 13:00:00,1210.567132413694,2534.7827,1272.9894
forecast_4766,2025-07-18 14:00:00,1854.0104635559408,2080.1074,854.69257
forecast_4767,2025-07-18 15:00:00,4069.2915598972777,3212.0818,1017.774
forecast_4768,2025-07-18 16:00:00,1701.0166240166666,3738.9097,662.52893
forecast_4769,2025-07-18 17:00:00,3868.63832890399,5023.357,614.17737
forecast_4770,2025-07-18 18:00:00,4116.693297786051,6464.1265,1147.2852
forecast_4771,2025-07-18 19:00:00,3651.2752558884613,7424.4644,2658.9626
forecast_4772,2025-07-18 20:00:00,3784.1174951701805,8377.789,3851.7112
forecast_4773,2025-07-18 21:00:00,5929.657257701184,8463.955,3439.71
forecast_4774,2025-07-18 22:00:00,6516.673645678813,8485.56,3419.2083
forecast_4775,2025-07-18 23:00:00,6498.2706457073755,9395.909,3700.6272
forecast_4776,2025-07-19 00:00:00,6521.345848798624,9668.677,4516.965
forecast_4777,2025-07-19 01:00:00,5575.393481429779,10689.65,5479.7227
forecast_4778,2025-07-19 02:00:00,4188.963427963668,12143.622,6428.061
forecast_4779,2025-07-19 03:00:00,3250.4112734940163,10396.507,5737.9893
forecast_4780,2025-07-19 04:00:00,3441.0284762131655,6852.3447,4151.2817
forecast_4781,2025-07-19 05:00:00,3338.0729551165145,5880.683,3293.3467
forecast_4782,2025-07-19 06:00:00,3725.2860329806745,5055.6265,2526.109
forecast_4783,2025-07-19 07:00:00,3562.828260428552,5409.595,2237.6482
forecast_4784,2025-07-19 08:00:00,3870.8332518283178,5733.7964,2014.5277
forecast_4785,2025-07-19 09:00:00,3475.1653526216205,7478.7007,2452.661
forecast_4786,2025-07-19 10:00:00,5038.112807667404,8013.363,2498.0671
forecast_4787,2025-07-19 11:00:00,7070.117571301784,11439.647,3920.7717
forecast_4788,2025-07-19 12:00:00,7277.078286121598,13440.05,6556.836
forecast_4789,2025-07-19 13:00:00,6750.6694006419475,14402.821,8632.044
forecast_4790,2025-07-19 14:00:00,7691.621975125525,14173.322,8284.503
forecast_4791,2025-07-19 15:00:00,7797.842887920484,14660.622,8604.603
forecast_4792,2025-07-19 16:00:00,8718.347494288366,15517.232,9776.998
forecast_4793,2025-07-19 17:00:00,8758.999693994412,15364.973,9901.984
forecast_4794,2025-07-19 18:00:00,10136.263244423688,14759.111,8869.916
forecast_4795,2025-07-19 19:00:00,9692.995615497939,14654.633,8057.2793
forecast_4796,2025-07-19 20:00:00,9480.02207145741,15556.425,8508.604
forecast_4797,2025-07-19 21:00:00,9680.71777392117,16209.721,9336.146
forecast_4798,2025-07-19 22:00:00,10305.477573673103,16431.398,9991.709
forecast_4799,2025-07-19 23:00:00,8249.145838768341,15730.713,10423.009
forecast_4800,2025-07-20 00:00:00,9921.567252328203,14010.537,7877.0967
forecast_4801,2025-07-20 01:00:00,11454.558914025707,14302.555,7335.801
forecast_4802,2025-07-20 02:00:00,11681.16046111436,15264.899,10026.964
forecast_4803,2025-07-20 03:00:00,12310.846817072508,15397.645,11067.332
forecast_4804,2025-07-20 04:00:00,12061.29197007237,15470.66,11424.028
forecast_4805,2025-07-20 05:00:00,11715.093569384884,15034.493,11197.337
forecast_4806,2025-07-20 06:00:00,11044.938251958622,13712.506,9895.947
forecast_4807,2025-07-20 07:00:00,10030.527999060481,13528.686,9823.63
forecast_4808,2025-07-20 08:00:00,7575.205318744505,13366.988,10104.994
forecast_4809,2025-07-20 09:00:00,6013.1930131429735,12648.103,9207.52
forecast_4810,2025-07-20 10:00:00,5328.656673477661,11170.013,7295.7314
forecast_4811,2025-07-20 11:00:00,4197.673308148749,8439.291,5178.332
forecast_4812,2025-07-20 12:00:00,3895.664358731756,6198.0264,4077.9583
forecast_4813,2025-07-20 13:00:00,3997.0627846897637,5315.9434,3783.272
forecast_4814,2025-07-20 14:00:00,3318.631170863059,5009.6064,3693.2576
forecast_4815,2025-07-20 15:00:00,3119.8127725202094,5026.8657,3532.122
forecast_4816,2025-07-20 16:00:00,2992.7939044678906,4600.914,3091.2085
forecast_4817,2025-07-20 17:00:00,2936.4145799607204,4304.5376,2892.1257
forecast_4818,2025-07-20 18:00:00,3332.0981582322784,4703.3667,3380.385
forecast_4819,2025-07-20 19:00:00,4153.114432505771,5087.6826,3647.0007
forecast_4820,2025-07-20 20:00:00,6034.383504513542,7599.6104,4529.7456
forecast_4821,2025-07-20 21:00:00,7020.797844307526,10785.55,5530.939
forecast_4822,2025-07-20 22:00:00,9913.32604420467,13143.449,6737.2466
forecast_4823,2025-07-20 23:00:00,9551.893413479553,14299.135,8149.2676
forecast_4824,2025-07-21 00:00:00,9273.053970739344,14510.396,8803.033
forecast_4825,2025-07-21 01:00:00,8365.63756713324,14730.414,9291.038
forecast_4826,2025-07-21 02:00:00,11624.705164667617,14264.442,8892.683
forecast_4827,2025-07-21 03:00:00,11021.695885883555,14527.419,8709.655
forecast_4828,2025-07-21 04:00:00,8834.98571756533,14539.902,8438.1
forecast_4829,2025-07-21 05:00:00,8392.38091722644,14386.905,7569.4956
forecast_4830,2025-07-21 06:00:00,7981.186255006208,14521.919,7504.377
forecast_4831,2025-07-21 07:00:00,8873.964935118109,14217.786,7253.4297
forecast_4832,2025-07-21 08:00:00,7147.041063318102,12797.501,6180.9478
forecast_4833,2025-07-21 09:00:00,7231.4901152487655,11372.325,4933.2676
forecast_4834,2025-07-21 10:00:00,6867.453620916207,10448.209,5095.195
forecast_4835,2025-07-21 11:00:00,6642.491388020861,9529.786,4653.91
forecast_4836,2025-07-21 12:00:00,5798.139347952684,9113.512,4818.235
forecast_4837,2025-07-21 13:00:00,5172.369654878326,8084.8047,4298.5664
forecast_4838,2025-07-21 14:00:00,4836.570357022477,7871.109,4217.6665
forecast_4839,2025-07-21 15:00:00,4662.766090725907,7412.4253,4058.7322
forecast_4840,2025-07-21 16:00:00,4178.43482465303,6214.0747,3381.5874
forecast_4841,2025-07-21 17:00:00,3983.032651043719,5804.937,2880.5183
forecast_4842,2025-07-21 18:00:00,4530.480700410455,5969.4136,2907.863
forecast_4843,2025-07-21 19:00:00,7621.7478894788555,6714.297,3666.5015
forecast_4844,2025-07-21 20:00:00,7752.3810351685615,10116.95,5415.0977
forecast_4845,2025-07-21 21:00:00,10417.962730435203,13125.5205,6724.8315
forecast_4846,2025-07-21 22:00:00,12139.93283990265,14353.637,7890.046
forecast_4847,2025-07-21 23:00:00,9376.03340480545,14997.633,8577.471
forecast_4848,2025-07-22 00:00:00,10371.948714036387,15228.623,8612.242
forecast_4849,2025-07-22 01:00:00,11539.248626786164,15379.881,9020.357
forecast_4850,2025-07-22 02:00:00,13622.013620088706,15146.951,9270.466
forecast_4851,2025-07-22 03:00:00,13750.199616580276,15692.871,9987.557
forecast_4852,2025-07-22 04:00:00,13324.122913905147,16030.143,10772.697
forecast_4853,2025-07-22 05:00:00,14457.341816796792,15527.015,10523.08
forecast_4854,2025-07-22 06:00:00,13760.556635454224,14749.651,10182.395
forecast_4855,2025-07-22 07:00:00,10563.036351896475,13843.27,8988.198
forecast_4856,2025-07-22 08:00:00,9415.679924590973,12089.076,7204.322
forecast_4857,2025-07-22 09:00:00,7080.5246440013925,9698.548,5664.1816
forecast_4858,2025-07-22 10:00:00,4641.386309601463,6350.1426,3743.0757
forecast_4859,2025-07-22 11:00:00,3363.1189423816154,3464.4976,2196.5876
forecast_4860,2025-07-22 12:00:00,2474.4335801948837,2462.7283,1426.0488
forecast_4861,2025-07-22 13:00:00,2120.5307205070144,1995.206,1130.1476
forecast_4862,2025-07-22 14:00:00,2140.3411790701307,1986.2769,1092.9746
forecast_4863,2025-07-22 15:00:00,2991.6027398313086,2102.3103,1176.0028
forecast_4864,2025-07-22 16:00:00,3389.962497168129,2156.5183,1322.147
forecast_4865,2025-07-22 17:00:00,1778.7689486270137,2275.3105,1381.26
forecast_4866,2025-07-22 18:00:00,2769.9047401452285,1898.7622,1248.902
forecast_4867,2025-07-22 19:00:00,3280.181067488327,1895.6158,1237.3098
forecast_4868,2025-07-22 20:00:00,3705.5791142294593,2949.3157,1352.4684
forecast_4869,2025-07-22 21:00:00,3943.5236009100286,5362.0884,1674.8188
forecast_4870,2025-07-22 22:00:00,4560.766352708672,8205.512,2188.8162
forecast_4871,2025-07-22 23:00:00,5175.181118053098,9374.556,2749.108
forecast_4872,2025-07-23 00:00:00,5523.497579292399,10086.406,3415.2397
forecast_4873,2025-07-23 01:00:00,7229.130688592154,10652.551,3790.261
forecast_4874,2025-07-23 02:00:00,8487.109649457876,10825.603,4424.128
forecast_4875,2025-07-23 03:00:00,8272.241238163222,10682.918,4783.9346
forecast_4876,2025-07-23 04:00:00,7496.205491645514,11188.568,5294.616
forecast_4877,2025-07-23 05:00:00,7461.125115353539,10558.46,5384.5044
forecast_4878,2025-07-23 06:00:00,5377.766288286375,8518.088,3905.5256
forecast_4879,2025-07-23 07:00:00,5028.745017021158,6617.236,2638.238
forecast_4880,2025-07-23 08:00:00,3440.5944889053517,4355.6514,1950.1232
forecast_4881,2025-07-23 09:00:00,1960.0427335444474,2299.177,1345.7169
forecast_4882,2025-07-23 10:00:00,414.5864166127576,1000.8859,814.76575
forecast_4883,2025-07-23 11:00:00,55.549837792433586,410.72913,460.54593
forecast_4884,2025-07-23 12:00:00,57.067425404446304,234.90033,260.62872
forecast_4885,2025-07-23 13:00:00,74.38373815754134,208.0634,204.0192
forecast_4886,2025-07-23 14:00:00,49.33660739878333,221.83656,221.80681
forecast_4887,2025-07-23 15:00:00,513.1994605625722,234.73026,253.99849
forecast_4888,2025-07-23 16:00:00,202.24161951857207,228.2643,306.06915
forecast_4889,2025-07-23 17:00:00,127.13517256150158,221.88431,267.05753
forecast_4890,2025-07-23 18:00:00,360.04834940325225,211.2574,185.8107
forecast_4891,2025-07-23 19:00:00,671.1811501560096,256.77692,208.86102
forecast_4892,2025-07-23 20:00:00,735.5250601001123,476.49036,283.4507
forecast_4893,2025-07-23 21:00:00,1502.6437031027497,919.3476,455.44946
forecast_4894,2025-07-23 22:00:00,2872.998857116474,1720.2802,673.4627
forecast_4895,2025-07-23 23:00:00,3143.672865113845,3023.978,1170.7998
forecast_4896,2025-07-24 00:00:00,3003.5001454538606,4141.6523,1700.8973
forecast_4897,2025-07-24 01:00:00,4308.024317893871,4774.532,2096.3555
forecast_4898,2025-07-24 02:00:00,6563.660901076361,5562.067,2939.2043
forecast_4899,2025-07-24 03:00:00,7801.814209094041,6812.4927,3502.5771
forecast_4900,2025-07-24 04:00:00,7329.04641248957,8385.688,4035.3289
forecast_4901,2025-07-24 05:00:00,6274.287323124195,9982.922,4446.3403
forecast_4902,2025-07-24 06:00:00,5354.910093609882,9706.877,4096.689
forecast_4903,2025-07-24 07:00:00,4147.528256384133,7225.7837,3148.131
forecast_4904,2025-07-24 08:00:00,990.0277202964559,3501.7063,1676.9172
forecast_4905,2025-07-24 09:00:00,196.63639963851324,1251.5051,772.34607
forecast_4906,2025-07-24 10:00:00,86.52875361001045,498.3779,388.76126
forecast_4907,2025-07-24 11:00:00,5.483321224502511,282.44495,202.91159
forecast_4908,2025-07-24 12:00:00,3.3625761336007485,182.89665,135.38495
forecast_4909,2025-07-24 13:00:00,15.3781432546428,166.8001,130.26985
forecast_4910,2025-07-24 14:00:00,32.89115247471718,163.80888,132.93784
forecast_4911,2025-07-24 15:00:00,99.18491827346448,164.6465,139.42078
forecast_4912,2025-07-24 16:00:00,50.381314641735415,174.73926,135.86949
forecast_4913,2025-07-24 17:00:00,102.79316498478394,169.15004,126.065956
forecast_4914,2025-07-24 18:00:00,82.83188345955449,184.65137,131.53088
forecast_4915,2025-07-24 19:00:00,304.2773836121173,187.02953,162.68974
forecast_4916,2025-07-24 20:00:00,301.91344959791746,232.51228,228.66873
forecast_4917,2025-07-24 21:00:00,70.5582794531474,387.24307,423.81665
forecast_4918,2025-07-24 22:00:00,803.2941862966478,546.0728,736.8939
forecast_4919,2025-07-24 23:00:00,934.0041728910542,592.81134,957.58984
forecast_4920,2025-07-25 00:00:00,1450.773168108857,684.20526,1083.1295
forecast_4921,2025-07-25 01:00:00,2257.709316719623,806.9917,1189.2986
forecast_4922,2025-07-25 02:00:00,2731.3091670710105,1365.9479,1736.4749
forecast_4923,2025-07-25 03:00:00,1827.4188275284491,2526.6653,2933.2192
forecast_4924,2025-07-25 04:00:00,1804.3333800281353,4142.547,3931.2275
forecast_4925,2025-07-25 05:00:00,1848.8254444146862,5947.0283,4681.061
forecast_4926,2025-07-25 06:00:00,1085.9288897215679,6066.334,4571.805
forecast_4927,2025-07-25 07:00:00,1089.4004761735794,4831.846,3469.0776
forecast_4928,2025-07-25 08:00:00,297.32326267879745,1937.6516,1871.968
forecast_4929,2025-07-25 09:00:00,275.42856815997817,613.8757,787.4735
forecast_4930,2025-07-25 10:00:00,235.38933890737914,382.08688,444.50122
forecast_4931,2025-07-25 11:00:00,109.2194750711273,278.682,271.67023
forecast_4932,2025-07-25 12:00:00,113.06090693826994,219.42722,176.3292
forecast_4933,2025-07-25 13:00:00,1.743834118420967,203.79121,165.44113
forecast_4934,2025-07-25 14:00:00,115.61455305898905,198.08705,142.19345
forecast_4935,2025-07-25 15:00:00,190.93610139050276,234.1272,151.07205
forecast_4936,2025-07-25 16:00:00,300.82176859495013,280.06766,189.47841
forecast_4937,2025-07-25 17:00:00,333.2404085422363,371.17657,255.8006
forecast_4938,2025-07-25 18:00:00,469.46350240036185,628.37445,328.5214
forecast_4939,2025-07-25 19:00:00,938.4709867285907,1261.3225,576.094
forecast_4940,2025-07-25 20:00:00,1715.4357049378618,2509.5374,1122.8214
forecast_4941,2025-07-25 21:00:00,2176.880282318131,4308.5117,1871.1798
forecast_4942,2025-07-25 22:00:00,3338.0634119549172,6133.9683,2682.9412
forecast_4943,2025-07-25 23:00:00,4328.886318159875,8180.919,3720.8303
forecast_4944,2025-07-26 00:00:00,4126.173363898337,9243.402,4512.23
forecast_4945,2025-07-26 01:00:00,7190.949518445285,9477.063,4982.9033
forecast_4946,2025-07-26 02:00:00,6888.821082013723,11630.721,7192.211
forecast_4947,2025-07-26 03:00:00,6343.10918113832,12457.931,8334.641
forecast_4948,2025-07-26 04:00:00,4646.556318316262,13419.213,8491.027
forecast_4949,2025-07-26 05:00:00,3409.8825862457466,13374.31,7961.19
forecast_4950,2025-07-26 06:00:00,1579.5024266847706,11524.407,6448.8555
forecast_4951,2025-07-26 07:00:00,1670.1423165277263,3779.0308,2536.1433
forecast_4952,2025-07-26 08:00:00,901.1306167319848,1300.3695,870.22314
forecast_4953,2025-07-26 09:00:00,507.9758461579623,712.62,459.23984
forecast_4954,2025-07-26 10:00:00,524.3389007521191,474.80325,350.18268
forecast_4955,2025-07-26 11:00:00,339.2872114686171,471.56412,337.93704
forecast_4956,2025-07-26 12:00:00,205.6019938703723,448.58905,326.86942
forecast_4957,2025-07-26 13:00:00,42.721026660476134,425.76944,275.0434
forecast_4958,2025-07-26 14:00:00,4.1759586687783665,297.57278,179.64104
forecast_4959,2025-07-26 15:00:00,160.62752330983818,300.12228,166.42091
forecast_4960,2025-07-26 16:00:00,161.06021656436658,331.97113,161.4302
forecast_4961,2025-07-26 17:00:00,129.23817219194973,418.89188,164.59843
forecast_4962,2025-07-26 18:00:00,192.7339276482046,470.20212,188.32343
forecast_4963,2025-07-26 19:00:00,247.7666961496472,540.77246,243.2671
forecast_4964,2025-07-26 20:00:00,913.3520016969204,1014.8754,433.13065
forecast_4965,2025-07-26 21:00:00,1733.1542896446963,2719.5742,983.4377
forecast_4966,2025-07-26 22:00:00,2415.0011274423805,5237.313,2006.0192
forecast_4967,2025-07-26 23:00:00,3949.182418693126,7648.04,3357.3857
forecast_4968,2025-07-27 00:00:00,5657.886141762687,8986.214,4125.9683
forecast_4969,2025-07-27 01:00:00,9171.421609167772,10753.122,5228.684
forecast_4970,2025-07-27 02:00:00,8137.926741815327,12488.664,7476.7163
forecast_4971,2025-07-27 03:00:00,7250.209327854524,13567.014,8903.642
forecast_4972,2025-07-27 04:00:00,6587.019017269753,13896.803,9192.464
forecast_4973,2025-07-27 05:00:00,6081.3325088741085,13686.913,8502.291
forecast_4974,2025-07-27 06:00:00,5223.205831072696,13075.16,7620.1235
forecast_4975,2025-07-27 07:00:00,4857.634651566544,12193.208,5947.5254
forecast_4976,2025-07-27 08:00:00,2288.986199781756,10185.76,4291.0405
forecast_4977,2025-07-27 09:00:00,891.8448412674992,6475.3545,2670.092
forecast_4978,2025-07-27 10:00:00,576.8794532207542,2835.1448,1439.6991
forecast_4979,2025-07-27 11:00:00,560.6537529740186,1419.3917,824.33185
forecast_4980,2025-07-27 12:00:00,622.9897368524757,1046.5758,610.5912
forecast_4981,2025-07-27 13:00:00,658.5737502652281,970.39026,605.739
forecast_4982,2025-07-27 14:00:00,593.7279806916238,1100.1349,729.222
forecast_4983,2025-07-27 15:00:00,1518.0435552394856,1325.5526,939.31586
forecast_4984,2025-07-27 16:00:00,1356.5281584169506,1775.0022,1212.3723
forecast_4985,2025-07-27 17:00:00,1708.4562203709454,2690.014,1826.5696
forecast_4986,2025-07-27 18:00:00,1104.7605610517442,3555.659,2413.2734
forecast_4987,2025-07-27 19:00:00,2686.6725491680495,4432.2476,2775.5613
forecast_4988,2025-07-27 20:00:00,3602.3391838563557,6660.41,3712.6426
forecast_4989,2025-07-27 21:00:00,4749.766636980872,9210.519,5160.3413
forecast_4990,2025-07-27 22:00:00,5058.945737113158,10823.248,6712.617
forecast_4991,2025-07-27 23:00:00,5347.181173904462,11179.539,7228.547
forecast_4992,2025-07-28 00:00:00,7841.741483316451,12288.678,8253.685
forecast_4993,2025-07-28 01:00:00,9353.644978687764,12885.066,8828.364
forecast_4994,2025-07-28 02:00:00,10715.958534714473,13280.156,9836.326
forecast_4995,2025-07-28 03:00:00,10023.848303888479,13524.566,9774.218
forecast_4996,2025-07-28 04:00:00,8923.0574079117,13294.367,8713.408
forecast_4997,2025-07-28 05:00:00,8220.223418825373,12832.962,7225.933
forecast_4998,2025-07-28 06:00:00,5325.528655748971,11871.087,5864.001
forecast_4999,2025-07-28 07:00:00,3709.801643167059,9961.656,4216.525
forecast_5000,2025-07-28 08:00:00,2161.9521638955225,6844.242,2553.022
forecast_5001,2025-07-28 09:00:00,927.922001939056,3335.522,1362.5632
forecast_5002,2025-07-28 10:00:00,263.65274515448215,1336.1477,702.74976
forecast_5003,2025-07-28 11:00:00,36.225117037946994,691.77954,470.56207
forecast_5004,2025-07-28 12:00:00,27.837677170444092,379.7441,313.0329
forecast_5005,2025-07-28 13:00:00,123.03175052404971,307.06552,273.64413
forecast_5006,2025-07-28 14:00:00,130.2670970215682,290.0361,275.37054
forecast_5007,2025-07-28 15:00:00,91.3612017997526,236.63165,172.91446
forecast_5008,2025-07-28 16:00:00,69.51709919743584,257.98083,151.95349
forecast_5009,2025-07-28 17:00:00,117.42010493228844,369.60162,154.19972
forecast_5010,2025-07-28 18:00:00,141.37490756956026,630.64246,197.09975
forecast_5011,2025-07-28 19:00:00,162.581959100763,738.4312,244.78381
forecast_5012,2025-07-28 20:00:00,363.91646944007624,816.9306,220.804
forecast_5013,2025-07-28 21:00:00,393.6097763974265,1523.8691,322.52057
forecast_5014,2025-07-28 22:00:00,358.0008931261737,1999.3665,563.641
forecast_5015,2025-07-28 23:00:00,151.7873619009789,2026.0085,940.03345
forecast_5016,2025-07-29 00:00:00,116.60988667647094,1257.6362,914.71985
forecast_5017,2025-07-29 01:00:00,1496.7797172857727,1109.0193,799.214
forecast_5018,2025-07-29 02:00:00,1416.0928022748765,1553.7966,966.5418
forecast_5019,2025-07-29 03:00:00,1129.4017500860634,2082.8823,1373.4912
forecast_5020,2025-07-29 04:00:00,1272.075043662271,2310.861,1730.8727
forecast_5021,2025-07-29 05:00:00,1070.6593656725254,1987.9408,1662.6289
forecast_5022,2025-07-29 06:00:00,182.2867142354668,1390.6644,1245.7601
forecast_5023,2025-07-29 07:00:00,110.96775460205232,801.04126,831.62573
forecast_5024,2025-07-29 08:00:00,60.85617114001343,372.7885,410.63895
forecast_5025,2025-07-29 09:00:00,0.0,202.70358,183.67252
forecast_5026,2025-07-29 10:00:00,7.70959148391187,172.78072,125.12829
forecast_5027,2025-07-29 11:00:00,0.0,175.15721,126.92473
forecast_5028,2025-07-29 12:00:00,25.93136516977767,178.56972,128.38873
forecast_5029,2025-07-29 13:00:00,45.08503095171505,173.99089,136.89777
forecast_5030,2025-07-29 14:00:00,41.26186864956714,170.02269,141.7678
forecast_5031,2025-07-29 15:00:00,36.86751736443642,179.21942,155.05331
forecast_5032,2025-07-29 16:00:00,0.3716151156388922,201.37233,150.90965
forecast_5033,2025-07-29 17:00:00,30.3557793482093,226.93059,157.87753
forecast_5034,2025-07-29 18:00:00,93.35802649827046,251.96886,186.83287
forecast_5035,2025-07-29 19:00:00,202.67762340410448,290.18613,211.8437
forecast_5036,2025-07-29 20:00:00,227.1120207883194,410.36398,246.3013
forecast_5037,2025-07-29 21:00:00,396.1786595657524,678.5333,337.97226
forecast_5038,2025-07-29 22:00:00,943.7946376399497,1140.3259,466.4678
forecast_5039,2025-07-29 23:00:00,1056.99828541016,1713.4598,671.95123
forecast_5040,2025-07-30 00:00:00,2270.874669920715,2378.1729,950.419
forecast_5041,2025-07-30 01:00:00,1194.5732844994438,2769.6973,1143.564
forecast_5042,2025-07-30 02:00:00,1464.9541064562873,2395.6914,1225.4343
forecast_5043,2025-07-30 03:00:00,1784.5395815472423,2147.6536,1293.4934
forecast_5044,2025-07-30 04:00:00,1685.3348520368336,1716.2601,1143.7903
forecast_5045,2025-07-30 05:00:00,1132.306421558291,1460.387,1034.173
forecast_5046,2025-07-30 06:00:00,271.47981462854415,1306.7477,832.5524
forecast_5047,2025-07-30 07:00:00,118.10687071879242,991.885,541.1146
forecast_5048,2025-07-30 08:00:00,179.47738694440417,603.2309,308.37067
forecast_5049,2025-07-30 09:00:00,70.24460003863499,341.2656,140.99065
forecast_5050,2025-07-30 10:00:00,29.966616134008337,339.50208,116.2873
forecast_5051,2025-07-30 11:00:00,209.47334662461944,380.82043,119.92812
forecast_5052,2025-07-30 12:00:00,266.04001300256584,405.4564,134.91945
forecast_5053,2025-07-30 13:00:00,303.0619569644589,409.42557,152.96393
forecast_5054,2025-07-30 14:00:00,306.8028223959842,408.95602,167.2197
forecast_5055,2025-07-30 15:00:00,197.6758834431562,394.08167,161.74492
forecast_5056,2025-07-30 16:00:00,137.24231837934624,388.7604,158.58263
forecast_5057,2025-07-30 17:00:00,141.0221722273802,400.29227,148.46379
forecast_5058,2025-07-30 18:00:00,185.2154650576611,416.27176,147.00227
forecast_5059,2025-07-30 19:00:00,292.40087539811384,436.50574,158.91542
forecast_5060,2025-07-30 20:00:00,592.3372690439684,532.75146,175.08736
forecast_5061,2025-07-30 21:00:00,577.9317717556758,752.4036,197.1083
forecast_5062,2025-07-30 22:00:00,1559.8062450021343,997.14404,233.36368
forecast_5063,2025-07-30 23:00:00,1803.9191804086784,1244.0703,305.1317
forecast_5064,2025-07-31 00:00:00,1465.8110464097317,1544.175,370.3394
forecast_5065,2025-07-31 01:00:00,1801.319172664335,2092.3152,402.37033
forecast_5066,2025-07-31 02:00:00,1640.079031195411,2622.2937,506.29388
forecast_5067,2025-07-31 03:00:00,1982.8961204180841,2673.7546,646.5454
forecast_5068,2025-07-31 04:00:00,2160.0759495319803,3111.6162,820.2787
forecast_5069,2025-07-31 05:00:00,2382.09877574163,2874.7197,1011.1797
forecast_5070,2025-07-31 06:00:00,1466.258248097184,2542.733,949.5648
forecast_5071,2025-07-31 07:00:00,933.3375951620294,1862.5966,901.31274
forecast_5072,2025-07-31 08:00:00,758.3121392053991,1198.9083,725.85657
forecast_5073,2025-07-31 09:00:00,331.6940935896145,564.2248,317.2534
forecast_5074,2025-07-31 10:00:00,193.82541053430674,394.53687,229.86246
forecast_5075,2025-07-31 11:00:00,435.6242757280681,403.76965,235.2532
forecast_5076,2025-07-31 12:00:00,386.3023084996605,455.23898,268.00717
forecast_5077,2025-07-31 13:00:00,425.86497588568824,482.8736,297.54877
forecast_5078,2025-07-31 14:00:00,391.69454786406146,462.3616,293.88663
forecast_5079,2025-07-31 15:00:00,256.0326765388861,444.23703,265.76416
forecast_5080,2025-07-31 16:00:00,147.16416373816506,415.8303,226.00328
forecast_5081,2025-07-31 17:00:00,36.665577189336844,396.5078,218.2519
forecast_5082,2025-07-31 18:00:00,81.388861613863,379.61783,224.50441
forecast_5083,2025-07-31 19:00:00,79.76146131639406,340.05975,174.6145
forecast_5084,2025-07-31 20:00:00,174.75059564559714,382.7606,162.6922
forecast_5085,2025-07-31 21:00:00,178.52622577692787,461.42026,165.56554
forecast_5086,2025-07-31 22:00:00,437.2861884775515,581.68933,187.88545
forecast_5087,2025-07-31 23:00:00,327.30901077223757,757.3181,234.03609
forecast_5088,2025-08-01 00:00:00,182.121033742747,898.89185,285.40067
forecast_5089,2025-08-01 01:00:00,94.09641037624681,929.59174,303.8231
forecast_5090,2025-08-01 02:00:00,163.91505565301685,993.13055,379.27335
forecast_5091,2025-08-01 03:00:00,382.14335920522836,1020.1493,615.2335
forecast_5092,2025-08-01 04:00:00,323.1326546299243,1022.96344,970.3545
forecast_5093,2025-08-01 05:00:00,141.56977656038777,886.3593,1124.7089
forecast_5094,2025-08-01 06:00:00,148.0805318261873,741.8757,907.28143
forecast_5095,2025-08-01 07:00:00,44.98187304919932,414.26443,403.6511
forecast_5096,2025-08-01 08:00:00,56.91267036984582,296.2644,191.04396
forecast_5097,2025-08-01 09:00:00,0.0,283.5706,125.802895
forecast_5098,2025-08-01 10:00:00,0.0,294.51794,111.41064
forecast_5099,2025-08-01 11:00:00,0.0,307.72614,117.67828
forecast_5100,2025-08-01 12:00:00,88.89954643860719,324.51846,132.57156
forecast_5101,2025-08-01 13:00:00,136.51174885080368,344.70297,152.8503
forecast_5102,2025-08-01 14:00:00,61.029426521969484,360.84442,174.90001
forecast_5103,2025-08-01 15:00:00,26.945858567899034,292.28354,178.1773
forecast_5104,2025-08-01 16:00:00,37.919665478533766,247.9281,170.94666
forecast_5105,2025-08-01 17:00:00,44.47874871883952,217.5324,172.10045
forecast_5106,2025-08-01 18:00:00,6.700354066105501,198.31703,170.4039
forecast_5107,2025-08-01 19:00:00,177.2093769195675,176.25107,163.81334
forecast_5108,2025-08-01 20:00:00,303.33983965865053,177.52892,158.53543
forecast_5109,2025-08-01 21:00:00,463.1635367927826,205.67198,175.23729
forecast_5110,2025-08-01 22:00:00,386.7668771749949,260.16214,219.15335
forecast_5111,2025-08-01 23:00:00,137.72972816465395,292.59622,220.3387
forecast_5112,2025-08-02 00:00:00,249.25851003570702,303.69666,270.6901
forecast_5113,2025-08-02 01:00:00,2502.5898661350884,561.4053,313.18484
forecast_5114,2025-08-02 02:00:00,4790.277722836879,1644.526,475.36008
forecast_5115,2025-08-02 03:00:00,5990.327994837036,4571.527,1128.6864
forecast_5116,2025-08-02 04:00:00,5679.572561847203,7770.3433,2597.3435
forecast_5117,2025-08-02 05:00:00,6260.202721532562,10148.966,4150.38
forecast_5118,2025-08-02 06:00:00,7522.363651892374,11281.94,4390.703
forecast_5119,2025-08-02 07:00:00,6124.985074089312,11464.251,3865.4817
forecast_5120,2025-08-02 08:00:00,5842.861240103529,10918.6,3323.342
forecast_5121,2025-08-02 09:00:00,4681.752835138478,8591.581,2664.2576
forecast_5122,2025-08-02 10:00:00,2006.701911936534,5600.0947,2006.5245
forecast_5123,2025-08-02 11:00:00,1624.5154311982615,2777.9644,1360.6207
forecast_5124,2025-08-02 12:00:00,1738.603132680361,1606.4602,1008.6463
forecast_5125,2025-08-02 13:00:00,1023.3102131241588,1217.7587,1010.5249
forecast_5126,2025-08-02 14:00:00,1285.6612889254443,1021.7164,997.9235
forecast_5127,2025-08-02 15:00:00,1237.1675805376917,735.8069,965.04407
forecast_5128,2025-08-02 16:00:00,654.9481980605237,360.02274,360.22806
forecast_5129,2025-08-02 17:00:00,337.1321759702612,394.20938,242.97581
forecast_5130,2025-08-02 18:00:00,291.5010861906879,291.67923,219.35622
forecast_5131,2025-08-02 19:00:00,174.63361236615793,252.06828,235.22304
forecast_5132,2025-08-02 20:00:00,354.3656397563584,313.72415,258.739
forecast_5133,2025-08-02 21:00:00,742.0601641229273,716.3205,498.87222
forecast_5134,2025-08-02 22:00:00,816.3183459615624,1668.2158,906.48376
forecast_5135,2025-08-02 23:00:00,951.6511538564597,2887.214,1200.6221
forecast_5136,2025-08-03 00:00:00,1431.830523957437,4214.1934,1266.4247
forecast_5137,2025-08-03 01:00:00,1863.2877467667604,5408.931,1544.9138
forecast_5138,2025-08-03 02:00:00,3612.1884051422744,5580.184,1886.3743
forecast_5139,2025-08-03 03:00:00,3751.5271563174706,5888.4263,2217.6626
forecast_5140,2025-08-03 04:00:00,2415.5640029184337,5978.4043,2694.126
forecast_5141,2025-08-03 05:00:00,2166.048140451586,5081.8477,2594.2507
forecast_5142,2025-08-03 06:00:00,1202.7341404772976,3356.9724,1755.9491
forecast_5143,2025-08-03 07:00:00,147.4166643982242,2237.012,1010.6343
forecast_5144,2025-08-03 08:00:00,56.71316427191517,939.5568,543.6218
forecast_5145,2025-08-03 09:00:00,260.7490026813828,487.36798,313.98245
forecast_5146,2025-08-03 10:00:00,223.28540507985215,348.78766,257.8619
forecast_5147,2025-08-03 11:00:00,142.78976451809234,275.33066,199.83963
forecast_5148,2025-08-03 12:00:00,27.428486558186478,289.0362,146.00986
forecast_5149,2025-08-03 13:00:00,148.332975187668,371.5901,151.57875
forecast_5150,2025-08-03 14:00:00,152.3900847597308,456.95132,168.02814
forecast_5151,2025-08-03 15:00:00,659.2509452356983,536.4951,183.08803
forecast_5152,2025-08-03 16:00:00,719.3804388677665,967.5347,218.40892
forecast_5153,2025-08-03 17:00:00,1436.9165323851062,842.0722,220.52745
forecast_5154,2025-08-03 18:00:00,1533.6988813599316,1332.2588,323.72903
forecast_5155,2025-08-03 19:00:00,3012.516501478241,2133.9932,574.86334
forecast_5156,2025-08-03 20:00:00,3612.3172134487954,4743.4756,1263.2959
forecast_5157,2025-08-03 21:00:00,2294.221540372762,7986.8105,2136.5764
forecast_5158,2025-08-03 22:00:00,2012.3998514173925,6481.2764,1708.3345
forecast_5159,2025-08-03 23:00:00,2055.3755098081797,6168.0127,1499.7494
forecast_5160,2025-08-04 00:00:00,3887.0530510763488,6659.5654,1884.5764
forecast_5161,2025-08-04 01:00:00,2088.8030837048054,6262.9414,1930.3777
forecast_5162,2025-08-04 02:00:00,3625.3199380772458,3303.492,833.05585
forecast_5163,2025-08-04 03:00:00,3714.081458900953,3756.2463,457.6193
forecast_5164,2025-08-04 04:00:00,4994.862253341515,4023.0376,479.85645
forecast_5165,2025-08-04 05:00:00,4968.644836894968,7936.8667,792.17944
forecast_5166,2025-08-04 06:00:00,4802.5173708321545,10873.787,2298.0024
forecast_5167,2025-08-04 07:00:00,4276.0864656092945,10631.18,2296.2039
forecast_5168,2025-08-04 08:00:00,4935.41061324346,9357.126,1894.8802
forecast_5169,2025-08-04 09:00:00,3714.2355751683285,10635.712,2442.9875
forecast_5170,2025-08-04 10:00:00,5040.633551779388,10741.63,3479.6704
forecast_5171,2025-08-04 11:00:00,6243.766192124867,9929.089,3772.9255
forecast_5172,2025-08-04 12:00:00,5713.6087831836285,8501.568,4007.5823
forecast_5173,2025-08-04 13:00:00,4947.816204120896,6979.671,3887.832
forecast_5174,2025-08-04 14:00:00,2708.8219876081544,4241.4297,2824.1013
forecast_5175,2025-08-04 15:00:00,1338.1846037863772,2551.5862,2305.9702
forecast_5176,2025-08-04 16:00:00,1459.923145193228,860.4615,1533.9716
forecast_5177,2025-08-04 17:00:00,1535.614541803384,507.87442,708.11957
forecast_5178,2025-08-04 18:00:00,1806.313474252082,601.8597,678.7757
forecast_5179,2025-08-04 19:00:00,2217.7828217148626,936.3074,854.7647
forecast_5180,2025-08-04 20:00:00,2619.3521309273137,1437.6743,1274.3359
forecast_5181,2025-08-04 21:00:00,3768.237345346876,2015.327,1663.3563
forecast_5182,2025-08-04 22:00:00,3974.570889311491,4446.0815,2551.9504
forecast_5183,2025-08-04 23:00:00,3502.4239151525485,7214.5356,4007.4148
forecast_5184,2025-08-05 00:00:00,3249.5853508596715,9938.791,5396.9287
forecast_5185,2025-08-05 01:00:00,3668.4926269106622,8059.0337,4947.639
forecast_5186,2025-08-05 02:00:00,3418.5785913967375,4916.285,3053.4338
forecast_5187,2025-08-05 03:00:00,3921.681637315768,3026.407,1907.7141
forecast_5188,2025-08-05 04:00:00,4819.139551366593,2581.9675,1479.8118
forecast_5189,2025-08-05 05:00:00,2228.07496712163,2597.4211,1130.1018
forecast_5190,2025-08-05 06:00:00,1535.331246091879,2551.251,996.9517
forecast_5191,2025-08-05 07:00:00,1538.8520090963611,2497.4834,904.82056
forecast_5192,2025-08-05 08:00:00,1198.3172737941527,2510.7625,796.0845
forecast_5193,2025-08-05 09:00:00,869.4286289297748,2447.5203,696.0672
forecast_5194,2025-08-05 10:00:00,1188.969572296422,2155.48,621.9824
forecast_5195,2025-08-05 11:00:00,1403.9262730795567,1869.6925,606.43195
forecast_5196,2025-08-05 12:00:00,2277.6998894404924,1999.4921,803.1241
forecast_5197,2025-08-05 13:00:00,3589.704107865762,3528.5435,1438.4501
forecast_5198,2025-08-05 14:00:00,4683.538282033767,5912.2153,3112.3816
forecast_5199,2025-08-05 15:00:00,5843.264785329165,8245.597,4995.344
forecast_5200,2025-08-05 16:00:00,7807.159336356141,9864.975,6704.9287
forecast_5201,2025-08-05 17:00:00,6603.598352260801,9756.958,7186.582
forecast_5202,2025-08-05 18:00:00,6722.709531338568,8076.178,6238.2144
forecast_5203,2025-08-05 19:00:00,6412.809004459373,6793.357,4504.0957
forecast_5204,2025-08-05 20:00:00,6814.469037677065,7674.7134,3807.5615
forecast_5205,2025-08-05 21:00:00,7393.539477125242,9878.547,4167.8574
forecast_5206,2025-08-05 22:00:00,8007.468628107946,11429.622,4442.887
forecast_5207,2025-08-05 23:00:00,7427.148036458976,13433.26,5692.715
forecast_5208,2025-08-06 00:00:00,7239.705085577632,14246.139,6271.944
forecast_5209,2025-08-06 01:00:00,11132.67163320476,13910.51,6571.2124
forecast_5210,2025-08-06 02:00:00,12541.905034547608,14570.883,8615.053
forecast_5211,2025-08-06 03:00:00,11657.024332211455,15148.923,11079.373
forecast_5212,2025-08-06 04:00:00,10172.646585679813,14251.024,11575.089
forecast_5213,2025-08-06 05:00:00,12086.8556275247,13612.22,10214.924
forecast_5214,2025-08-06 06:00:00,12381.032328725123,14359.32,10512.688
forecast_5215,2025-08-06 07:00:00,11833.710640727877,14910.258,11003.881
forecast_5216,2025-08-06 08:00:00,10496.847299209012,15202.185,11267.58
forecast_5217,2025-08-06 09:00:00,9733.986456488203,14760.716,11261.502
forecast_5218,2025-08-06 10:00:00,10579.521326207963,14474.758,11524.659
forecast_5219,2025-08-06 11:00:00,9589.59485620204,15012.984,11730.499
forecast_5220,2025-08-06 12:00:00,9941.760179664758,15311.281,11745.096
forecast_5221,2025-08-06 13:00:00,12312.889493270963,15250.851,12049.7295
forecast_5222,2025-08-06 14:00:00,12896.843917487233,15173.741,11443.21
forecast_5223,2025-08-06 15:00:00,13159.177410074013,15782.639,12143.545
forecast_5224,2025-08-06 16:00:00,11327.946307297854,16946.674,13667.143
forecast_5225,2025-08-06 17:00:00,11948.114239793724,17174.93,13608.32
forecast_5226,2025-08-06 18:00:00,12338.144295660733,17954.248,14742.66
forecast_5227,2025-08-06 19:00:00,13057.512203868653,17867.764,15116.551
forecast_5228,2025-08-06 20:00:00,12169.192560336203,17838.9,15290.449
forecast_5229,2025-08-06 21:00:00,13164.963160626554,17246.29,13723.984
forecast_5230,2025-08-06 22:00:00,13772.82296821707,17246.246,13951.39
forecast_5231,2025-08-06 23:00:00,13471.381049686448,17308.52,14441.147
forecast_5232,2025-08-07 00:00:00,12812.49772550532,16993.307,14322.121
forecast_5233,2025-08-07 01:00:00,13591.65211762902,16775.13,14250.121
forecast_5234,2025-08-07 02:00:00,14686.762440803404,15803.016,13837.0205
forecast_5235,2025-08-07 03:00:00,14773.000649663843,16014.653,14066.14
forecast_5236,2025-08-07 04:00:00,14929.456624510598,15957.029,14365.354
forecast_5237,2025-08-07 05:00:00,14206.793836750583,15961.652,14629.99
forecast_5238,2025-08-07 06:00:00,13946.825310869064,15494.116,14527.247
forecast_5239,2025-08-07 07:00:00,12375.033270602822,14887.352,14378.528
forecast_5240,2025-08-07 08:00:00,11124.102814813843,12967.863,13185.466
forecast_5241,2025-08-07 09:00:00,6469.614237575951,8693.0,9428.144
forecast_5242,2025-08-07 10:00:00,4472.397221102516,4963.4326,5194.206
forecast_5243,2025-08-07 11:00:00,3300.748264044656,2530.8062,2464.8198
forecast_5244,2025-08-07 12:00:00,2190.4498788312135,1481.3013,1237.2125
forecast_5245,2025-08-07 13:00:00,1011.7648787123585,1168.1254,920.65155
forecast_5246,2025-08-07 14:00:00,370.36850392401243,682.7961,647.32104
forecast_5247,2025-08-07 15:00:00,389.69470871687406,526.5641,328.85434
forecast_5248,2025-08-07 16:00:00,419.04652292160335,580.9966,339.27667
forecast_5249,2025-08-07 17:00:00,310.45278333327315,554.0755,315.17023
forecast_5250,2025-08-07 18:00:00,416.1756870189159,547.24774,410.73322
forecast_5251,2025-08-07 19:00:00,558.5299889043791,494.04874,532.5241
forecast_5252,2025-08-07 20:00:00,1197.1172767245669,388.75708,497.16656
forecast_5253,2025-08-07 21:00:00,996.6109948697823,494.17538,511.716
forecast_5254,2025-08-07 22:00:00,3553.345715641906,1484.5934,752.5301
forecast_5255,2025-08-07 23:00:00,4293.465300504971,4263.886,1379.7301
forecast_5256,2025-08-08 00:00:00,6056.04120003778,6686.729,2230.249
forecast_5257,2025-08-08 01:00:00,4555.436131811312,7412.8716,3057.2231
forecast_5258,2025-08-08 02:00:00,5379.130769371251,6604.819,3370.9336
forecast_5259,2025-08-08 03:00:00,4895.25224290812,6596.3965,3348.3145
forecast_5260,2025-08-08 04:00:00,3529.3620255583637,6297.2026,3201.2725
forecast_5261,2025-08-08 05:00:00,2513.9298637901848,5066.559,2955.5476
forecast_5262,2025-08-08 06:00:00,1187.4321538405047,2844.1912,2099.4277
forecast_5263,2025-08-08 07:00:00,731.5698439457077,1153.6176,1214.1213
forecast_5264,2025-08-08 08:00:00,291.57394596834223,488.13623,573.0776
forecast_5265,2025-08-08 09:00:00,41.32702099193276,265.481,263.6564
forecast_5266,2025-08-08 10:00:00,35.38173915446727,224.18048,142.59991
forecast_5267,2025-08-08 11:00:00,16.30177667754502,257.89868,135.01918
forecast_5268,2025-08-08 12:00:00,49.036670327810064,269.34442,145.34665
forecast_5269,2025-08-08 13:00:00,19.720814232150694,280.5558,156.68709
forecast_5270,2025-08-08 14:00:00,19.808532600302737,261.72626,163.22615
forecast_5271,2025-08-08 15:00:00,21.45509942403575,239.09224,164.94113
forecast_5272,2025-08-08 16:00:00,51.27691862481683,191.26851,161.70627
forecast_5273,2025-08-08 17:00:00,65.75638662012143,170.85529,147.52629
forecast_5274,2025-08-08 18:00:00,0.0,166.43793,154.07736
forecast_5275,2025-08-08 19:00:00,99.30603385563465,166.65662,129.50133
forecast_5276,2025-08-08 20:00:00,49.59196770897144,188.29616,127.46784
forecast_5277,2025-08-08 21:00:00,0.0,269.37814,140.04895
forecast_5278,2025-08-08 22:00:00,25.54750715089258,501.684,218.49446
forecast_5279,2025-08-08 23:00:00,948.5315670961534,907.6234,335.16122
forecast_5280,2025-08-09 00:00:00,1704.084979385485,1411.6292,466.6314
forecast_5281,2025-08-09 01:00:00,418.58475704315595,1930.4718,616.49274
forecast_5282,2025-08-09 02:00:00,934.1458092721442,2417.9602,781.3512
forecast_5283,2025-08-09 03:00:00,736.1403993335865,2948.1992,1222.6957
forecast_5284,2025-08-09 04:00:00,1686.7364027066806,3144.7412,1662.8812
forecast_5285,2025-08-09 05:00:00,1389.1332331225374,3486.8772,1600.7539
forecast_5286,2025-08-09 06:00:00,1278.0633679700463,3842.8286,1414.0337
forecast_5287,2025-08-09 07:00:00,855.6242749576328,3968.2656,1324.5267
forecast_5288,2025-08-09 08:00:00,852.9392784246417,4399.696,1457.3846
forecast_5289,2025-08-09 09:00:00,712.2614346371564,3276.843,1361.3453
forecast_5290,2025-08-09 10:00:00,941.9077884650552,2149.6538,1042.7611
forecast_5291,2025-08-09 11:00:00,1233.167472402087,1841.1162,877.8772
forecast_5292,2025-08-09 12:00:00,1240.7170688567305,1580.9541,721.10516
forecast_5293,2025-08-09 13:00:00,958.0006695096514,1577.6051,657.05963
forecast_5294,2025-08-09 14:00:00,323.9278224931975,1520.5571,651.05884
forecast_5295,2025-08-09 15:00:00,216.7208530165804,1423.9849,612.2553
forecast_5296,2025-08-09 16:00:00,105.15900465180522,595.79266,291.29367
forecast_5297,2025-08-09 17:00:00,215.6902421435826,539.2275,266.35065
forecast_5298,2025-08-09 18:00:00,343.69235425014705,730.2865,261.45404
forecast_5299,2025-08-09 19:00:00,246.9113086640733,881.9986,312.04605
forecast_5300,2025-08-09 20:00:00,1167.2772854502823,1062.7407,487.22256
forecast_5301,2025-08-09 21:00:00,819.4225261009567,1443.4417,888.37244
forecast_5302,2025-08-09 22:00:00,448.8820678658693,1491.7329,1155.6881
forecast_5303,2025-08-09 23:00:00,147.609530427654,1251.978,818.0755
forecast_5304,2025-08-10 00:00:00,222.23219207215035,930.61304,438.43344
forecast_5305,2025-08-10 01:00:00,354.89748191111295,1099.9838,376.5634
forecast_5306,2025-08-10 02:00:00,411.6345887994975,707.30426,355.66687
forecast_5307,2025-08-10 03:00:00,488.92761150289175,468.49634,386.36777
forecast_5308,2025-08-10 04:00:00,544.2697391843326,381.53268,412.16275
forecast_5309,2025-08-10 05:00:00,919.7089097513576,484.42722,341.26865
forecast_5310,2025-08-10 06:00:00,1330.2072977811483,581.46533,250.55708
forecast_5311,2025-08-10 07:00:00,1503.203163513025,760.0864,245.04813
forecast_5312,2025-08-10 08:00:00,787.2907132715411,819.134,256.2463
forecast_5313,2025-08-10 09:00:00,338.2714112259118,683.678,254.58582
forecast_5314,2025-08-10 10:00:00,231.75942741883972,631.3973,260.03513
forecast_5315,2025-08-10 11:00:00,235.06630504211097,547.0958,248.81538
forecast_5316,2025-08-10 12:00:00,74.74772323677185,439.36075,237.03055
forecast_5317,2025-08-10 13:00:00,21.335563261406893,366.36853,218.04385
forecast_5318,2025-08-10 14:00:00,0.0,302.84216,216.26048
forecast_5319,2025-08-10 15:00:00,5.804995818214656,273.17114,222.35655
forecast_5320,2025-08-10 16:00:00,74.48242298582741,272.40054,222.40659
forecast_5321,2025-08-10 17:00:00,19.63602699385232,292.97177,223.87701
forecast_5322,2025-08-10 18:00:00,61.94945918847621,284.9151,208.36346
forecast_5323,2025-08-10 19:00:00,0.0,221.59547,211.12177
forecast_5324,2025-08-10 20:00:00,16.317729168633292,197.7549,185.25581
forecast_5325,2025-08-10 21:00:00,0.0,229.37341,159.48436
forecast_5326,2025-08-10 22:00:00,18.613033502265715,295.37344,152.26678
forecast_5327,2025-08-10 23:00:00,83.13334643328292,340.4969,151.20384
forecast_5328,2025-08-11 00:00:00,115.45331351158946,313.5903,172.96173
forecast_5329,2025-08-11 01:00:00,29.964995001865432,257.91534,178.10007
forecast_5330,2025-08-11 02:00:00,0.0,210.33492,142.55373
forecast_5331,2025-08-11 03:00:00,32.484732028652765,224.56438,133.98933
forecast_5332,2025-08-11 04:00:00,243.16033925408735,255.39749,142.3489
forecast_5333,2025-08-11 05:00:00,93.79459524353516,321.43103,152.97118
forecast_5334,2025-08-11 06:00:00,22.85353795618927,398.01892,177.3108
forecast_5335,2025-08-11 07:00:00,59.175666892548904,430.71298,205.95781
forecast_5336,2025-08-11 08:00:00,128.93824260747866,499.61902,215.35466
forecast_5337,2025-08-11 09:00:00,97.69397118961466,379.02716,144.26457
forecast_5338,2025-08-11 10:00:00,8.131032742720684,356.90097,130.27182
forecast_5339,2025-08-11 11:00:00,1.5417628935909988,309.66006,129.58124
forecast_5340,2025-08-11 12:00:00,0.0,266.9573,125.35256
forecast_5341,2025-08-11 13:00:00,31.77629434988216,220.30606,125.301056
forecast_5342,2025-08-11 14:00:00,38.213256734160225,208.79591,134.13956
forecast_5343,2025-08-11 15:00:00,68.22424068418779,208.65831,135.9789
forecast_5344,2025-08-11 16:00:00,89.49959296886709,248.43256,146.70148
forecast_5345,2025-08-11 17:00:00,77.40558934816829,293.69254,158.58435
forecast_5346,2025-08-11 18:00:00,0.0,367.75287,182.33553
forecast_5347,2025-08-11 19:00:00,24.651608942379667,444.76865,186.60204
forecast_5348,2025-08-11 20:00:00,5.954606569957106,580.14795,209.52763
forecast_5349,2025-08-11 21:00:00,76.74654225855829,617.6061,171.00974
forecast_5350,2025-08-11 22:00:00,80.50959770167351,796.2067,164.1948
forecast_5351,2025-08-11 23:00:00,45.92110799947334,679.2775,171.28648
forecast_5352,2025-08-12 00:00:00,138.44780970350857,573.18945,162.12672
forecast_5353,2025-08-12 01:00:00,751.047724828225,529.1798,228.69936
forecast_5354,2025-08-12 02:00:00,932.454189765308,551.37854,383.25067
forecast_5355,2025-08-12 03:00:00,2478.4142193695834,595.54504,739.7918
forecast_5356,2025-08-12 04:00:00,1440.5853735743299,606.64435,1041.3961
forecast_5357,2025-08-12 05:00:00,1222.3235288942901,453.37714,894.63184
forecast_5358,2025-08-12 06:00:00,855.5945973166902,348.77228,594.71875
forecast_5359,2025-08-12 07:00:00,372.7805955348719,397.4512,408.68915
forecast_5360,2025-08-12 08:00:00,509.52390495234323,373.8609,258.43018
forecast_5361,2025-08-12 09:00:00,363.3133316865746,329.178,157.99196
forecast_5362,2025-08-12 10:00:00,175.0089156828439,337.14648,139.30847
forecast_5363,2025-08-12 11:00:00,130.37864847030755,345.81296,144.58994
forecast_5364,2025-08-12 12:00:00,80.85464972906635,373.63266,153.37387
forecast_5365,2025-08-12 13:00:00,111.09793838320395,331.84415,156.2926
forecast_5366,2025-08-12 14:00:00,120.29170498278923,284.74985,161.0922
forecast_5367,2025-08-12 15:00:00,151.92742383942928,249.53027,173.74431
forecast_5368,2025-08-12 16:00:00,28.01698446838968,238.69424,191.43668
forecast_5369,2025-08-12 17:00:00,0.0,264.33905,209.32713
forecast_5370,2025-08-12 18:00:00,134.77361951587457,311.5635,208.66057
forecast_5371,2025-08-12 19:00:00,747.189855649304,385.54446,255.30466
forecast_5372,2025-08-12 20:00:00,547.5424581715491,479.2077,298.6583
forecast_5373,2025-08-12 21:00:00,573.1889228436895,606.5602,343.21045
forecast_5374,2025-08-12 22:00:00,961.8117176074496,729.00574,337.942
forecast_5375,2025-08-12 23:00:00,1164.3693775288984,1148.5559,408.23444
forecast_5376,2025-08-13 00:00:00,2944.6377471871383,2066.1099,539.44977
forecast_5377,2025-08-13 01:00:00,1104.0792855170553,2028.4829,495.16913
forecast_5378,2025-08-13 02:00:00,1458.0882023590573,2318.7375,509.70236
forecast_5379,2025-08-13 03:00:00,1661.404869215533,3555.5535,929.05194
forecast_5380,2025-08-13 04:00:00,1062.7571172319815,5276.476,1546.3868
forecast_5381,2025-08-13 05:00:00,946.8943181677704,6083.19,1632.6602
forecast_5382,2025-08-13 06:00:00,2574.888373253327,6249.2173,1326.3782
forecast_5383,2025-08-13 07:00:00,4258.5964234902385,6936.602,1292.582
forecast_5384,2025-08-13 08:00:00,4184.040156493657,7300.928,1557.2045
forecast_5385,2025-08-13 09:00:00,4728.941340999395,7388.194,1940.2264
forecast_5386,2025-08-13 10:00:00,5101.763134239601,8717.124,2519.8862
forecast_5387,2025-08-13 11:00:00,5653.23202313349,9664.943,2497.8792
forecast_5388,2025-08-13 12:00:00,4523.250004881907,9276.592,1943.8999
forecast_5389,2025-08-13 13:00:00,4818.2743751247435,9721.102,1916.2261
forecast_5390,2025-08-13 14:00:00,4777.209657192723,9761.727,2378.609
forecast_5391,2025-08-13 15:00:00,4931.6505347461225,9605.816,3172.374
forecast_5392,2025-08-13 16:00:00,4976.380110434912,8269.039,3792.9087
forecast_5393,2025-08-13 17:00:00,5122.212751513508,8317.547,4762.3184
forecast_5394,2025-08-13 18:00:00,5670.191430819714,11069.128,6762.571
forecast_5395,2025-08-13 19:00:00,11096.743785379535,13741.401,8584.5625
forecast_5396,2025-08-13 20:00:00,13019.79932470381,16769.338,11401.3545
forecast_5397,2025-08-13 21:00:00,14998.18718376345,18078.49,13791.118
forecast_5398,2025-08-13 22:00:00,15709.27743741667,18915.387,15802.548
forecast_5399,2025-08-13 23:00:00,15576.008315278463,19332.768,16932.863
forecast_5400,2025-08-14 00:00:00,15845.33576040515,19421.3,17369.768
forecast_5401,2025-08-14 01:00:00,15276.770932218324,19299.562,17104.201
forecast_5402,2025-08-14 02:00:00,15649.823435498358,19436.47,16982.871
forecast_5403,2025-08-14 03:00:00,15578.600830142923,19385.725,16760.072
forecast_5404,2025-08-14 04:00:00,14543.91049172444,18960.623,16027.552
forecast_5405,2025-08-14 05:00:00,13833.654834900773,18013.797,14414.918
forecast_5406,2025-08-14 06:00:00,13711.69865962371,16887.582,12569.7705
forecast_5407,2025-08-14 07:00:00,12604.825807491186,16819.531,12288.622
forecast_5408,2025-08-14 08:00:00,12625.685128043655,15957.199,11692.359
forecast_5409,2025-08-14 09:00:00,12053.69151446013,15205.412,11427.41
forecast_5410,2025-08-14 10:00:00,9116.787901414107,14292.146,11073.778
forecast_5411,2025-08-14 11:00:00,8034.760976135911,13024.266,10576.586
forecast_5412,2025-08-14 12:00:00,6572.853708757361,9445.674,8412.25
forecast_5413,2025-08-14 13:00:00,7312.964841023393,6142.907,5371.807
forecast_5414,2025-08-14 14:00:00,8531.658098697737,5658.9243,3840.9617
forecast_5415,2025-08-14 15:00:00,9752.101112196822,7732.8857,5599.5635
forecast_5416,2025-08-14 16:00:00,10082.987836238297,9831.124,7438.9795
forecast_5417,2025-08-14 17:00:00,10212.352746977209,12997.454,9198.814
forecast_5418,2025-08-14 18:00:00,12621.60449024862,14167.846,9962.108
forecast_5419,2025-08-14 19:00:00,11064.563177852022,14922.494,9974.973
forecast_5420,2025-08-14 20:00:00,13395.320816137833,15187.455,9972.587
forecast_5421,2025-08-14 21:00:00,11725.269775102839,15421.714,10341.392
forecast_5422,2025-08-14 22:00:00,11354.73750034819,15033.772,10032.677
forecast_5423,2025-08-14 23:00:00,11819.250483561023,15387.138,10179.213
forecast_5424,2025-08-15 00:00:00,10641.709471584561,15063.085,10002.297
forecast_5425,2025-08-15 01:00:00,12633.678156683503,14089.546,9802.5
forecast_5426,2025-08-15 02:00:00,12051.764205896026,11435.776,9036.701
forecast_5427,2025-08-15 03:00:00,11359.062916106754,9844.546,8034.2334
forecast_5428,2025-08-15 04:00:00,11505.986695648695,10131.314,7959.9517
forecast_5429,2025-08-15 05:00:00,8154.324113995966,9342.375,7516.9487
forecast_5430,2025-08-15 06:00:00,8189.741534057797,7312.0356,5769.2397
forecast_5431,2025-08-15 07:00:00,5501.696454438893,5805.0312,4472.074
forecast_5432,2025-08-15 08:00:00,3688.6235223835592,4114.5054,3041.414
forecast_5433,2025-08-15 09:00:00,717.3669679350796,2001.5573,1674.3191
forecast_5434,2025-08-15 10:00:00,193.86708477641767,783.6281,770.2866
forecast_5435,2025-08-15 11:00:00,138.41915941852716,393.94424,470.98343
forecast_5436,2025-08-15 12:00:00,108.39340970651058,296.1311,397.9849
forecast_5437,2025-08-15 13:00:00,177.51791421040068,282.7027,469.4486
forecast_5438,2025-08-15 14:00:00,201.99119990026094,323.61008,582.04175
forecast_5439,2025-08-15 15:00:00,341.7200602990797,302.49683,612.5221
forecast_5440,2025-08-15 16:00:00,446.1437720674324,290.7723,677.472
forecast_5441,2025-08-15 17:00:00,582.1896240609595,325.75888,665.14026
forecast_5442,2025-08-15 18:00:00,278.9080798777837,315.9782,673.06586
forecast_5443,2025-08-15 19:00:00,686.9058378374864,261.76495,413.69852
forecast_5444,2025-08-15 20:00:00,1098.7109982539644,289.44766,382.40384
forecast_5445,2025-08-15 21:00:00,2235.1869614712987,752.0418,577.86847
forecast_5446,2025-08-15 22:00:00,4065.1321770580034,2713.8643,1290.3724
forecast_5447,2025-08-15 23:00:00,5952.9737998005885,5294.009,1863.9258
forecast_5448,2025-08-16 00:00:00,6675.184103623107,7678.2217,2602.8052
forecast_5449,2025-08-16 01:00:00,9554.442270896401,9888.754,3519.603
forecast_5450,2025-08-16 02:00:00,10179.752388155177,11526.53,5210.9565
forecast_5451,2025-08-16 03:00:00,10417.1071948249,12732.157,6925.22
forecast_5452,2025-08-16 04:00:00,9685.419404236121,13385.619,7838.08
forecast_5453,2025-08-16 05:00:00,9149.655083536134,13419.92,7527.78
forecast_5454,2025-08-16 06:00:00,8158.781172626564,13163.782,6466.5723
forecast_5455,2025-08-16 07:00:00,7307.5045629795895,12681.804,5941.348
forecast_5456,2025-08-16 08:00:00,6077.905357802673,11205.532,4953.665
forecast_5457,2025-08-16 09:00:00,5625.392585410242,9183.039,3781.6262
forecast_5458,2025-08-16 10:00:00,4412.0041347111255,7653.2124,3143.3188
forecast_5459,2025-08-16 11:00:00,4251.751096715009,5599.7476,2567.8914
forecast_5460,2025-08-16 12:00:00,3890.359058087097,5128.794,2742.5413
forecast_5461,2025-08-16 13:00:00,5175.750297935261,5953.07,3735.9138
forecast_5462,2025-08-16 14:00:00,5990.832570609773,6785.7446,4902.555
forecast_5463,2025-08-16 15:00:00,6347.500469009983,8306.445,5921.1084
forecast_5464,2025-08-16 16:00:00,6105.001394134167,9056.331,6404.5024
forecast_5465,2025-08-16 17:00:00,6597.005067246167,9289.082,6716.9736
forecast_5466,2025-08-16 18:00:00,9831.449228172207,10423.542,7642.308
forecast_5467,2025-08-16 19:00:00,8403.984175193329,11803.227,8945.015
forecast_5468,2025-08-16 20:00:00,10033.716553762044,13986.053,9532.457
forecast_5469,2025-08-16 21:00:00,12816.247413166286,16031.828,10318.971
forecast_5470,2025-08-16 22:00:00,14722.943679764563,17457.81,11880.922
forecast_5471,2025-08-16 23:00:00,14869.551546018514,18213.904,13731.278
forecast_5472,2025-08-17 00:00:00,17257.737658595146,18430.342,14619.521
forecast_5473,2025-08-17 01:00:00,18528.60005270161,18371.555,14743.863
forecast_5474,2025-08-17 02:00:00,18064.660537646952,18342.467,14588.564
forecast_5475,2025-08-17 03:00:00,16994.531893390707,18450.441,14660.71
forecast_5476,2025-08-17 04:00:00,18919.079943045326,18182.02,14323.688
forecast_5477,2025-08-17 05:00:00,18206.12829973784,18264.959,14372.525
forecast_5478,2025-08-17 06:00:00,17949.469402255578,18057.809,14185.942
forecast_5479,2025-08-17 07:00:00,15407.204084656345,17605.287,13302.981
forecast_5480,2025-08-17 08:00:00,14225.820315808116,17002.793,12508.045
forecast_5481,2025-08-17 09:00:00,9066.52516151016,15464.253,10859.945
forecast_5482,2025-08-17 10:00:00,5337.778982031638,12238.783,7464.3154
forecast_5483,2025-08-17 11:00:00,4701.06697341727,7229.973,3701.514
forecast_5484,2025-08-17 12:00:00,3017.572017487422,3366.207,2068.949
forecast_5485,2025-08-17 13:00:00,2580.296374168033,1793.4318,1369.2817
forecast_5486,2025-08-17 14:00:00,2433.2214756315507,2033.223,1398.1738
forecast_5487,2025-08-17 15:00:00,2829.8417851188347,2641.688,1880.5165
forecast_5488,2025-08-17 16:00:00,3562.588990916297,3125.3394,2317.813
forecast_5489,2025-08-17 17:00:00,3052.9488174035614,2905.2686,2031.2047
forecast_5490,2025-08-17 18:00:00,2777.0736256374134,2585.5735,1837.7665
forecast_5491,2025-08-17 19:00:00,4766.392746867255,3749.4158,2028.9155
forecast_5492,2025-08-17 20:00:00,3730.6088163820755,6370.8145,2865.0996
forecast_5493,2025-08-17 21:00:00,4888.074111891514,9979.399,3425.2446
forecast_5494,2025-08-17 22:00:00,6114.898214756258,11935.594,3634.5498
forecast_5495,2025-08-17 23:00:00,4094.218038568416,12188.794,3231.9768
forecast_5496,2025-08-18 00:00:00,5753.274684324681,11745.874,3115.655
forecast_5497,2025-08-18 01:00:00,7608.298293869091,11088.757,2886.9104
forecast_5498,2025-08-18 02:00:00,7558.990587057191,12271.463,3235.2717
forecast_5499,2025-08-18 03:00:00,8857.258241019934,12506.162,3735.234
forecast_5500,2025-08-18 04:00:00,8405.986605413695,12881.977,4473.4126
forecast_5501,2025-08-18 05:00:00,9402.317854058763,11529.893,3786.1062
forecast_5502,2025-08-18 06:00:00,9636.358453469053,11481.037,3736.017
forecast_5503,2025-08-18 07:00:00,8825.796529227333,12398.936,4243.69
forecast_5504,2025-08-18 08:00:00,7077.398691865381,13545.25,5371.028
forecast_5505,2025-08-18 09:00:00,8363.144828208637,12801.299,4909.665
forecast_5506,2025-08-18 10:00:00,5498.630017687424,12910.932,4841.0156
forecast_5507,2025-08-18 11:00:00,6387.784901987784,12405.641,4062.8506
forecast_5508,2025-08-18 12:00:00,4389.129621690675,11379.248,4054.6646
forecast_5509,2025-08-18 13:00:00,3382.432511432592,8281.847,3528.383
forecast_5510,2025-08-18 14:00:00,4596.16036495667,6572.3633,2892.0378
forecast_5511,2025-08-18 15:00:00,4739.362620315125,5891.3394,3175.8123
forecast_5512,2025-08-18 16:00:00,5174.844414921285,6388.057,3776.9197
forecast_5513,2025-08-18 17:00:00,4516.563798249686,7221.918,4289.754
forecast_5514,2025-08-18 18:00:00,5273.4001702942005,6971.422,4432.1094
forecast_5515,2025-08-18 19:00:00,7473.6010874431995,9001.681,5324.978
forecast_5516,2025-08-18 20:00:00,8321.932664893042,12252.421,6793.884
forecast_5517,2025-08-18 21:00:00,12321.844082328997,14536.237,8512.481
forecast_5518,2025-08-18 22:00:00,13151.096171402582,15608.341,8399.236
forecast_5519,2025-08-18 23:00:00,13242.476368001111,16226.088,9365.788
forecast_5520,2025-08-19 00:00:00,12513.833501610716,17124.084,10841.144
forecast_5521,2025-08-19 01:00:00,12482.560809396917,17255.506,11961.292
forecast_5522,2025-08-19 02:00:00,12937.98794921097,17732.72,12795.697
forecast_5523,2025-08-19 03:00:00,12831.753304141623,18066.814,13748.802
forecast_5524,2025-08-19 04:00:00,13483.399236642093,17955.049,14110.405
forecast_5525,2025-08-19 05:00:00,13724.868621287942,17660.6,13705.093
forecast_5526,2025-08-19 06:00:00,13253.679191237583,17381.314,13447.736
forecast_5527,2025-08-19 07:00:00,12795.801268265046,17219.645,13488.881
forecast_5528,2025-08-19 08:00:00,12941.851893495872,16876.498,13684.21
forecast_5529,2025-08-19 09:00:00,12805.069531891653,16368.39,13323.147
forecast_5530,2025-08-19 10:00:00,10477.814392585346,15255.662,12111.537
forecast_5531,2025-08-19 11:00:00,8784.98000926991,13067.056,9627.772
forecast_5532,2025-08-19 12:00:00,9891.475136984953,11012.134,7942.753
forecast_5533,2025-08-19 13:00:00,6728.492247784779,10374.023,7326.658
forecast_5534,2025-08-19 14:00:00,6274.329546060568,10499.642,6679.893
forecast_5535,2025-08-19 15:00:00,6338.176424651487,10047.906,6035.935
forecast_5536,2025-08-19 16:00:00,7527.703063936213,10394.765,6386.113
forecast_5537,2025-08-19 17:00:00,7613.111405922451,10470.152,7366.028
forecast_5538,2025-08-19 18:00:00,7510.1987411504215,10536.718,7617.4995
forecast_5539,2025-08-19 19:00:00,9136.838009243804,11978.924,8426.79
forecast_5540,2025-08-19 20:00:00,11448.74852095987,14404.646,10095.855
forecast_5541,2025-08-19 21:00:00,11877.971410869457,16403.879,11902.075
forecast_5542,2025-08-19 22:00:00,13987.292854555057,17666.488,13536.433
forecast_5543,2025-08-19 23:00:00,13460.565250562073,18281.137,14790.078
forecast_5544,2025-08-20 00:00:00,14320.431790652125,18488.559,15255.286
forecast_5545,2025-08-20 01:00:00,13626.3641827876,18711.768,15763.407
forecast_5546,2025-08-20 02:00:00,13953.260282151545,18401.4,15665.175
forecast_5547,2025-08-20 03:00:00,14412.982620018882,18264.16,15446.5625
forecast_5548,2025-08-20 04:00:00,14323.569555587237,18024.545,15186.026
forecast_5549,2025-08-20 05:00:00,14694.76729320907,17680.965,15011.083
forecast_5550,2025-08-20 06:00:00,14087.32710812222,17250.297,14575.082
forecast_5551,2025-08-20 07:00:00,12004.877766656447,16686.674,14014.039
forecast_5552,2025-08-20 08:00:00,10391.094147773894,15356.98,12570.9795
forecast_5553,2025-08-20 09:00:00,8282.463600907833,12948.441,10318.423
forecast_5554,2025-08-20 10:00:00,6891.189682910564,9269.892,6991.6055
forecast_5555,2025-08-20 11:00:00,5797.521251891455,6360.9883,4739.23
forecast_5556,2025-08-20 12:00:00,4848.197189188406,4835.4497,3684.8862
forecast_5557,2025-08-20 13:00:00,4125.517396147832,4494.843,3145.1045
forecast_5558,2025-08-20 14:00:00,4462.639856832615,3990.3406,2762.943
forecast_5559,2025-08-20 15:00:00,3677.318834873519,4049.4116,2642.165
forecast_5560,2025-08-20 16:00:00,3300.447761518829,3995.5547,2822.7373
forecast_5561,2025-08-20 17:00:00,3343.451844038013,4358.042,3055.7378
forecast_5562,2025-08-20 18:00:00,3765.163362555684,4197.076,2827.5193
forecast_5563,2025-08-20 19:00:00,4372.16676756007,3413.3154,1820.0168
forecast_5564,2025-08-20 20:00:00,5293.979293816183,4797.468,1710.7985
forecast_5565,2025-08-20 21:00:00,5468.27101641952,7525.5425,2299.331
forecast_5566,2025-08-20 22:00:00,7673.09751384991,9531.121,2666.531
forecast_5567,2025-08-20 23:00:00,7470.27836792291,12608.6,3866.9375
forecast_5568,2025-08-21 00:00:00,10209.74094083797,14091.627,4996.985
forecast_5569,2025-08-21 01:00:00,8770.760722134784,15140.348,6642.6426
forecast_5570,2025-08-21 02:00:00,11822.461305543864,15422.571,7191.804
forecast_5571,2025-08-21 03:00:00,11996.918638754601,15245.071,7635.8154
forecast_5572,2025-08-21 04:00:00,12358.59437230991,14838.859,8381.245
forecast_5573,2025-08-21 05:00:00,10542.66425381488,14588.924,9001.156
forecast_5574,2025-08-21 06:00:00,8658.06616381146,13065.3,8024.381
forecast_5575,2025-08-21 07:00:00,7081.72365931641,10208.326,6066.0225
forecast_5576,2025-08-21 08:00:00,3946.3809350884026,5828.0273,3647.0828
forecast_5577,2025-08-21 09:00:00,896.6274394947133,2382.364,1717.3687
forecast_5578,2025-08-21 10:00:00,601.9623829362178,1110.2164,903.8338
forecast_5579,2025-08-21 11:00:00,345.71256140484206,640.19574,672.36914
forecast_5580,2025-08-21 12:00:00,111.38655089627461,438.37534,516.7061
forecast_5581,2025-08-21 13:00:00,56.381074013969034,339.06656,389.70157
forecast_5582,2025-08-21 14:00:00,0.0,292.2544,317.3303
forecast_5583,2025-08-21 15:00:00,59.30703965617134,240.57942,229.48488
forecast_5584,2025-08-21 16:00:00,87.20055013432906,228.68855,211.21776
forecast_5585,2025-08-21 17:00:00,191.64732923903878,221.92683,243.3735
forecast_5586,2025-08-21 18:00:00,88.46216687508847,240.17285,323.98434
forecast_5587,2025-08-21 19:00:00,89.52955110895107,271.572,370.7431
forecast_5588,2025-08-21 20:00:00,258.0881228313946,429.25455,402.96436
forecast_5589,2025-08-21 21:00:00,305.71615229791297,1052.0375,531.94244
forecast_5590,2025-08-21 22:00:00,1259.6295989282003,2188.3728,752.28656
forecast_5591,2025-08-21 23:00:00,1373.6315272142028,3683.5923,1051.1274
forecast_5592,2025-08-22 00:00:00,1474.669059227335,4915.5093,1276.9874
forecast_5593,2025-08-22 01:00:00,1615.6833806077607,5229.278,1353.932
forecast_5594,2025-08-22 02:00:00,1835.6505167817784,5355.8867,1521.6648
forecast_5595,2025-08-22 03:00:00,3309.915149976239,6706.538,2195.6897
forecast_5596,2025-08-22 04:00:00,4830.358859443069,8259.778,2768.0718
forecast_5597,2025-08-22 05:00:00,6660.788050481805,10099.552,3275.3035
forecast_5598,2025-08-22 06:00:00,8498.710969206348,10977.636,3759.312
forecast_5599,2025-08-22 07:00:00,8674.914333644088,11903.038,4531.213
forecast_5600,2025-08-22 08:00:00,7302.059040691649,11838.343,4961.5527
forecast_5601,2025-08-22 09:00:00,5504.601901027364,9700.161,4244.8296
forecast_5602,2025-08-22 10:00:00,3483.7754999360754,6678.7686,2867.0854
forecast_5603,2025-08-22 11:00:00,2422.5939794629116,3699.5427,1701.013
forecast_5604,2025-08-22 12:00:00,1676.2944038620562,2253.9272,1225.3281
forecast_5605,2025-08-22 13:00:00,1997.3320808186334,1860.8374,1104.388
forecast_5606,2025-08-22 14:00:00,2345.539777174522,1855.2411,1169.383
forecast_5607,2025-08-22 15:00:00,2451.1332327056834,2065.4426,1449.6954
forecast_5608,2025-08-22 16:00:00,3101.4511915442604,2710.3794,1807.3105
forecast_5609,2025-08-22 17:00:00,4537.611453069856,3899.4065,2506.3694
forecast_5610,2025-08-22 18:00:00,4702.449489325404,5073.955,3133.5244
forecast_5611,2025-08-22 19:00:00,6286.22207126109,5566.637,3040.8298
forecast_5612,2025-08-22 20:00:00,7180.125472585954,8255.713,3491.4792
forecast_5613,2025-08-22 21:00:00,9296.91532922537,10836.623,4406.272
forecast_5614,2025-08-22 22:00:00,11901.616044610786,12725.99,5749.722
forecast_5615,2025-08-22 23:00:00,12792.97196521911,14129.568,7303.802
forecast_5616,2025-08-23 00:00:00,14612.811449782595,14674.871,8489.076
forecast_5617,2025-08-23 01:00:00,13378.044435946462,15048.62,9319.765
forecast_5618,2025-08-23 02:00:00,13720.190697555241,14848.15,9753.092
forecast_5619,2025-08-23 03:00:00,13290.6370634431,14579.605,9571.07
forecast_5620,2025-08-23 04:00:00,11916.386908300878,14032.613,8986.687
forecast_5621,2025-08-23 05:00:00,9675.156496716347,12597.453,7855.408
forecast_5622,2025-08-23 06:00:00,7610.2382337071185,10187.131,5873.2344
forecast_5623,2025-08-23 07:00:00,5504.463780056117,6430.659,3639.4111
forecast_5624,2025-08-23 08:00:00,2999.776202031109,2547.5613,1753.4458
forecast_5625,2025-08-23 09:00:00,1578.313594232654,1009.54034,817.14197
forecast_5626,2025-08-23 10:00:00,93.25412268165354,512.1225,510.18527
forecast_5627,2025-08-23 11:00:00,44.724786539607514,320.31006,349.93417
forecast_5628,2025-08-23 12:00:00,11.039669660605325,263.0698,267.40427
forecast_5629,2025-08-23 13:00:00,0.0,246.35469,262.34348
forecast_5630,2025-08-23 14:00:00,15.88380753243656,246.94698,262.55307
forecast_5631,2025-08-23 15:00:00,57.19572479316537,236.39117,274.9184
forecast_5632,2025-08-23 16:00:00,73.65960624841453,212.63809,191.90913
forecast_5633,2025-08-23 17:00:00,52.71827737396769,195.30067,146.89651
forecast_5634,2025-08-23 18:00:00,104.77442163652964,211.48434,161.7893
forecast_5635,2025-08-23 19:00:00,193.41710041422772,241.3569,194.81465
forecast_5636,2025-08-23 20:00:00,316.2096512227691,257.42184,209.90889
forecast_5637,2025-08-23 21:00:00,1327.984284765838,544.9862,314.39597
forecast_5638,2025-08-23 22:00:00,1894.5554902714575,1386.102,637.6006
forecast_5639,2025-08-23 23:00:00,1867.9468363056774,2104.243,1094.3699
forecast_5640,2025-08-24 00:00:00,2044.2948688806644,2360.3308,1430.66
forecast_5641,2025-08-24 01:00:00,1170.4845105903844,2493.3467,1381.0898
forecast_5642,2025-08-24 02:00:00,1200.9151514451783,2513.2256,1366.9839
forecast_5643,2025-08-24 03:00:00,968.7037069655123,2578.8528,1410.6346
forecast_5644,2025-08-24 04:00:00,1038.943587775563,2668.0195,1422.2523
forecast_5645,2025-08-24 05:00:00,625.9680073860108,2648.5535,1302.5259
forecast_5646,2025-08-24 06:00:00,471.7711773623475,2019.517,1010.3282
forecast_5647,2025-08-24 07:00:00,528.4595830799382,1062.6006,694.7914
forecast_5648,2025-08-24 08:00:00,155.4501451221108,611.74243,431.1922
forecast_5649,2025-08-24 09:00:00,64.90711231894427,380.9503,289.91238
forecast_5650,2025-08-24 10:00:00,60.33515259435225,249.96298,179.65808
forecast_5651,2025-08-24 11:00:00,126.55841899187173,215.22499,169.69016
forecast_5652,2025-08-24 12:00:00,75.20137513834398,218.12093,185.1583
forecast_5653,2025-08-24 13:00:00,279.1499588517514,221.38266,186.17004
forecast_5654,2025-08-24 14:00:00,326.00201575789714,269.86456,196.48761
forecast_5655,2025-08-24 15:00:00,682.8127182678137,313.80258,196.51816
forecast_5656,2025-08-24 16:00:00,1555.7964191517651,354.86792,297.93143
forecast_5657,2025-08-24 17:00:00,843.9998431488104,608.7708,432.60773
forecast_5658,2025-08-24 18:00:00,1294.8002386791459,1256.9641,713.3548
forecast_5659,2025-08-24 19:00:00,1438.6714508047573,1404.9779,686.13153
forecast_5660,2025-08-24 20:00:00,1306.6823871085553,1584.3732,782.0521
forecast_5661,2025-08-24 21:00:00,1195.4688877781484,1600.4701,893.29224
forecast_5662,2025-08-24 22:00:00,1231.0280181914559,1607.9583,986.39795
forecast_5663,2025-08-24 23:00:00,1123.8717406324206,1433.585,1091.5399
forecast_5664,2025-08-25 00:00:00,952.5265200998541,1110.7607,1091.4446
forecast_5665,2025-08-25 01:00:00,866.642865310696,945.289,922.5709
forecast_5666,2025-08-25 02:00:00,1297.7791435221538,1087.2819,970.06366
forecast_5667,2025-08-25 03:00:00,2186.319356484158,1451.6228,1197.4576
forecast_5668,2025-08-25 04:00:00,2272.850946136828,2146.4956,1495.1239
forecast_5669,2025-08-25 05:00:00,1908.0407746787282,2741.611,1693.6132
forecast_5670,2025-08-25 06:00:00,1961.411145060534,3060.1013,1559.3429
forecast_5671,2025-08-25 07:00:00,1937.5612930037905,3431.629,1538.8562
forecast_5672,2025-08-25 08:00:00,1295.9685207455732,3108.9158,1460.239
forecast_5673,2025-08-25 09:00:00,710.2921552296918,1871.9817,970.64825
forecast_5674,2025-08-25 10:00:00,440.96779850759043,989.3545,577.8232
forecast_5675,2025-08-25 11:00:00,956.3288046476528,698.49896,427.04446
forecast_5676,2025-08-25 12:00:00,781.0929806348311,655.17285,401.83102
forecast_5677,2025-08-25 13:00:00,1861.212293700482,954.3056,282.2288
forecast_5678,2025-08-25 14:00:00,1644.4906488314296,581.44037,228.58183
forecast_5679,2025-08-25 15:00:00,2136.7549540145706,693.3519,242.27437
forecast_5680,2025-08-25 16:00:00,2231.8987440946485,1286.2494,383.40927
forecast_5681,2025-08-25 17:00:00,2028.7431240073888,2060.6113,685.592
forecast_5682,2025-08-25 18:00:00,3518.252843200415,3270.3462,974.6218
forecast_5683,2025-08-25 19:00:00,5274.963204118871,4758.125,1635.0667
forecast_5684,2025-08-25 20:00:00,6079.270225871519,6479.779,2943.379
forecast_5685,2025-08-25 21:00:00,7568.395388352717,10204.131,4759.259
forecast_5686,2025-08-25 22:00:00,9709.07817009563,12911.338,6857.6904
forecast_5687,2025-08-25 23:00:00,10588.13274144492,14503.792,8468.275
forecast_5688,2025-08-26 00:00:00,11212.178274916418,15271.104,10063.086
forecast_5689,2025-08-26 01:00:00,13818.040050771639,15715.106,11121.609
forecast_5690,2025-08-26 02:00:00,13479.296597830129,16146.175,11813.518
forecast_5691,2025-08-26 03:00:00,13728.722541356296,16678.227,12712.408
forecast_5692,2025-08-26 04:00:00,13819.840646796916,16854.773,13106.078
forecast_5693,2025-08-26 05:00:00,13192.998372196636,16881.11,13154.184
forecast_5694,2025-08-26 06:00:00,13577.279460607495,16614.475,13123.382
forecast_5695,2025-08-26 07:00:00,12015.035356752727,16715.088,13411.119
forecast_5696,2025-08-26 08:00:00,12048.359368828591,16244.022,13168.531
forecast_5697,2025-08-26 09:00:00,13097.91465310505,15783.608,12944.774
forecast_5698,2025-08-26 10:00:00,11632.794188546699,15212.795,12870.052
forecast_5699,2025-08-26 11:00:00,11109.171680716316,13923.08,11335.792
forecast_5700,2025-08-26 12:00:00,9398.592307740642,14095.976,10697.838
forecast_5701,2025-08-26 13:00:00,10970.706337532427,13678.299,9702.201
forecast_5702,2025-08-26 14:00:00,10581.504026571829,14188.18,10215.717
forecast_5703,2025-08-26 15:00:00,10815.01030332211,14314.556,10413.031
forecast_5704,2025-08-26 16:00:00,7907.511346146912,14282.361,10893.674
forecast_5705,2025-08-26 17:00:00,9529.26142822748,12856.292,8829.763
forecast_5706,2025-08-26 18:00:00,10209.371751728908,13172.882,8507.756
forecast_5707,2025-08-26 19:00:00,9521.384833329832,13396.945,8761.839
forecast_5708,2025-08-26 20:00:00,7230.8428727714345,13602.274,8679.772
forecast_5709,2025-08-26 21:00:00,8065.338848369156,12545.48,6620.21
forecast_5710,2025-08-26 22:00:00,10264.258543818918,11846.879,5565.0034
forecast_5711,2025-08-26 23:00:00,9690.706801668242,11446.66,5664.9097
forecast_5712,2025-08-27 00:00:00,8509.947238183468,11053.729,6103.5103
forecast_5713,2025-08-27 01:00:00,8380.201389152084,9805.2295,5426.3037
forecast_5714,2025-08-27 02:00:00,6874.417267887888,8532.696,4893.534
forecast_5715,2025-08-27 03:00:00,3887.176289527293,6136.8975,3735.2478
forecast_5716,2025-08-27 04:00:00,3199.974674888006,3107.3306,2145.2053
forecast_5717,2025-08-27 05:00:00,1733.2781037044913,1365.5023,1164.1211
forecast_5718,2025-08-27 06:00:00,1002.5532665277719,673.6173,613.7607
forecast_5719,2025-08-27 07:00:00,38.34776022151224,444.61685,405.5946
forecast_5720,2025-08-27 08:00:00,45.390862214976835,320.60178,295.84116
forecast_5721,2025-08-27 09:00:00,51.35194041852457,249.68793,266.0416
forecast_5722,2025-08-27 10:00:00,0.029388339639184174,207.73746,148.5267
forecast_5723,2025-08-27 11:00:00,69.77837843680555,202.92346,124.29137
forecast_5724,2025-08-27 12:00:00,206.222928584217,202.92673,142.48293
forecast_5725,2025-08-27 13:00:00,268.35208551880874,203.68816,161.89821
forecast_5726,2025-08-27 14:00:00,431.92755481466236,241.25122,169.54904
forecast_5727,2025-08-27 15:00:00,343.6382322581479,319.63605,182.24756
forecast_5728,2025-08-27 16:00:00,306.885341663184,413.06897,198.65935
forecast_5729,2025-08-27 17:00:00,339.1479149142976,567.67145,253.84763
forecast_5730,2025-08-27 18:00:00,459.7091667656118,752.96216,271.3707
forecast_5731,2025-08-27 19:00:00,321.6716411231744,890.2073,266.92255
forecast_5732,2025-08-27 20:00:00,470.64559382237303,966.85986,247.87233
forecast_5733,2025-08-27 21:00:00,485.58613322481807,892.85046,229.64185
forecast_5734,2025-08-27 22:00:00,432.0787564245774,766.60596,204.75278
forecast_5735,2025-08-27 23:00:00,443.5467013208561,727.43176,190.48799
forecast_5736,2025-08-28 00:00:00,640.9258289050791,702.1186,190.29915
forecast_5737,2025-08-28 01:00:00,1064.6017661751364,912.1563,210.58377
forecast_5738,2025-08-28 02:00:00,979.698620541789,1048.4447,222.28252
forecast_5739,2025-08-28 03:00:00,1002.4672012687435,1222.4727,288.59457
forecast_5740,2025-08-28 04:00:00,1089.3830142643735,1486.5726,515.87177
forecast_5741,2025-08-28 05:00:00,1556.9110596187652,1531.0308,935.2099
forecast_5742,2025-08-28 06:00:00,2550.99547747176,2150.192,1334.027
forecast_5743,2025-08-28 07:00:00,2335.0594844047178,2563.7744,1337.2764
forecast_5744,2025-08-28 08:00:00,1465.0859726999538,2252.668,801.17285
forecast_5745,2025-08-28 09:00:00,2091.06792113841,1708.259,478.1239
forecast_5746,2025-08-28 10:00:00,722.3676044083203,1450.6442,415.10538
forecast_5747,2025-08-28 11:00:00,780.0233958765492,1177.9398,422.7411
forecast_5748,2025-08-28 12:00:00,1580.4073380609054,1359.2948,541.4919
forecast_5749,2025-08-28 13:00:00,2234.1476179100923,1536.4927,622.5953
forecast_5750,2025-08-28 14:00:00,1903.2187611332936,2589.8142,961.2309
forecast_5751,2025-08-28 15:00:00,2512.237398938077,3971.9175,1371.3601
forecast_5752,2025-08-28 16:00:00,2572.3012612444077,4849.158,1915.0247
forecast_5753,2025-08-28 17:00:00,3712.7640058608445,5494.413,2306.1577
forecast_5754,2025-08-28 18:00:00,4057.1978467694084,7656.0996,2547.7434
forecast_5755,2025-08-28 19:00:00,5021.685104881592,9687.51,2975.0342
forecast_5756,2025-08-28 20:00:00,5959.470608767327,12715.844,3655.8467
forecast_5757,2025-08-28 21:00:00,6801.953088510777,14935.285,5054.386
forecast_5758,2025-08-28 22:00:00,9204.489575523463,15984.967,6572.158
forecast_5759,2025-08-28 23:00:00,9629.5061002767,16952.09,8629.203
forecast_5760,2025-08-29 00:00:00,12862.556297671872,17472.258,10591.938
forecast_5761,2025-08-29 01:00:00,14431.847045862609,18225.238,12797.852
forecast_5762,2025-08-29 02:00:00,14939.258765215433,18694.88,14884.534
forecast_5763,2025-08-29 03:00:00,15142.538994903854,18853.148,15714.219
forecast_5764,2025-08-29 04:00:00,15475.426965830544,18785.25,15726.872
forecast_5765,2025-08-29 05:00:00,14603.590884036372,18631.434,15542.809
forecast_5766,2025-08-29 06:00:00,15254.748775086484,18553.965,15701.827
forecast_5767,2025-08-29 07:00:00,14653.52594017223,18477.48,15887.002
forecast_5768,2025-08-29 08:00:00,14309.689573097989,18323.465,15836.017
forecast_5769,2025-08-29 09:00:00,13757.688254612443,17731.318,15143.359
forecast_5770,2025-08-29 10:00:00,13453.04319508699,16679.52,13767.376
forecast_5771,2025-08-29 11:00:00,11908.234929710014,14800.111,11922.995
forecast_5772,2025-08-29 12:00:00,10480.127787739197,11944.93,10027.56
forecast_5773,2025-08-29 13:00:00,8556.041250080052,10477.496,8460.762
forecast_5774,2025-08-29 14:00:00,8347.040830210603,10260.569,8179.605
forecast_5775,2025-08-29 15:00:00,9533.689873363164,9424.244,7835.2793
forecast_5776,2025-08-29 16:00:00,8608.589537158776,8948.197,7608.259
forecast_5777,2025-08-29 17:00:00,8399.416594472521,9502.938,7308.896
forecast_5778,2025-08-29 18:00:00,7175.788927842078,9104.44,7015.6177
forecast_5779,2025-08-29 19:00:00,8640.22591124963,8824.362,5775.1724
forecast_5780,2025-08-29 20:00:00,10338.422253822768,11464.43,6232.332
forecast_5781,2025-08-29 21:00:00,10987.470821583664,13462.24,7722.7617
forecast_5782,2025-08-29 22:00:00,12440.832292862207,14311.234,8567.302
forecast_5783,2025-08-29 23:00:00,13386.002477913524,14933.065,9559.841
forecast_5784,2025-08-30 00:00:00,13313.17515802142,14959.412,9759.86
forecast_5785,2025-08-30 01:00:00,12477.269612466873,14566.241,9605.503
forecast_5786,2025-08-30 02:00:00,13993.185918023539,14068.387,9826.927
forecast_5787,2025-08-30 03:00:00,12448.694666131625,13540.425,9538.692
forecast_5788,2025-08-30 04:00:00,11905.603242452098,12363.87,8069.0986
forecast_5789,2025-08-30 05:00:00,11178.596114701233,11382.408,6553.53
forecast_5790,2025-08-30 06:00:00,10664.012082128198,10340.552,5521.6553
forecast_5791,2025-08-30 07:00:00,7263.517705923973,9174.583,4970.01
forecast_5792,2025-08-30 08:00:00,6720.205540912627,8057.4653,4279.2915
forecast_5793,2025-08-30 09:00:00,4298.009715762077,6545.2236,3189.0085
forecast_5794,2025-08-30 10:00:00,2213.121039450509,4210.5835,1743.1433
forecast_5795,2025-08-30 11:00:00,1449.5365824055557,2224.887,887.5473
forecast_5796,2025-08-30 12:00:00,1183.4959750804333,1319.5813,584.22565
forecast_5797,2025-08-30 13:00:00,1705.0224865661937,1065.2032,564.5347
forecast_5798,2025-08-30 14:00:00,1515.2018808963967,1121.8591,691.50446
forecast_5799,2025-08-30 15:00:00,1578.6072168860048,1226.3234,787.5142
forecast_5800,2025-08-30 16:00:00,1934.1639084023004,1484.7623,856.87067
forecast_5801,2025-08-30 17:00:00,1472.971294735208,1729.1522,962.24164
forecast_5802,2025-08-30 18:00:00,1564.6636348016953,1642.2708,818.4549
forecast_5803,2025-08-30 19:00:00,2827.004985450163,1723.3885,784.7541
forecast_5804,2025-08-30 20:00:00,2963.6462106622757,2875.2097,1080.4249
forecast_5805,2025-08-30 21:00:00,3366.5168544326234,4528.7803,1638.7523
forecast_5806,2025-08-30 22:00:00,4470.414724205287,5743.4766,1917.2117
forecast_5807,2025-08-30 23:00:00,3938.9717239815695,5985.975,1995.82
forecast_5808,2025-08-31 00:00:00,3800.8913828336003,5920.483,1834.2025
forecast_5809,2025-08-31 01:00:00,4494.011438851731,6239.7026,1706.4735
forecast_5810,2025-08-31 02:00:00,4728.654574827597,6931.2246,1933.835
forecast_5811,2025-08-31 03:00:00,5719.455938839511,6955.146,2202.1306
forecast_5812,2025-08-31 04:00:00,5968.474930369092,6554.499,2124.9285
forecast_5813,2025-08-31 05:00:00,3941.27658519431,6131.964,2014.5039
forecast_5814,2025-08-31 06:00:00,1428.4932335583924,5609.407,1764.4309
forecast_5815,2025-08-31 07:00:00,1370.1509049919189,3690.244,1178.9812
forecast_5816,2025-08-31 08:00:00,843.5384164279104,1775.3613,664.0266
forecast_5817,2025-08-31 09:00:00,362.4174943378198,640.8776,280.34348
forecast_5818,2025-08-31 10:00:00,180.91515493228226,297.8035,187.81035
forecast_5819,2025-08-31 11:00:00,321.57867543318474,263.74338,180.23988
forecast_5820,2025-08-31 12:00:00,571.5336485484113,319.60495,232.73465
forecast_5821,2025-08-31 13:00:00,1424.6445491095174,514.933,369.08395
forecast_5822,2025-08-31 14:00:00,1928.8967867409667,902.8614,601.8156
forecast_5823,2025-08-31 15:00:00,2409.9563106953233,1921.6432,1085.7317
forecast_5824,2025-08-31 16:00:00,2600.6560368041933,2540.3618,1465.1708
forecast_5825,2025-08-31 17:00:00,2573.4761508054958,3775.9268,1674.6138
forecast_5826,2025-08-31 18:00:00,3328.6663889701317,4660.759,2102.5852
forecast_5827,2025-08-31 19:00:00,5336.91196255549,5321.814,2278.8477
forecast_5828,2025-08-31 20:00:00,5686.0300238415375,8452.685,2933.3704
forecast_5829,2025-08-31 21:00:00,6324.515438372278,10020.444,3407.1592
forecast_5830,2025-08-31 22:00:00,7303.402630176811,11743.869,3958.7766
forecast_5831,2025-08-31 23:00:00,7495.681902710233,12108.892,4469.7686
forecast_5832,2025-09-01 00:00:00,8629.487795996412,11980.978,5182.092
forecast_5833,2025-09-01 01:00:00,9790.791957478314,12507.1455,5632.4463
forecast_5834,2025-09-01 02:00:00,9192.586815696493,14975.693,7696.1646
forecast_5835,2025-09-01 03:00:00,10050.058044477668,15631.527,8907.729
forecast_5836,2025-09-01 04:00:00,11624.920368190624,15619.377,9512.219
forecast_5837,2025-09-01 05:00:00,12607.97961325189,15838.429,10405.021
forecast_5838,2025-09-01 06:00:00,11422.045808641542,15990.9795,11509.446
forecast_5839,2025-09-01 07:00:00,9160.589460860989,15441.465,11200.101
forecast_5840,2025-09-01 08:00:00,6906.035670705017,14109.664,10034.512
forecast_5841,2025-09-01 09:00:00,6680.103046902648,11645.559,7785.5913
forecast_5842,2025-09-01 10:00:00,6660.939846536259,9827.88,6161.4243
forecast_5843,2025-09-01 11:00:00,4412.8047420068915,8304.729,4424.2417
forecast_5844,2025-09-01 12:00:00,5086.178765461963,7361.702,3366.3054
forecast_5845,2025-09-01 13:00:00,4680.141641159803,6928.9336,3253.358
forecast_5846,2025-09-01 14:00:00,4623.191337313841,6562.441,3520.8086
forecast_5847,2025-09-01 15:00:00,5895.186839304373,6690.599,3662.3274
forecast_5848,2025-09-01 16:00:00,6526.057230845692,7569.7544,4225.5117
forecast_5849,2025-09-01 17:00:00,5846.508383107723,8375.0,4911.227
forecast_5850,2025-09-01 18:00:00,5929.593632101697,9362.627,5862.9478
forecast_5851,2025-09-01 19:00:00,5066.154814660101,9845.952,6108.8765
forecast_5852,2025-09-01 20:00:00,4710.7054749042045,10405.725,4687.272
forecast_5853,2025-09-01 21:00:00,5030.300897054903,10478.153,3598.374
forecast_5854,2025-09-01 22:00:00,6679.691568250845,9729.608,2873.5825
forecast_5855,2025-09-01 23:00:00,9317.607736487747,10449.344,3180.9954
forecast_5856,2025-09-02 00:00:00,6979.386827482883,11855.085,5353.0146
forecast_5857,2025-09-02 01:00:00,10502.266505763277,12470.855,6739.0073
forecast_5858,2025-09-02 02:00:00,8198.545268461989,13420.502,8735.075
forecast_5859,2025-09-02 03:00:00,9076.475119215438,13010.86,7507.888
forecast_5860,2025-09-02 04:00:00,8078.4673827576125,12269.133,6521.1333
forecast_5861,2025-09-02 05:00:00,6795.79324272031,10086.396,4893.641
forecast_5862,2025-09-02 06:00:00,6985.191429390724,7632.528,2900.5593
forecast_5863,2025-09-02 07:00:00,5272.90310596186,6909.421,2492.5186
forecast_5864,2025-09-02 08:00:00,4476.156225609305,6610.9717,2770.3762
forecast_5865,2025-09-02 09:00:00,3680.486975745973,5062.763,2195.6934
forecast_5866,2025-09-02 10:00:00,2191.576188703704,3334.7761,1283.8743
forecast_5867,2025-09-02 11:00:00,2018.164102423789,1906.7661,720.5491
forecast_5868,2025-09-02 12:00:00,2093.6916395807166,1489.3208,532.3971
forecast_5869,2025-09-02 13:00:00,1614.703788754989,1183.0925,512.4172
forecast_5870,2025-09-02 14:00:00,164.82864367283307,876.5413,480.38974
forecast_5871,2025-09-02 15:00:00,53.13798670208778,364.50177,231.38329
forecast_5872,2025-09-02 16:00:00,41.00857088718475,279.12686,196.4375
forecast_5873,2025-09-02 17:00:00,38.261194722726934,262.5209,229.03357
forecast_5874,2025-09-02 18:00:00,0.0,241.49591,255.55867
forecast_5875,2025-09-02 19:00:00,0.0,254.90948,241.18521
forecast_5876,2025-09-02 20:00:00,124.97287631434858,298.0013,239.49727
forecast_5877,2025-09-02 21:00:00,77.77223413209025,313.8716,207.72023
forecast_5878,2025-09-02 22:00:00,196.5446393331691,351.10645,227.48187
forecast_5879,2025-09-02 23:00:00,319.2556731391939,397.02234,269.96783
forecast_5880,2025-09-03 00:00:00,70.31235471922608,410.33884,311.36926
forecast_5881,2025-09-03 01:00:00,264.8916663561135,409.48862,247.24171
forecast_5882,2025-09-03 02:00:00,212.96931959486304,441.0849,241.16351
forecast_5883,2025-09-03 03:00:00,114.84178220339204,431.8725,290.35306
forecast_5884,2025-09-03 04:00:00,204.76858427880848,468.90167,380.7489
forecast_5885,2025-09-03 05:00:00,42.22074966260387,480.2295,472.33884
forecast_5886,2025-09-03 06:00:00,40.50310367059919,385.81577,432.66428
forecast_5887,2025-09-03 07:00:00,45.71053882215856,300.95944,223.29416
forecast_5888,2025-09-03 08:00:00,67.74212166577362,262.5679,152.87894
forecast_5889,2025-09-03 09:00:00,55.22799612078553,246.50175,113.62737
forecast_5890,2025-09-03 10:00:00,52.52762057764274,288.05472,104.716064
forecast_5891,2025-09-03 11:00:00,283.5560251393934,346.0826,110.849785
forecast_5892,2025-09-03 12:00:00,290.02754678487435,365.7628,126.326675
forecast_5893,2025-09-03 13:00:00,565.4532157162007,359.28363,149.16716
forecast_5894,2025-09-03 14:00:00,391.0120827555154,332.7194,171.49774
forecast_5895,2025-09-03 15:00:00,76.00922942876825,347.68143,183.31274
forecast_5896,2025-09-03 16:00:00,132.814630177804,328.5421,187.88199
forecast_5897,2025-09-03 17:00:00,107.87081338130128,316.1499,195.62518
forecast_5898,2025-09-03 18:00:00,10.095210358365506,288.1234,198.79788
forecast_5899,2025-09-03 19:00:00,122.265686780089,264.05048,194.67766
forecast_5900,2025-09-03 20:00:00,246.74642022069932,265.5336,186.41505
forecast_5901,2025-09-03 21:00:00,272.7224562053922,330.8662,172.55733
forecast_5902,2025-09-03 22:00:00,433.3486597413358,434.62225,168.89174
forecast_5903,2025-09-03 23:00:00,266.4835778549088,483.96655,176.7209
forecast_5904,2025-09-04 00:00:00,486.2335258951119,499.19238,188.95215
forecast_5905,2025-09-04 01:00:00,918.418159697731,539.02167,197.48326
forecast_5906,2025-09-04 02:00:00,899.2997348035427,593.946,169.46957
forecast_5907,2025-09-04 03:00:00,1003.8298857585966,742.7184,157.82735
forecast_5908,2025-09-04 04:00:00,978.8685198275676,900.513,157.2597
forecast_5909,2025-09-04 05:00:00,1409.1546581526995,1018.9197,148.84828
forecast_5910,2025-09-04 06:00:00,1838.5611174736875,1088.0126,151.6167
forecast_5911,2025-09-04 07:00:00,1943.931735207494,1186.3168,152.12701
forecast_5912,2025-09-04 08:00:00,1247.9228766934327,1427.4672,155.59123
forecast_5913,2025-09-04 09:00:00,1022.131364364768,1571.3217,157.88652
forecast_5914,2025-09-04 10:00:00,645.3330854674642,1427.6044,164.10129
forecast_5915,2025-09-04 11:00:00,488.4669506589836,1324.3455,175.57169
forecast_5916,2025-09-04 12:00:00,426.14109450597147,1186.5602,187.89584
forecast_5917,2025-09-04 13:00:00,749.5737207765092,1021.1378,202.03336
forecast_5918,2025-09-04 14:00:00,681.0876446314255,926.30194,210.6307
forecast_5919,2025-09-04 15:00:00,1250.311552224558,903.1469,213.01576
forecast_5920,2025-09-04 16:00:00,1923.1771926247172,1050.1322,209.12485
forecast_5921,2025-09-04 17:00:00,2057.6769525173077,1736.2834,235.42354
forecast_5922,2025-09-04 18:00:00,1749.8764885940475,2887.9531,278.44177
forecast_5923,2025-09-04 19:00:00,1925.7480472936318,3549.0315,313.11877
forecast_5924,2025-09-04 20:00:00,2296.1734494412276,3488.1748,354.202
forecast_5925,2025-09-04 21:00:00,2385.7744920138066,3300.433,386.1725
forecast_5926,2025-09-04 22:00:00,2198.045089064689,3158.9246,400.3956
forecast_5927,2025-09-04 23:00:00,1974.3535361001245,2891.0366,361.94275
forecast_5928,2025-09-05 00:00:00,1497.522988283189,2938.962,340.26254
forecast_5929,2025-09-05 01:00:00,1123.956615069282,2637.3782,297.70013
forecast_5930,2025-09-05 02:00:00,775.3523041126298,2382.6326,281.24045
forecast_5931,2025-09-05 03:00:00,939.8688568782219,2553.3103,284.12766
forecast_5932,2025-09-05 04:00:00,1170.416986468075,2524.728,332.72134
forecast_5933,2025-09-05 05:00:00,2131.419474505447,1973.3114,327.23572
forecast_5934,2025-09-05 06:00:00,1980.2462099248407,1803.7443,383.2964
forecast_5935,2025-09-05 07:00:00,2320.26378204796,1428.7236,424.89944
forecast_5936,2025-09-05 08:00:00,1609.7125500560403,1430.9152,382.4536
forecast_5937,2025-09-05 09:00:00,378.50842084191845,1316.8953,347.68402
forecast_5938,2025-09-05 10:00:00,136.82261390304672,1012.6866,314.962
forecast_5939,2025-09-05 11:00:00,110.99482390461604,544.8521,250.90807
forecast_5940,2025-09-05 12:00:00,1.0244718690319343,294.69852,199.2778
forecast_5941,2025-09-05 13:00:00,5.418269202947678,183.92882,192.41103
forecast_5942,2025-09-05 14:00:00,0.4085198774986622,157.86668,197.79298
forecast_5943,2025-09-05 15:00:00,11.991629210504092,159.33847,208.68619
forecast_5944,2025-09-05 16:00:00,0.0,165.3296,188.45537
forecast_5945,2025-09-05 17:00:00,58.853628390802356,179.37212,177.15192
forecast_5946,2025-09-05 18:00:00,275.8392592142513,180.78146,162.2155
forecast_5947,2025-09-05 19:00:00,358.8468259901084,192.17096,147.56604
forecast_5948,2025-09-05 20:00:00,495.8595136675656,232.56975,152.11037
forecast_5949,2025-09-05 21:00:00,721.4472713037696,295.94733,186.2534
forecast_5950,2025-09-05 22:00:00,1700.8207065687698,438.943,245.00081
forecast_5951,2025-09-05 23:00:00,2923.201138723924,1018.2109,376.90967
forecast_5952,2025-09-06 00:00:00,4402.0349078135305,3295.141,706.5763
forecast_5953,2025-09-06 01:00:00,6382.131966030027,7794.3765,1299.141
forecast_5954,2025-09-06 02:00:00,9129.588160673893,11943.522,3227.7937
forecast_5955,2025-09-06 03:00:00,10746.54826314788,13928.813,5969.3203
forecast_5956,2025-09-06 04:00:00,12453.277210964565,15700.063,8097.2725
forecast_5957,2025-09-06 05:00:00,11429.999953309341,16471.717,9304.037
forecast_5958,2025-09-06 06:00:00,13339.829333980268,16557.531,9779.503
forecast_5959,2025-09-06 07:00:00,13081.882255957415,16910.812,11128.755
forecast_5960,2025-09-06 08:00:00,9284.3380439027,17065.123,12307.426
forecast_5961,2025-09-06 09:00:00,10247.928556994193,15886.417,11502.165
forecast_5962,2025-09-06 10:00:00,9545.191629352066,14737.695,10191.476
forecast_5963,2025-09-06 11:00:00,9672.906532264013,13986.552,9440.635
forecast_5964,2025-09-06 12:00:00,10437.788471308217,14186.761,10066.463
forecast_5965,2025-09-06 13:00:00,10334.892917846559,14839.093,11055.63
forecast_5966,2025-09-06 14:00:00,10359.42432709519,14907.131,11297.819
forecast_5967,2025-09-06 15:00:00,13235.800473468182,15189.841,11954.212
forecast_5968,2025-09-06 16:00:00,11822.449415544728,16173.311,13084.3125
forecast_5969,2025-09-06 17:00:00,11774.20986875188,16033.204,13314.711
forecast_5970,2025-09-06 18:00:00,12043.5555820844,15923.182,12350.374
forecast_5971,2025-09-06 19:00:00,12836.318411459304,16814.842,13133.115
forecast_5972,2025-09-06 20:00:00,13071.967232041303,17501.59,14369.482
forecast_5973,2025-09-06 21:00:00,13315.36504580715,17763.791,14637.064
forecast_5974,2025-09-06 22:00:00,13595.389873868588,17743.846,14669.549
forecast_5975,2025-09-06 23:00:00,13637.818515262377,17968.027,15020.693
forecast_5976,2025-09-07 00:00:00,14850.04793132112,17799.936,15129.855
forecast_5977,2025-09-07 01:00:00,15032.46435360109,17894.04,15303.647
forecast_5978,2025-09-07 02:00:00,14660.107446477688,18047.266,15788.998
forecast_5979,2025-09-07 03:00:00,14361.681311290102,17752.184,15027.259
forecast_5980,2025-09-07 04:00:00,14055.831408434871,16784.756,13201.595
forecast_5981,2025-09-07 05:00:00,13765.230490039234,15876.966,11620.576
forecast_5982,2025-09-07 06:00:00,11951.325116156499,15191.607,11284.646
forecast_5983,2025-09-07 07:00:00,11698.201765779024,14060.601,11183.692
forecast_5984,2025-09-07 08:00:00,11505.621381449857,13190.425,11210.932
forecast_5985,2025-09-07 09:00:00,9198.206080866352,11870.592,10547.951
forecast_5986,2025-09-07 10:00:00,8626.799128930139,8712.609,7342.1562
forecast_5987,2025-09-07 11:00:00,6869.794986803563,6890.4272,4632.046
forecast_5988,2025-09-07 12:00:00,3999.789541717668,5887.5806,3270.7004
forecast_5989,2025-09-07 13:00:00,3869.058815536921,3676.0186,1743.384
forecast_5990,2025-09-07 14:00:00,2998.3769861074193,2310.4104,1127.6721
forecast_5991,2025-09-07 15:00:00,2975.361195402803,1941.1533,975.744
forecast_5992,2025-09-07 16:00:00,3045.213308014007,2272.9382,1088.104
forecast_5993,2025-09-07 17:00:00,4069.731882008191,2676.9578,1181.681
forecast_5994,2025-09-07 18:00:00,4513.884350876815,3648.028,1771.2505
forecast_5995,2025-09-07 19:00:00,7121.046580785182,6278.605,2751.3132
forecast_5996,2025-09-07 20:00:00,9301.86875206541,9193.799,3761.8174
forecast_5997,2025-09-07 21:00:00,9674.638013575284,10939.187,4672.0107
forecast_5998,2025-09-07 22:00:00,10317.664382543353,11639.14,4651.055
forecast_5999,2025-09-07 23:00:00,10086.401212220324,12051.179,4787.0347
forecast_6000,2025-09-08 00:00:00,9750.44948562603,12021.752,5480.4062
forecast_6001,2025-09-08 01:00:00,8243.830618146412,11455.911,5528.1104
forecast_6002,2025-09-08 02:00:00,9515.983357829597,9609.478,5063.712
forecast_6003,2025-09-08 03:00:00,7031.360383350714,8714.023,4813.282
forecast_6004,2025-09-08 04:00:00,5360.766364002491,6292.092,3980.394
forecast_6005,2025-09-08 05:00:00,4121.302044031956,4059.1182,2890.8862
forecast_6006,2025-09-08 06:00:00,2789.849112047976,1897.3866,1894.9135
forecast_6007,2025-09-08 07:00:00,819.0650092888598,819.8744,1198.8373
forecast_6008,2025-09-08 08:00:00,110.35430067153642,412.65408,541.15643
forecast_6009,2025-09-08 09:00:00,7.714597505615298,293.2569,268.912
forecast_6010,2025-09-08 10:00:00,0.0,237.64557,138.03291
forecast_6011,2025-09-08 11:00:00,6.161322873924075,214.21352,110.168
forecast_6012,2025-09-08 12:00:00,15.215207355003395,205.62596,117.16666
forecast_6013,2025-09-08 13:00:00,97.455770213816,210.68817,134.69908
forecast_6014,2025-09-08 14:00:00,82.45338908933813,260.90015,158.29494
forecast_6015,2025-09-08 15:00:00,51.0473824349545,360.31656,230.98065
forecast_6016,2025-09-08 16:00:00,816.2420571246387,330.42465,214.32246
forecast_6017,2025-09-08 17:00:00,2543.70987055,615.9553,316.85925
forecast_6018,2025-09-08 18:00:00,2455.1216307589616,1520.3204,659.03314
forecast_6019,2025-09-08 19:00:00,1670.0621775078705,2011.9565,913.9009
forecast_6020,2025-09-08 20:00:00,1811.9269117307151,1907.608,896.9768
forecast_6021,2025-09-08 21:00:00,2148.283280362455,1790.2164,833.04565
forecast_6022,2025-09-08 22:00:00,1694.825342740452,1330.1973,637.97534
forecast_6023,2025-09-08 23:00:00,1079.0003508686343,1988.3441,818.5286
forecast_6024,2025-09-09 00:00:00,828.905836604508,1652.0145,593.5489
forecast_6025,2025-09-09 01:00:00,1332.9812399376174,1935.639,477.77084
forecast_6026,2025-09-09 02:00:00,1510.8866732156216,1865.9861,569.6593
forecast_6027,2025-09-09 03:00:00,1232.541660517352,1407.1486,618.721
forecast_6028,2025-09-09 04:00:00,1080.1479247752068,1255.0803,586.9719
forecast_6029,2025-09-09 05:00:00,758.1992729961814,1011.45465,582.9855
forecast_6030,2025-09-09 06:00:00,1427.696434737708,874.5336,570.5503
forecast_6031,2025-09-09 07:00:00,1319.9208107903573,981.58057,398.2648
forecast_6032,2025-09-09 08:00:00,1539.0675357646828,1069.9229,404.1441
forecast_6033,2025-09-09 09:00:00,1850.5141731617957,890.83325,446.31122
forecast_6034,2025-09-09 10:00:00,1055.1877193665937,616.3856,329.58276
forecast_6035,2025-09-09 11:00:00,1145.9683549585634,811.5577,299.42157
forecast_6036,2025-09-09 12:00:00,1296.738791680798,1134.6675,286.01334
forecast_6037,2025-09-09 13:00:00,914.1441924957727,1039.7854,194.48352
forecast_6038,2025-09-09 14:00:00,573.9644282070877,1041.4681,150.78839
forecast_6039,2025-09-09 15:00:00,650.5653908789958,1172.5337,155.37378
forecast_6040,2025-09-09 16:00:00,725.1473053983344,1051.2156,142.8122
forecast_6041,2025-09-09 17:00:00,616.5185769211097,1196.9836,142.55508
forecast_6042,2025-09-09 18:00:00,788.4940316467298,1413.5063,142.467
forecast_6043,2025-09-09 19:00:00,965.2027370260136,1795.6278,139.57658
forecast_6044,2025-09-09 20:00:00,1077.198443411054,2030.8882,134.52002
forecast_6045,2025-09-09 21:00:00,1251.230963426436,2137.1755,144.26936
forecast_6046,2025-09-09 22:00:00,1232.9568383764001,1909.5573,147.9315
forecast_6047,2025-09-09 23:00:00,858.8273216012611,1423.9668,149.54349
forecast_6048,2025-09-10 00:00:00,815.53766431311,810.099,147.02705
forecast_6049,2025-09-10 01:00:00,1795.6171961546584,673.94836,168.53519
forecast_6050,2025-09-10 02:00:00,1297.4704785131776,555.3281,147.00381
forecast_6051,2025-09-10 03:00:00,2107.983576399286,718.2501,139.69601
forecast_6052,2025-09-10 04:00:00,2391.377672236389,837.71356,138.89226
forecast_6053,2025-09-10 05:00:00,2385.0098155576015,948.93134,167.97554
forecast_6054,2025-09-10 06:00:00,2390.912390406287,992.38245,153.41685
forecast_6055,2025-09-10 07:00:00,2189.862773756732,1139.8573,149.95036
forecast_6056,2025-09-10 08:00:00,1622.3541066109801,1347.1395,150.67421
forecast_6057,2025-09-10 09:00:00,889.1297785103563,1714.6583,158.30571
forecast_6058,2025-09-10 10:00:00,646.4088706370628,1582.8662,166.6262
forecast_6059,2025-09-10 11:00:00,545.3933400053198,1209.2488,171.60255
forecast_6060,2025-09-10 12:00:00,639.2237002572656,892.82526,177.8932
forecast_6061,2025-09-10 13:00:00,699.6205801445026,730.1947,185.51463
forecast_6062,2025-09-10 14:00:00,561.8810467880206,659.3151,193.62222
forecast_6063,2025-09-10 15:00:00,282.71148147928085,548.02594,196.5475
forecast_6064,2025-09-10 16:00:00,151.01242355376274,425.65698,190.4088
forecast_6065,2025-09-10 17:00:00,212.28844918801494,370.88916,181.13335
forecast_6066,2025-09-10 18:00:00,464.90973447485084,381.28592,179.37471
forecast_6067,2025-09-10 19:00:00,690.5685320822787,502.87637,188.92331
forecast_6068,2025-09-10 20:00:00,926.5734632601343,882.1184,196.435
forecast_6069,2025-09-10 21:00:00,1127.0366639336398,1567.1278,226.66069
forecast_6070,2025-09-10 22:00:00,1623.8298521873228,2802.8955,286.97772
forecast_6071,2025-09-10 23:00:00,2292.1231849569017,3313.5544,319.70197
forecast_6072,2025-09-11 00:00:00,2192.5318223021786,3442.1606,327.91275
forecast_6073,2025-09-11 01:00:00,1710.3932929719758,3884.6726,285.26675
forecast_6074,2025-09-11 02:00:00,2084.443723060938,4143.807,305.54666
forecast_6075,2025-09-11 03:00:00,2802.486125692633,2786.694,339.47748
forecast_6076,2025-09-11 04:00:00,3213.0165460157555,2025.7495,345.8677
forecast_6077,2025-09-11 05:00:00,3895.2085776194936,2110.325,334.3874
forecast_6078,2025-09-11 06:00:00,4573.9487386732835,2890.6414,325.95038
forecast_6079,2025-09-11 07:00:00,5007.616054380814,4908.549,493.74
forecast_6080,2025-09-11 08:00:00,3751.4816393141314,4564.116,515.2521
forecast_6081,2025-09-11 09:00:00,2808.7678438569005,4458.0996,486.99304
forecast_6082,2025-09-11 10:00:00,1834.9422149100994,4657.8984,499.87433
forecast_6083,2025-09-11 11:00:00,1749.8319086438357,4018.8933,519.9186
forecast_6084,2025-09-11 12:00:00,1685.682228966695,3428.6526,544.53436
forecast_6085,2025-09-11 13:00:00,1985.832959421633,3149.4604,556.2203
forecast_6086,2025-09-11 14:00:00,2016.727920797876,2973.844,547.7803
forecast_6087,2025-09-11 15:00:00,1972.960544782269,2941.8057,529.0728
forecast_6088,2025-09-11 16:00:00,1681.7222683147595,2770.6123,487.4609
forecast_6089,2025-09-11 17:00:00,2260.389106249864,2648.3394,440.96332
forecast_6090,2025-09-11 18:00:00,2606.9870200031646,3298.033,438.21097
forecast_6091,2025-09-11 19:00:00,4152.595535413713,4595.87,451.8201
forecast_6092,2025-09-11 20:00:00,3858.3660309040188,6000.6313,505.84113
forecast_6093,2025-09-11 21:00:00,4442.770270618297,6994.6367,548.48065
forecast_6094,2025-09-11 22:00:00,5672.33276495305,7693.4077,619.8597
forecast_6095,2025-09-11 23:00:00,5405.458413729709,8585.446,734.19214
forecast_6096,2025-09-12 00:00:00,5711.853147470058,8870.782,890.7427
forecast_6097,2025-09-12 01:00:00,4861.766269581725,8273.011,788.86414
forecast_6098,2025-09-12 02:00:00,4709.981380040934,7664.272,639.7317
forecast_6099,2025-09-12 03:00:00,3558.1506421824743,6477.914,549.2324
forecast_6100,2025-09-12 04:00:00,3302.1125407596446,5781.499,503.02173
forecast_6101,2025-09-12 05:00:00,3109.1568418421452,5062.281,484.33142
forecast_6102,2025-09-12 06:00:00,3482.9934672831914,4608.3965,495.22787
forecast_6103,2025-09-12 07:00:00,3303.9500600849656,3810.2515,446.6559
forecast_6104,2025-09-12 08:00:00,2912.2282233034275,3249.3022,417.97107
forecast_6105,2025-09-12 09:00:00,3085.284726971753,3406.7253,397.12158
forecast_6106,2025-09-12 10:00:00,1874.352013846617,4049.101,421.3319
forecast_6107,2025-09-12 11:00:00,2150.698130111724,3824.4626,474.1215
forecast_6108,2025-09-12 12:00:00,1717.7812195244608,3184.774,475.26773
forecast_6109,2025-09-12 13:00:00,1423.644791510774,2617.864,427.40656
forecast_6110,2025-09-12 14:00:00,1323.9825066912736,2500.392,388.3743
forecast_6111,2025-09-12 15:00:00,1908.2551111773028,2356.9841,347.7941
forecast_6112,2025-09-12 16:00:00,1876.7014339753784,2716.3064,346.32053
forecast_6113,2025-09-12 17:00:00,2552.8934542201696,3310.7239,337.06647
forecast_6114,2025-09-12 18:00:00,2800.797363231933,3985.0586,357.0891
forecast_6115,2025-09-12 19:00:00,1840.7710889168725,4320.891,369.02414
forecast_6116,2025-09-12 20:00:00,2318.582268190977,3983.0354,348.07147
forecast_6117,2025-09-12 21:00:00,3875.4175654771398,4468.233,338.9878
forecast_6118,2025-09-12 22:00:00,3745.657382499808,4983.2583,363.52527
forecast_6119,2025-09-12 23:00:00,4107.273107037511,4963.3853,328.73138
forecast_6120,2025-09-13 00:00:00,3893.081466643679,4966.206,363.13058
forecast_6121,2025-09-13 01:00:00,2968.654422236444,5471.5435,375.4486
forecast_6122,2025-09-13 02:00:00,3119.548019058429,7079.2656,542.43317
forecast_6123,2025-09-13 03:00:00,4429.417311861514,8413.399,883.5539
forecast_6124,2025-09-13 04:00:00,6768.831810361421,8504.512,1339.9092
forecast_6125,2025-09-13 05:00:00,7933.567678265996,10469.923,1632.3141
forecast_6126,2025-09-13 06:00:00,8895.42467845069,13489.541,3076.3787
forecast_6127,2025-09-13 07:00:00,9136.583781411577,15748.232,7559.9717
forecast_6128,2025-09-13 08:00:00,12916.125486297806,17355.209,11519.281
forecast_6129,2025-09-13 09:00:00,10796.175496734959,17956.121,12874.52
forecast_6130,2025-09-13 10:00:00,13137.339281100707,17713.465,12741.048
forecast_6131,2025-09-13 11:00:00,7767.845964820906,16885.285,12248.792
forecast_6132,2025-09-13 12:00:00,5390.404689436981,7768.344,5706.145
forecast_6133,2025-09-13 13:00:00,3438.3157207938307,2758.5854,3097.7197
forecast_6134,2025-09-13 14:00:00,3085.2860700892115,1315.8267,1581.0393
forecast_6135,2025-09-13 15:00:00,1081.959201901768,936.1041,918.4487
forecast_6136,2025-09-13 16:00:00,1409.8359864819422,590.1978,576.0966
forecast_6137,2025-09-13 17:00:00,1553.901186606822,1028.3,568.9411
forecast_6138,2025-09-13 18:00:00,1570.3360774843316,2574.6382,653.1493
forecast_6139,2025-09-13 19:00:00,1232.4101678694135,3882.0066,816.85547
forecast_6140,2025-09-13 20:00:00,909.2647019145516,2329.9204,630.6371
forecast_6141,2025-09-13 21:00:00,406.2148912648448,1345.5156,397.8142
forecast_6142,2025-09-13 22:00:00,310.5204785163472,871.2928,328.59497
forecast_6143,2025-09-13 23:00:00,360.31318197365584,608.5545,308.39267
forecast_6144,2025-09-14 00:00:00,616.9828465930174,509.07047,247.27794
forecast_6145,2025-09-14 01:00:00,861.7837013960534,467.646,189.93504
forecast_6146,2025-09-14 02:00:00,791.4070199472197,401.0575,173.81483
forecast_6147,2025-09-14 03:00:00,488.0555910435779,344.15103,183.74632
forecast_6148,2025-09-14 04:00:00,686.3557840141021,319.4688,176.69751
forecast_6149,2025-09-14 05:00:00,884.2567914982712,383.04453,184.53853
forecast_6150,2025-09-14 06:00:00,844.5602387900652,534.3728,195.28847
forecast_6151,2025-09-14 07:00:00,864.7094701480813,603.50824,229.38716
forecast_6152,2025-09-14 08:00:00,807.5016953244589,647.32574,288.11884
forecast_6153,2025-09-14 09:00:00,678.3634361259121,772.1017,310.98816
forecast_6154,2025-09-14 10:00:00,666.4263077098807,1101.3898,311.2859
forecast_6155,2025-09-14 11:00:00,1001.2195507692163,1379.1283,284.1989
forecast_6156,2025-09-14 12:00:00,1204.2848891176127,1506.914,363.85382
forecast_6157,2025-09-14 13:00:00,967.8686878679863,1306.3826,567.9691
forecast_6158,2025-09-14 14:00:00,899.1591839987004,1094.9839,716.1702
forecast_6159,2025-09-14 15:00:00,1349.7155511347312,1125.9744,839.89087
forecast_6160,2025-09-14 16:00:00,1678.9972824244212,1650.5476,1103.9906
forecast_6161,2025-09-14 17:00:00,2101.6312617477465,2398.2163,1430.5553
forecast_6162,2025-09-14 18:00:00,5209.294359452625,4106.1914,1879.9908
forecast_6163,2025-09-14 19:00:00,7680.79248787101,7813.299,2702.5398
forecast_6164,2025-09-14 20:00:00,9452.082580010412,12779.387,4103.6753
forecast_6165,2025-09-14 21:00:00,11798.486254653284,16099.545,6714.1255
forecast_6166,2025-09-14 22:00:00,13887.621699318555,17085.234,8601.569
forecast_6167,2025-09-14 23:00:00,15163.370285237484,17696.182,10684.603
forecast_6168,2025-09-15 00:00:00,17267.354018708305,17798.1,12242.832
forecast_6169,2025-09-15 01:00:00,18402.206281710864,17440.344,12656.233
forecast_6170,2025-09-15 02:00:00,16740.420921292716,16590.162,11919.63
forecast_6171,2025-09-15 03:00:00,14273.039252642733,15359.53,10771.125
forecast_6172,2025-09-15 04:00:00,11790.826298644195,13854.085,9474.801
forecast_6173,2025-09-15 05:00:00,8337.875311873373,11937.517,7942.514
forecast_6174,2025-09-15 06:00:00,5861.199108835938,8996.134,5256.155
forecast_6175,2025-09-15 07:00:00,4075.363683661117,6549.198,3202.4238
forecast_6176,2025-09-15 08:00:00,1816.0343411192762,3674.4668,1876.1367
forecast_6177,2025-09-15 09:00:00,526.1154746191364,1395.3665,889.67
forecast_6178,2025-09-15 10:00:00,55.12238177159771,524.51917,451.53793
forecast_6179,2025-09-15 11:00:00,116.36345523544621,297.8423,265.63007
forecast_6180,2025-09-15 12:00:00,115.48554985001306,257.109,235.70364
forecast_6181,2025-09-15 13:00:00,43.93635810287098,207.13545,159.71902
forecast_6182,2025-09-15 14:00:00,137.13842561112574,196.31563,156.51927
forecast_6183,2025-09-15 15:00:00,217.11941316524707,231.13646,171.51128
forecast_6184,2025-09-15 16:00:00,705.293241698219,381.23166,240.53229
forecast_6185,2025-09-15 17:00:00,2961.4043677452783,760.39136,359.96362
forecast_6186,2025-09-15 18:00:00,3150.2980483891583,1870.4237,713.6039
forecast_6187,2025-09-15 19:00:00,5607.096532357083,3796.064,1579.6879
forecast_6188,2025-09-15 20:00:00,5579.020711005973,6719.182,2424.0417
forecast_6189,2025-09-15 21:00:00,5715.991655116861,7771.39,2593.4734
forecast_6190,2025-09-15 22:00:00,4318.024024883583,4089.0671,1821.3191
forecast_6191,2025-09-15 23:00:00,3406.0825936456117,2556.183,1386.2999
forecast_6192,2025-09-16 00:00:00,4169.848107889049,2542.8713,1442.8187
forecast_6193,2025-09-16 01:00:00,7996.127554364198,3372.9277,1771.7856
forecast_6194,2025-09-16 02:00:00,9105.172565934377,5372.1514,3058.4282
forecast_6195,2025-09-16 03:00:00,8556.070319889943,7586.7417,4339.0024
forecast_6196,2025-09-16 04:00:00,10446.189983626284,8779.869,4473.707
forecast_6197,2025-09-16 05:00:00,9701.561833049283,9999.044,4236.581
forecast_6198,2025-09-16 06:00:00,10760.197487993157,11032.746,4246.6885
forecast_6199,2025-09-16 07:00:00,10658.421204732223,11526.806,4439.319
forecast_6200,2025-09-16 08:00:00,8193.311252341817,11638.589,4831.7285
forecast_6201,2025-09-16 09:00:00,5966.763124442729,10656.501,4464.6626
forecast_6202,2025-09-16 10:00:00,3642.0982507799886,8596.182,3557.1592
forecast_6203,2025-09-16 11:00:00,4476.644040428976,6818.42,2604.652
forecast_6204,2025-09-16 12:00:00,4956.073589301813,7253.08,2833.8523
forecast_6205,2025-09-16 13:00:00,6308.130925025642,8357.21,3580.067
forecast_6206,2025-09-16 14:00:00,6948.854136224844,9559.918,4877.398
forecast_6207,2025-09-16 15:00:00,5854.883636597373,9593.371,5731.283
forecast_6208,2025-09-16 16:00:00,6706.018661534361,9568.433,5840.1133
forecast_6209,2025-09-16 17:00:00,5592.049817932164,9678.115,5673.9995
forecast_6210,2025-09-16 18:00:00,6129.536202799969,8309.076,4304.303
forecast_6211,2025-09-16 19:00:00,7747.551271266973,10223.952,3772.3098
forecast_6212,2025-09-16 20:00:00,6483.080910895769,13250.062,4856.2627
forecast_6213,2025-09-16 21:00:00,6364.180753683757,14802.0205,6255.6733
forecast_6214,2025-09-16 22:00:00,6824.857754110206,14389.278,5926.027
forecast_6215,2025-09-16 23:00:00,8072.31298276346,14496.3,4418.7827
forecast_6216,2025-09-17 00:00:00,10021.548352822412,15668.617,5973.6313
forecast_6217,2025-09-17 01:00:00,13743.417248474585,16636.045,9465.649
forecast_6218,2025-09-17 02:00:00,14479.38475195161,17638.393,13034.66
forecast_6219,2025-09-17 03:00:00,15627.46483639017,18286.062,14881.075
forecast_6220,2025-09-17 04:00:00,15608.86917459339,18413.244,15380.186
forecast_6221,2025-09-17 05:00:00,14487.213534041884,18513.383,15614.203
forecast_6222,2025-09-17 06:00:00,14609.4209751267,18176.736,15330.282
forecast_6223,2025-09-17 07:00:00,13050.07386111166,17462.188,14606.609
forecast_6224,2025-09-17 08:00:00,8965.626166111972,14330.736,11284.255
forecast_6225,2025-09-17 09:00:00,5372.473746980874,7928.5327,5440.4277
forecast_6226,2025-09-17 10:00:00,3507.8366292270834,4285.536,2997.384
forecast_6227,2025-09-17 11:00:00,2528.8773966186563,2473.9626,1420.286
forecast_6228,2025-09-17 12:00:00,1178.013291000312,1420.3448,421.3633
forecast_6229,2025-09-17 13:00:00,580.9433689030927,1480.9097,381.89557
forecast_6230,2025-09-17 14:00:00,3146.040772917338,1657.4983,316.87994
forecast_6231,2025-09-17 15:00:00,4848.125426495495,4009.1873,505.53564
forecast_6232,2025-09-17 16:00:00,3202.9663681222387,6236.497,1356.7638
forecast_6233,2025-09-17 17:00:00,2820.997554687453,3493.4485,1555.8508
forecast_6234,2025-09-17 18:00:00,3061.6450589032356,1778.1241,930.93286
forecast_6235,2025-09-17 19:00:00,758.3602596107212,1175.7274,546.03204
forecast_6236,2025-09-17 20:00:00,1191.695884128155,742.7107,374.3384
forecast_6237,2025-09-17 21:00:00,1772.2335051601917,852.26996,327.42407
forecast_6238,2025-09-17 22:00:00,871.2662813517175,1562.9205,388.9021
forecast_6239,2025-09-17 23:00:00,537.0758596477411,2483.973,461.97202
forecast_6240,2025-09-18 00:00:00,208.3446032005378,2721.2966,470.71774
forecast_6241,2025-09-18 01:00:00,281.8650869252548,2052.714,487.35666
forecast_6242,2025-09-18 02:00:00,149.489108213745,1029.5991,368.25305
forecast_6243,2025-09-18 03:00:00,338.6577602825208,727.6009,309.22693
forecast_6244,2025-09-18 04:00:00,1239.70614632109,602.76556,300.51086
forecast_6245,2025-09-18 05:00:00,1305.097325937698,850.03516,293.153
forecast_6246,2025-09-18 06:00:00,2530.0084970244448,1806.8079,332.22162
forecast_6247,2025-09-18 07:00:00,4063.0032648027923,3828.177,482.742
forecast_6248,2025-09-18 08:00:00,3686.5546849761768,5135.9067,732.4809
forecast_6249,2025-09-18 09:00:00,4128.990155223849,5250.6357,866.594
forecast_6250,2025-09-18 10:00:00,3487.066418323644,5371.2373,1021.3121
forecast_6251,2025-09-18 11:00:00,3343.0673931285487,5060.576,1039.3431
forecast_6252,2025-09-18 12:00:00,3002.7742562670796,4723.465,865.5676
forecast_6253,2025-09-18 13:00:00,2408.977050834351,4373.863,709.6328
forecast_6254,2025-09-18 14:00:00,2241.589392606794,3722.2415,614.219
forecast_6255,2025-09-18 15:00:00,1847.7436678121544,2995.6904,526.40985
forecast_6256,2025-09-18 16:00:00,1815.6698598911878,2437.0334,474.5058
forecast_6257,2025-09-18 17:00:00,1843.3445534168702,2100.108,415.19986
forecast_6258,2025-09-18 18:00:00,1928.6542020883035,2432.4744,387.6885
forecast_6259,2025-09-18 19:00:00,2106.873511156978,2864.812,344.06165
forecast_6260,2025-09-18 20:00:00,2035.5607863605683,3431.589,321.26248
forecast_6261,2025-09-18 21:00:00,2411.941152468449,3982.6333,304.917
forecast_6262,2025-09-18 22:00:00,2898.8443414702115,4181.9727,277.97717
forecast_6263,2025-09-18 23:00:00,2551.031365276446,4457.431,266.71777
forecast_6264,2025-09-19 00:00:00,2644.983373319115,4356.5938,258.43298
forecast_6265,2025-09-19 01:00:00,2834.3560433909215,4180.0415,246.76065
forecast_6266,2025-09-19 02:00:00,2451.6403626453935,4238.8965,239.75143
forecast_6267,2025-09-19 03:00:00,2383.9051744571493,4275.718,246.65277
forecast_6268,2025-09-19 04:00:00,2558.9007524313715,3901.4846,252.70056
forecast_6269,2025-09-19 05:00:00,2523.086041220801,3187.3596,248.8841
forecast_6270,2025-09-19 06:00:00,1619.5727032098794,2535.3809,238.21962
forecast_6271,2025-09-19 07:00:00,1734.872562058319,2032.6644,219.64333
forecast_6272,2025-09-19 08:00:00,1393.9248221655087,1827.6552,209.79892
forecast_6273,2025-09-19 09:00:00,981.3452084212785,1689.5662,197.37991
forecast_6274,2025-09-19 10:00:00,382.249433374036,1554.8188,184.27878
forecast_6275,2025-09-19 11:00:00,353.60749016108537,1126.5543,174.07573
forecast_6276,2025-09-19 12:00:00,198.60001195439926,860.8017,170.80232
forecast_6277,2025-09-19 13:00:00,169.73271476317817,572.94934,167.13112
forecast_6278,2025-09-19 14:00:00,99.54504173923141,389.39255,162.23093
forecast_6279,2025-09-19 15:00:00,154.2270431453801,355.37808,157.19177
forecast_6280,2025-09-19 16:00:00,383.24243009857463,363.9861,155.49
forecast_6281,2025-09-19 17:00:00,536.5682405550674,403.40622,154.28375
forecast_6282,2025-09-19 18:00:00,1184.9936839383633,583.9915,135.53833
forecast_6283,2025-09-19 19:00:00,1624.4785277083104,1114.3889,141.12868
forecast_6284,2025-09-19 20:00:00,2596.4127222450797,2067.2256,168.72504
forecast_6285,2025-09-19 21:00:00,2974.452397347887,2652.113,182.68942
forecast_6286,2025-09-19 22:00:00,3176.025460537349,3352.3857,185.44048
forecast_6287,2025-09-19 23:00:00,3431.366240064527,5207.319,245.64462
forecast_6288,2025-09-20 00:00:00,3464.36517914372,6373.7783,343.0405
forecast_6289,2025-09-20 01:00:00,5377.266529234679,7649.6167,536.20557
forecast_6290,2025-09-20 02:00:00,5737.772225292238,8390.306,812.85724
forecast_6291,2025-09-20 03:00:00,4266.451830171372,8617.452,1173.1503
forecast_6292,2025-09-20 04:00:00,4746.170727238487,8722.317,1490.3265
forecast_6293,2025-09-20 05:00:00,5835.903159242366,9520.847,1768.9309
forecast_6294,2025-09-20 06:00:00,5666.716087321296,12581.575,3030.0952
forecast_6295,2025-09-20 07:00:00,5486.409082413995,14364.209,4966.1396
forecast_6296,2025-09-20 08:00:00,3536.77063813536,11948.889,4697.543
forecast_6297,2025-09-20 09:00:00,456.601702050273,5684.537,2404.3247
forecast_6298,2025-09-20 10:00:00,1301.3853601959845,1669.4559,833.62366
forecast_6299,2025-09-20 11:00:00,1427.7569123511041,554.26807,488.8481
forecast_6300,2025-09-20 12:00:00,784.8295502379802,382.84253,495.02365
forecast_6301,2025-09-20 13:00:00,1335.553110791163,524.89703,743.1082
forecast_6302,2025-09-20 14:00:00,1941.564380316801,1038.6969,953.08856
forecast_6303,2025-09-20 15:00:00,1940.118841254128,1411.1782,1165.9371
forecast_6304,2025-09-20 16:00:00,1433.7896427689411,1333.0394,1001.6038
forecast_6305,2025-09-20 17:00:00,849.391315507241,893.06915,740.0825
forecast_6306,2025-09-20 18:00:00,674.0428195221997,830.7477,706.4478
forecast_6307,2025-09-20 19:00:00,1349.1787013372261,846.00244,585.30756
forecast_6308,2025-09-20 20:00:00,1260.2509239663977,947.21796,673.84564
forecast_6309,2025-09-20 21:00:00,1897.1393667031573,1491.6019,1046.5913
forecast_6310,2025-09-20 22:00:00,2415.354129419412,2296.3887,1097.0631
forecast_6311,2025-09-20 23:00:00,2450.387497743055,2847.34,956.886
forecast_6312,2025-09-21 00:00:00,3124.358763846808,2835.8054,992.2801
forecast_6313,2025-09-21 01:00:00,4594.082399412391,3982.3438,976.89343
forecast_6314,2025-09-21 02:00:00,3765.536286147107,3578.1853,852.6194
forecast_6315,2025-09-21 03:00:00,3328.331718573349,4235.947,894.86926
forecast_6316,2025-09-21 04:00:00,2565.965174230038,5079.061,1118.4288
forecast_6317,2025-09-21 05:00:00,2428.651638765175,4859.833,1101.2069
forecast_6318,2025-09-21 06:00:00,3304.3376368549375,4169.684,936.4587
forecast_6319,2025-09-21 07:00:00,3580.8939419825647,3785.8127,745.8006
forecast_6320,2025-09-21 08:00:00,2867.4308016993546,4406.926,623.87744
forecast_6321,2025-09-21 09:00:00,1634.1409426949006,4159.5347,675.11115
forecast_6322,2025-09-21 10:00:00,957.5603093014541,3075.1277,577.902
forecast_6323,2025-09-21 11:00:00,906.9876137083128,2291.4065,498.1905
forecast_6324,2025-09-21 12:00:00,1020.7314480788586,1801.5292,465.23877
forecast_6325,2025-09-21 13:00:00,972.0178000150346,1465.5006,478.49738
forecast_6326,2025-09-21 14:00:00,935.719039449103,1250.4666,509.85684
forecast_6327,2025-09-21 15:00:00,1021.2775323762934,1266.4604,553.7513
forecast_6328,2025-09-21 16:00:00,932.845717321455,1357.7114,549.36554
forecast_6329,2025-09-21 17:00:00,537.8507254848498,1453.3964,569.90906
forecast_6330,2025-09-21 18:00:00,1276.1163101245268,1506.3088,527.0128
forecast_6331,2025-09-21 19:00:00,2364.8682612089437,1623.2834,463.0757
forecast_6332,2025-09-21 20:00:00,2593.7998713988354,2115.1199,419.52896
forecast_6333,2025-09-21 21:00:00,3298.008000235247,3053.105,394.67224
forecast_6334,2025-09-21 22:00:00,4134.410008724516,3615.8298,383.60156
forecast_6335,2025-09-21 23:00:00,4290.118105115583,4184.7544,375.06778
forecast_6336,2025-09-22 00:00:00,4784.850748996529,4855.594,447.08948
forecast_6337,2025-09-22 01:00:00,4288.436307979474,5951.018,473.80017
forecast_6338,2025-09-22 02:00:00,4497.896193308693,5883.987,578.52734
forecast_6339,2025-09-22 03:00:00,5500.557776423325,5702.1597,475.55984
forecast_6340,2025-09-22 04:00:00,4854.580826592584,5199.6943,495.14005
forecast_6341,2025-09-22 05:00:00,4721.1689500838875,4905.8745,455.49182
forecast_6342,2025-09-22 06:00:00,4562.374415297723,4578.8477,363.20718
forecast_6343,2025-09-22 07:00:00,3881.200669937226,5203.6094,391.28757
forecast_6344,2025-09-22 08:00:00,4764.932875232189,4609.3433,436.34473
forecast_6345,2025-09-22 09:00:00,4525.8311970566365,4973.0635,513.85925
forecast_6346,2025-09-22 10:00:00,4535.8647818674435,5563.4326,577.68896
forecast_6347,2025-09-22 11:00:00,3382.6128386835708,6487.1616,735.9641
forecast_6348,2025-09-22 12:00:00,2109.0174168373337,6298.9004,771.3707
forecast_6349,2025-09-22 13:00:00,2265.482458987712,4818.1826,684.9942
forecast_6350,2025-09-22 14:00:00,1794.342049389199,3663.54,579.64105
forecast_6351,2025-09-22 15:00:00,1704.9348776941104,3044.1025,492.66144
forecast_6352,2025-09-22 16:00:00,1624.7781142825925,2869.3423,412.14755
forecast_6353,2025-09-22 17:00:00,1586.3721162716529,2743.2488,341.44287
forecast_6354,2025-09-22 18:00:00,1929.715835067461,2911.4575,287.8669
forecast_6355,2025-09-22 19:00:00,2005.0292419192872,2811.0828,247.31837
forecast_6356,2025-09-22 20:00:00,2389.7891312730844,2964.6997,227.3305
forecast_6357,2025-09-22 21:00:00,2696.181897312899,3241.8333,225.89423
forecast_6358,2025-09-22 22:00:00,2335.7912938913723,3353.5085,254.48483
forecast_6359,2025-09-22 23:00:00,2164.688461516974,4116.705,291.45975
forecast_6360,2025-09-23 00:00:00,2060.352775455186,4595.729,305.0979
forecast_6361,2025-09-23 01:00:00,1482.2849977354285,4223.4478,326.93353
forecast_6362,2025-09-23 02:00:00,1361.055580096202,2585.5825,291.32178
forecast_6363,2025-09-23 03:00:00,1532.3284868681565,2070.4128,257.1489
forecast_6364,2025-09-23 04:00:00,2020.0178174212206,1869.4453,227.28291
forecast_6365,2025-09-23 05:00:00,2315.7578808860917,1788.9181,225.36908
forecast_6366,2025-09-23 06:00:00,2969.7200496974583,2152.9763,248.57631
forecast_6367,2025-09-23 07:00:00,3629.5189754897438,2412.743,257.6606
forecast_6368,2025-09-23 08:00:00,3642.483431859791,2615.0562,259.50467
forecast_6369,2025-09-23 09:00:00,2114.230215811329,2474.992,237.37956
forecast_6370,2025-09-23 10:00:00,1326.95458311726,2307.7656,248.63094
forecast_6371,2025-09-23 11:00:00,1123.0407956588951,1755.5253,235.93156
forecast_6372,2025-09-23 12:00:00,691.9059333572836,1230.9379,220.97345
forecast_6373,2025-09-23 13:00:00,729.0042589013136,978.91187,213.59427
forecast_6374,2025-09-23 14:00:00,622.0663523510849,905.01886,210.76758
forecast_6375,2025-09-23 15:00:00,700.0040607933322,802.9154,211.2074
forecast_6376,2025-09-23 16:00:00,631.5174378915692,760.18506,207.66618
forecast_6377,2025-09-23 17:00:00,492.340049378759,856.1131,204.50957
forecast_6378,2025-09-23 18:00:00,1335.6318737168215,1170.3593,211.24399
forecast_6379,2025-09-23 19:00:00,1792.1300994870526,1882.4735,229.37721
forecast_6380,2025-09-23 20:00:00,1842.6609836975322,2460.9192,233.44678
forecast_6381,2025-09-23 21:00:00,2384.664966521986,2535.2742,233.65921
forecast_6382,2025-09-23 22:00:00,2660.3801829454783,2185.836,220.75784
forecast_6383,2025-09-23 23:00:00,3016.136172262939,2142.974,217.8866
forecast_6384,2025-09-24 00:00:00,2785.896865758046,2001.7377,232.70392
forecast_6385,2025-09-24 01:00:00,3327.2569871932847,2087.063,236.64421
forecast_6386,2025-09-24 02:00:00,3367.329794387631,2689.7183,311.69604
forecast_6387,2025-09-24 03:00:00,4221.772119096603,3084.0007,455.9507
forecast_6388,2025-09-24 04:00:00,4651.626306641473,3525.7158,567.8737
forecast_6389,2025-09-24 05:00:00,5822.138593432099,5035.352,746.6912
forecast_6390,2025-09-24 06:00:00,5241.523264437236,7124.3306,1097.5408
forecast_6391,2025-09-24 07:00:00,4501.054227589409,8607.842,1584.1385
forecast_6392,2025-09-24 08:00:00,3404.700990929242,8542.88,1866.6464
forecast_6393,2025-09-24 09:00:00,3175.4529675163826,7790.003,1708.5956
forecast_6394,2025-09-24 10:00:00,4872.3562497346265,7860.485,1750.8539
forecast_6395,2025-09-24 11:00:00,5836.970047855261,8030.3984,1671.5057
forecast_6396,2025-09-24 12:00:00,6681.784428739365,9111.948,2318.4795
forecast_6397,2025-09-24 13:00:00,6805.462159951798,10296.926,3876.2776
forecast_6398,2025-09-24 14:00:00,9758.569168814438,11251.628,5799.2754
forecast_6399,2025-09-24 15:00:00,9442.613707401822,11925.164,6531.78
forecast_6400,2025-09-24 16:00:00,9542.347754719216,12602.562,6754.1035
forecast_6401,2025-09-24 17:00:00,5930.5700606904475,13096.201,6703.2993
forecast_6402,2025-09-24 18:00:00,6458.713538241259,12509.961,4991.544
forecast_6403,2025-09-24 19:00:00,6933.034671533921,13910.015,4789.3677
forecast_6404,2025-09-24 20:00:00,7839.6070997936595,15322.41,6569.4233
forecast_6405,2025-09-24 21:00:00,12439.26347555383,16446.955,8413.343
forecast_6406,2025-09-24 22:00:00,14409.325038017949,17567.54,10633.772
forecast_6407,2025-09-24 23:00:00,14937.495588273003,18170.396,12628.575
forecast_6408,2025-09-25 00:00:00,15677.238227592185,18596.133,13936.395
forecast_6409,2025-09-25 01:00:00,14818.591306715367,18300.447,13909.674
forecast_6410,2025-09-25 02:00:00,15296.200731749557,18106.178,12991.414
forecast_6411,2025-09-25 03:00:00,15494.544612594256,18152.393,13067.332
forecast_6412,2025-09-25 04:00:00,15373.433900844097,18053.549,13007.966
forecast_6413,2025-09-25 05:00:00,14920.620886865647,18054.371,13340.31
forecast_6414,2025-09-25 06:00:00,16062.0280726161,17285.764,12736.517
forecast_6415,2025-09-25 07:00:00,14689.505510691737,17077.29,12974.022
forecast_6416,2025-09-25 08:00:00,13133.378632335036,15769.577,12070.883
forecast_6417,2025-09-25 09:00:00,14452.14800834625,13859.654,9723.824
forecast_6418,2025-09-25 10:00:00,13412.31554958373,14834.173,10127.151
forecast_6419,2025-09-25 11:00:00,13308.937759484477,14901.464,10541.326
forecast_6420,2025-09-25 12:00:00,12352.138519317406,15137.56,10449.01
forecast_6421,2025-09-25 13:00:00,14086.529632024301,14506.029,9455.736
forecast_6422,2025-09-25 14:00:00,10586.037040259691,14454.565,10311.33
forecast_6423,2025-09-25 15:00:00,9707.455401095993,13000.571,10560.121
forecast_6424,2025-09-25 16:00:00,10830.983054230626,11928.696,9805.479
forecast_6425,2025-09-25 17:00:00,9664.358192811602,12856.858,10669.398
forecast_6426,2025-09-25 18:00:00,12061.612786035856,13607.308,10796.698
forecast_6427,2025-09-25 19:00:00,12017.033452789312,15549.155,11725.7295
forecast_6428,2025-09-25 20:00:00,13842.627997684633,16677.07,12220.054
forecast_6429,2025-09-25 21:00:00,16730.40266457304,17181.955,12150.715
forecast_6430,2025-09-25 22:00:00,16966.532627361525,16628.205,11242.048
forecast_6431,2025-09-25 23:00:00,16362.492363038351,15061.764,9444.153
forecast_6432,2025-09-26 00:00:00,15787.183199141155,13226.197,8120.2007
forecast_6433,2025-09-26 01:00:00,9338.570857104722,12568.26,7492.5444
forecast_6434,2025-09-26 02:00:00,9244.563284417529,9559.282,6419.776
forecast_6435,2025-09-26 03:00:00,7298.582771207855,6873.5693,5250.6396
forecast_6436,2025-09-26 04:00:00,5554.622184221261,4175.7227,3998.0334
forecast_6437,2025-09-26 05:00:00,3680.8423887639988,2304.45,2717.8037
forecast_6438,2025-09-26 06:00:00,1219.308919141811,1021.04,1357.0292
forecast_6439,2025-09-26 07:00:00,32.570562395096,479.61554,734.388
forecast_6440,2025-09-26 08:00:00,156.7020554742098,292.35052,400.54184
forecast_6441,2025-09-26 09:00:00,18.205148963747874,236.2668,184.48567
forecast_6442,2025-09-26 10:00:00,33.81873016004717,210.12257,112.47782
forecast_6443,2025-09-26 11:00:00,0.0,184.16731,102.05238
forecast_6444,2025-09-26 12:00:00,2.385573984663948,174.09875,100.74315
forecast_6445,2025-09-26 13:00:00,7.230031705105567,163.75789,108.159096
forecast_6446,2025-09-26 14:00:00,1.6607935161857688,153.82045,118.805954
forecast_6447,2025-09-26 15:00:00,26.605182503463297,152.66585,136.92389
forecast_6448,2025-09-26 16:00:00,17.89663588525802,154.05505,135.53807
forecast_6449,2025-09-26 17:00:00,0.0,160.32068,133.93683
forecast_6450,2025-09-26 18:00:00,0.0,170.1528,138.18057
forecast_6451,2025-09-26 19:00:00,0.0,192.17967,144.92178
forecast_6452,2025-09-26 20:00:00,0.0,235.39279,155.68803
forecast_6453,2025-09-26 21:00:00,204.31881323366795,274.15057,154.45985
forecast_6454,2025-09-26 22:00:00,204.62655858123372,301.83777,157.4953
forecast_6455,2025-09-26 23:00:00,280.09664791957886,317.9803,165.1199
forecast_6456,2025-09-27 00:00:00,148.50765325597953,361.99823,155.73335
forecast_6457,2025-09-27 01:00:00,429.3527378760826,541.5058,132.42917
forecast_6458,2025-09-27 02:00:00,238.20601923463968,776.7933,115.67407
forecast_6459,2025-09-27 03:00:00,252.57322366510328,849.4367,114.50903
forecast_6460,2025-09-27 04:00:00,939.4294246309261,788.48413,122.34326
forecast_6461,2025-09-27 05:00:00,1216.3946638374507,812.31934,116.47041
forecast_6462,2025-09-27 06:00:00,1729.7087709885081,1004.81885,123.66876
forecast_6463,2025-09-27 07:00:00,1017.3879699909749,1204.9609,135.85307
forecast_6464,2025-09-27 08:00:00,972.6025016281664,1273.8284,150.56953
forecast_6465,2025-09-27 09:00:00,745.1116406671273,1089.4617,156.49544
forecast_6466,2025-09-27 10:00:00,309.4367205302006,767.9375,154.33643
forecast_6467,2025-09-27 11:00:00,349.49122868992157,450.87335,152.18074
forecast_6468,2025-09-27 12:00:00,99.32017740103561,296.21536,148.65848
forecast_6469,2025-09-27 13:00:00,0.0,232.16156,157.43672
forecast_6470,2025-09-27 14:00:00,79.21628020975866,199.62158,175.46487
forecast_6471,2025-09-27 15:00:00,70.85425387401304,178.7145,204.75102
forecast_6472,2025-09-27 16:00:00,41.49394102082148,176.26857,226.78516
forecast_6473,2025-09-27 17:00:00,126.47315265571181,187.49991,246.01733
forecast_6474,2025-09-27 18:00:00,201.78372120163237,234.45207,269.69986
forecast_6475,2025-09-27 19:00:00,347.79312686156726,315.6884,324.877
forecast_6476,2025-09-27 20:00:00,599.9907263227681,639.9159,448.12863
forecast_6477,2025-09-27 21:00:00,572.5979273965876,1442.2213,634.052
forecast_6478,2025-09-27 22:00:00,2097.5765730162107,2021.0531,878.62964
forecast_6479,2025-09-27 23:00:00,2166.2679673103967,3153.147,1191.6295
forecast_6480,2025-09-28 00:00:00,1966.0091032868888,4553.5303,1648.4049
forecast_6481,2025-09-28 01:00:00,3776.9884362396706,4413.2397,1672.0875
forecast_6482,2025-09-28 02:00:00,4437.613743000341,6122.411,1901.6807
forecast_6483,2025-09-28 03:00:00,4901.137120484489,9370.753,2508.982
forecast_6484,2025-09-28 04:00:00,5229.082523073759,10896.927,3202.2197
forecast_6485,2025-09-28 05:00:00,4429.418751961209,11510.68,3457.3972
forecast_6486,2025-09-28 06:00:00,3061.164418294481,10171.32,2773.2744
forecast_6487,2025-09-28 07:00:00,2537.1349541243712,8420.288,1975.7346
forecast_6488,2025-09-28 08:00:00,1921.9336122070385,5498.4233,1537.0514
forecast_6489,2025-09-28 09:00:00,2678.146898179908,3418.1138,1145.4059
forecast_6490,2025-09-28 10:00:00,3435.0123307088775,2631.9036,933.3449
forecast_6491,2025-09-28 11:00:00,3284.6779957307904,4524.8706,1121.4717
forecast_6492,2025-09-28 12:00:00,2212.571848315815,4023.9158,755.7852
forecast_6493,2025-09-28 13:00:00,1522.0733947261804,2966.8455,548.002
forecast_6494,2025-09-28 14:00:00,2994.3382769106024,1961.5186,457.75092
forecast_6495,2025-09-28 15:00:00,3275.8670570932168,2910.46,524.87866
forecast_6496,2025-09-28 16:00:00,3450.9207066991016,3611.821,739.8687
forecast_6497,2025-09-28 17:00:00,2939.3098729184308,3617.7327,640.283
forecast_6498,2025-09-28 18:00:00,3047.6805268711796,4832.6953,838.8057
forecast_6499,2025-09-28 19:00:00,3302.9617504395574,4233.643,955.8722
forecast_6500,2025-09-28 20:00:00,3897.8762082245853,4628.849,1468.2772
forecast_6501,2025-09-28 21:00:00,4632.199437244272,4630.1807,2053.0408
forecast_6502,2025-09-28 22:00:00,4184.470340780933,5479.0596,2653.3826
forecast_6503,2025-09-28 23:00:00,4006.179687631439,5377.558,2366.1719
forecast_6504,2025-09-29 00:00:00,3782.777113885113,3763.8394,1729.8252
forecast_6505,2025-09-29 01:00:00,4316.877368218094,2230.1785,1311.1327
forecast_6506,2025-09-29 02:00:00,4352.768064305023,1790.7635,960.8344
forecast_6507,2025-09-29 03:00:00,2722.910083357812,1611.5817,814.6049
forecast_6508,2025-09-29 04:00:00,2935.05118695681,1101.1157,732.4932
forecast_6509,2025-09-29 05:00:00,1267.4443196820973,874.9157,847.23566
forecast_6510,2025-09-29 06:00:00,404.1131212753709,612.0862,699.11926
forecast_6511,2025-09-29 07:00:00,242.8738860448383,482.62775,564.25134
forecast_6512,2025-09-29 08:00:00,202.9201118203467,367.12543,417.1128
forecast_6513,2025-09-29 09:00:00,165.61616678379366,266.4004,285.54584
forecast_6514,2025-09-29 10:00:00,22.65352542839413,228.90034,177.28818
forecast_6515,2025-09-29 11:00:00,0.0,200.44884,135.20418
forecast_6516,2025-09-29 12:00:00,11.984953579992288,209.90154,125.43933
forecast_6517,2025-09-29 13:00:00,160.293601295196,222.94075,155.2926
forecast_6518,2025-09-29 14:00:00,195.34552453754296,212.13611,200.53416
forecast_6519,2025-09-29 15:00:00,128.49504580339536,227.0635,247.43065
forecast_6520,2025-09-29 16:00:00,184.6917697271508,237.25832,280.3258
forecast_6521,2025-09-29 17:00:00,215.42548624957615,241.6048,281.75558
forecast_6522,2025-09-29 18:00:00,128.0060549125205,248.24713,261.172
forecast_6523,2025-09-29 19:00:00,137.1117916692681,253.82565,242.36322
forecast_6524,2025-09-29 20:00:00,244.32327067724583,277.7922,232.07425
forecast_6525,2025-09-29 21:00:00,127.2763857347506,312.23337,241.09645
forecast_6526,2025-09-29 22:00:00,643.7429502689535,317.62012,245.20096
forecast_6527,2025-09-29 23:00:00,932.8484541870404,408.18668,242.32323
forecast_6528,2025-09-30 00:00:00,1042.286590106351,630.25397,230.45686
forecast_6529,2025-09-30 01:00:00,1342.3079522267792,560.25446,259.5164
forecast_6530,2025-09-30 02:00:00,1572.9802111854424,1008.07886,381.50208
forecast_6531,2025-09-30 03:00:00,466.2214643986202,1599.6361,827.7343
forecast_6532,2025-09-30 04:00:00,1329.8958356700202,892.2796,832.3668
forecast_6533,2025-09-30 05:00:00,1372.3601508202914,971.4236,943.21906
forecast_6534,2025-09-30 06:00:00,1096.586567785068,1291.3563,959.5004
forecast_6535,2025-09-30 07:00:00,795.410251796929,965.383,770.7754
forecast_6536,2025-09-30 08:00:00,661.2885089877051,705.51215,597.83044
forecast_6537,2025-09-30 09:00:00,73.0649739274572,578.3842,451.68985
forecast_6538,2025-09-30 10:00:00,30.49588331545435,460.35583,342.76852
forecast_6539,2025-09-30 11:00:00,107.7956790490943,395.91257,295.68222
forecast_6540,2025-09-30 12:00:00,850.1463130207538,471.7743,298.2097
forecast_6541,2025-09-30 13:00:00,466.8639724672526,596.37555,325.16116
forecast_6542,2025-09-30 14:00:00,604.3995363535969,638.63525,369.25015
forecast_6543,2025-09-30 15:00:00,1561.4467354899366,906.69867,483.3029
forecast_6544,2025-09-30 16:00:00,1144.6062230416612,1401.9474,747.8988
forecast_6545,2025-09-30 17:00:00,1832.1719550680493,1791.1316,953.5605
forecast_6546,2025-09-30 18:00:00,2650.101413367015,1986.1736,999.27234
forecast_6547,2025-09-30 19:00:00,1819.8443136049134,2533.9036,1028.0143
forecast_6548,2025-09-30 20:00:00,2747.7207973556788,3421.1045,1184.4757
forecast_6549,2025-09-30 21:00:00,3722.8724140355453,4882.217,1680.6104
forecast_6550,2025-09-30 22:00:00,4383.744162000386,6596.7026,2071.7227
forecast_6551,2025-09-30 23:00:00,4700.014167054473,7520.2764,2228.1296
forecast_6552,2025-10-01 00:00:00,6340.665796238142,7998.63,2325.3398
forecast_6553,2025-10-01 01:00:00,6682.179423960463,8007.136,2467.8752
forecast_6554,2025-10-01 02:00:00,7959.86143062146,8712.81,3335.5425
forecast_6555,2025-10-01 03:00:00,7791.9460386233595,9525.087,4354.427
forecast_6556,2025-10-01 04:00:00,7728.582707000264,9573.7705,4522.5127
forecast_6557,2025-10-01 05:00:00,6072.825586708818,9212.237,4386.4707
forecast_6558,2025-10-01 06:00:00,5613.804160457605,7841.709,3751.807
forecast_6559,2025-10-01 07:00:00,5771.289550234999,6408.1553,2978.0212
forecast_6560,2025-10-01 08:00:00,2451.3637584688995,4835.069,2289.103
forecast_6561,2025-10-01 09:00:00,1224.5968030391473,1833.3657,1159.464
forecast_6562,2025-10-01 10:00:00,605.0640347143146,837.11194,660.1298
forecast_6563,2025-10-01 11:00:00,351.6822274162982,594.6285,440.64932
forecast_6564,2025-10-01 12:00:00,675.0750907609383,594.01996,449.2405
forecast_6565,2025-10-01 13:00:00,1584.514692690311,637.96277,534.34717
forecast_6566,2025-10-01 14:00:00,1656.306838060635,947.4477,795.1217
forecast_6567,2025-10-01 15:00:00,1634.5989731982402,1240.84,860.8402
forecast_6568,2025-10-01 16:00:00,2577.537538825393,1680.8418,1039.7585
forecast_6569,2025-10-01 17:00:00,2001.834648528513,1698.015,1050.9113
forecast_6570,2025-10-01 18:00:00,2762.710853517113,2001.5886,1077.7505
forecast_6571,2025-10-01 19:00:00,5015.781119325215,3517.5308,1301.7745
forecast_6572,2025-10-01 20:00:00,4475.33917053045,5948.8906,2031.6362
forecast_6573,2025-10-01 21:00:00,2989.412992440253,7372.65,3023.1934
forecast_6574,2025-10-01 22:00:00,2987.231692090867,6491.6177,2677.1616
forecast_6575,2025-10-01 23:00:00,3066.0203055752368,5995.3286,2224.5896
forecast_6576,2025-10-02 00:00:00,3570.033339452029,4959.529,1793.5857
forecast_6577,2025-10-02 01:00:00,4744.590422225157,5116.012,1720.145
forecast_6578,2025-10-02 02:00:00,4650.998580675566,6999.6777,2028.3344
forecast_6579,2025-10-02 03:00:00,4222.006818292228,7176.7783,2217.6277
forecast_6580,2025-10-02 04:00:00,2254.997418994498,5107.8213,2066.0754
forecast_6581,2025-10-02 05:00:00,2013.9560675770829,2339.4277,1531.4175
forecast_6582,2025-10-02 06:00:00,1449.3979242557514,1144.8215,1087.8997
forecast_6583,2025-10-02 07:00:00,1116.4188261209715,547.685,760.8594
forecast_6584,2025-10-02 08:00:00,317.97082163707717,363.93063,518.08734
forecast_6585,2025-10-02 09:00:00,25.327016054847366,265.3421,320.6202
forecast_6586,2025-10-02 10:00:00,9.301027356100441,223.76434,162.99554
forecast_6587,2025-10-02 11:00:00,23.99500061825873,204.30124,119.240715
forecast_6588,2025-10-02 12:00:00,0.0,200.87448,115.734535
forecast_6589,2025-10-02 13:00:00,22.91654505413738,206.00798,126.68318
forecast_6590,2025-10-02 14:00:00,1.204766936924096,221.77815,136.18442
forecast_6591,2025-10-02 15:00:00,22.07602117280173,243.39873,152.27788
forecast_6592,2025-10-02 16:00:00,0.0,248.4549,157.82777
forecast_6593,2025-10-02 17:00:00,85.13916075024265,281.92838,163.26445
forecast_6594,2025-10-02 18:00:00,7.61189643838897,296.01065,155.2034
forecast_6595,2025-10-02 19:00:00,18.951740328726117,279.18088,146.83629
forecast_6596,2025-10-02 20:00:00,10.860766300319128,265.38245,145.23022
forecast_6597,2025-10-02 21:00:00,169.3997114170757,253.34528,147.55934
forecast_6598,2025-10-02 22:00:00,253.87638421093646,276.66525,126.98942
forecast_6599,2025-10-02 23:00:00,177.21281448387393,341.91992,120.91351
forecast_6600,2025-10-03 00:00:00,370.27698391543515,420.59238,127.143166
forecast_6601,2025-10-03 01:00:00,1462.4064622760543,579.5707,133.38568
forecast_6602,2025-10-03 02:00:00,1653.6188487357392,1155.7285,128.33276
forecast_6603,2025-10-03 03:00:00,2056.178869258152,2546.7222,171.327
forecast_6604,2025-10-03 04:00:00,2103.587297212677,2584.7756,194.60944
forecast_6605,2025-10-03 05:00:00,2396.4887142305492,2375.201,216.18446
forecast_6606,2025-10-03 06:00:00,2319.7697715842432,2346.2676,274.2746
forecast_6607,2025-10-03 07:00:00,2728.6514407011246,2189.4065,283.52396
forecast_6608,2025-10-03 08:00:00,3133.7640611986476,2460.3872,330.124
forecast_6609,2025-10-03 09:00:00,3451.868589908023,2864.6724,329.30814
forecast_6610,2025-10-03 10:00:00,2411.492862468403,3713.5835,385.7077
forecast_6611,2025-10-03 11:00:00,2053.5512200714097,4699.624,455.10953
forecast_6612,2025-10-03 12:00:00,1845.176124076378,4894.9653,495.0413
forecast_6613,2025-10-03 13:00:00,1682.3370622876869,4736.142,553.19244
forecast_6614,2025-10-03 14:00:00,1324.1989989661895,3691.0554,484.45093
forecast_6615,2025-10-03 15:00:00,1481.0698900936661,2641.9758,408.64655
forecast_6616,2025-10-03 16:00:00,2731.687013906558,2371.4233,350.86768
forecast_6617,2025-10-03 17:00:00,2935.758465384968,3169.7437,342.01688
forecast_6618,2025-10-03 18:00:00,3510.8705365059964,4760.9023,432.70486
forecast_6619,2025-10-03 19:00:00,6110.900924727211,5760.4683,500.06763
forecast_6620,2025-10-03 20:00:00,5174.704455558956,6302.6235,619.69543
forecast_6621,2025-10-03 21:00:00,6107.379262632231,5944.1,702.93524
forecast_6622,2025-10-03 22:00:00,4965.361412914495,5877.8765,669.96405
forecast_6623,2025-10-03 23:00:00,4318.371262459142,5628.2134,622.3268
forecast_6624,2025-10-04 00:00:00,4005.812240124719,4794.2153,568.6875
forecast_6625,2025-10-04 01:00:00,3137.5458600929537,3046.515,385.25644
forecast_6626,2025-10-04 02:00:00,3149.4502865306326,2549.411,341.3535
forecast_6627,2025-10-04 03:00:00,2873.905015131366,2684.822,300.24683
forecast_6628,2025-10-04 04:00:00,3216.2238809987834,3271.2974,334.61688
forecast_6629,2025-10-04 05:00:00,2670.3184263848216,3140.9646,377.34604
forecast_6630,2025-10-04 06:00:00,2788.3746223514086,2896.8845,416.30493
forecast_6631,2025-10-04 07:00:00,1657.8401180757546,2484.2246,424.43625
forecast_6632,2025-10-04 08:00:00,1159.4048587234377,2167.192,415.29825
forecast_6633,2025-10-04 09:00:00,1861.9488561391636,1826.7903,377.14047
forecast_6634,2025-10-04 10:00:00,1658.6664869172032,1406.0071,325.4192
forecast_6635,2025-10-04 11:00:00,904.9496742340899,1083.9167,276.6772
forecast_6636,2025-10-04 12:00:00,584.5496042938706,855.394,246.12563
forecast_6637,2025-10-04 13:00:00,608.0175281963636,743.0107,237.71129
forecast_6638,2025-10-04 14:00:00,577.5769917120581,729.2595,226.92996
forecast_6639,2025-10-04 15:00:00,374.9889272382224,788.65155,222.89903
forecast_6640,2025-10-04 16:00:00,203.45817740922288,893.48816,224.24826
forecast_6641,2025-10-04 17:00:00,482.2413307352698,924.04834,217.24103
forecast_6642,2025-10-04 18:00:00,610.0931317416478,1045.2069,223.96947
forecast_6643,2025-10-04 19:00:00,527.2752855687526,1156.9761,241.63126
forecast_6644,2025-10-04 20:00:00,546.6381602091835,1055.3562,253.47292
forecast_6645,2025-10-04 21:00:00,361.75023109707485,958.01843,252.32144
forecast_6646,2025-10-04 22:00:00,219.9566365096519,911.65564,263.1479
forecast_6647,2025-10-04 23:00:00,65.95941886861861,881.2032,282.92084
forecast_6648,2025-10-05 00:00:00,122.72813617066986,579.44946,270.0877
forecast_6649,2025-10-05 01:00:00,94.12130029397348,407.72333,196.68707
forecast_6650,2025-10-05 02:00:00,72.59424562321321,349.82428,157.89838
forecast_6651,2025-10-05 03:00:00,2.0750629650235504,299.33218,146.41264
forecast_6652,2025-10-05 04:00:00,7.105665205426166,286.0184,149.79185
forecast_6653,2025-10-05 05:00:00,0.0,231.92316,129.29271
forecast_6654,2025-10-05 06:00:00,0.0,211.67667,126.05538
forecast_6655,2025-10-05 07:00:00,0.0,203.66304,130.84546
forecast_6656,2025-10-05 08:00:00,0.0,199.09398,130.00368
forecast_6657,2025-10-05 09:00:00,9.522989249952282,193.42683,127.2193
forecast_6658,2025-10-05 10:00:00,0.0,207.83478,117.26892
forecast_6659,2025-10-05 11:00:00,121.2802453802582,202.34724,105.75126
forecast_6660,2025-10-05 12:00:00,0.0,234.53314,110.02339
forecast_6661,2025-10-05 13:00:00,51.501835885480624,207.26746,113.91793
forecast_6662,2025-10-05 14:00:00,91.69740687889487,207.86992,124.81657
forecast_6663,2025-10-05 15:00:00,140.4737867254078,204.91347,141.27402
forecast_6664,2025-10-05 16:00:00,145.95028689504358,234.90591,156.9444
forecast_6665,2025-10-05 17:00:00,62.02469356798383,354.32693,171.74348
forecast_6666,2025-10-05 18:00:00,120.34885422159975,608.9093,194.30573
forecast_6667,2025-10-05 19:00:00,590.336785705715,938.779,237.87137
forecast_6668,2025-10-05 20:00:00,977.9050077912349,1104.4208,268.4822
forecast_6669,2025-10-05 21:00:00,1067.6336068497826,1398.7301,305.76065
forecast_6670,2025-10-05 22:00:00,473.27303384578653,1930.119,342.9631
forecast_6671,2025-10-05 23:00:00,782.9347985281702,2172.2024,318.12305
forecast_6672,2025-10-06 00:00:00,610.8274379744305,2254.9492,294.99658
forecast_6673,2025-10-06 01:00:00,1131.424658781896,2846.6804,313.98376
forecast_6674,2025-10-06 02:00:00,2705.1758555709957,3133.0002,348.60593
forecast_6675,2025-10-06 03:00:00,3353.0341546416375,2965.3408,386.15854
forecast_6676,2025-10-06 04:00:00,3273.1208611143006,3079.1604,434.04263
forecast_6677,2025-10-06 05:00:00,3843.1048287170374,3891.508,534.76984
forecast_6678,2025-10-06 06:00:00,6308.545418065683,5922.5347,808.9215
forecast_6679,2025-10-06 07:00:00,7256.081160520899,8315.993,1438.4579
forecast_6680,2025-10-06 08:00:00,8195.822503153204,10332.526,2258.4387
forecast_6681,2025-10-06 09:00:00,7142.629492670156,11093.509,3323.0464
forecast_6682,2025-10-06 10:00:00,7093.448119718096,11141.451,3894.7297
forecast_6683,2025-10-06 11:00:00,5441.894412582699,10170.43,3885.4216
forecast_6684,2025-10-06 12:00:00,4731.189577815921,8325.25,3115.1685
forecast_6685,2025-10-06 13:00:00,4312.138035802368,6481.301,2284.476
forecast_6686,2025-10-06 14:00:00,3780.8455795859836,4367.7227,1500.1665
forecast_6687,2025-10-06 15:00:00,3803.375356317323,3682.5784,986.1116
forecast_6688,2025-10-06 16:00:00,4022.934196338172,4454.8154,847.6994
forecast_6689,2025-10-06 17:00:00,5313.261291912694,5605.434,937.2512
forecast_6690,2025-10-06 18:00:00,5581.1713334534425,7213.0205,1199.7716
forecast_6691,2025-10-06 19:00:00,7040.529500087121,9053.466,1859.9567
forecast_6692,2025-10-06 20:00:00,7466.153925286044,10685.009,3180.6125
forecast_6693,2025-10-06 21:00:00,10069.37863432321,11579.785,3462.5059
forecast_6694,2025-10-06 22:00:00,11157.575794462844,12595.971,4151.2954
forecast_6695,2025-10-06 23:00:00,10222.675462904193,13550.98,5349.1934
forecast_6696,2025-10-07 00:00:00,10949.301911199655,13849.518,5991.627
forecast_6697,2025-10-07 01:00:00,9650.011193481447,13717.209,5633.664
forecast_6698,2025-10-07 02:00:00,7981.185390947807,13628.088,5278.032
forecast_6699,2025-10-07 03:00:00,8011.4163759940675,12988.107,4408.1826
forecast_6700,2025-10-07 04:00:00,7789.313456871109,12155.169,3916.5867
forecast_6701,2025-10-07 05:00:00,6512.87734712752,11393.852,3740.7764
forecast_6702,2025-10-07 06:00:00,7035.056485347819,9372.747,3036.6
forecast_6703,2025-10-07 07:00:00,6760.415893792977,8421.629,2211.1743
forecast_6704,2025-10-07 08:00:00,6373.8024160133855,6829.835,1730.681
forecast_6705,2025-10-07 09:00:00,5899.582776982896,6371.981,1378.8778
forecast_6706,2025-10-07 10:00:00,4045.0826211532813,5629.9263,1326.9918
forecast_6707,2025-10-07 11:00:00,4122.707721710855,4400.212,1113.9327
forecast_6708,2025-10-07 12:00:00,3743.283880906962,3745.9924,966.84296
forecast_6709,2025-10-07 13:00:00,3539.206603234001,2596.3386,824.34106
forecast_6710,2025-10-07 14:00:00,3118.065993568176,1899.3665,621.2374
forecast_6711,2025-10-07 15:00:00,2053.5325621566385,1404.0822,471.37967
forecast_6712,2025-10-07 16:00:00,1719.4294799653298,1143.7507,411.94373
forecast_6713,2025-10-07 17:00:00,880.5833098562463,950.6273,362.5022
forecast_6714,2025-10-07 18:00:00,644.0209531904244,877.8632,279.99286
forecast_6715,2025-10-07 19:00:00,839.7402550185152,878.06555,230.44229
forecast_6716,2025-10-07 20:00:00,446.8080844541588,728.3887,215.98206
forecast_6717,2025-10-07 21:00:00,121.2724830435529,491.21283,201.00723
forecast_6718,2025-10-07 22:00:00,152.9261989251981,362.86197,190.6917
forecast_6719,2025-10-07 23:00:00,151.7927848102391,307.59628,194.87476
forecast_6720,2025-10-08 00:00:00,534.9929385744971,293.26212,187.55333
forecast_6721,2025-10-08 01:00:00,295.56499580517567,277.6351,169.98
forecast_6722,2025-10-08 02:00:00,297.9022440055354,222.53343,143.88788
forecast_6723,2025-10-08 03:00:00,52.15395935829736,196.62476,147.20874
forecast_6724,2025-10-08 04:00:00,497.7929827656204,183.2208,129.89111
forecast_6725,2025-10-08 05:00:00,594.8310388483295,202.13153,119.03584
forecast_6726,2025-10-08 06:00:00,453.5048335797303,225.75838,123.03643
forecast_6727,2025-10-08 07:00:00,473.6386319552031,229.08466,118.259
forecast_6728,2025-10-08 08:00:00,614.8502101887424,319.7736,128.99287
forecast_6729,2025-10-08 09:00:00,638.60297278551,484.32947,143.98596
forecast_6730,2025-10-08 10:00:00,358.9309649990084,660.62573,163.73021
forecast_6731,2025-10-08 11:00:00,413.72317176837464,704.3842,175.6784
forecast_6732,2025-10-08 12:00:00,383.49835376763156,637.9936,189.71925
forecast_6733,2025-10-08 13:00:00,283.4835169605335,548.1204,198.70457
forecast_6734,2025-10-08 14:00:00,240.70832649862362,502.70386,208.1562
forecast_6735,2025-10-08 15:00:00,614.698387104509,537.0082,224.29353
forecast_6736,2025-10-08 16:00:00,509.59272359064965,589.4337,228.4736
forecast_6737,2025-10-08 17:00:00,749.5987089302007,832.97156,246.86382
forecast_6738,2025-10-08 18:00:00,1552.0829494701309,1288.5863,262.25143
forecast_6739,2025-10-08 19:00:00,2962.387351438157,1791.3611,281.63287
forecast_6740,2025-10-08 20:00:00,3451.2075741802996,2752.685,299.7663
forecast_6741,2025-10-08 21:00:00,3616.0806036989343,3898.154,323.25214
forecast_6742,2025-10-08 22:00:00,4560.688669972312,4657.1675,334.13425
forecast_6743,2025-10-08 23:00:00,4684.4282147771355,5556.6807,401.9135
forecast_6744,2025-10-09 00:00:00,5280.377246250644,7032.1787,598.8263
forecast_6745,2025-10-09 01:00:00,5744.577655095218,7823.4375,880.31976
forecast_6746,2025-10-09 02:00:00,5647.46908499613,8176.671,1043.2811
forecast_6747,2025-10-09 03:00:00,5540.247415721626,8274.8955,1189.5067
forecast_6748,2025-10-09 04:00:00,5315.187885026649,7624.3223,1237.0426
forecast_6749,2025-10-09 05:00:00,5092.104757249609,6941.957,1119.6211
forecast_6750,2025-10-09 06:00:00,5172.3181018858695,6666.3535,1148.8483
forecast_6751,2025-10-09 07:00:00,4650.627466798497,6653.0503,1221.0206
forecast_6752,2025-10-09 08:00:00,4531.478308093883,6325.4087,1140.3723
forecast_6753,2025-10-09 09:00:00,4739.196736732274,5881.874,1044.9403
forecast_6754,2025-10-09 10:00:00,3830.5483001060684,5532.9346,928.8155
forecast_6755,2025-10-09 11:00:00,2866.5841218716487,4766.5864,743.724
forecast_6756,2025-10-09 12:00:00,2405.0777975892597,3905.495,581.03204
forecast_6757,2025-10-09 13:00:00,2065.338893366835,3206.549,471.43774
forecast_6758,2025-10-09 14:00:00,1690.3617503037317,2733.964,373.78452
forecast_6759,2025-10-09 15:00:00,1679.2632187736046,2334.1997,318.11496
forecast_6760,2025-10-09 16:00:00,1878.119953638251,2237.2585,299.91992
forecast_6761,2025-10-09 17:00:00,2075.031715759588,2226.0388,276.69412
forecast_6762,2025-10-09 18:00:00,1862.7355311845436,2334.293,250.6648
forecast_6763,2025-10-09 19:00:00,1724.745911135054,2434.1965,229.87201
forecast_6764,2025-10-09 20:00:00,1551.9302726941446,2621.5383,216.70235
forecast_6765,2025-10-09 21:00:00,1240.1038747203913,2665.8767,213.72748
forecast_6766,2025-10-09 22:00:00,1306.0462709962871,2279.8914,204.52577
forecast_6767,2025-10-09 23:00:00,1271.8891375526352,1744.5662,199.81596
forecast_6768,2025-10-10 00:00:00,1519.6401621391472,1359.3362,193.95117
forecast_6769,2025-10-10 01:00:00,2304.7085646103515,1056.2744,200.22917
forecast_6770,2025-10-10 02:00:00,2304.7568436401634,947.06445,210.41258
forecast_6771,2025-10-10 03:00:00,2428.308351147784,1236.5964,245.52206
forecast_6772,2025-10-10 04:00:00,2451.0141587597936,1751.2609,269.21814
forecast_6773,2025-10-10 05:00:00,2303.0672111368604,2032.4264,284.0507
forecast_6774,2025-10-10 06:00:00,2253.131159631759,1893.7377,295.51617
forecast_6775,2025-10-10 07:00:00,2116.962877714033,1586.2068,297.29736
forecast_6776,2025-10-10 08:00:00,2685.9834978363224,1375.6243,298.88834
forecast_6777,2025-10-10 09:00:00,2219.0614919504737,1218.044,331.25415
forecast_6778,2025-10-10 10:00:00,1699.7735144876694,1180.4651,404.9794
forecast_6779,2025-10-10 11:00:00,1748.2610016864267,988.7736,418.04257
forecast_6780,2025-10-10 12:00:00,1284.92694156891,833.07214,390.23117
forecast_6781,2025-10-10 13:00:00,1704.5215830415195,893.8651,356.36646
forecast_6782,2025-10-10 14:00:00,1874.0718372407327,1090.023,346.53027
forecast_6783,2025-10-10 15:00:00,2050.967112062438,1405.4933,380.7555
forecast_6784,2025-10-10 16:00:00,2100.7275119337023,1607.3239,420.00436
forecast_6785,2025-10-10 17:00:00,2356.816011854713,1427.21,406.49136
forecast_6786,2025-10-10 18:00:00,2461.567090733843,1329.4624,382.1105
forecast_6787,2025-10-10 19:00:00,2441.795893191253,1340.4158,357.31583
forecast_6788,2025-10-10 20:00:00,1751.6842192073302,1714.1095,389.92267
forecast_6789,2025-10-10 21:00:00,1734.0194287341938,2327.09,416.95575
forecast_6790,2025-10-10 22:00:00,2063.330619187891,3404.222,482.65585
forecast_6791,2025-10-10 23:00:00,1833.2709566319118,4738.3325,643.1562
forecast_6792,2025-10-11 00:00:00,2919.5585821598943,4901.484,714.95874
forecast_6793,2025-10-11 01:00:00,3733.3076864657596,5675.468,823.855
forecast_6794,2025-10-11 02:00:00,3718.707635287842,5331.8335,986.43427
forecast_6795,2025-10-11 03:00:00,4522.827037789588,6071.0576,1361.4897
forecast_6796,2025-10-11 04:00:00,5759.441803826583,8291.644,1638.7267
forecast_6797,2025-10-11 05:00:00,7362.57924365458,10649.848,2175.8865
forecast_6798,2025-10-11 06:00:00,8347.382413933125,12852.021,3311.0322
forecast_6799,2025-10-11 07:00:00,8463.84803956605,13505.58,4145.1797
forecast_6800,2025-10-11 08:00:00,7909.061718239212,13291.91,4318.033
forecast_6801,2025-10-11 09:00:00,6161.600927014396,13001.006,4520.325
forecast_6802,2025-10-11 10:00:00,7641.753523498877,11854.775,4430.551
forecast_6803,2025-10-11 11:00:00,8069.45729354941,11821.571,4676.909
forecast_6804,2025-10-11 12:00:00,9191.654669181744,12000.687,4919.342
forecast_6805,2025-10-11 13:00:00,9345.914834356026,13208.485,6398.9834
forecast_6806,2025-10-11 14:00:00,8023.355351915959,13226.455,7773.227
forecast_6807,2025-10-11 15:00:00,9199.280626564023,12548.104,7643.9185
forecast_6808,2025-10-11 16:00:00,9767.64260741555,12191.363,7639.967
forecast_6809,2025-10-11 17:00:00,9276.715959149196,12567.237,8436.847
forecast_6810,2025-10-11 18:00:00,9667.990058636506,12646.151,8371.803
forecast_6811,2025-10-11 19:00:00,11939.26582609508,13286.983,8957.728
forecast_6812,2025-10-11 20:00:00,12861.81834810614,14456.709,10160.852
forecast_6813,2025-10-11 21:00:00,12348.867679792464,15345.157,11581.638
forecast_6814,2025-10-11 22:00:00,12358.201643760998,15175.294,11255.427
forecast_6815,2025-10-11 23:00:00,9582.211678020165,14798.812,10830.782
forecast_6816,2025-10-12 00:00:00,9221.07110353471,14574.941,11038.014
forecast_6817,2025-10-12 01:00:00,10147.837073102983,13421.9795,10093.051
forecast_6818,2025-10-12 02:00:00,8160.015174614934,13458.7295,10457.096
forecast_6819,2025-10-12 03:00:00,6745.898841617243,11884.097,9360.618
forecast_6820,2025-10-12 04:00:00,4644.775179468867,6393.515,4712.929
forecast_6821,2025-10-12 05:00:00,2405.5633999264965,2998.5237,1514.0602
forecast_6822,2025-10-12 06:00:00,1622.437938975669,2206.6802,1087.6779
forecast_6823,2025-10-12 07:00:00,925.4743445048433,1816.7522,1043.8934
forecast_6824,2025-10-12 08:00:00,1215.3080989541972,1623.6075,741.65857
forecast_6825,2025-10-12 09:00:00,2787.2725756991817,1918.5317,572.23804
forecast_6826,2025-10-12 10:00:00,3868.5716140987856,2588.0413,456.06238
forecast_6827,2025-10-12 11:00:00,4578.430596460485,4085.4087,610.0993
forecast_6828,2025-10-12 12:00:00,3887.5575351454454,5034.4272,1060.4287
forecast_6829,2025-10-12 13:00:00,3254.593077426467,5095.723,1574.6733
forecast_6830,2025-10-12 14:00:00,3846.258034476872,4674.8,1605.2844
forecast_6831,2025-10-12 15:00:00,3282.705717046355,5530.4414,1792.8881
forecast_6832,2025-10-12 16:00:00,4564.692435132237,5906.4365,1722.0326
forecast_6833,2025-10-12 17:00:00,5748.273006345504,5846.906,1537.495
forecast_6834,2025-10-12 18:00:00,5955.994326046072,6027.1147,1439.92
forecast_6835,2025-10-12 19:00:00,6145.681408383291,6834.8394,1370.8328
forecast_6836,2025-10-12 20:00:00,5767.477329721385,7889.044,1570.8596
forecast_6837,2025-10-12 21:00:00,5576.109206777039,8415.293,1710.8707
forecast_6838,2025-10-12 22:00:00,4413.700273822698,7640.6064,1367.9736
forecast_6839,2025-10-12 23:00:00,4082.878402162305,6406.6426,954.18396
forecast_6840,2025-10-13 00:00:00,2867.745567091411,5674.387,746.4209
forecast_6841,2025-10-13 01:00:00,2764.880310813659,4269.1914,603.44226
forecast_6842,2025-10-13 02:00:00,2053.30780926825,3038.717,437.62796
forecast_6843,2025-10-13 03:00:00,1008.676555059794,2366.1277,345.11716
forecast_6844,2025-10-13 04:00:00,905.20978464509,2050.418,309.98944
forecast_6845,2025-10-13 05:00:00,1840.516622366482,1853.5162,287.94843
forecast_6846,2025-10-13 06:00:00,2491.0989115666694,1855.8025,279.76477
forecast_6847,2025-10-13 07:00:00,3629.2923773637012,2535.3584,292.34335
forecast_6848,2025-10-13 08:00:00,4021.7316853802017,4440.2705,445.62094
forecast_6849,2025-10-13 09:00:00,3765.270856523083,5289.521,687.84436
forecast_6850,2025-10-13 10:00:00,4053.458128488504,4889.9165,750.5126
forecast_6851,2025-10-13 11:00:00,3350.299696650599,4147.8047,812.2432
forecast_6852,2025-10-13 12:00:00,3694.893513389511,3988.041,842.61346
forecast_6853,2025-10-13 13:00:00,3967.154603955109,3290.826,739.7413
forecast_6854,2025-10-13 14:00:00,2551.790245942603,3549.694,784.47363
forecast_6855,2025-10-13 15:00:00,3522.1534313449283,3618.477,737.61237
forecast_6856,2025-10-13 16:00:00,4147.825689809393,4387.491,766.04016
forecast_6857,2025-10-13 17:00:00,3743.454888327683,4704.543,812.0966
forecast_6858,2025-10-13 18:00:00,4483.4303350088085,5284.8936,792.68506
forecast_6859,2025-10-13 19:00:00,3979.8996351802502,5734.6143,807.7498
forecast_6860,2025-10-13 20:00:00,5223.067382063927,6142.0967,745.7725
forecast_6861,2025-10-13 21:00:00,4991.998043146374,5779.4697,680.96686
forecast_6862,2025-10-13 22:00:00,5585.957899662,5710.0347,726.69794
forecast_6863,2025-10-13 23:00:00,5118.177352074812,6051.215,820.5462
forecast_6864,2025-10-14 00:00:00,5923.014511825549,6024.4683,803.8795
forecast_6865,2025-10-14 01:00:00,6484.758254116247,6467.156,883.14166
forecast_6866,2025-10-14 02:00:00,7234.404474674022,9243.627,1126.0272
forecast_6867,2025-10-14 03:00:00,5391.00260610238,11329.717,1926.4326
forecast_6868,2025-10-14 04:00:00,5093.637275446324,8190.734,1790.0693
forecast_6869,2025-10-14 05:00:00,4475.171619701891,6196.723,1677.5679
forecast_6870,2025-10-14 06:00:00,4584.739506068627,6873.084,1775.0466
forecast_6871,2025-10-14 07:00:00,4277.809207510913,6604.7837,1533.2438
forecast_6872,2025-10-14 08:00:00,4499.815597042453,5829.0527,1404.8005
forecast_6873,2025-10-14 09:00:00,4410.709365771968,6097.0225,1408.1744
forecast_6874,2025-10-14 10:00:00,4866.830629172105,5624.485,1521.2032
forecast_6875,2025-10-14 11:00:00,4488.947895788398,4616.2554,1429.8558
forecast_6876,2025-10-14 12:00:00,3725.305875230569,4099.5977,1148.3413
forecast_6877,2025-10-14 13:00:00,3519.871316442727,4622.9077,930.04553
forecast_6878,2025-10-14 14:00:00,3734.5736231095157,5052.1387,740.6329
forecast_6879,2025-10-14 15:00:00,4070.066446689868,5648.571,698.72375
forecast_6880,2025-10-14 16:00:00,3281.237957797924,6401.6987,795.57666
forecast_6881,2025-10-14 17:00:00,3584.8210629710447,5479.288,735.71326
forecast_6882,2025-10-14 18:00:00,3469.406931302034,4694.5073,804.47327
forecast_6883,2025-10-14 19:00:00,3654.07439390409,4167.512,844.76715
forecast_6884,2025-10-14 20:00:00,4215.175442802625,3561.9631,741.85156
forecast_6885,2025-10-14 21:00:00,3920.0149860398155,3266.6418,696.4887
forecast_6886,2025-10-14 22:00:00,3418.1321313533167,3215.2747,677.931
forecast_6887,2025-10-14 23:00:00,3694.5056248102587,3517.7202,563.035
forecast_6888,2025-10-15 00:00:00,3694.240308463265,3537.0674,457.92456
forecast_6889,2025-10-15 01:00:00,4312.1633867591945,3467.0242,376.55438
forecast_6890,2025-10-15 02:00:00,4087.059037103652,3383.9536,338.58725
forecast_6891,2025-10-15 03:00:00,3923.330801627778,3859.66,349.43768
forecast_6892,2025-10-15 04:00:00,3535.6808570931566,4154.164,370.6245
forecast_6893,2025-10-15 05:00:00,3424.6180453082648,3894.4211,389.2335
forecast_6894,2025-10-15 06:00:00,2968.3637717262836,3320.8606,373.3954
forecast_6895,2025-10-15 07:00:00,2893.181970057257,3110.5215,362.17535
forecast_6896,2025-10-15 08:00:00,2175.1805924152036,3246.5708,358.26337
forecast_6897,2025-10-15 09:00:00,2273.1490985673945,3307.8645,332.0205
forecast_6898,2025-10-15 10:00:00,1541.4012750120626,3150.7402,324.92645
forecast_6899,2025-10-15 11:00:00,1321.8159731403969,2754.0334,301.38046
forecast_6900,2025-10-15 12:00:00,1347.36972416558,2385.349,289.38947
forecast_6901,2025-10-15 13:00:00,941.2770399996301,1918.8401,272.6091
forecast_6902,2025-10-15 14:00:00,599.9111237946324,1470.2516,245.48148
forecast_6903,2025-10-15 15:00:00,385.7595757505153,1175.9045,228.60748
forecast_6904,2025-10-15 16:00:00,303.5077872815488,1080.7136,211.68
forecast_6905,2025-10-15 17:00:00,619.2760819378336,1125.9716,218.76207
forecast_6906,2025-10-15 18:00:00,881.3283595321445,1187.3617,212.63234
forecast_6907,2025-10-15 19:00:00,1761.3482444398226,1317.7574,178.03812
forecast_6908,2025-10-15 20:00:00,2513.577851845134,1810.3699,185.48036
forecast_6909,2025-10-15 21:00:00,3101.7461010522993,2945.2434,231.84485
forecast_6910,2025-10-15 22:00:00,3304.1103268682,4113.251,275.556
forecast_6911,2025-10-15 23:00:00,3669.2290694952812,4471.804,355.81464
forecast_6912,2025-10-16 00:00:00,3544.7095186300166,5208.2114,458.33362
forecast_6913,2025-10-16 01:00:00,2489.191094823913,6590.5,649.8089
forecast_6914,2025-10-16 02:00:00,1497.2429848980414,5098.2065,593.4166
forecast_6915,2025-10-16 03:00:00,2065.6210627171363,3406.1445,464.26303
forecast_6916,2025-10-16 04:00:00,640.0606399926669,4965.265,765.0892
forecast_6917,2025-10-16 05:00:00,2189.720869871433,5980.1797,896.0057
forecast_6918,2025-10-16 06:00:00,4202.699453183695,3274.5024,662.0797
forecast_6919,2025-10-16 07:00:00,5520.601845899286,4028.9478,749.9932
forecast_6920,2025-10-16 08:00:00,4818.645167766943,6158.301,1411.6641
forecast_6921,2025-10-16 09:00:00,4879.897583180617,7370.066,2477.8643
forecast_6922,2025-10-16 10:00:00,4402.711474126939,5991.12,2573.2678
forecast_6923,2025-10-16 11:00:00,4122.520707477413,3881.413,2123.784
forecast_6924,2025-10-16 12:00:00,3595.9993309173055,3111.9412,1816.1572
forecast_6925,2025-10-16 13:00:00,3619.086227761423,3535.8354,1845.1293
forecast_6926,2025-10-16 14:00:00,4183.376974593508,4063.0332,1880.4111
forecast_6927,2025-10-16 15:00:00,3632.646404226144,4552.275,1753.5555
forecast_6928,2025-10-16 16:00:00,3527.291104313972,4371.7954,1427.8427
forecast_6929,2025-10-16 17:00:00,2910.885389495862,3839.3806,1163.2914
forecast_6930,2025-10-16 18:00:00,3000.8107594785633,3569.5254,983.40704
forecast_6931,2025-10-16 19:00:00,3311.708144277809,3452.951,873.8514
forecast_6932,2025-10-16 20:00:00,3833.2001166758346,3382.418,705.7127
forecast_6933,2025-10-16 21:00:00,3786.2203955448786,3729.0898,540.9085
forecast_6934,2025-10-16 22:00:00,3575.27871262204,4319.4624,464.44934
forecast_6935,2025-10-16 23:00:00,3190.909860455007,4098.4995,442.7478
forecast_6936,2025-10-17 00:00:00,3510.0568697896156,3501.6875,410.17847
forecast_6937,2025-10-17 01:00:00,3504.663334398994,3178.602,333.76926
forecast_6938,2025-10-17 02:00:00,2836.804909998043,3206.7139,308.62982
forecast_6939,2025-10-17 03:00:00,2540.6677579969887,3404.6,305.97827
forecast_6940,2025-10-17 04:00:00,2916.2289053084955,3269.8247,293.4981
forecast_6941,2025-10-17 05:00:00,2349.8208734457276,3066.1147,281.20074
forecast_6942,2025-10-17 06:00:00,2402.2818400236,2634.6646,261.73184
forecast_6943,2025-10-17 07:00:00,2435.0107811417743,2091.327,236.61946
forecast_6944,2025-10-17 08:00:00,2416.633529880339,1683.8594,213.85573
forecast_6945,2025-10-17 09:00:00,2089.4760697147813,1502.588,209.02377
forecast_6946,2025-10-17 10:00:00,727.9879629912931,1241.45,212.06361
forecast_6947,2025-10-17 11:00:00,541.0468654919176,859.65826,198.87921
forecast_6948,2025-10-17 12:00:00,372.62826301049853,560.5173,183.11877
forecast_6949,2025-10-17 13:00:00,273.1134720302186,441.28128,183.45074
forecast_6950,2025-10-17 14:00:00,259.75572292565977,382.23926,204.37413
forecast_6951,2025-10-17 15:00:00,280.6554655151774,335.28384,202.11736
forecast_6952,2025-10-17 16:00:00,254.1237241083274,355.34143,217.75606
forecast_6953,2025-10-17 17:00:00,926.0534643280264,409.82236,242.6373
forecast_6954,2025-10-17 18:00:00,1772.3938024762676,681.8403,280.57123
forecast_6955,2025-10-17 19:00:00,2627.181336676949,1531.698,356.03418
forecast_6956,2025-10-17 20:00:00,3264.3572628120464,2889.6758,499.65707
forecast_6957,2025-10-17 21:00:00,3007.9694327028865,4901.755,738.7674
forecast_6958,2025-10-17 22:00:00,3578.8586363533623,6903.5684,1060.9592
forecast_6959,2025-10-17 23:00:00,3622.061363968847,6226.041,1116.5037
forecast_6960,2025-10-18 00:00:00,3010.588652539145,5013.3076,935.2533
forecast_6961,2025-10-18 01:00:00,2459.852429030347,5288.666,711.3009
forecast_6962,2025-10-18 02:00:00,3183.233664052893,5086.9907,749.62384
forecast_6963,2025-10-18 03:00:00,4002.768742615783,6332.9233,1107.9976
forecast_6964,2025-10-18 04:00:00,3843.8455872680092,8869.303,1619.0331
forecast_6965,2025-10-18 05:00:00,3947.584462549701,9125.533,1907.8789
forecast_6966,2025-10-18 06:00:00,1218.1785642484201,5796.6157,1271.7158
forecast_6967,2025-10-18 07:00:00,885.9374914259495,1258.3894,678.26166
forecast_6968,2025-10-18 08:00:00,1118.1554261529388,716.0602,605.4797
forecast_6969,2025-10-18 09:00:00,870.8543977421105,620.7856,824.7237
forecast_6970,2025-10-18 10:00:00,959.4381823810188,591.08075,942.3531
forecast_6971,2025-10-18 11:00:00,773.7715635836946,621.72577,839.1135
forecast_6972,2025-10-18 12:00:00,967.0995297910646,605.05206,726.5793
forecast_6973,2025-10-18 13:00:00,1714.1117308033388,644.4507,657.05914
forecast_6974,2025-10-18 14:00:00,1690.4725014088704,667.5299,664.63007
forecast_6975,2025-10-18 15:00:00,1702.8100469882265,776.9472,915.28894
forecast_6976,2025-10-18 16:00:00,2253.7330804572975,1300.8677,773.6635
forecast_6977,2025-10-18 17:00:00,2172.715166663454,2121.0908,696.6747
forecast_6978,2025-10-18 18:00:00,1060.686978543132,2811.2798,602.22687
forecast_6979,2025-10-18 19:00:00,1134.3690545388208,2743.0417,480.66943
forecast_6980,2025-10-18 20:00:00,1457.2357266063939,2283.51,397.92215
forecast_6981,2025-10-18 21:00:00,1042.5231246343324,1918.2021,331.44064
forecast_6982,2025-10-18 22:00:00,1022.9169816146109,1829.5708,301.92575
forecast_6983,2025-10-18 23:00:00,949.7983748818411,1800.1875,247.54494
forecast_6984,2025-10-19 00:00:00,880.8550828225756,1760.1112,222.21048
forecast_6985,2025-10-19 01:00:00,687.2610920558172,1611.575,193.3795
forecast_6986,2025-10-19 02:00:00,433.26847137353496,1364.044,179.47285
forecast_6987,2025-10-19 03:00:00,189.35672625163213,1201.434,179.01704
forecast_6988,2025-10-19 04:00:00,653.8422177050008,957.6928,176.22992
forecast_6989,2025-10-19 05:00:00,283.95479769357325,788.7975,170.0843
forecast_6990,2025-10-19 06:00:00,607.1230207811999,666.72864,153.65413
forecast_6991,2025-10-19 07:00:00,715.3564942478922,580.31335,146.88248
forecast_6992,2025-10-19 08:00:00,957.967864879621,497.60077,153.94652
forecast_6993,2025-10-19 09:00:00,989.0129177536052,464.11295,165.30203
forecast_6994,2025-10-19 10:00:00,589.8752696386128,460.72375,183.36855
forecast_6995,2025-10-19 11:00:00,578.6428024084375,470.22168,204.61552
forecast_6996,2025-10-19 12:00:00,564.2395446330064,553.7192,248.75818
forecast_6997,2025-10-19 13:00:00,2584.180711332521,614.26685,318.74094
forecast_6998,2025-10-19 14:00:00,3188.1682972567082,1272.3925,418.85175
forecast_6999,2025-10-19 15:00:00,4258.55479273885,2294.838,639.5832
forecast_7000,2025-10-19 16:00:00,5687.068034495523,3450.8914,1267.5155
forecast_7001,2025-10-19 17:00:00,5889.347313856542,4836.153,2265.21
forecast_7002,2025-10-19 18:00:00,5114.498011081807,4871.058,2755.7893
forecast_7003,2025-10-19 19:00:00,5728.687754249657,4805.032,2309.5771
forecast_7004,2025-10-19 20:00:00,6194.277672761689,5253.863,2033.5322
forecast_7005,2025-10-19 21:00:00,4095.0738106979866,5413.6636,2179.7349
forecast_7006,2025-10-19 22:00:00,4537.66467346844,3626.9875,1452.7311
forecast_7007,2025-10-19 23:00:00,4030.592243730605,2492.0479,1058.3232
forecast_7008,2025-10-20 00:00:00,3209.8436480280225,1969.6196,817.8478
forecast_7009,2025-10-20 01:00:00,387.97283482813106,1763.6605,662.16534
forecast_7010,2025-10-20 02:00:00,447.1177864835993,685.74097,402.7245
forecast_7011,2025-10-20 03:00:00,641.34126992631,487.46146,378.79504
forecast_7012,2025-10-20 04:00:00,759.5097898890306,442.5755,360.16342
forecast_7013,2025-10-20 05:00:00,894.3052362061186,746.7336,328.50043
forecast_7014,2025-10-20 06:00:00,1062.7362593371518,1225.9187,323.21756
forecast_7015,2025-10-20 07:00:00,1489.6743424803578,1568.4492,332.50235
forecast_7016,2025-10-20 08:00:00,1803.920914636483,1781.1505,330.12552
forecast_7017,2025-10-20 09:00:00,2314.8941278490097,2583.8936,350.7789
forecast_7018,2025-10-20 10:00:00,1912.6703331836873,3502.3828,437.6771
forecast_7019,2025-10-20 11:00:00,2417.60073755503,3695.7578,498.83667
forecast_7020,2025-10-20 12:00:00,1995.995286735123,3378.246,528.08954
forecast_7021,2025-10-20 13:00:00,1596.0358665808476,3273.908,542.3191
forecast_7022,2025-10-20 14:00:00,793.3878256589531,3002.7664,478.45633
forecast_7023,2025-10-20 15:00:00,519.0712175577283,2489.3594,381.78256
forecast_7024,2025-10-20 16:00:00,562.0290916170425,1868.0461,303.7831
forecast_7025,2025-10-20 17:00:00,380.67587372863045,1357.0645,242.65034
forecast_7026,2025-10-20 18:00:00,358.3490500659058,1114.9508,210.50897
forecast_7027,2025-10-20 19:00:00,313.3158331513816,880.86676,188.46642
forecast_7028,2025-10-20 20:00:00,81.57147722633948,598.24976,178.85182
forecast_7029,2025-10-20 21:00:00,44.40127058824721,372.25116,162.32828
forecast_7030,2025-10-20 22:00:00,57.283788773736646,271.6275,151.32924
forecast_7031,2025-10-20 23:00:00,142.45787160157073,243.75584,153.00479
forecast_7032,2025-10-21 00:00:00,356.39768925994446,245.44032,158.95506
forecast_7033,2025-10-21 01:00:00,1021.3965025234987,257.87195,164.33241
forecast_7034,2025-10-21 02:00:00,945.9498706310964,302.91965,162.0978
forecast_7035,2025-10-21 03:00:00,832.0261566370914,443.53796,207.05803
forecast_7036,2025-10-21 04:00:00,946.7652442551089,651.90967,332.7607
forecast_7037,2025-10-21 05:00:00,1105.2418744262245,591.9457,396.04602
forecast_7038,2025-10-21 06:00:00,292.44589046733245,500.1377,518.4636
forecast_7039,2025-10-21 07:00:00,256.2988778750781,351.15787,452.5126
forecast_7040,2025-10-21 08:00:00,291.62635778814854,304.0957,481.6734
forecast_7041,2025-10-21 09:00:00,173.75413091208262,248.41428,336.83295
forecast_7042,2025-10-21 10:00:00,50.46948055473131,215.69601,258.8587
forecast_7043,2025-10-21 11:00:00,51.27963822753991,189.78467,214.86125
forecast_7044,2025-10-21 12:00:00,64.70715938555077,185.87059,237.03447
forecast_7045,2025-10-21 13:00:00,61.71260671920822,184.37936,227.51588
forecast_7046,2025-10-21 14:00:00,0.0,187.82405,200.97809
forecast_7047,2025-10-21 15:00:00,61.99329430241503,204.6213,175.91164
forecast_7048,2025-10-21 16:00:00,139.64713482351715,223.88043,196.68448
forecast_7049,2025-10-21 17:00:00,18.663599778411857,221.4301,219.55917
forecast_7050,2025-10-21 18:00:00,55.09767570372545,215.08784,228.41089
forecast_7051,2025-10-21 19:00:00,200.27588021876863,209.02182,210.8443
forecast_7052,2025-10-21 20:00:00,294.50914862856985,216.88081,192.45102
forecast_7053,2025-10-21 21:00:00,484.8615451579068,220.48904,204.0957
forecast_7054,2025-10-21 22:00:00,275.94569633173546,249.04114,270.67825
forecast_7055,2025-10-21 23:00:00,441.45567829425516,270.1001,364.8028
forecast_7056,2025-10-22 00:00:00,805.3477753437214,297.04346,468.83548
forecast_7057,2025-10-22 01:00:00,230.85285472989167,319.4897,385.63635
forecast_7058,2025-10-22 02:00:00,314.17201492587304,295.40775,216.1755
forecast_7059,2025-10-22 03:00:00,343.8932378092785,362.61127,158.7898
forecast_7060,2025-10-22 04:00:00,442.85365963998845,446.52612,159.02495
forecast_7061,2025-10-22 05:00:00,571.1534620110854,651.6122,191.58516
forecast_7062,2025-10-22 06:00:00,628.6650387067863,843.7414,221.166
forecast_7063,2025-10-22 07:00:00,949.5794763913112,1133.6919,260.97653
forecast_7064,2025-10-22 08:00:00,2053.796902181183,1545.937,292.4887
forecast_7065,2025-10-22 09:00:00,2543.817705220876,2187.6912,333.8551
forecast_7066,2025-10-22 10:00:00,1640.0184883424633,2662.7815,371.4715
forecast_7067,2025-10-22 11:00:00,1906.2666399081436,2505.6223,433.01346
forecast_7068,2025-10-22 12:00:00,1334.2822465092536,2376.9368,499.70825
forecast_7069,2025-10-22 13:00:00,996.4477401969634,2046.129,517.3671
forecast_7070,2025-10-22 14:00:00,761.6354626195002,1597.8727,477.41336
forecast_7071,2025-10-22 15:00:00,459.89192369768983,1123.7185,375.40482
forecast_7072,2025-10-22 16:00:00,942.4709150400336,961.0498,309.24786
forecast_7073,2025-10-22 17:00:00,983.9799333264157,943.7239,261.45456
forecast_7074,2025-10-22 18:00:00,1021.1331539603428,1006.92487,231.40108
forecast_7075,2025-10-22 19:00:00,941.3664917319546,1042.3875,201.97993
forecast_7076,2025-10-22 20:00:00,1578.2949576291696,1194.055,198.5028
forecast_7077,2025-10-22 21:00:00,1882.9178643171206,1194.789,198.39163
forecast_7078,2025-10-22 22:00:00,1371.3588873820113,1299.5991,207.90782
forecast_7079,2025-10-22 23:00:00,1363.9552038060351,1293.0111,228.12408
forecast_7080,2025-10-23 00:00:00,603.5586252000791,1063.1383,227.70055
forecast_7081,2025-10-23 01:00:00,223.04437273564758,835.7812,215.73166
forecast_7082,2025-10-23 02:00:00,280.62654734156894,553.4148,175.89526
forecast_7083,2025-10-23 03:00:00,109.58816101487452,483.25464,167.31178
forecast_7084,2025-10-23 04:00:00,101.48890425578544,389.75702,160.67676
forecast_7085,2025-10-23 05:00:00,212.2964973068292,318.1512,156.50742
forecast_7086,2025-10-23 06:00:00,155.67155977254515,281.13156,157.68571
forecast_7087,2025-10-23 07:00:00,26.54739068903189,251.84457,146.32227
forecast_7088,2025-10-23 08:00:00,18.949750723259896,228.43817,150.18909
forecast_7089,2025-10-23 09:00:00,143.1144498840863,202.53209,137.91017
forecast_7090,2025-10-23 10:00:00,16.721896565532244,185.7735,129.14677
forecast_7091,2025-10-23 11:00:00,7.2578061486572105,175.31827,132.63377
forecast_7092,2025-10-23 12:00:00,0.0,172.80852,138.44762
forecast_7093,2025-10-23 13:00:00,19.755776606765775,179.01479,147.233
forecast_7094,2025-10-23 14:00:00,30.326552473103,185.08879,167.7713
forecast_7095,2025-10-23 15:00:00,46.6574579901949,212.0558,193.56679
forecast_7096,2025-10-23 16:00:00,37.29621367524264,226.32964,232.39894
forecast_7097,2025-10-23 17:00:00,145.08402780810653,204.72975,189.25569
forecast_7098,2025-10-23 18:00:00,163.16366837413153,216.45686,181.34805
forecast_7099,2025-10-23 19:00:00,194.43916640322226,235.4736,196.1569
forecast_7100,2025-10-23 20:00:00,182.74371368013513,266.5716,201.83519
forecast_7101,2025-10-23 21:00:00,241.21617394666745,292.89572,197.14017
forecast_7102,2025-10-23 22:00:00,238.32474451938813,293.79602,224.23334
forecast_7103,2025-10-23 23:00:00,296.7820795476976,269.296,229.70576
forecast_7104,2025-10-24 00:00:00,339.27131724275637,288.58115,244.08215
forecast_7105,2025-10-24 01:00:00,365.7275403755983,360.92905,252.1989
forecast_7106,2025-10-24 02:00:00,620.8835771241917,400.91583,301.34195
forecast_7107,2025-10-24 03:00:00,1135.2633717806275,280.00992,272.32837
forecast_7108,2025-10-24 04:00:00,746.5272503114253,447.37476,331.15408
forecast_7109,2025-10-24 05:00:00,2331.2577721594066,683.743,485.87714
forecast_7110,2025-10-24 06:00:00,3160.369677628205,1303.9918,686.9968
forecast_7111,2025-10-24 07:00:00,2910.346720810656,1449.7717,753.3401
forecast_7112,2025-10-24 08:00:00,2939.191843895538,1662.2748,821.8588
forecast_7113,2025-10-24 09:00:00,1504.3838768913354,1901.3037,835.7295
forecast_7114,2025-10-24 10:00:00,1062.5649114284315,1723.4816,715.1972
forecast_7115,2025-10-24 11:00:00,769.963008374762,1607.7979,517.5835
forecast_7116,2025-10-24 12:00:00,1156.5976328028596,1922.9011,441.8604
forecast_7117,2025-10-24 13:00:00,1069.5076323683545,2176.044,410.38712
forecast_7118,2025-10-24 14:00:00,1081.2657933203268,2131.0483,364.53128
forecast_7119,2025-10-24 15:00:00,1091.020751175016,1765.1467,316.44434
forecast_7120,2025-10-24 16:00:00,1473.3197297272477,1691.8179,295.32825
forecast_7121,2025-10-24 17:00:00,1958.9818155391652,1871.1785,303.38934
forecast_7122,2025-10-24 18:00:00,2692.5724131216148,2555.9543,314.97565
forecast_7123,2025-10-24 19:00:00,2770.62593229054,3516.8052,323.9322
forecast_7124,2025-10-24 20:00:00,2242.539776389011,3924.5144,331.7114
forecast_7125,2025-10-24 21:00:00,2372.999961662305,3941.5662,345.49057
forecast_7126,2025-10-24 22:00:00,3067.933237060869,3605.9536,360.76923
forecast_7127,2025-10-24 23:00:00,1989.7878013757127,2882.5803,352.5153
forecast_7128,2025-10-25 00:00:00,1578.7323722956066,2116.7993,305.38477
forecast_7129,2025-10-25 01:00:00,2052.2193770496187,2352.8303,291.0634
forecast_7130,2025-10-25 02:00:00,1739.0145949183984,2431.414,380.48138
forecast_7131,2025-10-25 03:00:00,1333.551177891811,2585.9531,479.62173
forecast_7132,2025-10-25 04:00:00,1604.298869244939,3046.5488,689.3373
forecast_7133,2025-10-25 05:00:00,1113.5977045850952,3078.6938,896.8103
forecast_7134,2025-10-25 06:00:00,1330.612128497916,2034.155,870.8554
forecast_7135,2025-10-25 07:00:00,1606.5640023073145,1298.8684,804.2073
forecast_7136,2025-10-25 08:00:00,1483.1883337482573,877.27826,741.28186
forecast_7137,2025-10-25 09:00:00,1105.169233590683,581.5787,600.81226
forecast_7138,2025-10-25 10:00:00,473.24954755840224,431.79648,461.2775
forecast_7139,2025-10-25 11:00:00,60.021645415732294,327.81317,360.0166
forecast_7140,2025-10-25 12:00:00,233.48916625225192,338.9814,389.06958
forecast_7141,2025-10-25 13:00:00,618.3078178376134,377.63864,376.1344
forecast_7142,2025-10-25 14:00:00,231.37249140139124,545.0332,400.53793
forecast_7143,2025-10-25 15:00:00,66.735293888448,440.20807,289.30338
forecast_7144,2025-10-25 16:00:00,125.3755483801066,339.6771,261.68414
forecast_7145,2025-10-25 17:00:00,385.8925076804738,317.35,337.61853
forecast_7146,2025-10-25 18:00:00,185.1052588687439,297.85617,357.43076
forecast_7147,2025-10-25 19:00:00,96.5790454378146,301.90616,338.95358
forecast_7148,2025-10-25 20:00:00,157.79107468575705,307.5688,293.96667
forecast_7149,2025-10-25 21:00:00,122.11511545321859,363.822,296.6969
forecast_7150,2025-10-25 22:00:00,239.94714169901857,476.39294,330.0763
forecast_7151,2025-10-25 23:00:00,543.4251691965951,638.0548,358.8465
forecast_7152,2025-10-26 00:00:00,1441.2132385433838,847.73987,417.60202
forecast_7153,2025-10-26 01:00:00,138.99646214582137,1064.2401,512.4046
forecast_7154,2025-10-26 02:00:00,541.0365962568264,1071.7478,622.5525
forecast_7155,2025-10-26 03:00:00,515.0157293628678,980.13403,630.6786
forecast_7156,2025-10-26 04:00:00,443.91207220517254,873.95605,637.8817
forecast_7157,2025-10-26 05:00:00,1032.299229418487,969.66,702.5333
forecast_7158,2025-10-26 06:00:00,971.3491188056261,899.05536,785.63727
forecast_7159,2025-10-26 07:00:00,1064.5339559463853,893.5712,839.1813
forecast_7160,2025-10-26 08:00:00,1556.014027188322,993.7942,880.79486
forecast_7161,2025-10-26 09:00:00,1990.9000206089413,1266.2739,872.3811
forecast_7162,2025-10-26 10:00:00,1471.5043997181783,1364.445,945.3914
forecast_7163,2025-10-26 11:00:00,1151.960575292875,1186.6251,934.23914
forecast_7164,2025-10-26 12:00:00,2013.901770785259,1021.5589,707.93134
forecast_7165,2025-10-26 13:00:00,2280.213868533644,1351.7288,906.95166
forecast_7166,2025-10-26 14:00:00,3087.2023086982385,1799.6443,1300.8589
forecast_7167,2025-10-26 15:00:00,3243.9556410009263,2582.3655,1882.927
forecast_7168,2025-10-26 16:00:00,3867.645778987649,3081.1987,2134.559
forecast_7169,2025-10-26 17:00:00,5323.032813745342,3599.6196,2231.7612
forecast_7170,2025-10-26 18:00:00,4836.052219536006,4495.8706,2735.2263
forecast_7171,2025-10-26 19:00:00,5208.51631717643,6023.618,3928.5835
forecast_7172,2025-10-26 20:00:00,6498.020057957859,8028.786,5589.6587
forecast_7173,2025-10-26 21:00:00,8975.010429802274,9500.547,6879.3203
forecast_7174,2025-10-26 22:00:00,11926.89202205379,11061.918,8170.392
forecast_7175,2025-10-26 23:00:00,12403.353475406491,13293.89,10565.313
forecast_7176,2025-10-27 00:00:00,13400.16334981017,14711.856,12260.379
forecast_7177,2025-10-27 01:00:00,14160.237373394391,15256.211,12801.659
forecast_7178,2025-10-27 02:00:00,15423.770519217614,16026.221,13127.813
forecast_7179,2025-10-27 03:00:00,15756.172728918922,16388.273,13470.346
forecast_7180,2025-10-27 04:00:00,15289.439438073372,16874.416,13893.23
forecast_7181,2025-10-27 05:00:00,15489.6104345409,16767.445,13863.997
forecast_7182,2025-10-27 06:00:00,13644.356441243812,15813.652,12578.754
forecast_7183,2025-10-27 07:00:00,13874.257423570514,13943.508,10285.057
forecast_7184,2025-10-27 08:00:00,12833.62549174734,13080.017,9395.96
forecast_7185,2025-10-27 09:00:00,11566.609343110795,12992.504,9523.304
forecast_7186,2025-10-27 10:00:00,9868.936072528913,12600.839,9444.629
forecast_7187,2025-10-27 11:00:00,8920.323629690429,11445.034,8620.227
forecast_7188,2025-10-27 12:00:00,11255.678414307466,11951.547,8730.963
forecast_7189,2025-10-27 13:00:00,12324.008135028615,13038.278,9822.672
forecast_7190,2025-10-27 14:00:00,13679.946056933117,13593.869,10534.797
forecast_7191,2025-10-27 15:00:00,13590.645577529254,13752.534,10801.435
forecast_7192,2025-10-27 16:00:00,13086.288231656252,14282.417,11306.19
forecast_7193,2025-10-27 17:00:00,13620.584603264142,14733.969,11897.932
forecast_7194,2025-10-27 18:00:00,13050.337641928205,15019.611,12456.476
forecast_7195,2025-10-27 19:00:00,12612.215081075254,14921.587,12345.218
forecast_7196,2025-10-27 20:00:00,12405.72271838837,14384.371,11898.162
forecast_7197,2025-10-27 21:00:00,11349.77948749462,13276.187,11040.774
forecast_7198,2025-10-27 22:00:00,10925.648289447648,11879.517,9767.109
forecast_7199,2025-10-27 23:00:00,10258.835375123019,11295.865,9004.739
forecast_7200,2025-10-28 00:00:00,10260.196212917492,10848.053,7930.828
forecast_7201,2025-10-28 01:00:00,12013.711201010025,10344.436,7140.639
forecast_7202,2025-10-28 02:00:00,14742.138279686347,11960.986,8367.642
forecast_7203,2025-10-28 03:00:00,13825.215561292262,12591.141,8847.587
forecast_7204,2025-10-28 04:00:00,13336.569556898941,12822.586,8271.667
forecast_7205,2025-10-28 05:00:00,11170.55565237857,13071.638,7490.155
forecast_7206,2025-10-28 06:00:00,10901.689563589605,12553.839,6501.1606
forecast_7207,2025-10-28 07:00:00,10244.477947508425,11507.074,5707.5723
forecast_7208,2025-10-28 08:00:00,8580.7911943334,11165.613,5545.8545
forecast_7209,2025-10-28 09:00:00,6220.054864095258,9734.829,4990.5625
forecast_7210,2025-10-28 10:00:00,3292.135605921856,5572.0317,3452.1033
forecast_7211,2025-10-28 11:00:00,2688.3037915834093,2906.005,2086.4907
forecast_7212,2025-10-28 12:00:00,3812.3418361835056,1983.9119,1358.2144
forecast_7213,2025-10-28 13:00:00,4512.204810509493,2565.504,1385.7369
forecast_7214,2025-10-28 14:00:00,3903.5864533373715,3003.0925,1645.8989
forecast_7215,2025-10-28 15:00:00,3835.6310057260876,2957.374,1892.8507
forecast_7216,2025-10-28 16:00:00,3643.708074395315,2969.8125,2154.0237
forecast_7217,2025-10-28 17:00:00,3508.435222232714,3062.9272,2345.8625
forecast_7218,2025-10-28 18:00:00,4783.123618970923,3290.5027,2183.4731
forecast_7219,2025-10-28 19:00:00,7058.536393981924,4806.311,2678.212
forecast_7220,2025-10-28 20:00:00,8524.374969895392,7052.545,3957.0225
forecast_7221,2025-10-28 21:00:00,7468.044323274724,9320.48,5444.222
forecast_7222,2025-10-28 22:00:00,6365.629070021438,10430.301,5887.109
forecast_7223,2025-10-28 23:00:00,6173.488977224492,10483.574,5142.251
forecast_7224,2025-10-29 00:00:00,6374.482429684036,10083.285,4336.1904
forecast_7225,2025-10-29 01:00:00,6848.835142190494,9633.323,3858.369
forecast_7226,2025-10-29 02:00:00,5224.400995667814,7357.5186,2961.8818
forecast_7227,2025-10-29 03:00:00,4782.2893175458485,5678.928,2435.6494
forecast_7228,2025-10-29 04:00:00,4529.91430322691,4982.972,2239.8857
forecast_7229,2025-10-29 05:00:00,2617.774950572906,4681.907,1924.4191
forecast_7230,2025-10-29 06:00:00,2248.351016490502,4039.4473,1604.7747
forecast_7231,2025-10-29 07:00:00,2178.2453742658727,2665.3088,1299.3057
forecast_7232,2025-10-29 08:00:00,1548.669111741785,1448.8937,937.2308
forecast_7233,2025-10-29 09:00:00,600.7089947168374,701.9116,623.96405
forecast_7234,2025-10-29 10:00:00,72.95297113803285,360.87796,373.4529
forecast_7235,2025-10-29 11:00:00,8.176669454347797,220.69008,222.31807
forecast_7236,2025-10-29 12:00:00,22.215764596019454,173.086,164.22945
forecast_7237,2025-10-29 13:00:00,46.09636960001111,159.25931,135.26172
forecast_7238,2025-10-29 14:00:00,69.0489593739731,159.06546,143.20535
forecast_7239,2025-10-29 15:00:00,36.53570744192215,168.27782,175.8384
forecast_7240,2025-10-29 16:00:00,74.9445056927634,175.99667,197.52446
forecast_7241,2025-10-29 17:00:00,35.406541416234205,190.13196,172.73352
forecast_7242,2025-10-29 18:00:00,316.265797333814,254.1669,173.91191
forecast_7243,2025-10-29 19:00:00,1436.822083479297,706.1835,253.53406
forecast_7244,2025-10-29 20:00:00,1597.503974131368,2377.638,447.31583
forecast_7245,2025-10-29 21:00:00,2141.985623463023,3803.4136,916.0582
forecast_7246,2025-10-29 22:00:00,4381.322861964926,4321.2295,1532.2891
forecast_7247,2025-10-29 23:00:00,4583.310090367242,6321.594,2247.5574
forecast_7248,2025-10-30 00:00:00,5476.9614755622415,8217.068,2824.5012
forecast_7249,2025-10-30 01:00:00,4972.277488816202,9932.481,3355.614
forecast_7250,2025-10-30 02:00:00,7257.21432908427,10057.827,4153.5923
forecast_7251,2025-10-30 03:00:00,10140.586370681596,11406.796,5369.6943
forecast_7252,2025-10-30 04:00:00,11086.794398704738,13968.065,6801.5005
forecast_7253,2025-10-30 05:00:00,11076.45623131691,15255.035,7406.3955
forecast_7254,2025-10-30 06:00:00,11318.287967629989,15960.2295,7622.6626
forecast_7255,2025-10-30 07:00:00,9309.179142170186,16020.721,7438.282
forecast_7256,2025-10-30 08:00:00,8459.446032720458,15076.245,6514.132
forecast_7257,2025-10-30 09:00:00,5524.969471378816,11926.685,4557.3174
forecast_7258,2025-10-30 10:00:00,3307.1035419525006,6290.7666,2546.3027
forecast_7259,2025-10-30 11:00:00,1882.723235168473,2672.1663,1444.2869
forecast_7260,2025-10-30 12:00:00,499.2622696041699,1336.454,999.79315
forecast_7261,2025-10-30 13:00:00,738.7644618963188,734.3432,672.75653
forecast_7262,2025-10-30 14:00:00,713.8434457782708,641.60187,631.0707
forecast_7263,2025-10-30 15:00:00,317.9749913019891,586.7398,621.88153
forecast_7264,2025-10-30 16:00:00,742.2124754961446,575.7982,632.18195
forecast_7265,2025-10-30 17:00:00,1645.9394461660727,723.2018,706.48596
forecast_7266,2025-10-30 18:00:00,1756.2091723151061,1083.4135,871.33154
forecast_7267,2025-10-30 19:00:00,2482.958134094471,1501.0443,1064.4237
forecast_7268,2025-10-30 20:00:00,2714.844388262092,1686.3423,1125.9314
forecast_7269,2025-10-30 21:00:00,2956.2863430414345,1418.2229,950.45715
forecast_7270,2025-10-30 22:00:00,2005.1881540769627,1586.4156,984.79846
forecast_7271,2025-10-30 23:00:00,1982.5180478353275,1217.479,975.39636
forecast_7272,2025-10-31 00:00:00,1700.7051676455362,986.9205,951.25397
forecast_7273,2025-10-31 01:00:00,251.55860581666482,936.3168,846.64984
forecast_7274,2025-10-31 02:00:00,140.36840116563062,672.7901,631.2617
forecast_7275,2025-10-31 03:00:00,203.61257968115706,621.8476,417.9361
forecast_7276,2025-10-31 04:00:00,245.42080548703797,633.746,301.59644
forecast_7277,2025-10-31 05:00:00,282.48635522717467,738.0884,310.90973
forecast_7278,2025-10-31 06:00:00,381.9598274888366,688.5178,287.23917
forecast_7279,2025-10-31 07:00:00,272.9288247510289,621.35376,231.44211
forecast_7280,2025-10-31 08:00:00,427.05792168229493,622.674,236.99414
forecast_7281,2025-10-31 09:00:00,269.75850898902075,522.1401,163.49094
forecast_7282,2025-10-31 10:00:00,118.73310745988749,526.0135,131.58987
forecast_7283,2025-10-31 11:00:00,171.41036166414221,526.3383,129.44627
forecast_7284,2025-10-31 12:00:00,110.71241050284797,443.22766,133.12204
forecast_7285,2025-10-31 13:00:00,24.033457046515377,336.83313,134.87527
forecast_7286,2025-10-31 14:00:00,80.62635517319892,268.78668,131.7114
forecast_7287,2025-10-31 15:00:00,10.84361001291405,255.6761,132.696
forecast_7288,2025-10-31 16:00:00,42.339235239770375,264.932,132.24094
forecast_7289,2025-10-31 17:00:00,19.194879592843478,278.82224,141.77573
forecast_7290,2025-10-31 18:00:00,306.5778052919254,301.36285,161.23761
forecast_7291,2025-10-31 19:00:00,1502.7335593805883,534.82117,219.22215
forecast_7292,2025-10-31 20:00:00,4148.595372465628,1513.1143,423.8409
forecast_7293,2025-10-31 21:00:00,5925.267066303161,3298.4077,886.3889
forecast_7294,2025-10-31 22:00:00,7192.190748443245,5368.318,1893.0803
forecast_7295,2025-10-31 23:00:00,8264.172680244323,7209.184,3270.846
forecast_7296,2025-11-01 00:00:00,7691.2374776438655,8385.381,4142.8145
forecast_7297,2025-11-01 01:00:00,8949.157470399194,9646.942,3967.3962
forecast_7298,2025-11-01 02:00:00,7474.293091227701,11629.66,5385.227
forecast_7299,2025-11-01 03:00:00,7733.597384619212,12974.707,6436.241
forecast_7300,2025-11-01 04:00:00,10710.369931208741,13473.362,7443.477
forecast_7301,2025-11-01 05:00:00,11322.549706570364,13707.541,8426.415
forecast_7302,2025-11-01 06:00:00,11550.547636530151,13971.54,9351.101
forecast_7303,2025-11-01 07:00:00,11424.5340181837,13853.461,10280.301
forecast_7304,2025-11-01 08:00:00,11589.5827455809,13505.602,10959.364
forecast_7305,2025-11-01 09:00:00,12182.138963429807,12997.235,11131.516
forecast_7306,2025-11-01 10:00:00,13449.327524713877,13211.507,11276.759
forecast_7307,2025-11-01 11:00:00,13355.769303901356,13795.7295,11696.043
forecast_7308,2025-11-01 12:00:00,13608.343737786252,14242.836,11911.091
forecast_7309,2025-11-01 13:00:00,13608.74694160164,14003.141,11004.374
forecast_7310,2025-11-01 14:00:00,13797.928079635323,13824.151,10383.926
forecast_7311,2025-11-01 15:00:00,13545.974960087635,13690.443,10084.985
forecast_7312,2025-11-01 16:00:00,13274.311567795103,13665.093,10090.357
forecast_7313,2025-11-01 17:00:00,13260.034052184203,13527.689,10183.241
forecast_7314,2025-11-01 18:00:00,13193.67570463769,13995.771,11000.605
forecast_7315,2025-11-01 19:00:00,13280.722434619769,14135.307,11763.168
forecast_7316,2025-11-01 20:00:00,14908.18550708347,14046.044,12336.732
forecast_7317,2025-11-01 21:00:00,14640.158918616797,14814.04,12986.527
forecast_7318,2025-11-01 22:00:00,15945.295637014236,15155.862,13248.79
forecast_7319,2025-11-01 23:00:00,16572.868983187433,15185.994,13188.75
forecast_7320,2025-11-02 00:00:00,16250.296791561188,15460.864,13300.569
forecast_7321,2025-11-02 01:00:00,15801.020041053402,15265.017,13244.288
forecast_7322,2025-11-02 02:00:00,16357.863600099605,14763.122,12522.941
forecast_7323,2025-11-02 03:00:00,15327.48923999381,14744.375,12246.022
forecast_7324,2025-11-02 04:00:00,15321.601167928027,14282.167,11901.035
forecast_7325,2025-11-02 05:00:00,14998.588182067377,14323.751,12106.139
forecast_7326,2025-11-02 06:00:00,15234.712105736637,14135.437,12550.31
forecast_7327,2025-11-02 07:00:00,15514.350086870185,14297.31,13002.578
forecast_7328,2025-11-02 08:00:00,16096.289744791075,15217.118,13758.583
forecast_7329,2025-11-02 09:00:00,15294.489900169485,15882.26,14324.24
forecast_7330,2025-11-02 10:00:00,15442.371476750106,16089.706,14372.139
forecast_7331,2025-11-02 11:00:00,15184.368708521079,16331.164,14121.645
forecast_7332,2025-11-02 12:00:00,14149.212878105416,16542.797,13635.468
forecast_7333,2025-11-02 13:00:00,13647.752060051213,16323.096,12745.734
forecast_7334,2025-11-02 14:00:00,13148.301394516759,15703.748,11354.291
forecast_7335,2025-11-02 15:00:00,13417.795653333294,15325.653,10791.101
forecast_7336,2025-11-02 16:00:00,13453.504664264901,15514.288,11402.767
forecast_7337,2025-11-02 17:00:00,12909.860593329337,15163.256,11544.0625
forecast_7338,2025-11-02 18:00:00,12796.83222158659,13546.117,10406.387
forecast_7339,2025-11-02 19:00:00,13152.933145261377,12131.817,9977.653
forecast_7340,2025-11-02 20:00:00,10009.494281032825,11722.688,9784.92
forecast_7341,2025-11-02 21:00:00,5750.945379005086,9215.885,8210.858
forecast_7342,2025-11-02 22:00:00,7428.002023496132,5628.202,4958.6973
forecast_7343,2025-11-02 23:00:00,7020.537089082395,4924.166,3714.7642
forecast_7344,2025-11-03 00:00:00,6896.13586684796,5387.685,3351.1377
forecast_7345,2025-11-03 01:00:00,6292.956793646531,6354.0156,3212.6821
forecast_7346,2025-11-03 02:00:00,5357.022151894999,7956.058,3021.5383
forecast_7347,2025-11-03 03:00:00,5298.02496518514,7737.663,2239.9463
forecast_7348,2025-11-03 04:00:00,5522.2065591092105,5555.3516,1782.7549
forecast_7349,2025-11-03 05:00:00,4291.020617654907,3963.6516,1566.5314
forecast_7350,2025-11-03 06:00:00,3161.1323892204405,3113.3008,1429.2169
forecast_7351,2025-11-03 07:00:00,3230.0442872461904,3025.2954,1482.9768
forecast_7352,2025-11-03 08:00:00,2837.294717658651,2798.8962,1195.7325
forecast_7353,2025-11-03 09:00:00,2190.8117727945023,2227.5232,675.6788
forecast_7354,2025-11-03 10:00:00,622.3169633802746,2010.1155,445.84863
forecast_7355,2025-11-03 11:00:00,288.02238792160944,1617.4001,320.43677
forecast_7356,2025-11-03 12:00:00,134.82916780162725,933.5104,226.57744
forecast_7357,2025-11-03 13:00:00,71.68682103337348,491.7602,174.03458
forecast_7358,2025-11-03 14:00:00,35.607581305713026,307.1878,147.4945
forecast_7359,2025-11-03 15:00:00,9.683623363661956,225.427,138.66505
forecast_7360,2025-11-03 16:00:00,0.0,187.6386,138.60452
forecast_7361,2025-11-03 17:00:00,116.23869131491713,178.43196,144.50342
forecast_7362,2025-11-03 18:00:00,353.1955482484498,202.83453,161.55699
forecast_7363,2025-11-03 19:00:00,523.6224292614257,288.2141,195.87042
forecast_7364,2025-11-03 20:00:00,1073.4567985828176,662.24615,254.4279
forecast_7365,2025-11-03 21:00:00,2019.0495690703874,1758.4973,434.94534
forecast_7366,2025-11-03 22:00:00,3561.806557869434,4301.95,946.9767
forecast_7367,2025-11-03 23:00:00,5377.3920895812535,6957.8716,1735.3275
forecast_7368,2025-11-04 00:00:00,7317.346889516444,9506.399,2990.8184
forecast_7369,2025-11-04 01:00:00,5666.289315401075,11378.295,4251.254
forecast_7370,2025-11-04 02:00:00,6403.980370727024,11606.388,3969.0945
forecast_7371,2025-11-04 03:00:00,5899.52144897536,12788.81,4508.913
forecast_7372,2025-11-04 04:00:00,6098.066152063515,13496.832,5072.7173
forecast_7373,2025-11-04 05:00:00,5926.22886167412,14142.012,5451.0566
forecast_7374,2025-11-04 06:00:00,7253.350761739112,14637.668,5304.292
forecast_7375,2025-11-04 07:00:00,9142.199730977838,15367.843,6310.9365
forecast_7376,2025-11-04 08:00:00,10726.4292967456,15922.223,7449.116
forecast_7377,2025-11-04 09:00:00,11275.140936457241,16252.998,8829.671
forecast_7378,2025-11-04 10:00:00,11373.348259361188,16263.246,10068.003
forecast_7379,2025-11-04 11:00:00,9396.610833460561,15979.232,10460.2295
forecast_7380,2025-11-04 12:00:00,8326.64429756913,14808.831,9397.253
forecast_7381,2025-11-04 13:00:00,6975.600478715255,13328.446,7912.7485
forecast_7382,2025-11-04 14:00:00,6363.769994267,11751.454,6865.497
forecast_7383,2025-11-04 15:00:00,6143.2376687979595,10568.115,6372.46
forecast_7384,2025-11-04 16:00:00,6435.521146167828,10073.15,6328.186
forecast_7385,2025-11-04 17:00:00,7603.09243431993,10285.268,6116.511
forecast_7386,2025-11-04 18:00:00,7354.6470138373925,10961.903,5636.1523
forecast_7387,2025-11-04 19:00:00,7367.801437698318,12476.814,5844.289
forecast_7388,2025-11-04 20:00:00,7646.159824703604,13737.693,6478.6694
forecast_7389,2025-11-04 21:00:00,8244.286809610981,14239.56,7154.5913
forecast_7390,2025-11-04 22:00:00,8093.612533692978,13230.061,6829.3223
forecast_7391,2025-11-04 23:00:00,6842.297337460359,11439.371,5763.579
forecast_7392,2025-11-05 00:00:00,6938.167590621502,9385.124,4692.457
forecast_7393,2025-11-05 01:00:00,7633.129743633849,7366.159,3713.717
forecast_7394,2025-11-05 02:00:00,5103.999442665042,6431.163,3323.2642
forecast_7395,2025-11-05 03:00:00,4223.478796560568,4570.5356,2796.7097
forecast_7396,2025-11-05 04:00:00,1602.0478079165202,2502.1345,1956.0664
forecast_7397,2025-11-05 05:00:00,535.953762992207,1336.7527,1253.719
forecast_7398,2025-11-05 06:00:00,215.69214071737073,767.2917,867.0759
forecast_7399,2025-11-05 07:00:00,167.02454935186455,332.42255,445.13516
forecast_7400,2025-11-05 08:00:00,111.49647140043878,228.19281,205.67813
forecast_7401,2025-11-05 09:00:00,61.80179475750895,202.48988,150.75348
forecast_7402,2025-11-05 10:00:00,36.641357779554255,190.81047,130.80653
forecast_7403,2025-11-05 11:00:00,26.567084940684516,188.33711,130.95526
forecast_7404,2025-11-05 12:00:00,50.98627689319836,190.20746,137.52802
forecast_7405,2025-11-05 13:00:00,0.0,194.2404,147.96301
forecast_7406,2025-11-05 14:00:00,58.7994097894189,198.97269,164.9611
forecast_7407,2025-11-05 15:00:00,61.5560393584624,194.34517,157.51297
forecast_7408,2025-11-05 16:00:00,14.635576014195582,188.68425,149.4309
forecast_7409,2025-11-05 17:00:00,79.34136730712697,193.82579,147.46518
forecast_7410,2025-11-05 18:00:00,108.87386440841394,201.80438,156.465
forecast_7411,2025-11-05 19:00:00,78.07174604650521,227.85971,171.35341
forecast_7412,2025-11-05 20:00:00,71.80688037801424,261.9569,199.11487
forecast_7413,2025-11-05 21:00:00,100.37681866513607,292.79694,247.81465
forecast_7414,2025-11-05 22:00:00,217.49536779232318,331.73108,285.29358
forecast_7415,2025-11-05 23:00:00,326.7495138179922,454.0522,339.87167
forecast_7416,2025-11-06 00:00:00,617.6068673510778,745.89185,395.20035
forecast_7417,2025-11-06 01:00:00,1102.152277808735,1599.3508,628.7134
forecast_7418,2025-11-06 02:00:00,2753.4240554367784,3148.9487,1204.3396
forecast_7419,2025-11-06 03:00:00,4253.349580578625,4244.574,2002.6134
forecast_7420,2025-11-06 04:00:00,4475.999571411082,5525.4863,2548.648
forecast_7421,2025-11-06 05:00:00,4400.501380832205,6181.525,2571.4124
forecast_7422,2025-11-06 06:00:00,6559.785746590215,5929.419,2377.9858
forecast_7423,2025-11-06 07:00:00,5431.381484605831,5927.975,2534.3196
forecast_7424,2025-11-06 08:00:00,2744.7887613664147,4748.812,2319.4702
forecast_7425,2025-11-06 09:00:00,1161.944501295205,1847.0914,1312.9513
forecast_7426,2025-11-06 10:00:00,318.399017189659,581.34906,583.0167
forecast_7427,2025-11-06 11:00:00,232.84681950813953,280.28632,284.23996
forecast_7428,2025-11-06 12:00:00,54.839717327432076,216.62695,215.74916
forecast_7429,2025-11-06 13:00:00,17.353038407933084,183.86786,148.99501
forecast_7430,2025-11-06 14:00:00,47.746472995680044,182.45245,149.78831
forecast_7431,2025-11-06 15:00:00,0.0,187.27545,177.29704
forecast_7432,2025-11-06 16:00:00,0.0,195.26782,182.49178
forecast_7433,2025-11-06 17:00:00,0.0,243.43509,197.34625
forecast_7434,2025-11-06 18:00:00,180.42941963726204,412.62375,228.17897
forecast_7435,2025-11-06 19:00:00,316.1854916508824,913.5725,253.82849
forecast_7436,2025-11-06 20:00:00,333.6604659535367,1525.3864,258.7722
forecast_7437,2025-11-06 21:00:00,282.1688329711528,1447.0955,276.43582
forecast_7438,2025-11-06 22:00:00,215.47659978096237,1162.6418,240.03812
forecast_7439,2025-11-06 23:00:00,240.99659671344912,1161.8214,272.8219
forecast_7440,2025-11-07 00:00:00,307.5623502593085,1096.2284,253.44724
forecast_7441,2025-11-07 01:00:00,388.64556760814673,1007.493,218.6401
forecast_7442,2025-11-07 02:00:00,1886.1817612614357,766.5325,203.73085
forecast_7443,2025-11-07 03:00:00,2603.7261916779753,588.2406,363.47806
forecast_7444,2025-11-07 04:00:00,3006.9303958589544,595.9156,815.50964
forecast_7445,2025-11-07 05:00:00,3116.0138680400064,783.0501,1426.6268
forecast_7446,2025-11-07 06:00:00,2204.1135491567734,1169.2976,1835.1154
forecast_7447,2025-11-07 07:00:00,954.8269956054378,1564.7035,1826.2323
forecast_7448,2025-11-07 08:00:00,309.86133752441253,1157.7003,1239.2992
forecast_7449,2025-11-07 09:00:00,170.52090918915405,574.0143,531.61865
forecast_7450,2025-11-07 10:00:00,90.9983980386233,315.06555,233.9507
forecast_7451,2025-11-07 11:00:00,11.405649833868022,280.97705,133.1944
forecast_7452,2025-11-07 12:00:00,0.0,284.19324,114.277275
forecast_7453,2025-11-07 13:00:00,136.13746348542426,275.97458,114.70687
forecast_7454,2025-11-07 14:00:00,360.8476879615908,314.88586,118.5696
forecast_7455,2025-11-07 15:00:00,303.2801649827528,453.87994,125.35511
forecast_7456,2025-11-07 16:00:00,388.3900779194007,770.7584,145.21544
forecast_7457,2025-11-07 17:00:00,961.121409148765,1483.6765,181.93219
forecast_7458,2025-11-07 18:00:00,1190.959319153113,2483.343,247.1342
forecast_7459,2025-11-07 19:00:00,1852.1268164495684,3219.088,300.89557
forecast_7460,2025-11-07 20:00:00,2064.3810626628156,3185.7297,312.68225
forecast_7461,2025-11-07 21:00:00,2313.556113873944,3072.9946,328.93738
forecast_7462,2025-11-07 22:00:00,2227.0187356124607,3058.4854,350.81882
forecast_7463,2025-11-07 23:00:00,2410.1511617754372,3488.9714,362.58347
forecast_7464,2025-11-08 00:00:00,2237.4374940553744,3544.5657,373.93103
forecast_7465,2025-11-08 01:00:00,2174.315918375049,2842.7227,342.43698
forecast_7466,2025-11-08 02:00:00,1708.6300254089492,2063.548,276.5109
forecast_7467,2025-11-08 03:00:00,1657.573223094603,1571.5881,263.63876
forecast_7468,2025-11-08 04:00:00,1960.6717475693395,1276.6965,210.2043
forecast_7469,2025-11-08 05:00:00,2253.556114789014,1385.5918,196.18248
forecast_7470,2025-11-08 06:00:00,2219.772344702546,1854.0057,212.598
forecast_7471,2025-11-08 07:00:00,2518.112701387198,2139.1267,223.83311
forecast_7472,2025-11-08 08:00:00,1972.8498935867622,2246.4788,265.04044
forecast_7473,2025-11-08 09:00:00,1544.668648882969,1577.3881,280.2087
forecast_7474,2025-11-08 10:00:00,1031.375803711906,829.795,270.598
forecast_7475,2025-11-08 11:00:00,886.0212062190257,571.41626,242.477
forecast_7476,2025-11-08 12:00:00,669.790236811018,482.7102,248.16296
forecast_7477,2025-11-08 13:00:00,787.5771669148232,445.00012,227.9837
forecast_7478,2025-11-08 14:00:00,830.9700224384626,652.65955,253.43613
forecast_7479,2025-11-08 15:00:00,936.5602473957462,1017.47235,316.8722
forecast_7480,2025-11-08 16:00:00,1559.3774459145575,1480.3802,392.8192
forecast_7481,2025-11-08 17:00:00,1816.7498171160394,2183.5503,497.9227
forecast_7482,2025-11-08 18:00:00,2209.8141107304127,2761.0237,650.6424
forecast_7483,2025-11-08 19:00:00,2436.2142263137926,3792.363,837.23865
forecast_7484,2025-11-08 20:00:00,2790.084515133797,4974.542,974.0178
forecast_7485,2025-11-08 21:00:00,4256.499687625323,6836.9756,1329.2058
forecast_7486,2025-11-08 22:00:00,5318.202804902985,8000.402,1725.5237
forecast_7487,2025-11-08 23:00:00,7458.235315208408,8625.284,1985.1611
forecast_7488,2025-11-09 00:00:00,5942.334163166937,10119.949,2909.834
forecast_7489,2025-11-09 01:00:00,4058.2796596443754,11630.114,3603.3042
forecast_7490,2025-11-09 02:00:00,5375.110425732371,11908.667,4299.5664
forecast_7491,2025-11-09 03:00:00,6625.392367508222,12009.953,4649.712
forecast_7492,2025-11-09 04:00:00,10391.482660125048,13326.637,5201.9844
forecast_7493,2025-11-09 05:00:00,10756.082613227645,12711.163,5558.193
forecast_7494,2025-11-09 06:00:00,12830.367399678264,13485.486,6696.717
forecast_7495,2025-11-09 07:00:00,13350.476741145567,13993.104,8378.369
forecast_7496,2025-11-09 08:00:00,11912.013434063892,14681.44,10077.347
forecast_7497,2025-11-09 09:00:00,12422.419645618653,14721.469,10759.623
forecast_7498,2025-11-09 10:00:00,12339.073707184512,14036.642,10442.672
forecast_7499,2025-11-09 11:00:00,9727.821311823964,12523.581,9408.474
forecast_7500,2025-11-09 12:00:00,8691.802724485811,11960.989,8352.459
forecast_7501,2025-11-09 13:00:00,10069.799948569851,12496.954,7925.337
forecast_7502,2025-11-09 14:00:00,12250.51951597664,13270.435,8400.432
forecast_7503,2025-11-09 15:00:00,13073.396322373688,13411.883,8973.204
forecast_7504,2025-11-09 16:00:00,12992.327078002078,13696.921,9893.026
forecast_7505,2025-11-09 17:00:00,13318.59546703556,13973.844,11078.017
forecast_7506,2025-11-09 18:00:00,13541.44849348052,14194.159,11728.129
forecast_7507,2025-11-09 19:00:00,15624.534500433465,14448.517,12257.27
forecast_7508,2025-11-09 20:00:00,15855.031456450342,14957.271,12839.012
forecast_7509,2025-11-09 21:00:00,15495.924053366303,15707.758,13692.64
forecast_7510,2025-11-09 22:00:00,15203.574395655229,16101.084,14157.447
forecast_7511,2025-11-09 23:00:00,13680.717577439947,15895.16,13948.884
forecast_7512,2025-11-10 00:00:00,13626.431607622855,15333.7705,12720.196
forecast_7513,2025-11-10 01:00:00,13522.785791039496,14261.244,11424.5205
forecast_7514,2025-11-10 02:00:00,12515.80558023359,13409.599,10911.301
forecast_7515,2025-11-10 03:00:00,11934.773021301253,12150.923,9709.089
forecast_7516,2025-11-10 04:00:00,12762.85097731286,12054.875,9660.223
forecast_7517,2025-11-10 05:00:00,13701.001361555902,12569.156,10070.401
forecast_7518,2025-11-10 06:00:00,15051.013765401554,13481.472,11541.625
forecast_7519,2025-11-10 07:00:00,16427.349514282523,14087.316,12550.199
forecast_7520,2025-11-10 08:00:00,15543.674791327388,14439.057,12724.6045
forecast_7521,2025-11-10 09:00:00,13598.19634735012,13514.58,11283.165
forecast_7522,2025-11-10 10:00:00,10535.411803167015,12209.681,9847.252
forecast_7523,2025-11-10 11:00:00,9126.198821065642,10377.702,8099.8623
forecast_7524,2025-11-10 12:00:00,7767.032937806278,9074.619,6525.969
forecast_7525,2025-11-10 13:00:00,5584.150090299729,8190.662,5865.608
forecast_7526,2025-11-10 14:00:00,5437.563618949673,6299.4663,5071.769
forecast_7527,2025-11-10 15:00:00,4845.669507615018,5113.415,4405.459
forecast_7528,2025-11-10 16:00:00,4521.913173546433,4813.015,4168.751
forecast_7529,2025-11-10 17:00:00,5093.6377960905875,6213.686,4799.7227
forecast_7530,2025-11-10 18:00:00,9969.045680154768,9263.435,6203.795
forecast_7531,2025-11-10 19:00:00,14078.469161028695,13193.968,8655.634
forecast_7532,2025-11-10 20:00:00,17167.516806340947,16172.877,11116.417
forecast_7533,2025-11-10 21:00:00,18625.40036414223,18046.434,12600.015
forecast_7534,2025-11-10 22:00:00,19888.886734082425,18896.523,13367.416
forecast_7535,2025-11-10 23:00:00,20094.006013872437,19441.35,13620.316
forecast_7536,2025-11-11 00:00:00,19399.18151921183,19715.303,13868.622
forecast_7537,2025-11-11 01:00:00,20423.63413647639,19672.168,13341.074
forecast_7538,2025-11-11 02:00:00,19953.855803872,19857.758,13628.757
forecast_7539,2025-11-11 03:00:00,18508.487918168255,19805.227,13072.042
forecast_7540,2025-11-11 04:00:00,15033.425106080698,19215.71,11371.023
forecast_7541,2025-11-11 05:00:00,10309.550547445118,17814.7,7804.595
forecast_7542,2025-11-11 06:00:00,5347.648536094937,14178.64,4481.8438
forecast_7543,2025-11-11 07:00:00,5743.948880537613,8204.271,2249.645
forecast_7544,2025-11-11 08:00:00,3489.4208264567264,4248.627,1591.1864
forecast_7545,2025-11-11 09:00:00,3794.3453897746126,1832.4666,1163.9921
forecast_7546,2025-11-11 10:00:00,2399.73667799334,1052.9254,921.8397
forecast_7547,2025-11-11 11:00:00,973.7057505275113,746.2154,755.3127
forecast_7548,2025-11-11 12:00:00,1034.0634469670902,648.9233,641.1247
forecast_7549,2025-11-11 13:00:00,857.5270132876831,611.24945,602.6645
forecast_7550,2025-11-11 14:00:00,708.3446193229046,565.63257,545.74994
forecast_7551,2025-11-11 15:00:00,607.3601718027436,539.9331,518.84564
forecast_7552,2025-11-11 16:00:00,350.1567036845869,618.5933,595.3859
forecast_7553,2025-11-11 17:00:00,602.2580525377492,541.5415,630.6292
forecast_7554,2025-11-11 18:00:00,280.3549111035615,396.7749,419.00372
forecast_7555,2025-11-11 19:00:00,281.4676808325732,443.53317,417.31345
forecast_7556,2025-11-11 20:00:00,195.45469402314095,414.40298,268.0614
forecast_7557,2025-11-11 21:00:00,379.8277030262604,432.62518,168.0957
forecast_7558,2025-11-11 22:00:00,514.6850359710724,673.788,162.44962
forecast_7559,2025-11-11 23:00:00,581.6809750787531,1065.5992,181.74702
forecast_7560,2025-11-12 00:00:00,881.6208789795106,1403.4991,202.5672
forecast_7561,2025-11-12 01:00:00,757.8193073488643,1696.3752,226.65749
forecast_7562,2025-11-12 02:00:00,1259.4645829396356,1402.643,238.25317
forecast_7563,2025-11-12 03:00:00,1458.882697558902,978.3611,349.1815
forecast_7564,2025-11-12 04:00:00,1099.5063499287917,810.2117,536.10223
forecast_7565,2025-11-12 05:00:00,1350.2275721759565,818.43097,687.6629
forecast_7566,2025-11-12 06:00:00,2319.9963354796114,895.70135,780.4922
forecast_7567,2025-11-12 07:00:00,3753.9838319250985,1318.1329,1044.7882
forecast_7568,2025-11-12 08:00:00,3096.1233460327453,2286.7432,1500.5203
forecast_7569,2025-11-12 09:00:00,3695.1563839241758,3660.2078,1900.9896
forecast_7570,2025-11-12 10:00:00,3480.4173292628443,4443.5835,2069.957
forecast_7571,2025-11-12 11:00:00,2666.554692854445,4057.1511,2145.4624
forecast_7572,2025-11-12 12:00:00,2626.8655365167897,3354.2693,2070.4124
forecast_7573,2025-11-12 13:00:00,3322.1344997722153,3023.2793,2031.2148
forecast_7574,2025-11-12 14:00:00,3288.228084882025,2957.8862,2091.966
forecast_7575,2025-11-12 15:00:00,4722.134412759337,3273.2107,2229.4834
forecast_7576,2025-11-12 16:00:00,5589.358423982802,4307.124,2685.5264
forecast_7577,2025-11-12 17:00:00,8724.131648533416,6017.649,3522.251
forecast_7578,2025-11-12 18:00:00,10503.472653264178,9912.224,5505.8237
forecast_7579,2025-11-12 19:00:00,12548.834631411675,13192.722,8057.0728
forecast_7580,2025-11-12 20:00:00,15330.737663381546,15598.869,10355.678
forecast_7581,2025-11-12 21:00:00,16890.41947863666,17164.006,12069.715
forecast_7582,2025-11-12 22:00:00,17748.06872209394,18364.438,13389.003
forecast_7583,2025-11-12 23:00:00,18373.747051757007,18877.16,14092.773
forecast_7584,2025-11-13 00:00:00,20534.377360761602,19212.627,14589.062
forecast_7585,2025-11-13 01:00:00,20968.98726236949,19405.162,15040.94
forecast_7586,2025-11-13 02:00:00,19922.637390712876,19614.674,15468.63
forecast_7587,2025-11-13 03:00:00,18532.167011791076,19726.393,15561.636
forecast_7588,2025-11-13 04:00:00,15946.205435648233,19616.193,15256.867
forecast_7589,2025-11-13 05:00:00,15543.149435363192,19378.432,14447.675
forecast_7590,2025-11-13 06:00:00,16448.766089198725,19113.365,13654.023
forecast_7591,2025-11-13 07:00:00,16121.429368833982,18818.365,12944.212
forecast_7592,2025-11-13 08:00:00,13810.239505188707,18409.053,12507.101
forecast_7593,2025-11-13 09:00:00,12606.03412484644,17833.23,11980.731
forecast_7594,2025-11-13 10:00:00,11303.513891930028,16429.205,10847.234
forecast_7595,2025-11-13 11:00:00,10049.224273690277,13747.553,9368.844
forecast_7596,2025-11-13 12:00:00,4253.399231635015,10343.637,7224.8936
forecast_7597,2025-11-13 13:00:00,3711.049706091719,5573.0244,3377.2207
forecast_7598,2025-11-13 14:00:00,2509.120081072912,2876.1458,1809.7751
forecast_7599,2025-11-13 15:00:00,1542.0865895927352,2073.7058,1363.5281
forecast_7600,2025-11-13 16:00:00,3352.63767638882,1765.6514,1147.3906
forecast_7601,2025-11-13 17:00:00,5148.755017447875,2201.3123,1310.962
forecast_7602,2025-11-13 18:00:00,3735.2278232868716,3127.3367,1281.0907
forecast_7603,2025-11-13 19:00:00,3384.3409290723107,4290.4194,1193.9275
forecast_7604,2025-11-13 20:00:00,3659.7382060472014,5149.9824,1464.1118
forecast_7605,2025-11-13 21:00:00,4762.908298929382,5777.2485,1997.2692
forecast_7606,2025-11-13 22:00:00,4507.749429176685,6848.069,2999.3157
forecast_7607,2025-11-13 23:00:00,5216.6748267409475,6424.7637,3421.6528
forecast_7608,2025-11-14 00:00:00,5709.383306585164,6264.258,3779.8904
forecast_7609,2025-11-14 01:00:00,2258.7379853427137,5994.9604,3894.642
forecast_7610,2025-11-14 02:00:00,2209.0838816193577,2035.248,2857.622
forecast_7611,2025-11-14 03:00:00,2322.6811607079526,1292.6356,2472.504
forecast_7612,2025-11-14 04:00:00,2038.415538170686,1248.9215,2330.5369
forecast_7613,2025-11-14 05:00:00,2151.441955665928,1475.7795,2395.6257
forecast_7614,2025-11-14 06:00:00,2153.2709841136407,1837.6346,2479.0286
forecast_7615,2025-11-14 07:00:00,2334.542399827278,2442.9565,2645.117
forecast_7616,2025-11-14 08:00:00,3288.049427805257,2988.003,2850.703
forecast_7617,2025-11-14 09:00:00,3045.9181719797925,3048.5496,2514.9824
forecast_7618,2025-11-14 10:00:00,3532.310289457773,2601.763,1906.653
forecast_7619,2025-11-14 11:00:00,3011.207622331914,2404.5935,1593.2113
forecast_7620,2025-11-14 12:00:00,1544.1055432679898,2576.5872,1686.1332
forecast_7621,2025-11-14 13:00:00,1835.4017610192288,2385.8743,1679.2926
forecast_7622,2025-11-14 14:00:00,2308.6050591070607,2646.6814,1950.7352
forecast_7623,2025-11-14 15:00:00,2949.966087628507,3044.299,2282.5322
forecast_7624,2025-11-14 16:00:00,4866.933090632937,3975.3694,2962.0054
forecast_7625,2025-11-14 17:00:00,6078.704055393241,5338.1787,4019.5842
forecast_7626,2025-11-14 18:00:00,7010.530394205489,7313.362,4832.011
forecast_7627,2025-11-14 19:00:00,8846.9236265426,9634.186,5785.6245
forecast_7628,2025-11-14 20:00:00,10372.803409980655,11661.163,6861.6426
forecast_7629,2025-11-14 21:00:00,10067.13295515876,13210.046,7637.7524
forecast_7630,2025-11-14 22:00:00,8929.617883619,13231.875,6996.894
forecast_7631,2025-11-14 23:00:00,8165.1559422583505,12489.2705,6016.4688
forecast_7632,2025-11-15 00:00:00,7585.318892226897,11149.71,4848.26
forecast_7633,2025-11-15 01:00:00,4425.355949435104,8904.386,3844.557
forecast_7634,2025-11-15 02:00:00,4058.0255693971926,6893.257,3720.4854
forecast_7635,2025-11-15 03:00:00,4027.495351680901,4650.607,3179.1748
forecast_7636,2025-11-15 04:00:00,4266.544755200279,3961.6882,2895.6096
forecast_7637,2025-11-15 05:00:00,4595.11231057821,4290.2744,2672.9604
forecast_7638,2025-11-15 06:00:00,4207.255729468959,4044.7085,2254.465
forecast_7639,2025-11-15 07:00:00,4358.890353183161,3566.6868,2027.2708
forecast_7640,2025-11-15 08:00:00,3236.937215361259,2908.3015,1738.8861
forecast_7641,2025-11-15 09:00:00,1513.817378408814,1767.4336,1221.316
forecast_7642,2025-11-15 10:00:00,514.5744633174852,912.955,771.7028
forecast_7643,2025-11-15 11:00:00,383.9872852671705,590.556,582.762
forecast_7644,2025-11-15 12:00:00,188.50531984785647,530.31696,528.223
forecast_7645,2025-11-15 13:00:00,163.10672193659224,556.16113,503.6459
forecast_7646,2025-11-15 14:00:00,65.11641260075174,566.90546,469.15414
forecast_7647,2025-11-15 15:00:00,378.2002816152756,696.084,531.429
forecast_7648,2025-11-15 16:00:00,810.8513392725399,978.9174,678.0157
forecast_7649,2025-11-15 17:00:00,2832.718641270857,1538.789,919.487
forecast_7650,2025-11-15 18:00:00,3661.75456056805,2994.7776,1459.8972
forecast_7651,2025-11-15 19:00:00,4683.789762571149,5459.4844,2728.3823
forecast_7652,2025-11-15 20:00:00,6599.89321097108,7925.181,4333.8564
forecast_7653,2025-11-15 21:00:00,7832.976775112905,9723.273,5473.9307
forecast_7654,2025-11-15 22:00:00,8357.45138218432,10880.88,5757.222
forecast_7655,2025-11-15 23:00:00,8086.091220570317,11688.659,5620.557
forecast_7656,2025-11-16 00:00:00,7412.874103785813,11876.344,5318.6255
forecast_7657,2025-11-16 01:00:00,8555.21771743496,11697.009,4889.289
forecast_7658,2025-11-16 02:00:00,6953.106578170483,11332.656,5111.5425
forecast_7659,2025-11-16 03:00:00,8735.69874778985,10839.454,5200.5522
forecast_7660,2025-11-16 04:00:00,8927.308148129416,10842.571,5035.7764
forecast_7661,2025-11-16 05:00:00,10481.989052113635,11587.26,5121.1973
forecast_7662,2025-11-16 06:00:00,10830.884052253068,12721.583,5582.3257
forecast_7663,2025-11-16 07:00:00,11385.328173529544,13934.635,6168.213
forecast_7664,2025-11-16 08:00:00,10593.987507697804,15158.004,6837.4775
forecast_7665,2025-11-16 09:00:00,10254.518188850312,15062.073,6694.412
forecast_7666,2025-11-16 10:00:00,8846.50449466248,15066.972,6863.0156
forecast_7667,2025-11-16 11:00:00,9341.022113227731,14847.478,7792.1777
forecast_7668,2025-11-16 12:00:00,11924.221773716936,14480.779,8930.474
forecast_7669,2025-11-16 13:00:00,11172.891800884607,14201.148,9811.527
forecast_7670,2025-11-16 14:00:00,11301.26383772659,14323.643,10448.5625
forecast_7671,2025-11-16 15:00:00,13916.570427732591,14293.071,10558.865
forecast_7672,2025-11-16 16:00:00,16251.40320827881,15401.535,11969.743
forecast_7673,2025-11-16 17:00:00,16813.90980486686,16728.574,13854.297
forecast_7674,2025-11-16 18:00:00,17954.86102886235,17955.094,15413.226
forecast_7675,2025-11-16 19:00:00,18240.77250769089,18868.242,16591.875
forecast_7676,2025-11-16 20:00:00,18684.48905343652,19450.316,17312.42
forecast_7677,2025-11-16 21:00:00,19446.9895450299,19787.1,17700.64
forecast_7678,2025-11-16 22:00:00,19738.962917241926,19918.615,17819.844
forecast_7679,2025-11-16 23:00:00,19146.043297956785,19966.654,17861.283
forecast_7680,2025-11-17 00:00:00,18849.300342984057,19893.547,17820.848
forecast_7681,2025-11-17 01:00:00,18867.440204519404,19696.934,17462.854
forecast_7682,2025-11-17 02:00:00,18724.884761982663,19629.295,17108.727
forecast_7683,2025-11-17 03:00:00,18549.208537599337,19609.488,16788.363
forecast_7684,2025-11-17 04:00:00,19189.811925419774,19536.207,16482.17
forecast_7685,2025-11-17 05:00:00,18613.019663177412,19515.416,16276.803
forecast_7686,2025-11-17 06:00:00,18349.49313046531,19353.367,16063.132
forecast_7687,2025-11-17 07:00:00,18247.698281286597,19331.03,16095.2705
forecast_7688,2025-11-17 08:00:00,17319.842396024607,19275.564,16102.973
forecast_7689,2025-11-17 09:00:00,16157.708505470491,19002.473,15760.899
forecast_7690,2025-11-17 10:00:00,13502.690013415875,17989.629,14502.511
forecast_7691,2025-11-17 11:00:00,12486.633777472254,15824.261,12180.371
forecast_7692,2025-11-17 12:00:00,12791.530350959354,14219.585,11008.001
forecast_7693,2025-11-17 13:00:00,12038.891758115435,12868.014,10609.659
forecast_7694,2025-11-17 14:00:00,12287.856699718795,11089.813,10179.556
forecast_7695,2025-11-17 15:00:00,12203.727797254176,10297.633,10010.393
forecast_7696,2025-11-17 16:00:00,11768.055260365441,10001.129,10133.83
forecast_7697,2025-11-17 17:00:00,12557.248383671875,9832.512,10472.609
forecast_7698,2025-11-17 18:00:00,11710.038763259643,10826.757,11323.965
forecast_7699,2025-11-17 19:00:00,11839.314959668536,11122.323,11321.588
forecast_7700,2025-11-17 20:00:00,12309.840378044506,11520.342,11251.148
forecast_7701,2025-11-17 21:00:00,13022.612385694349,13005.813,11959.4795
forecast_7702,2025-11-17 22:00:00,14490.850839210276,14167.521,12240.757
forecast_7703,2025-11-17 23:00:00,13234.760149801557,15354.835,12307.498
forecast_7704,2025-11-18 00:00:00,15049.241870547301,16198.241,12141.221
forecast_7705,2025-11-18 01:00:00,12750.16558787913,17064.629,11880.8125
forecast_7706,2025-11-18 02:00:00,13426.770037315408,17772.975,11662.45
forecast_7707,2025-11-18 03:00:00,13691.620149626528,18192.904,11330.4
forecast_7708,2025-11-18 04:00:00,14409.328575521677,18432.549,11041.675
forecast_7709,2025-11-18 05:00:00,13905.854777496586,18683.94,11462.17
forecast_7710,2025-11-18 06:00:00,14233.812173516104,18744.36,11923.565
forecast_7711,2025-11-18 07:00:00,15667.995745417265,18589.22,12444.115
forecast_7712,2025-11-18 08:00:00,14784.704647738412,18627.693,13233.596
forecast_7713,2025-11-18 09:00:00,13728.332749673049,18529.678,13531.519
forecast_7714,2025-11-18 10:00:00,12116.29902934269,17901.713,12935.85
forecast_7715,2025-11-18 11:00:00,13287.058610807264,16886.008,11615.795
forecast_7716,2025-11-18 12:00:00,13352.024353871655,16315.002,10990.194
forecast_7717,2025-11-18 13:00:00,12395.726127623182,15911.584,10568.263
forecast_7718,2025-11-18 14:00:00,10801.840266548874,14960.965,9641.82
forecast_7719,2025-11-18 15:00:00,10001.329196905192,13540.942,8015.1777
forecast_7720,2025-11-18 16:00:00,7583.785574467068,12414.288,7206.639
forecast_7721,2025-11-18 17:00:00,7589.148570613502,10113.31,5964.924
forecast_7722,2025-11-18 18:00:00,5704.934853295319,9528.356,5429.1206
forecast_7723,2025-11-18 19:00:00,6045.4726398213,9965.89,5328.6704
forecast_7724,2025-11-18 20:00:00,5924.597798208888,9548.7,4878.151
forecast_7725,2025-11-18 21:00:00,7070.443739273803,9770.688,4453.389
forecast_7726,2025-11-18 22:00:00,7189.190774772958,11306.46,4541.4395
forecast_7727,2025-11-18 23:00:00,7370.3486764923355,12642.811,5159.924
forecast_7728,2025-11-19 00:00:00,7171.476003945034,13602.758,5857.5522
forecast_7729,2025-11-19 01:00:00,6888.639264713263,13728.631,6044.562
forecast_7730,2025-11-19 02:00:00,7300.022672694522,15127.316,7575.058
forecast_7731,2025-11-19 03:00:00,7004.659615087892,15326.602,8227.179
forecast_7732,2025-11-19 04:00:00,6900.373746226067,14419.094,7275.437
forecast_7733,2025-11-19 05:00:00,6080.985288367928,14181.504,6500.2705
forecast_7734,2025-11-19 06:00:00,5565.986626085243,13433.036,5968.9077
forecast_7735,2025-11-19 07:00:00,3419.4111985362265,11517.104,5242.73
forecast_7736,2025-11-19 08:00:00,2161.528288422198,9454.413,4652.0547
forecast_7737,2025-11-19 09:00:00,1747.770907048487,4870.639,3315.4153
forecast_7738,2025-11-19 10:00:00,733.8504631178226,2128.6582,2043.6506
forecast_7739,2025-11-19 11:00:00,275.8291075509263,919.8369,1114.3076
forecast_7740,2025-11-19 12:00:00,103.08005597846875,620.51385,644.7935
forecast_7741,2025-11-19 13:00:00,185.08649675782445,596.9914,495.30884
forecast_7742,2025-11-19 14:00:00,544.7222823506734,693.4601,479.2116
forecast_7743,2025-11-19 15:00:00,1148.6106909050648,960.1948,596.7842
forecast_7744,2025-11-19 16:00:00,1844.7521907939956,1454.26,922.14825
forecast_7745,2025-11-19 17:00:00,5367.213463435509,2394.6848,1641.0386
forecast_7746,2025-11-19 18:00:00,6786.761712412573,4983.0244,3322.7258
forecast_7747,2025-11-19 19:00:00,9802.665219011618,9228.542,6441.986
forecast_7748,2025-11-19 20:00:00,11941.83619531071,13284.287,9955.231
forecast_7749,2025-11-19 21:00:00,15426.56741137441,16143.44,12431.133
forecast_7750,2025-11-19 22:00:00,17623.718916930946,17857.684,13925.125
forecast_7751,2025-11-19 23:00:00,19482.246114003035,18955.541,15165.891
forecast_7752,2025-11-20 00:00:00,19689.357353438896,19493.547,15963.485
forecast_7753,2025-11-20 01:00:00,19622.401057951913,19741.89,16168.513
forecast_7754,2025-11-20 02:00:00,18915.366111792693,19938.332,16291.046
forecast_7755,2025-11-20 03:00:00,20327.10104140645,20006.438,16183.28
forecast_7756,2025-11-20 04:00:00,19881.903462102677,20001.48,16009.534
forecast_7757,2025-11-20 05:00:00,20064.547654222988,19888.217,15518.106
forecast_7758,2025-11-20 06:00:00,19747.385393562778,19749.95,14820.416
forecast_7759,2025-11-20 07:00:00,19198.53145508138,19673.402,14704.638
forecast_7760,2025-11-20 08:00:00,15611.423533122297,19588.152,15042.942
forecast_7761,2025-11-20 09:00:00,17920.56233702062,19457.81,15258.727
forecast_7762,2025-11-20 10:00:00,17263.918971611394,19376.846,15473.438
forecast_7763,2025-11-20 11:00:00,17839.647521807736,19225.775,15423.111
forecast_7764,2025-11-20 12:00:00,17166.791802588126,19118.01,15373.645
forecast_7765,2025-11-20 13:00:00,17888.339384188403,19005.268,15147.004
forecast_7766,2025-11-20 14:00:00,18768.0128818038,19077.506,15323.169
forecast_7767,2025-11-20 15:00:00,18698.226423838456,19220.184,15787.001
forecast_7768,2025-11-20 16:00:00,19107.47383239714,19312.709,16050.572
forecast_7769,2025-11-20 17:00:00,18798.23383654365,19404.307,16464.46
forecast_7770,2025-11-20 18:00:00,18827.17429419572,19460.36,16745.986
forecast_7771,2025-11-20 19:00:00,18227.046820403422,19519.969,16850.305
forecast_7772,2025-11-20 20:00:00,18519.0864790637,19548.81,16697.084
forecast_7773,2025-11-20 21:00:00,18196.10641498059,19533.096,16486.441
forecast_7774,2025-11-20 22:00:00,17845.70700171358,19414.605,16183.214
forecast_7775,2025-11-20 23:00:00,17866.375791203816,19302.373,15917.554
forecast_7776,2025-11-21 00:00:00,17071.706434147512,19310.992,15895.545
forecast_7777,2025-11-21 01:00:00,16843.730641322418,19075.574,15445.351
forecast_7778,2025-11-21 02:00:00,16451.446734105095,18494.39,14245.707
forecast_7779,2025-11-21 03:00:00,16328.456955829499,18175.146,13133.458
forecast_7780,2025-11-21 04:00:00,16852.381595457955,17923.146,12877.477
forecast_7781,2025-11-21 05:00:00,17940.929404092516,17837.06,13182.979
forecast_7782,2025-11-21 06:00:00,18993.18383009906,17779.459,13436.139
forecast_7783,2025-11-21 07:00:00,18474.220830212817,17901.52,13685.05
forecast_7784,2025-11-21 08:00:00,17795.91461742352,18082.889,13964.619
forecast_7785,2025-11-21 09:00:00,15773.75147160852,18168.842,14163.812
forecast_7786,2025-11-21 10:00:00,14864.410405975197,17973.084,14057.451
forecast_7787,2025-11-21 11:00:00,14633.127393177581,17603.74,13734.152
forecast_7788,2025-11-21 12:00:00,15385.98345494731,17467.633,13613.185
forecast_7789,2025-11-21 13:00:00,16007.80290584568,17690.326,14007.519
forecast_7790,2025-11-21 14:00:00,15873.094835414313,17841.676,14282.049
forecast_7791,2025-11-21 15:00:00,16083.51814358093,17849.396,14247.306
forecast_7792,2025-11-21 16:00:00,17275.052805293595,18017.74,13857.048
forecast_7793,2025-11-21 17:00:00,16505.266529961416,18528.773,14701.889
forecast_7794,2025-11-21 18:00:00,16238.187250357007,18887.346,15483.482
forecast_7795,2025-11-21 19:00:00,15823.579602537184,19040.662,15694.798
forecast_7796,2025-11-21 20:00:00,16593.46015203193,19101.1,15447.449
forecast_7797,2025-11-21 21:00:00,16633.31358465768,19123.814,15095.235
forecast_7798,2025-11-21 22:00:00,16946.16720792719,19207.17,15078.679
forecast_7799,2025-11-21 23:00:00,16263.474456187914,19265.285,15146.393
forecast_7800,2025-11-22 00:00:00,14571.972452043727,19110.479,14964.397
forecast_7801,2025-11-22 01:00:00,15877.414722624333,18795.775,14306.401
forecast_7802,2025-11-22 02:00:00,16498.589393592672,18566.828,14105.758
forecast_7803,2025-11-22 03:00:00,16051.92852695959,18331.988,13913.228
forecast_7804,2025-11-22 04:00:00,16332.83054123443,18097.25,13484.9795
forecast_7805,2025-11-22 05:00:00,17210.882670091563,18030.062,13419.375
forecast_7806,2025-11-22 06:00:00,18283.156710408908,17954.209,13505.195
forecast_7807,2025-11-22 07:00:00,18384.25878191994,17856.36,13538.257
forecast_7808,2025-11-22 08:00:00,17730.68004764798,17659.717,13387.98
forecast_7809,2025-11-22 09:00:00,15908.66141816485,17362.156,12966.133
forecast_7810,2025-11-22 10:00:00,12136.517394582488,16584.678,11935.537
forecast_7811,2025-11-22 11:00:00,11439.618715358396,15585.899,10724.983
forecast_7812,2025-11-22 12:00:00,11293.778374651107,14620.006,9815.307
forecast_7813,2025-11-22 13:00:00,11770.712309660714,14141.336,9732.525
forecast_7814,2025-11-22 14:00:00,10755.863586936957,14054.911,10112.98
forecast_7815,2025-11-22 15:00:00,12339.87950076931,14185.021,10639.117
forecast_7816,2025-11-22 16:00:00,13796.075095566997,14808.137,11248.594
forecast_7817,2025-11-22 17:00:00,16177.655654922868,15971.874,12166.415
forecast_7818,2025-11-22 18:00:00,17753.400304200026,17548.973,13614.927
forecast_7819,2025-11-22 19:00:00,18153.275774181413,18611.855,14721.353
forecast_7820,2025-11-22 20:00:00,18965.35196294672,19178.006,15326.332
forecast_7821,2025-11-22 21:00:00,19093.154668309802,19381.42,15444.283
forecast_7822,2025-11-22 22:00:00,19049.105479231253,19413.03,15330.886
forecast_7823,2025-11-22 23:00:00,19264.01992480854,19382.959,15162.6455
forecast_7824,2025-11-23 00:00:00,19843.59556618459,19578.879,15386.003
forecast_7825,2025-11-23 01:00:00,20811.315328914676,19615.09,15393.45
forecast_7826,2025-11-23 02:00:00,20288.98546491983,19770.912,15386.605
forecast_7827,2025-11-23 03:00:00,20343.307503819953,19816.926,15207.517
forecast_7828,2025-11-23 04:00:00,20315.406496035645,19822.293,15046.537
forecast_7829,2025-11-23 05:00:00,20464.576048467763,19779.777,14918.439
forecast_7830,2025-11-23 06:00:00,20779.36003629451,19664.38,14598.2705
forecast_7831,2025-11-23 07:00:00,20465.66278277082,19502.486,14280.129
forecast_7832,2025-11-23 08:00:00,19032.997269597763,19361.355,13955.994
forecast_7833,2025-11-23 09:00:00,17200.697660315604,19227.363,13656.496
forecast_7834,2025-11-23 10:00:00,17730.44426958805,19070.9,13636.583
forecast_7835,2025-11-23 11:00:00,16479.361586481933,18850.354,13238.695
forecast_7836,2025-11-23 12:00:00,15892.741463753353,18518.732,12451.726
forecast_7837,2025-11-23 13:00:00,13919.213231370672,18271.65,11852.99
forecast_7838,2025-11-23 14:00:00,11211.645375176286,17458.15,10298.239
forecast_7839,2025-11-23 15:00:00,10828.747687006738,16227.87,9294.554
forecast_7840,2025-11-23 16:00:00,11638.277837899173,15683.562,8951.534
forecast_7841,2025-11-23 17:00:00,13259.32738041212,16914.262,10119.241
forecast_7842,2025-11-23 18:00:00,16755.46532757728,18157.365,11717.215
forecast_7843,2025-11-23 19:00:00,17863.57033706377,18912.268,13211.863
forecast_7844,2025-11-23 20:00:00,17148.961269401443,19307.96,14312.698
forecast_7845,2025-11-23 21:00:00,15733.41219439191,19438.709,14616.365
forecast_7846,2025-11-23 22:00:00,14114.44407346457,19248.895,13771.719
forecast_7847,2025-11-23 23:00:00,13256.366455561232,18667.357,11595.555
forecast_7848,2025-11-24 00:00:00,13099.470363485414,18219.127,9825.494
forecast_7849,2025-11-24 01:00:00,13650.732690822953,17371.238,8544.654
forecast_7850,2025-11-24 02:00:00,13034.599122708334,17240.768,8869.608
forecast_7851,2025-11-24 03:00:00,13095.92061794474,17069.22,9385.231
forecast_7852,2025-11-24 04:00:00,12361.017293820207,16747.389,9289.492
forecast_7853,2025-11-24 05:00:00,9342.75999563715,16235.455,8685.675
forecast_7854,2025-11-24 06:00:00,11505.61726850124,15241.565,8013.7417
forecast_7855,2025-11-24 07:00:00,12630.825106279439,15244.885,7920.3257
forecast_7856,2025-11-24 08:00:00,14281.422288571433,15617.199,8738.671
forecast_7857,2025-11-24 09:00:00,9921.181900640511,15765.341,9536.563
forecast_7858,2025-11-24 10:00:00,8189.926536235083,14759.05,9813.38
forecast_7859,2025-11-24 11:00:00,12986.44502543393,12132.248,8199.594
forecast_7860,2025-11-24 12:00:00,10149.917649226907,12252.933,8546.582
forecast_7861,2025-11-24 13:00:00,10215.916066484246,13427.354,9842.418
forecast_7862,2025-11-24 14:00:00,11586.385514734433,14335.634,10859.714
forecast_7863,2025-11-24 15:00:00,11530.660118473994,14995.902,11501.453
forecast_7864,2025-11-24 16:00:00,10813.485853899736,15196.514,11530.635
forecast_7865,2025-11-24 17:00:00,11207.013895731967,15465.768,11267.178
forecast_7866,2025-11-24 18:00:00,11178.986186256849,15831.802,11647.958
forecast_7867,2025-11-24 19:00:00,10603.985920258068,15852.552,11660.03
forecast_7868,2025-11-24 20:00:00,10255.696192124386,15768.549,11106.437
forecast_7869,2025-11-24 21:00:00,11181.387453485026,15591.592,10985.63
forecast_7870,2025-11-24 22:00:00,11884.757215926584,15555.966,10242.517
forecast_7871,2025-11-24 23:00:00,11817.089005295893,16031.696,9928.701
forecast_7872,2025-11-25 00:00:00,13652.190454343696,16866.918,11458.979
forecast_7873,2025-11-25 01:00:00,12312.588955353138,16956.785,12137.412
forecast_7874,2025-11-25 02:00:00,13814.143538056353,16725.732,11895.996
forecast_7875,2025-11-25 03:00:00,12250.18164957702,16608.107,11846.439
forecast_7876,2025-11-25 04:00:00,11458.917348993242,15665.75,11565.527
forecast_7877,2025-11-25 05:00:00,14332.526483221118,13994.601,10086.779
forecast_7878,2025-11-25 06:00:00,13458.648234978684,13455.09,9828.23
forecast_7879,2025-11-25 07:00:00,13518.467518372201,13367.011,9982.748
forecast_7880,2025-11-25 08:00:00,12352.421967243685,14071.508,10164.028
forecast_7881,2025-11-25 09:00:00,6212.035634264919,14250.216,9458.277
forecast_7882,2025-11-25 10:00:00,7338.337847221247,11354.281,6947.5566
forecast_7883,2025-11-25 11:00:00,6269.270298108186,10426.385,5968.654
forecast_7884,2025-11-25 12:00:00,5874.962077502782,11019.991,7100.9707
forecast_7885,2025-11-25 13:00:00,9786.737042152718,11483.793,6977.604
forecast_7886,2025-11-25 14:00:00,9295.583460769929,12121.15,7699.91
forecast_7887,2025-11-25 15:00:00,8265.66928302137,12066.302,8045.0244
forecast_7888,2025-11-25 16:00:00,9832.081097806606,11946.082,7930.5396
forecast_7889,2025-11-25 17:00:00,10350.070942559529,12331.574,8220.167
forecast_7890,2025-11-25 18:00:00,11322.304510612761,13935.479,10570.49
forecast_7891,2025-11-25 19:00:00,8051.947748922559,14384.818,11645.169
forecast_7892,2025-11-25 20:00:00,7889.559341569792,14137.883,11154.823
forecast_7893,2025-11-25 21:00:00,6812.36209287773,12852.799,9365.576
forecast_7894,2025-11-25 22:00:00,5249.065165693607,9956.927,5974.982
forecast_7895,2025-11-25 23:00:00,5140.557145112209,8533.285,3893.4956
forecast_7896,2025-11-26 00:00:00,3633.904598746121,9049.031,3371.5547
forecast_7897,2025-11-26 01:00:00,3144.210454167911,7580.023,2265.2095
forecast_7898,2025-11-26 02:00:00,2502.518692591645,4291.908,1113.3159
forecast_7899,2025-11-26 03:00:00,1735.656095396222,3175.607,822.8132
forecast_7900,2025-11-26 04:00:00,859.892409094123,2264.417,847.8529
forecast_7901,2025-11-26 05:00:00,900.4183414214124,1272.179,793.5317
forecast_7902,2025-11-26 06:00:00,1069.0515965778632,1268.1965,842.1721
forecast_7903,2025-11-26 07:00:00,1563.769825833934,2136.0115,857.9013
forecast_7904,2025-11-26 08:00:00,1279.2166858467417,3376.836,1123.614
forecast_7905,2025-11-26 09:00:00,1413.5590250179428,3664.6426,1399.2266
forecast_7906,2025-11-26 10:00:00,1918.0691580919352,3375.4429,1342.4619
forecast_7907,2025-11-26 11:00:00,1331.482269421192,3299.0557,1266.3892
forecast_7908,2025-11-26 12:00:00,1353.7130000929087,3692.2852,1272.2323
forecast_7909,2025-11-26 13:00:00,3019.140061246399,3449.9111,1241.6754
forecast_7910,2025-11-26 14:00:00,4528.337812410838,3689.102,1453.5867
forecast_7911,2025-11-26 15:00:00,5445.776284028402,4473.754,1972.2632
forecast_7912,2025-11-26 16:00:00,5852.208169292109,6016.4204,3188.4072
forecast_7913,2025-11-26 17:00:00,7469.381522084026,7846.849,4802.1875
forecast_7914,2025-11-26 18:00:00,9202.359631001722,10101.412,6590.88
forecast_7915,2025-11-26 19:00:00,11404.33167279321,12685.961,8601.363
forecast_7916,2025-11-26 20:00:00,13250.437815198638,14815.985,10406.48
forecast_7917,2025-11-26 21:00:00,11546.28679193675,15869.871,10851.271
forecast_7918,2025-11-26 22:00:00,12387.24127048795,16720.322,10873.313
forecast_7919,2025-11-26 23:00:00,11366.286611984604,17201.914,10864.396
forecast_7920,2025-11-27 00:00:00,14036.777236001395,17447.691,11121.542
forecast_7921,2025-11-27 01:00:00,14009.258856203058,17887.367,11997.899
forecast_7922,2025-11-27 02:00:00,14181.407887559104,18163.414,12732.996
forecast_7923,2025-11-27 03:00:00,15242.028676826483,18469.74,13291.282
forecast_7924,2025-11-27 04:00:00,14801.604578655808,18567.742,13473.03
forecast_7925,2025-11-27 05:00:00,14019.160635483446,18719.285,12715.282
forecast_7926,2025-11-27 06:00:00,15303.897811744208,19240.951,12869.644
forecast_7927,2025-11-27 07:00:00,10486.673784447446,19105.443,12057.587
forecast_7928,2025-11-27 08:00:00,13717.78729006011,18481.908,10331.045
forecast_7929,2025-11-27 09:00:00,15435.947970416199,18429.74,11219.372
forecast_7930,2025-11-27 10:00:00,12948.477824405616,18778.81,13540.226
forecast_7931,2025-11-27 11:00:00,12571.21752766596,18320.223,13884.19
forecast_7932,2025-11-27 12:00:00,12945.001295447359,18227.879,14190.479
forecast_7933,2025-11-27 13:00:00,15127.938140467691,18546.594,14861.927
forecast_7934,2025-11-27 14:00:00,17116.362672393487,19190.08,15554.608
forecast_7935,2025-11-27 15:00:00,17195.086279538034,19535.322,15895.678
forecast_7936,2025-11-27 16:00:00,17851.986462625275,19554.053,16029.17
forecast_7937,2025-11-27 17:00:00,18167.732392087062,19508.055,16146.473
forecast_7938,2025-11-27 18:00:00,18215.601905493884,19437.713,16281.328
forecast_7939,2025-11-27 19:00:00,17947.960549980176,19313.213,16090.286
forecast_7940,2025-11-27 20:00:00,18267.588904804943,19196.262,15958.249
forecast_7941,2025-11-27 21:00:00,17835.495102885998,19145.148,15640.48
forecast_7942,2025-11-27 22:00:00,17451.82502473938,19128.947,15556.181
forecast_7943,2025-11-27 23:00:00,17067.678215618787,19070.207,15563.1455
forecast_7944,2025-11-28 00:00:00,17147.62040464884,18983.05,15401.55
forecast_7945,2025-11-28 01:00:00,17040.343082549076,18989.953,15262.5205
forecast_7946,2025-11-28 02:00:00,16513.506618698873,18895.51,14559.451
forecast_7947,2025-11-28 03:00:00,16860.33699966461,18500.75,13077.076
forecast_7948,2025-11-28 04:00:00,17451.839549540127,18472.43,13105.323
forecast_7949,2025-11-28 05:00:00,16121.956055131255,18460.842,13525.337
forecast_7950,2025-11-28 06:00:00,17009.520258612443,17467.637,12928.773
forecast_7951,2025-11-28 07:00:00,16675.210221284837,14711.615,11164.27
forecast_7952,2025-11-28 08:00:00,15171.340664469695,11659.32,9714.293
forecast_7953,2025-11-28 09:00:00,11581.345636152146,9329.578,8629.087
forecast_7954,2025-11-28 10:00:00,8871.169512459559,7424.656,7172.2026
forecast_7955,2025-11-28 11:00:00,7876.5717892294215,6241.1704,5781.2637
forecast_7956,2025-11-28 12:00:00,7659.9151886347245,6279.259,5299.532
forecast_7957,2025-11-28 13:00:00,6766.959594781928,6755.594,5600.158
forecast_7958,2025-11-28 14:00:00,6748.722543129339,6722.3687,6204.74
forecast_7959,2025-11-28 15:00:00,6592.418506031642,6448.225,6188.104
forecast_7960,2025-11-28 16:00:00,5549.913104238323,6202.4263,5710.4424
forecast_7961,2025-11-28 17:00:00,6879.836505915771,6592.2866,5289.6494
forecast_7962,2025-11-28 18:00:00,5748.574311355639,7740.13,5384.171
forecast_7963,2025-11-28 19:00:00,4660.458213996139,7992.135,4983.3003
forecast_7964,2025-11-28 20:00:00,4095.232537181396,6815.467,3841.5366
forecast_7965,2025-11-28 21:00:00,3745.4783807326535,5714.6455,3124.2058
forecast_7966,2025-11-28 22:00:00,3761.636697615688,4977.711,2990.0166
forecast_7967,2025-11-28 23:00:00,4377.503501823092,4801.1973,3290.5073
forecast_7968,2025-11-29 00:00:00,6148.5437001779765,5158.507,3700.3054
forecast_7969,2025-11-29 01:00:00,4762.793502393935,5630.04,3914.825
forecast_7970,2025-11-29 02:00:00,5451.53080650578,5865.5996,4328.184
forecast_7971,2025-11-29 03:00:00,8034.820668446422,7665.566,5129.5312
forecast_7972,2025-11-29 04:00:00,10072.054410497705,10778.135,6092.966
forecast_7973,2025-11-29 05:00:00,11972.693906040568,13842.041,7450.1064
forecast_7974,2025-11-29 06:00:00,12712.262290330682,15314.418,8558.255
forecast_7975,2025-11-29 07:00:00,13045.463690989853,16369.228,9791.409
forecast_7976,2025-11-29 08:00:00,10724.931852395572,16687.756,10321.156
forecast_7977,2025-11-29 09:00:00,8857.378921807096,16014.86,9777.203
forecast_7978,2025-11-29 10:00:00,6526.70342879823,15434.916,8998.726
forecast_7979,2025-11-29 11:00:00,7410.809145828378,14627.91,8212.197
forecast_7980,2025-11-29 12:00:00,11453.306317145702,14566.121,8873.62
forecast_7981,2025-11-29 13:00:00,13832.71679164425,15208.518,10710.853
forecast_7982,2025-11-29 14:00:00,14937.317747680692,16132.784,12690.954
forecast_7983,2025-11-29 15:00:00,15558.435449122713,16918.799,13862.686
forecast_7984,2025-11-29 16:00:00,15791.857854047204,17719.424,14747.902
forecast_7985,2025-11-29 17:00:00,18367.275557519355,18560.936,15646.332
forecast_7986,2025-11-29 18:00:00,19240.137760984206,19254.645,16413.998
forecast_7987,2025-11-29 19:00:00,19597.660585164238,19692.602,17105.822
forecast_7988,2025-11-29 20:00:00,19938.406262554032,19925.488,17653.268
forecast_7989,2025-11-29 21:00:00,20087.307060082436,19971.922,17937.596
forecast_7990,2025-11-29 22:00:00,19648.24972372522,19920.318,18004.715
forecast_7991,2025-11-29 23:00:00,19992.087317641344,19837.957,17900.326
forecast_7992,2025-11-30 00:00:00,19746.04500959062,19733.564,17674.33
forecast_7993,2025-11-30 01:00:00,19551.550356176445,19508.637,17118.613
forecast_7994,2025-11-30 02:00:00,18776.950010933877,19379.482,16272.424
forecast_7995,2025-11-30 03:00:00,18305.34046840778,19236.074,15723.394
forecast_7996,2025-11-30 04:00:00,18205.533551362976,19010.854,15441.916
forecast_7997,2025-11-30 05:00:00,16497.253188296985,18616.162,14990.964
forecast_7998,2025-11-30 06:00:00,14778.088170530342,17872.018,14249.999
forecast_7999,2025-11-30 07:00:00,14158.138415533404,16583.791,12945.833
forecast_8000,2025-11-30 08:00:00,13696.318575224972,15434.932,12116.551
forecast_8001,2025-11-30 09:00:00,11757.458308298337,14479.888,11750.691
forecast_8002,2025-11-30 10:00:00,12203.590199357333,13753.101,11611.802
forecast_8003,2025-11-30 11:00:00,11854.515545157468,12421.63,10622.611
forecast_8004,2025-11-30 12:00:00,11387.800476090684,11306.835,9927.066
forecast_8005,2025-11-30 13:00:00,10957.234064563843,10602.586,9280.962
forecast_8006,2025-11-30 14:00:00,11027.944459875069,9733.2,8407.867
forecast_8007,2025-11-30 15:00:00,9556.022211211071,9446.966,7650.4873
forecast_8008,2025-11-30 16:00:00,9273.007201054144,10295.934,7801.916
forecast_8009,2025-11-30 17:00:00,10632.126946717792,12013.691,8978.109
forecast_8010,2025-11-30 18:00:00,13533.749059085403,14141.06,10867.817
forecast_8011,2025-11-30 19:00:00,17819.013539363463,16589.922,13879.374
forecast_8012,2025-11-30 20:00:00,18761.312713687636,18195.795,16078.925
forecast_8013,2025-11-30 21:00:00,18942.94686199569,19075.566,17002.693
forecast_8014,2025-11-30 22:00:00,19305.334610453792,19494.53,17351.469
forecast_8015,2025-11-30 23:00:00,19403.248518370725,19712.643,17386.424
forecast_8016,2025-12-01 00:00:00,19326.280539614676,19801.486,17349.521
forecast_8017,2025-12-01 01:00:00,19333.404778956883,19839.74,17207.217
forecast_8018,2025-12-01 02:00:00,19146.79024851219,19843.732,17061.361
forecast_8019,2025-12-01 03:00:00,18946.290805647568,19700.148,16692.738
forecast_8020,2025-12-01 04:00:00,19286.674118272706,19488.553,16012.507
forecast_8021,2025-12-01 05:00:00,19489.2022610366,19420.188,15611.968
forecast_8022,2025-12-01 06:00:00,20029.13819301346,19460.791,15652.97
forecast_8023,2025-12-01 07:00:00,19562.24871367638,19480.926,15853.88
forecast_8024,2025-12-01 08:00:00,19032.903731005823,19251.85,15711.438
forecast_8025,2025-12-01 09:00:00,17458.08794841959,18689.117,15006.664
forecast_8026,2025-12-01 10:00:00,12518.643927099694,16828.793,13130.824
forecast_8027,2025-12-01 11:00:00,8281.057007234518,11775.383,10155.372
forecast_8028,2025-12-01 12:00:00,5980.108081000027,5478.8433,6387.791
forecast_8029,2025-12-01 13:00:00,5585.948687476837,2955.1045,4093.295
forecast_8030,2025-12-01 14:00:00,4152.926831184795,2438.0554,3359.6304
forecast_8031,2025-12-01 15:00:00,2939.1802370133,2007.9807,2764.3154
forecast_8032,2025-12-01 16:00:00,4067.611843127173,1897.7087,2159.3428
forecast_8033,2025-12-01 17:00:00,4062.412103758649,2318.9138,2171.527
forecast_8034,2025-12-01 18:00:00,4340.690047284554,3146.1382,2623.1682
forecast_8035,2025-12-01 19:00:00,6040.618945546336,4389.6216,3295.8103
forecast_8036,2025-12-01 20:00:00,8110.371583504996,5974.721,4476.6465
forecast_8037,2025-12-01 21:00:00,8779.805771227335,8346.67,5951.0435
forecast_8038,2025-12-01 22:00:00,9391.459473207178,10213.368,6838.3853
forecast_8039,2025-12-01 23:00:00,12556.477881715773,13195.698,7724.1387
forecast_8040,2025-12-02 00:00:00,13044.58616018543,16200.247,9152.464
forecast_8041,2025-12-02 01:00:00,11169.42971912157,17844.725,9801.113
forecast_8042,2025-12-02 02:00:00,15197.453352931492,18490.33,10544.769
forecast_8043,2025-12-02 03:00:00,16378.02117709358,19062.598,10988.414
forecast_8044,2025-12-02 04:00:00,16241.270378038747,19595.762,11655.805
forecast_8045,2025-12-02 05:00:00,15278.039524133645,19669.736,11512.201
forecast_8046,2025-12-02 06:00:00,15500.20445590395,19576.543,11014.038
forecast_8047,2025-12-02 07:00:00,11703.42877930452,19281.393,10704.389
forecast_8048,2025-12-02 08:00:00,8543.262318240568,18119.277,8872.007
forecast_8049,2025-12-02 09:00:00,6429.602888433562,16380.603,7001.005
forecast_8050,2025-12-02 10:00:00,5670.014923606186,13002.864,5507.4355
forecast_8051,2025-12-02 11:00:00,5060.988478560978,7951.7495,4779.3584
forecast_8052,2025-12-02 12:00:00,7470.879016499884,5656.439,4414.077
forecast_8053,2025-12-02 13:00:00,7783.452452141782,7056.7627,5634.693
forecast_8054,2025-12-02 14:00:00,9236.534344291513,9146.72,7197.8223
forecast_8055,2025-12-02 15:00:00,11428.98917935051,10609.286,8483.0
forecast_8056,2025-12-02 16:00:00,13123.261494664865,12137.232,9747.325
forecast_8057,2025-12-02 17:00:00,14754.086424519339,13385.367,11083.352
forecast_8058,2025-12-02 18:00:00,15156.278513654499,14598.476,12321.205
forecast_8059,2025-12-02 19:00:00,14542.240394259923,15801.537,13274.889
forecast_8060,2025-12-02 20:00:00,13681.626778833852,16914.277,13732.815
forecast_8061,2025-12-02 21:00:00,13846.873467837262,17803.887,14094.447
forecast_8062,2025-12-02 22:00:00,13629.8622485463,18410.582,14094.304
forecast_8063,2025-12-02 23:00:00,13822.726244756144,18837.4,13725.099
forecast_8064,2025-12-03 00:00:00,14178.752210109393,19196.664,13313.032
forecast_8065,2025-12-03 01:00:00,14757.791940901912,19454.797,12730.917
forecast_8066,2025-12-03 02:00:00,15108.074859940632,19801.834,13152.047
forecast_8067,2025-12-03 03:00:00,14780.448699193983,20012.807,13590.798
forecast_8068,2025-12-03 04:00:00,14126.799444207345,20073.305,13558.175
forecast_8069,2025-12-03 05:00:00,13137.71195015594,20019.135,13349.691
forecast_8070,2025-12-03 06:00:00,13205.285124779946,19826.193,12952.061
forecast_8071,2025-12-03 07:00:00,13386.095773574405,19501.734,12706.128
forecast_8072,2025-12-03 08:00:00,13828.153008374475,19194.963,12662.508
forecast_8073,2025-12-03 09:00:00,13380.721647805125,19010.55,12918.823
forecast_8074,2025-12-03 10:00:00,14510.350279318596,18848.1,13053.03
forecast_8075,2025-12-03 11:00:00,14855.572470093064,18818.74,13197.341
forecast_8076,2025-12-03 12:00:00,14884.726102692577,18775.467,13287.446
forecast_8077,2025-12-03 13:00:00,15170.692180442553,18749.07,13435.203
forecast_8078,2025-12-03 14:00:00,15434.79600048772,18725.396,13504.053
forecast_8079,2025-12-03 15:00:00,15123.95010294307,18709.203,13769.522
forecast_8080,2025-12-03 16:00:00,15048.196320456163,18682.441,13954.074
forecast_8081,2025-12-03 17:00:00,14871.285951628272,18652.328,14107.612
forecast_8082,2025-12-03 18:00:00,14659.791258917188,18621.828,13944.909
forecast_8083,2025-12-03 19:00:00,14161.121240497034,18550.676,13043.022
forecast_8084,2025-12-03 20:00:00,14330.308948610742,18745.43,12863.273
forecast_8085,2025-12-03 21:00:00,14790.477993277907,19055.379,12985.474
forecast_8086,2025-12-03 22:00:00,14615.853121258782,19241.086,12946.436
forecast_8087,2025-12-03 23:00:00,13558.190825338404,19384.564,12921.779
forecast_8088,2025-12-04 00:00:00,12017.249391810046,19349.053,12610.809
forecast_8089,2025-12-04 01:00:00,11923.749557308312,18906.146,11060.003
forecast_8090,2025-12-04 02:00:00,15733.04219012788,19148.168,11080.397
forecast_8091,2025-12-04 03:00:00,15990.839567072448,19539.766,11904.492
forecast_8092,2025-12-04 04:00:00,18173.685355180398,19783.58,12887.503
forecast_8093,2025-12-04 05:00:00,18159.487208249593,19894.686,13640.148
forecast_8094,2025-12-04 06:00:00,17920.418008810506,19972.275,14377.122
forecast_8095,2025-12-04 07:00:00,17116.110799584694,20105.32,15278.299
forecast_8096,2025-12-04 08:00:00,16809.514292757332,20121.525,15683.31
forecast_8097,2025-12-04 09:00:00,15817.836205349977,20082.49,15675.556
forecast_8098,2025-12-04 10:00:00,14312.757573088555,19905.684,15200.288
forecast_8099,2025-12-04 11:00:00,12655.929948138355,19646.771,14464.817
forecast_8100,2025-12-04 12:00:00,11540.735587756595,19179.912,13415.716
forecast_8101,2025-12-04 13:00:00,11154.092604510639,18348.475,12240.717
forecast_8102,2025-12-04 14:00:00,11008.630212375761,16886.006,11051.21
forecast_8103,2025-12-04 15:00:00,10595.100628176846,15483.565,10090.343
forecast_8104,2025-12-04 16:00:00,12446.512264775327,14289.856,8861.0205
forecast_8105,2025-12-04 17:00:00,13468.466028322677,15733.019,9751.752
forecast_8106,2025-12-04 18:00:00,15680.43781390775,17556.596,12368.0205
forecast_8107,2025-12-04 19:00:00,16093.834273619534,18326.787,14864.433
forecast_8108,2025-12-04 20:00:00,16333.39800241578,18549.38,15741.011
forecast_8109,2025-12-04 21:00:00,15858.685615901684,18805.51,16136.902
forecast_8110,2025-12-04 22:00:00,14859.872912483279,18852.447,15974.105
forecast_8111,2025-12-04 23:00:00,14746.566082240663,18662.531,15210.492
forecast_8112,2025-12-05 00:00:00,14022.075590745375,18652.566,14822.98
forecast_8113,2025-12-05 01:00:00,13615.0545542815,18473.508,14188.72
forecast_8114,2025-12-05 02:00:00,14360.648344779625,18401.938,13257.929
forecast_8115,2025-12-05 03:00:00,13586.55329503003,18458.064,12791.845
forecast_8116,2025-12-05 04:00:00,14089.254753401881,17947.787,11991.976
forecast_8117,2025-12-05 05:00:00,13363.101713552765,17273.832,11521.547
forecast_8118,2025-12-05 06:00:00,13268.417627162255,16453.04,11038.92
forecast_8119,2025-12-05 07:00:00,15552.32713823737,16349.84,10997.218
forecast_8120,2025-12-05 08:00:00,17394.52446373324,16872.908,11406.55
forecast_8121,2025-12-05 09:00:00,15794.809289920004,17422.934,11909.458
forecast_8122,2025-12-05 10:00:00,12758.444519233224,17393.62,11633.896
forecast_8123,2025-12-05 11:00:00,12030.52210333309,17120.191,10700.797
forecast_8124,2025-12-05 12:00:00,9512.639924303983,17274.148,10344.408
forecast_8125,2025-12-05 13:00:00,9454.346234683495,17382.754,10375.518
forecast_8126,2025-12-05 14:00:00,11229.792112468358,17098.186,10409.66
forecast_8127,2025-12-05 15:00:00,12465.431648094762,17355.469,11049.931
forecast_8128,2025-12-05 16:00:00,15189.610553126831,18211.209,12442.01
forecast_8129,2025-12-05 17:00:00,18153.285907071862,18851.057,13658.307
forecast_8130,2025-12-05 18:00:00,18166.919309397334,19416.262,14532.508
forecast_8131,2025-12-05 19:00:00,16149.76492224989,19659.555,14749.224
forecast_8132,2025-12-05 20:00:00,18156.954552654573,19667.654,14461.899
forecast_8133,2025-12-05 21:00:00,18354.533351316855,19675.176,14469.6
forecast_8134,2025-12-05 22:00:00,18381.34884360567,19744.334,14836.508
forecast_8135,2025-12-05 23:00:00,18821.40683762232,19737.07,15083.797
forecast_8136,2025-12-06 00:00:00,19896.661948176356,19721.705,15130.18
forecast_8137,2025-12-06 01:00:00,20659.215692769012,19810.957,15175.351
forecast_8138,2025-12-06 02:00:00,20933.360603510733,19910.18,15234.6045
forecast_8139,2025-12-06 03:00:00,20942.101044632105,20018.87,15327.822
forecast_8140,2025-12-06 04:00:00,20841.077257398832,19997.904,15203.701
forecast_8141,2025-12-06 05:00:00,20496.897680910595,19904.205,14797.189
forecast_8142,2025-12-06 06:00:00,20501.90339387879,19875.807,14613.715
forecast_8143,2025-12-06 07:00:00,20377.689794845148,19785.146,14558.304
forecast_8144,2025-12-06 08:00:00,18535.381490369287,19641.037,14466.857
forecast_8145,2025-12-06 09:00:00,17608.89799719991,19461.066,14205.872
forecast_8146,2025-12-06 10:00:00,15673.732534904793,19404.064,14234.657
forecast_8147,2025-12-06 11:00:00,14205.626054178505,19280.191,14229.409
forecast_8148,2025-12-06 12:00:00,15299.047185467318,19049.146,14098.16
forecast_8149,2025-12-06 13:00:00,14384.648440411627,18665.75,13977.082
forecast_8150,2025-12-06 14:00:00,15362.31670779371,18263.395,13818.604
forecast_8151,2025-12-06 15:00:00,17242.35813581765,18348.078,14085.252
forecast_8152,2025-12-06 16:00:00,17118.804822253223,18710.957,14924.974
forecast_8153,2025-12-06 17:00:00,16971.385567018657,19038.887,15285.957
forecast_8154,2025-12-06 18:00:00,17736.711100116892,19332.035,15810.443
forecast_8155,2025-12-06 19:00:00,18012.212589265822,19491.27,16223.3955
forecast_8156,2025-12-06 20:00:00,18297.372074017338,19535.297,16539.219
forecast_8157,2025-12-06 21:00:00,18789.67909631264,19527.465,16740.514
forecast_8158,2025-12-06 22:00:00,18694.77582648122,19530.736,16923.379
forecast_8159,2025-12-06 23:00:00,18798.750837281106,19513.086,16930.383
forecast_8160,2025-12-07 00:00:00,18997.652624227663,19426.87,16762.838
forecast_8161,2025-12-07 01:00:00,18524.750484896616,19337.553,16452.496
forecast_8162,2025-12-07 02:00:00,18451.222057470703,19227.377,16016.628
forecast_8163,2025-12-07 03:00:00,18060.972459387787,19079.68,15452.726
forecast_8164,2025-12-07 04:00:00,17696.359402682396,18984.143,15209.311
forecast_8165,2025-12-07 05:00:00,17321.899114228658,18851.54,15050.494
forecast_8166,2025-12-07 06:00:00,17933.783088258584,18649.0,14989.962
forecast_8167,2025-12-07 07:00:00,18457.113926612426,18680.947,15148.572
forecast_8168,2025-12-07 08:00:00,18365.968065337092,18776.484,15455.792
forecast_8169,2025-12-07 09:00:00,17455.55459918624,18774.701,15592.369
forecast_8170,2025-12-07 10:00:00,16205.597041563078,18609.562,15370.111
forecast_8171,2025-12-07 11:00:00,16021.095582340145,18341.416,14895.234
forecast_8172,2025-12-07 12:00:00,15664.420763970495,18083.623,14572.487
forecast_8173,2025-12-07 13:00:00,16079.98612662582,17989.844,14630.338
forecast_8174,2025-12-07 14:00:00,16997.48304205829,17984.77,14873.669
forecast_8175,2025-12-07 15:00:00,16901.6395013192,18183.49,15307.269
forecast_8176,2025-12-07 16:00:00,17368.675598379046,18481.652,15752.5
forecast_8177,2025-12-07 17:00:00,17159.018091946215,18891.459,16134.067
forecast_8178,2025-12-07 18:00:00,17432.179733106586,19160.064,16449.445
forecast_8179,2025-12-07 19:00:00,17493.323144603055,19345.69,16689.572
forecast_8180,2025-12-07 20:00:00,17906.969017502714,19401.67,16733.719
forecast_8181,2025-12-07 21:00:00,17885.97429996624,19396.572,16626.441
forecast_8182,2025-12-07 22:00:00,18191.635784286547,19411.455,16423.432
forecast_8183,2025-12-07 23:00:00,17791.986176082675,19448.338,16275.129
forecast_8184,2025-12-08 00:00:00,17739.20838587548,19448.47,16072.697
forecast_8185,2025-12-08 01:00:00,17210.751199795188,19372.734,15719.499
forecast_8186,2025-12-08 02:00:00,16069.423293649743,19295.303,15000.039
forecast_8187,2025-12-08 03:00:00,15842.035913332731,19293.76,14478.832
forecast_8188,2025-12-08 04:00:00,16189.788944934577,19046.51,13778.11
forecast_8189,2025-12-08 05:00:00,13887.665917251501,18056.057,12157.14
forecast_8190,2025-12-08 06:00:00,12623.758481857976,15982.706,10016.479
forecast_8191,2025-12-08 07:00:00,11524.720568852596,13929.38,9270.997
forecast_8192,2025-12-08 08:00:00,11073.972625104869,11547.06,8584.318
forecast_8193,2025-12-08 09:00:00,9120.63264862992,8602.402,7796.409
forecast_8194,2025-12-08 10:00:00,8799.876379597295,6177.9023,6376.4746
forecast_8195,2025-12-08 11:00:00,4352.045190713097,4050.378,4836.906
forecast_8196,2025-12-08 12:00:00,4308.496677840264,2606.1697,3016.4255
forecast_8197,2025-12-08 13:00:00,3991.1339299204046,2255.5732,2191.2053
forecast_8198,2025-12-08 14:00:00,4048.9517861058544,2259.0876,2005.6892
forecast_8199,2025-12-08 15:00:00,4595.824482095728,2449.772,2149.3013
forecast_8200,2025-12-08 16:00:00,5495.391288028275,2971.7754,2658.261
forecast_8201,2025-12-08 17:00:00,6768.831841780682,3687.6707,3593.1199
forecast_8202,2025-12-08 18:00:00,8695.60968701656,5617.7046,5314.634
forecast_8203,2025-12-08 19:00:00,11366.244609614023,8533.983,7463.8857
forecast_8204,2025-12-08 20:00:00,11671.203533789801,11588.812,9409.746
forecast_8205,2025-12-08 21:00:00,14106.09818199449,14126.589,10572.191
forecast_8206,2025-12-08 22:00:00,14275.123086328882,16153.753,11217.086
forecast_8207,2025-12-08 23:00:00,13723.932402795426,17342.732,11243.018
forecast_8208,2025-12-09 00:00:00,14113.847783180536,18008.371,10827.846
forecast_8209,2025-12-09 01:00:00,14834.340389309746,18359.12,10480.572
forecast_8210,2025-12-09 02:00:00,16730.439839175262,18548.08,10528.091
forecast_8211,2025-12-09 03:00:00,16859.3914948537,18877.537,11017.005
forecast_8212,2025-12-09 04:00:00,16743.963973958227,19120.883,11459.593
forecast_8213,2025-12-09 05:00:00,16666.36790226652,19191.613,11676.785
forecast_8214,2025-12-09 06:00:00,16413.414504373966,19227.639,11843.678
forecast_8215,2025-12-09 07:00:00,17791.05095566422,19261.47,12229.386
forecast_8216,2025-12-09 08:00:00,18759.973351488406,19357.07,12864.472
forecast_8217,2025-12-09 09:00:00,16986.06913971619,19457.834,13557.952
forecast_8218,2025-12-09 10:00:00,14953.730727524924,19294.744,13586.372
forecast_8219,2025-12-09 11:00:00,14845.22586168184,19043.096,13201.318
forecast_8220,2025-12-09 12:00:00,11962.416045445318,18895.473,13075.211
forecast_8221,2025-12-09 13:00:00,12743.492475200477,18224.43,12193.424
forecast_8222,2025-12-09 14:00:00,12131.500375497342,17661.662,11630.621
forecast_8223,2025-12-09 15:00:00,11478.642943121291,17394.041,11357.881
forecast_8224,2025-12-09 16:00:00,11443.38906337227,17211.062,10961.629
forecast_8225,2025-12-09 17:00:00,12171.982293234487,17134.945,10524.507
forecast_8226,2025-12-09 18:00:00,12121.078826778992,17674.377,10879.12
forecast_8227,2025-12-09 19:00:00,13012.929454141175,18210.455,11722.83
forecast_8228,2025-12-09 20:00:00,13567.906284471605,18498.223,12131.616
forecast_8229,2025-12-09 21:00:00,13178.236790488936,18411.611,11591.162
forecast_8230,2025-12-09 22:00:00,12046.702226140455,17936.559,10386.791
forecast_8231,2025-12-09 23:00:00,11875.420739077399,17213.242,9457.496
forecast_8232,2025-12-10 00:00:00,10574.921856639145,16571.2,9088.225
forecast_8233,2025-12-10 01:00:00,9951.355651966436,16048.785,8718.814
forecast_8234,2025-12-10 02:00:00,12527.153176686901,15888.737,8514.917
forecast_8235,2025-12-10 03:00:00,11955.325974395042,16459.406,8832.283
forecast_8236,2025-12-10 04:00:00,11947.59868418195,17490.227,9838.855
forecast_8237,2025-12-10 05:00:00,10917.68022327499,18001.908,10750.022
forecast_8238,2025-12-10 06:00:00,11870.190333772398,17942.477,10831.231
forecast_8239,2025-12-10 07:00:00,12473.563894463467,17982.836,10398.642
forecast_8240,2025-12-10 08:00:00,13222.272102492027,17908.322,10415.746
forecast_8241,2025-12-10 09:00:00,12831.743392459204,17771.443,10627.095
forecast_8242,2025-12-10 10:00:00,11778.948460414602,17541.17,10017.218
forecast_8243,2025-12-10 11:00:00,10745.158242584745,17286.748,9546.348
forecast_8244,2025-12-10 12:00:00,10189.35019296062,16179.955,8619.608
forecast_8245,2025-12-10 13:00:00,10813.272005711582,14494.284,7424.468
forecast_8246,2025-12-10 14:00:00,9375.84546610447,13289.22,6798.3506
forecast_8247,2025-12-10 15:00:00,6309.715570668608,11426.956,6196.5107
forecast_8248,2025-12-10 16:00:00,5278.018370634572,8522.241,4496.967
forecast_8249,2025-12-10 17:00:00,4845.559238660666,7765.579,3508.4355
forecast_8250,2025-12-10 18:00:00,4239.219365894419,8932.498,3163.3975
forecast_8251,2025-12-10 19:00:00,3828.2601593076347,11969.327,3590.905
forecast_8252,2025-12-10 20:00:00,5605.809592872888,13876.087,3946.3132
forecast_8253,2025-12-10 21:00:00,9260.360751853888,15436.73,4118.5312
forecast_8254,2025-12-10 22:00:00,13609.56334287709,16896.64,5268.6724
forecast_8255,2025-12-10 23:00:00,14835.73052942173,18291.322,8135.2236
forecast_8256,2025-12-11 00:00:00,13110.831639437505,19338.795,11136.641
forecast_8257,2025-12-11 01:00:00,16254.268003377845,19631.695,11562.633
forecast_8258,2025-12-11 02:00:00,16831.48475864957,19929.176,12988.341
forecast_8259,2025-12-11 03:00:00,17590.6434456959,20032.77,14363.522
forecast_8260,2025-12-11 04:00:00,18306.217589860364,20038.75,15464.394
forecast_8261,2025-12-11 05:00:00,18494.666680780767,19889.904,16096.988
forecast_8262,2025-12-11 06:00:00,18119.102956562285,19785.756,16254.693
forecast_8263,2025-12-11 07:00:00,17644.886114587738,19519.117,15524.354
forecast_8264,2025-12-11 08:00:00,17994.793582183942,19343.908,15529.573
forecast_8265,2025-12-11 09:00:00,16554.746228851775,19034.38,15004.837
forecast_8266,2025-12-11 10:00:00,17736.188040258505,18720.668,14609.416
forecast_8267,2025-12-11 11:00:00,16688.144713987647,18506.07,14353.825
forecast_8268,2025-12-11 12:00:00,14810.388667707997,18052.799,14154.224
forecast_8269,2025-12-11 13:00:00,12129.010652071072,17627.309,14083.068
forecast_8270,2025-12-11 14:00:00,10551.827475456344,15838.376,12446.959
forecast_8271,2025-12-11 15:00:00,11229.855242948386,13522.953,10189.791
forecast_8272,2025-12-11 16:00:00,11147.33755953612,12896.647,9651.697
forecast_8273,2025-12-11 17:00:00,12429.693039899443,12968.127,10083.802
forecast_8274,2025-12-11 18:00:00,12282.215580515598,12758.928,10601.483
forecast_8275,2025-12-11 19:00:00,9855.310387272,12622.002,10978.682
forecast_8276,2025-12-11 20:00:00,8997.32489629885,10698.823,9544.256
forecast_8277,2025-12-11 21:00:00,4123.974210493739,6033.012,5961.6226
forecast_8278,2025-12-11 22:00:00,3872.4505846278666,2042.0665,2103.8716
forecast_8279,2025-12-11 23:00:00,3900.2539812096215,1484.0509,856.2126
forecast_8280,2025-12-12 00:00:00,2447.144053022563,2349.3625,547.97266
forecast_8281,2025-12-12 01:00:00,810.1631944803408,2879.1965,533.295
forecast_8282,2025-12-12 02:00:00,858.7164361649662,3323.668,504.37305
forecast_8283,2025-12-12 03:00:00,1089.4164504591504,4468.9316,539.95886
forecast_8284,2025-12-12 04:00:00,1207.8557991870832,5135.1055,511.3568
forecast_8285,2025-12-12 05:00:00,1250.8288291559277,4904.268,435.34613
forecast_8286,2025-12-12 06:00:00,1070.0947645644196,4523.566,376.05832
forecast_8287,2025-12-12 07:00:00,1244.929742981923,3858.9773,329.55136
forecast_8288,2025-12-12 08:00:00,1127.3223240172654,2772.7927,269.40247
forecast_8289,2025-12-12 09:00:00,1028.7674528804312,2163.433,234.2632
forecast_8290,2025-12-12 10:00:00,420.76317817140125,1594.5471,212.87436
forecast_8291,2025-12-12 11:00:00,312.92980683178234,1020.46857,184.08092
forecast_8292,2025-12-12 12:00:00,294.8787911845306,685.4969,168.22188
forecast_8293,2025-12-12 13:00:00,193.41420251555996,408.44153,146.29906
forecast_8294,2025-12-12 14:00:00,74.09900238695973,328.76514,138.12894
forecast_8295,2025-12-12 15:00:00,87.20688386332978,272.59583,133.6455
forecast_8296,2025-12-12 16:00:00,0.0,269.68555,140.07907
forecast_8297,2025-12-12 17:00:00,263.22977020597494,288.67468,160.0739
forecast_8298,2025-12-12 18:00:00,752.0312036401609,303.8736,182.6649
forecast_8299,2025-12-12 19:00:00,683.9948556960691,310.66223,185.8597
forecast_8300,2025-12-12 20:00:00,637.9900825538447,413.30896,206.47151
forecast_8301,2025-12-12 21:00:00,1488.0914406148318,603.8254,232.68791
forecast_8302,2025-12-12 22:00:00,1476.905058932068,908.89813,286.93536
forecast_8303,2025-12-12 23:00:00,1416.1919751417977,1469.3616,368.12244
forecast_8304,2025-12-13 00:00:00,1248.375872905979,2125.5146,468.42978
forecast_8305,2025-12-13 01:00:00,1600.5254578111967,3351.5818,657.4349
forecast_8306,2025-12-13 02:00:00,1944.2091550018424,5225.197,1049.556
forecast_8307,2025-12-13 03:00:00,2491.4975123421173,5866.359,1099.2542
forecast_8308,2025-12-13 04:00:00,3035.2660721040643,5549.0254,1450.5629
forecast_8309,2025-12-13 05:00:00,3154.568413714734,6373.8413,2320.8933
forecast_8310,2025-12-13 06:00:00,3051.2957864676673,5361.6465,2743.4583
forecast_8311,2025-12-13 07:00:00,3821.5510760740876,4859.8643,2869.2747
forecast_8312,2025-12-13 08:00:00,4655.646635174148,4052.3098,2593.3264
forecast_8313,2025-12-13 09:00:00,3534.231290789672,4396.806,2411.5552
forecast_8314,2025-12-13 10:00:00,1717.489434522427,3869.4043,1966.1067
forecast_8315,2025-12-13 11:00:00,604.449406408347,1868.5813,1525.6083
forecast_8316,2025-12-13 12:00:00,664.6042353137823,681.9081,860.5218
forecast_8317,2025-12-13 13:00:00,507.43982134114674,671.87555,612.3667
forecast_8318,2025-12-13 14:00:00,525.0145873763545,569.61273,490.17325
forecast_8319,2025-12-13 15:00:00,582.2402338641632,552.4454,365.4397
forecast_8320,2025-12-13 16:00:00,974.1580128854506,702.3416,311.38754
forecast_8321,2025-12-13 17:00:00,1534.3216889758917,1072.8003,332.3833
forecast_8322,2025-12-13 18:00:00,1873.9995246967544,1530.9728,395.28543
forecast_8323,2025-12-13 19:00:00,2086.8261057730624,2511.8704,556.28534
forecast_8324,2025-12-13 20:00:00,2374.378107153344,3696.7415,900.9467
forecast_8325,2025-12-13 21:00:00,3216.490332676093,4490.3496,1354.2932
forecast_8326,2025-12-13 22:00:00,5559.6916067996635,5242.9053,2061.712
forecast_8327,2025-12-13 23:00:00,6527.391998072327,6040.85,3490.6968
forecast_8328,2025-12-14 00:00:00,9219.88514062636,5651.6875,5442.3745
forecast_8329,2025-12-14 01:00:00,13838.41102613543,5816.885,7557.517
forecast_8330,2025-12-14 02:00:00,13945.442722255213,6295.1533,11225.491
forecast_8331,2025-12-14 03:00:00,15215.112989837853,5500.0977,12487.948
forecast_8332,2025-12-14 04:00:00,14485.428318782007,5620.021,13141.118
forecast_8333,2025-12-14 05:00:00,14495.138082892718,4919.8022,13207.368
forecast_8334,2025-12-14 06:00:00,14862.522617163455,3356.6135,13133.179
forecast_8335,2025-12-14 07:00:00,15569.807253545174,2260.7761,13030.61
forecast_8336,2025-12-14 08:00:00,15115.39423126539,2148.0698,13602.985
forecast_8337,2025-12-14 09:00:00,14504.63543388191,1992.583,14171.924
forecast_8338,2025-12-14 10:00:00,14044.987382418241,1199.5985,13710.155
forecast_8339,2025-12-14 11:00:00,13540.865101050385,818.14716,12029.592
forecast_8340,2025-12-14 12:00:00,13436.217431227698,748.0699,11151.504
forecast_8341,2025-12-14 13:00:00,11883.10210527022,800.4856,10723.408
forecast_8342,2025-12-14 14:00:00,9603.161228398854,932.42834,9877.111
forecast_8343,2025-12-14 15:00:00,9637.4173830655,1304.0536,8766.487
forecast_8344,2025-12-14 16:00:00,10922.826165657658,2254.932,8799.3125
forecast_8345,2025-12-14 17:00:00,12711.104358596587,7866.478,10045.686
forecast_8346,2025-12-14 18:00:00,13090.610025407284,15446.532,12090.672
forecast_8347,2025-12-14 19:00:00,13482.361884274085,17207.36,13805.41
forecast_8348,2025-12-14 20:00:00,15146.941334839166,17882.604,14621.243
forecast_8349,2025-12-14 21:00:00,15563.806963763747,18313.205,14905.162
forecast_8350,2025-12-14 22:00:00,14847.933330363026,18659.393,14934.145
forecast_8351,2025-12-14 23:00:00,14869.10975283107,18807.766,14754.046
forecast_8352,2025-12-15 00:00:00,15728.568494884785,18859.727,14592.484
forecast_8353,2025-12-15 01:00:00,16193.114244149527,18828.32,14121.625
forecast_8354,2025-12-15 02:00:00,16869.305309345058,18879.643,14021.594
forecast_8355,2025-12-15 03:00:00,17324.97229074902,19028.256,14036.344
forecast_8356,2025-12-15 04:00:00,16961.56337805073,19038.453,13965.683
forecast_8357,2025-12-15 05:00:00,16758.969270252866,18971.691,13800.173
forecast_8358,2025-12-15 06:00:00,16629.667908617503,18823.879,13486.198
forecast_8359,2025-12-15 07:00:00,16911.06916271507,18622.867,13041.182
forecast_8360,2025-12-15 08:00:00,16389.128393291423,18444.738,12613.491
forecast_8361,2025-12-15 09:00:00,16586.03215644409,18217.977,12203.9
forecast_8362,2025-12-15 10:00:00,14873.65972509105,17846.2,11880.434
forecast_8363,2025-12-15 11:00:00,13138.311519670806,17239.916,11287.082
forecast_8364,2025-12-15 12:00:00,11184.153602183334,16887.332,10830.216
forecast_8365,2025-12-15 13:00:00,11350.379038546076,16213.8955,10200.264
forecast_8366,2025-12-15 14:00:00,14800.75570690415,15910.872,10003.755
forecast_8367,2025-12-15 15:00:00,12382.653290912403,17087.217,11331.268
forecast_8368,2025-12-15 16:00:00,16180.072627916674,17626.318,12076.342
forecast_8369,2025-12-15 17:00:00,17938.734093644656,18744.22,12661.668
forecast_8370,2025-12-15 18:00:00,19033.963176824367,19723.506,13820.489
forecast_8371,2025-12-15 19:00:00,19514.867105355996,20176.28,14749.461
forecast_8372,2025-12-15 20:00:00,18609.98775394628,20283.357,15110.513
forecast_8373,2025-12-15 21:00:00,18411.153306182176,20292.105,15113.1
forecast_8374,2025-12-15 22:00:00,18258.542340708424,20227.314,14914.006
forecast_8375,2025-12-15 23:00:00,17367.842606649203,20046.863,14434.003
forecast_8376,2025-12-16 00:00:00,15189.985698452263,19789.037,13520.731
forecast_8377,2025-12-16 01:00:00,16800.22033487114,19560.18,12509.748
forecast_8378,2025-12-16 02:00:00,16310.587817960231,19752.893,13325.748
forecast_8379,2025-12-16 03:00:00,14090.87880765671,19651.172,13729.634
forecast_8380,2025-12-16 04:00:00,11864.71768104387,18806.03,12904.012
forecast_8381,2025-12-16 05:00:00,12093.748580269346,17071.836,10668.627
forecast_8382,2025-12-16 06:00:00,12191.901351231985,15454.471,9520.486
forecast_8383,2025-12-16 07:00:00,11834.560338312653,13963.603,8637.136
forecast_8384,2025-12-16 08:00:00,10130.406460980197,13123.565,8456.259
forecast_8385,2025-12-16 09:00:00,10570.621107185741,12425.534,8498.017
forecast_8386,2025-12-16 10:00:00,11289.620739645463,11877.378,8508.423
forecast_8387,2025-12-16 11:00:00,11920.730086023166,11160.575,7909.7017
forecast_8388,2025-12-16 12:00:00,11479.382591532567,11163.055,8145.696
forecast_8389,2025-12-16 13:00:00,11551.140034474349,10749.558,7937.68
forecast_8390,2025-12-16 14:00:00,12451.143787658897,10743.9,7860.0874
forecast_8391,2025-12-16 15:00:00,11626.589970254012,10686.831,8023.9688
forecast_8392,2025-12-16 16:00:00,11664.66217496827,10622.67,7962.7954
forecast_8393,2025-12-16 17:00:00,10310.35430678506,10843.466,8042.34
forecast_8394,2025-12-16 18:00:00,8729.270187480672,10286.658,6787.241
forecast_8395,2025-12-16 19:00:00,7020.500320575522,9758.417,5699.412
forecast_8396,2025-12-16 20:00:00,7059.904663698113,9328.667,4569.515
forecast_8397,2025-12-16 21:00:00,6745.198288500468,9102.969,3685.7673
forecast_8398,2025-12-16 22:00:00,6072.999725178835,9237.429,3237.578
forecast_8399,2025-12-16 23:00:00,4911.148941541939,8538.173,2921.1292
forecast_8400,2025-12-17 00:00:00,6333.340681800134,7755.8843,2514.5803
forecast_8401,2025-12-17 01:00:00,6519.680867487579,8011.158,2588.754
forecast_8402,2025-12-17 02:00:00,8100.828499112236,8870.538,4145.8843
forecast_8403,2025-12-17 03:00:00,8483.506843597164,9118.394,5644.22
forecast_8404,2025-12-17 04:00:00,7560.127944914078,7934.5967,5404.6484
forecast_8405,2025-12-17 05:00:00,6497.239401851087,6488.0815,4206.026
forecast_8406,2025-12-17 06:00:00,7220.781593524159,5774.189,3546.37
forecast_8407,2025-12-17 07:00:00,7378.087297186202,5745.778,3372.0232
forecast_8408,2025-12-17 08:00:00,6709.233045858043,6251.435,3919.0715
forecast_8409,2025-12-17 09:00:00,4588.3976180596665,5659.6865,3903.076
forecast_8410,2025-12-17 10:00:00,4565.462490001871,4905.8525,3550.814
forecast_8411,2025-12-17 11:00:00,3935.96699271163,4169.5103,3126.085
forecast_8412,2025-12-17 12:00:00,4576.723462333944,3618.0493,2784.4485
forecast_8413,2025-12-17 13:00:00,4066.943683641709,2821.7993,2496.5981
forecast_8414,2025-12-17 14:00:00,3248.8749467768253,2035.2755,2213.0464
forecast_8415,2025-12-17 15:00:00,2523.6340017304537,1429.4542,1766.9221
forecast_8416,2025-12-17 16:00:00,2463.224804785207,1198.73,1465.3652
forecast_8417,2025-12-17 17:00:00,3488.05018271624,992.38715,1407.5487
forecast_8418,2025-12-17 18:00:00,3541.8634096602573,1246.6907,1718.4401
forecast_8419,2025-12-17 19:00:00,3066.3004526087143,2245.185,2395.4692
forecast_8420,2025-12-17 20:00:00,4130.796610171223,3955.3838,2859.2417
forecast_8421,2025-12-17 21:00:00,5182.020171813041,6217.6562,3594.081
forecast_8422,2025-12-17 22:00:00,5712.017009181407,8637.182,4214.015
forecast_8423,2025-12-17 23:00:00,7007.301460340154,11865.493,5602.1523
forecast_8424,2025-12-18 00:00:00,7262.917660855314,14099.761,6664.952
forecast_8425,2025-12-18 01:00:00,12098.707748300649,15648.426,7411.4326
forecast_8426,2025-12-18 02:00:00,13025.981343478823,16739.295,8659.517
forecast_8427,2025-12-18 03:00:00,14181.357418044596,17300.498,9457.715
forecast_8428,2025-12-18 04:00:00,14181.334317924173,17548.646,9763.882
forecast_8429,2025-12-18 05:00:00,14312.836824930708,17404.646,9566.842
forecast_8430,2025-12-18 06:00:00,13047.028248352242,17039.467,9226.253
forecast_8431,2025-12-18 07:00:00,12200.806579906073,16258.177,8707.254
forecast_8432,2025-12-18 08:00:00,11996.601309927813,14917.7295,7726.059
forecast_8433,2025-12-18 09:00:00,8930.756446060277,13259.867,6702.669
forecast_8434,2025-12-18 10:00:00,6652.28648768892,10129.194,5164.048
forecast_8435,2025-12-18 11:00:00,5627.646395800421,6525.358,3601.3784
forecast_8436,2025-12-18 12:00:00,4931.174082138555,4765.5977,3004.4353
forecast_8437,2025-12-18 13:00:00,3727.997713714675,3622.5066,2929.85
forecast_8438,2025-12-18 14:00:00,3557.3934576576344,2801.5674,2813.6628
forecast_8439,2025-12-18 15:00:00,3304.047299865127,2543.3962,2862.7095
forecast_8440,2025-12-18 16:00:00,3882.6743189231975,2730.3325,2908.7493
forecast_8441,2025-12-18 17:00:00,5676.890464835414,3712.895,3438.5376
forecast_8442,2025-12-18 18:00:00,6028.039610802533,6024.4478,4856.3716
forecast_8443,2025-12-18 19:00:00,6314.930041104921,8202.334,5704.9644
forecast_8444,2025-12-18 20:00:00,6585.540423351347,9866.269,6318.4863
forecast_8445,2025-12-18 21:00:00,7534.862287112144,10127.619,6842.695
forecast_8446,2025-12-18 22:00:00,9297.023216971995,11743.052,7737.8584
forecast_8447,2025-12-18 23:00:00,9528.565855629386,13654.087,9021.629
forecast_8448,2025-12-19 00:00:00,10653.264872805907,14988.236,10155.433
forecast_8449,2025-12-19 01:00:00,14618.891956847363,16096.506,11049.356
forecast_8450,2025-12-19 02:00:00,13975.401792600516,17781.346,13048.137
forecast_8451,2025-12-19 03:00:00,14669.349799160818,18596.037,13558.828
forecast_8452,2025-12-19 04:00:00,14151.390081541176,18854.668,13044.292
forecast_8453,2025-12-19 05:00:00,14203.945169325956,18702.568,11271.032
forecast_8454,2025-12-19 06:00:00,14411.360519647682,18691.844,10377.2295
forecast_8455,2025-12-19 07:00:00,15307.489575872458,18891.97,10982.201
forecast_8456,2025-12-19 08:00:00,15259.568033083597,19394.254,12720.461
forecast_8457,2025-12-19 09:00:00,14373.011196364076,19680.1,13984.368
forecast_8458,2025-12-19 10:00:00,17348.93003272368,19699.91,14107.706
forecast_8459,2025-12-19 11:00:00,18554.409145160444,19675.352,14340.021
forecast_8460,2025-12-19 12:00:00,16374.695380850464,19791.164,15034.913
forecast_8461,2025-12-19 13:00:00,15781.572622465466,19738.074,15409.037
forecast_8462,2025-12-19 14:00:00,15738.675451368928,19554.54,15365.733
forecast_8463,2025-12-19 15:00:00,15910.38629328233,19462.19,15420.408
forecast_8464,2025-12-19 16:00:00,16527.552109677687,19428.451,15556.45
forecast_8465,2025-12-19 17:00:00,16591.028419687624,19438.418,15553.186
forecast_8466,2025-12-19 18:00:00,16891.25455277998,19690.21,16038.643
forecast_8467,2025-12-19 19:00:00,17258.878554980332,19831.273,16607.246
forecast_8468,2025-12-19 20:00:00,16935.849184353654,19926.531,16995.39
forecast_8469,2025-12-19 21:00:00,16834.78471483372,19877.525,16863.107
forecast_8470,2025-12-19 22:00:00,15885.168466490959,19807.805,16524.777
forecast_8471,2025-12-19 23:00:00,15184.695294502011,19758.076,16278.964
forecast_8472,2025-12-20 00:00:00,15520.811077719896,19454.9,15446.771
forecast_8473,2025-12-20 01:00:00,16474.63089970131,18954.709,14121.613
forecast_8474,2025-12-20 02:00:00,14894.424748439063,18744.992,13035.864
forecast_8475,2025-12-20 03:00:00,15804.443298759581,18399.59,12064.079
forecast_8476,2025-12-20 04:00:00,14371.981222945155,18047.857,11750.398
forecast_8477,2025-12-20 05:00:00,12761.563423592193,17560.545,11722.378
forecast_8478,2025-12-20 06:00:00,12440.514321143042,16788.875,11513.543
forecast_8479,2025-12-20 07:00:00,11772.192044430989,16091.615,11453.046
forecast_8480,2025-12-20 08:00:00,12512.902201752215,15878.85,11789.576
forecast_8481,2025-12-20 09:00:00,11966.96473805367,15941.701,12469.07
forecast_8482,2025-12-20 10:00:00,12768.544906660207,15819.601,12678.261
forecast_8483,2025-12-20 11:00:00,11505.110680139625,15559.228,12498.762
forecast_8484,2025-12-20 12:00:00,13528.921634914324,15555.859,12567.566
forecast_8485,2025-12-20 13:00:00,13638.389883095724,15472.346,12795.893
forecast_8486,2025-12-20 14:00:00,13641.652468246739,14977.623,12698.456
forecast_8487,2025-12-20 15:00:00,10479.067387252457,13977.192,11864.299
forecast_8488,2025-12-20 16:00:00,10127.540609075286,13291.481,11123.151
forecast_8489,2025-12-20 17:00:00,10873.842037241891,12649.463,9587.839
forecast_8490,2025-12-20 18:00:00,10784.786349666636,13089.351,9194.469
forecast_8491,2025-12-20 19:00:00,10607.06184885857,13241.807,9803.421
forecast_8492,2025-12-20 20:00:00,8564.436861491617,13700.554,10306.101
forecast_8493,2025-12-20 21:00:00,9420.728552193152,14006.012,10360.229
forecast_8494,2025-12-20 22:00:00,9578.23331942696,13716.074,9430.088
forecast_8495,2025-12-20 23:00:00,10484.920010431752,14450.463,9755.48
forecast_8496,2025-12-21 00:00:00,14580.163500613216,15158.461,10521.205
forecast_8497,2025-12-21 01:00:00,18854.625228793997,16381.71,11451.821
forecast_8498,2025-12-21 02:00:00,17883.673096594346,18403.584,13895.426
forecast_8499,2025-12-21 03:00:00,17943.635449489673,19086.566,14490.697
forecast_8500,2025-12-21 04:00:00,17843.956230761254,19422.533,14404.556
forecast_8501,2025-12-21 05:00:00,17478.905914268315,19674.06,14266.18
forecast_8502,2025-12-21 06:00:00,17567.958723607902,19757.482,14174.076
forecast_8503,2025-12-21 07:00:00,17361.03601013146,19650.145,13364.321
forecast_8504,2025-12-21 08:00:00,17180.54426148895,19342.41,12332.322
forecast_8505,2025-12-21 09:00:00,15569.109948617359,19098.408,11899.959
forecast_8506,2025-12-21 10:00:00,13269.904342641914,18059.662,10411.941
forecast_8507,2025-12-21 11:00:00,12174.234355664948,16216.881,8637.005
forecast_8508,2025-12-21 12:00:00,9644.944693630174,13940.82,7159.9985
forecast_8509,2025-12-21 13:00:00,7507.4214297235385,11612.429,6123.645
forecast_8510,2025-12-21 14:00:00,5348.984605757532,7620.5654,4509.768
forecast_8511,2025-12-21 15:00:00,4565.500386031211,3402.906,2668.0012
forecast_8512,2025-12-21 16:00:00,3227.4397459499955,1594.7362,1598.1278
forecast_8513,2025-12-21 17:00:00,3578.6173162145506,1086.6377,1160.8718
forecast_8514,2025-12-21 18:00:00,3928.535826501555,932.62897,1091.9584
forecast_8515,2025-12-21 19:00:00,3690.6376998936353,966.2771,1091.7496
forecast_8516,2025-12-21 20:00:00,2474.8426958257596,1175.5101,1122.6913
forecast_8517,2025-12-21 21:00:00,1260.408863008683,1180.8855,868.7607
forecast_8518,2025-12-21 22:00:00,2137.9200458385585,1016.14655,664.7032
forecast_8519,2025-12-21 23:00:00,1340.362392875486,907.5249,617.2881
forecast_8520,2025-12-22 00:00:00,523.382728257598,921.5042,528.91876
forecast_8521,2025-12-22 01:00:00,906.5178983937714,846.8874,351.89243
forecast_8522,2025-12-22 02:00:00,1123.1174766665793,635.4317,256.56586
forecast_8523,2025-12-22 03:00:00,359.5908040992433,541.84106,255.56853
forecast_8524,2025-12-22 04:00:00,488.79516086635925,535.75696,245.22673
forecast_8525,2025-12-22 05:00:00,789.030325636117,576.27045,215.85306
forecast_8526,2025-12-22 06:00:00,436.63518625067235,642.3992,200.18558
forecast_8527,2025-12-22 07:00:00,787.0287349473914,711.1126,215.49933
forecast_8528,2025-12-22 08:00:00,503.7398338313345,669.09283,198.63506
forecast_8529,2025-12-22 09:00:00,516.763745146259,663.799,190.68051
forecast_8530,2025-12-22 10:00:00,0.0,611.37476,172.09515
forecast_8531,2025-12-22 11:00:00,97.21014504416917,518.82245,163.06845
forecast_8532,2025-12-22 12:00:00,145.30836191653066,388.9264,153.64833
forecast_8533,2025-12-22 13:00:00,201.3980913158423,295.1324,149.32098
forecast_8534,2025-12-22 14:00:00,31.669934296637297,241.2808,139.79704
forecast_8535,2025-12-22 15:00:00,112.73795556079273,222.23288,146.3741
forecast_8536,2025-12-22 16:00:00,156.9468330857853,228.57585,152.22226
forecast_8537,2025-12-22 17:00:00,455.5288899484631,259.4701,146.59071
forecast_8538,2025-12-22 18:00:00,263.4271813719515,368.60757,151.2773
forecast_8539,2025-12-22 19:00:00,279.77039291527433,656.41174,209.37941
forecast_8540,2025-12-22 20:00:00,723.3653398821135,1056.9767,317.1506
forecast_8541,2025-12-22 21:00:00,990.5670943205735,1292.6108,524.043
forecast_8542,2025-12-22 22:00:00,1425.93824260516,1636.4884,733.1313
forecast_8543,2025-12-22 23:00:00,1483.5130924240902,2329.569,1214.982
forecast_8544,2025-12-23 00:00:00,2025.192979246833,2678.5542,1667.974
forecast_8545,2025-12-23 01:00:00,3204.9066647395134,3407.0388,2093.6719
forecast_8546,2025-12-23 02:00:00,3142.070201119548,3408.4158,2251.7805
forecast_8547,2025-12-23 03:00:00,4179.562178326572,3709.922,2596.4644
forecast_8548,2025-12-23 04:00:00,2630.24352925063,4878.3477,3276.3994
forecast_8549,2025-12-23 05:00:00,3190.03630804269,4564.4106,3473.095
forecast_8550,2025-12-23 06:00:00,3444.711008597547,3828.7139,3101.6602
forecast_8551,2025-12-23 07:00:00,2859.8173709204357,3336.9407,2727.3328
forecast_8552,2025-12-23 08:00:00,3479.095127015802,4397.859,3032.1526
forecast_8553,2025-12-23 09:00:00,4212.176232199749,4263.78,3087.8337
forecast_8554,2025-12-23 10:00:00,4200.8665140165085,4495.32,2889.1372
forecast_8555,2025-12-23 11:00:00,6479.258821350689,6468.663,2985.887
forecast_8556,2025-12-23 12:00:00,4815.71403773103,9520.359,3820.0312
forecast_8557,2025-12-23 13:00:00,3103.946995275988,9842.805,4236.232
forecast_8558,2025-12-23 14:00:00,2455.1565536736925,7264.5664,3556.9507
forecast_8559,2025-12-23 15:00:00,3033.740320587365,5492.7764,2701.934
forecast_8560,2025-12-23 16:00:00,3134.4412899726585,4428.3965,2165.5188
forecast_8561,2025-12-23 17:00:00,2865.3516440993235,4238.1714,1640.9081
forecast_8562,2025-12-23 18:00:00,5450.298245942681,5696.975,1482.717
forecast_8563,2025-12-23 19:00:00,6166.079885490225,7871.9883,1946.643
forecast_8564,2025-12-23 20:00:00,6526.69651545063,11612.016,2586.859
forecast_8565,2025-12-23 21:00:00,6295.645996803497,13882.712,3334.0476
forecast_8566,2025-12-23 22:00:00,7707.100533690594,15855.804,3881.9
forecast_8567,2025-12-23 23:00:00,7269.025132807109,15924.793,4220.843
forecast_8568,2025-12-24 00:00:00,6488.835038573712,15227.511,3910.362
forecast_8569,2025-12-24 01:00:00,5992.640811411496,13980.485,3611.9907
forecast_8570,2025-12-24 02:00:00,5642.353858597749,9371.763,2250.4502
forecast_8571,2025-12-24 03:00:00,4133.05950690577,5381.0356,1887.4446
forecast_8572,2025-12-24 04:00:00,3262.1683911177374,1787.8517,1480.8054
forecast_8573,2025-12-24 05:00:00,2600.7714517961604,902.99554,1251.246
forecast_8574,2025-12-24 06:00:00,1732.4057304975163,603.61914,1022.8558
forecast_8575,2025-12-24 07:00:00,1082.0628929649913,549.88635,906.30896
forecast_8576,2025-12-24 08:00:00,862.4883864241774,518.7117,754.4315
forecast_8577,2025-12-24 09:00:00,340.17095592210234,352.30087,383.28583
forecast_8578,2025-12-24 10:00:00,87.31622021860355,231.1753,201.91138
forecast_8579,2025-12-24 11:00:00,0.0,189.14957,140.57051
forecast_8580,2025-12-24 12:00:00,0.0,179.52069,117.98087
forecast_8581,2025-12-24 13:00:00,60.703587045878315,182.0737,115.47868
forecast_8582,2025-12-24 14:00:00,92.5503279227691,200.79573,132.28568
forecast_8583,2025-12-24 15:00:00,38.57296654892268,229.51218,157.98479
forecast_8584,2025-12-24 16:00:00,1.6564537876821481,285.82077,213.97395
forecast_8585,2025-12-24 17:00:00,0.0,251.85999,302.47708
forecast_8586,2025-12-24 18:00:00,0.0,181.73518,323.26944
forecast_8587,2025-12-24 19:00:00,139.79631598781785,158.52791,280.7641
forecast_8588,2025-12-24 20:00:00,16.541248677952332,151.55298,226.84958
forecast_8589,2025-12-24 21:00:00,44.37752665956619,149.35286,194.5028
forecast_8590,2025-12-24 22:00:00,270.0557718522801,161.95056,161.53757
forecast_8591,2025-12-24 23:00:00,222.1903133211567,208.94228,198.70033
forecast_8592,2025-12-25 00:00:00,587.8780599026138,273.1256,352.51132
forecast_8593,2025-12-25 01:00:00,1402.022271330859,341.04144,801.0542
forecast_8594,2025-12-25 02:00:00,2915.9587267516454,398.84793,1367.4792
forecast_8595,2025-12-25 03:00:00,3784.080851978779,537.6666,2405.7544
forecast_8596,2025-12-25 04:00:00,5140.504823248945,774.83105,3426.2644
forecast_8597,2025-12-25 05:00:00,6396.727252502323,1301.5669,4900.928
forecast_8598,2025-12-25 06:00:00,6887.746779265638,1997.9685,6028.904
forecast_8599,2025-12-25 07:00:00,10148.751316817279,2783.4136,6886.2847
forecast_8600,2025-12-25 08:00:00,14523.934946400588,4116.3096,8586.013
forecast_8601,2025-12-25 09:00:00,13623.48081766176,6161.783,11197.802
forecast_8602,2025-12-25 10:00:00,13915.571905403433,8006.131,12610.687
forecast_8603,2025-12-25 11:00:00,14240.911568675003,9552.507,13112.206
forecast_8604,2025-12-25 12:00:00,15231.85610598092,11286.026,13447.882
forecast_8605,2025-12-25 13:00:00,15496.788703248441,12520.556,13070.144
forecast_8606,2025-12-25 14:00:00,15839.074039178164,13804.854,12961.231
forecast_8607,2025-12-25 15:00:00,15739.838900592542,14607.402,12520.498
forecast_8608,2025-12-25 16:00:00,15895.769075360628,15412.421,12442.588
forecast_8609,2025-12-25 17:00:00,15953.265436894659,16415.049,12555.16
forecast_8610,2025-12-25 18:00:00,15892.517509998896,17438.44,12644.377
forecast_8611,2025-12-25 19:00:00,15187.757310161482,18339.803,13029.224
forecast_8612,2025-12-25 20:00:00,14752.313835794655,18930.877,13313.04
forecast_8613,2025-12-25 21:00:00,15308.229949430835,19310.072,13619.88
forecast_8614,2025-12-25 22:00:00,15436.767381587519,19535.307,14075.361
forecast_8615,2025-12-25 23:00:00,15588.25978100242,19634.344,14243.844
forecast_8616,2025-12-26 00:00:00,17119.564934388498,19744.898,14501.173
forecast_8617,2025-12-26 01:00:00,15264.476430315017,19800.027,14367.131
forecast_8618,2025-12-26 02:00:00,14191.467922031312,19778.803,13703.824
forecast_8619,2025-12-26 03:00:00,15017.1379585188,19435.271,11685.837
forecast_8620,2025-12-26 04:00:00,15392.747640490074,19159.094,10482.523
forecast_8621,2025-12-26 05:00:00,14573.472668193863,18778.457,9710.104
forecast_8622,2025-12-26 06:00:00,16707.90332852525,18340.89,8963.678
forecast_8623,2025-12-26 07:00:00,16518.027366810227,18339.938,8909.41
forecast_8624,2025-12-26 08:00:00,15827.216320192205,18726.0,9465.982
forecast_8625,2025-12-26 09:00:00,15020.451341854956,18917.67,9772.836
forecast_8626,2025-12-26 10:00:00,13059.514932279837,18877.719,9813.212
forecast_8627,2025-12-26 11:00:00,11671.852621960656,18588.809,9360.2
forecast_8628,2025-12-26 12:00:00,8092.491125268008,18327.178,8994.629
forecast_8629,2025-12-26 13:00:00,9251.352837414826,17364.275,8231.485
forecast_8630,2025-12-26 14:00:00,9399.29288396773,16220.966,7615.343
forecast_8631,2025-12-26 15:00:00,8916.646897318447,15726.455,7475.2783
forecast_8632,2025-12-26 16:00:00,9551.29969906401,15559.125,7655.0747
forecast_8633,2025-12-26 17:00:00,10458.773673497622,16144.961,8477.026
forecast_8634,2025-12-26 18:00:00,11618.23563054738,17273.344,9793.334
forecast_8635,2025-12-26 19:00:00,13564.164381855082,18340.229,10929.794
forecast_8636,2025-12-26 20:00:00,15396.90893719071,19118.701,11696.241
forecast_8637,2025-12-26 21:00:00,16781.28754017877,19656.41,12437.521
forecast_8638,2025-12-26 22:00:00,16883.593639621915,19947.186,13038.434
forecast_8639,2025-12-26 23:00:00,17155.333825799473,20035.6,13434.373
forecast_8640,2025-12-27 00:00:00,16632.729769267346,19996.84,13469.164
forecast_8641,2025-12-27 01:00:00,18143.931049564104,19955.357,13354.375
forecast_8642,2025-12-27 02:00:00,17184.700132180278,20095.021,13689.813
forecast_8643,2025-12-27 03:00:00,16651.464689276756,20174.836,13676.334
forecast_8644,2025-12-27 04:00:00,16425.391960570487,20170.379,13113.64
forecast_8645,2025-12-27 05:00:00,15463.046415966222,20165.615,12622.594
forecast_8646,2025-12-27 06:00:00,15607.683811686447,20067.676,11802.441
forecast_8647,2025-12-27 07:00:00,16286.097840420813,19936.094,11442.261
forecast_8648,2025-12-27 08:00:00,16053.683389478916,19791.512,11319.949
forecast_8649,2025-12-27 09:00:00,15446.661190955501,19626.203,11482.614
forecast_8650,2025-12-27 10:00:00,14239.252290574388,19378.494,11498.516
forecast_8651,2025-12-27 11:00:00,13895.888683661133,19058.598,11608.133
forecast_8652,2025-12-27 12:00:00,13644.66598198296,18882.025,11692.638
forecast_8653,2025-12-27 13:00:00,14585.32134377784,18511.395,11555.008
forecast_8654,2025-12-27 14:00:00,15042.527466468118,18140.578,11248.168
forecast_8655,2025-12-27 15:00:00,15517.182975655003,18081.951,11742.82
forecast_8656,2025-12-27 16:00:00,15364.825217227064,18137.81,12446.829
forecast_8657,2025-12-27 17:00:00,16547.03974911211,18117.197,12650.707
forecast_8658,2025-12-27 18:00:00,17537.68918403266,18530.934,13408.175
forecast_8659,2025-12-27 19:00:00,17515.024775415663,19115.115,14645.577
forecast_8660,2025-12-27 20:00:00,17707.177059529127,19394.05,15070.44
forecast_8661,2025-12-27 21:00:00,16270.281137160498,19530.846,14921.81
forecast_8662,2025-12-27 22:00:00,17132.78376379219,19684.713,14921.757
forecast_8663,2025-12-27 23:00:00,17144.52296829688,19784.754,15170.748
forecast_8664,2025-12-28 00:00:00,15271.909531883513,19814.184,15403.736
forecast_8665,2025-12-28 01:00:00,18658.869888495326,19757.328,15233.519
forecast_8666,2025-12-28 02:00:00,19231.25029393742,19817.773,15394.184
forecast_8667,2025-12-28 03:00:00,19428.237715795465,19874.273,15628.378
forecast_8668,2025-12-28 04:00:00,19246.653248834944,19873.324,15773.267
forecast_8669,2025-12-28 05:00:00,18300.14169761915,19784.396,15825.86
forecast_8670,2025-12-28 06:00:00,18966.166143276976,19650.35,15741.345
forecast_8671,2025-12-28 07:00:00,17687.23798575774,19444.184,15561.106
forecast_8672,2025-12-28 08:00:00,17691.60125639016,19205.96,15303.378
forecast_8673,2025-12-28 09:00:00,17010.4579849454,19020.834,15198.045
forecast_8674,2025-12-28 10:00:00,16031.31637072276,18656.182,14929.511
forecast_8675,2025-12-28 11:00:00,15738.29472685466,18043.443,14376.564
forecast_8676,2025-12-28 12:00:00,16454.48080443124,17218.16,13739.075
forecast_8677,2025-12-28 13:00:00,14538.038837166665,16345.407,13181.184
forecast_8678,2025-12-28 14:00:00,12070.134482706304,15120.076,12100.125
forecast_8679,2025-12-28 15:00:00,12864.182597149242,14458.549,11333.5
forecast_8680,2025-12-28 16:00:00,13464.611443652815,14612.02,11169.817
forecast_8681,2025-12-28 17:00:00,14433.763210965644,15443.929,11902.759
forecast_8682,2025-12-28 18:00:00,15346.786605579091,16590.273,13143.127
forecast_8683,2025-12-28 19:00:00,14044.01891225375,17529.463,13836.87
forecast_8684,2025-12-28 20:00:00,16714.128036473867,17948.031,14170.942
forecast_8685,2025-12-28 21:00:00,15461.547398412398,18369.297,14541.665
forecast_8686,2025-12-28 22:00:00,15862.700346444337,18532.21,14665.821
forecast_8687,2025-12-28 23:00:00,15528.409517541551,18568.705,14701.135
forecast_8688,2025-12-29 00:00:00,15980.023551169339,18567.54,14687.723
forecast_8689,2025-12-29 01:00:00,17424.963677705273,18557.205,14550.31
forecast_8690,2025-12-29 02:00:00,17753.827183460053,18908.385,14912.891
forecast_8691,2025-12-29 03:00:00,18240.830922074652,19121.6,15134.107
forecast_8692,2025-12-29 04:00:00,18839.558938170216,19301.697,15303.924
forecast_8693,2025-12-29 05:00:00,19370.03637743622,19318.764,15345.636
forecast_8694,2025-12-29 06:00:00,19486.869098580763,19203.115,15340.191
forecast_8695,2025-12-29 07:00:00,19178.647266411383,19111.719,15305.626
forecast_8696,2025-12-29 08:00:00,19486.27479311611,19028.648,15200.855
forecast_8697,2025-12-29 09:00:00,19402.190608854424,18987.816,15257.198
forecast_8698,2025-12-29 10:00:00,19367.375338700087,18939.078,15271.3
forecast_8699,2025-12-29 11:00:00,19413.646962487586,18844.797,15186.059
forecast_8700,2025-12-29 12:00:00,18637.791287458327,18762.775,15058.711
forecast_8701,2025-12-29 13:00:00,18564.72371698863,18727.107,14864.7
forecast_8702,2025-12-29 14:00:00,18519.284417889747,18484.682,14385.449
forecast_8703,2025-12-29 15:00:00,17944.39876876274,18283.676,14125.424
forecast_8704,2025-12-29 16:00:00,17652.069011812524,18002.496,14080.62
forecast_8705,2025-12-29 17:00:00,18115.98937557258,17832.055,14156.068
forecast_8706,2025-12-29 18:00:00,18507.075534364365,18021.188,14388.3
forecast_8707,2025-12-29 19:00:00,17350.309931829306,18069.389,14466.343
forecast_8708,2025-12-29 20:00:00,16352.819085989671,17622.441,13969.576
forecast_8709,2025-12-29 21:00:00,15901.954924323212,16905.463,13060.128
forecast_8710,2025-12-29 22:00:00,15530.883042725509,16503.314,12348.112
forecast_8711,2025-12-29 23:00:00,12930.975340189469,16507.361,12244.657
forecast_8712,2025-12-30 00:00:00,12585.772902211242,16363.273,12109.664
forecast_8713,2025-12-30 01:00:00,12007.827791120315,15911.109,11646.78
forecast_8714,2025-12-30 02:00:00,12504.073411522086,14971.908,10722.596
forecast_8715,2025-12-30 03:00:00,13284.336501895252,14278.1875,10010.666
forecast_8716,2025-12-30 04:00:00,14524.580514920548,14065.35,9663.896
forecast_8717,2025-12-30 05:00:00,13839.31702532174,14218.1455,9762.283
forecast_8718,2025-12-30 06:00:00,12442.937568136207,13566.829,9350.41
forecast_8719,2025-12-30 07:00:00,11422.46203361242,12423.393,8514.99
forecast_8720,2025-12-30 08:00:00,11409.067242323332,12105.559,7985.643
forecast_8721,2025-12-30 09:00:00,9270.785453539973,12414.257,7832.3228
forecast_8722,2025-12-30 10:00:00,8424.10623237787,11210.167,7278.341
forecast_8723,2025-12-30 11:00:00,8865.207706065914,8692.609,5971.275
forecast_8724,2025-12-30 12:00:00,9025.285827742182,7567.662,5520.7007
forecast_8725,2025-12-30 13:00:00,10081.322269062539,9140.96,6688.477
forecast_8726,2025-12-30 14:00:00,11114.03794471718,10859.658,8173.8843
forecast_8727,2025-12-30 15:00:00,11835.81652747185,11833.277,8818.114
forecast_8728,2025-12-30 16:00:00,12755.246282642493,12751.813,9236.843
forecast_8729,2025-12-30 17:00:00,13401.308320988355,13334.992,9787.544
forecast_8730,2025-12-30 18:00:00,14004.725405176963,13512.868,9781.636
forecast_8731,2025-12-30 19:00:00,13769.873834808684,14200.535,10228.192
forecast_8732,2025-12-30 20:00:00,13766.279029163707,14953.051,10898.317
forecast_8733,2025-12-30 21:00:00,14107.299433982065,15777.704,11506.977
forecast_8734,2025-12-30 22:00:00,14299.708062709307,16556.316,12039.176
forecast_8735,2025-12-30 23:00:00,14081.8320205206,17438.178,12757.672
forecast_8736,2025-12-31 00:00:00,14520.97990095209,18006.955,13193.861
forecast_8737,2025-12-31 01:00:00,15549.45287421573,18304.27,12975.972
forecast_8738,2025-12-31 02:00:00,16196.49971524187,18399.352,12975.824
forecast_8739,2025-12-31 03:00:00,16021.400081278329,18659.246,12980.379
forecast_8740,2025-12-31 04:00:00,15597.05944601541,18702.93,12423.46
forecast_8741,2025-12-31 05:00:00,15121.230882919863,18429.816,11460.992
forecast_8742,2025-12-31 06:00:00,14806.080958895194,17730.164,10322.335
forecast_8743,2025-12-31 07:00:00,14656.665550287602,17100.223,9998.488
forecast_8744,2025-12-31 08:00:00,14849.426434075234,16589.803,9985.157
forecast_8745,2025-12-31 09:00:00,12050.850059156552,16159.219,9913.008
forecast_8746,2025-12-31 10:00:00,10045.29186933801,14742.36,8695.468
forecast_8747,2025-12-31 11:00:00,8745.97422292765,12574.418,6953.008
forecast_8748,2025-12-31 12:00:00,8497.15338555136,11139.691,5869.368
forecast_8749,2025-12-31 13:00:00,8359.354673792668,11004.648,5656.639
forecast_8750,2025-12-31 14:00:00,8764.29737796117,11511.482,5846.78
forecast_8751,2025-12-31 15:00:00,8756.67130448454,11648.915,6183.5034
forecast_8752,2025-12-31 16:00:00,8906.49655953162,11214.862,6303.716
forecast_8753,2025-12-31 17:00:00,8455.063786256154,11328.646,6578.5312
forecast_8754,2025-12-31 18:00:00,7366.410448721611,11271.898,6826.734
forecast_8755,2025-12-31 19:00:00,8576.425998674804,11718.505,6782.605
forecast_8756,2025-12-31 20:00:00,11340.590137392452,13007.535,7146.6323
forecast_8757,2025-12-31 21:00:00,12130.347747523625,15189.389,8310.093
forecast_8758,2025-12-31 22:00:00,13135.37120763184,16796.053,9572.522
forecast_8759,2025-12-31 23:00:00,13139.328925350654,17855.752,10564.789
forecast_8760,2026-01-01 00:00:00,12888.6445790486,18383.137,10872.037
