forecast_id,forecast_kst_dtm,kpx_group_1,kpx_group_2,kpx_group_3
forecast_0001,2025-01-01 01:00:00,17264.21963965542,18041.720882718997,18409.71837069705
forecast_0002,2025-01-01 02:00:00,18263.934549501428,19091.112139879646,17621.323125287567
forecast_0003,2025-01-01 03:00:00,18012.874484410688,18758.656409145377,16789.477596149987
forecast_0004,2025-01-01 04:00:00,17474.277656338403,18922.17116149698,14902.49723356877
forecast_0005,2025-01-01 05:00:00,17275.914381396422,18506.434926186685,15308.818944373272
forecast_0006,2025-01-01 06:00:00,16366.637441851162,18564.064998933336,14844.801379770322
forecast_0007,2025-01-01 07:00:00,13637.82542899132,16828.366788258416,13730.960275743462
forecast_0008,2025-01-01 08:00:00,14095.132158390037,16041.840696973302,13957.473537399403
forecast_0009,2025-01-01 09:00:00,15257.023320105276,14432.170668189503,13664.706984457522
forecast_0010,2025-01-01 10:00:00,15058.363331603497,15302.676015910027,13922.456934746468
forecast_0011,2025-01-01 11:00:00,15391.250806605161,15999.299726954614,13014.795449685764
forecast_0012,2025-01-01 12:00:00,14947.63721607573,15359.506728793629,12820.791502555481
forecast_0013,2025-01-01 13:00:00,15402.070004728745,15549.73070524408,12833.627486777606
forecast_0014,2025-01-01 14:00:00,15161.221385494619,14792.15203848737,12236.559791572447
forecast_0015,2025-01-01 15:00:00,13772.075151782186,13340.979572857914,11522.643877745384
forecast_0016,2025-01-01 16:00:00,13534.571530007028,12963.506213323748,11193.280980720721
forecast_0017,2025-01-01 17:00:00,13685.269719916038,11706.318233861475,11288.741868607465
forecast_0018,2025-01-01 18:00:00,14023.54985320576,14248.43754147957,12895.787738583072
forecast_0019,2025-01-01 19:00:00,14082.946469220678,15222.817254529215,12153.11435811758
forecast_0020,2025-01-01 20:00:00,16463.255946317102,15590.529023077963,13767.24328795775
forecast_0021,2025-01-01 21:00:00,17017.100951325996,16786.214534705163,15097.88476489785
forecast_0022,2025-01-01 22:00:00,15469.679829399907,16663.23116335914,15411.660108262435
forecast_0023,2025-01-01 23:00:00,15042.742802131828,17070.66048062237,15522.6451393592
forecast_0024,2025-01-02 00:00:00,15298.714369892461,16733.4715151964,13363.88300686999
forecast_0025,2025-01-02 01:00:00,13540.111053460267,16584.017535733474,11527.902573399653
forecast_0026,2025-01-02 02:00:00,13610.626404177823,15593.161992529875,10514.103638463686
forecast_0027,2025-01-02 03:00:00,12480.622183621488,12100.280800316974,7795.1746102168445
forecast_0028,2025-01-02 04:00:00,10185.928902264617,11123.604168805488,7003.634306779991
forecast_0029,2025-01-02 05:00:00,9119.786506533143,10312.267025503172,5969.693754399645
forecast_0030,2025-01-02 06:00:00,7452.621636163791,8997.863992568122,5115.075785936385
forecast_0031,2025-01-02 07:00:00,7933.085468594385,8096.237189354729,4632.2137857336475
forecast_0032,2025-01-02 08:00:00,6740.430945118806,8330.968991217816,4376.947375984635
forecast_0033,2025-01-02 09:00:00,7425.57070091228,8109.775883593379,4664.8334093047415
forecast_0034,2025-01-02 10:00:00,5158.335725964161,5743.962449436313,2941.914134739492
forecast_0035,2025-01-02 11:00:00,4165.227842264124,4540.15125191145,2787.76006531695
forecast_0036,2025-01-02 12:00:00,4345.269951650497,4554.111920050938,2277.5492480529624
forecast_0037,2025-01-02 13:00:00,5464.753895643972,4488.654025487053,2426.3140546109344
forecast_0038,2025-01-02 14:00:00,6134.73108882656,4484.441557855762,2548.7011737757734
forecast_0039,2025-01-02 15:00:00,8254.144182179773,4973.503067964589,3620.2117759622965
forecast_0040,2025-01-02 16:00:00,8556.302155623385,5496.027537977623,4949.440205917009
forecast_0041,2025-01-02 17:00:00,9826.912324519466,7913.8080503744,5968.578292753851
forecast_0042,2025-01-02 18:00:00,11118.84225101351,8859.361549763078,6893.2425907956485
forecast_0043,2025-01-02 19:00:00,12433.384729652278,10946.083121815303,9783.313206190438
forecast_0044,2025-01-02 20:00:00,11653.561397092592,10078.126455623516,9380.282456296713
forecast_0045,2025-01-02 21:00:00,11931.085437010535,11130.325264809082,10233.457266230816
forecast_0046,2025-01-02 22:00:00,11613.068936996544,11144.775845305963,10970.763033435385
forecast_0047,2025-01-02 23:00:00,12000.89050799012,11139.816760179347,10769.870964965152
forecast_0048,2025-01-03 00:00:00,12469.26405908913,13930.81030172367,10951.917302242126
forecast_0049,2025-01-03 01:00:00,11973.522935715655,13101.534325390772,11425.171002407595
forecast_0050,2025-01-03 02:00:00,12122.903588485875,14081.885665034715,10665.761449704354
forecast_0051,2025-01-03 03:00:00,11360.212780220814,13150.510050839936,9830.342201155152
forecast_0052,2025-01-03 04:00:00,12469.130910606036,12812.157157402318,10155.3089661467
forecast_0053,2025-01-03 05:00:00,11929.60584260039,12653.465312006876,10390.230120481196
forecast_0054,2025-01-03 06:00:00,12786.945120477645,11700.10634969606,9799.481937202117
forecast_0055,2025-01-03 07:00:00,12877.755017037547,10758.110535718331,8010.133848081205
forecast_0056,2025-01-03 08:00:00,13853.900476646182,12099.170360002729,8921.246295822422
forecast_0057,2025-01-03 09:00:00,12495.989688108124,9290.640858061586,7699.961729649695
forecast_0058,2025-01-03 10:00:00,11846.264721288002,9759.745832426532,7382.09097422518
forecast_0059,2025-01-03 11:00:00,11678.972299394418,10113.617170296557,7092.790191059431
forecast_0060,2025-01-03 12:00:00,11923.26698696108,8778.458894270516,6671.313197658409
forecast_0061,2025-01-03 13:00:00,12285.246135291298,9474.641670623228,8568.975701394655
forecast_0062,2025-01-03 14:00:00,13436.390816944733,10891.53293796767,9552.216869129898
forecast_0063,2025-01-03 15:00:00,13833.932142198611,11725.314626863219,11344.279511356417
forecast_0064,2025-01-03 16:00:00,13844.558298459671,12640.94408592062,9752.571585128026
forecast_0065,2025-01-03 17:00:00,13159.693882068537,11659.06072204322,9277.257696184783
forecast_0066,2025-01-03 18:00:00,11932.862448541111,10824.831210904984,9031.906455971492
forecast_0067,2025-01-03 19:00:00,12683.984705752582,11614.690227309231,10452.73543770489
forecast_0068,2025-01-03 20:00:00,14176.35962706017,13915.789785275858,12660.602087646734
forecast_0069,2025-01-03 21:00:00,14583.771665542356,13632.370812884103,13380.865520900365
forecast_0070,2025-01-03 22:00:00,14580.26047828008,13439.213237547292,14238.392363308307
forecast_0071,2025-01-03 23:00:00,14304.592202868762,14194.597904636188,13848.898600811905
forecast_0072,2025-01-04 00:00:00,13119.435581899652,13727.138756382117,12841.642169088775
forecast_0073,2025-01-04 01:00:00,14799.59279443351,14775.044922499092,13839.533101512903
forecast_0074,2025-01-04 02:00:00,14124.987088943779,15258.891471162193,14044.914676871664
forecast_0075,2025-01-04 03:00:00,13541.406690607393,13838.228557806591,13420.969573738414
forecast_0076,2025-01-04 04:00:00,13066.550551663535,14171.999916919947,12096.063081144066
forecast_0077,2025-01-04 05:00:00,13649.867789143367,14890.289748368992,13264.527022575243
forecast_0078,2025-01-04 06:00:00,12955.623634525402,15293.465069705138,11591.1512655212
forecast_0079,2025-01-04 07:00:00,11508.70245495145,14310.248571338325,10708.136507280346
forecast_0080,2025-01-04 08:00:00,11212.465827522354,13722.76668314878,10797.321195121314
forecast_0081,2025-01-04 09:00:00,10627.433294479317,12914.159709699137,9667.146119418938
forecast_0082,2025-01-04 10:00:00,9147.478554179761,11980.041565277892,8389.942135772886
forecast_0083,2025-01-04 11:00:00,8091.759081164136,10713.25555315502,8450.63339016737
forecast_0084,2025-01-04 12:00:00,9420.556121540618,11162.739762652594,7206.955659511954
forecast_0085,2025-01-04 13:00:00,10660.518126319917,11679.486994608278,8591.317659269092
forecast_0086,2025-01-04 14:00:00,11881.406326989982,12150.870129015908,8570.55589530854
forecast_0087,2025-01-04 15:00:00,10950.98474933638,11068.631908422018,9087.53985205784
forecast_0088,2025-01-04 16:00:00,11067.135634183323,9929.024888857874,8973.01767359382
forecast_0089,2025-01-04 17:00:00,11523.644061400677,10295.632932287324,10874.630046550528
forecast_0090,2025-01-04 18:00:00,12719.979818759046,11968.130164570119,11239.161683460265
forecast_0091,2025-01-04 19:00:00,12106.649620183942,13194.157516925225,11179.977682292705
forecast_0092,2025-01-04 20:00:00,13120.472939349167,14469.31397484634,13368.867163219486
forecast_0093,2025-01-04 21:00:00,14901.51307858177,15700.406311242696,12961.60155162964
forecast_0094,2025-01-04 22:00:00,16050.435820494171,15414.77319992473,12937.001352529322
forecast_0095,2025-01-04 23:00:00,15557.998252345782,15302.880041805047,13614.019143735231
forecast_0096,2025-01-05 00:00:00,15595.284239034852,16082.40600444017,13498.788476337604
forecast_0097,2025-01-05 01:00:00,14365.174895444947,16223.520719555243,10656.33548670076
forecast_0098,2025-01-05 02:00:00,14566.217866336863,15649.213588413008,9133.041900923037
forecast_0099,2025-01-05 03:00:00,14137.611590068213,15631.825221740137,9644.717857108217
forecast_0100,2025-01-05 04:00:00,11571.16279758082,14021.971922263818,8668.593207927514
forecast_0101,2025-01-05 05:00:00,10280.24566404934,13591.179139392534,8564.617925524677
forecast_0102,2025-01-05 06:00:00,9706.032763372561,12034.28216363571,8479.397788426639
forecast_0103,2025-01-05 07:00:00,10233.676509786317,12678.721009817098,10383.495686491007
forecast_0104,2025-01-05 08:00:00,12367.532479410453,13839.917366503983,9407.994153414804
forecast_0105,2025-01-05 09:00:00,12471.919468217096,14182.208568779697,10109.499707688847
forecast_0106,2025-01-05 10:00:00,13796.561061085014,14393.212687830448,11700.267353350378
forecast_0107,2025-01-05 11:00:00,15184.579293579143,16298.420620839921,13991.28097043778
forecast_0108,2025-01-05 12:00:00,15603.044164537921,16585.021195806195,13689.484967394521
forecast_0109,2025-01-05 13:00:00,15097.893290830936,15824.573043997238,14158.526404605394
forecast_0110,2025-01-05 14:00:00,12941.32886749494,14090.503741293891,12604.026115858174
forecast_0111,2025-01-05 15:00:00,13532.167075736117,14745.582444851529,12832.305660998332
forecast_0112,2025-01-05 16:00:00,10650.028517929715,13243.449748231495,10912.502460660768
forecast_0113,2025-01-05 17:00:00,11259.97736364872,12333.016927004823,8612.70792581877
forecast_0114,2025-01-05 18:00:00,8176.470918442952,11322.488698238716,6225.912656751762
forecast_0115,2025-01-05 19:00:00,12008.321586379867,13367.6627959297,9259.891044841459
forecast_0116,2025-01-05 20:00:00,14270.870521615274,13738.648203060378,12921.402006734368
forecast_0117,2025-01-05 21:00:00,12933.724349800175,13548.517015683465,10706.025195289876
forecast_0118,2025-01-05 22:00:00,12403.356973984033,13269.15226957115,10489.457026729895
forecast_0119,2025-01-05 23:00:00,11973.807963933748,12876.353061916752,10185.134214603884
forecast_0120,2025-01-06 00:00:00,11096.888562342114,11754.336658697062,7894.313213559936
forecast_0121,2025-01-06 01:00:00,10253.438833906152,10367.497136171609,7316.438388823534
forecast_0122,2025-01-06 02:00:00,10127.889613632311,10045.39029402195,6086.562732035879
forecast_0123,2025-01-06 03:00:00,8535.143910634713,9861.568059606621,5567.685831313247
forecast_0124,2025-01-06 04:00:00,5658.12574185306,8669.965030466361,5530.37955702053
forecast_0125,2025-01-06 05:00:00,5085.618666083342,5713.532285268508,2668.07401061252
forecast_0126,2025-01-06 06:00:00,2692.117370709744,4615.69886296165,1883.9982543162853
forecast_0127,2025-01-06 07:00:00,2565.287381743721,3261.9396332691676,1032.9022603374503
forecast_0128,2025-01-06 08:00:00,2105.7869192483936,2654.1458427154676,1360.972278062875
forecast_0129,2025-01-06 09:00:00,3635.761909263347,3015.2169388955185,2365.1702235800285
forecast_0130,2025-01-06 10:00:00,3336.7210068247896,3529.6561880226454,1941.6307628074771
forecast_0131,2025-01-06 11:00:00,5946.381492182254,4197.674900384873,2474.111317215282
forecast_0132,2025-01-06 12:00:00,5639.406136527936,6475.864981919336,2459.295991586739
forecast_0133,2025-01-06 13:00:00,6189.560412403645,7450.959147344368,3763.669867947597
forecast_0134,2025-01-06 14:00:00,6189.459544919986,6399.810356589201,3611.1831225335413
forecast_0135,2025-01-06 15:00:00,6960.31108896273,6288.958967554994,4029.888118394596
forecast_0136,2025-01-06 16:00:00,7396.599867379992,6753.635760324693,5572.812228544338
forecast_0137,2025-01-06 17:00:00,10963.39293047364,8582.683101604223,6935.455142498721
forecast_0138,2025-01-06 18:00:00,11412.844517016312,9686.927342727791,9514.531005105006
forecast_0139,2025-01-06 19:00:00,12624.676946732285,12765.45115714033,11322.586799464225
forecast_0140,2025-01-06 20:00:00,12987.001163595975,13417.961589437062,12856.115746324136
forecast_0141,2025-01-06 21:00:00,13416.25633687979,12352.73282337932,13289.763615009804
forecast_0142,2025-01-06 22:00:00,14085.86960118462,13936.936193339363,13877.584136016443
forecast_0143,2025-01-06 23:00:00,14549.296173151426,15410.663942023188,13709.215942025001
forecast_0144,2025-01-07 00:00:00,15259.948493105156,16495.946916044733,14136.925899705899
forecast_0145,2025-01-07 01:00:00,16386.462037962076,17876.18559647819,15525.314168922747
forecast_0146,2025-01-07 02:00:00,16687.538791705916,18307.62054068254,14991.493101508982
forecast_0147,2025-01-07 03:00:00,16636.789222725223,17073.239710905742,14475.212462662059
forecast_0148,2025-01-07 04:00:00,16432.970851934482,18207.26726787356,15081.357962750368
forecast_0149,2025-01-07 05:00:00,16125.393574697786,17255.874777312645,13874.93969630243
forecast_0150,2025-01-07 06:00:00,15612.656616943843,15803.826280213229,12402.411885144804
forecast_0151,2025-01-07 07:00:00,15289.5595338124,16640.513052613598,12728.861231541685
forecast_0152,2025-01-07 08:00:00,15478.928644528367,17251.830789018244,13367.568154974964
forecast_0153,2025-01-07 09:00:00,16014.084090875574,17335.754968594556,13170.290527916583
forecast_0154,2025-01-07 10:00:00,16373.67859240809,17569.718571309542,12559.867783320782
forecast_0155,2025-01-07 11:00:00,16252.067446872697,17358.219824533397,13297.090556763904
forecast_0156,2025-01-07 12:00:00,15842.92075137964,17573.096429554334,13240.609136148376
forecast_0157,2025-01-07 13:00:00,16211.522278658482,17477.941453461506,13625.800769679243
forecast_0158,2025-01-07 14:00:00,16057.987026875233,16515.38826702627,13170.765139443187
forecast_0159,2025-01-07 15:00:00,15859.429387162754,16362.060226432804,13607.278959165396
forecast_0160,2025-01-07 16:00:00,15743.272720048843,16451.38070461754,13121.165002961498
forecast_0161,2025-01-07 17:00:00,15544.620177672728,17047.644188427654,13364.231546440218
forecast_0162,2025-01-07 18:00:00,16057.638295889248,17896.73064020485,13788.867231227272
forecast_0163,2025-01-07 19:00:00,16951.91695562938,18119.64475775937,14651.148493785366
forecast_0164,2025-01-07 20:00:00,17178.638818869043,18328.13408127022,15596.20088273969
forecast_0165,2025-01-07 21:00:00,16993.055633641008,18150.216162168115,15736.758286332086
forecast_0166,2025-01-07 22:00:00,16457.29236065885,18137.530118979343,15572.759789039026
forecast_0167,2025-01-07 23:00:00,16781.72869957733,18314.497588196387,15508.327263128911
forecast_0168,2025-01-08 00:00:00,16177.584400295687,17617.277925952203,15076.710168624079
forecast_0169,2025-01-08 01:00:00,13926.67047305582,17930.968131993104,16126.015546146791
forecast_0170,2025-01-08 02:00:00,13982.839411445102,16374.578215489622,14024.83033191806
forecast_0171,2025-01-08 03:00:00,13509.788208901822,16651.4035014587,13450.249617792368
forecast_0172,2025-01-08 04:00:00,13289.718659234935,16749.024914362726,11292.6965370169
forecast_0173,2025-01-08 05:00:00,13328.661702322124,15655.257466211953,11157.924557819415
forecast_0174,2025-01-08 06:00:00,13617.0426614635,16815.41042375807,12036.83583987899
forecast_0175,2025-01-08 07:00:00,13736.793323861484,16055.578029631013,12638.802306993784
forecast_0176,2025-01-08 08:00:00,14321.677938299532,17357.752871842207,13857.761488924158
forecast_0177,2025-01-08 09:00:00,14767.16140482712,18623.790509654886,15656.91168868616
forecast_0178,2025-01-08 10:00:00,14246.241899433986,16764.758708582187,14958.999578034092
forecast_0179,2025-01-08 11:00:00,15810.309581648082,17129.40408007879,15689.443712561058
forecast_0180,2025-01-08 12:00:00,15772.362785964813,18304.675686191313,15073.869436653433
forecast_0181,2025-01-08 13:00:00,15454.11388709229,17861.186727453023,14745.071029935369
forecast_0182,2025-01-08 14:00:00,15407.587912115498,17918.335448490107,15231.810327931733
forecast_0183,2025-01-08 15:00:00,15228.006998541054,17893.95767696588,15381.928648310699
forecast_0184,2025-01-08 16:00:00,15083.835106453647,17412.664067205125,14491.947852284638
forecast_0185,2025-01-08 17:00:00,14776.247510646215,16299.882917056673,14800.360341025926
forecast_0186,2025-01-08 18:00:00,14376.417191068245,16035.896520142544,14055.85224932
forecast_0187,2025-01-08 19:00:00,13683.771766551296,16125.118588321531,14620.187767536945
forecast_0188,2025-01-08 20:00:00,14019.730978146788,16673.686699477148,15752.941769221949
forecast_0189,2025-01-08 21:00:00,14060.6361951286,17718.230368539884,16959.11931159907
forecast_0190,2025-01-08 22:00:00,13591.567883441516,17854.268982966092,17161.08528831593
forecast_0191,2025-01-08 23:00:00,13187.623225590307,17903.1209283545,16762.810277887565
forecast_0192,2025-01-09 00:00:00,12986.377324078383,17532.050624977026,16410.298737115532
forecast_0193,2025-01-09 01:00:00,12348.744768309765,16950.347451478534,13514.049413152334
forecast_0194,2025-01-09 02:00:00,12405.779155222503,17007.572022555498,13504.103025483651
forecast_0195,2025-01-09 03:00:00,12119.872759374426,15822.058926302432,11916.920977336053
forecast_0196,2025-01-09 04:00:00,11674.184698752257,13564.576709239567,10595.839183204907
forecast_0197,2025-01-09 05:00:00,11240.71002775728,13881.36313833424,10239.004757131008
forecast_0198,2025-01-09 06:00:00,11885.173259929885,15002.301904671594,10433.88788551189
forecast_0199,2025-01-09 07:00:00,12932.868379109364,14883.277585770742,10776.249168919356
forecast_0200,2025-01-09 08:00:00,12224.94692593639,14205.516445795376,10352.888487871616
forecast_0201,2025-01-09 09:00:00,12528.444623829233,15238.591437860372,12024.805730985863
forecast_0202,2025-01-09 10:00:00,12255.799316821382,16712.903676123824,13072.990123992104
forecast_0203,2025-01-09 11:00:00,12119.554727337241,17218.149857937708,13428.126807005458
forecast_0204,2025-01-09 12:00:00,12379.019806515655,16657.644385275165,12659.929456579312
forecast_0205,2025-01-09 13:00:00,12609.716229613854,16769.251681784626,12309.947528583069
forecast_0206,2025-01-09 14:00:00,12606.89218823056,16656.968461046607,12412.870172674038
forecast_0207,2025-01-09 15:00:00,13395.246852647699,15558.340170578476,11405.251450292311
forecast_0208,2025-01-09 16:00:00,14172.493833820296,16194.40229183151,11074.545300251923
forecast_0209,2025-01-09 17:00:00,14963.64799071323,15892.013367141757,9626.65956626598
forecast_0210,2025-01-09 18:00:00,13299.28302137871,14320.591109326866,7326.763677547007
forecast_0211,2025-01-09 19:00:00,12313.034350925791,14168.838046472132,6526.457997586791
forecast_0212,2025-01-09 20:00:00,12183.686798948032,15642.632132984945,6027.580814533238
forecast_0213,2025-01-09 21:00:00,13703.073163588979,16342.480229622506,7808.66877190519
forecast_0214,2025-01-09 22:00:00,15734.191241966564,18728.18493317609,8493.29522380981
forecast_0215,2025-01-09 23:00:00,18598.007697155834,21436.7903320822,10799.751841745392
forecast_0216,2025-01-10 00:00:00,19092.76352330204,20204.496004196943,11394.129431999012
forecast_0217,2025-01-10 01:00:00,11579.842348529157,13702.037176978056,8522.750326270414
forecast_0218,2025-01-10 02:00:00,13580.681791863226,13150.814934578018,8683.399354383919
forecast_0219,2025-01-10 03:00:00,16012.74451437326,16127.67154991814,8987.866618076205
forecast_0220,2025-01-10 04:00:00,15983.14384294332,16692.76502677864,11717.10567455008
forecast_0221,2025-01-10 05:00:00,15740.914604955415,16678.055944314638,10466.479094711874
forecast_0222,2025-01-10 06:00:00,16140.964530853067,15293.23731935155,10568.483466735976
forecast_0223,2025-01-10 07:00:00,15033.018343194264,12409.729830272625,9594.576809936378
forecast_0224,2025-01-10 08:00:00,12825.529894952786,10330.489493595054,6425.867646280065
forecast_0225,2025-01-10 09:00:00,10528.75526385752,6981.354392661279,4904.647458124011
forecast_0226,2025-01-10 10:00:00,7568.992966698925,4661.548204508047,4090.8410657582
forecast_0227,2025-01-10 11:00:00,3856.2953257211248,2903.241698559268,2126.091755850388
forecast_0228,2025-01-10 12:00:00,1894.8036606934088,1432.6409337125535,1095.2544172090243
forecast_0229,2025-01-10 13:00:00,1681.1328206488067,1866.7172813849572,1383.9532511093619
forecast_0230,2025-01-10 14:00:00,1555.904839427586,1898.8349549765035,2108.5067916708244
forecast_0231,2025-01-10 15:00:00,1514.4871421154946,1661.6429085370976,2550.543733480823
forecast_0232,2025-01-10 16:00:00,2066.849891980329,2009.4915894195306,2099.8863100653934
forecast_0233,2025-01-10 17:00:00,4678.877148576993,3484.85344780345,3917.3827416587073
forecast_0234,2025-01-10 18:00:00,6779.611500250632,5233.839442622439,4860.006239078377
forecast_0235,2025-01-10 19:00:00,7838.548653252501,6261.4566480411095,5360.434486009296
forecast_0236,2025-01-10 20:00:00,7981.529519807124,6975.500020400358,5801.695111645714
forecast_0237,2025-01-10 21:00:00,8623.191145101628,7307.194679061957,6386.880856111293
forecast_0238,2025-01-10 22:00:00,9028.724387315779,7473.141874006875,6805.3259111165835
forecast_0239,2025-01-10 23:00:00,9019.683469017355,6838.285739955319,6992.956629110441
forecast_0240,2025-01-11 00:00:00,9140.363294375004,7422.406814034718,5923.228347146196
forecast_0241,2025-01-11 01:00:00,9567.145153398444,8398.656625443838,5735.614062032554
forecast_0242,2025-01-11 02:00:00,9644.068338288462,8416.501487557893,5938.828682122831
forecast_0243,2025-01-11 03:00:00,9653.162400252491,7904.138130979077,5872.795031168616
forecast_0244,2025-01-11 04:00:00,9644.15272211442,8471.427763322083,6232.996288036602
forecast_0245,2025-01-11 05:00:00,10899.613294510114,9020.149100472761,5612.455327656897
forecast_0246,2025-01-11 06:00:00,9992.295529865063,8482.583481596808,5050.584042955478
forecast_0247,2025-01-11 07:00:00,8606.850154660166,7203.860140232888,4738.716038424267
forecast_0248,2025-01-11 08:00:00,8644.83456604607,7351.6786906361,4156.532624110569
forecast_0249,2025-01-11 09:00:00,7769.5787573854905,5788.626156813171,3794.5792360261853
forecast_0250,2025-01-11 10:00:00,5710.081328763173,3131.889713671536,3273.4476334193682
forecast_0251,2025-01-11 11:00:00,2899.6168282468816,2457.4517491341785,1407.672240893967
forecast_0252,2025-01-11 12:00:00,1400.515962778207,1384.3631647827028,852.5124417808644
forecast_0253,2025-01-11 13:00:00,1580.3504916549493,1129.5786649968718,860.3895960516733
forecast_0254,2025-01-11 14:00:00,1156.1361689775838,1311.6660096247513,971.5635047643204
forecast_0255,2025-01-11 15:00:00,974.9656638953624,514.2324738342064,1131.3876608372962
forecast_0256,2025-01-11 16:00:00,1359.4811866380765,497.60515303077415,870.2843561312636
forecast_0257,2025-01-11 17:00:00,2998.802268047078,1853.2798774385012,2184.2494694391835
forecast_0258,2025-01-11 18:00:00,6488.400307055274,4312.360444270808,4648.972467565352
forecast_0259,2025-01-11 19:00:00,7565.43780562011,6247.214333942575,5608.442038423327
forecast_0260,2025-01-11 20:00:00,8403.499822300606,7141.564633326497,7455.440105194165
forecast_0261,2025-01-11 21:00:00,9053.070817720572,8387.707145944252,8755.994608645917
forecast_0262,2025-01-11 22:00:00,10360.82566322643,8431.957370866834,8964.687641917853
forecast_0263,2025-01-11 23:00:00,10818.84807249748,9064.324798937885,9427.76499144887
forecast_0264,2025-01-12 00:00:00,10907.229283711817,10243.716891936667,9893.47011448555
forecast_0265,2025-01-12 01:00:00,8901.615029902898,9470.0688480718,8528.82315914485
forecast_0266,2025-01-12 02:00:00,8091.403841546084,9381.488953930013,7396.002143291573
forecast_0267,2025-01-12 03:00:00,9951.725357389048,10093.633539180351,7374.833156790042
forecast_0268,2025-01-12 04:00:00,9623.209682157376,9671.34044132032,8314.949280619
forecast_0269,2025-01-12 05:00:00,9909.921819542922,9732.532151410607,8397.754622042234
forecast_0270,2025-01-12 06:00:00,9812.488885484394,10317.63460350899,8901.438156024444
forecast_0271,2025-01-12 07:00:00,10239.207066699042,10068.061683757132,8980.735079163955
forecast_0272,2025-01-12 08:00:00,12194.634992673064,11380.358337061534,10539.916526471507
forecast_0273,2025-01-12 09:00:00,12341.849139324519,13355.272973974435,8648.749093870088
forecast_0274,2025-01-12 10:00:00,11883.404675994629,10056.172580990979,7890.441744523652
forecast_0275,2025-01-12 11:00:00,10149.811029497521,10183.165307500938,8058.165570003702
forecast_0276,2025-01-12 12:00:00,6569.940321875716,9593.61594384262,6828.692539063381
forecast_0277,2025-01-12 13:00:00,6493.169473558291,10095.360235890133,6400.054282227566
forecast_0278,2025-01-12 14:00:00,8782.831688598464,10555.260406110287,6702.574699728111
forecast_0279,2025-01-12 15:00:00,8518.154386066872,10687.861228592728,7148.6531806936755
forecast_0280,2025-01-12 16:00:00,9634.750799250003,10730.30520408839,7831.723172186071
forecast_0281,2025-01-12 17:00:00,10968.426063036333,10658.894076505108,8626.171004583764
forecast_0282,2025-01-12 18:00:00,12842.001018011828,13690.602517818204,9079.555003751526
forecast_0283,2025-01-12 19:00:00,12982.815039682051,14003.724191622745,9017.157982411309
forecast_0284,2025-01-12 20:00:00,12433.091703070246,13366.212432797076,9525.8131429564
forecast_0285,2025-01-12 21:00:00,12070.110843761378,13905.412985687026,9981.41293161815
forecast_0286,2025-01-12 22:00:00,11541.335017907792,13358.518954785535,10352.575648635619
forecast_0287,2025-01-12 23:00:00,11680.412563941067,12716.407407331259,10784.21367170745
forecast_0288,2025-01-13 00:00:00,11950.598739410338,13010.043099390206,12045.756082549464
forecast_0289,2025-01-13 01:00:00,15059.282606733466,16118.101597746327,12818.692376458906
forecast_0290,2025-01-13 02:00:00,16134.938088597408,17887.310770542037,13515.17124231922
forecast_0291,2025-01-13 03:00:00,16707.50756613578,18487.43265634697,14904.55111821736
forecast_0292,2025-01-13 04:00:00,18079.31265886541,19320.830218007846,17134.395755629637
forecast_0293,2025-01-13 05:00:00,18447.442939490844,19726.92738509641,17903.033217492277
forecast_0294,2025-01-13 06:00:00,19211.905319762907,19939.807225083925,17464.154469175784
forecast_0295,2025-01-13 07:00:00,19783.821183569315,20238.909963616206,17794.278843140695
forecast_0296,2025-01-13 08:00:00,18022.106361103433,19678.4099537845,17234.171875625292
forecast_0297,2025-01-13 09:00:00,15952.330276240045,19587.40431584593,15825.992067365454
forecast_0298,2025-01-13 10:00:00,14905.397888092786,19128.817263584973,13936.870971159888
forecast_0299,2025-01-13 11:00:00,15683.754679633003,17584.847686536337,15016.005531811034
forecast_0300,2025-01-13 12:00:00,12846.246612037015,16269.769811053098,13084.669934159925
forecast_0301,2025-01-13 13:00:00,12403.516348792658,14916.355831925437,12249.071575508096
forecast_0302,2025-01-13 14:00:00,10153.122977190076,11139.589508158344,8926.541004394545
forecast_0303,2025-01-13 15:00:00,9889.346881553922,10447.940446367873,9108.451452613823
forecast_0304,2025-01-13 16:00:00,11678.270326379856,12634.439453085148,12754.18968418708
forecast_0305,2025-01-13 17:00:00,11675.027879760084,12203.881740268447,12588.954072936383
forecast_0306,2025-01-13 18:00:00,11865.429041244444,11887.304022975339,10507.987687023407
forecast_0307,2025-01-13 19:00:00,13144.196391447935,13652.11495083171,12826.856231274
forecast_0308,2025-01-13 20:00:00,14743.17624037859,14422.102516486719,14506.366371719056
forecast_0309,2025-01-13 21:00:00,14967.754202506781,15475.005244771555,14804.952853581713
forecast_0310,2025-01-13 22:00:00,15988.97992358232,17534.96630898253,15532.354362120303
forecast_0311,2025-01-13 23:00:00,16915.37009324377,18073.72479612073,17429.38945294815
forecast_0312,2025-01-14 00:00:00,18160.147625338886,18741.64448465609,17253.681538671884
forecast_0313,2025-01-14 01:00:00,17081.19571936309,18136.372677694893,17990.79859371931
forecast_0314,2025-01-14 02:00:00,16718.913982069913,17870.149619331616,16711.14466498861
forecast_0315,2025-01-14 03:00:00,17103.491355215658,18506.53208373336,16980.717513656233
forecast_0316,2025-01-14 04:00:00,16848.947932482424,18116.076680100145,16730.423691679942
forecast_0317,2025-01-14 05:00:00,16863.132802062446,18005.370146569294,16387.947293897185
forecast_0318,2025-01-14 06:00:00,16619.138167692847,18474.386189858287,17212.717026104125
forecast_0319,2025-01-14 07:00:00,16650.459884896638,18664.832507216408,17087.299979063107
forecast_0320,2025-01-14 08:00:00,16328.471125294462,18275.890245609495,14222.514743661884
forecast_0321,2025-01-14 09:00:00,16126.186606546586,17015.831049999248,12461.83739259579
forecast_0322,2025-01-14 10:00:00,16042.907547613202,15688.665536508413,12461.25752294939
forecast_0323,2025-01-14 11:00:00,15497.076483614288,15092.41199502905,12279.31593763453
forecast_0324,2025-01-14 12:00:00,14636.367327465305,14829.386081436965,11601.438644892427
forecast_0325,2025-01-14 13:00:00,13981.371993226056,14680.79119316987,12043.666421944927
forecast_0326,2025-01-14 14:00:00,12728.175286754982,14049.00611824218,12242.113920070955
forecast_0327,2025-01-14 15:00:00,12318.518098508319,13221.618249465231,12897.773062968277
forecast_0328,2025-01-14 16:00:00,11604.295940793983,13107.097593994939,10576.110585628294
forecast_0329,2025-01-14 17:00:00,11195.930669147408,12222.32902247118,9757.930881498061
forecast_0330,2025-01-14 18:00:00,11280.322605682866,11800.428926548899,10443.050942709286
forecast_0331,2025-01-14 19:00:00,10916.529655841678,12149.631769997979,11375.787649102782
forecast_0332,2025-01-14 20:00:00,10742.244261327058,12239.119122807955,10350.840169538802
forecast_0333,2025-01-14 21:00:00,11415.061703072784,13502.450821135219,10625.149839732552
forecast_0334,2025-01-14 22:00:00,12866.07750223949,15404.613185464439,14441.548905441323
forecast_0335,2025-01-14 23:00:00,12003.535859850434,14157.11539886556,12189.97366478116
forecast_0336,2025-01-15 00:00:00,12510.90630062425,13722.918341506138,12271.755141274974
forecast_0337,2025-01-15 01:00:00,12531.582764572266,13980.790235394797,12446.77875446214
forecast_0338,2025-01-15 02:00:00,12279.025963057049,12813.706823126084,11102.471915718328
forecast_0339,2025-01-15 03:00:00,11992.167758162592,9977.560588277045,7424.815967438817
forecast_0340,2025-01-15 04:00:00,12137.775848366246,10348.604024664503,6351.863194778747
forecast_0341,2025-01-15 05:00:00,12248.45744590821,10716.099877344657,6680.560631020339
forecast_0342,2025-01-15 06:00:00,13133.59655738173,11976.742965253006,7211.930490001913
forecast_0343,2025-01-15 07:00:00,13732.858159026575,12857.957839922099,8836.799682521008
forecast_0344,2025-01-15 08:00:00,13234.321751879532,13322.659784590245,9505.145314453704
forecast_0345,2025-01-15 09:00:00,12754.615379368928,13486.989081364747,11138.560462874508
forecast_0346,2025-01-15 10:00:00,11501.601933815591,11482.418008422655,11007.166464844655
forecast_0347,2025-01-15 11:00:00,11810.975159617781,11427.168723226227,11655.074049394612
forecast_0348,2025-01-15 12:00:00,11995.043454099645,11830.717218054906,11192.659583329827
forecast_0349,2025-01-15 13:00:00,11371.213536939427,11156.871012080213,9603.640315875107
forecast_0350,2025-01-15 14:00:00,10227.219773066132,9018.841752943385,8105.438664361599
forecast_0351,2025-01-15 15:00:00,9753.803767777801,8460.100765551731,8289.54017792915
forecast_0352,2025-01-15 16:00:00,9767.664881717905,8879.87723136401,8481.912688249537
forecast_0353,2025-01-15 17:00:00,10671.198275008986,9993.770756993863,10090.447533948682
forecast_0354,2025-01-15 18:00:00,12857.163002135188,12636.278743801517,12451.67265906269
forecast_0355,2025-01-15 19:00:00,12925.176438716331,12793.797138279979,13824.513150972769
forecast_0356,2025-01-15 20:00:00,14092.715295658714,14401.589921256338,13699.135125736346
forecast_0357,2025-01-15 21:00:00,13868.763300194041,17608.246299929797,14876.879322359502
forecast_0358,2025-01-15 22:00:00,13843.579285642676,15852.494441959298,15852.996495268657
forecast_0359,2025-01-15 23:00:00,17837.646089058344,18512.92362834284,17667.808029335338
forecast_0360,2025-01-16 00:00:00,17356.682041494143,18493.590478559316,17429.82768761974
forecast_0361,2025-01-16 01:00:00,17232.814439721264,17509.12788733717,15564.81671075268
forecast_0362,2025-01-16 02:00:00,16984.85487011308,18393.692845745278,16817.151311284757
forecast_0363,2025-01-16 03:00:00,17587.186342193203,18841.02755726458,17658.644160523683
forecast_0364,2025-01-16 04:00:00,16983.90848850932,19220.965220580383,16992.32121787387
forecast_0365,2025-01-16 05:00:00,16969.70048051329,19096.57378800848,17051.76891155195
forecast_0366,2025-01-16 06:00:00,16956.87263619291,19242.379624361176,15613.733494660577
forecast_0367,2025-01-16 07:00:00,17741.07147210155,19772.480237064363,16893.19290557358
forecast_0368,2025-01-16 08:00:00,17437.223100358533,19880.296889143043,15661.736292148855
forecast_0369,2025-01-16 09:00:00,16497.588626627134,20229.628012500958,15119.236934017557
forecast_0370,2025-01-16 10:00:00,16564.209094085698,20206.65208178793,15860.912066668572
forecast_0371,2025-01-16 11:00:00,17526.961042032493,20301.415018712498,16656.365531367053
forecast_0372,2025-01-16 12:00:00,16256.314571458945,20100.252379329184,15088.29647573244
forecast_0373,2025-01-16 13:00:00,15523.929459720375,18853.561930307475,15008.910175744184
forecast_0374,2025-01-16 14:00:00,14942.945360226227,18504.788297213778,14603.522517595555
forecast_0375,2025-01-16 15:00:00,14974.33891884508,18827.018562537145,15248.651448309858
forecast_0376,2025-01-16 16:00:00,15277.021062843827,19367.058119921425,15280.876102066106
forecast_0377,2025-01-16 17:00:00,15908.463481728666,19362.4357290686,16340.881413123847
forecast_0378,2025-01-16 18:00:00,16163.322324673321,18850.037517618446,16545.45830379653
forecast_0379,2025-01-16 19:00:00,14883.831781879222,16325.772927952494,14526.852371665926
forecast_0380,2025-01-16 20:00:00,12302.418940805523,13167.02138472398,10538.169255598765
forecast_0381,2025-01-16 21:00:00,8710.602107264222,10718.564249297266,7490.760367047592
forecast_0382,2025-01-16 22:00:00,7555.216982079064,9002.378711031477,5523.607115518307
forecast_0383,2025-01-16 23:00:00,6950.469643501348,6519.144710540012,3765.385050937703
forecast_0384,2025-01-17 00:00:00,2955.012622251158,1760.8180357149788,2457.4623533056247
forecast_0385,2025-01-17 01:00:00,1162.8291182514495,1091.5761623320468,750.258286338794
forecast_0386,2025-01-17 02:00:00,308.72437155024693,516.5980948394174,188.80735426263317
forecast_0387,2025-01-17 03:00:00,145.4360075847724,335.99250158588865,81.70642901066992
forecast_0388,2025-01-17 04:00:00,460.7604337562766,395.3538498694635,50.611514209083374
forecast_0389,2025-01-17 05:00:00,530.5837736696466,417.33787795733195,84.79829302628686
forecast_0390,2025-01-17 06:00:00,227.21094807471962,637.0738089492503,101.46665013445401
forecast_0391,2025-01-17 07:00:00,377.3359836156239,563.7014277959724,101.98131238150489
forecast_0392,2025-01-17 08:00:00,947.8998679971285,889.1639680473623,143.31369717620888
forecast_0393,2025-01-17 09:00:00,810.0747767765572,938.1319203329801,305.37661453241935
forecast_0394,2025-01-17 10:00:00,379.48338544826254,381.16850668963343,189.39848007191767
forecast_0395,2025-01-17 11:00:00,388.98758599760464,141.81412662150777,158.60821000988162
forecast_0396,2025-01-17 12:00:00,599.3547347152821,219.03206938184246,198.0639699411327
forecast_0397,2025-01-17 13:00:00,771.1202898282812,426.2782409610238,594.0416136721632
forecast_0398,2025-01-17 14:00:00,1413.4324822777594,1169.4420866117782,849.8588610340086
forecast_0399,2025-01-17 15:00:00,1279.368647407963,1221.6844866216975,941.9012600184288
forecast_0400,2025-01-17 16:00:00,2165.818295563224,2110.4740324702093,1475.2984352026133
forecast_0401,2025-01-17 17:00:00,4618.3056070820085,3836.310063625225,3279.5371672995025
forecast_0402,2025-01-17 18:00:00,5240.1868181656255,5898.972531072018,5181.659850457822
forecast_0403,2025-01-17 19:00:00,7141.945750095595,7761.368486186034,6910.348951070482
forecast_0404,2025-01-17 20:00:00,10095.947032208294,10181.596674896704,8043.411986502551
forecast_0405,2025-01-17 21:00:00,12434.849651267146,11430.690236072156,10102.413460459256
forecast_0406,2025-01-17 22:00:00,12266.961192281728,10258.964284761789,10409.01511841188
forecast_0407,2025-01-17 23:00:00,12479.264984674126,10164.09877429272,9968.586771110186
forecast_0408,2025-01-18 00:00:00,12339.341575237284,10530.66293207106,9835.187316770483
forecast_0409,2025-01-18 01:00:00,11497.247684279708,9256.419578729752,9167.01013996047
forecast_0410,2025-01-18 02:00:00,11768.798880316199,9391.90695738593,9013.965539296842
forecast_0411,2025-01-18 03:00:00,12276.375490320517,10723.691357749367,11093.22350985406
forecast_0412,2025-01-18 04:00:00,12902.289557166901,12123.635838273678,12544.278321258153
forecast_0413,2025-01-18 05:00:00,14295.335863672166,13039.06042281125,12208.975697224287
forecast_0414,2025-01-18 06:00:00,13460.871055707637,11583.418751868528,9927.111890462194
forecast_0415,2025-01-18 07:00:00,13464.51482844267,9702.84495038729,6795.847312318289
forecast_0416,2025-01-18 08:00:00,9636.471572095905,6496.247866932665,4742.307541313959
forecast_0417,2025-01-18 09:00:00,5555.067108986101,3623.8679027340368,2934.707510983559
forecast_0418,2025-01-18 10:00:00,3038.07837969091,2659.7582422052683,2128.607758340143
forecast_0419,2025-01-18 11:00:00,3676.2854090530677,2914.44094699134,2275.562091224865
forecast_0420,2025-01-18 12:00:00,3410.9905129887034,2699.2868679406006,1724.0261196456963
forecast_0421,2025-01-18 13:00:00,2716.663856026283,2359.804656390846,1477.4952111504779
forecast_0422,2025-01-18 14:00:00,2589.2423429484197,2576.553127953063,1715.3434966503114
forecast_0423,2025-01-18 15:00:00,3885.2223036844343,3215.1456843935207,1755.2733554796012
forecast_0424,2025-01-18 16:00:00,4228.982239874655,3270.4185010426904,2318.550653394132
forecast_0425,2025-01-18 17:00:00,9175.645990230832,8745.91603497266,6509.005276316977
forecast_0426,2025-01-18 18:00:00,13431.036378751862,13811.191966848559,12867.03096360351
forecast_0427,2025-01-18 19:00:00,14952.020768576602,14897.79218321308,15122.612339664156
forecast_0428,2025-01-18 20:00:00,16369.625085852129,16425.311498936775,15013.890699482421
forecast_0429,2025-01-18 21:00:00,17133.62633497095,17620.726448212543,15979.272873980062
forecast_0430,2025-01-18 22:00:00,17413.671628931632,17382.655338901834,14826.08747602774
forecast_0431,2025-01-18 23:00:00,17310.968975797634,17655.624144841386,13261.393821263257
forecast_0432,2025-01-19 00:00:00,16401.75093621575,17428.85192995093,14156.358933571923
forecast_0433,2025-01-19 01:00:00,15156.474475155901,16567.585025534234,12841.031868472735
forecast_0434,2025-01-19 02:00:00,15403.582385485139,16969.49503896845,13610.933128947456
forecast_0435,2025-01-19 03:00:00,18885.13419618845,17262.740175449468,15555.005902489731
forecast_0436,2025-01-19 04:00:00,19062.844231691277,18212.483358517195,15963.071236481182
forecast_0437,2025-01-19 05:00:00,18787.654335735922,18403.10741054044,15917.029306342218
forecast_0438,2025-01-19 06:00:00,18344.201194009962,19175.541018697346,15722.062569764157
forecast_0439,2025-01-19 07:00:00,18715.717660767452,19076.20086331103,15927.04319752387
forecast_0440,2025-01-19 08:00:00,16947.289072794098,17952.105504456762,14895.269858380952
forecast_0441,2025-01-19 09:00:00,16655.62601288771,18125.087002999982,13345.19537905208
forecast_0442,2025-01-19 10:00:00,15371.956403328108,15848.774208022123,10550.05365346259
forecast_0443,2025-01-19 11:00:00,11014.616287325427,11602.35104781527,7639.502371059133
forecast_0444,2025-01-19 12:00:00,8632.036466404905,10920.37499872268,6460.619462830058
forecast_0445,2025-01-19 13:00:00,8026.375748439857,8721.972736354557,6544.196906114088
forecast_0446,2025-01-19 14:00:00,6744.998135914158,6839.067801077105,5191.687690049277
forecast_0447,2025-01-19 15:00:00,5681.858244917952,5991.06550424932,3103.9996036206803
forecast_0448,2025-01-19 16:00:00,6433.843581772619,6047.788995805546,4329.945892181783
forecast_0449,2025-01-19 17:00:00,7180.052860638754,7349.535568676706,5471.867244965491
forecast_0450,2025-01-19 18:00:00,9396.185395597671,8891.046318289886,6589.073755249734
forecast_0451,2025-01-19 19:00:00,9372.426869336125,9684.782461110239,5724.945981497364
forecast_0452,2025-01-19 20:00:00,8742.167564503598,9528.416615013628,6509.150270348053
forecast_0453,2025-01-19 21:00:00,10160.494242273186,10761.90324242652,6977.447247156556
forecast_0454,2025-01-19 22:00:00,9291.434200344796,10642.852457205825,6724.315346706875
forecast_0455,2025-01-19 23:00:00,9848.162717941048,10327.528269578905,5873.582649454491
forecast_0456,2025-01-20 00:00:00,8256.835706284253,9588.868129574186,6394.631950259676
forecast_0457,2025-01-20 01:00:00,7214.758158700689,6763.4869496747715,5272.359351596171
forecast_0458,2025-01-20 02:00:00,6278.659051703007,6032.495980855062,4847.045988550425
forecast_0459,2025-01-20 03:00:00,4738.764433187768,4665.1121057171995,3476.253076617552
forecast_0460,2025-01-20 04:00:00,4975.848676035245,4290.624570074523,3299.879178715252
forecast_0461,2025-01-20 05:00:00,4084.702696802301,3462.6293111582313,2762.965932817557
forecast_0462,2025-01-20 06:00:00,2246.4941960573988,2013.6013930806075,1022.1330670109352
forecast_0463,2025-01-20 07:00:00,1253.1406482057394,1269.2724988079242,318.4136953071839
forecast_0464,2025-01-20 08:00:00,1084.1904741860749,859.668300424131,212.6463993383709
forecast_0465,2025-01-20 09:00:00,482.36524686364334,327.56863432576876,162.61935019380405
forecast_0466,2025-01-20 10:00:00,21.909882511248615,54.551189424310444,95.2276916513395
forecast_0467,2025-01-20 11:00:00,0.0,105.18984644329488,20.789443444554543
forecast_0468,2025-01-20 12:00:00,0.0,95.26295796693942,21.185626604505188
forecast_0469,2025-01-20 13:00:00,0.0,23.873064987324067,17.0951221199036
forecast_0470,2025-01-20 14:00:00,10.407214015904055,0.0,16.821828946833573
forecast_0471,2025-01-20 15:00:00,97.5606951477805,0.0,23.548500422717932
forecast_0472,2025-01-20 16:00:00,49.82302766946753,150.09049557771152,201.16730366816762
forecast_0473,2025-01-20 17:00:00,42.982119268227606,159.14456263842513,33.162072587956715
forecast_0474,2025-01-20 18:00:00,35.59727361446844,35.08131485298665,62.56961878637061
forecast_0475,2025-01-20 19:00:00,0.0,93.34762422018012,23.050221637941164
forecast_0476,2025-01-20 20:00:00,56.95661209565753,0.0,22.794816957154303
forecast_0477,2025-01-20 21:00:00,77.13234545603223,64.99692369672678,28.084255422608088
forecast_0478,2025-01-20 22:00:00,211.13536079462764,150.89248440969988,35.68143689859034
forecast_0479,2025-01-20 23:00:00,340.80950476444843,844.0211421819228,362.57447235397325
forecast_0480,2025-01-21 00:00:00,853.0511526542267,527.232848826097,69.95390087456306
forecast_0481,2025-01-21 01:00:00,957.1767039284929,657.0034717917906,603.1091244824859
forecast_0482,2025-01-21 02:00:00,1160.236016665051,701.1114032022238,867.7569128653922
forecast_0483,2025-01-21 03:00:00,1832.7054225483685,825.6830980154937,1090.3574627437758
forecast_0484,2025-01-21 04:00:00,2232.043955636001,1258.0356491797827,1358.5846532094963
forecast_0485,2025-01-21 05:00:00,2211.1379558411486,1859.99934097451,1366.543866221395
forecast_0486,2025-01-21 06:00:00,1486.4080319048162,1082.2342540149352,1184.195544460832
forecast_0487,2025-01-21 07:00:00,1932.7801830410647,944.79648824914,1037.9505912776349
forecast_0488,2025-01-21 08:00:00,1574.424922040378,1190.2673658620304,931.4558950598757
forecast_0489,2025-01-21 09:00:00,1199.6757779916663,1165.8285294552645,839.2965017719521
forecast_0490,2025-01-21 10:00:00,761.4669448382703,484.80823555915816,636.9341621103794
forecast_0491,2025-01-21 11:00:00,640.3149291948604,176.0360119039838,335.6623060746322
forecast_0492,2025-01-21 12:00:00,759.3969065154498,387.50139886878526,503.33696415748096
forecast_0493,2025-01-21 13:00:00,1357.7194231989356,1318.865322240761,1018.8975951391027
forecast_0494,2025-01-21 14:00:00,1643.6502560956385,1677.203194542194,1287.013193631926
forecast_0495,2025-01-21 15:00:00,2424.858156812097,1963.7289380583834,1797.3783181210026
forecast_0496,2025-01-21 16:00:00,3108.1101027871073,2076.6423647519327,2643.8062557434273
forecast_0497,2025-01-21 17:00:00,6622.68754764899,5474.835783622604,3977.4111800527894
forecast_0498,2025-01-21 18:00:00,8073.491878286175,7063.836158627278,6149.8083972778395
forecast_0499,2025-01-21 19:00:00,8950.09547458048,9557.873090669764,6435.701456939861
forecast_0500,2025-01-21 20:00:00,9442.724371499806,10616.867170036614,7365.461860403376
forecast_0501,2025-01-21 21:00:00,9258.66388593169,11454.5041146757,7048.206086259829
forecast_0502,2025-01-21 22:00:00,9655.964281308568,11730.847202727742,7418.25246692829
forecast_0503,2025-01-21 23:00:00,9161.625753049262,11214.573873333204,7838.889598430762
forecast_0504,2025-01-22 00:00:00,8395.306678135159,10753.2853635168,7940.3196607225145
forecast_0505,2025-01-22 01:00:00,8038.178541281802,9870.15249152231,7354.750606574259
forecast_0506,2025-01-22 02:00:00,8813.642593988521,10805.301487202429,7338.032478393642
forecast_0507,2025-01-22 03:00:00,10229.27873962327,13186.40690651232,9409.357084827907
forecast_0508,2025-01-22 04:00:00,11014.917491401071,12113.197073645078,9409.191634084946
forecast_0509,2025-01-22 05:00:00,10566.913970176383,12310.387523110128,9430.002967364468
forecast_0510,2025-01-22 06:00:00,11432.334345782958,12264.37013231469,9321.888077740983
forecast_0511,2025-01-22 07:00:00,10618.797625974752,12434.390495336811,9488.094309204398
forecast_0512,2025-01-22 08:00:00,10995.432237859326,12069.083711953042,9188.960885888002
forecast_0513,2025-01-22 09:00:00,10011.45065585816,10582.191648512055,8623.487215504474
forecast_0514,2025-01-22 10:00:00,9962.937901741629,10754.056138222984,11318.86346328396
forecast_0515,2025-01-22 11:00:00,9747.93312579523,10789.079991259854,9964.83372334446
forecast_0516,2025-01-22 12:00:00,8699.770547801798,7663.5031339112575,6842.468288743693
forecast_0517,2025-01-22 13:00:00,7877.695684587981,6126.010093939637,6298.281286179117
forecast_0518,2025-01-22 14:00:00,4972.580649973136,4257.813049302004,3293.250802414848
forecast_0519,2025-01-22 15:00:00,4320.256389146112,3393.4620791355137,2863.5692285378755
forecast_0520,2025-01-22 16:00:00,3994.7971136927085,4163.771070785552,3162.547669309054
forecast_0521,2025-01-22 17:00:00,4792.846236623003,4707.261376275518,2432.4413157954054
forecast_0522,2025-01-22 18:00:00,9025.22448498406,7374.229432719471,4356.25101745882
forecast_0523,2025-01-22 19:00:00,6919.330709811673,8372.306157247882,4257.9636126655205
forecast_0524,2025-01-22 20:00:00,5908.423197600775,8654.013719877159,4787.168044549491
forecast_0525,2025-01-22 21:00:00,7675.620642849224,10273.58333309203,4474.240650447806
forecast_0526,2025-01-22 22:00:00,7720.033168949715,8893.044970861602,4150.842363838818
forecast_0527,2025-01-22 23:00:00,9311.79675746863,9425.832699709628,5329.004164064057
forecast_0528,2025-01-23 00:00:00,9126.416338073563,10510.73427039732,5799.004711496666
forecast_0529,2025-01-23 01:00:00,11118.176475727474,15135.259346052517,9563.303182610685
forecast_0530,2025-01-23 02:00:00,11661.799124886686,15311.5852483218,9326.698307148488
forecast_0531,2025-01-23 03:00:00,11997.640238370595,14824.29180643942,9853.403977474782
forecast_0532,2025-01-23 04:00:00,11461.978573114164,14451.17491448793,8908.970699072861
forecast_0533,2025-01-23 05:00:00,11616.78468672434,13255.011656555578,7821.3709095928625
forecast_0534,2025-01-23 06:00:00,9866.9133593179,11344.47526789865,6643.334707326825
forecast_0535,2025-01-23 07:00:00,8434.566960824559,9342.793000466907,4657.972373913267
forecast_0536,2025-01-23 08:00:00,8653.886604388585,8395.54575377567,4720.511450468375
forecast_0537,2025-01-23 09:00:00,6011.568818704122,7762.236782046143,3699.001677690206
forecast_0538,2025-01-23 10:00:00,3787.2727183420006,3851.8428063279616,1366.3638841787242
forecast_0539,2025-01-23 11:00:00,2422.8955383895427,2190.329738182764,1057.951614622505
forecast_0540,2025-01-23 12:00:00,1900.5100574268135,1861.3666258815224,1278.9261518305893
forecast_0541,2025-01-23 13:00:00,1901.9172423539917,1687.8077355810974,1403.3468828880348
forecast_0542,2025-01-23 14:00:00,1633.7921245583263,1138.3567752684987,1281.9061591885625
forecast_0543,2025-01-23 15:00:00,1399.4575232319435,940.8612178724271,1119.1159147697756
forecast_0544,2025-01-23 16:00:00,836.9491947180416,845.5903152635775,501.7608417438981
forecast_0545,2025-01-23 17:00:00,811.393953208853,637.679492651976,279.2083105697675
forecast_0546,2025-01-23 18:00:00,1313.1997160884605,497.94873021502156,372.1828448182506
forecast_0547,2025-01-23 19:00:00,723.2947920424214,523.8220249957627,373.9354126328687
forecast_0548,2025-01-23 20:00:00,974.9240638520143,804.7654443064278,871.508035982032
forecast_0549,2025-01-23 21:00:00,1277.9776079678975,345.690734804216,880.7485122131064
forecast_0550,2025-01-23 22:00:00,1965.4373901047986,1269.579892014581,522.8529982799856
forecast_0551,2025-01-23 23:00:00,2229.063256010739,1560.1519668404292,665.6550293643628
forecast_0552,2025-01-24 00:00:00,1839.4667669804846,1403.3163381472777,659.9880370030758
forecast_0553,2025-01-24 01:00:00,823.3488260660721,775.3081675639094,384.9648677512619
forecast_0554,2025-01-24 02:00:00,800.2575711796021,1077.796738273247,512.5880375135038
forecast_0555,2025-01-24 03:00:00,695.5921507172742,1136.7892353486036,309.79126006672874
forecast_0556,2025-01-24 04:00:00,629.6751176649584,652.4825042910965,142.6122537795251
forecast_0557,2025-01-24 05:00:00,300.75669130368806,227.9348034089516,63.44181147899206
forecast_0558,2025-01-24 06:00:00,99.75890263646161,336.9986037189171,19.395145127717715
forecast_0559,2025-01-24 07:00:00,491.0594806117008,717.8550061298836,111.21733337501034
forecast_0560,2025-01-24 08:00:00,536.4396650306841,462.81295314500824,66.23490664050114
forecast_0561,2025-01-24 09:00:00,244.3005219926163,307.7962867703451,42.00276550710063
forecast_0562,2025-01-24 10:00:00,36.04339866442627,29.936150530914155,33.95244565169373
forecast_0563,2025-01-24 11:00:00,0.0,144.4059403744007,64.49402012246185
forecast_0564,2025-01-24 12:00:00,20.21814266408345,0.0,30.74506211520268
forecast_0565,2025-01-24 13:00:00,84.66202064318684,176.0488077657217,134.31590341936868
forecast_0566,2025-01-24 14:00:00,138.29769398542507,159.19485170173078,131.29395498285598
forecast_0567,2025-01-24 15:00:00,163.74236522073608,68.4683989967285,92.9910700378655
forecast_0568,2025-01-24 16:00:00,89.93931838278839,231.35897835759081,142.8256186226581
forecast_0569,2025-01-24 17:00:00,91.03199748739583,110.00447092640613,80.16617356197014
forecast_0570,2025-01-24 18:00:00,0.0,22.475607635305995,24.019054224363032
forecast_0571,2025-01-24 19:00:00,566.5541252178466,676.3199741691383,229.2047936270346
forecast_0572,2025-01-24 20:00:00,875.0759988392621,1163.6133275621414,545.5684165300805
forecast_0573,2025-01-24 21:00:00,990.1699842293035,712.7069659941237,620.7794134431118
forecast_0574,2025-01-24 22:00:00,544.0819232411565,654.4764488246692,740.0417960606874
forecast_0575,2025-01-24 23:00:00,459.67796629196727,227.6469224288743,712.4854687546831
forecast_0576,2025-01-25 00:00:00,323.0440790694545,153.85000628862926,523.7648124830226
forecast_0577,2025-01-25 01:00:00,560.3862212788134,0.0,511.3378898108663
forecast_0578,2025-01-25 02:00:00,0.0,96.49936879016877,426.0958206204938
forecast_0579,2025-01-25 03:00:00,339.17754117573804,333.7054436597348,406.67651527184364
forecast_0580,2025-01-25 04:00:00,478.1167701615121,513.5941586512375,73.53024875145208
forecast_0581,2025-01-25 05:00:00,728.4087905744902,0.0,0.0
forecast_0582,2025-01-25 06:00:00,114.41791502875107,0.0,102.20786137192249
forecast_0583,2025-01-25 07:00:00,211.49656502421334,0.0,0.0
forecast_0584,2025-01-25 08:00:00,72.9130009278165,109.31519773903368,328.38604820840055
forecast_0585,2025-01-25 09:00:00,349.2707166929892,419.3685458078221,328.2397750627868
forecast_0586,2025-01-25 10:00:00,252.83642376929657,106.68775436291973,311.6270216264502
forecast_0587,2025-01-25 11:00:00,469.8331953035071,439.94452022079116,16.452185253147228
forecast_0588,2025-01-25 12:00:00,366.0089351917903,0.0,107.49700769700142
forecast_0589,2025-01-25 13:00:00,48.9755236213178,0.0,205.27968817437247
forecast_0590,2025-01-25 14:00:00,333.6284695211783,0.0,264.1445532218689
forecast_0591,2025-01-25 15:00:00,0.0,0.0,228.57644598338015
forecast_0592,2025-01-25 16:00:00,597.7872915835934,338.5897002394372,212.74199009672864
forecast_0593,2025-01-25 17:00:00,214.28715069135546,108.0257780524462,92.64860759798225
forecast_0594,2025-01-25 18:00:00,66.82008429024074,528.1797088560727,60.070162571865026
forecast_0595,2025-01-25 19:00:00,251.824920457334,1330.2889687290838,105.3819516342007
forecast_0596,2025-01-25 20:00:00,524.9519961515955,1160.0838050153009,0.0
forecast_0597,2025-01-25 21:00:00,1369.5405858857666,1943.2531718223695,0.0
forecast_0598,2025-01-25 22:00:00,1948.801031125283,4094.731943528486,0.0
forecast_0599,2025-01-25 23:00:00,713.0751255516683,2338.9513882379115,172.55779929800838
forecast_0600,2025-01-26 00:00:00,833.3453943495489,2203.884393918779,96.37378261840757
forecast_0601,2025-01-26 01:00:00,884.7855424659633,3138.654224635243,146.31791048982782
forecast_0602,2025-01-26 02:00:00,1702.2321340249337,3826.7913967094314,318.81640140376135
forecast_0603,2025-01-26 03:00:00,1789.8393199754885,2486.386142718397,461.7804877592973
forecast_0604,2025-01-26 04:00:00,1341.5838907135765,2018.8593365014478,434.13876584164683
forecast_0605,2025-01-26 05:00:00,1406.3044928028562,1615.4326619737026,668.7263444928946
forecast_0606,2025-01-26 06:00:00,1146.256496549007,1158.8198408178182,447.9346371376704
forecast_0607,2025-01-26 07:00:00,1065.7677091332207,986.4079458253833,636.5564598508497
forecast_0608,2025-01-26 08:00:00,785.4627366291055,1348.530544996796,442.4731919594705
forecast_0609,2025-01-26 09:00:00,349.16691591497624,238.3197205270392,291.79892856879434
forecast_0610,2025-01-26 10:00:00,374.27392894125444,343.75602005086165,97.45310144168594
forecast_0611,2025-01-26 11:00:00,299.85491395812477,366.5391170423024,305.8465418120599
forecast_0612,2025-01-26 12:00:00,482.5148396671861,624.1820514659577,321.433259396101
forecast_0613,2025-01-26 13:00:00,392.1650201605651,248.47144467374713,59.38594187188637
forecast_0614,2025-01-26 14:00:00,21.17787712039297,0.0,57.663335561352355
forecast_0615,2025-01-26 15:00:00,0.0,0.0,0.0
forecast_0616,2025-01-26 16:00:00,0.0,4.1975757944269665,53.334901153033705
forecast_0617,2025-01-26 17:00:00,94.13332055946768,43.316381802991216,34.08021401538778
forecast_0618,2025-01-26 18:00:00,53.94611878027719,0.0,28.176883555834003
forecast_0619,2025-01-26 19:00:00,0.0,0.0,120.46701373103441
forecast_0620,2025-01-26 20:00:00,407.7048472737726,209.94312809400802,92.46251532680387
forecast_0621,2025-01-26 21:00:00,296.2934975940329,304.0795075083758,233.19890790677675
forecast_0622,2025-01-26 22:00:00,106.12740853755781,286.3483288894766,173.57303739406922
forecast_0623,2025-01-26 23:00:00,684.8159263552027,562.7213740819144,234.3663004018172
forecast_0624,2025-01-27 00:00:00,846.3296386679497,786.3425416518892,195.6170280325058
forecast_0625,2025-01-27 01:00:00,667.1011195652793,1084.71865195611,617.9742247278022
forecast_0626,2025-01-27 02:00:00,1019.290378327323,1020.7865938668882,418.2257107554787
forecast_0627,2025-01-27 03:00:00,1178.611584361591,954.2018109834042,415.52960536317005
forecast_0628,2025-01-27 04:00:00,1347.2661355370335,1444.322444140984,567.4028051515198
forecast_0629,2025-01-27 05:00:00,1324.0022055020645,1268.2248426796275,571.0746255944157
forecast_0630,2025-01-27 06:00:00,1053.9484229428667,1176.152445454919,518.3592915569287
forecast_0631,2025-01-27 07:00:00,1014.443660746043,1455.7818429250708,411.71062923576477
forecast_0632,2025-01-27 08:00:00,1434.9039438507436,1122.132706191281,661.000956285501
forecast_0633,2025-01-27 09:00:00,2048.065905471891,1545.534986204752,827.921710337662
forecast_0634,2025-01-27 10:00:00,1245.4342411004038,1624.7572470344985,770.389277363808
forecast_0635,2025-01-27 11:00:00,2243.6762848854855,4519.787183041046,2154.4187671678055
forecast_0636,2025-01-27 12:00:00,4475.3947522826,4659.539041551219,3359.23706721642
forecast_0637,2025-01-27 13:00:00,11324.040126344382,10854.817104578737,9244.184188747246
forecast_0638,2025-01-27 14:00:00,15023.370363887214,14512.717116302734,11455.59759798319
forecast_0639,2025-01-27 15:00:00,16332.509733073284,15076.534143795721,12499.555303241255
forecast_0640,2025-01-27 16:00:00,16269.237914983261,15575.706168715553,14453.571793252784
forecast_0641,2025-01-27 17:00:00,16628.722215910544,15780.734966199443,13490.371418639532
forecast_0642,2025-01-27 18:00:00,16640.912530243357,16153.252806732633,14465.580530601166
forecast_0643,2025-01-27 19:00:00,16731.60108060227,16471.610248812663,13009.180521911092
forecast_0644,2025-01-27 20:00:00,16744.63074375242,15793.581881149792,14301.548901578688
forecast_0645,2025-01-27 21:00:00,17451.09817642977,15829.642599886496,14061.835704058356
forecast_0646,2025-01-27 22:00:00,17433.577499307277,15953.08588971212,14570.278110417588
forecast_0647,2025-01-27 23:00:00,17302.896664469798,16210.351268307997,14659.90114062728
forecast_0648,2025-01-28 00:00:00,17392.808202001564,16359.959801092149,14838.797878975722
forecast_0649,2025-01-28 01:00:00,17018.25304420951,16581.677570012373,14554.173284153845
forecast_0650,2025-01-28 02:00:00,17280.105769624137,16191.870326571578,15136.290195148133
forecast_0651,2025-01-28 03:00:00,16995.925926543234,16090.850257145614,15071.829714028767
forecast_0652,2025-01-28 04:00:00,16942.535750313455,15898.916982432569,11448.356234107505
forecast_0653,2025-01-28 05:00:00,17009.284082474373,16099.451107588471,14010.072832563028
forecast_0654,2025-01-28 06:00:00,16411.78185516386,16327.515103928015,14469.584263430203
forecast_0655,2025-01-28 07:00:00,16683.120757752687,16107.737450917974,14937.285305873593
forecast_0656,2025-01-28 08:00:00,16574.03668670989,16070.645988601998,14655.632423521665
forecast_0657,2025-01-28 09:00:00,16310.894797287368,16422.61925019701,15627.716207595628
forecast_0658,2025-01-28 10:00:00,15916.721430550126,15871.635632633353,15749.672969942865
forecast_0659,2025-01-28 11:00:00,15914.221791570793,15932.512151670993,15606.757274219319
forecast_0660,2025-01-28 12:00:00,16718.17163147671,16144.632967681233,15767.019639388387
forecast_0661,2025-01-28 13:00:00,16151.299900249773,15898.4981325336,14806.589319976834
forecast_0662,2025-01-28 14:00:00,15648.931773739667,15694.479495512418,11957.084415070183
forecast_0663,2025-01-28 15:00:00,16169.590720124617,15922.219312488913,12414.858656779836
forecast_0664,2025-01-28 16:00:00,15889.219566506546,16203.668665598256,12693.614049770908
forecast_0665,2025-01-28 17:00:00,16442.05671453427,16283.475656444492,13127.064569461274
forecast_0666,2025-01-28 18:00:00,16325.053517698285,16079.931683648841,11647.061805974534
forecast_0667,2025-01-28 19:00:00,15350.936517396294,15910.82515855288,14252.147504135586
forecast_0668,2025-01-28 20:00:00,16260.119284460865,16775.182413265986,15299.794726930542
forecast_0669,2025-01-28 21:00:00,16444.0710250327,16714.711999069677,16108.642665272202
forecast_0670,2025-01-28 22:00:00,16713.294904214617,17199.470746369003,16677.14752805218
forecast_0671,2025-01-28 23:00:00,16835.122708714727,17804.533720137373,17143.795744909614
forecast_0672,2025-01-29 00:00:00,16945.429571499517,17808.77936645207,17045.259917132706
forecast_0673,2025-01-29 01:00:00,16951.371648484335,17521.34448947445,14844.299025446702
forecast_0674,2025-01-29 02:00:00,16883.667347454917,17059.192992902346,14062.05506719515
forecast_0675,2025-01-29 03:00:00,16479.698074898966,17362.04457788253,13947.924459738233
forecast_0676,2025-01-29 04:00:00,16482.612987950044,17330.998533500682,12628.03940011
forecast_0677,2025-01-29 05:00:00,16675.872392736055,17097.67051550638,12225.858322718774
forecast_0678,2025-01-29 06:00:00,17315.454740314075,17508.95560500392,12879.39258992229
forecast_0679,2025-01-29 07:00:00,17053.501875825867,17361.69593144237,12720.819757038327
forecast_0680,2025-01-29 08:00:00,16414.697301274067,16677.49354040979,13157.480358241315
forecast_0681,2025-01-29 09:00:00,16266.626148532476,16118.155155334389,14165.280234728361
forecast_0682,2025-01-29 10:00:00,16550.867221302913,15798.588322272171,12879.568802220932
forecast_0683,2025-01-29 11:00:00,16388.139829599953,17430.675551786284,12635.316224900167
forecast_0684,2025-01-29 12:00:00,15983.272138273076,15693.737284469931,14301.743174631367
forecast_0685,2025-01-29 13:00:00,16174.275654619252,16231.106638382773,14629.343507789341
forecast_0686,2025-01-29 14:00:00,16638.980258989242,16576.560420080998,15240.97181213184
forecast_0687,2025-01-29 15:00:00,16277.369243686619,15749.7035532358,15174.561700096006
forecast_0688,2025-01-29 16:00:00,14631.409340832994,14742.96368244638,13770.115285344846
forecast_0689,2025-01-29 17:00:00,14521.784492920458,13993.467720141653,13445.080870692294
forecast_0690,2025-01-29 18:00:00,13920.231799933961,13882.472691258901,12703.186103758022
forecast_0691,2025-01-29 19:00:00,14146.235150205526,14977.269004386888,12995.724898508666
forecast_0692,2025-01-29 20:00:00,14233.906660726754,13991.933267498167,13981.547767653925
forecast_0693,2025-01-29 21:00:00,13994.852336398226,14758.468611723772,14037.121784321935
forecast_0694,2025-01-29 22:00:00,14032.658083480705,14935.023291009213,13150.39798919228
forecast_0695,2025-01-29 23:00:00,13784.323390493817,14659.550051713646,13085.589081569446
forecast_0696,2025-01-30 00:00:00,13816.799367119167,14877.607362659373,13427.445865689331
forecast_0697,2025-01-30 01:00:00,14181.000982459647,15530.150492818733,13447.172115478144
forecast_0698,2025-01-30 02:00:00,14666.326535487982,15262.150029141767,12951.354279664134
forecast_0699,2025-01-30 03:00:00,14821.153342302317,15995.39885297132,12918.872544631557
forecast_0700,2025-01-30 04:00:00,13596.513755953216,15787.47960614354,11259.492911286728
forecast_0701,2025-01-30 05:00:00,13509.05929477567,15980.938227111445,11189.206424228445
forecast_0702,2025-01-30 06:00:00,13778.83482572011,16403.77214001467,11162.761579576581
forecast_0703,2025-01-30 07:00:00,14966.180188353404,16688.07689730687,10860.145414650478
forecast_0704,2025-01-30 08:00:00,15246.396286141007,16865.317999760173,10879.134176432126
forecast_0705,2025-01-30 09:00:00,15479.116988471604,16733.074082030525,11997.950735883287
forecast_0706,2025-01-30 10:00:00,15482.471496201375,15849.200059448805,12530.900550390226
forecast_0707,2025-01-30 11:00:00,15150.826781940019,14389.88940916902,11863.492187793343
forecast_0708,2025-01-30 12:00:00,15492.101953307154,13895.101678597675,11965.026213858562
forecast_0709,2025-01-30 13:00:00,15556.5195817235,14160.325717509153,11457.622203492805
forecast_0710,2025-01-30 14:00:00,14749.256121786611,12741.365292842185,11090.720758699936
forecast_0711,2025-01-30 15:00:00,14121.874175966886,13610.316706960117,11987.259253351109
forecast_0712,2025-01-30 16:00:00,14410.503937074185,13990.575714941833,11866.66826787507
forecast_0713,2025-01-30 17:00:00,13917.099407801179,13076.990473215163,11814.274902144056
forecast_0714,2025-01-30 18:00:00,13771.926927649885,13241.384751574291,13937.015810416844
forecast_0715,2025-01-30 19:00:00,14707.65399481217,14952.392139277841,14107.456106264903
forecast_0716,2025-01-30 20:00:00,15086.98893746905,16174.726960587523,15146.79312548668
forecast_0717,2025-01-30 21:00:00,15157.041873731274,15867.890985136191,15923.603306371966
forecast_0718,2025-01-30 22:00:00,14539.516496528115,15128.441717811158,16257.333098863684
forecast_0719,2025-01-30 23:00:00,13993.291813587233,15708.554871779355,13818.943242186946
forecast_0720,2025-01-31 00:00:00,13965.615437482234,16097.759728869907,12810.926507493557
forecast_0721,2025-01-31 01:00:00,14213.00723504182,16569.357485717494,13009.831765113686
forecast_0722,2025-01-31 02:00:00,14172.03231613663,16307.877658978388,13171.886440393673
forecast_0723,2025-01-31 03:00:00,13449.193375258486,15161.23879436975,13013.792519225248
forecast_0724,2025-01-31 04:00:00,13592.583226643255,14959.930893114308,12763.623323521855
forecast_0725,2025-01-31 05:00:00,14230.504889131485,14693.7581727132,12287.161965828043
forecast_0726,2025-01-31 06:00:00,12827.870106438953,13226.394088999852,13118.811451149659
forecast_0727,2025-01-31 07:00:00,13478.815041395497,13896.507941355303,11328.88233707102
forecast_0728,2025-01-31 08:00:00,14670.779951702707,15253.299207584567,13488.689365844439
forecast_0729,2025-01-31 09:00:00,12730.401921107901,13350.26510978199,10132.515115078688
forecast_0730,2025-01-31 10:00:00,9908.881765231787,11335.389294295914,8693.35900455746
forecast_0731,2025-01-31 11:00:00,9370.044506245662,10094.666568403394,8902.531930658146
forecast_0732,2025-01-31 12:00:00,6961.2780079959575,7361.261297369064,7839.264319460366
forecast_0733,2025-01-31 13:00:00,5071.2154531362385,4954.107424727684,5009.15980792291
forecast_0734,2025-01-31 14:00:00,4856.8237189421625,4242.724342115792,3500.4408040590297
forecast_0735,2025-01-31 15:00:00,4795.869121543356,3427.4991359868995,2673.1051700731387
forecast_0736,2025-01-31 16:00:00,4149.151845487485,2715.0562344476652,2785.9068198139685
forecast_0737,2025-01-31 17:00:00,2036.0924569885349,1925.4586901682787,1200.5449494873965
forecast_0738,2025-01-31 18:00:00,2689.04275449837,2106.45750786802,1718.320496122903
forecast_0739,2025-01-31 19:00:00,2765.268129582841,1875.7725523530116,2072.924816817313
forecast_0740,2025-01-31 20:00:00,2573.5609995629197,2121.3734849971343,2565.36294802393
forecast_0741,2025-01-31 21:00:00,2735.906651588221,3611.9941379242614,2647.0012623462753
forecast_0742,2025-01-31 22:00:00,2644.247312996478,3054.438628869984,1877.166643453412
forecast_0743,2025-01-31 23:00:00,2741.1433291240073,4051.476129817437,2658.6337443924426
forecast_0744,2025-02-01 00:00:00,2909.203052256922,2719.6441871424686,1857.716780081564
forecast_0745,2025-02-01 01:00:00,4300.27360098963,4010.1517160685717,2510.425040403052
forecast_0746,2025-02-01 02:00:00,3932.0201689798546,2836.619069833741,1616.996303973394
forecast_0747,2025-02-01 03:00:00,1914.934368638574,1678.110078903046,845.6607042561233
forecast_0748,2025-02-01 04:00:00,1654.0729170054335,1413.4165400448912,346.1043948120076
forecast_0749,2025-02-01 05:00:00,950.6295231451816,696.5830166216492,381.9198630985644
forecast_0750,2025-02-01 06:00:00,461.6343940313173,195.51847757237854,243.8935784815831
forecast_0751,2025-02-01 07:00:00,230.83146203182005,20.04414196331072,85.20036012081256
forecast_0752,2025-02-01 08:00:00,11.566783180611663,33.37057065123154,34.283166733236065
forecast_0753,2025-02-01 09:00:00,33.060574413818365,0.0,28.303286759643036
forecast_0754,2025-02-01 10:00:00,0.0,0.0,22.593654673360962
forecast_0755,2025-02-01 11:00:00,0.0,104.62862205278951,23.07954081571136
forecast_0756,2025-02-01 12:00:00,0.0,37.152258582077565,38.712509126205
forecast_0757,2025-02-01 13:00:00,0.0,108.94766114133974,24.104474883256046
forecast_0758,2025-02-01 14:00:00,40.763209326442905,114.83715822939912,44.97622172475347
forecast_0759,2025-02-01 15:00:00,0.0,37.73635433305602,0.0
forecast_0760,2025-02-01 16:00:00,19.228436534306866,0.0,50.42643624774803
forecast_0761,2025-02-01 17:00:00,25.141689144868888,0.0,28.95930679900921
forecast_0762,2025-02-01 18:00:00,0.0,0.0,17.115624449207765
forecast_0763,2025-02-01 19:00:00,0.0,0.0,18.28155820040226
forecast_0764,2025-02-01 20:00:00,0.0,18.49435731471143,23.245918029095375
forecast_0765,2025-02-01 21:00:00,0.0,0.0,20.829883062474657
forecast_0766,2025-02-01 22:00:00,0.0,115.83357150612947,34.104876244592525
forecast_0767,2025-02-01 23:00:00,0.0,117.66725204673264,24.531080383468982
forecast_0768,2025-02-02 00:00:00,14.703746280359036,67.55656061238466,33.053191260914645
forecast_0769,2025-02-02 01:00:00,126.63954291058099,179.65280457208962,38.760885304262324
forecast_0770,2025-02-02 02:00:00,306.00665271372173,285.32414568756076,51.171020908534445
forecast_0771,2025-02-02 03:00:00,0.0,77.25609631527607,31.15330384297676
forecast_0772,2025-02-02 04:00:00,163.273449247847,70.15899223319887,38.71913356775715
forecast_0773,2025-02-02 05:00:00,120.42756664959391,136.09625584419172,66.96587779841701
forecast_0774,2025-02-02 06:00:00,0.0,28.415045800333246,44.56647962652038
forecast_0775,2025-02-02 07:00:00,0.0,0.0,51.83125417030041
forecast_0776,2025-02-02 08:00:00,33.22034032040884,107.12239365680503,82.50766498812195
forecast_0777,2025-02-02 09:00:00,155.6524523031493,39.761551258084616,83.63675096037912
forecast_0778,2025-02-02 10:00:00,89.73218473882433,0.0,51.68197688087136
forecast_0779,2025-02-02 11:00:00,26.313910441530904,119.00872318671752,92.75360936905294
forecast_0780,2025-02-02 12:00:00,0.0,48.46067539472477,52.54299400675241
forecast_0781,2025-02-02 13:00:00,166.200329276872,165.3986540981715,61.27143522460032
forecast_0782,2025-02-02 14:00:00,99.39937158688282,168.31451922113766,67.16906936238176
forecast_0783,2025-02-02 15:00:00,247.36500236865797,204.23087197378305,59.38589857323082
forecast_0784,2025-02-02 16:00:00,429.5229085498036,508.1375185346141,324.345282040221
forecast_0785,2025-02-02 17:00:00,1184.429131850135,1405.006585847626,626.7303164975251
forecast_0786,2025-02-02 18:00:00,3733.271617338541,2181.0490797551915,1624.7894305225748
forecast_0787,2025-02-02 19:00:00,4688.747086218176,5604.078567054511,2585.1379307944944
forecast_0788,2025-02-02 20:00:00,6038.981373784451,7238.413566445364,5285.187788054038
forecast_0789,2025-02-02 21:00:00,7896.492386586684,7965.105076327513,6713.319215622494
forecast_0790,2025-02-02 22:00:00,10431.135535382251,9912.309730340912,8033.537358246181
forecast_0791,2025-02-02 23:00:00,12069.867732639523,13311.491956114989,11826.840379329627
forecast_0792,2025-02-03 00:00:00,12810.262315991133,14566.975848330934,10569.314412960435
forecast_0793,2025-02-03 01:00:00,15203.216299914488,16549.855589952742,12649.093805765044
forecast_0794,2025-02-03 02:00:00,15842.79822430573,17441.04374222703,12749.383939413116
forecast_0795,2025-02-03 03:00:00,15165.439538065917,15063.584905868232,12518.349692784062
forecast_0796,2025-02-03 04:00:00,14316.811695839639,13591.923340796406,10770.353978289624
forecast_0797,2025-02-03 05:00:00,13710.997490728765,13837.100993900216,10805.641823350228
forecast_0798,2025-02-03 06:00:00,13451.315371102528,12940.968171997136,9480.536767708749
forecast_0799,2025-02-03 07:00:00,14233.502043600212,14091.639547444847,9866.973297637418
forecast_0800,2025-02-03 08:00:00,14178.937488142055,14283.073913192513,10432.836775848316
forecast_0801,2025-02-03 09:00:00,14779.999066077562,13779.31180166936,12305.99819496558
forecast_0802,2025-02-03 10:00:00,15348.02771066759,14598.580443461358,12350.86032574513
forecast_0803,2025-02-03 11:00:00,15318.95671838118,14389.468352961132,12996.340265544142
forecast_0804,2025-02-03 12:00:00,15081.037745141677,13696.662633371525,13211.743166724971
forecast_0805,2025-02-03 13:00:00,15398.345726875805,11845.15344595735,12465.660405920868
forecast_0806,2025-02-03 14:00:00,15380.864150859472,12319.544346858262,12574.442168640731
forecast_0807,2025-02-03 15:00:00,15042.32604904536,12469.752616640704,12631.16972791102
forecast_0808,2025-02-03 16:00:00,14500.448829311512,12006.183012974887,12282.107885296584
forecast_0809,2025-02-03 17:00:00,14885.007717444165,14019.411309343657,12488.763437742084
forecast_0810,2025-02-03 18:00:00,14812.45923935907,13803.57282268739,13201.202448194696
forecast_0811,2025-02-03 19:00:00,14692.675477509529,15024.661205956068,13209.84299739002
forecast_0812,2025-02-03 20:00:00,14955.81831587076,12634.009132328174,14572.066838861394
forecast_0813,2025-02-03 21:00:00,14328.945349859261,12362.843582281837,14969.82826431053
forecast_0814,2025-02-03 22:00:00,13801.808779831354,13228.877585598322,15932.634872285764
forecast_0815,2025-02-03 23:00:00,14173.549993812294,13920.93216215255,16300.47091325201
forecast_0816,2025-02-04 00:00:00,14091.34970960645,14045.307725268496,16392.3887406243
forecast_0817,2025-02-04 01:00:00,14321.086067849601,13750.603058431223,16321.195858436166
forecast_0818,2025-02-04 02:00:00,14261.183882393112,13106.342750598276,14245.524229395605
forecast_0819,2025-02-04 03:00:00,14219.078635709864,13179.543311447196,14449.232482947024
forecast_0820,2025-02-04 04:00:00,14511.80789576533,14280.49267013083,10712.582420247332
forecast_0821,2025-02-04 05:00:00,14586.704560053118,15921.589177625374,10419.625620722392
forecast_0822,2025-02-04 06:00:00,14855.264463533511,16303.652096781869,10286.27675305286
forecast_0823,2025-02-04 07:00:00,12150.723665135896,13129.660974248181,10856.24512881892
forecast_0824,2025-02-04 08:00:00,11802.14788666118,11878.776632495592,9876.076489934687
forecast_0825,2025-02-04 09:00:00,12504.714282430163,13227.451611800383,10519.425046179556
forecast_0826,2025-02-04 10:00:00,13424.089086353608,14156.53409330058,11181.949144555287
forecast_0827,2025-02-04 11:00:00,13105.666583089831,14463.661881453656,11587.311461432808
forecast_0828,2025-02-04 12:00:00,12906.582085799377,15211.359198902557,12811.145793251479
forecast_0829,2025-02-04 13:00:00,13559.460516848809,14871.851417675798,12398.691867786361
forecast_0830,2025-02-04 14:00:00,13258.399363247898,13327.706516203043,12012.311443525296
forecast_0831,2025-02-04 15:00:00,13734.905268088587,13749.17467400418,12544.570426323398
forecast_0832,2025-02-04 16:00:00,14159.923083322785,14187.937653969493,12569.362253153353
forecast_0833,2025-02-04 17:00:00,14075.484020438782,14517.493799764157,12704.341585769715
forecast_0834,2025-02-04 18:00:00,14046.899942078846,15363.213816252146,12637.640002236609
forecast_0835,2025-02-04 19:00:00,14374.522629373307,15451.639656179757,13987.88854800368
forecast_0836,2025-02-04 20:00:00,14346.509386534903,17879.161275072514,15554.76454637041
forecast_0837,2025-02-04 21:00:00,15118.356338201334,16524.41028352517,14479.926033174157
forecast_0838,2025-02-04 22:00:00,15262.994294700406,17507.460345910527,14242.158974315282
forecast_0839,2025-02-04 23:00:00,15096.180761373216,14813.564309329684,13028.138856130969
forecast_0840,2025-02-05 00:00:00,15237.890119119642,15504.716366870523,14494.909600481255
forecast_0841,2025-02-05 01:00:00,14688.369934770775,14912.969345727106,15561.93876443303
forecast_0842,2025-02-05 02:00:00,15527.6268818102,14476.34086349502,14482.024085814097
forecast_0843,2025-02-05 03:00:00,15325.333122928907,14981.630453032274,12579.331114625224
forecast_0844,2025-02-05 04:00:00,15010.11227572527,14912.205810857788,11631.691523031164
forecast_0845,2025-02-05 05:00:00,14760.105381667405,14650.821363098794,10820.973585885537
forecast_0846,2025-02-05 06:00:00,14489.55617387603,14213.293549877273,10877.14741762148
forecast_0847,2025-02-05 07:00:00,14906.985366288905,14216.238014322716,11006.190420920548
forecast_0848,2025-02-05 08:00:00,14682.171621419577,14544.486867337362,10748.878472624128
forecast_0849,2025-02-05 09:00:00,14726.042466058263,14908.432524603675,11682.923207312213
forecast_0850,2025-02-05 10:00:00,14599.813573677056,15054.963833252072,11161.006825300154
forecast_0851,2025-02-05 11:00:00,15250.959766877593,14227.285665774034,12526.443148714794
forecast_0852,2025-02-05 12:00:00,15507.777664865154,14166.758104147752,13110.352581127363
forecast_0853,2025-02-05 13:00:00,15076.857167414015,15548.960346672971,12908.219102191259
forecast_0854,2025-02-05 14:00:00,15187.745401457041,15546.313717732046,13388.097764176104
forecast_0855,2025-02-05 15:00:00,15109.074381839957,15047.348171485659,13458.791611510958
forecast_0856,2025-02-05 16:00:00,14832.72768555654,14758.079460915962,13319.674795046341
forecast_0857,2025-02-05 17:00:00,14584.2947142646,13496.96931318476,13193.785216166576
forecast_0858,2025-02-05 18:00:00,14519.828824963766,13634.8071859563,12343.600904468649
forecast_0859,2025-02-05 19:00:00,14541.764629696083,13740.850892380298,12762.793494692542
forecast_0860,2025-02-05 20:00:00,14700.534515210082,14264.054457391403,13752.698708749678
forecast_0861,2025-02-05 21:00:00,15042.91898655311,15337.882882644135,14170.500323148755
forecast_0862,2025-02-05 22:00:00,15316.741541384192,15231.902882246148,14469.339230674044
forecast_0863,2025-02-05 23:00:00,15142.026728150458,14829.54487081747,14887.458827270586
forecast_0864,2025-02-06 00:00:00,14977.53887956119,14163.539578472186,13750.078654032162
forecast_0865,2025-02-06 01:00:00,15590.605086602553,16184.506768887994,13997.577200890499
forecast_0866,2025-02-06 02:00:00,15889.158957029225,15685.918527516078,13455.064329411529
forecast_0867,2025-02-06 03:00:00,16553.443351756596,16734.249489240887,13103.743620443072
forecast_0868,2025-02-06 04:00:00,16325.047792681273,16801.421873816773,11581.986381924504
forecast_0869,2025-02-06 05:00:00,16218.68974755504,16822.567872265667,10574.642169092558
forecast_0870,2025-02-06 06:00:00,16223.400958529272,15939.284196205012,11116.661848818329
forecast_0871,2025-02-06 07:00:00,15668.541151472635,15194.859960524445,9651.628894912072
forecast_0872,2025-02-06 08:00:00,15587.28871458024,14798.246679247448,9639.631993080038
forecast_0873,2025-02-06 09:00:00,14546.730139283958,14297.262278368084,11791.474185484432
forecast_0874,2025-02-06 10:00:00,13922.26198851197,12114.311141962266,10435.459127061078
forecast_0875,2025-02-06 11:00:00,14343.443602714016,10733.979536539657,9629.164500558341
forecast_0876,2025-02-06 12:00:00,13434.06791252463,10339.408788339157,9533.771506873223
forecast_0877,2025-02-06 13:00:00,13892.59208996332,11617.522573143126,11017.431220702925
forecast_0878,2025-02-06 14:00:00,13812.834394425463,12401.946157257824,13100.673220810253
forecast_0879,2025-02-06 15:00:00,12351.796201302868,12397.20064441643,12735.31244983305
forecast_0880,2025-02-06 16:00:00,13364.716309455202,13705.896969996173,13630.56334223948
forecast_0881,2025-02-06 17:00:00,12421.369083725422,13753.508589074523,12642.469510681234
forecast_0882,2025-02-06 18:00:00,13211.204782305955,13919.297041418531,12837.21180038524
forecast_0883,2025-02-06 19:00:00,13297.484667013836,14263.959779811332,13873.062505719414
forecast_0884,2025-02-06 20:00:00,13033.702539233485,14082.333978055643,14111.117583770514
forecast_0885,2025-02-06 21:00:00,13764.087753232527,15043.48273511705,15049.224832355687
forecast_0886,2025-02-06 22:00:00,11558.221551511106,12072.994623737866,9791.37358487921
forecast_0887,2025-02-06 23:00:00,12211.994440183238,9901.187834437675,11141.246428344444
forecast_0888,2025-02-07 00:00:00,11809.232805278472,10858.230755057446,8767.348066584722
forecast_0889,2025-02-07 01:00:00,7152.726249478728,7799.997633144802,5245.331666944873
forecast_0890,2025-02-07 02:00:00,4932.0537443711155,5370.934970953053,4165.236907867174
forecast_0891,2025-02-07 03:00:00,5608.942181894647,6018.280192267004,4036.183360554028
forecast_0892,2025-02-07 04:00:00,5740.410401988415,5554.462105204976,3182.1559311008828
forecast_0893,2025-02-07 05:00:00,5505.185817752368,7272.456941296605,3741.817543320107
forecast_0894,2025-02-07 06:00:00,2498.926699321004,5709.563584388404,2432.1077289934906
forecast_0895,2025-02-07 07:00:00,3844.979485199458,4925.510294683558,2828.0229493388306
forecast_0896,2025-02-07 08:00:00,3531.882672732624,3372.4429199587553,1885.1856573770199
forecast_0897,2025-02-07 09:00:00,5029.402299075971,5468.042133677171,3447.435620974745
forecast_0898,2025-02-07 10:00:00,6227.470998832542,5140.983163926132,6110.021238038327
forecast_0899,2025-02-07 11:00:00,11097.804210396163,9598.3498146431,9531.22209114317
forecast_0900,2025-02-07 12:00:00,12286.17663762955,12913.217624881929,12335.61476142801
forecast_0901,2025-02-07 13:00:00,12291.83065181506,13272.42110652391,11400.66662049507
forecast_0902,2025-02-07 14:00:00,12479.523200066471,13633.840142082872,10053.758993180985
forecast_0903,2025-02-07 15:00:00,12774.7171067127,13279.885937800713,10125.35253997891
forecast_0904,2025-02-07 16:00:00,13749.980630084137,13847.19512007358,10774.0675057657
forecast_0905,2025-02-07 17:00:00,14148.729254114929,13136.527329833405,9529.118835207597
forecast_0906,2025-02-07 18:00:00,13953.482751542959,13069.88457637218,9825.824282574198
forecast_0907,2025-02-07 19:00:00,11986.25559714953,12700.584959431926,10839.588014243105
forecast_0908,2025-02-07 20:00:00,12806.709748074536,12362.6369695073,12452.05359300964
forecast_0909,2025-02-07 21:00:00,12611.29966202226,13011.660040217948,11887.139860086876
forecast_0910,2025-02-07 22:00:00,12820.458701925963,12138.964809633657,11660.611558861458
forecast_0911,2025-02-07 23:00:00,10617.311800775888,12611.107074150987,11483.0823248695
forecast_0912,2025-02-08 00:00:00,11530.551902314633,15328.653288200081,11245.690493214091
forecast_0913,2025-02-08 01:00:00,14057.2416854344,14705.506098178606,9302.849383917499
forecast_0914,2025-02-08 02:00:00,15190.34090452841,15338.406845263677,10413.148344932206
forecast_0915,2025-02-08 03:00:00,14989.82723548733,15017.888813552512,10602.843209433548
forecast_0916,2025-02-08 04:00:00,16528.972313293732,15195.713123130032,9659.91329303566
forecast_0917,2025-02-08 05:00:00,17037.482029269264,15914.398404750858,9657.573682859638
forecast_0918,2025-02-08 06:00:00,15530.309421189118,15139.43177165615,9983.954321755049
forecast_0919,2025-02-08 07:00:00,14549.501994621472,15044.81576640185,9252.959451865889
forecast_0920,2025-02-08 08:00:00,13021.256563393395,15035.864403290114,8369.30501042
forecast_0921,2025-02-08 09:00:00,12042.260957559058,14071.817996205622,8008.0387911879625
forecast_0922,2025-02-08 10:00:00,8683.336661580011,7627.305897022876,7232.970571908508
forecast_0923,2025-02-08 11:00:00,7276.773860314997,5953.423954297054,6668.499483811374
forecast_0924,2025-02-08 12:00:00,3368.8812416969668,3828.3700277654516,3799.7171032458255
forecast_0925,2025-02-08 13:00:00,2547.1049225066154,2085.5764791603033,3389.5748214200344
forecast_0926,2025-02-08 14:00:00,2064.3223877158716,1880.5280637033454,3002.1459356739856
forecast_0927,2025-02-08 15:00:00,2010.7030124637947,1911.2275520520573,2925.718991707633
forecast_0928,2025-02-08 16:00:00,2323.418098415428,1986.0121468428713,3075.3830760423584
forecast_0929,2025-02-08 17:00:00,3757.651595691414,3148.0262973528716,4057.1233669510275
forecast_0930,2025-02-08 18:00:00,5174.66257639289,4161.9143608811455,5281.100407856867
forecast_0931,2025-02-08 19:00:00,6324.554508535315,5210.93793348454,7448.955471347624
forecast_0932,2025-02-08 20:00:00,7360.297396865269,6533.192871634397,6812.09105180455
forecast_0933,2025-02-08 21:00:00,9633.740175533972,7205.642082992,10131.582484810346
forecast_0934,2025-02-08 22:00:00,12459.99833213327,10936.115006631462,10877.898875144496
forecast_0935,2025-02-08 23:00:00,16341.354104971168,13562.922674045767,13466.704192973186
forecast_0936,2025-02-09 00:00:00,17354.842590057917,15553.966906137324,12425.30748697811
forecast_0937,2025-02-09 01:00:00,13892.398935692483,11638.50467535807,12348.673602762183
forecast_0938,2025-02-09 02:00:00,15341.084366207542,13189.032466530643,12784.324497043071
forecast_0939,2025-02-09 03:00:00,16451.60116633106,13110.802939854615,12375.824144237477
forecast_0940,2025-02-09 04:00:00,17006.112172923302,14409.74249188126,13204.76591003012
forecast_0941,2025-02-09 05:00:00,18633.753498767168,16377.288118498529,13809.44837219722
forecast_0942,2025-02-09 06:00:00,18147.932365439116,16143.526664938348,13951.061910280185
forecast_0943,2025-02-09 07:00:00,17907.322753856086,16405.06465713887,13003.883911447127
forecast_0944,2025-02-09 08:00:00,18158.677001654993,15878.297563532418,12431.678798624798
forecast_0945,2025-02-09 09:00:00,16476.275634981575,16805.802245839513,11589.906228762798
forecast_0946,2025-02-09 10:00:00,14216.337923769564,13489.085815389179,8681.14367160949
forecast_0947,2025-02-09 11:00:00,11282.381981536422,11235.48161232064,8608.04675452884
forecast_0948,2025-02-09 12:00:00,8492.084755104484,9847.72865515923,8345.801021653015
forecast_0949,2025-02-09 13:00:00,8187.81890852844,9654.84135711052,7864.441092967067
forecast_0950,2025-02-09 14:00:00,8700.317181965156,9469.320686247494,6619.500993125494
forecast_0951,2025-02-09 15:00:00,9321.880456708323,9432.498186616629,7663.203922528216
forecast_0952,2025-02-09 16:00:00,10136.29456992393,9933.666567568567,9542.195045110524
forecast_0953,2025-02-09 17:00:00,10241.321899646702,11737.845680106075,10860.850456750566
forecast_0954,2025-02-09 18:00:00,12891.04299480736,11846.570514605755,11773.613501190779
forecast_0955,2025-02-09 19:00:00,12715.08519506261,13338.760626715213,11225.714270031465
forecast_0956,2025-02-09 20:00:00,13004.890685980441,13185.134114913373,12294.431968709241
forecast_0957,2025-02-09 21:00:00,13210.923888951189,15359.594199150286,12387.757828204201
forecast_0958,2025-02-09 22:00:00,13949.478222773872,16295.93235285977,13348.905115477126
forecast_0959,2025-02-09 23:00:00,14204.702491575023,16350.41555457913,13991.169088393075
forecast_0960,2025-02-10 00:00:00,14689.4865547544,16250.29349512141,15295.854550493066
forecast_0961,2025-02-10 01:00:00,14419.206213853735,16530.80080371643,13728.823163321886
forecast_0962,2025-02-10 02:00:00,14625.429667703305,16117.726194301036,14278.512981665945
forecast_0963,2025-02-10 03:00:00,14814.669109375829,17532.024076385464,14604.722161844189
forecast_0964,2025-02-10 04:00:00,16733.79293465957,17843.826778444607,14797.721360884108
forecast_0965,2025-02-10 05:00:00,17641.231599305276,17743.277541348445,15248.050219031682
forecast_0966,2025-02-10 06:00:00,17504.61138475012,18317.952610850527,16302.059276588225
forecast_0967,2025-02-10 07:00:00,17958.922644166443,18836.938420417348,16374.795275747589
forecast_0968,2025-02-10 08:00:00,17932.80088153685,18298.52500865966,16118.260232337954
forecast_0969,2025-02-10 09:00:00,16506.54835873625,17182.99573312137,13466.723801309658
forecast_0970,2025-02-10 10:00:00,13398.591328603761,16111.608717466914,12322.286592650538
forecast_0971,2025-02-10 11:00:00,13338.817306458295,13464.083149986709,11458.29855518994
forecast_0972,2025-02-10 12:00:00,9900.387860221075,10471.57765064572,9704.582274721895
forecast_0973,2025-02-10 13:00:00,12714.157408564952,10349.243300821914,10304.550205333702
forecast_0974,2025-02-10 14:00:00,12745.538930890823,10153.922287454276,9758.911268041984
forecast_0975,2025-02-10 15:00:00,12031.163462244212,9500.147756960152,10301.398569173918
forecast_0976,2025-02-10 16:00:00,11958.234790384831,10805.107540254448,11236.972834167782
forecast_0977,2025-02-10 17:00:00,11713.084821935001,10594.231844032227,12476.985522524255
forecast_0978,2025-02-10 18:00:00,11697.950475496724,11458.204069034178,13461.506933600282
forecast_0979,2025-02-10 19:00:00,11277.627809922993,10902.590179390898,12098.6137310824
forecast_0980,2025-02-10 20:00:00,9448.457045469933,9083.798778750828,8312.955440653295
forecast_0981,2025-02-10 21:00:00,8435.964827281,8094.73520688439,7036.402514482111
forecast_0982,2025-02-10 22:00:00,10493.912477193266,9535.500621127843,8361.699370781553
forecast_0983,2025-02-10 23:00:00,9670.84855131306,8664.669203225794,7876.542421533371
forecast_0984,2025-02-11 00:00:00,8371.096545511677,8264.351122188968,8040.241105856291
forecast_0985,2025-02-11 01:00:00,8837.054017934965,9398.077659989513,8512.188584638674
forecast_0986,2025-02-11 02:00:00,9722.218029411584,10066.28728739827,8003.134719850222
forecast_0987,2025-02-11 03:00:00,11249.268385127376,11508.661654989244,8570.330043307997
forecast_0988,2025-02-11 04:00:00,10913.179951671666,12144.016508999819,7078.346694840359
forecast_0989,2025-02-11 05:00:00,7857.150907112155,8850.894929777694,5659.587771457612
forecast_0990,2025-02-11 06:00:00,8075.321658207524,6958.976583640666,3954.546697562769
forecast_0991,2025-02-11 07:00:00,8096.192013893818,6677.078965441531,3609.9310241753105
forecast_0992,2025-02-11 08:00:00,7008.962394289344,6986.003911375212,4175.953826112408
forecast_0993,2025-02-11 09:00:00,7713.770456702806,5980.248312153435,3960.0861849789662
forecast_0994,2025-02-11 10:00:00,3271.3002162855983,3197.294210275265,3061.6052000675213
forecast_0995,2025-02-11 11:00:00,2300.2985078374886,2439.6103775381926,1857.1576229616398
forecast_0996,2025-02-11 12:00:00,1911.1429226830232,2053.57268065136,1062.4365673024886
forecast_0997,2025-02-11 13:00:00,1767.4833199261695,1674.5534836378556,1305.041784708049
forecast_0998,2025-02-11 14:00:00,1853.7678243780483,1851.228354098101,1426.3689215249346
forecast_0999,2025-02-11 15:00:00,1436.8008253499736,680.4776710417756,942.2388379075978
forecast_1000,2025-02-11 16:00:00,1404.051611245535,675.7363974849827,1050.3910698662787
forecast_1001,2025-02-11 17:00:00,2009.4616705024398,1404.891175525268,1420.405616452862
forecast_1002,2025-02-11 18:00:00,3763.687789070247,3147.116636730741,3561.4002189127077
forecast_1003,2025-02-11 19:00:00,8185.389197007813,6187.271374497451,4540.867700302983
forecast_1004,2025-02-11 20:00:00,10747.33118657423,10038.168867860524,6524.409962400245
forecast_1005,2025-02-11 21:00:00,11149.836409183123,10562.465779118374,7866.237835223661
forecast_1006,2025-02-11 22:00:00,12102.11723248527,11683.810486310816,7924.860116456941
forecast_1007,2025-02-11 23:00:00,16055.03302940529,15078.529438182346,12895.263643871778
forecast_1008,2025-02-12 00:00:00,18107.40425324042,17406.103073942486,13833.935952523903
forecast_1009,2025-02-12 01:00:00,15505.538111863965,15767.218715670311,11412.794347425423
forecast_1010,2025-02-12 02:00:00,15323.533429948453,15430.22844858069,12947.011906457617
forecast_1011,2025-02-12 03:00:00,15034.4880836181,16556.666653113,12147.649617247513
forecast_1012,2025-02-12 04:00:00,13754.804806647875,16047.388123346092,11149.521861575266
forecast_1013,2025-02-12 05:00:00,12527.664355215924,14761.538184593886,9002.826948752461
forecast_1014,2025-02-12 06:00:00,10747.263528424632,12071.3595109959,7261.354382722093
forecast_1015,2025-02-12 07:00:00,6851.691072774323,7479.142649528358,4434.630607514089
forecast_1016,2025-02-12 08:00:00,3615.2454326332536,5750.6935283258845,2436.9139310351857
forecast_1017,2025-02-12 09:00:00,4343.655328689199,6149.896919126771,2683.4703365098208
forecast_1018,2025-02-12 10:00:00,4572.702717535137,6149.012599673631,3621.237961382586
forecast_1019,2025-02-12 11:00:00,5281.72110181028,9327.806525834445,4340.993671188393
forecast_1020,2025-02-12 12:00:00,9408.87765260189,12608.881538366111,9691.888027788593
forecast_1021,2025-02-12 13:00:00,10979.152956967986,12798.109786216502,11898.403244347357
forecast_1022,2025-02-12 14:00:00,12531.01563792918,13383.539936031893,11751.433665583947
forecast_1023,2025-02-12 15:00:00,14891.74644928372,15585.90100134981,12604.72465003585
forecast_1024,2025-02-12 16:00:00,15518.351767262588,15089.697099024757,12844.81160083183
forecast_1025,2025-02-12 17:00:00,15330.438229348076,14680.066198924642,12680.340591717424
forecast_1026,2025-02-12 18:00:00,15716.032029432032,16981.211336970522,12774.496747527352
forecast_1027,2025-02-12 19:00:00,15541.45533614479,16730.162218082758,12615.232649738762
forecast_1028,2025-02-12 20:00:00,15186.093686981456,16087.84704255821,11908.843044517635
forecast_1029,2025-02-12 21:00:00,14432.360932193356,15239.593974908992,11937.115344377882
forecast_1030,2025-02-12 22:00:00,14098.135737123674,13978.38899764247,11712.520531692866
forecast_1031,2025-02-12 23:00:00,13511.473344719829,13697.412154615788,11358.365159148936
forecast_1032,2025-02-13 00:00:00,13600.10211034873,12751.677819844992,10920.514260968472
forecast_1033,2025-02-13 01:00:00,14124.707144392414,12470.81160678258,9093.594575401265
forecast_1034,2025-02-13 02:00:00,14267.603194044723,11669.196779373291,7824.917736063514
forecast_1035,2025-02-13 03:00:00,14521.449766180582,12246.14033346866,7273.803362546798
forecast_1036,2025-02-13 04:00:00,12400.258574479907,11139.883977140964,7525.137331298848
forecast_1037,2025-02-13 05:00:00,12274.590834869698,14029.163947352185,9929.41351106911
forecast_1038,2025-02-13 06:00:00,14679.718711710746,17230.30367361877,11509.0483233888
forecast_1039,2025-02-13 07:00:00,15703.67849420416,17666.804834147533,13253.842075318711
forecast_1040,2025-02-13 08:00:00,15838.506368744365,17203.68250982292,13062.665775804222
forecast_1041,2025-02-13 09:00:00,15217.411640613296,17740.035076963126,12497.667472498586
forecast_1042,2025-02-13 10:00:00,13729.872982318937,16737.776446513722,12595.639020959774
forecast_1043,2025-02-13 11:00:00,13809.470039842976,15128.644598878223,12550.072389168694
forecast_1044,2025-02-13 12:00:00,13932.399997829807,14639.574287019093,12580.172653157777
forecast_1045,2025-02-13 13:00:00,14040.00741169023,14601.821817881653,12203.133022032887
forecast_1046,2025-02-13 14:00:00,14569.6062608947,14701.01926779864,13851.01074465113
forecast_1047,2025-02-13 15:00:00,15122.532031352082,14903.534987189763,13988.473449946454
forecast_1048,2025-02-13 16:00:00,15250.946386386922,15132.89068946112,14724.511523613344
forecast_1049,2025-02-13 17:00:00,16593.63660785849,16497.385033161187,15725.072958022081
forecast_1050,2025-02-13 18:00:00,17294.142458586324,18402.224814605448,16991.50367750572
forecast_1051,2025-02-13 19:00:00,17777.09375566595,18977.312894376933,17164.007758639586
forecast_1052,2025-02-13 20:00:00,18175.425152843167,19242.074056674373,17297.133751806818
forecast_1053,2025-02-13 21:00:00,18276.804159503572,19517.973164707615,17757.01317655648
forecast_1054,2025-02-13 22:00:00,18728.109925062196,19662.557899898813,18307.115678236758
forecast_1055,2025-02-13 23:00:00,18730.663345192097,19774.846921645516,18357.733169334482
forecast_1056,2025-02-14 00:00:00,18616.037684394396,19977.889893005344,18163.30616347788
forecast_1057,2025-02-14 01:00:00,18968.22642270355,20154.325079752438,16965.88608529933
forecast_1058,2025-02-14 02:00:00,18666.629443742637,19443.662567017305,16223.020770051662
forecast_1059,2025-02-14 03:00:00,18875.010640304565,20186.811495748538,16642.629011446606
forecast_1060,2025-02-14 04:00:00,18538.646492756485,20102.403235319805,16354.625502189298
forecast_1061,2025-02-14 05:00:00,18759.531780192487,20312.817301340772,17337.052033336935
forecast_1062,2025-02-14 06:00:00,19084.15903663453,20343.005347772007,17300.635036692478
forecast_1063,2025-02-14 07:00:00,19091.17957722217,20291.795022842267,17249.207381993143
forecast_1064,2025-02-14 08:00:00,19055.437689549737,19843.348185316336,16661.987332703997
forecast_1065,2025-02-14 09:00:00,14474.392804183924,18764.4976264855,13468.043586332918
forecast_1066,2025-02-14 10:00:00,12805.258879523859,14409.117882063363,10147.81131680636
forecast_1067,2025-02-14 11:00:00,10985.501370222748,13144.6389573816,8434.770281922345
forecast_1068,2025-02-14 12:00:00,8939.184166734496,11532.003361145878,7835.367752066614
forecast_1069,2025-02-14 13:00:00,8601.412730645663,8963.270666614633,7342.399492889446
forecast_1070,2025-02-14 14:00:00,8678.163709036873,6660.901494105007,5116.700861456912
forecast_1071,2025-02-14 15:00:00,8018.294683683346,6828.9269737851,5524.449819159781
forecast_1072,2025-02-14 16:00:00,9199.728604187392,7628.089961683006,7572.773844557735
forecast_1073,2025-02-14 17:00:00,9786.69240927376,10315.414143680091,9209.206821143784
forecast_1074,2025-02-14 18:00:00,12435.97683606774,13669.445984271444,12482.571427147332
forecast_1075,2025-02-14 19:00:00,13684.416002676251,14474.614635403235,11561.953779543386
forecast_1076,2025-02-14 20:00:00,14937.707004602937,14940.229973246249,10895.432413321001
forecast_1077,2025-02-14 21:00:00,15746.257693880854,16066.381955585512,11604.502532974364
forecast_1078,2025-02-14 22:00:00,16516.05720492511,16770.95551849317,11040.404903114728
forecast_1079,2025-02-14 23:00:00,16353.52792885812,14534.613076944252,12138.79840711661
forecast_1080,2025-02-15 00:00:00,17054.2677223806,15528.74134060235,13302.894810836187
forecast_1081,2025-02-15 01:00:00,15480.703738515653,14173.75889503159,13422.936426189804
forecast_1082,2025-02-15 02:00:00,16776.369419958803,15764.515016128546,11896.48057595784
forecast_1083,2025-02-15 03:00:00,17886.491436904435,16195.529453838575,11183.207330084377
forecast_1084,2025-02-15 04:00:00,17173.838323946933,16318.33154789765,10272.574623362942
forecast_1085,2025-02-15 05:00:00,17739.08326305101,16407.74864428143,10644.69704962861
forecast_1086,2025-02-15 06:00:00,16702.937779274853,16166.113666041825,10112.536297959885
forecast_1087,2025-02-15 07:00:00,14803.195911800314,13502.233934981225,8324.451113587302
forecast_1088,2025-02-15 08:00:00,11554.935730955136,11912.017686813986,8104.795836820236
forecast_1089,2025-02-15 09:00:00,10014.746184906988,12484.194006937289,6793.433900602528
forecast_1090,2025-02-15 10:00:00,7630.163343760156,9055.393535255354,6906.722296019133
forecast_1091,2025-02-15 11:00:00,6700.544500184485,8472.95161429659,6035.354875145882
forecast_1092,2025-02-15 12:00:00,8346.670487063979,8446.887925902576,6559.974004264774
forecast_1093,2025-02-15 13:00:00,9324.142003777819,9525.537161162347,7854.8889062346725
forecast_1094,2025-02-15 14:00:00,9794.540445424313,11446.681733016416,10262.077344440164
forecast_1095,2025-02-15 15:00:00,8809.90051019946,9666.84563493652,9444.697116059559
forecast_1096,2025-02-15 16:00:00,12492.696548047303,12194.224116277303,9145.232909610142
forecast_1097,2025-02-15 17:00:00,13320.314351835243,13004.0714548654,13422.637836706552
forecast_1098,2025-02-15 18:00:00,14380.503395136453,15877.839216646626,14199.128815473046
forecast_1099,2025-02-15 19:00:00,16560.386989016883,16662.976143914315,15355.235091771921
forecast_1100,2025-02-15 20:00:00,17925.597235113437,18247.2355730444,15739.097373030312
forecast_1101,2025-02-15 21:00:00,16042.990702358662,17781.80406488101,15606.105796300897
forecast_1102,2025-02-15 22:00:00,16119.443373277012,17963.579658714876,15760.70715251364
forecast_1103,2025-02-15 23:00:00,18377.104646205877,18379.519992819256,14982.209847478101
forecast_1104,2025-02-16 00:00:00,18648.722138848705,18263.100313704403,16858.840077504217
forecast_1105,2025-02-16 01:00:00,18760.174040947913,18082.356815803603,16531.956798069685
forecast_1106,2025-02-16 02:00:00,18740.014401683395,17962.159665260693,14127.343789613002
forecast_1107,2025-02-16 03:00:00,18410.351604277574,18205.698247020082,13645.950055339574
forecast_1108,2025-02-16 04:00:00,18202.823930873572,17775.123904464846,12683.012912494487
forecast_1109,2025-02-16 05:00:00,16463.00958697043,16131.53514307697,11378.364674732153
forecast_1110,2025-02-16 06:00:00,16183.058406765093,15357.032745346793,10941.14113036519
forecast_1111,2025-02-16 07:00:00,15992.331598468958,15788.415096551546,10088.620302853069
forecast_1112,2025-02-16 08:00:00,15220.282778404224,15911.275956230249,10047.06736350823
forecast_1113,2025-02-16 09:00:00,14526.542144951118,13270.709532836567,7576.38797277073
forecast_1114,2025-02-16 10:00:00,8937.279665506572,9898.58054660761,7189.720923774447
forecast_1115,2025-02-16 11:00:00,8316.874335823159,9270.84928106624,7580.618865624389
forecast_1116,2025-02-16 12:00:00,7581.52600576834,8673.716875535161,8418.60971214826
forecast_1117,2025-02-16 13:00:00,11034.012274901803,9558.095808622138,9622.141386528312
forecast_1118,2025-02-16 14:00:00,11298.755359616604,11273.094580382265,11475.140007719348
forecast_1119,2025-02-16 15:00:00,14082.390647389302,15003.533464014477,13724.318139033632
forecast_1120,2025-02-16 16:00:00,15591.039146280333,16733.974491763474,14766.781616654616
forecast_1121,2025-02-16 17:00:00,16071.439625111741,16908.567010973806,15279.401739701101
forecast_1122,2025-02-16 18:00:00,16182.190003837526,17035.511361138542,15878.575419852617
forecast_1123,2025-02-16 19:00:00,16824.06979461007,17656.180994041075,15504.19541008169
forecast_1124,2025-02-16 20:00:00,17026.866938216077,16894.50959791304,14487.713727597305
forecast_1125,2025-02-16 21:00:00,16865.002068781105,15503.347467407126,13462.82685224882
forecast_1126,2025-02-16 22:00:00,16885.33460657083,16885.46779290184,14618.257931000786
forecast_1127,2025-02-16 23:00:00,16650.147836468328,16281.679359251326,13921.051756481209
forecast_1128,2025-02-17 00:00:00,16058.497361641672,14157.49524949553,14232.28462177607
forecast_1129,2025-02-17 01:00:00,14534.570498616185,11155.485891224718,9448.578995627076
forecast_1130,2025-02-17 02:00:00,14350.712826888015,12381.632257773843,10534.068284048853
forecast_1131,2025-02-17 03:00:00,13794.340190899024,11834.313865240598,10046.889458460419
forecast_1132,2025-02-17 04:00:00,13985.564156714005,11563.438618373624,8894.878609823561
forecast_1133,2025-02-17 05:00:00,12370.672497727532,10093.484979210589,8469.402531473244
forecast_1134,2025-02-17 06:00:00,12727.103642253582,10971.959475939848,7914.017015272121
forecast_1135,2025-02-17 07:00:00,13246.197755749687,11448.773915345582,8721.823861520426
forecast_1136,2025-02-17 08:00:00,13387.95074996423,11827.915663463891,8108.812341346921
forecast_1137,2025-02-17 09:00:00,12930.259596744903,12337.938998156858,9772.505890354658
forecast_1138,2025-02-17 10:00:00,13359.815164112948,12136.589599101853,11398.262269280076
forecast_1139,2025-02-17 11:00:00,13563.45805104092,11907.307685611635,11222.154049767456
forecast_1140,2025-02-17 12:00:00,13315.064645031722,11363.022788473318,9773.50511474639
forecast_1141,2025-02-17 13:00:00,13182.144866266948,11776.317137986438,8916.372949529843
forecast_1142,2025-02-17 14:00:00,12024.717956113358,11345.52464931343,8353.483974197481
forecast_1143,2025-02-17 15:00:00,11682.007259874204,10874.156125284911,7558.654213676029
forecast_1144,2025-02-17 16:00:00,10609.436930927834,8687.48673785817,6877.04312392774
forecast_1145,2025-02-17 17:00:00,9454.97788097359,6828.197856329758,5019.245084635297
forecast_1146,2025-02-17 18:00:00,8785.280047203141,5601.72722076012,4682.160421801163
forecast_1147,2025-02-17 19:00:00,7801.718961534601,5780.042840949026,3743.8543653251627
forecast_1148,2025-02-17 20:00:00,7277.010316707609,5987.9369206484425,3762.643926639845
forecast_1149,2025-02-17 21:00:00,4182.051930764389,3992.791875068263,3412.3404271968884
forecast_1150,2025-02-17 22:00:00,4840.230334623413,4522.823953276347,3039.526635647867
forecast_1151,2025-02-17 23:00:00,5940.237792712404,4845.206110272438,5174.041445652774
forecast_1152,2025-02-18 00:00:00,6527.473442976622,5150.1176742655025,6536.393353625692
forecast_1153,2025-02-18 01:00:00,7315.60555854979,7586.99424944264,7436.346526628394
forecast_1154,2025-02-18 02:00:00,10121.606226295224,9165.889428642915,9110.302448992505
forecast_1155,2025-02-18 03:00:00,11306.204461840978,9483.46029795803,10511.292851027321
forecast_1156,2025-02-18 04:00:00,11630.295267490137,10422.437248489317,10865.901508028937
forecast_1157,2025-02-18 05:00:00,12099.729372658434,11263.33415028168,10663.947077089868
forecast_1158,2025-02-18 06:00:00,12382.024271079128,12120.649510515845,10155.758458854678
forecast_1159,2025-02-18 07:00:00,12304.694543237125,12008.252468371069,10365.62418808369
forecast_1160,2025-02-18 08:00:00,12390.620178660942,11644.78401409349,9264.958039412813
forecast_1161,2025-02-18 09:00:00,10934.6114909893,9637.359170396467,9223.968014465789
forecast_1162,2025-02-18 10:00:00,9869.219844939253,10476.46740047923,8127.284013465333
forecast_1163,2025-02-18 11:00:00,12536.99059417615,10668.355309995217,10542.001544981067
forecast_1164,2025-02-18 12:00:00,13260.19363444552,11299.35112320571,10702.073318645544
forecast_1165,2025-02-18 13:00:00,13825.797940043942,11170.174285308389,10641.906134591001
forecast_1166,2025-02-18 14:00:00,13745.929221480777,10903.047467269203,10658.359514370335
forecast_1167,2025-02-18 15:00:00,13849.215343229003,10572.30553430386,10429.493045971878
forecast_1168,2025-02-18 16:00:00,13277.96089191563,11213.011319426352,10095.070659783818
forecast_1169,2025-02-18 17:00:00,12595.850534061154,10552.532255837597,8112.1026080836655
forecast_1170,2025-02-18 18:00:00,11611.205148726804,9905.721745874007,7273.403612459261
forecast_1171,2025-02-18 19:00:00,11717.711811459867,10422.340050675133,8037.923680428412
forecast_1172,2025-02-18 20:00:00,10784.351938158083,9942.024962212481,8238.22705570051
forecast_1173,2025-02-18 21:00:00,9652.996969976177,9900.876922060495,7697.148508373265
forecast_1174,2025-02-18 22:00:00,8798.606322725838,9661.109398791717,7086.779626509539
forecast_1175,2025-02-18 23:00:00,6759.406781838978,8442.770588663694,5830.945516291938
forecast_1176,2025-02-19 00:00:00,8242.486140747507,9230.299253234549,7339.37410056429
forecast_1177,2025-02-19 01:00:00,6436.198982165131,7636.267156481214,6378.535042723126
forecast_1178,2025-02-19 02:00:00,9923.13318937884,9902.47660557696,7033.05116918489
forecast_1179,2025-02-19 03:00:00,8893.712932255788,9998.209824771924,6992.75418097769
forecast_1180,2025-02-19 04:00:00,10291.695444133169,10003.065040321306,6144.887504961262
forecast_1181,2025-02-19 05:00:00,9410.82484476908,10661.899642527827,6326.811868619319
forecast_1182,2025-02-19 06:00:00,8789.845573193747,11713.030736771898,6873.532890217908
forecast_1183,2025-02-19 07:00:00,9205.629791991912,11812.039525386881,6835.391026262534
forecast_1184,2025-02-19 08:00:00,8319.248460790384,11947.34937404415,6529.737278739532
forecast_1185,2025-02-19 09:00:00,8816.477757579742,9676.516191242928,6276.630593643992
forecast_1186,2025-02-19 10:00:00,4476.118972488992,6197.404950146715,4812.6163741503115
forecast_1187,2025-02-19 11:00:00,3159.6561224943066,3399.4659118838813,5041.405216600059
forecast_1188,2025-02-19 12:00:00,3423.730996898573,2966.6941357432897,3314.073288496656
forecast_1189,2025-02-19 13:00:00,4511.787921089767,2686.914883413582,3288.928813640863
forecast_1190,2025-02-19 14:00:00,5660.198699394651,4181.785767971331,3836.1091013935697
forecast_1191,2025-02-19 15:00:00,6021.25315136299,3876.895510752112,4176.561919159517
forecast_1192,2025-02-19 16:00:00,5760.048554338333,4665.216492418765,4497.506873139493
forecast_1193,2025-02-19 17:00:00,6154.904304871129,4776.911013933641,4884.269225703701
forecast_1194,2025-02-19 18:00:00,5447.279540554195,4780.9464649479005,4509.750007049472
forecast_1195,2025-02-19 19:00:00,5751.59035864092,4275.175388751697,4473.25043623088
forecast_1196,2025-02-19 20:00:00,5545.6437108784685,4186.78019692704,3979.101081582681
forecast_1197,2025-02-19 21:00:00,6488.262903591186,4528.814648556034,4741.554888364984
forecast_1198,2025-02-19 22:00:00,8042.3267893386355,6699.664233273809,5801.3416734487355
forecast_1199,2025-02-19 23:00:00,7745.61029966492,7945.56676592748,5658.713780358436
forecast_1200,2025-02-20 00:00:00,8145.157778709865,8741.63276860984,5050.0170032867045
forecast_1201,2025-02-20 01:00:00,7293.231330939043,7072.122500483165,4155.826784760556
forecast_1202,2025-02-20 02:00:00,7814.690837241267,7313.7996107864565,4609.663135207458
forecast_1203,2025-02-20 03:00:00,7906.911850940617,7998.230336733473,4689.069229201659
forecast_1204,2025-02-20 04:00:00,7551.909631867532,8041.623248975552,6224.0258591163265
forecast_1205,2025-02-20 05:00:00,7479.592538899824,8145.5518551743835,6755.434120395847
forecast_1206,2025-02-20 06:00:00,6865.04156689577,8122.492765504047,6670.5929076555285
forecast_1207,2025-02-20 07:00:00,8590.788603543502,9985.23138976337,7904.557190998014
forecast_1208,2025-02-20 08:00:00,9821.25518160518,11426.229427277976,7373.287741586562
forecast_1209,2025-02-20 09:00:00,9836.796371122562,10868.325306692333,8210.461994790996
forecast_1210,2025-02-20 10:00:00,9855.053554396247,10821.296031619173,9618.800877437247
forecast_1211,2025-02-20 11:00:00,7111.96518081904,8423.332438124768,8148.728588471419
forecast_1212,2025-02-20 12:00:00,7013.471808768878,8331.08403404152,7174.093789200564
forecast_1213,2025-02-20 13:00:00,7461.184243497125,7808.75002062176,6903.340676389802
forecast_1214,2025-02-20 14:00:00,8443.026101830388,7870.52278551737,8849.133743550767
forecast_1215,2025-02-20 15:00:00,7986.882787642162,7301.957952575737,7138.592061190641
forecast_1216,2025-02-20 16:00:00,7908.42664005834,5930.425618693753,6432.683545589876
forecast_1217,2025-02-20 17:00:00,8047.335154261878,5141.773730773792,7046.549314334001
forecast_1218,2025-02-20 18:00:00,8398.576778056202,7005.820592726786,8364.050120205511
forecast_1219,2025-02-20 19:00:00,8589.44369334168,6507.045810627103,8377.287760551682
forecast_1220,2025-02-20 20:00:00,8093.504020661322,7521.764032766761,7609.748463201971
forecast_1221,2025-02-20 21:00:00,7316.939817340213,7077.343753187715,5823.395905018916
forecast_1222,2025-02-20 22:00:00,7030.738378308103,6834.01550768574,5189.574642259042
forecast_1223,2025-02-20 23:00:00,7581.044843523004,9359.926706014825,5564.29363571378
forecast_1224,2025-02-21 00:00:00,8091.435774859537,9377.831402173799,6204.933958774023
forecast_1225,2025-02-21 01:00:00,7325.054026722862,8054.834021298246,5894.470502541671
forecast_1226,2025-02-21 02:00:00,7352.524270295491,9084.789948879958,5260.9968619532665
forecast_1227,2025-02-21 03:00:00,7182.1944999777015,7972.52939700032,6682.409396137176
forecast_1228,2025-02-21 04:00:00,7382.8118128693895,7891.652099097975,6319.340436068528
forecast_1229,2025-02-21 05:00:00,7212.296703301245,8685.764321216735,6741.583819729398
forecast_1230,2025-02-21 06:00:00,7296.467390884772,8602.693316434701,6585.942310279653
forecast_1231,2025-02-21 07:00:00,8130.871760437159,9638.285628099266,7402.261523353179
forecast_1232,2025-02-21 08:00:00,8223.177374039165,10516.479441120115,7672.906274102665
forecast_1233,2025-02-21 09:00:00,7996.242194666619,8966.766129419897,6663.921220502849
forecast_1234,2025-02-21 10:00:00,3558.884524056081,5046.086648367718,4197.304047527111
forecast_1235,2025-02-21 11:00:00,2916.9035182103717,3440.4450269023373,3762.3387066278287
forecast_1236,2025-02-21 12:00:00,4337.004004192567,2768.5906553576647,3107.2547400344824
forecast_1237,2025-02-21 13:00:00,5205.9887900155445,5728.8050364971305,3817.3446391883936
forecast_1238,2025-02-21 14:00:00,6233.867836954122,5557.226978264027,4280.7686939872065
forecast_1239,2025-02-21 15:00:00,6130.436630725342,4317.751183826527,4546.875582693634
forecast_1240,2025-02-21 16:00:00,6486.761805437998,4716.922855958569,4107.808167909633
forecast_1241,2025-02-21 17:00:00,8749.248227427946,6459.246259257462,5348.813417066888
forecast_1242,2025-02-21 18:00:00,10231.265806020836,7629.777636906797,6097.854440272705
forecast_1243,2025-02-21 19:00:00,10827.033241944626,8329.569246520581,8908.770583156775
forecast_1244,2025-02-21 20:00:00,10685.648110017322,9145.997452664558,9936.154594755757
forecast_1245,2025-02-21 21:00:00,11254.585133965806,10034.378420488298,10391.106840573117
forecast_1246,2025-02-21 22:00:00,11818.492951165545,9706.338608860025,9597.540697138926
forecast_1247,2025-02-21 23:00:00,11083.65292807772,9077.452423607005,10047.099093536699
forecast_1248,2025-02-22 00:00:00,11712.666334298625,9874.126125930932,9650.021599772737
forecast_1249,2025-02-22 01:00:00,13309.029021833261,11360.221768818648,10656.645445027481
forecast_1250,2025-02-22 02:00:00,13890.95454895711,11325.279422960513,12122.663467240265
forecast_1251,2025-02-22 03:00:00,14310.84200245102,12240.150710933984,12870.002727780724
forecast_1252,2025-02-22 04:00:00,13804.429167824763,11571.293064886826,11926.031079489378
forecast_1253,2025-02-22 05:00:00,12903.52757874187,12389.398681147548,8617.34785947426
forecast_1254,2025-02-22 06:00:00,8764.801367865475,9635.582122841879,6468.434148007323
forecast_1255,2025-02-22 07:00:00,8772.789358654767,9242.29329947266,5385.823716621234
forecast_1256,2025-02-22 08:00:00,8085.018270112017,8175.03797962177,4623.417374421684
forecast_1257,2025-02-22 09:00:00,6119.38422007449,6481.434695702685,4119.683647096485
forecast_1258,2025-02-22 10:00:00,3011.2156483414833,2933.964548442442,1698.5610387613938
forecast_1259,2025-02-22 11:00:00,2213.980801467162,1873.4392813532852,1758.3452707085503
forecast_1260,2025-02-22 12:00:00,2821.554525667466,3049.84164132919,2638.295641409309
forecast_1261,2025-02-22 13:00:00,4893.404017131397,4536.6470883073425,4381.121409423547
forecast_1262,2025-02-22 14:00:00,6291.642704763294,5128.473561835043,6143.392466515765
forecast_1263,2025-02-22 15:00:00,6760.607181390991,6096.454196214733,6228.140002458065
forecast_1264,2025-02-22 16:00:00,6393.16719168299,5898.667980244442,6773.127677575473
forecast_1265,2025-02-22 17:00:00,7662.910652749594,5828.914382339512,7766.713616733514
forecast_1266,2025-02-22 18:00:00,8094.742011419967,7523.192825532444,8386.766645433252
forecast_1267,2025-02-22 19:00:00,8737.180054250082,8236.273777539325,9151.52787579873
forecast_1268,2025-02-22 20:00:00,9302.187338591419,9566.031990569201,9958.773904058718
forecast_1269,2025-02-22 21:00:00,11415.080053373358,12637.88934090163,13295.331680482825
forecast_1270,2025-02-22 22:00:00,12523.003459556528,14974.91673878038,13952.01793650475
forecast_1271,2025-02-22 23:00:00,13460.645828740797,15077.208614792558,14298.364259389307
forecast_1272,2025-02-23 00:00:00,13284.049598711717,15717.85074621816,14187.192870380191
forecast_1273,2025-02-23 01:00:00,12239.736640629731,15286.220616825465,15332.468537140994
forecast_1274,2025-02-23 02:00:00,11953.780698075365,14981.269631699573,13552.069111520706
forecast_1275,2025-02-23 03:00:00,13390.68846199162,14870.189250152576,13596.53689764578
forecast_1276,2025-02-23 04:00:00,14006.408022161118,15857.987068271557,14725.951443524604
forecast_1277,2025-02-23 05:00:00,14309.664692337768,16289.410852713354,14011.430461417649
forecast_1278,2025-02-23 06:00:00,15621.89898550559,17557.790609254345,14827.742898319884
forecast_1279,2025-02-23 07:00:00,16134.755303480013,17333.666270664075,14408.893290502197
forecast_1280,2025-02-23 08:00:00,15777.831273692454,17381.955660106996,13952.990073749468
forecast_1281,2025-02-23 09:00:00,13978.477709626797,15543.195578797822,13281.632097411339
forecast_1282,2025-02-23 10:00:00,13123.816804731869,15147.758576606653,12755.515443848099
forecast_1283,2025-02-23 11:00:00,13544.215719385731,14027.589599152481,11746.800242120918
forecast_1284,2025-02-23 12:00:00,13981.899591290628,12534.245235812266,10939.92213400803
forecast_1285,2025-02-23 13:00:00,13692.110075800176,11443.955207563611,10367.472024885757
forecast_1286,2025-02-23 14:00:00,13046.457386924038,10830.594631107133,10277.572363711928
forecast_1287,2025-02-23 15:00:00,12698.88530182955,10639.98785120634,9300.405289012333
forecast_1288,2025-02-23 16:00:00,11918.995470707136,9450.864368400486,7614.937565986479
forecast_1289,2025-02-23 17:00:00,12512.10768323527,9598.892906182049,7260.765330309841
forecast_1290,2025-02-23 18:00:00,11735.888845630421,9519.977799047825,7173.94737353007
forecast_1291,2025-02-23 19:00:00,10501.192757725312,8015.245390220749,6300.603517890939
forecast_1292,2025-02-23 20:00:00,7387.676172292682,6892.106145735136,5567.6322544127615
forecast_1293,2025-02-23 21:00:00,8800.492332339056,8269.052203297122,6176.100251579597
forecast_1294,2025-02-23 22:00:00,9844.960764053369,10032.9173199148,7975.250934882343
forecast_1295,2025-02-23 23:00:00,9332.307392357621,10055.433687205175,8901.675243501166
forecast_1296,2025-02-24 00:00:00,10446.423544344467,10809.342321051216,9743.04262769999
forecast_1297,2025-02-24 01:00:00,11626.268238851178,12367.748054174222,10170.926220848944
forecast_1298,2025-02-24 02:00:00,12371.161711148688,13729.816793491074,11271.836896548957
forecast_1299,2025-02-24 03:00:00,13031.353091268269,15143.426546381646,10603.799075224253
forecast_1300,2025-02-24 04:00:00,14410.540357561045,15458.325811797427,10428.663641282768
forecast_1301,2025-02-24 05:00:00,14514.127663200135,14505.298364993501,11078.945365461628
forecast_1302,2025-02-24 06:00:00,14231.579651109407,13545.644966505455,11097.620369488424
forecast_1303,2025-02-24 07:00:00,14195.300857575947,13880.601369460153,10454.883601249741
forecast_1304,2025-02-24 08:00:00,13903.871263246621,13023.252876742577,10950.278099088462
forecast_1305,2025-02-24 09:00:00,11814.804408505961,10536.4464168578,9480.91961013991
forecast_1306,2025-02-24 10:00:00,10094.483716386972,9163.531825867956,8625.290775544454
forecast_1307,2025-02-24 11:00:00,6660.673028761042,8988.943580009192,7629.556643178511
forecast_1308,2025-02-24 12:00:00,5887.066609041507,8300.323047050397,8008.74452008248
forecast_1309,2025-02-24 13:00:00,6316.427936619817,7522.74500248758,7514.946850780496
forecast_1310,2025-02-24 14:00:00,6927.21084005514,8668.699676921153,8313.448023495372
forecast_1311,2025-02-24 15:00:00,7438.7284371992555,9476.97778177175,8738.225132465506
forecast_1312,2025-02-24 16:00:00,7645.054469823447,8628.575351460015,8832.645576279368
forecast_1313,2025-02-24 17:00:00,7857.5933316837945,9386.721012284192,9050.246050622485
forecast_1314,2025-02-24 18:00:00,11094.850579829665,10466.52330519835,11501.2951138128
forecast_1315,2025-02-24 19:00:00,12883.299934551005,14527.515016233541,13723.676831761664
forecast_1316,2025-02-24 20:00:00,14945.439394442728,15884.821302099721,14032.188013279845
forecast_1317,2025-02-24 21:00:00,16906.654444648917,17770.49217244666,15822.932997849373
forecast_1318,2025-02-24 22:00:00,18869.792538608624,18768.885090898963,17735.53199660112
forecast_1319,2025-02-24 23:00:00,19645.038966948763,19446.680310538566,17749.74962342914
forecast_1320,2025-02-25 00:00:00,20135.5791045949,19273.684311483237,18062.009230572457
forecast_1321,2025-02-25 01:00:00,19503.751679096207,19330.614612735815,16903.618798403044
forecast_1322,2025-02-25 02:00:00,19758.010922847083,19291.69936930068,17328.407593200736
forecast_1323,2025-02-25 03:00:00,20335.510786417246,19417.753497013626,17460.263235514827
forecast_1324,2025-02-25 04:00:00,20530.967058553462,19934.649573990824,17041.295247352882
forecast_1325,2025-02-25 05:00:00,20755.850037654105,19990.800653328202,16837.7033512717
forecast_1326,2025-02-25 06:00:00,20847.434369829396,20004.71147199896,17854.20191037099
forecast_1327,2025-02-25 07:00:00,20807.385543988523,20615.190763419763,18091.330867122335
forecast_1328,2025-02-25 08:00:00,20401.247466920962,20395.338489572303,17956.721540673334
forecast_1329,2025-02-25 09:00:00,20384.387007146102,20582.57839460002,16063.971297465967
forecast_1330,2025-02-25 10:00:00,18432.02365090428,20176.59523625208,16172.710271433978
forecast_1331,2025-02-25 11:00:00,16475.917093577908,18666.943204074105,16130.288998740401
forecast_1332,2025-02-25 12:00:00,15276.78857370784,16762.647947085006,15367.14202561303
forecast_1333,2025-02-25 13:00:00,14693.139680813369,15249.530945155046,12185.090758311768
forecast_1334,2025-02-25 14:00:00,15173.20964717535,14676.786471512045,14267.82457860143
forecast_1335,2025-02-25 15:00:00,15816.943878761733,15449.62558691557,14793.651928343865
forecast_1336,2025-02-25 16:00:00,15867.503568732596,15015.876996300069,14923.89629305863
forecast_1337,2025-02-25 17:00:00,17915.233303277746,17267.53359963025,16516.852140725936
forecast_1338,2025-02-25 18:00:00,18835.89796157944,18499.596890592125,17381.574056590573
forecast_1339,2025-02-25 19:00:00,19349.818694100948,18977.830803796016,17338.631924284484
forecast_1340,2025-02-25 20:00:00,19361.821213208226,18936.544811949498,17721.864484101476
forecast_1341,2025-02-25 21:00:00,19496.928216618966,19519.686654583624,18084.959737557634
forecast_1342,2025-02-25 22:00:00,19508.57245952256,19193.529410134044,18404.87481720528
forecast_1343,2025-02-25 23:00:00,19360.74573732426,19182.85715753379,18820.600298355526
forecast_1344,2025-02-26 00:00:00,19393.663041589403,19092.269107961987,18989.044308256285
forecast_1345,2025-02-26 01:00:00,19397.816057868822,18705.56801277861,18825.547441819777
forecast_1346,2025-02-26 02:00:00,19373.43150071614,18453.88695248247,18079.821648619807
forecast_1347,2025-02-26 03:00:00,17683.58030688196,18601.998137683884,17408.652974887256
forecast_1348,2025-02-26 04:00:00,17449.142397540705,18832.371790798497,16348.706124367547
forecast_1349,2025-02-26 05:00:00,17026.061787398045,19239.832010844275,16283.573349749366
forecast_1350,2025-02-26 06:00:00,15705.242871272047,18467.524820939783,14943.833091146336
forecast_1351,2025-02-26 07:00:00,16315.415761508582,18719.547679836756,17054.826521090075
forecast_1352,2025-02-26 08:00:00,16257.380203809294,18851.24607727497,15829.372640936303
forecast_1353,2025-02-26 09:00:00,15316.373999379424,17478.514030867686,13536.319082732556
forecast_1354,2025-02-26 10:00:00,12952.608520422133,15256.201580581252,12439.011538405242
forecast_1355,2025-02-26 11:00:00,11350.621517864913,11737.40946165973,10085.895923702938
forecast_1356,2025-02-26 12:00:00,12359.561187678342,11721.965092163937,10133.616429321723
forecast_1357,2025-02-26 13:00:00,12431.00188450491,12237.400837351894,10995.40692680639
forecast_1358,2025-02-26 14:00:00,12759.813316007898,12417.487095645361,10918.56495101588
forecast_1359,2025-02-26 15:00:00,13521.6998762846,12228.201620021664,10657.712196278988
forecast_1360,2025-02-26 16:00:00,13439.736254628468,12510.000901064699,11427.956277697313
forecast_1361,2025-02-26 17:00:00,13703.904492139938,13063.724318511226,11496.954074003406
forecast_1362,2025-02-26 18:00:00,14869.192042842142,14986.740019121082,13574.281476405708
forecast_1363,2025-02-26 19:00:00,15837.250427431025,16497.776692468422,15845.893920839535
forecast_1364,2025-02-26 20:00:00,16462.887377461513,18355.27864345916,16520.72025040997
forecast_1365,2025-02-26 21:00:00,17171.78735586459,19409.856919479746,17131.256185594717
forecast_1366,2025-02-26 22:00:00,16843.827472559486,18519.835738070342,17408.236679842288
forecast_1367,2025-02-26 23:00:00,16566.6791706699,19529.52886459427,15915.147698386909
forecast_1368,2025-02-27 00:00:00,18029.256642622324,20378.56979392014,17809.414471416694
forecast_1369,2025-02-27 01:00:00,17453.725536155955,20043.576944066233,16950.760430787977
forecast_1370,2025-02-27 02:00:00,18502.685018523778,19719.334518530606,16706.32496807136
forecast_1371,2025-02-27 03:00:00,18616.18529504413,19356.259309309004,17159.45984160537
forecast_1372,2025-02-27 04:00:00,18837.059799656865,19034.96092471626,16988.188865943765
forecast_1373,2025-02-27 05:00:00,18328.376194943572,19017.35851553098,17020.907138109207
forecast_1374,2025-02-27 06:00:00,18511.605226507985,19172.030809129556,17185.22977178678
forecast_1375,2025-02-27 07:00:00,18253.537829525492,19785.369200472618,16700.59256048949
forecast_1376,2025-02-27 08:00:00,17423.281166297733,19327.45059109915,15837.851913569053
forecast_1377,2025-02-27 09:00:00,16308.902721921704,17814.7491532184,13384.103361606252
forecast_1378,2025-02-27 10:00:00,14372.005170263626,17368.092662311843,14659.574949547674
forecast_1379,2025-02-27 11:00:00,13180.931015810063,15355.8708948434,12514.064198585693
forecast_1380,2025-02-27 12:00:00,12743.6468270987,14808.458765963227,10787.508662976923
forecast_1381,2025-02-27 13:00:00,13517.36810072277,14606.825915579522,10434.628364381788
forecast_1382,2025-02-27 14:00:00,8114.3091547130925,8502.269772636575,8227.163311029128
forecast_1383,2025-02-27 15:00:00,5568.632133616132,6266.43135563867,6535.618025084614
forecast_1384,2025-02-27 16:00:00,6799.635934609224,5815.7616645344015,6475.688193971209
forecast_1385,2025-02-27 17:00:00,5652.6048176164795,6389.34992645611,3647.5352905505943
forecast_1386,2025-02-27 18:00:00,4853.910669347333,6106.064084441652,4113.177032105441
forecast_1387,2025-02-27 19:00:00,8991.693431304915,11123.18032939572,7274.508348669765
forecast_1388,2025-02-27 20:00:00,9509.961719220992,11383.916015669867,8026.068975801924
forecast_1389,2025-02-27 21:00:00,9364.931307824423,12767.429161356366,9920.150278389687
forecast_1390,2025-02-27 22:00:00,11803.273691981065,13842.538189833194,11033.944069588604
forecast_1391,2025-02-27 23:00:00,11653.277438446647,15728.79147562639,13006.154685843778
forecast_1392,2025-02-28 00:00:00,10449.844332995739,13924.474843798496,11040.369807161156
forecast_1393,2025-02-28 01:00:00,10391.824582626532,12830.480199527568,8539.535653053252
forecast_1394,2025-02-28 02:00:00,11225.215992990361,13739.210640828906,9133.429773610738
forecast_1395,2025-02-28 03:00:00,12466.144133053245,13511.478514602892,10094.12296533937
forecast_1396,2025-02-28 04:00:00,12695.947139962278,15463.760692976826,12123.337624166837
forecast_1397,2025-02-28 05:00:00,13471.147918695464,15385.274437527527,14104.681385292773
forecast_1398,2025-02-28 06:00:00,15461.164052633987,17733.167825344597,13171.32805041805
forecast_1399,2025-02-28 07:00:00,17149.386936816743,18131.259903212405,13960.58938070199
forecast_1400,2025-02-28 08:00:00,15257.952212908844,18035.590024119203,12075.139549871792
forecast_1401,2025-02-28 09:00:00,17036.19452636996,18155.89463136336,14487.286721332974
forecast_1402,2025-02-28 10:00:00,14592.601520889848,17509.37560395885,13775.231962672355
forecast_1403,2025-02-28 11:00:00,13655.266260517374,16185.603195434045,13377.953575449626
forecast_1404,2025-02-28 12:00:00,11352.908306598409,13159.525429316389,9206.326222663645
forecast_1405,2025-02-28 13:00:00,9584.939974855048,11389.366971125255,9525.660265816457
forecast_1406,2025-02-28 14:00:00,9851.33426053913,9918.091723153302,10176.822651988869
forecast_1407,2025-02-28 15:00:00,9546.166962119882,9422.716394736817,9266.78038332351
forecast_1408,2025-02-28 16:00:00,10087.152068936504,11457.931901669373,10856.047389963738
forecast_1409,2025-02-28 17:00:00,13744.61800094515,15520.838685217175,13198.779495134904
forecast_1410,2025-02-28 18:00:00,13290.894344300139,15572.686945862983,14179.93128405742
forecast_1411,2025-02-28 19:00:00,15487.745411329199,14620.328261078983,12888.795824275423
forecast_1412,2025-02-28 20:00:00,14889.331306067328,14246.141747404166,9999.201668773992
forecast_1413,2025-02-28 21:00:00,12742.31565527063,10107.281030889568,9479.83131961273
forecast_1414,2025-02-28 22:00:00,12569.787152607661,9605.589909695462,9232.021333401557
forecast_1415,2025-02-28 23:00:00,12658.526278131172,9472.900216718244,9393.127587961975
forecast_1416,2025-03-01 00:00:00,9735.70188275456,7666.968901828943,7140.6407266968845
forecast_1417,2025-03-01 01:00:00,12274.811281078812,8599.990608581415,8599.881368813392
forecast_1418,2025-03-01 02:00:00,8171.808232260426,5791.544515433911,4671.187931967811
forecast_1419,2025-03-01 03:00:00,6009.243530131751,4447.431097587171,2316.4956350658263
forecast_1420,2025-03-01 04:00:00,5485.166255149079,3993.155595846927,2140.152848044556
forecast_1421,2025-03-01 05:00:00,2766.8004654517113,1929.1439387863952,1565.377520332293
forecast_1422,2025-03-01 06:00:00,1785.4677415986919,1727.2997590020404,1133.7188634029994
forecast_1423,2025-03-01 07:00:00,2857.3262811382133,1801.7305248441478,1200.7453750163359
forecast_1424,2025-03-01 08:00:00,1037.2758470019808,1023.2906057850146,625.5386219034624
forecast_1425,2025-03-01 09:00:00,837.012540910511,535.6709406565066,267.00883097772686
forecast_1426,2025-03-01 10:00:00,583.7335061828543,463.557032747447,183.03656679463424
forecast_1427,2025-03-01 11:00:00,331.03446264298645,663.2341697141231,715.6963854912208
forecast_1428,2025-03-01 12:00:00,504.81827668428946,612.2239236713837,938.6493050287983
forecast_1429,2025-03-01 13:00:00,1363.26077893745,1021.3408096759788,828.4514444771938
forecast_1430,2025-03-01 14:00:00,1528.6031604684795,1364.336200157484,1039.5305077254152
forecast_1431,2025-03-01 15:00:00,2243.433479790619,2014.5464925208307,1563.3286477170966
forecast_1432,2025-03-01 16:00:00,1088.0394153622883,2439.0102914257063,1925.0452582056566
forecast_1433,2025-03-01 17:00:00,2189.476077952612,2872.6051605298403,2606.5740131964094
forecast_1434,2025-03-01 18:00:00,1986.6365190438196,2555.4552425634392,2437.7929910139705
forecast_1435,2025-03-01 19:00:00,1344.6696236323037,1547.8544820923707,823.7360908510326
forecast_1436,2025-03-01 20:00:00,1458.7575428276962,1154.3463649863684,451.9467031677419
forecast_1437,2025-03-01 21:00:00,1712.4772058753833,1385.258134831917,579.6957622185479
forecast_1438,2025-03-01 22:00:00,1513.9875275827706,1550.5724143263908,1162.0010791256414
forecast_1439,2025-03-01 23:00:00,861.4533830913283,1583.649211357294,613.9590730662609
forecast_1440,2025-03-02 00:00:00,1782.6329524725656,1556.9979827570107,816.465233917559
forecast_1441,2025-03-02 01:00:00,3080.0838048532114,4272.921158304786,2591.5687319319245
forecast_1442,2025-03-02 02:00:00,3901.6898195835142,4637.691735795755,2255.4420496212338
forecast_1443,2025-03-02 03:00:00,3213.9059483046676,3124.1177756773914,2356.117536244976
forecast_1444,2025-03-02 04:00:00,3885.4979075716815,4342.825461993189,2529.2181347710675
forecast_1445,2025-03-02 05:00:00,3839.1625571317595,4097.151813224268,2532.0209966188418
forecast_1446,2025-03-02 06:00:00,1345.9448312831398,1740.9043869459508,865.5708804084111
forecast_1447,2025-03-02 07:00:00,809.1640082840521,1497.2799020704183,667.1753414504583
forecast_1448,2025-03-02 08:00:00,1886.4622644698716,1882.4721838090068,802.8838359311698
forecast_1449,2025-03-02 09:00:00,2680.455005857571,2514.3750752594606,1302.5000251522254
forecast_1450,2025-03-02 10:00:00,2766.9747439179228,2803.3641579144364,2184.0505265110564
forecast_1451,2025-03-02 11:00:00,3258.6315496760967,3254.8315302022224,2666.6353702482293
forecast_1452,2025-03-02 12:00:00,2957.2847478266485,3611.8407989378397,3337.44549360609
forecast_1453,2025-03-02 13:00:00,3520.818584424134,5419.33919986453,3852.8632941103997
forecast_1454,2025-03-02 14:00:00,2193.8971165036514,4443.042723986344,3904.825571121943
forecast_1455,2025-03-02 15:00:00,3369.8866247941296,4823.152083976435,4521.4243587582605
forecast_1456,2025-03-02 16:00:00,3465.790132289347,4628.678899966096,5212.394087860815
forecast_1457,2025-03-02 17:00:00,4501.662342243686,4643.175391249688,3330.0694487805386
forecast_1458,2025-03-02 18:00:00,2526.890980842812,4180.542306892026,4984.106311644781
forecast_1459,2025-03-02 19:00:00,3643.100111970837,5115.519339207593,5730.574361010435
forecast_1460,2025-03-02 20:00:00,3688.8057528267495,4588.96899355304,5632.108988294209
forecast_1461,2025-03-02 21:00:00,3946.6662045965054,5384.9628876479355,5372.213435334302
forecast_1462,2025-03-02 22:00:00,5770.3125848250675,6716.061925661787,6342.351997578944
forecast_1463,2025-03-02 23:00:00,4417.3707167138555,6775.14021752253,5735.846356855141
forecast_1464,2025-03-03 00:00:00,4625.590892768444,5749.51798270342,6574.196961782333
forecast_1465,2025-03-03 01:00:00,6492.693638338699,8003.705055234375,8154.82825299972
forecast_1466,2025-03-03 02:00:00,6330.807510324922,6498.5097329604405,7884.213859601954
forecast_1467,2025-03-03 03:00:00,5291.480321519555,7174.015723979003,8065.57078493474
forecast_1468,2025-03-03 04:00:00,5360.8390100168335,7014.929357381916,8072.475962240537
forecast_1469,2025-03-03 05:00:00,5807.389703582067,7093.716756204299,7641.661751729375
forecast_1470,2025-03-03 06:00:00,7157.0913559572755,9247.41396599478,8200.895561184545
forecast_1471,2025-03-03 07:00:00,7010.629731946988,8894.46571448716,7922.102234657959
forecast_1472,2025-03-03 08:00:00,7470.2489290226495,8583.919589084588,7909.523770396705
forecast_1473,2025-03-03 09:00:00,6998.773574850091,7156.4891811087755,8106.348691207386
forecast_1474,2025-03-03 10:00:00,6818.500360170226,6927.783094550249,6983.269467634316
forecast_1475,2025-03-03 11:00:00,6348.135340895396,6313.222419713786,7094.197297206568
forecast_1476,2025-03-03 12:00:00,5838.134532664394,5513.853182630436,6759.95279978349
forecast_1477,2025-03-03 13:00:00,5287.173480857202,5150.328489104208,6597.14906510548
forecast_1478,2025-03-03 14:00:00,6003.256753317274,5601.1699905905125,6622.147022798692
forecast_1479,2025-03-03 15:00:00,6142.686622863801,5522.919138851902,6659.558570622958
forecast_1480,2025-03-03 16:00:00,5256.674333801116,4513.222543995797,6465.117436073519
forecast_1481,2025-03-03 17:00:00,4734.063351514533,4525.7850591475835,5641.372785766028
forecast_1482,2025-03-03 18:00:00,4666.4242109468205,4489.1125233923285,5062.711225313831
forecast_1483,2025-03-03 19:00:00,4242.421361613622,5010.496761037432,2681.828842202368
forecast_1484,2025-03-03 20:00:00,3545.395136560558,4222.254293007762,2765.417524760551
forecast_1485,2025-03-03 21:00:00,4921.129413833909,4996.098160989707,3135.3111282459736
forecast_1486,2025-03-03 22:00:00,4870.677687108785,5372.906427762594,3262.6217763756135
forecast_1487,2025-03-03 23:00:00,5541.777205952179,5688.005468644078,3281.2672732268934
forecast_1488,2025-03-04 00:00:00,5629.840967163185,5495.300211660011,3804.4883701776653
forecast_1489,2025-03-04 01:00:00,5701.506654868302,5327.164595353503,3704.357341257165
forecast_1490,2025-03-04 02:00:00,5745.464447074369,5130.333190675366,3939.8679205567587
forecast_1491,2025-03-04 03:00:00,5349.637866885588,5924.348266690902,3901.792982633561
forecast_1492,2025-03-04 04:00:00,5805.874058541557,6300.390704608414,5364.012319821563
forecast_1493,2025-03-04 05:00:00,5848.0502890381285,5762.928289666519,5867.815416158377
forecast_1494,2025-03-04 06:00:00,6703.004460960087,6858.514334303813,7462.974795795002
forecast_1495,2025-03-04 07:00:00,6873.050087128695,6698.728402927,7639.302172699661
forecast_1496,2025-03-04 08:00:00,6261.820474967725,6353.5557160309345,7674.442320063479
forecast_1497,2025-03-04 09:00:00,6187.99150293591,8421.83224548511,7642.677071684791
forecast_1498,2025-03-04 10:00:00,6293.71717393373,8130.197995485007,7743.8833825683
forecast_1499,2025-03-04 11:00:00,6144.477716991499,8832.17204348056,8207.285034387225
forecast_1500,2025-03-04 12:00:00,6313.334698989557,8120.367300383951,8345.76346747669
forecast_1501,2025-03-04 13:00:00,7232.757518866481,8118.32205486127,7818.005051221717
forecast_1502,2025-03-04 14:00:00,7482.2183082058755,8058.479582691192,8084.550720965946
forecast_1503,2025-03-04 15:00:00,6980.167277028935,9487.484448636169,7932.497220271768
forecast_1504,2025-03-04 16:00:00,7254.047141514362,9167.222133629282,7772.045469032237
forecast_1505,2025-03-04 17:00:00,7226.072625691662,9179.310345846745,7806.209814528913
forecast_1506,2025-03-04 18:00:00,7032.34679340879,7209.601418142688,7082.48496263708
forecast_1507,2025-03-04 19:00:00,6443.931542155068,6901.757481205424,7775.797531592386
forecast_1508,2025-03-04 20:00:00,5763.167325606207,5438.5307499249675,6723.582106986142
forecast_1509,2025-03-04 21:00:00,6633.438131354457,6558.217424921304,6233.90914518698
forecast_1510,2025-03-04 22:00:00,3538.2774419026523,5138.221546119641,4585.812704428196
forecast_1511,2025-03-04 23:00:00,3573.6005947580284,4990.999915187387,4822.937267918328
forecast_1512,2025-03-05 00:00:00,1970.5972986298962,2954.599768673739,4378.7201655181425
forecast_1513,2025-03-05 01:00:00,858.8968236276041,812.5180959166211,2925.197161986825
forecast_1514,2025-03-05 02:00:00,698.9553054775573,363.0956407955017,2568.164327373491
forecast_1515,2025-03-05 03:00:00,563.1303816743789,766.6155164378574,2900.6739478609984
forecast_1516,2025-03-05 04:00:00,536.5852379265098,197.73806296950139,2162.088320121078
forecast_1517,2025-03-05 05:00:00,455.6656129342857,299.4871791062516,1497.6781895896077
forecast_1518,2025-03-05 06:00:00,435.60386518531277,987.1743292286609,1874.3662302814816
forecast_1519,2025-03-05 07:00:00,359.7647627862939,398.6561181564329,1832.2040670974352
forecast_1520,2025-03-05 08:00:00,175.91164352490875,288.3197702828413,1438.1185113114698
forecast_1521,2025-03-05 09:00:00,201.7700261663295,452.8099063850414,1054.554948159534
forecast_1522,2025-03-05 10:00:00,214.79134471180174,0.0,790.3171649870385
forecast_1523,2025-03-05 11:00:00,81.9358678645931,0.0,480.657290327825
forecast_1524,2025-03-05 12:00:00,0.0,0.0,463.12916639886413
forecast_1525,2025-03-05 13:00:00,0.0,0.0,135.68327614578845
forecast_1526,2025-03-05 14:00:00,0.0,0.0,33.22197853488088
forecast_1527,2025-03-05 15:00:00,0.0,0.0,0.0
forecast_1528,2025-03-05 16:00:00,0.0,0.0,18.27157328929187
forecast_1529,2025-03-05 17:00:00,0.0,0.0,82.01494139515557
forecast_1530,2025-03-05 18:00:00,148.5319626177739,0.0,227.56423179202775
forecast_1531,2025-03-05 19:00:00,188.3309843006648,114.69422760299348,239.03914212520237
forecast_1532,2025-03-05 20:00:00,236.86909644824541,508.00078930533687,203.61565340065704
forecast_1533,2025-03-05 21:00:00,586.0939902819358,498.1629092132299,587.8677391685143
forecast_1534,2025-03-05 22:00:00,596.2025906703643,724.8103081325847,401.9145375644225
forecast_1535,2025-03-05 23:00:00,535.8075950033486,635.1114026096469,383.39358510778914
forecast_1536,2025-03-06 00:00:00,412.8504156231556,547.6874957434555,175.8678663678424
forecast_1537,2025-03-06 01:00:00,396.1747563008116,685.2788977252767,301.42554671525215
forecast_1538,2025-03-06 02:00:00,249.96127641992013,393.3655113836275,241.24520156442864
forecast_1539,2025-03-06 03:00:00,240.7429438110826,417.2717248089309,243.51748093974047
forecast_1540,2025-03-06 04:00:00,507.7696092312036,167.1243207606973,207.81299831770946
forecast_1541,2025-03-06 05:00:00,566.8877408695446,301.66903354052323,165.6578282753052
forecast_1542,2025-03-06 06:00:00,336.87497128361105,441.09124615058505,148.36029052205262
forecast_1543,2025-03-06 07:00:00,153.83668044416422,77.25932952109606,65.20673275696652
forecast_1544,2025-03-06 08:00:00,163.68281255279584,95.93465295201024,46.84851330628049
forecast_1545,2025-03-06 09:00:00,0.0,0.0,21.887120937130586
forecast_1546,2025-03-06 10:00:00,0.0,75.64932676256197,23.558648919153395
forecast_1547,2025-03-06 11:00:00,0.0,3.002647609444571,21.83312083661102
forecast_1548,2025-03-06 12:00:00,0.0,53.8045834949854,57.5432653938389
forecast_1549,2025-03-06 13:00:00,0.0,95.93180308114925,70.88606606507568
forecast_1550,2025-03-06 14:00:00,0.0,69.83126282037703,48.93298849409712
forecast_1551,2025-03-06 15:00:00,4.630704475665239,41.91087736620712,94.9149053045239
forecast_1552,2025-03-06 16:00:00,0.0,0.0,0.0
forecast_1553,2025-03-06 17:00:00,6.810711696706162,22.32356734972804,43.71095648486771
forecast_1554,2025-03-06 18:00:00,28.53600336965253,0.0,37.949907046889884
forecast_1555,2025-03-06 19:00:00,0.0,0.0,42.00079019653272
forecast_1556,2025-03-06 20:00:00,380.23712095794104,204.7952952776017,45.064001466250566
forecast_1557,2025-03-06 21:00:00,0.8739596021637263,317.0564408686671,107.22450460284573
forecast_1558,2025-03-06 22:00:00,240.16166089161018,306.4327994850172,67.9372362974153
forecast_1559,2025-03-06 23:00:00,213.87142619460252,170.17145874152524,47.98872926523641
forecast_1560,2025-03-07 00:00:00,95.31278244545081,267.30373328758196,77.68099753753017
forecast_1561,2025-03-07 01:00:00,174.5714484180436,274.6824960080602,94.75701590576136
forecast_1562,2025-03-07 02:00:00,233.41315424098443,603.7616889462247,138.01007143857387
forecast_1563,2025-03-07 03:00:00,51.634292554471855,111.25361185707112,50.76162270785376
forecast_1564,2025-03-07 04:00:00,285.02284620912565,0.0,25.70238318893171
forecast_1565,2025-03-07 05:00:00,227.34610617280225,0.0,56.434919476649995
forecast_1566,2025-03-07 06:00:00,244.3178524026014,0.0,48.82034371487931
forecast_1567,2025-03-07 07:00:00,219.05818655619717,31.52057694695603,92.2564002501844
forecast_1568,2025-03-07 08:00:00,96.381847675505,31.759159460082646,67.02191884469207
forecast_1569,2025-03-07 09:00:00,86.3217737266771,0.0,17.95386764597546
forecast_1570,2025-03-07 10:00:00,0.0,0.0,24.139650595250032
forecast_1571,2025-03-07 11:00:00,0.0,0.0,23.348426766171883
forecast_1572,2025-03-07 12:00:00,6.2416420080506345,0.0,24.197245043193693
forecast_1573,2025-03-07 13:00:00,0.0,0.0,23.348538093883462
forecast_1574,2025-03-07 14:00:00,0.0,0.0,23.62183126695349
forecast_1575,2025-03-07 15:00:00,0.0,0.0,15.087366102644586
forecast_1576,2025-03-07 16:00:00,0.6368067045989491,0.0,12.18571185571163
forecast_1577,2025-03-07 17:00:00,0.308379511369907,0.0,41.10447277778766
forecast_1578,2025-03-07 18:00:00,62.9693492437999,91.95195646275644,34.755661848227525
forecast_1579,2025-03-07 19:00:00,195.10258404163523,395.6235334513006,32.50307332627864
forecast_1580,2025-03-07 20:00:00,308.7882559035812,287.7816913846061,104.41034893907292
forecast_1581,2025-03-07 21:00:00,354.64857981867357,217.3948515483515,120.11594757154337
forecast_1582,2025-03-07 22:00:00,373.0648412228723,40.84688453610175,72.04453422559115
forecast_1583,2025-03-07 23:00:00,362.88492007047586,730.0939494532435,61.19137857694956
forecast_1584,2025-03-08 00:00:00,939.0823291744616,780.6860770818746,590.2357512638258
forecast_1585,2025-03-08 01:00:00,1175.9386859571118,516.0146298547572,960.6649804080724
forecast_1586,2025-03-08 02:00:00,1024.444911329759,1549.9526236660276,945.7021366796628
forecast_1587,2025-03-08 03:00:00,2336.8438035379154,1830.075537263357,1384.0017368661872
forecast_1588,2025-03-08 04:00:00,2542.0450046011197,3753.0467185860534,2039.359811562025
forecast_1589,2025-03-08 05:00:00,2905.177037965889,3989.881072310608,1849.8785953606962
forecast_1590,2025-03-08 06:00:00,3168.4461486168348,3930.1755560283887,2992.9761447713877
forecast_1591,2025-03-08 07:00:00,2574.8638535165533,3462.0963986110833,2183.0275500937773
forecast_1592,2025-03-08 08:00:00,3231.7969856702057,3893.6577048713493,2167.4021351246074
forecast_1593,2025-03-08 09:00:00,3166.717753900252,2573.1715999895264,950.0466805387865
forecast_1594,2025-03-08 10:00:00,2193.829503488408,1921.7133909921165,1090.5488289629063
forecast_1595,2025-03-08 11:00:00,2470.3716636958143,1959.1861728645913,2303.6301958306194
forecast_1596,2025-03-08 12:00:00,2480.2114100883164,1949.9099921094155,2363.7697029569554
forecast_1597,2025-03-08 13:00:00,3496.289944236368,2127.363575178804,2388.839338760676
forecast_1598,2025-03-08 14:00:00,5623.251810461385,4045.1722501246877,2430.8015690211164
forecast_1599,2025-03-08 15:00:00,6800.274399235112,5972.693056417006,4110.057172800404
forecast_1600,2025-03-08 16:00:00,6871.372406660248,5872.520766128766,4828.495830450048
forecast_1601,2025-03-08 17:00:00,5503.65710050933,5884.617936175286,3741.6898757353047
forecast_1602,2025-03-08 18:00:00,6754.638536689404,6185.860142504166,5661.139456897763
forecast_1603,2025-03-08 19:00:00,6741.536167901504,5665.538388671991,5553.294305932089
forecast_1604,2025-03-08 20:00:00,6612.2361561253465,5134.25914866809,4831.823008784118
forecast_1605,2025-03-08 21:00:00,6112.166605987307,5793.304264964899,5165.966999653042
forecast_1606,2025-03-08 22:00:00,6867.492635598876,7700.636333205416,5557.431381893194
forecast_1607,2025-03-08 23:00:00,7149.122336451701,8775.116661721531,6081.060523046877
forecast_1608,2025-03-09 00:00:00,6335.807610969112,8911.398052857077,4757.057752868097
forecast_1609,2025-03-09 01:00:00,5934.337565917661,5347.789291495852,4094.991912660723
forecast_1610,2025-03-09 02:00:00,5900.3638380049615,4912.089367138106,3455.833071497845
forecast_1611,2025-03-09 03:00:00,6464.576963633955,4778.244103420531,3396.873226014499
forecast_1612,2025-03-09 04:00:00,5929.475928146886,4608.664199839481,2845.87240384012
forecast_1613,2025-03-09 05:00:00,3726.327171995857,2565.4303131454794,1821.78707955132
forecast_1614,2025-03-09 06:00:00,3836.5641602835285,2787.017117136492,1834.1003058414894
forecast_1615,2025-03-09 07:00:00,3482.058116677513,2089.6985546315946,2082.6210216986756
forecast_1616,2025-03-09 08:00:00,1754.7721248297667,391.8760869640708,523.35132414623
forecast_1617,2025-03-09 09:00:00,147.31728707488023,25.51674803809124,95.55964275975931
forecast_1618,2025-03-09 10:00:00,23.49796236104883,14.669595298545575,26.02779747486135
forecast_1619,2025-03-09 11:00:00,0.0,0.0,25.203341112467527
forecast_1620,2025-03-09 12:00:00,6.317760873139485,0.0,23.348577700849685
forecast_1621,2025-03-09 13:00:00,41.86703378715962,0.0,25.914409124156297
forecast_1622,2025-03-09 14:00:00,100.3091918702875,0.0,75.60040080861577
forecast_1623,2025-03-09 15:00:00,12.955217858029362,131.42839904469037,62.070381149725165
forecast_1624,2025-03-09 16:00:00,13.430241039970603,92.80411445228356,34.05276937886531
forecast_1625,2025-03-09 17:00:00,0.0,7.0286221201653065,21.201965107334424
forecast_1626,2025-03-09 18:00:00,172.60495092963862,0.0,25.697127158070952
forecast_1627,2025-03-09 19:00:00,241.01717777055032,57.70920673576628,69.9239666584834
forecast_1628,2025-03-09 20:00:00,277.07552896027096,118.81994863410345,34.616417829946066
forecast_1629,2025-03-09 21:00:00,330.55052276089305,134.43557421569497,30.475018788766445
forecast_1630,2025-03-09 22:00:00,592.3644992433814,1082.3219431248817,1020.2926586315278
forecast_1631,2025-03-09 23:00:00,2137.505490544195,2521.764029986765,1725.9546770821617
forecast_1632,2025-03-10 00:00:00,2600.764294807723,3434.9063048739226,1862.9179399130658
forecast_1633,2025-03-10 01:00:00,3138.7524137845303,4132.852902921173,2413.33666139545
forecast_1634,2025-03-10 02:00:00,4220.548695064458,5981.352766042649,3718.9287139566823
forecast_1635,2025-03-10 03:00:00,4318.083479734133,5041.8856041697645,3083.73609164543
forecast_1636,2025-03-10 04:00:00,4941.538015718988,5378.563863429374,3676.156319806595
forecast_1637,2025-03-10 05:00:00,3630.592047914386,4129.01986664604,2713.642211447851
forecast_1638,2025-03-10 06:00:00,3099.4558680617642,4576.43766094858,2164.935931024802
forecast_1639,2025-03-10 07:00:00,4619.26640029254,4944.27537966898,3604.99421173668
forecast_1640,2025-03-10 08:00:00,4759.242053407829,4822.819479595625,3174.360880985219
forecast_1641,2025-03-10 09:00:00,2923.0814588211506,3536.108814053567,2280.860094962387
forecast_1642,2025-03-10 10:00:00,1818.452646022687,1660.9031300259367,1543.395295729961
forecast_1643,2025-03-10 11:00:00,1640.05330083736,1769.6014266307366,1834.2152779710257
forecast_1644,2025-03-10 12:00:00,1530.6729219948795,1404.8586052464877,1349.2651956602472
forecast_1645,2025-03-10 13:00:00,1773.5335233822257,1878.9045995346385,1268.6328240030668
forecast_1646,2025-03-10 14:00:00,2231.6966737309867,2602.056046587026,1944.1341695961996
forecast_1647,2025-03-10 15:00:00,3204.910135202653,2951.3972238526644,1808.916002079631
forecast_1648,2025-03-10 16:00:00,4020.289826180935,3275.8507026321945,2216.4807439932333
forecast_1649,2025-03-10 17:00:00,4356.069011551913,3506.8484589894565,2869.35090124719
forecast_1650,2025-03-10 18:00:00,4692.993480129474,4091.402028080275,2977.7415652128743
forecast_1651,2025-03-10 19:00:00,5094.594094014389,5488.564900581568,3813.6635329022415
forecast_1652,2025-03-10 20:00:00,6312.787897790568,7445.316261910299,5423.263148377881
forecast_1653,2025-03-10 21:00:00,7023.760413431257,10071.388110763226,7054.1258600896
forecast_1654,2025-03-10 22:00:00,9386.451951111028,12514.800758342779,8598.138532668861
forecast_1655,2025-03-10 23:00:00,13186.730869154002,13612.540528486428,10480.894973124618
forecast_1656,2025-03-11 00:00:00,14710.73607911356,15608.812028666933,13637.709503144759
forecast_1657,2025-03-11 01:00:00,15469.755985078296,15607.086517712207,14273.449441401923
forecast_1658,2025-03-11 02:00:00,16033.281951872857,16994.594530776616,14076.998289022928
forecast_1659,2025-03-11 03:00:00,17098.23001369438,17740.587683627262,14167.006071063659
forecast_1660,2025-03-11 04:00:00,17266.593537151562,18395.415465613045,15055.296753317709
forecast_1661,2025-03-11 05:00:00,16522.780576480192,17738.8547746783,15244.156035056782
forecast_1662,2025-03-11 06:00:00,14590.797099093474,13707.106029305656,11926.800514684677
forecast_1663,2025-03-11 07:00:00,11583.87150543961,9351.1077188834,6195.48578340084
forecast_1664,2025-03-11 08:00:00,8328.843628929222,6588.434480897526,3609.4182976342154
forecast_1665,2025-03-11 09:00:00,4585.937051547593,3115.409366844522,2091.6942771323806
forecast_1666,2025-03-11 10:00:00,1592.9205394002038,2367.875262258708,1269.7782925309257
forecast_1667,2025-03-11 11:00:00,578.3389042022217,985.5881936355287,340.76065287558947
forecast_1668,2025-03-11 12:00:00,502.5263047933867,1280.6065487145115,466.16720110813634
forecast_1669,2025-03-11 13:00:00,434.5894729294529,854.6703953010054,385.17758639891235
forecast_1670,2025-03-11 14:00:00,548.6950850630697,883.8672710590243,581.8687715058829
forecast_1671,2025-03-11 15:00:00,1028.8732993128037,992.6746452890599,454.95034372925846
forecast_1672,2025-03-11 16:00:00,313.76991751285317,761.6401406266764,265.2740959054255
forecast_1673,2025-03-11 17:00:00,726.8987971335441,966.4504430393863,931.0120009555377
forecast_1674,2025-03-11 18:00:00,3768.318327865353,3294.3592394023985,3365.8047188936366
forecast_1675,2025-03-11 19:00:00,5135.037686317192,5054.692804164372,5141.680849938953
forecast_1676,2025-03-11 20:00:00,5158.529017606483,7865.640121189369,6010.7193127933715
forecast_1677,2025-03-11 21:00:00,8661.76787695792,9172.563143825748,7796.318507490765
forecast_1678,2025-03-11 22:00:00,7752.433127397957,8547.763573367862,4746.912101905242
forecast_1679,2025-03-11 23:00:00,11644.045765505176,13272.186807183582,11736.242054533457
forecast_1680,2025-03-12 00:00:00,14785.624621918341,17443.924851390384,12883.521758057783
forecast_1681,2025-03-12 01:00:00,13353.144221674642,13850.26148780973,9188.277593724402
forecast_1682,2025-03-12 02:00:00,14697.478814548744,14929.276810585869,9720.410832856744
forecast_1683,2025-03-12 03:00:00,11169.163465540092,12472.698508521828,8724.28423885434
forecast_1684,2025-03-12 04:00:00,14399.228228158097,15580.27600484841,10919.052994168209
forecast_1685,2025-03-12 05:00:00,14634.180343820792,17284.502533459912,12956.46589080411
forecast_1686,2025-03-12 06:00:00,15581.314542331069,18494.538557834065,13476.274529054186
forecast_1687,2025-03-12 07:00:00,16943.531049993806,18231.38584932704,13962.069157381318
forecast_1688,2025-03-12 08:00:00,18347.09384725357,18710.947210465794,14851.681787141837
forecast_1689,2025-03-12 09:00:00,18605.67584443024,19592.266176895995,16976.662949281657
forecast_1690,2025-03-12 10:00:00,16238.901453872415,17381.502027790997,14100.365446976728
forecast_1691,2025-03-12 11:00:00,16065.748475705279,17061.027011120867,13911.271921858493
forecast_1692,2025-03-12 12:00:00,15808.422783651957,16931.79341379321,14423.622138625627
forecast_1693,2025-03-12 13:00:00,15189.065782929614,16294.576291466235,14540.292189209442
forecast_1694,2025-03-12 14:00:00,16489.890235465726,17392.60517296026,14775.68566480837
forecast_1695,2025-03-12 15:00:00,17535.521773994187,17679.830993263626,16262.833411454903
forecast_1696,2025-03-12 16:00:00,18161.196880705626,18925.002446409067,17591.263328506906
forecast_1697,2025-03-12 17:00:00,18176.472814193305,18772.072634884506,17217.917921413577
forecast_1698,2025-03-12 18:00:00,16721.986183960005,18154.01874520624,15929.833147535554
forecast_1699,2025-03-12 19:00:00,16508.87447053242,16423.085251832636,12982.677214169784
forecast_1700,2025-03-12 20:00:00,13559.349511716715,13852.496278206932,11312.058050431202
forecast_1701,2025-03-12 21:00:00,11964.96523534796,13371.007315373507,13647.272107260873
forecast_1702,2025-03-12 22:00:00,11391.580518215253,12551.78850935087,11929.136231813485
forecast_1703,2025-03-12 23:00:00,10692.267980600514,11698.647686546825,10944.781463292231
forecast_1704,2025-03-13 00:00:00,12113.139364204879,14321.852349292816,10445.47260848445
forecast_1705,2025-03-13 01:00:00,13605.688468262335,14568.178115169485,8383.249517103699
forecast_1706,2025-03-13 02:00:00,11331.873434438658,14082.914361247715,9355.699592126071
forecast_1707,2025-03-13 03:00:00,13493.557395944277,14999.340857223378,9623.530222523506
forecast_1708,2025-03-13 04:00:00,13163.604570149379,14463.670586361277,9272.985242809307
forecast_1709,2025-03-13 05:00:00,12586.647917030212,14652.723962305698,8731.611629697016
forecast_1710,2025-03-13 06:00:00,10160.790400288844,12923.146817421879,8223.291406116088
forecast_1711,2025-03-13 07:00:00,10894.31717007956,13156.127936604124,6795.179855670969
forecast_1712,2025-03-13 08:00:00,10269.505230744107,10384.999494479403,4550.367054139598
forecast_1713,2025-03-13 09:00:00,8887.214590118383,9262.648528225722,4054.161100605361
forecast_1714,2025-03-13 10:00:00,7096.26670946297,7014.5154364012415,4035.0722197703562
forecast_1715,2025-03-13 11:00:00,3050.54273057325,2804.1396467232394,1664.3231994818238
forecast_1716,2025-03-13 12:00:00,2408.6725927578145,2613.2643288061704,1769.1253193505172
forecast_1717,2025-03-13 13:00:00,2378.607702669619,1172.4877288350779,1273.8210228865578
forecast_1718,2025-03-13 14:00:00,1411.293750614976,1005.6066712736089,1178.6386801936146
forecast_1719,2025-03-13 15:00:00,748.8953647898803,377.57150178584374,657.6058874353765
forecast_1720,2025-03-13 16:00:00,455.3373161922488,221.3876712546548,431.7363051420329
forecast_1721,2025-03-13 17:00:00,93.45044049992738,293.8284158689035,109.49210052317878
forecast_1722,2025-03-13 18:00:00,469.9005917224942,570.3755766521653,265.9289979048247
forecast_1723,2025-03-13 19:00:00,1240.0150012336223,1677.83320122285,674.5637636109159
forecast_1724,2025-03-13 20:00:00,2846.4908987708363,2586.761758644984,825.8523673895338
forecast_1725,2025-03-13 21:00:00,3603.9762020533976,2839.095131952414,1362.1914729654873
forecast_1726,2025-03-13 22:00:00,4395.381431345322,3767.4021495059574,2344.9415523068087
forecast_1727,2025-03-13 23:00:00,4845.757363216558,3738.204825804955,2564.02964743131
forecast_1728,2025-03-14 00:00:00,3888.3429182823447,2979.6719039419622,1920.5057026048187
forecast_1729,2025-03-14 01:00:00,2797.712470805862,1523.0240982431349,1678.9375544016546
forecast_1730,2025-03-14 02:00:00,1437.2879216949898,1111.679792330918,764.9508474916603
forecast_1731,2025-03-14 03:00:00,1902.0198999398435,1300.389381203993,804.8616389047028
forecast_1732,2025-03-14 04:00:00,1512.0628241345696,1168.0960914088948,423.8375342033993
forecast_1733,2025-03-14 05:00:00,733.1328630996563,606.5701014396199,235.32480802741156
forecast_1734,2025-03-14 06:00:00,813.1525556912836,885.5068889410162,306.0896508159788
forecast_1735,2025-03-14 07:00:00,620.803012531067,1099.7958128882537,312.4011434402373
forecast_1736,2025-03-14 08:00:00,843.7930458624006,918.1179178617706,207.89440757782705
forecast_1737,2025-03-14 09:00:00,860.9583867685121,781.6305910314962,304.72557714132256
forecast_1738,2025-03-14 10:00:00,360.90637836935696,703.5768092839298,378.46671015543194
forecast_1739,2025-03-14 11:00:00,406.9362916961878,668.9247054957052,508.9307412772581
forecast_1740,2025-03-14 12:00:00,451.70855790283986,738.7435623111354,520.7029775642634
forecast_1741,2025-03-14 13:00:00,496.6667795903308,661.5650978623588,466.0869950000366
forecast_1742,2025-03-14 14:00:00,550.2320202212758,721.5423778874606,630.1907475481307
forecast_1743,2025-03-14 15:00:00,484.8262618723145,701.0830153347927,665.7032469301587
forecast_1744,2025-03-14 16:00:00,468.20519320385824,713.3943800681707,544.7554375129524
forecast_1745,2025-03-14 17:00:00,390.5390735753721,600.2856917078673,259.4037843929384
forecast_1746,2025-03-14 18:00:00,544.2347116565229,1153.2938767201222,457.3245102258897
forecast_1747,2025-03-14 19:00:00,1133.8500031842016,1074.4591441273144,266.08087162583547
forecast_1748,2025-03-14 20:00:00,1781.1574930274223,1555.1466453256085,465.67973995652056
forecast_1749,2025-03-14 21:00:00,1907.9117748622368,1776.6277904171798,283.5339876760133
forecast_1750,2025-03-14 22:00:00,2684.2309440888926,2255.1360335874024,943.8928126656341
forecast_1751,2025-03-14 23:00:00,2977.4082284468805,2517.3906730376943,1416.2654518201116
forecast_1752,2025-03-15 00:00:00,3110.212705401078,2634.4639664615297,1128.2877272026547
forecast_1753,2025-03-15 01:00:00,3435.314205728079,2301.3501648137812,1195.380893480636
forecast_1754,2025-03-15 02:00:00,3705.7822893036696,2655.6780066092774,1762.7076231256003
forecast_1755,2025-03-15 03:00:00,4080.5599023882696,2817.1336008796834,1653.2018709293777
forecast_1756,2025-03-15 04:00:00,4149.219769394477,2893.4708280317345,1684.0888289876964
forecast_1757,2025-03-15 05:00:00,3579.9523667799917,2104.470204935693,1715.526479826984
forecast_1758,2025-03-15 06:00:00,2989.7803513773856,2865.090252624877,1125.8550540335282
forecast_1759,2025-03-15 07:00:00,3269.166319503741,2857.187770622088,1398.6021716840012
forecast_1760,2025-03-15 08:00:00,2997.384200300564,3164.0145089393313,1089.1083420080288
forecast_1761,2025-03-15 09:00:00,2426.8177249817677,2376.876247290529,1436.6307039812698
forecast_1762,2025-03-15 10:00:00,1726.189224274802,1618.3346343598528,1409.6349460720767
forecast_1763,2025-03-15 11:00:00,1413.782044701031,1621.0644808413897,1356.826248977229
forecast_1764,2025-03-15 12:00:00,1045.1490476767983,660.1843235792059,1023.1371545388281
forecast_1765,2025-03-15 13:00:00,905.6000887002465,707.3335702043465,941.60851614994
forecast_1766,2025-03-15 14:00:00,636.9255263931107,423.389234876378,1241.2392336590187
forecast_1767,2025-03-15 15:00:00,754.4728812376969,259.9554475696405,602.5986949465256
forecast_1768,2025-03-15 16:00:00,839.3046496158963,333.395168971194,564.5131489420028
forecast_1769,2025-03-15 17:00:00,711.3325394448441,294.6902759389917,622.0651461121228
forecast_1770,2025-03-15 18:00:00,665.977799077455,136.04546318877033,642.9960535829356
forecast_1771,2025-03-15 19:00:00,410.12279669188285,382.4683106458236,963.3391591881407
forecast_1772,2025-03-15 20:00:00,453.4014050361142,438.2082732191415,928.5837388834173
forecast_1773,2025-03-15 21:00:00,375.21999298192344,409.0681348015321,1119.176108307573
forecast_1774,2025-03-15 22:00:00,889.800865035677,45.71543123612245,1173.9020126278974
forecast_1775,2025-03-15 23:00:00,498.6591131423764,0.0,798.6452604859685
forecast_1776,2025-03-16 00:00:00,611.5768578137853,439.9551864649655,754.9840758824574
forecast_1777,2025-03-16 01:00:00,0.0,96.1523462073444,491.4861138613241
forecast_1778,2025-03-16 02:00:00,0.0,28.81938913510584,330.08373768891977
forecast_1779,2025-03-16 03:00:00,41.92006569820954,0.0,96.64794015649795
forecast_1780,2025-03-16 04:00:00,54.34076566254618,0.0,79.35102528145151
forecast_1781,2025-03-16 05:00:00,117.40602106155765,0.0,0.0
forecast_1782,2025-03-16 06:00:00,133.7451056833281,0.0,122.35315154202105
forecast_1783,2025-03-16 07:00:00,125.46350622497265,27.863200374716886,122.85371806810858
forecast_1784,2025-03-16 08:00:00,63.023131727790286,0.0,135.08061992413673
forecast_1785,2025-03-16 09:00:00,0.0,48.645795743123074,210.0293285993778
forecast_1786,2025-03-16 10:00:00,0.0,184.03275605300146,138.39016836321346
forecast_1787,2025-03-16 11:00:00,20.52840965102539,19.94421143111992,124.2291817474703
forecast_1788,2025-03-16 12:00:00,175.07065344928378,23.2338493610948,187.87873173399547
forecast_1789,2025-03-16 13:00:00,320.33660729906234,263.7094784645198,200.82710562729207
forecast_1790,2025-03-16 14:00:00,1241.8889596287274,542.3135377937658,574.9487074181333
forecast_1791,2025-03-16 15:00:00,3166.1075676779424,2384.9836899247844,2223.534573301986
forecast_1792,2025-03-16 16:00:00,5439.90810223533,3342.9359441493802,2519.9395465251505
forecast_1793,2025-03-16 17:00:00,6088.351379909948,3889.472459834963,4353.390994404813
forecast_1794,2025-03-16 18:00:00,6726.641357445177,4637.579587825373,5126.08958939098
forecast_1795,2025-03-16 19:00:00,7405.601336948887,5843.651687622094,6031.431489794479
forecast_1796,2025-03-16 20:00:00,13121.165085700064,12120.815138504631,9977.2145484139
forecast_1797,2025-03-16 21:00:00,11363.811392994923,11903.36368548397,11234.453551591365
forecast_1798,2025-03-16 22:00:00,9444.535080936386,10944.768334854172,9984.795673132314
forecast_1799,2025-03-16 23:00:00,8087.5921465768815,8760.650153410135,6800.675724850257
forecast_1800,2025-03-17 00:00:00,6696.067204305308,6094.02240345201,4122.566929748907
forecast_1801,2025-03-17 01:00:00,12286.87247236441,13630.437979781174,8936.963770871673
forecast_1802,2025-03-17 02:00:00,10799.008564926991,14058.162524321018,7115.989229198891
forecast_1803,2025-03-17 03:00:00,5201.406093696959,9960.621523121046,5201.643353509637
forecast_1804,2025-03-17 04:00:00,3204.2221793267076,4278.347194211775,5068.563171541968
forecast_1805,2025-03-17 05:00:00,2191.027501981659,3793.931008156675,3774.0133862536986
forecast_1806,2025-03-17 06:00:00,2794.49696998714,3967.396187585406,2306.2431815125237
forecast_1807,2025-03-17 07:00:00,1135.5906922878544,1924.1887126875893,1668.259762013458
forecast_1808,2025-03-17 08:00:00,1303.9784461821437,983.9020716722735,324.00321379741564
forecast_1809,2025-03-17 09:00:00,1276.190107048446,581.6983412947617,263.5517263851021
forecast_1810,2025-03-17 10:00:00,1412.7144246051862,861.2701723296717,711.8042377949481
forecast_1811,2025-03-17 11:00:00,1465.8563856320068,1071.3050753079542,2065.1374762022388
forecast_1812,2025-03-17 12:00:00,3571.110189804516,3495.030046583542,2234.4852298865767
forecast_1813,2025-03-17 13:00:00,5785.680481475983,4909.268211123405,5033.462714111
forecast_1814,2025-03-17 14:00:00,6815.348617885393,5102.89722748371,6120.143031214802
forecast_1815,2025-03-17 15:00:00,9246.889278988147,8587.482341638686,7085.46517575829
forecast_1816,2025-03-17 16:00:00,9501.816799917504,9447.136524294705,5383.6258532761985
forecast_1817,2025-03-17 17:00:00,9306.451980858767,8291.396777431823,5156.426833111381
forecast_1818,2025-03-17 18:00:00,9483.92118255006,7842.289172195746,5352.699588163589
forecast_1819,2025-03-17 19:00:00,10159.680277633071,8326.07523299066,6922.880897381957
forecast_1820,2025-03-17 20:00:00,9258.525890297393,9513.619328039675,7229.515905067384
forecast_1821,2025-03-17 21:00:00,10141.704185166196,10007.703890065959,7531.6671997293
forecast_1822,2025-03-17 22:00:00,10342.803690070787,11406.584649227721,9214.831200288165
forecast_1823,2025-03-17 23:00:00,10317.471200691016,12331.422876144741,8133.446546546379
forecast_1824,2025-03-18 00:00:00,4934.780697194379,7141.655817108774,3376.6677070494893
forecast_1825,2025-03-18 01:00:00,3193.6466308206122,4272.689670955258,3457.9628354363404
forecast_1826,2025-03-18 02:00:00,2896.852143353738,3122.835328241723,1765.1634733622807
forecast_1827,2025-03-18 03:00:00,2000.005875445922,2594.3605372892885,1074.5404028831208
forecast_1828,2025-03-18 04:00:00,1643.8148926785527,1439.5660740778555,1541.185428343551
forecast_1829,2025-03-18 05:00:00,1664.9951904828345,1963.9023421876332,1627.4950443245643
forecast_1830,2025-03-18 06:00:00,978.5124271445552,1107.1574935935084,809.1937907478884
forecast_1831,2025-03-18 07:00:00,509.1163826617139,236.16619446118037,312.93319543037944
forecast_1832,2025-03-18 08:00:00,669.16957490781,778.711810384707,42.121681913773195
forecast_1833,2025-03-18 09:00:00,1103.376592106856,1256.5815599168993,605.5995636587496
forecast_1834,2025-03-18 10:00:00,1189.104824057856,1131.2525763887727,469.4776663807321
forecast_1835,2025-03-18 11:00:00,506.4462180964724,422.23819967901966,569.3014558630836
forecast_1836,2025-03-18 12:00:00,508.42581812559104,282.2221126553101,977.9144961436506
forecast_1837,2025-03-18 13:00:00,977.7999176346723,1248.6243052322022,1812.0298805522946
forecast_1838,2025-03-18 14:00:00,1424.5797687179445,1947.28969850629,1756.734359139046
forecast_1839,2025-03-18 15:00:00,2309.4941009613926,3645.936021228441,3042.9672981690665
forecast_1840,2025-03-18 16:00:00,7279.778791716511,6243.213841331325,5264.304455689426
forecast_1841,2025-03-18 17:00:00,6308.927182542288,8082.326398895737,7649.515715515732
forecast_1842,2025-03-18 18:00:00,5161.927822015309,6876.335985586969,6974.299599755819
forecast_1843,2025-03-18 19:00:00,5667.089277984762,9458.463844473625,5638.2172613487
forecast_1844,2025-03-18 20:00:00,4744.60921961621,4712.838361839352,4509.456097764107
forecast_1845,2025-03-18 21:00:00,4600.5925777238535,4256.793699100003,4459.693956664624
forecast_1846,2025-03-18 22:00:00,3654.9460342205452,4523.267233445072,2811.4686395794897
forecast_1847,2025-03-18 23:00:00,3299.1623164925595,2812.292814432304,1996.476649727633
forecast_1848,2025-03-19 00:00:00,2246.466486099961,2238.619236209228,2020.215276199385
forecast_1849,2025-03-19 01:00:00,2225.3223683758793,1135.1228860077904,378.90204361442244
forecast_1850,2025-03-19 02:00:00,1660.2484615961096,1212.3086755575673,397.79819937273885
forecast_1851,2025-03-19 03:00:00,1110.44068826604,535.1317008412026,468.6677489394953
forecast_1852,2025-03-19 04:00:00,1045.5406706299987,788.7990792468264,348.5582032287688
forecast_1853,2025-03-19 05:00:00,1058.3778500900294,1009.8472934302729,489.14981512477226
forecast_1854,2025-03-19 06:00:00,925.378559644528,920.3609618684847,656.839598600915
forecast_1855,2025-03-19 07:00:00,1629.677578218343,2059.116749968884,1826.6258165495965
forecast_1856,2025-03-19 08:00:00,2233.136273922943,4056.482260325802,2594.4238864352196
forecast_1857,2025-03-19 09:00:00,3752.158337251996,3486.102284556563,3402.150206300298
forecast_1858,2025-03-19 10:00:00,3621.6462146176304,3737.1232413590674,4256.637578943251
forecast_1859,2025-03-19 11:00:00,4235.467902315137,3549.2068027301466,4396.467553423911
forecast_1860,2025-03-19 12:00:00,5406.6005174159145,4873.762734134424,4874.902875153437
forecast_1861,2025-03-19 13:00:00,6333.867445673322,5561.1624851312445,5973.089316607574
forecast_1862,2025-03-19 14:00:00,6875.576310164345,6042.441138005327,6241.5092353315795
forecast_1863,2025-03-19 15:00:00,9107.107066339491,7813.997742978984,5647.006129128894
forecast_1864,2025-03-19 16:00:00,10819.796253349896,9436.101571879286,8242.522461569131
forecast_1865,2025-03-19 17:00:00,9189.787625091672,9536.529489003262,8329.976906326958
forecast_1866,2025-03-19 18:00:00,11198.671880190246,9662.313746068008,8832.69041502125
forecast_1867,2025-03-19 19:00:00,11632.29880256803,9565.456307809922,10913.513429071032
forecast_1868,2025-03-19 20:00:00,11953.208783307075,10681.33649833464,11699.706306319416
forecast_1869,2025-03-19 21:00:00,12116.657372565682,14106.878090353855,12932.011634646395
forecast_1870,2025-03-19 22:00:00,11177.643537643133,13130.506407667915,13169.62140989595
forecast_1871,2025-03-19 23:00:00,11360.470137359856,12441.011272633998,13193.773538578656
forecast_1872,2025-03-20 00:00:00,12972.03042185618,15292.601759108122,14277.98056117892
forecast_1873,2025-03-20 01:00:00,13733.16141248723,16618.775532247215,13323.899972198875
forecast_1874,2025-03-20 02:00:00,13926.179296850449,16257.29018433905,14041.434505850359
forecast_1875,2025-03-20 03:00:00,15233.966526396442,16984.0359745773,14191.146776365164
forecast_1876,2025-03-20 04:00:00,15373.699218412336,17801.809329234213,16462.28053476011
forecast_1877,2025-03-20 05:00:00,17583.35686361587,19385.660222749808,16723.85168780826
forecast_1878,2025-03-20 06:00:00,18198.31677290826,19102.207760230165,17218.381334322108
forecast_1879,2025-03-20 07:00:00,18106.506187180003,19721.87723317976,17188.58326982767
forecast_1880,2025-03-20 08:00:00,17687.321137416897,19362.128830147954,16991.967296846688
forecast_1881,2025-03-20 09:00:00,16926.660045417422,18401.169029590772,16350.725232624683
forecast_1882,2025-03-20 10:00:00,15462.892235528183,18183.43614140662,16299.918992182618
forecast_1883,2025-03-20 11:00:00,15699.739834574428,17405.253309175972,15989.698596165883
forecast_1884,2025-03-20 12:00:00,15393.133817447138,17018.568594707267,15386.005172766718
forecast_1885,2025-03-20 13:00:00,16647.460458330443,17613.569742409345,14957.878858454196
forecast_1886,2025-03-20 14:00:00,17410.831158794852,18331.150098267935,16922.688634461178
forecast_1887,2025-03-20 15:00:00,17135.56489989263,18137.045960337688,17379.366524659377
forecast_1888,2025-03-20 16:00:00,17460.24302740954,18060.07997963963,17486.17332423575
forecast_1889,2025-03-20 17:00:00,17119.17530950699,18421.15185866927,17719.658654504055
forecast_1890,2025-03-20 18:00:00,17473.143491456525,18118.768209389604,17537.790176673236
forecast_1891,2025-03-20 19:00:00,17962.02003466773,19162.357451390755,14666.050454213802
forecast_1892,2025-03-20 20:00:00,17820.17310142796,18701.786460011896,15569.539565127112
forecast_1893,2025-03-20 21:00:00,17851.910288269744,19042.10651978239,14777.060793313156
forecast_1894,2025-03-20 22:00:00,18858.825680123766,19401.049195071857,15696.529395238756
forecast_1895,2025-03-20 23:00:00,19114.647534891898,19699.14955148524,18378.563600602385
forecast_1896,2025-03-21 00:00:00,19035.180867261675,19902.63253218291,18586.831636040213
forecast_1897,2025-03-21 01:00:00,19228.532098056476,19903.36213437856,18331.925038090623
forecast_1898,2025-03-21 02:00:00,18895.624916555767,20126.086969520817,17955.959873333548
forecast_1899,2025-03-21 03:00:00,18581.963691179313,19791.040071385116,18203.270430148175
forecast_1900,2025-03-21 04:00:00,19089.226672309673,19748.05215604072,17980.313483760645
forecast_1901,2025-03-21 05:00:00,18940.573820146245,19703.00396346413,18126.063295860662
forecast_1902,2025-03-21 06:00:00,19093.155123569493,19465.007442313105,17793.400876323925
forecast_1903,2025-03-21 07:00:00,19163.628034756515,19506.487615670354,17663.18932996227
forecast_1904,2025-03-21 08:00:00,18998.843148891876,20073.31045742853,17887.368802203517
forecast_1905,2025-03-21 09:00:00,18537.167654562953,19502.409988534688,18141.147262448598
forecast_1906,2025-03-21 10:00:00,18158.800757618254,19027.1612148793,17146.190299683196
forecast_1907,2025-03-21 11:00:00,17623.302687266987,18526.34691134555,16563.470367424005
forecast_1908,2025-03-21 12:00:00,16914.158302485168,18583.728647849537,16526.172925850984
forecast_1909,2025-03-21 13:00:00,16818.511184635794,18902.915648593334,16393.646877968513
forecast_1910,2025-03-21 14:00:00,16846.119421407988,19188.67515598109,16574.764669293738
forecast_1911,2025-03-21 15:00:00,17187.53466688262,18416.387297582813,16433.197808709778
forecast_1912,2025-03-21 16:00:00,16853.642561057044,18000.652748857105,14418.90031211516
forecast_1913,2025-03-21 17:00:00,16149.125870879092,18235.61492949194,14984.778924931523
forecast_1914,2025-03-21 18:00:00,16914.54919107763,18780.175288826886,16828.981088236495
forecast_1915,2025-03-21 19:00:00,17260.474581159862,18455.555128168675,16400.049620643727
forecast_1916,2025-03-21 20:00:00,17231.571029636543,19037.547201027395,16762.807667538265
forecast_1917,2025-03-21 21:00:00,17407.24239827781,18582.753864232396,18394.36154745139
forecast_1918,2025-03-21 22:00:00,17552.24534130995,17744.45859368827,18689.32993157859
forecast_1919,2025-03-21 23:00:00,18614.325264997977,18880.902317060216,18471.6381111048
forecast_1920,2025-03-22 00:00:00,18355.61404669021,19543.868387115315,18639.972730246234
forecast_1921,2025-03-22 01:00:00,18987.38694845101,19929.04200662569,18163.219315163937
forecast_1922,2025-03-22 02:00:00,18755.40442839446,19926.972478076466,17122.117842093903
forecast_1923,2025-03-22 03:00:00,17561.33415877316,19680.58749637898,15723.425013355689
forecast_1924,2025-03-22 04:00:00,17958.472979225196,19635.9794113411,15396.610758502222
forecast_1925,2025-03-22 05:00:00,19174.267217504774,19593.442491474627,16573.28277217254
forecast_1926,2025-03-22 06:00:00,19299.28933339678,19562.224115827332,16350.814838163267
forecast_1927,2025-03-22 07:00:00,19311.305799700185,19815.35445629276,16940.717934621058
forecast_1928,2025-03-22 08:00:00,19188.008473362504,19689.294818207978,16938.501551185822
forecast_1929,2025-03-22 09:00:00,18564.38508088599,19538.783759682927,17457.37993707199
forecast_1930,2025-03-22 10:00:00,17986.45438789696,19237.100010619306,16687.083366700965
forecast_1931,2025-03-22 11:00:00,17427.892326000834,18564.87730317077,16076.175118675497
forecast_1932,2025-03-22 12:00:00,17231.4649704779,19064.321778973524,16604.861244286116
forecast_1933,2025-03-22 13:00:00,16830.499954608727,18583.524574720763,16844.632776066323
forecast_1934,2025-03-22 14:00:00,16808.929918247,18734.91103479437,16573.132115764995
forecast_1935,2025-03-22 15:00:00,16673.49478540676,18927.825156420582,16473.306073386568
forecast_1936,2025-03-22 16:00:00,16437.19766509254,18332.185689170896,17063.901103070333
forecast_1937,2025-03-22 17:00:00,16596.14151907331,18116.610114330084,17149.6787589497
forecast_1938,2025-03-22 18:00:00,16817.54388948915,17881.61974151104,14035.281776899259
forecast_1939,2025-03-22 19:00:00,16930.058812005987,18450.082492002188,13878.011551941983
forecast_1940,2025-03-22 20:00:00,17331.239349196738,18153.77500593568,17727.184753933452
forecast_1941,2025-03-22 21:00:00,17980.56903568816,18666.737563186474,18681.829381908454
forecast_1942,2025-03-22 22:00:00,17484.781930790818,19389.335298256872,18699.54226236722
forecast_1943,2025-03-22 23:00:00,17526.165757688304,18911.70596356535,17049.62638916432
forecast_1944,2025-03-23 00:00:00,17603.894089733887,19338.743226810355,17447.42718433302
forecast_1945,2025-03-23 01:00:00,16036.004351148862,17373.04816054986,14629.662316265641
forecast_1946,2025-03-23 02:00:00,16817.803280770306,18050.071786741904,14617.476651431132
forecast_1947,2025-03-23 03:00:00,19534.98996807799,18827.491184954728,15803.659303886934
forecast_1948,2025-03-23 04:00:00,19181.286089853045,18794.84495245143,15211.986486672422
forecast_1949,2025-03-23 05:00:00,18516.029387514795,17792.310998537498,14086.86129317018
forecast_1950,2025-03-23 06:00:00,17956.746392548015,17070.658954538834,12197.022861381141
forecast_1951,2025-03-23 07:00:00,12526.281143478373,12267.7547750552,7296.934128476222
forecast_1952,2025-03-23 08:00:00,4540.552508720302,5878.526263137989,2455.464899641248
forecast_1953,2025-03-23 09:00:00,2192.210535789654,2104.101361536213,662.8481688897423
forecast_1954,2025-03-23 10:00:00,1317.2041272835709,907.600526098419,621.6279285465076
forecast_1955,2025-03-23 11:00:00,356.3427499045551,191.9710383759833,158.03194762408194
forecast_1956,2025-03-23 12:00:00,286.86784967239066,288.81404206368273,149.25582257455557
forecast_1957,2025-03-23 13:00:00,359.2569956252992,408.2568857984932,181.44753958962139
forecast_1958,2025-03-23 14:00:00,1117.3758282134709,865.8969274224243,420.49238026036403
forecast_1959,2025-03-23 15:00:00,4290.968504586313,2891.8803485425037,1338.726181670741
forecast_1960,2025-03-23 16:00:00,3059.4804776499063,2963.292371381726,1218.350437273242
forecast_1961,2025-03-23 17:00:00,3626.901400197162,4271.665258618658,1918.4992103609438
forecast_1962,2025-03-23 18:00:00,1974.6977671425418,2960.0199432756267,936.2322807439576
forecast_1963,2025-03-23 19:00:00,2473.832679976356,3528.4740114495844,1886.8368501673783
forecast_1964,2025-03-23 20:00:00,3750.2402002114814,6828.814470306145,3762.7994000105473
forecast_1965,2025-03-23 21:00:00,6466.208456482017,9649.560846243523,6166.999651383225
forecast_1966,2025-03-23 22:00:00,9559.676376868058,12853.970316157609,10097.57593748129
forecast_1967,2025-03-23 23:00:00,10342.440677384227,11774.206351009838,10945.3753639897
forecast_1968,2025-03-24 00:00:00,12547.625923378992,15208.868742652367,12106.684800808986
forecast_1969,2025-03-24 01:00:00,12212.135305956306,16368.94228982293,11861.253847955646
forecast_1970,2025-03-24 02:00:00,10344.886878619023,12924.119607708457,9367.063587937211
forecast_1971,2025-03-24 03:00:00,10907.841267868167,14730.44046281973,10888.237495857518
forecast_1972,2025-03-24 04:00:00,9641.015680959337,13439.844666720455,11109.394358352944
forecast_1973,2025-03-24 05:00:00,11128.036211876133,13437.600400759029,9816.410333264626
forecast_1974,2025-03-24 06:00:00,11687.019919595636,13932.5678569018,10686.97211673307
forecast_1975,2025-03-24 07:00:00,11850.102105480859,13160.62139322045,11444.495189045867
forecast_1976,2025-03-24 08:00:00,12128.083952093788,13718.854170953517,11488.19075232797
forecast_1977,2025-03-24 09:00:00,11599.486556653768,13764.657744404578,11441.796595503174
forecast_1978,2025-03-24 10:00:00,14271.180275827675,15810.117910584102,14634.508815719812
forecast_1979,2025-03-24 11:00:00,14351.347821665537,15554.928868343699,15624.456931094424
forecast_1980,2025-03-24 12:00:00,15384.794810981113,16872.819125459453,15687.174251546503
forecast_1981,2025-03-24 13:00:00,15784.38806983225,16437.739204852405,16623.397201742926
forecast_1982,2025-03-24 14:00:00,15388.17478426412,16036.82823300366,15206.94087584242
forecast_1983,2025-03-24 15:00:00,14388.986646414434,15366.791380641169,13659.101821195736
forecast_1984,2025-03-24 16:00:00,14484.445127592178,14686.675246373685,14110.719526663692
forecast_1985,2025-03-24 17:00:00,13458.530848273213,13339.35632258231,12347.725855462044
forecast_1986,2025-03-24 18:00:00,12302.08011277138,12489.242885037042,11374.158480873926
forecast_1987,2025-03-24 19:00:00,14080.285210788312,13398.811896532563,12951.762079632343
forecast_1988,2025-03-24 20:00:00,13989.12563140838,14751.079890762981,13190.545492555351
forecast_1989,2025-03-24 21:00:00,11895.266196432724,13326.218362856673,13051.62826409745
forecast_1990,2025-03-24 22:00:00,16365.563182902051,18469.97994268155,15829.247400647015
forecast_1991,2025-03-24 23:00:00,18445.291688945148,19168.387159445556,17342.195238062835
forecast_1992,2025-03-25 00:00:00,17776.762790609537,19557.379371516567,17124.06483929876
forecast_1993,2025-03-25 01:00:00,17473.94424901195,18556.88390269131,17815.891463397908
forecast_1994,2025-03-25 02:00:00,18572.10855321738,19177.956303731706,17168.69971736288
forecast_1995,2025-03-25 03:00:00,18866.24884896238,18343.073014774272,14750.911802380188
forecast_1996,2025-03-25 04:00:00,17564.030600791746,16068.245186009724,10549.118990508243
forecast_1997,2025-03-25 05:00:00,9474.566429920273,10775.224270526154,6112.37008010714
forecast_1998,2025-03-25 06:00:00,6459.16880210873,8191.562302131132,4432.28845793607
forecast_1999,2025-03-25 07:00:00,5478.917883944165,9042.010560004659,4620.444586836827
forecast_2000,2025-03-25 08:00:00,4638.90478212399,8334.170706333478,5358.862786151494
forecast_2001,2025-03-25 09:00:00,4259.971751838608,6339.836529307137,4202.884268139812
forecast_2002,2025-03-25 10:00:00,9097.976527857893,10183.613275677153,7648.873694402777
forecast_2003,2025-03-25 11:00:00,7261.38445436388,10565.412015894111,8251.086596767096
forecast_2004,2025-03-25 12:00:00,7651.934722283189,9669.155516599496,7853.559410706433
forecast_2005,2025-03-25 13:00:00,10643.124620054417,13891.717704426597,13123.703215949565
forecast_2006,2025-03-25 14:00:00,14201.089256547266,16916.639819887103,16018.846958186345
forecast_2007,2025-03-25 15:00:00,15295.731629532218,17707.029073945785,16331.39539158653
forecast_2008,2025-03-25 16:00:00,15471.26465562135,16032.532644386503,16627.79648882974
forecast_2009,2025-03-25 17:00:00,15515.353647847105,16615.06285299665,17538.710482311326
forecast_2010,2025-03-25 18:00:00,16431.025941307966,18022.757285505075,17384.987647830272
forecast_2011,2025-03-25 19:00:00,16300.856423261692,17818.62951272697,13514.487598425081
forecast_2012,2025-03-25 20:00:00,15951.55286827948,17351.205056156814,14956.55001077722
forecast_2013,2025-03-25 21:00:00,16277.955866173219,18883.990008541332,13711.520357227624
forecast_2014,2025-03-25 22:00:00,16921.85052119742,19069.659089926165,13357.795373028564
forecast_2015,2025-03-25 23:00:00,17686.11442056006,19401.43785995852,16990.467085836666
forecast_2016,2025-03-26 00:00:00,16900.835493837483,19791.000468388454,16015.219148845947
forecast_2017,2025-03-26 01:00:00,17720.75321007194,18959.049289224287,16165.783235755089
forecast_2018,2025-03-26 02:00:00,18840.515754830678,20084.26116204889,17130.99178319254
forecast_2019,2025-03-26 03:00:00,18127.036642345094,19304.213310354233,16319.15451142005
forecast_2020,2025-03-26 04:00:00,16909.12193288668,16919.195960978985,15408.828164091683
forecast_2021,2025-03-26 05:00:00,17651.05454669578,16303.154308258572,10110.715728043804
forecast_2022,2025-03-26 06:00:00,12943.059195911546,11245.215100878238,6771.676113840208
forecast_2023,2025-03-26 07:00:00,3683.1846777987485,3148.8299073172893,2023.3238859760552
forecast_2024,2025-03-26 08:00:00,1791.69943220666,2024.3290882098233,1153.6873146857213
forecast_2025,2025-03-26 09:00:00,1502.6468804856859,1361.3949996560675,848.6485957303024
forecast_2026,2025-03-26 10:00:00,712.840976866146,649.5520780835974,255.34057065816603
forecast_2027,2025-03-26 11:00:00,453.5841194493007,559.3331098368263,151.70293082588034
forecast_2028,2025-03-26 12:00:00,419.39386526006507,406.4070089221942,197.1752950109229
forecast_2029,2025-03-26 13:00:00,887.3885005136736,104.28521057544559,485.06115135536754
forecast_2030,2025-03-26 14:00:00,1763.859547129532,1620.072026236045,678.7657860990777
forecast_2031,2025-03-26 15:00:00,1664.891905742762,2262.676093282743,1427.7908275267487
forecast_2032,2025-03-26 16:00:00,2259.367257237354,3029.753849119093,1925.4689813131254
forecast_2033,2025-03-26 17:00:00,1648.6158264760547,2548.6692022761536,1340.3099334410026
forecast_2034,2025-03-26 18:00:00,6115.438985573105,5789.301148240194,3429.510107779886
forecast_2035,2025-03-26 19:00:00,6414.960385759707,7753.049880747671,3169.63200499352
forecast_2036,2025-03-26 20:00:00,6321.028085366526,9873.372088787872,4919.76993607382
forecast_2037,2025-03-26 21:00:00,7407.521290486213,9936.526093826451,5586.69895201113
forecast_2038,2025-03-26 22:00:00,9640.622868558026,12916.097511170696,8459.020638529004
forecast_2039,2025-03-26 23:00:00,14732.551115328153,17279.2692092753,12972.609411010862
forecast_2040,2025-03-27 00:00:00,16158.379779250887,18917.854912906678,15685.86156356775
forecast_2041,2025-03-27 01:00:00,17283.136190745696,19441.30849290822,15461.908665799738
forecast_2042,2025-03-27 02:00:00,16819.391079540426,19556.39007650307,15818.514274687692
forecast_2043,2025-03-27 03:00:00,15409.19203473627,19168.370659015673,15187.006561447331
forecast_2044,2025-03-27 04:00:00,15986.678560335804,18720.369183029023,14397.901722970411
forecast_2045,2025-03-27 05:00:00,13308.725052198546,14782.89197992976,12410.277983090198
forecast_2046,2025-03-27 06:00:00,10922.686119741598,13376.875760675091,6051.422401336063
forecast_2047,2025-03-27 07:00:00,11119.177679333887,13493.132765317083,7065.690504949073
forecast_2048,2025-03-27 08:00:00,11284.996097312085,14935.214487569156,11005.453183021546
forecast_2049,2025-03-27 09:00:00,9856.86733932574,13744.60354020674,9609.52988707491
forecast_2050,2025-03-27 10:00:00,10002.314597463524,11726.576330692773,7824.243336681577
forecast_2051,2025-03-27 11:00:00,6805.731411831904,9701.27234695239,6612.905024364401
forecast_2052,2025-03-27 12:00:00,9365.358886541002,9869.322341189949,7458.204261901033
forecast_2053,2025-03-27 13:00:00,9807.237849034938,9291.534101300771,7234.060195878513
forecast_2054,2025-03-27 14:00:00,9641.617524535388,8586.028763813243,7100.166534912979
forecast_2055,2025-03-27 15:00:00,9054.468787957823,8450.808454182154,7284.595962708617
forecast_2056,2025-03-27 16:00:00,5453.466959632977,6479.238072875696,3790.342291446075
forecast_2057,2025-03-27 17:00:00,5289.255507861227,5603.32772465495,3003.3299092310976
forecast_2058,2025-03-27 18:00:00,6268.023210002039,6779.755011601714,5056.05470139015
forecast_2059,2025-03-27 19:00:00,6394.872710641673,7592.258177185449,6426.600122013027
forecast_2060,2025-03-27 20:00:00,7136.107318267637,6955.399312039597,6864.971398218332
forecast_2061,2025-03-27 21:00:00,9856.521586414896,9010.92076066244,9546.500773510941
forecast_2062,2025-03-27 22:00:00,9164.88686588594,10240.145740690708,9465.160904916524
forecast_2063,2025-03-27 23:00:00,10493.21308115527,10773.845074661775,9220.72042094118
forecast_2064,2025-03-28 00:00:00,10398.287678386254,10355.009333668399,5842.38294371067
forecast_2065,2025-03-28 01:00:00,2227.9732918511277,2898.7419882723634,1642.6940117288466
forecast_2066,2025-03-28 02:00:00,2966.552634254249,3069.7726863274347,1405.678118200088
forecast_2067,2025-03-28 03:00:00,1916.6482475573325,1531.504444085566,584.6744417262593
forecast_2068,2025-03-28 04:00:00,2633.753856962228,2693.125906442596,1670.6616135597383
forecast_2069,2025-03-28 05:00:00,2239.846034554352,1665.7628191278393,972.0457146303801
forecast_2070,2025-03-28 06:00:00,773.3170850731534,528.7919220905358,297.4030583736208
forecast_2071,2025-03-28 07:00:00,341.14194219685834,650.1634172727356,295.0803678620821
forecast_2072,2025-03-28 08:00:00,155.96159893774185,167.49040556720124,476.8218559830595
forecast_2073,2025-03-28 09:00:00,0.0,441.94085274366154,416.3171344069054
forecast_2074,2025-03-28 10:00:00,273.4216593397372,702.2878662937085,769.8236948453794
forecast_2075,2025-03-28 11:00:00,359.81214133667055,620.6707561226978,721.9290914576809
forecast_2076,2025-03-28 12:00:00,546.9196650316534,346.7311663193686,955.7424463516412
forecast_2077,2025-03-28 13:00:00,406.8767149535234,519.0920751063031,1031.2235364264225
forecast_2078,2025-03-28 14:00:00,244.12947357720645,9.799708543902902,964.0435185493486
forecast_2079,2025-03-28 15:00:00,357.14062697591123,262.6261123513075,1072.6590490070444
forecast_2080,2025-03-28 16:00:00,795.7487195434749,0.0,914.8059500719044
forecast_2081,2025-03-28 17:00:00,542.4513778313301,1060.3230221675901,827.4633124955068
forecast_2082,2025-03-28 18:00:00,1363.4305874679055,2029.518091078561,968.6687821681518
forecast_2083,2025-03-28 19:00:00,3559.996275783061,2477.5432726188737,2774.8181840286925
forecast_2084,2025-03-28 20:00:00,5233.03392775929,5191.331944775082,3166.262736223716
forecast_2085,2025-03-28 21:00:00,5554.350398590614,5127.689135018561,3489.888177793696
forecast_2086,2025-03-28 22:00:00,3578.882450814814,4133.4639602667585,2948.91506274411
forecast_2087,2025-03-28 23:00:00,2627.46457041925,3735.5611974093813,3130.9499894392143
forecast_2088,2025-03-29 00:00:00,4190.431397965814,5249.007955350919,1965.849460566299
forecast_2089,2025-03-29 01:00:00,525.3123052609892,199.47726721183287,204.0630889560072
forecast_2090,2025-03-29 02:00:00,527.4340485001827,214.3450492789838,196.8089635528151
forecast_2091,2025-03-29 03:00:00,766.9034025230014,538.9497810197834,198.6537386788351
forecast_2092,2025-03-29 04:00:00,853.5017947855098,616.4720565949983,141.46495697805636
forecast_2093,2025-03-29 05:00:00,3559.813830956249,2711.1405760998177,1709.6714554068822
forecast_2094,2025-03-29 06:00:00,4091.5299206275263,4520.139678166127,2189.080355879341
forecast_2095,2025-03-29 07:00:00,3741.4131060022864,4320.896113491873,2127.7352686712766
forecast_2096,2025-03-29 08:00:00,4368.707525336234,5866.112932315188,3544.1585946754067
forecast_2097,2025-03-29 09:00:00,4041.679364998927,3817.9431887957494,4327.277202492082
forecast_2098,2025-03-29 10:00:00,6145.473304992987,7960.661508260341,6313.781330485459
forecast_2099,2025-03-29 11:00:00,9237.273254129439,9831.972955157418,8021.445075845796
forecast_2100,2025-03-29 12:00:00,10365.723506144805,10053.920444817972,9267.7353673716
forecast_2101,2025-03-29 13:00:00,11226.22655207966,12604.068162612783,10991.97975801295
forecast_2102,2025-03-29 14:00:00,12098.99135816974,12259.06537245367,12476.135913561946
forecast_2103,2025-03-29 15:00:00,13499.778042335205,14868.125787773151,12185.11065837657
forecast_2104,2025-03-29 16:00:00,13775.250600975769,14772.48107996923,15030.297372861161
forecast_2105,2025-03-29 17:00:00,12908.569021011594,13219.891189193439,11582.754649018156
forecast_2106,2025-03-29 18:00:00,12177.015003666154,12586.936432045764,10359.712445314182
forecast_2107,2025-03-29 19:00:00,12606.07261280493,10924.811870135905,9918.296109993082
forecast_2108,2025-03-29 20:00:00,12632.76531311472,11140.531969181362,8997.705874984787
forecast_2109,2025-03-29 21:00:00,12693.66016415163,11570.642721556967,9597.337153362088
forecast_2110,2025-03-29 22:00:00,13165.342260471578,11143.45502433871,8596.41985833554
forecast_2111,2025-03-29 23:00:00,12545.111706815116,11407.552838353118,7677.299572901021
forecast_2112,2025-03-30 00:00:00,12610.110991544234,9580.27176969801,7755.412680718299
forecast_2113,2025-03-30 01:00:00,12526.102786749263,10231.898928802024,8479.376278646963
forecast_2114,2025-03-30 02:00:00,12249.845192909454,10070.404493408047,7983.8986835753
forecast_2115,2025-03-30 03:00:00,11131.026831532276,9469.596665462126,6952.381438657393
forecast_2116,2025-03-30 04:00:00,11477.342956709752,8915.032484296811,6686.537326644805
forecast_2117,2025-03-30 05:00:00,10149.923035173724,8558.284973093685,7253.292681595449
forecast_2118,2025-03-30 06:00:00,10480.864452353338,9007.785471838499,6714.113777091843
forecast_2119,2025-03-30 07:00:00,9813.212768863263,8431.042720963704,5910.962461047548
forecast_2120,2025-03-30 08:00:00,7833.034835675882,7319.5624209712305,4204.583870576499
forecast_2121,2025-03-30 09:00:00,8103.902434062296,6852.925332373489,4617.760398049863
forecast_2122,2025-03-30 10:00:00,9452.635154334539,7222.054201571857,5132.1641822598085
forecast_2123,2025-03-30 11:00:00,10196.88195244082,8367.094340527869,4797.502029906602
forecast_2124,2025-03-30 12:00:00,10341.2155570492,8388.679128251495,5399.173580883979
forecast_2125,2025-03-30 13:00:00,10731.554220469125,9052.00534841334,7061.336209537711
forecast_2126,2025-03-30 14:00:00,10975.595356226104,8725.267210398239,6375.519593532587
forecast_2127,2025-03-30 15:00:00,8825.453414980235,7684.823518585089,6263.69741013992
forecast_2128,2025-03-30 16:00:00,6405.543511192106,4982.984721043054,4971.691994595305
forecast_2129,2025-03-30 17:00:00,6223.1949385223315,4693.826482292207,5110.960053001767
forecast_2130,2025-03-30 18:00:00,6235.241651390503,5088.425773265985,4838.982119410268
forecast_2131,2025-03-30 19:00:00,5401.39136621032,5736.8602979822,4967.281877129097
forecast_2132,2025-03-30 20:00:00,6587.783806311738,5936.440323770439,4533.552070805761
forecast_2133,2025-03-30 21:00:00,6667.186877715313,8290.05912508767,4233.112104459951
forecast_2134,2025-03-30 22:00:00,6873.689929840585,7382.10608607588,5944.869832937518
forecast_2135,2025-03-30 23:00:00,7937.374043376487,9153.046251072235,7468.864723273683
forecast_2136,2025-03-31 00:00:00,7050.178691747004,8818.584709328827,7312.834623303488
forecast_2137,2025-03-31 01:00:00,13529.188987573132,12838.860191864454,13287.864861425473
forecast_2138,2025-03-31 02:00:00,13727.977639337996,14556.17280038561,13105.214660894882
forecast_2139,2025-03-31 03:00:00,13258.734428702206,14102.278511352184,12779.777637677324
forecast_2140,2025-03-31 04:00:00,11669.21143927672,14943.165333495019,11970.999890160425
forecast_2141,2025-03-31 05:00:00,12873.163762121454,15507.579961193767,10960.380135801584
forecast_2142,2025-03-31 06:00:00,11440.250223950516,13098.179729396868,10560.977349570607
forecast_2143,2025-03-31 07:00:00,7648.457594967434,8622.977330241718,5428.62981605935
forecast_2144,2025-03-31 08:00:00,6360.158998821229,6263.553101285461,4188.588750460571
forecast_2145,2025-03-31 09:00:00,4059.3024343136003,4312.502159398434,1962.030385215238
forecast_2146,2025-03-31 10:00:00,2281.994471119948,2621.514744560378,2190.806009264884
forecast_2147,2025-03-31 11:00:00,2111.331436171359,2301.5432107124147,2253.1893909907367
forecast_2148,2025-03-31 12:00:00,3201.403873577778,2785.296385772752,2875.204692493476
forecast_2149,2025-03-31 13:00:00,4116.616853177423,3140.4396352982485,3078.5440256698125
forecast_2150,2025-03-31 14:00:00,3368.8263875100224,3494.7623722892195,3250.9115152473005
forecast_2151,2025-03-31 15:00:00,3727.8203128019127,3481.6379153324506,2833.483446132247
forecast_2152,2025-03-31 16:00:00,3439.5951113449646,3829.9388098342342,2788.9322557786822
forecast_2153,2025-03-31 17:00:00,3518.7210241038524,3873.594783851848,2910.0177055653803
forecast_2154,2025-03-31 18:00:00,4383.349964427534,4545.677573767084,3599.061628925241
forecast_2155,2025-03-31 19:00:00,5331.317528600224,5091.580691329661,6338.210913511131
forecast_2156,2025-03-31 20:00:00,5773.492250178484,6773.062997109089,8056.694577736288
forecast_2157,2025-03-31 21:00:00,8563.21383429386,8826.997167799993,7745.245281215058
forecast_2158,2025-03-31 22:00:00,10738.068908889436,11850.363721164551,8559.269623987808
forecast_2159,2025-03-31 23:00:00,11416.063612652026,12052.069713735049,8439.793345507263
forecast_2160,2025-04-01 00:00:00,11038.8084761391,12278.548677478162,7025.105921882251
forecast_2161,2025-04-01 01:00:00,8257.52226337917,7047.720046056569,4725.870676074424
forecast_2162,2025-04-01 02:00:00,7688.054305126108,7345.905958611341,5033.200627519944
forecast_2163,2025-04-01 03:00:00,7917.263660461679,7297.150252187633,5150.801108337766
forecast_2164,2025-04-01 04:00:00,6140.962638001478,6047.340916645835,4050.7647374433704
forecast_2165,2025-04-01 05:00:00,6176.57977666033,4859.749613304999,3637.7281224874996
forecast_2166,2025-04-01 06:00:00,5976.229025512024,3293.578979300423,3207.765622205968
forecast_2167,2025-04-01 07:00:00,2926.4499796630935,1870.026415990392,1829.0646645549884
forecast_2168,2025-04-01 08:00:00,2163.796874504599,653.9754014065885,853.2432762559826
forecast_2169,2025-04-01 09:00:00,443.81738567998264,259.8142885166059,203.72174658498835
forecast_2170,2025-04-01 10:00:00,0.0,0.0,133.56872136774874
forecast_2171,2025-04-01 11:00:00,11.500673005765277,0.0,137.0626585312214
forecast_2172,2025-04-01 12:00:00,33.82366430955811,65.19545373136896,153.75578016654617
forecast_2173,2025-04-01 13:00:00,105.78293309876213,191.96132921619665,195.859267861408
forecast_2174,2025-04-01 14:00:00,366.95834820211866,380.44661914773593,292.90310397655196
forecast_2175,2025-04-01 15:00:00,290.49526733371897,550.116642019798,284.30010172298006
forecast_2176,2025-04-01 16:00:00,351.83266235044556,464.01459615966036,364.41184619026666
forecast_2177,2025-04-01 17:00:00,425.5880260190024,616.0101796447476,447.7504075749835
forecast_2178,2025-04-01 18:00:00,480.8479863478436,592.9709152272768,399.92780197735414
forecast_2179,2025-04-01 19:00:00,1024.0037155919724,703.0129228049506,363.3312165524151
forecast_2180,2025-04-01 20:00:00,1308.175904420837,1024.1187769975877,391.38588912000426
forecast_2181,2025-04-01 21:00:00,1347.4050718726648,774.5774075607272,515.6001899294465
forecast_2182,2025-04-01 22:00:00,1871.9300335737314,1072.1261550447514,423.21800084160844
forecast_2183,2025-04-01 23:00:00,1909.926363820457,891.7223313869407,473.2573519770911
forecast_2184,2025-04-02 00:00:00,2094.7398192660426,724.3301045739387,345.24583376864865
forecast_2185,2025-04-02 01:00:00,1234.7995782385105,638.0074812574304,158.34768957071927
forecast_2186,2025-04-02 02:00:00,948.331439898999,353.93163304555503,194.62176250387236
forecast_2187,2025-04-02 03:00:00,939.6069561922417,129.09886625543618,144.85333890194406
forecast_2188,2025-04-02 04:00:00,477.1007616767455,0.0,194.55012702467576
forecast_2189,2025-04-02 05:00:00,415.8566643969915,252.22584059173158,196.6742388303042
forecast_2190,2025-04-02 06:00:00,224.60436463918276,306.97041726874465,154.2871907207924
forecast_2191,2025-04-02 07:00:00,361.4687874724201,479.30538347749564,180.19795937374195
forecast_2192,2025-04-02 08:00:00,56.58783631982742,243.7014453843563,171.6894306989495
forecast_2193,2025-04-02 09:00:00,11.886906206611565,360.12420701094095,184.44079030840157
forecast_2194,2025-04-02 10:00:00,103.01876567419251,564.8448297174924,392.7774746063458
forecast_2195,2025-04-02 11:00:00,798.1876687102952,778.1093661630279,470.19624295337695
forecast_2196,2025-04-02 12:00:00,331.52533895148764,234.10205610410426,444.58954227214105
forecast_2197,2025-04-02 13:00:00,512.8408356981154,931.4372947863337,627.0188610652993
forecast_2198,2025-04-02 14:00:00,806.3209219515525,1235.6370264651432,705.6861429240352
forecast_2199,2025-04-02 15:00:00,988.0886618487601,1506.5657263269065,689.6900507524391
forecast_2200,2025-04-02 16:00:00,950.920440338905,1465.306847890349,617.6953038215717
forecast_2201,2025-04-02 17:00:00,530.9030833350618,1116.878697058721,543.6552759912946
forecast_2202,2025-04-02 18:00:00,924.7599179308747,1054.4790701510403,497.5443327351117
forecast_2203,2025-04-02 19:00:00,575.5697798839478,672.5449465571968,232.70084875587932
forecast_2204,2025-04-02 20:00:00,576.0890797721601,549.5734146873716,311.5441465649597
forecast_2205,2025-04-02 21:00:00,467.5387121148205,485.48303007870305,476.16732377184087
forecast_2206,2025-04-02 22:00:00,959.1603135105715,1304.8065547900756,737.6723799570058
forecast_2207,2025-04-02 23:00:00,834.0049106161379,1022.2277182774907,590.7975808924366
forecast_2208,2025-04-03 00:00:00,1400.3562581232493,1432.4979206065452,647.3365927458374
forecast_2209,2025-04-03 01:00:00,1562.1827506092052,1526.7830197754581,602.0445696137907
forecast_2210,2025-04-03 02:00:00,1696.6833746270202,1229.255091335483,668.8349512725779
forecast_2211,2025-04-03 03:00:00,1163.1175044298507,1327.3030978608815,725.2774397650588
forecast_2212,2025-04-03 04:00:00,1084.6512742907528,861.4542436355633,639.1602179815031
forecast_2213,2025-04-03 05:00:00,1174.440309818729,852.8183142411598,608.6635833702508
forecast_2214,2025-04-03 06:00:00,935.1950286272488,905.2912424688707,884.1908697136828
forecast_2215,2025-04-03 07:00:00,1178.3072513300706,1034.7905790570778,961.1389405686859
forecast_2216,2025-04-03 08:00:00,892.710172826943,749.1557077528032,762.1399031884938
forecast_2217,2025-04-03 09:00:00,406.25005389444266,552.9089989959378,590.6353600699204
forecast_2218,2025-04-03 10:00:00,346.5207106899571,482.9315024830175,227.20323107517598
forecast_2219,2025-04-03 11:00:00,117.7207596594763,308.15608919835,240.94189048116866
forecast_2220,2025-04-03 12:00:00,107.93647622943729,216.91460264408332,196.70581533271167
forecast_2221,2025-04-03 13:00:00,109.37345173421978,456.0528233652165,176.1509118418326
forecast_2222,2025-04-03 14:00:00,149.49580518704906,422.7818145108706,286.08579087041375
forecast_2223,2025-04-03 15:00:00,182.50679089220688,446.4678924676813,259.2136770501301
forecast_2224,2025-04-03 16:00:00,159.93173608631687,358.1962301378155,249.41115532030454
forecast_2225,2025-04-03 17:00:00,0.0,263.62421920547393,153.19846154567844
forecast_2226,2025-04-03 18:00:00,88.25246559810351,72.12004621580934,153.0706901793408
forecast_2227,2025-04-03 19:00:00,217.75782847186346,403.60276834055276,178.45936547944703
forecast_2228,2025-04-03 20:00:00,671.0701310023569,965.8716408385155,327.4343255195281
forecast_2229,2025-04-03 21:00:00,1148.3674153759393,1216.138620959335,359.5218546061669
forecast_2230,2025-04-03 22:00:00,2224.408313238167,1944.3923932161922,1301.0652172702084
forecast_2231,2025-04-03 23:00:00,2203.8419475896803,3146.27787141944,1468.6179417728436
forecast_2232,2025-04-04 00:00:00,4100.092069408798,3929.199667582207,3000.7722956108832
forecast_2233,2025-04-04 01:00:00,3836.0481815191174,4899.906056994812,3369.3363537414157
forecast_2234,2025-04-04 02:00:00,4665.852846276719,5948.982227311752,4211.134404891462
forecast_2235,2025-04-04 03:00:00,5414.296346246813,6099.091224681168,4414.364205678542
forecast_2236,2025-04-04 04:00:00,5516.657594302695,6849.5099788868565,4978.108112762415
forecast_2237,2025-04-04 05:00:00,6126.301181827002,7904.458437579128,5779.209268009237
forecast_2238,2025-04-04 06:00:00,7465.180451063446,8049.603301339386,5882.583438635289
forecast_2239,2025-04-04 07:00:00,6967.608902614679,6556.707136172825,4511.64148417499
forecast_2240,2025-04-04 08:00:00,5713.81870461997,4295.193416870793,3565.830624205
forecast_2241,2025-04-04 09:00:00,4441.373139537964,4149.612637837009,2646.0907145093215
forecast_2242,2025-04-04 10:00:00,1052.7142654071047,1226.1470277989904,1143.9792334851047
forecast_2243,2025-04-04 11:00:00,649.7426713904897,148.8912280855856,314.8098060355649
forecast_2244,2025-04-04 12:00:00,584.5129832212335,138.71445089581948,303.6519704028041
forecast_2245,2025-04-04 13:00:00,381.423282299075,268.8136171419605,212.48958689642456
forecast_2246,2025-04-04 14:00:00,418.7697763195271,227.04733785267632,181.56100921481692
forecast_2247,2025-04-04 15:00:00,724.7543543813495,4.164419024820039,267.08838100936
forecast_2248,2025-04-04 16:00:00,1084.2282600073822,973.0468144287379,609.3889992345356
forecast_2249,2025-04-04 17:00:00,1482.442455861761,1435.777184941864,619.4892578238869
forecast_2250,2025-04-04 18:00:00,1906.1790025159423,1370.2250280792125,1398.124894143936
forecast_2251,2025-04-04 19:00:00,1316.6742646877744,1201.8260930346653,936.628650607077
forecast_2252,2025-04-04 20:00:00,2082.5942993571275,2186.5363954426816,1770.4578355848707
forecast_2253,2025-04-04 21:00:00,2909.256054896794,2695.912294773571,1145.2549089280358
forecast_2254,2025-04-04 22:00:00,2847.085857855689,3133.9578444725325,1491.6045573040444
forecast_2255,2025-04-04 23:00:00,4173.451207571312,4128.72794673395,2259.5501023841507
forecast_2256,2025-04-05 00:00:00,4143.687345605786,4432.486573541024,2111.45969918314
forecast_2257,2025-04-05 01:00:00,5368.324546673279,8611.677229699197,3962.984822675522
forecast_2258,2025-04-05 02:00:00,5584.8679621727715,8704.535098030537,3196.410818581199
forecast_2259,2025-04-05 03:00:00,5496.960609206626,6573.493327885253,3847.0231362762697
forecast_2260,2025-04-05 04:00:00,6684.442163013988,9166.547078401876,6143.877471512021
forecast_2261,2025-04-05 05:00:00,5491.226963954391,7205.46083616128,2872.660652449916
forecast_2262,2025-04-05 06:00:00,8007.942902338866,9786.06577442117,5237.480066220097
forecast_2263,2025-04-05 07:00:00,5003.511610940917,6682.853874512813,4558.503801587491
forecast_2264,2025-04-05 08:00:00,4651.795201826609,5564.906292596676,3391.3079281235723
forecast_2265,2025-04-05 09:00:00,4114.173900913862,5662.749216833443,3448.0300526487986
forecast_2266,2025-04-05 10:00:00,2774.221873078137,4129.887859361971,1530.2475398964318
forecast_2267,2025-04-05 11:00:00,2616.016559486664,4228.522622488891,2941.947366376314
forecast_2268,2025-04-05 12:00:00,5251.407158891319,6246.436974327344,5238.715031298689
forecast_2269,2025-04-05 13:00:00,8203.527211632707,11590.787329038394,9534.084074388866
forecast_2270,2025-04-05 14:00:00,9531.133017491771,12192.129013696689,10333.347115010502
forecast_2271,2025-04-05 15:00:00,9052.78532903154,12908.376901721616,8744.317918423221
forecast_2272,2025-04-05 16:00:00,11845.720314428292,15570.297969279858,13992.104179663262
forecast_2273,2025-04-05 17:00:00,12235.638745404165,16372.07312253521,13498.875507162304
forecast_2274,2025-04-05 18:00:00,15196.048899922427,14719.954498651767,12719.956029605546
forecast_2275,2025-04-05 19:00:00,14704.637802868965,15828.50923575075,13312.188265523515
forecast_2276,2025-04-05 20:00:00,14874.40535013427,15929.514190490223,15192.758240062
forecast_2277,2025-04-05 21:00:00,12822.821924120592,13812.540580861058,14334.594407067776
forecast_2278,2025-04-05 22:00:00,12886.668028829767,13371.105129543237,13522.523795581357
forecast_2279,2025-04-05 23:00:00,12492.797349916074,14560.223861776345,14608.700491725012
forecast_2280,2025-04-06 00:00:00,13572.917324369848,14367.736956090414,14124.204168435357
forecast_2281,2025-04-06 01:00:00,12593.048564084062,14221.408161692272,14774.299716597725
forecast_2282,2025-04-06 02:00:00,13603.608225175933,14334.417603031055,14154.35935425713
forecast_2283,2025-04-06 03:00:00,13783.439367295236,14733.518735531137,13806.205871721297
forecast_2284,2025-04-06 04:00:00,13071.359149273929,13108.589445396308,12076.852473345143
forecast_2285,2025-04-06 05:00:00,14875.200052828372,15412.870101817236,12630.315386719412
forecast_2286,2025-04-06 06:00:00,14092.634252679118,14812.805639447148,12732.125086105314
forecast_2287,2025-04-06 07:00:00,15109.149337706134,15052.031821125649,12099.905237736775
forecast_2288,2025-04-06 08:00:00,14552.37875183585,16303.707185647185,12286.981055071046
forecast_2289,2025-04-06 09:00:00,13939.718122965543,14954.761668817982,10940.865082542576
forecast_2290,2025-04-06 10:00:00,13400.242715032833,12502.173123691204,9071.041596897105
forecast_2291,2025-04-06 11:00:00,11711.335486484515,11281.33094716359,9368.785858444398
forecast_2292,2025-04-06 12:00:00,13168.645589272744,12774.607544368235,10054.686878676026
forecast_2293,2025-04-06 13:00:00,13584.990200829401,13087.718561374677,11083.949527680297
forecast_2294,2025-04-06 14:00:00,13613.747678172604,13638.652227125387,12173.127238568115
forecast_2295,2025-04-06 15:00:00,14284.282629476838,13659.189882603021,13333.142489276386
forecast_2296,2025-04-06 16:00:00,13668.467679276637,13133.143128919675,11992.479392915091
forecast_2297,2025-04-06 17:00:00,13496.227555253508,13611.72069200471,12435.295028440922
forecast_2298,2025-04-06 18:00:00,12428.915237812522,12364.126891466234,12121.969849111343
forecast_2299,2025-04-06 19:00:00,11848.981134796108,12089.828943755108,12091.90500773093
forecast_2300,2025-04-06 20:00:00,12346.317212166856,11970.128910276748,11575.330757503347
forecast_2301,2025-04-06 21:00:00,13147.388260748614,13449.549668812004,12955.734824051306
forecast_2302,2025-04-06 22:00:00,14324.692844178537,14484.942056527409,14516.637895041087
forecast_2303,2025-04-06 23:00:00,14120.49451027377,14343.341327578855,14176.04794278794
forecast_2304,2025-04-07 00:00:00,13585.513496359497,14766.792400131231,13669.074321255459
forecast_2305,2025-04-07 01:00:00,14134.296434137868,15008.551740932622,14713.063264741357
forecast_2306,2025-04-07 02:00:00,14398.420672623584,15068.655885124484,13856.710009960289
forecast_2307,2025-04-07 03:00:00,13838.57682375993,14196.087686776076,11380.03034069366
forecast_2308,2025-04-07 04:00:00,11955.661537511316,11968.932124027951,12161.398535371767
forecast_2309,2025-04-07 05:00:00,13098.724637128176,13780.314681713144,12003.529133498629
forecast_2310,2025-04-07 06:00:00,11286.009277223551,15231.122157655838,11434.965428703432
forecast_2311,2025-04-07 07:00:00,11299.61826929318,15275.942273336437,12658.194696463952
forecast_2312,2025-04-07 08:00:00,12087.061130532984,15591.27931459328,10741.534806254635
forecast_2313,2025-04-07 09:00:00,12200.30839238673,15608.470355577552,10914.5741245542
forecast_2314,2025-04-07 10:00:00,10674.960715522559,13630.59120521993,11427.274659719924
forecast_2315,2025-04-07 11:00:00,8721.158280063519,10444.783267129056,8733.830437711944
forecast_2316,2025-04-07 12:00:00,8622.346829652424,9728.066975583175,8636.68922446016
forecast_2317,2025-04-07 13:00:00,8728.69348696343,9526.92510042038,8888.571770900473
forecast_2318,2025-04-07 14:00:00,8508.71161262827,10623.319923123061,10824.945590311574
forecast_2319,2025-04-07 15:00:00,11231.117174170022,12639.198716521343,10564.543667076963
forecast_2320,2025-04-07 16:00:00,13947.18203002845,15631.300232164242,13366.850868946869
forecast_2321,2025-04-07 17:00:00,14027.658584841398,16839.81866193286,13740.653241219732
forecast_2322,2025-04-07 18:00:00,13742.610693370789,16939.630064192654,14254.45050580507
forecast_2323,2025-04-07 19:00:00,14870.392514259878,16864.07930093452,16526.678004628448
forecast_2324,2025-04-07 20:00:00,16803.86679212948,18721.16148573141,17738.961004220477
forecast_2325,2025-04-07 21:00:00,17167.948635442113,19273.942747099314,17767.428419633183
forecast_2326,2025-04-07 22:00:00,18117.340557198273,19674.98323814255,17767.735407234406
forecast_2327,2025-04-07 23:00:00,17480.13723524522,19360.28765087745,13925.525498449777
forecast_2328,2025-04-08 00:00:00,17453.94629259195,19154.84687075664,13666.921954330948
forecast_2329,2025-04-08 01:00:00,18014.62353639938,19420.53347021553,13649.350296113074
forecast_2330,2025-04-08 02:00:00,17958.74726468737,19296.9194125106,12806.07174591324
forecast_2331,2025-04-08 03:00:00,18699.203577476805,19488.291761229313,12997.543852185181
forecast_2332,2025-04-08 04:00:00,19071.99923152933,19587.071364748834,13746.925515757828
forecast_2333,2025-04-08 05:00:00,19189.611266855085,19736.743272675198,15699.052115554485
forecast_2334,2025-04-08 06:00:00,18106.38345211818,19056.181505662942,12285.724978367984
forecast_2335,2025-04-08 07:00:00,16810.67189737721,18412.97886402626,13153.941005203744
forecast_2336,2025-04-08 08:00:00,15468.053365522574,16781.712841647975,12305.780566097717
forecast_2337,2025-04-08 09:00:00,14192.637469373904,14636.221436732123,12526.369576071664
forecast_2338,2025-04-08 10:00:00,13907.830578597022,13845.675826019962,12450.963334805341
forecast_2339,2025-04-08 11:00:00,12689.776245216839,13055.507307687734,12020.290941135641
forecast_2340,2025-04-08 12:00:00,13259.578685328192,13548.942375274448,12024.949870501569
forecast_2341,2025-04-08 13:00:00,12921.545467818658,12883.858377691782,11512.971607445195
forecast_2342,2025-04-08 14:00:00,12395.627399674162,12109.275270385906,9276.791248045134
forecast_2343,2025-04-08 15:00:00,8896.322479793773,7793.618699062876,5561.6248122999505
forecast_2344,2025-04-08 16:00:00,4977.615008449522,3810.204208039252,2414.1598582319566
forecast_2345,2025-04-08 17:00:00,4653.03321768064,1724.6589742357532,1939.3935679304675
forecast_2346,2025-04-08 18:00:00,1283.032737436259,879.7951385364399,657.6932750002516
forecast_2347,2025-04-08 19:00:00,1437.693012821894,294.15981904083867,685.3106944392764
forecast_2348,2025-04-08 20:00:00,774.8984932701076,396.5934185295142,113.7700618913893
forecast_2349,2025-04-08 21:00:00,494.4029925668889,396.1110227893635,92.63591005387978
forecast_2350,2025-04-08 22:00:00,827.4363559250468,463.3604317432835,138.9877762095133
forecast_2351,2025-04-08 23:00:00,643.1050143418855,354.14619167658594,188.17279485136405
forecast_2352,2025-04-09 00:00:00,662.3084087152597,594.8892710346498,105.39285455309798
forecast_2353,2025-04-09 01:00:00,1026.6490087988423,896.8983453026635,318.0805676075418
forecast_2354,2025-04-09 02:00:00,888.5160865786636,678.445717630873,127.21383746907848
forecast_2355,2025-04-09 03:00:00,856.45216560913,451.57466065296126,152.41607827764798
forecast_2356,2025-04-09 04:00:00,907.6828443720273,796.0742082334535,295.00860156739975
forecast_2357,2025-04-09 05:00:00,1287.8660252972566,1253.9864568642204,660.7555147243928
forecast_2358,2025-04-09 06:00:00,1396.8120863622069,1189.9228178762498,474.2832369726284
forecast_2359,2025-04-09 07:00:00,1248.9501015450803,1308.882238845622,289.8154929119877
forecast_2360,2025-04-09 08:00:00,1487.1629559488563,1214.1869873972166,235.2576938408014
forecast_2361,2025-04-09 09:00:00,1242.067914180371,881.5076483925434,271.8819866656038
forecast_2362,2025-04-09 10:00:00,965.6922702299993,836.965809017881,436.6478882855997
forecast_2363,2025-04-09 11:00:00,1120.2125165742102,1065.268294996087,876.7492007176535
forecast_2364,2025-04-09 12:00:00,2249.764252980528,2909.5116390429475,2052.191528221549
forecast_2365,2025-04-09 13:00:00,2280.7446721206247,4772.8451202330925,3556.293097538722
forecast_2366,2025-04-09 14:00:00,2669.611133917666,4710.357743843889,3599.8473723976545
forecast_2367,2025-04-09 15:00:00,3559.121296490871,5152.523744860976,3982.3192963272877
forecast_2368,2025-04-09 16:00:00,5308.326956761715,6776.258550122334,6159.345393332612
forecast_2369,2025-04-09 17:00:00,6105.155509683669,7253.784828915375,6456.5589953491435
forecast_2370,2025-04-09 18:00:00,4721.087946422211,6086.445508633264,3846.316337742491
forecast_2371,2025-04-09 19:00:00,4475.180500065533,4247.227612983638,3073.8645577903944
forecast_2372,2025-04-09 20:00:00,3760.6418418911303,4111.856088227138,4299.2511660782775
forecast_2373,2025-04-09 21:00:00,4191.045921001951,5115.211797998932,2402.062245994169
forecast_2374,2025-04-09 22:00:00,5157.277932567058,7372.632734530653,4215.776149712498
forecast_2375,2025-04-09 23:00:00,4402.276735248491,6131.282049842633,2897.354244774032
forecast_2376,2025-04-10 00:00:00,5228.889996140838,7976.78566119873,3628.1203803874387
forecast_2377,2025-04-10 01:00:00,5952.434421352525,8624.111102750248,5013.1392399054575
forecast_2378,2025-04-10 02:00:00,7097.159971236832,8681.352096108894,4635.180482084619
forecast_2379,2025-04-10 03:00:00,6858.551778310778,7314.524478826321,4702.707401575193
forecast_2380,2025-04-10 04:00:00,6835.197240726439,6813.929631456292,4507.178670202567
forecast_2381,2025-04-10 05:00:00,6264.045613112032,5538.580375287804,4136.741093879428
forecast_2382,2025-04-10 06:00:00,5273.291969581768,3936.7923547575624,3284.4341502111306
forecast_2383,2025-04-10 07:00:00,3669.406956527295,3436.5957019210346,2702.5388830147017
forecast_2384,2025-04-10 08:00:00,3134.3214757396595,3383.482911677058,1915.9703676608237
forecast_2385,2025-04-10 09:00:00,4078.5942817203604,3469.0858458568723,2068.9807376867543
forecast_2386,2025-04-10 10:00:00,3937.6437173883683,3472.0902778130926,2228.3190121835346
forecast_2387,2025-04-10 11:00:00,2835.7282278661132,2823.5605476244214,2302.150268339007
forecast_2388,2025-04-10 12:00:00,2628.5549942423404,2161.918372392702,1693.1109476378979
forecast_2389,2025-04-10 13:00:00,2696.3623937857574,1730.1202364897204,995.4068566950849
forecast_2390,2025-04-10 14:00:00,2194.4746900167524,1853.46958294024,967.1321772864986
forecast_2391,2025-04-10 15:00:00,2927.5592772690025,2146.2450549193522,1003.4521282678721
forecast_2392,2025-04-10 16:00:00,3466.891194094466,2793.9135710657015,1476.7598390571802
forecast_2393,2025-04-10 17:00:00,2930.345298686861,2540.5915729493136,1092.6649474670705
forecast_2394,2025-04-10 18:00:00,2855.369396323791,1684.4916232275327,1270.773049463246
forecast_2395,2025-04-10 19:00:00,2004.0023692250354,1878.0252628277537,964.6813470125504
forecast_2396,2025-04-10 20:00:00,2025.475424508757,2420.65835799684,617.3671838244027
forecast_2397,2025-04-10 21:00:00,2083.240156566493,2811.433387383162,755.0152905023958
forecast_2398,2025-04-10 22:00:00,2605.8230418581616,3075.212634702742,958.2284302076783
forecast_2399,2025-04-10 23:00:00,2579.191306323021,2892.6761297901053,1058.0054234760223
forecast_2400,2025-04-11 00:00:00,2324.960336680533,1897.7996332278447,1174.210427178426
forecast_2401,2025-04-11 01:00:00,1734.8292199103885,1558.7210341676664,794.2246947429476
forecast_2402,2025-04-11 02:00:00,2067.728234303983,2132.048811488554,1179.8533395181337
forecast_2403,2025-04-11 03:00:00,2011.6959217064502,2625.358956356617,949.0337905989136
forecast_2404,2025-04-11 04:00:00,1423.96824875765,1335.582594100058,619.4442161881233
forecast_2405,2025-04-11 05:00:00,1637.4287693157482,1164.3551686279736,589.5586367192682
forecast_2406,2025-04-11 06:00:00,888.1242810154056,438.9444614870229,315.68168373717305
forecast_2407,2025-04-11 07:00:00,948.8595730899481,903.4658849481915,448.74184006879324
forecast_2408,2025-04-11 08:00:00,290.51315839078046,334.43638435324226,200.2824813527607
forecast_2409,2025-04-11 09:00:00,52.49336825335602,209.70835766175992,63.47699865496635
forecast_2410,2025-04-11 10:00:00,74.37739177312055,70.88272981944307,59.41990364135246
forecast_2411,2025-04-11 11:00:00,96.26777648624838,149.18352806092534,108.96914284807504
forecast_2412,2025-04-11 12:00:00,117.16309233353955,262.3516544564752,93.49584953516235
forecast_2413,2025-04-11 13:00:00,115.79362912700003,301.265649529189,217.3323368458895
forecast_2414,2025-04-11 14:00:00,267.6921221845907,378.6800302749137,261.45916995007565
forecast_2415,2025-04-11 15:00:00,95.17919273067326,522.9859285489669,356.2518600971986
forecast_2416,2025-04-11 16:00:00,215.89054700920818,304.7875997381051,192.84464633990677
forecast_2417,2025-04-11 17:00:00,377.4096893270491,89.10444399883006,130.8382423535167
forecast_2418,2025-04-11 18:00:00,520.224637225473,581.4731480340427,526.6332097037497
forecast_2419,2025-04-11 19:00:00,1367.0865960478648,1268.139471833375,895.650150955993
forecast_2420,2025-04-11 20:00:00,2284.347539350761,2908.6735409995426,1428.7939436884399
forecast_2421,2025-04-11 21:00:00,2708.8253819271804,2938.25200389147,1576.5490561729603
forecast_2422,2025-04-11 22:00:00,4165.706718451403,3613.824925783132,1472.6314937563968
forecast_2423,2025-04-11 23:00:00,4234.633184255798,3532.8365315786714,1867.2587083949493
forecast_2424,2025-04-12 00:00:00,3109.646376426426,3418.4927217064537,1474.9062972149688
forecast_2425,2025-04-12 01:00:00,2494.3317151337587,1965.4940020194815,1025.023527967687
forecast_2426,2025-04-12 02:00:00,2449.18924406436,2328.8413155560957,1087.2155505371736
forecast_2427,2025-04-12 03:00:00,2178.6656009652297,2890.1703909780535,1276.7585487519846
forecast_2428,2025-04-12 04:00:00,2663.4401445007597,4227.0097325342995,1873.1638918794451
forecast_2429,2025-04-12 05:00:00,3402.3988475617216,4373.710238311924,1616.5310906633945
forecast_2430,2025-04-12 06:00:00,3805.287102598161,5060.348363402401,2849.932879380225
forecast_2431,2025-04-12 07:00:00,4561.435551024484,6761.653841556596,3746.7968381950604
forecast_2432,2025-04-12 08:00:00,5706.872172716536,6720.463502930965,3805.563557355975
forecast_2433,2025-04-12 09:00:00,5899.6412250078565,6128.499508570526,4138.765163180704
forecast_2434,2025-04-12 10:00:00,5116.419945718836,6596.610266956144,4771.30185577268
forecast_2435,2025-04-12 11:00:00,5791.00184128748,6722.733493012093,6216.1844239028405
forecast_2436,2025-04-12 12:00:00,6227.907862909506,7110.923304375367,7475.894249648633
forecast_2437,2025-04-12 13:00:00,8815.222386675143,10501.985890719709,7262.678294231591
forecast_2438,2025-04-12 14:00:00,8691.728207616818,11312.503946340566,6800.1925648053975
forecast_2439,2025-04-12 15:00:00,5754.1003547017135,6004.880166608808,5704.396508194265
forecast_2440,2025-04-12 16:00:00,4771.553785874648,5768.1786651644115,4179.097923468428
forecast_2441,2025-04-12 17:00:00,4149.317883656839,6137.055147250041,4493.7546681507
forecast_2442,2025-04-12 18:00:00,11170.257512793594,12149.45320164292,8246.580472726167
forecast_2443,2025-04-12 19:00:00,10889.996064446477,12426.602679162306,8403.910999124973
forecast_2444,2025-04-12 20:00:00,13817.410213867626,14943.294626851066,10194.839041747102
forecast_2445,2025-04-12 21:00:00,14384.842042515009,15399.06282765262,11218.185636055088
forecast_2446,2025-04-12 22:00:00,15680.527131182602,16198.487088777305,13235.798508233456
forecast_2447,2025-04-12 23:00:00,15245.373031807934,17112.359413360708,12086.789493696353
forecast_2448,2025-04-13 00:00:00,15176.765017216081,16911.060989644368,12220.383468407714
forecast_2449,2025-04-13 01:00:00,14224.529206845038,14626.209384237844,10169.404223196629
forecast_2450,2025-04-13 02:00:00,12764.306452637942,11332.83875947563,6608.1757521547215
forecast_2451,2025-04-13 03:00:00,14518.059245686794,15986.73429558305,10681.86221338757
forecast_2452,2025-04-13 04:00:00,15808.25503900603,18201.173515230406,13729.944740795238
forecast_2453,2025-04-13 05:00:00,15827.541478084238,18492.44590814817,10176.395778877857
forecast_2454,2025-04-13 06:00:00,16808.785389699464,17626.883003726645,10351.00793474923
forecast_2455,2025-04-13 07:00:00,17470.725643487207,18005.93338182614,11473.64314847965
forecast_2456,2025-04-13 08:00:00,17693.98319528403,16987.27158280956,12605.050650629448
forecast_2457,2025-04-13 09:00:00,17110.79493182844,17048.239610129178,15133.26662443272
forecast_2458,2025-04-13 10:00:00,16687.0412422725,17276.967021724624,16445.467046982332
forecast_2459,2025-04-13 11:00:00,16681.576968242673,17191.744282894484,16236.37928458105
forecast_2460,2025-04-13 12:00:00,16365.834248710007,17299.030268387563,15812.81187033704
forecast_2461,2025-04-13 13:00:00,16866.648919012463,17377.164380496255,15668.008366683098
forecast_2462,2025-04-13 14:00:00,15674.15329319302,17340.390295054796,15862.48546663227
forecast_2463,2025-04-13 15:00:00,16318.053140457267,17227.85997731916,15877.083747003762
forecast_2464,2025-04-13 16:00:00,16778.154444363907,16915.46002967517,16266.33296925517
forecast_2465,2025-04-13 17:00:00,17055.941661806453,16815.66071822108,15332.105979213686
forecast_2466,2025-04-13 18:00:00,16992.05361792677,17529.145088612466,15087.963054340646
forecast_2467,2025-04-13 19:00:00,16622.54487990513,17243.325190043313,15324.657822377341
forecast_2468,2025-04-13 20:00:00,16693.299108820065,16992.383910092536,15649.853457197674
forecast_2469,2025-04-13 21:00:00,16875.72589136576,17314.70985914326,15333.904990347046
forecast_2470,2025-04-13 22:00:00,14829.950352963682,16766.68562718774,14668.896459418324
forecast_2471,2025-04-13 23:00:00,14078.702216437918,17288.98275740538,14425.248334791246
forecast_2472,2025-04-14 00:00:00,12583.272901606671,16200.840647537521,14168.26610556215
forecast_2473,2025-04-14 01:00:00,10501.317059865714,14656.380398935617,11761.11970938585
forecast_2474,2025-04-14 02:00:00,7377.066425942628,11476.032250015776,7320.58983705736
forecast_2475,2025-04-14 03:00:00,7570.3338663361055,10786.592833951265,7797.874230084815
forecast_2476,2025-04-14 04:00:00,5114.474322743482,7320.666163436076,3506.8783353740046
forecast_2477,2025-04-14 05:00:00,3502.0911899412836,5435.158180753484,3602.7618936893987
forecast_2478,2025-04-14 06:00:00,3404.327179583743,3297.047838370379,1981.2605235387662
forecast_2479,2025-04-14 07:00:00,2447.73353901774,3008.519248084331,1537.4981814299197
forecast_2480,2025-04-14 08:00:00,2167.6983975381972,2274.0482089445873,1087.8636953851185
forecast_2481,2025-04-14 09:00:00,582.4895662701393,924.6218305520009,641.835494608824
forecast_2482,2025-04-14 10:00:00,659.3161290014016,1163.6778076398948,1139.592296660459
forecast_2483,2025-04-14 11:00:00,2388.4067898139665,2920.006761628596,1734.9705456866568
forecast_2484,2025-04-14 12:00:00,3293.472773548449,3174.0306664485315,1409.9496571177683
forecast_2485,2025-04-14 13:00:00,2837.4359570534566,2632.6179868656905,1922.8950227063135
forecast_2486,2025-04-14 14:00:00,1559.916220020478,1545.231184937266,1310.0067770919861
forecast_2487,2025-04-14 15:00:00,647.0761938477082,736.665403013561,283.203082849617
forecast_2488,2025-04-14 16:00:00,423.89580356637777,385.8625945842432,166.3805859880049
forecast_2489,2025-04-14 17:00:00,247.0469152226603,589.080667720543,602.8002853523951
forecast_2490,2025-04-14 18:00:00,494.4435780672032,841.6108639289421,957.1244827740677
forecast_2491,2025-04-14 19:00:00,1232.7683683572477,1010.2803346242508,909.2684574073744
forecast_2492,2025-04-14 20:00:00,1498.6155716523506,1697.9058064644937,1361.37735453196
forecast_2493,2025-04-14 21:00:00,1591.5694505596978,2564.7217998830065,1830.217424960069
forecast_2494,2025-04-14 22:00:00,2333.355896517907,3556.9104833044507,3365.3554292175622
forecast_2495,2025-04-14 23:00:00,2085.0691595157446,3673.9447067020023,2569.438147334526
forecast_2496,2025-04-15 00:00:00,3155.4857323064684,5124.870388567105,4319.022742827912
forecast_2497,2025-04-15 01:00:00,6394.980259767955,4792.988017488997,2818.0289396457442
forecast_2498,2025-04-15 02:00:00,7174.909101577439,6095.649952115829,3977.5053239661706
forecast_2499,2025-04-15 03:00:00,6859.251266192107,5180.272916166813,2916.53465605337
forecast_2500,2025-04-15 04:00:00,3807.844523007286,4526.628293773067,3069.007858966026
forecast_2501,2025-04-15 05:00:00,4675.791257906366,3935.4102399575795,3508.2183606439544
forecast_2502,2025-04-15 06:00:00,3945.3583412762127,4374.419608436259,4019.296126630241
forecast_2503,2025-04-15 07:00:00,5405.400490907248,5669.130711055117,5410.9717410276335
forecast_2504,2025-04-15 08:00:00,5244.648663483288,7152.721101729908,5217.3429393159795
forecast_2505,2025-04-15 09:00:00,5504.416937258722,8089.939517348699,5209.974139861353
forecast_2506,2025-04-15 10:00:00,7036.690378257785,8602.024259588834,5297.879905742107
forecast_2507,2025-04-15 11:00:00,7832.415107291269,7221.177710326711,5641.200775467716
forecast_2508,2025-04-15 12:00:00,8993.525029056864,6802.021950217643,6259.497079931209
forecast_2509,2025-04-15 13:00:00,9472.970705446805,7135.104572682372,7177.375761422742
forecast_2510,2025-04-15 14:00:00,10607.000610648618,8953.666947867947,8884.414208799217
forecast_2511,2025-04-15 15:00:00,11849.028979121205,9969.187167883085,9550.65768653501
forecast_2512,2025-04-15 16:00:00,12325.706664441524,10476.648777995722,10130.855304359402
forecast_2513,2025-04-15 17:00:00,12926.65654983102,11178.570460337085,10413.088938699271
forecast_2514,2025-04-15 18:00:00,12386.942636073363,11754.637442993415,11578.2723582593
forecast_2515,2025-04-15 19:00:00,12529.749987796826,12535.232146646253,12666.369150163833
forecast_2516,2025-04-15 20:00:00,13849.851407646252,14416.335487767497,14924.970008796605
forecast_2517,2025-04-15 21:00:00,13459.501803856447,16435.770064291166,15621.548340815896
forecast_2518,2025-04-15 22:00:00,13679.5934351129,16152.703709525507,16537.885907426848
forecast_2519,2025-04-15 23:00:00,14960.495825302121,17827.3095803367,17395.765840911907
forecast_2520,2025-04-16 00:00:00,15506.935443447848,17831.80360330041,17107.623694141406
forecast_2521,2025-04-16 01:00:00,18376.093535788506,17006.219695767788,14539.088602161512
forecast_2522,2025-04-16 02:00:00,18597.623390973895,17221.2526091393,13237.900789553041
forecast_2523,2025-04-16 03:00:00,17154.760285897817,16460.674787790314,12744.239108499249
forecast_2524,2025-04-16 04:00:00,15293.306616779013,15485.159811840596,11925.189948196878
forecast_2525,2025-04-16 05:00:00,16909.184631247157,16402.358229686644,12661.250323626777
forecast_2526,2025-04-16 06:00:00,16914.145328399612,16873.529964837442,13656.892031644396
forecast_2527,2025-04-16 07:00:00,16054.128827548297,15569.677405766311,10199.492410516827
forecast_2528,2025-04-16 08:00:00,10507.880530983879,14608.116421721339,10148.89531778248
forecast_2529,2025-04-16 09:00:00,9889.747595247227,12751.843283158949,9787.54872222224
forecast_2530,2025-04-16 10:00:00,9789.246654316814,10178.027423076504,8251.469891566017
forecast_2531,2025-04-16 11:00:00,11136.46059940121,10660.723797042152,8699.56575412456
forecast_2532,2025-04-16 12:00:00,13174.015539808934,11175.017289486774,9728.058912829365
forecast_2533,2025-04-16 13:00:00,13865.567388392845,14311.095261349034,11265.969270017555
forecast_2534,2025-04-16 14:00:00,15120.102920616386,16083.572735067077,14149.036795196283
forecast_2535,2025-04-16 15:00:00,15573.86017506019,17520.808974339412,14932.41268003632
forecast_2536,2025-04-16 16:00:00,16101.25817492885,18441.252336577974,16366.484859032495
forecast_2537,2025-04-16 17:00:00,16813.051444880835,18386.0926967314,16366.91842563246
forecast_2538,2025-04-16 18:00:00,17422.346923601228,18428.554660419068,16932.580153596064
forecast_2539,2025-04-16 19:00:00,16914.594469930933,18390.85984784334,16613.98253362821
forecast_2540,2025-04-16 20:00:00,17729.94661880003,18749.4101279673,17286.21336895994
forecast_2541,2025-04-16 21:00:00,17174.037205954726,18459.14431159892,17206.630190448748
forecast_2542,2025-04-16 22:00:00,17104.73394167232,18772.591984665876,17191.060909946693
forecast_2543,2025-04-16 23:00:00,17153.23427241536,19085.900827392386,17327.10639527495
forecast_2544,2025-04-17 00:00:00,18041.708954127873,19368.80510806328,17230.13551576771
forecast_2545,2025-04-17 01:00:00,16236.309808123931,18961.10058130606,15329.420391130634
forecast_2546,2025-04-17 02:00:00,17003.631975954046,18955.96597012281,15548.974423671449
forecast_2547,2025-04-17 03:00:00,16658.745974393707,19226.7746967423,15733.427882043281
forecast_2548,2025-04-17 04:00:00,15171.331957473942,18083.219666628956,13774.907981505161
forecast_2549,2025-04-17 05:00:00,15323.77948092478,18005.469581079087,13610.880700303547
forecast_2550,2025-04-17 06:00:00,15634.27272929643,18152.106867005954,15083.465688924121
forecast_2551,2025-04-17 07:00:00,16537.684083588618,17697.80883082211,14569.922054474237
forecast_2552,2025-04-17 08:00:00,12548.115414448657,15454.27560787861,13148.30642802959
forecast_2553,2025-04-17 09:00:00,12267.626017349472,13837.821445711435,11730.723794693737
forecast_2554,2025-04-17 10:00:00,9535.333278621863,12583.172127427373,8937.105540227049
forecast_2555,2025-04-17 11:00:00,8207.169812721842,11818.82074531094,8779.693515631909
forecast_2556,2025-04-17 12:00:00,8548.578631228711,11866.368599208354,9246.318673845575
forecast_2557,2025-04-17 13:00:00,7886.737839479736,10767.284453520822,8554.360502680547
forecast_2558,2025-04-17 14:00:00,7461.104096141298,9915.309703473797,8704.544502662595
forecast_2559,2025-04-17 15:00:00,7116.051366922397,9574.310344448988,9314.200249048075
forecast_2560,2025-04-17 16:00:00,9859.266830602492,12290.802904874783,11447.234088220095
forecast_2561,2025-04-17 17:00:00,10408.777799382164,13833.526992264018,12488.124929110518
forecast_2562,2025-04-17 18:00:00,10371.896334767282,13755.714115735696,11278.384775019724
forecast_2563,2025-04-17 19:00:00,11672.833645577346,14537.646611033268,11219.204749798315
forecast_2564,2025-04-17 20:00:00,14170.605650716048,14813.079087145019,11840.229788855266
forecast_2565,2025-04-17 21:00:00,12521.335915404834,14064.345294185572,13224.49620030191
forecast_2566,2025-04-17 22:00:00,15319.063226507165,15546.715377850462,13191.632146388014
forecast_2567,2025-04-17 23:00:00,12309.711457928874,13787.120891798186,12534.988819932538
forecast_2568,2025-04-18 00:00:00,15808.437481276751,18348.969585536477,16851.061235520385
forecast_2569,2025-04-18 01:00:00,15729.809256869974,18487.586273088673,15711.70947066914
forecast_2570,2025-04-18 02:00:00,16207.530830664848,18436.321212734325,16221.555648457079
forecast_2571,2025-04-18 03:00:00,16713.43653190073,19070.171284470012,16277.347122806135
forecast_2572,2025-04-18 04:00:00,16704.482069723428,19134.95802738897,16482.3248132476
forecast_2573,2025-04-18 05:00:00,16115.694285364587,17631.712803891394,15238.21002901526
forecast_2574,2025-04-18 06:00:00,16306.79711470295,15609.462836786914,11644.167211777427
forecast_2575,2025-04-18 07:00:00,15497.368299202815,16781.660507460132,12707.747210709229
forecast_2576,2025-04-18 08:00:00,14102.389971299426,15294.588667337352,11856.777982793677
forecast_2577,2025-04-18 09:00:00,13123.976814749318,13749.069233705603,9978.428894791892
forecast_2578,2025-04-18 10:00:00,10556.159750986824,12218.316830992317,10694.967057753087
forecast_2579,2025-04-18 11:00:00,9286.328415882885,10921.309103255624,8445.055566237654
forecast_2580,2025-04-18 12:00:00,10251.289568073158,9184.059646549606,8050.223969315714
forecast_2581,2025-04-18 13:00:00,6714.613979195864,7288.523535414356,7126.011301306157
forecast_2582,2025-04-18 14:00:00,7271.3697967184935,7336.066688165706,7315.733020249709
forecast_2583,2025-04-18 15:00:00,5807.887099365671,6219.263985628931,5842.364368402823
forecast_2584,2025-04-18 16:00:00,6180.296698936179,5660.726920500144,5558.999568151415
forecast_2585,2025-04-18 17:00:00,5738.092573005789,5133.534436068779,4269.49915683186
forecast_2586,2025-04-18 18:00:00,6770.849555092764,6809.187124651003,6280.9207184016395
forecast_2587,2025-04-18 19:00:00,8567.930811867029,7804.1076453893065,6789.708410370113
forecast_2588,2025-04-18 20:00:00,9795.873889129229,11098.412456384489,8890.90963224147
forecast_2589,2025-04-18 21:00:00,10288.260679283661,10134.035103028824,8237.810445885294
forecast_2590,2025-04-18 22:00:00,10088.415921654549,11533.67089041042,9929.706922472385
forecast_2591,2025-04-18 23:00:00,5949.743514155539,9548.9083523134,7511.370097751568
forecast_2592,2025-04-19 00:00:00,8281.108156349224,13138.771344731997,9706.407225670202
forecast_2593,2025-04-19 01:00:00,8625.082090552798,13868.696695244851,10688.177056114246
forecast_2594,2025-04-19 02:00:00,10702.45547041162,13969.178305476384,10672.994348033575
forecast_2595,2025-04-19 03:00:00,12785.207877176477,14519.011243121004,11819.97138036633
forecast_2596,2025-04-19 04:00:00,13207.981463744283,15490.31742081794,12013.102132349304
forecast_2597,2025-04-19 05:00:00,13212.567264410724,15557.535647478393,12721.462094596045
forecast_2598,2025-04-19 06:00:00,11711.314733011739,13676.880957419828,10794.72912628171
forecast_2599,2025-04-19 07:00:00,8601.600021363,11241.4990299527,7341.706771573647
forecast_2600,2025-04-19 08:00:00,7716.962632199909,11910.201864064193,7955.072412976828
forecast_2601,2025-04-19 09:00:00,8255.372657134314,11350.461579170526,9669.229022046831
forecast_2602,2025-04-19 10:00:00,8284.129978510377,12952.58497139137,10653.432015145514
forecast_2603,2025-04-19 11:00:00,9631.915568862314,13756.429395156738,11744.29630445035
forecast_2604,2025-04-19 12:00:00,13158.935539421642,16428.895864601225,12982.160970557205
forecast_2605,2025-04-19 13:00:00,14670.227347751781,17445.026864560612,15309.078126286893
forecast_2606,2025-04-19 14:00:00,14308.92503601229,18004.581299770223,15196.083059056173
forecast_2607,2025-04-19 15:00:00,15312.634852087423,18115.06588165425,15870.761424378448
forecast_2608,2025-04-19 16:00:00,16415.131650820436,18637.334891806713,15659.408223703085
forecast_2609,2025-04-19 17:00:00,17410.72988324081,19103.48634516901,17693.203457238127
forecast_2610,2025-04-19 18:00:00,18212.517909913284,19062.72066836673,16954.67771629449
forecast_2611,2025-04-19 19:00:00,17144.298898426536,18518.11913601962,15149.513553520854
forecast_2612,2025-04-19 20:00:00,16166.955150056609,19406.832466121403,15516.738279491434
forecast_2613,2025-04-19 21:00:00,15403.978305656245,17786.384231421096,14136.391338591247
forecast_2614,2025-04-19 22:00:00,14100.243338816026,14830.643310131423,11971.958440349861
forecast_2615,2025-04-19 23:00:00,10173.04667697591,9095.302247232494,9358.442811256984
forecast_2616,2025-04-20 00:00:00,8593.773139503111,9257.91199044444,8352.66268649988
forecast_2617,2025-04-20 01:00:00,8500.165268995012,10049.035171062242,6232.225816753581
forecast_2618,2025-04-20 02:00:00,6000.550151871904,7261.886723765564,4518.054210386517
forecast_2619,2025-04-20 03:00:00,3320.306285651058,3463.350184074498,2306.610825499009
forecast_2620,2025-04-20 04:00:00,1545.6613101327587,2259.2548463907015,1407.103141902864
forecast_2621,2025-04-20 05:00:00,1368.969867846822,1246.7936956541123,742.1343018869861
forecast_2622,2025-04-20 06:00:00,915.9419943500016,401.3227015736131,158.1514284433368
forecast_2623,2025-04-20 07:00:00,676.8015854423091,302.46299027451306,82.26686673085801
forecast_2624,2025-04-20 08:00:00,122.54152669613097,45.92785796964171,23.903120857607185
forecast_2625,2025-04-20 09:00:00,235.32388563030588,144.91235002729928,20.650621819346778
forecast_2626,2025-04-20 10:00:00,21.069948384662368,107.6619830580923,26.826837746120024
forecast_2627,2025-04-20 11:00:00,0.0,0.0,62.89312975894454
forecast_2628,2025-04-20 12:00:00,182.50606222931341,92.9649207516175,78.50597967319568
forecast_2629,2025-04-20 13:00:00,136.9501967373066,0.0,82.90689041252332
forecast_2630,2025-04-20 14:00:00,136.17500799146467,121.90868698665307,138.15945895942238
forecast_2631,2025-04-20 15:00:00,165.00139466346354,283.164329021781,137.54608857128324
forecast_2632,2025-04-20 16:00:00,105.1728146750644,270.378515747124,70.79644431720126
forecast_2633,2025-04-20 17:00:00,36.71242786144012,200.79603907848988,41.957588052895986
forecast_2634,2025-04-20 18:00:00,83.35656686138212,148.1437851966849,28.973420965707977
forecast_2635,2025-04-20 19:00:00,162.2949341540227,0.0,38.23171457130475
forecast_2636,2025-04-20 20:00:00,149.76526007191325,53.483993886540894,82.54218319219066
forecast_2637,2025-04-20 21:00:00,363.2164238464757,121.48339332365816,84.57567333907546
forecast_2638,2025-04-20 22:00:00,424.013328774299,192.09961874648533,92.58829339797236
forecast_2639,2025-04-20 23:00:00,419.7207085183818,247.96324403892365,97.3725759933291
forecast_2640,2025-04-21 00:00:00,203.82860318695563,58.051502120069266,72.18101008585607
forecast_2641,2025-04-21 01:00:00,605.3688912749508,523.2768683698964,100.59393871765772
forecast_2642,2025-04-21 02:00:00,939.9755307747703,558.2468599261102,131.28594174374174
forecast_2643,2025-04-21 03:00:00,1037.7730569221856,557.6075471154361,144.90885873334278
forecast_2644,2025-04-21 04:00:00,780.4427598559798,929.2667478110938,288.2433931089105
forecast_2645,2025-04-21 05:00:00,1083.6043665727598,1067.0593968990609,297.548001577511
forecast_2646,2025-04-21 06:00:00,1306.5641248440604,1682.4974218330387,583.2711623015507
forecast_2647,2025-04-21 07:00:00,1525.5141996736468,1734.5841626942215,450.54844847728486
forecast_2648,2025-04-21 08:00:00,1717.094058402858,2247.5278153122463,743.0180902884529
forecast_2649,2025-04-21 09:00:00,1577.3762864627977,1426.832508634454,773.5397320341334
forecast_2650,2025-04-21 10:00:00,1223.8650354485678,1366.6770326911465,955.5839607323932
forecast_2651,2025-04-21 11:00:00,962.8756764613346,1151.929985195422,1025.2896552217808
forecast_2652,2025-04-21 12:00:00,842.5276693885361,1470.2304973829696,1063.5733525570938
forecast_2653,2025-04-21 13:00:00,812.2731904925446,1366.3729399955196,1137.4171456286988
forecast_2654,2025-04-21 14:00:00,556.1893918287572,1043.7954978256162,1083.6409213485636
forecast_2655,2025-04-21 15:00:00,670.3129903103699,965.1845713608886,782.1440548461804
forecast_2656,2025-04-21 16:00:00,451.87038434725235,1366.0981886965449,717.4657113298679
forecast_2657,2025-04-21 17:00:00,497.6757754666932,977.8126129915013,732.7900146967306
forecast_2658,2025-04-21 18:00:00,636.9249006302141,1037.8436985249357,856.8287392465506
forecast_2659,2025-04-21 19:00:00,2506.204451461105,2739.9590371671616,1791.1606330369473
forecast_2660,2025-04-21 20:00:00,4892.8597231997,8852.938151122044,3557.546471948098
forecast_2661,2025-04-21 21:00:00,4971.0058497072105,7417.208846774621,2534.469914970938
forecast_2662,2025-04-21 22:00:00,6732.606149241741,9756.045492395744,4771.715556223352
forecast_2663,2025-04-21 23:00:00,7042.9003931482175,9640.859064605043,5563.501200117325
forecast_2664,2025-04-22 00:00:00,6802.12458906358,7791.060866954798,4374.650513957003
forecast_2665,2025-04-22 01:00:00,6026.160320398656,7336.076342796147,4276.1937195721675
forecast_2666,2025-04-22 02:00:00,7382.96928161143,9272.005640152782,6665.8673738740745
forecast_2667,2025-04-22 03:00:00,5495.468501340132,5735.973700729007,3437.6079186909174
forecast_2668,2025-04-22 04:00:00,5374.889550013904,6137.735258003064,3788.6536919878267
forecast_2669,2025-04-22 05:00:00,2641.820857900719,4770.156976789347,1824.6928105296672
forecast_2670,2025-04-22 06:00:00,1960.9018053931825,2656.352447500521,1189.0632617765584
forecast_2671,2025-04-22 07:00:00,1459.9882968331801,1772.6607145698233,446.85909310870954
forecast_2672,2025-04-22 08:00:00,2156.9576694994134,3587.956308514879,989.0088779610481
forecast_2673,2025-04-22 09:00:00,5708.766009581039,7196.192070740776,5767.107548035203
forecast_2674,2025-04-22 10:00:00,4062.8827428702566,8861.929539515346,5046.685279511147
forecast_2675,2025-04-22 11:00:00,5409.212110139951,10196.877430687722,6243.897418609064
forecast_2676,2025-04-22 12:00:00,5752.055739308739,9940.958212651798,7187.016335444137
forecast_2677,2025-04-22 13:00:00,7276.06521759296,10699.522189792051,7219.717720248426
forecast_2678,2025-04-22 14:00:00,5476.681973564539,9161.658864057626,4841.822730435552
forecast_2679,2025-04-22 15:00:00,3743.6941904362784,4361.738253778823,2428.775326928537
forecast_2680,2025-04-22 16:00:00,3385.5625547153836,3312.6830177521806,2055.7725709370243
forecast_2681,2025-04-22 17:00:00,1021.3354984271634,2330.4930100594866,1176.9408771922006
forecast_2682,2025-04-22 18:00:00,1337.783073495736,2256.6182746223144,1424.6844356226031
forecast_2683,2025-04-22 19:00:00,2357.318617782519,4081.2190669346164,2617.1326600294965
forecast_2684,2025-04-22 20:00:00,3284.7347608960094,3821.008986186907,2939.687555037154
forecast_2685,2025-04-22 21:00:00,2448.2016845436506,3030.042721412751,1532.1152423333888
forecast_2686,2025-04-22 22:00:00,2023.754124844554,2898.970233912347,1778.906632363896
forecast_2687,2025-04-22 23:00:00,2251.781384870294,2082.6860928885644,2176.6679678543633
forecast_2688,2025-04-23 00:00:00,2966.038121777546,3310.350486321683,2246.2955848859724
forecast_2689,2025-04-23 01:00:00,4851.425102911789,5203.54779040239,3783.618984770188
forecast_2690,2025-04-23 02:00:00,4070.7003668207317,4851.183502056336,2863.325429039797
forecast_2691,2025-04-23 03:00:00,4551.371852334986,5721.671361701581,3695.6385266671105
forecast_2692,2025-04-23 04:00:00,4495.673594373551,5957.02124172974,3715.3797671248562
forecast_2693,2025-04-23 05:00:00,4764.706738144704,6178.853068757481,3369.918650940457
forecast_2694,2025-04-23 06:00:00,4463.771854509694,5581.982804328487,2710.4868462147124
forecast_2695,2025-04-23 07:00:00,3802.9298868348587,4822.315494521814,1904.290875490186
forecast_2696,2025-04-23 08:00:00,2801.7955915486077,2434.40899426002,1009.8262569336064
forecast_2697,2025-04-23 09:00:00,1874.9604616174292,1044.602243288842,487.4079658419812
forecast_2698,2025-04-23 10:00:00,576.8170599106087,648.6713806567277,265.8657030768236
forecast_2699,2025-04-23 11:00:00,89.88399192659135,0.0,189.70527023212574
forecast_2700,2025-04-23 12:00:00,84.8306580484784,177.5151707967668,259.8186993620825
forecast_2701,2025-04-23 13:00:00,88.83333883422638,29.27717613959872,182.5750259024746
forecast_2702,2025-04-23 14:00:00,54.41698394704146,42.04079354942387,107.21130789801485
forecast_2703,2025-04-23 15:00:00,194.7029171116335,168.54304657952412,135.1270440459897
forecast_2704,2025-04-23 16:00:00,759.9487117627133,201.64032661508907,126.8027563278097
forecast_2705,2025-04-23 17:00:00,1364.0780783339474,959.1603717571215,470.6399013604092
forecast_2706,2025-04-23 18:00:00,1725.9759387442818,1913.6753087997124,951.2452078848546
forecast_2707,2025-04-23 19:00:00,2109.5248002119633,2522.26037014867,1210.1996752894472
forecast_2708,2025-04-23 20:00:00,3205.154823705854,4194.414823027308,2804.0865719465332
forecast_2709,2025-04-23 21:00:00,5414.208414566693,7484.043448625781,5331.226340863629
forecast_2710,2025-04-23 22:00:00,8742.381775417462,11147.753224315133,7373.477007930748
forecast_2711,2025-04-23 23:00:00,10624.268777250634,13976.31838508508,9742.661832618202
forecast_2712,2025-04-24 00:00:00,15097.281571951682,16421.332504270016,13536.054611996502
forecast_2713,2025-04-24 01:00:00,15596.10430215253,18136.096545172466,13862.78251458098
forecast_2714,2025-04-24 02:00:00,15814.16183816946,17831.762630380577,14755.262680173606
forecast_2715,2025-04-24 03:00:00,17270.656918568773,18402.154728502814,14242.704185566809
forecast_2716,2025-04-24 04:00:00,18703.02656446023,19156.14618635735,16421.56111790686
forecast_2717,2025-04-24 05:00:00,17940.60553982853,18084.661239353696,13948.745422909293
forecast_2718,2025-04-24 06:00:00,18506.832965883164,18342.459584005435,14423.108088406734
forecast_2719,2025-04-24 07:00:00,17075.570623279335,17934.75410158843,12842.530245195372
forecast_2720,2025-04-24 08:00:00,12571.835754427662,15413.479465697275,12038.443116491839
forecast_2721,2025-04-24 09:00:00,8842.910886334605,10548.830166711943,7584.998313569631
forecast_2722,2025-04-24 10:00:00,7345.282020445257,8615.271145135677,6024.709419496163
forecast_2723,2025-04-24 11:00:00,8270.259367554661,8449.309473660283,7647.831909376314
forecast_2724,2025-04-24 12:00:00,8792.896910726806,9733.059277936718,8836.347074224204
forecast_2725,2025-04-24 13:00:00,12148.621125393602,13282.165617413448,10498.309979923031
forecast_2726,2025-04-24 14:00:00,14427.989271855951,15073.093192399081,12712.68724062887
forecast_2727,2025-04-24 15:00:00,16080.363514781486,17523.07329633279,14954.474753373801
forecast_2728,2025-04-24 16:00:00,16492.57481079069,17680.395373876472,15422.804091665443
forecast_2729,2025-04-24 17:00:00,16740.18109278053,17495.20911099011,15111.817224237957
forecast_2730,2025-04-24 18:00:00,16389.363396726,16749.90460014821,14765.586810543507
forecast_2731,2025-04-24 19:00:00,16835.98427626264,18047.226038865792,15307.007535986166
forecast_2732,2025-04-24 20:00:00,16831.06299461021,17808.015601588748,14597.963082926724
forecast_2733,2025-04-24 21:00:00,16844.16185578285,17861.40870292787,14618.325187416893
forecast_2734,2025-04-24 22:00:00,15171.653854577844,16061.12792440018,12643.24329865604
forecast_2735,2025-04-24 23:00:00,15217.140763104817,15121.658118004721,11348.916844811407
forecast_2736,2025-04-25 00:00:00,15276.080758089554,14262.84698630729,10532.706781788651
forecast_2737,2025-04-25 01:00:00,14616.914535916107,12440.422175363467,10274.137261166166
forecast_2738,2025-04-25 02:00:00,14350.68403144387,11371.300188463107,8438.396613017372
forecast_2739,2025-04-25 03:00:00,14157.653030691281,11624.605384704835,7393.699846397016
forecast_2740,2025-04-25 04:00:00,13411.45056861463,11156.741557675048,6694.1755055471585
forecast_2741,2025-04-25 05:00:00,13689.84042825435,13308.692386178755,6958.544552799441
forecast_2742,2025-04-25 06:00:00,14012.054654923964,13600.091881145263,7122.4530090578655
forecast_2743,2025-04-25 07:00:00,12823.787777909169,11695.023087458769,7664.791755505443
forecast_2744,2025-04-25 08:00:00,11880.15041068635,11185.6278089367,7492.787178477057
forecast_2745,2025-04-25 09:00:00,11831.578288719353,11323.996718556282,7983.830939484769
forecast_2746,2025-04-25 10:00:00,12118.078451048556,12519.629670345394,8154.1163277483465
forecast_2747,2025-04-25 11:00:00,11782.419381373615,10986.944929778909,8844.718640784824
forecast_2748,2025-04-25 12:00:00,11457.283986416804,9822.479590281644,8007.820411775915
forecast_2749,2025-04-25 13:00:00,11236.215984385311,9487.50085175787,7788.634010713696
forecast_2750,2025-04-25 14:00:00,11031.836656990381,10493.654665505917,7437.036322349604
forecast_2751,2025-04-25 15:00:00,11336.0144702463,10096.818967642434,7967.432241356601
forecast_2752,2025-04-25 16:00:00,11074.36472586977,9969.519088867723,8009.764509893071
forecast_2753,2025-04-25 17:00:00,11511.79490017388,10260.27971179556,8589.820874659792
forecast_2754,2025-04-25 18:00:00,10941.988438319431,9315.357716629913,8652.427903614793
forecast_2755,2025-04-25 19:00:00,10491.220009941288,9233.98366915878,10074.051689464466
forecast_2756,2025-04-25 20:00:00,10957.413784887809,11605.520729791899,11370.090764252465
forecast_2757,2025-04-25 21:00:00,13784.035097487216,13571.899151412994,12224.762040001755
forecast_2758,2025-04-25 22:00:00,13379.444163524207,12950.421255518428,10088.017725971662
forecast_2759,2025-04-25 23:00:00,11236.55664567577,8163.9815455086045,8240.701688635801
forecast_2760,2025-04-26 00:00:00,10299.315902943854,9851.033441898126,9843.681404344758
forecast_2761,2025-04-26 01:00:00,8552.63676459343,10653.670277194093,9593.755889526266
forecast_2762,2025-04-26 02:00:00,10551.971106051675,12662.240375436471,10069.005318874602
forecast_2763,2025-04-26 03:00:00,13675.934660758696,14979.30319242586,12310.657740146396
forecast_2764,2025-04-26 04:00:00,13079.671027770886,15392.589277636576,11361.408455389575
forecast_2765,2025-04-26 05:00:00,12842.625013918236,13536.2345612813,10426.116781674073
forecast_2766,2025-04-26 06:00:00,13687.937607842228,17748.68895627062,12957.638225194161
forecast_2767,2025-04-26 07:00:00,13439.152841553983,16883.95579683255,12511.301115926548
forecast_2768,2025-04-26 08:00:00,14570.387783775028,15733.602936958085,14382.627512844765
forecast_2769,2025-04-26 09:00:00,12397.595412844605,13697.286762265061,12384.987622836414
forecast_2770,2025-04-26 10:00:00,12619.574006917577,12666.822897741951,12852.366160996731
forecast_2771,2025-04-26 11:00:00,12913.235847827553,13213.939486303807,11761.632911924546
forecast_2772,2025-04-26 12:00:00,12820.579351069357,14678.959128360255,13205.913036702688
forecast_2773,2025-04-26 13:00:00,13279.29462957707,14403.13983981983,13850.226918563272
forecast_2774,2025-04-26 14:00:00,13769.894960071922,15016.269668874775,13792.381342430166
forecast_2775,2025-04-26 15:00:00,15193.448614908111,16995.756166784042,15200.150130809034
forecast_2776,2025-04-26 16:00:00,15241.38616822365,16336.280100301172,15733.275818344076
forecast_2777,2025-04-26 17:00:00,15744.043160895984,16333.785159814473,16340.040369077982
forecast_2778,2025-04-26 18:00:00,17244.30177765874,18244.542609255717,17018.701122227987
forecast_2779,2025-04-26 19:00:00,17389.2674021429,18497.822279678647,17357.44173937165
forecast_2780,2025-04-26 20:00:00,18263.160263706515,19167.518440045696,18375.01034036582
forecast_2781,2025-04-26 21:00:00,18733.0735006179,19155.386073259833,18006.12235426752
forecast_2782,2025-04-26 22:00:00,19838.749711448345,19716.015085067073,18186.56553077103
forecast_2783,2025-04-26 23:00:00,19563.916667687816,19888.82650639724,18299.59940824223
forecast_2784,2025-04-27 00:00:00,18541.249148610124,19724.884892146954,17693.150616127743
forecast_2785,2025-04-27 01:00:00,19378.29784488328,19920.16573690699,17599.019613546618
forecast_2786,2025-04-27 02:00:00,19293.45954842089,19269.410943267525,17266.33332573698
forecast_2787,2025-04-27 03:00:00,19034.148296481828,19226.447377373264,17171.648424679974
forecast_2788,2025-04-27 04:00:00,18463.86321194499,19308.201175575927,15963.04279778538
forecast_2789,2025-04-27 05:00:00,18691.621160119365,19690.701367787107,16552.129303077316
forecast_2790,2025-04-27 06:00:00,18322.8544974769,19620.324153930713,15592.723803442981
forecast_2791,2025-04-27 07:00:00,18055.847522629832,19378.890349231755,15566.141383912554
forecast_2792,2025-04-27 08:00:00,17495.23318201409,18920.219664690754,15404.132725591944
forecast_2793,2025-04-27 09:00:00,16456.543090406692,17925.546000060946,14326.604436102522
forecast_2794,2025-04-27 10:00:00,16636.4623637741,16622.109902920423,13308.37907348821
forecast_2795,2025-04-27 11:00:00,16566.389669260236,16587.52757790946,14805.67850178258
forecast_2796,2025-04-27 12:00:00,17035.524814007436,17078.679219218106,15501.80992562376
forecast_2797,2025-04-27 13:00:00,17026.41689019858,18461.673370675715,15856.890982800262
forecast_2798,2025-04-27 14:00:00,16108.340068998321,17666.135365034384,14868.406598368505
forecast_2799,2025-04-27 15:00:00,15509.266613192425,16844.898311862435,15245.527121620687
forecast_2800,2025-04-27 16:00:00,15836.285888866985,16133.752582903035,15460.83056542964
forecast_2801,2025-04-27 17:00:00,15702.509548853202,16241.85921787802,15801.933097349358
forecast_2802,2025-04-27 18:00:00,15074.229964322361,16033.699154885051,15467.507349698268
forecast_2803,2025-04-27 19:00:00,15284.748884178254,16439.61925782421,15676.58504334767
forecast_2804,2025-04-27 20:00:00,16534.279315405856,18129.464492251023,16401.22422556307
forecast_2805,2025-04-27 21:00:00,16240.510448298885,15492.19793408257,14191.15560830303
forecast_2806,2025-04-27 22:00:00,16361.985834362338,17280.059269466372,16146.999491152357
forecast_2807,2025-04-27 23:00:00,16882.278921043788,17032.87191851341,15726.776808213623
forecast_2808,2025-04-28 00:00:00,15965.324065437193,13961.172735752094,12631.008401269784
forecast_2809,2025-04-28 01:00:00,15045.351067107245,14553.708910724574,13133.031855626312
forecast_2810,2025-04-28 02:00:00,16486.971736298936,16086.77686085763,13658.040892252739
forecast_2811,2025-04-28 03:00:00,15645.946006142933,13502.158099282722,12159.71344429921
forecast_2812,2025-04-28 04:00:00,13032.457677765491,13355.809834734377,11148.005472379169
forecast_2813,2025-04-28 05:00:00,10607.947012156608,12006.500111596559,9301.098966697064
forecast_2814,2025-04-28 06:00:00,10373.189628785658,10937.638991487638,9509.036261627369
forecast_2815,2025-04-28 07:00:00,8090.465859237815,8261.146006064368,6425.834145625585
forecast_2816,2025-04-28 08:00:00,5614.406503121358,6018.191824477929,4342.242562096563
forecast_2817,2025-04-28 09:00:00,3725.1928770775035,4030.463181588853,2455.2252379681418
forecast_2818,2025-04-28 10:00:00,4918.137230738681,4190.748842118527,3275.309298231333
forecast_2819,2025-04-28 11:00:00,6883.595998563934,5636.831288333809,5168.600869972154
forecast_2820,2025-04-28 12:00:00,10755.070952964876,11165.140814439152,9605.943504589388
forecast_2821,2025-04-28 13:00:00,12904.261211874838,11297.29871471201,10796.662457198294
forecast_2822,2025-04-28 14:00:00,13087.510179220457,10854.723958576,9247.945983773881
forecast_2823,2025-04-28 15:00:00,11831.881097271416,9056.147074270508,5979.78744896132
forecast_2824,2025-04-28 16:00:00,6387.649200723402,4822.3254328332,2753.5924327116877
forecast_2825,2025-04-28 17:00:00,5289.926035984516,3256.7322575284597,2259.5934325975454
forecast_2826,2025-04-28 18:00:00,3078.6134358895324,1819.4078481643687,1160.906103666931
forecast_2827,2025-04-28 19:00:00,3259.0134489107154,2547.8319703908446,1286.5676190096165
forecast_2828,2025-04-28 20:00:00,4594.049214627636,3174.890806923272,2603.4675585002356
forecast_2829,2025-04-28 21:00:00,4013.574093905538,2657.1206226197482,1689.2624631874733
forecast_2830,2025-04-28 22:00:00,3679.080825201451,4013.1367500019333,1602.1729378783186
forecast_2831,2025-04-28 23:00:00,3683.1905568187335,3313.6462483410005,1810.4143024680548
forecast_2832,2025-04-29 00:00:00,4543.713789359915,3655.0296506663963,1923.2564599410641
forecast_2833,2025-04-29 01:00:00,2691.640489977343,2698.6586922282836,952.760011753111
forecast_2834,2025-04-29 02:00:00,1843.728752677213,1719.438463184589,644.938639351321
forecast_2835,2025-04-29 03:00:00,1788.1163137948224,1124.7509171961945,591.2985451604819
forecast_2836,2025-04-29 04:00:00,1676.0333772973972,1009.314874416195,444.3745922703278
forecast_2837,2025-04-29 05:00:00,3422.7893343117807,1626.6016639725233,1123.0711441594167
forecast_2838,2025-04-29 06:00:00,4973.242317277838,3751.7998553435577,2847.816985579061
forecast_2839,2025-04-29 07:00:00,5454.037654256446,5294.136547365526,3817.3380544153065
forecast_2840,2025-04-29 08:00:00,4517.920107337594,5262.119820403491,3623.5149593238903
forecast_2841,2025-04-29 09:00:00,5252.626663598376,5024.596077374615,3936.188999999704
forecast_2842,2025-04-29 10:00:00,5656.140804006711,6449.05531241988,3312.3383590542257
forecast_2843,2025-04-29 11:00:00,6016.34907100101,5379.666737223926,4197.546221959037
forecast_2844,2025-04-29 12:00:00,7316.996412115954,5341.001895464621,5682.510483909996
forecast_2845,2025-04-29 13:00:00,7624.814457809449,5516.605298248387,5585.965802139018
forecast_2846,2025-04-29 14:00:00,7572.871684053706,5401.911077032478,4973.697951323687
forecast_2847,2025-04-29 15:00:00,7612.033705626464,5416.6999469491875,5220.051666522532
forecast_2848,2025-04-29 16:00:00,8416.67720832414,6662.666533070737,4796.463356580986
forecast_2849,2025-04-29 17:00:00,6694.95530633381,6025.23130953353,4513.112454918952
forecast_2850,2025-04-29 18:00:00,6671.85830801155,7241.893862174089,6220.562385841814
forecast_2851,2025-04-29 19:00:00,10419.682550892008,9976.074376465993,9199.471149840903
forecast_2852,2025-04-29 20:00:00,13806.19963581187,14913.60481212065,13099.734658919115
forecast_2853,2025-04-29 21:00:00,15021.490177836924,16118.77447492018,15043.774207640872
forecast_2854,2025-04-29 22:00:00,16339.788515308319,18101.166699074794,16152.955260613408
forecast_2855,2025-04-29 23:00:00,17323.49263882547,19090.845746461593,17709.80339797653
forecast_2856,2025-04-30 00:00:00,17039.41612794364,18094.007767937303,17546.7554413992
forecast_2857,2025-04-30 01:00:00,17125.893149637675,19005.598478317683,16353.070592383403
forecast_2858,2025-04-30 02:00:00,19384.06377594101,17916.208379938715,17219.67695599089
forecast_2859,2025-04-30 03:00:00,19676.22158083053,18604.56069726248,17601.365381838896
forecast_2860,2025-04-30 04:00:00,19064.060288380904,17970.218208264512,17492.288092910298
forecast_2861,2025-04-30 05:00:00,19264.302961829606,18801.946603742617,17700.915446466297
forecast_2862,2025-04-30 06:00:00,18691.40558446994,19007.075389945378,15931.915689963489
forecast_2863,2025-04-30 07:00:00,16254.987213657501,17783.464849720116,16189.537782829551
forecast_2864,2025-04-30 08:00:00,14367.974288606396,16579.91680908157,14138.418628142375
forecast_2865,2025-04-30 09:00:00,14460.583991661719,16294.523687493742,13420.302145330255
forecast_2866,2025-04-30 10:00:00,13123.995578403876,15403.657847821598,12569.5666222143
forecast_2867,2025-04-30 11:00:00,11597.359416508409,14245.054269560045,12651.541738868911
forecast_2868,2025-04-30 12:00:00,10210.17785647404,12318.45091382088,11902.411138390798
forecast_2869,2025-04-30 13:00:00,7848.267336914193,11175.557777528858,11616.652144075295
forecast_2870,2025-04-30 14:00:00,7806.097772010907,10564.980041699468,10909.795492595107
forecast_2871,2025-04-30 15:00:00,7417.993557093291,9988.38612568748,8898.276848899859
forecast_2872,2025-04-30 16:00:00,6443.360051177252,8460.5367230942,6810.46218992122
forecast_2873,2025-04-30 17:00:00,5225.502174862708,6952.310700143886,5018.060256054317
forecast_2874,2025-04-30 18:00:00,4456.684271611567,7196.058827767656,5225.754904197417
forecast_2875,2025-04-30 19:00:00,4032.69084258936,6446.153358362474,4656.618340069294
forecast_2876,2025-04-30 20:00:00,5722.388172742216,7186.87430514441,5239.867636258411
forecast_2877,2025-04-30 21:00:00,7133.456949545305,8071.751876889653,5606.318420593528
forecast_2878,2025-04-30 22:00:00,7704.327497100666,11049.982321195876,7612.665940661938
forecast_2879,2025-04-30 23:00:00,7781.136189672871,12333.018651676663,9007.753013766298
forecast_2880,2025-05-01 00:00:00,8450.00877108596,12916.58488587983,10309.124929683367
forecast_2881,2025-05-01 01:00:00,11194.051950089162,15079.959969998135,10561.849514259822
forecast_2882,2025-05-01 02:00:00,12745.018908038794,16169.243895984344,12426.530864251363
forecast_2883,2025-05-01 03:00:00,14092.1209606384,16186.053696755922,13536.931491915579
forecast_2884,2025-05-01 04:00:00,14821.081859192916,17595.260733951774,14287.016252949814
forecast_2885,2025-05-01 05:00:00,16019.425257619592,18541.433678167894,14804.593755606096
forecast_2886,2025-05-01 06:00:00,16109.614181435138,18498.674815220034,14513.797328282397
forecast_2887,2025-05-01 07:00:00,16444.5874139039,18904.110984212246,14026.462051942799
forecast_2888,2025-05-01 08:00:00,15413.634834424107,18581.975518298408,14060.396640550183
forecast_2889,2025-05-01 09:00:00,12978.271782337963,17300.997373623417,12384.383721844402
forecast_2890,2025-05-01 10:00:00,12647.109225704797,17695.133854046842,13635.742291284729
forecast_2891,2025-05-01 11:00:00,12415.00934616967,17285.964285999475,13885.619020272345
forecast_2892,2025-05-01 12:00:00,13011.704835304863,17220.365462641133,14532.240788633766
forecast_2893,2025-05-01 13:00:00,12831.014004187671,16865.503534398682,15242.038904379446
forecast_2894,2025-05-01 14:00:00,11032.874300794114,16321.851575752939,15293.258441462878
forecast_2895,2025-05-01 15:00:00,11438.282050305901,16378.470052169436,15038.779923712245
forecast_2896,2025-05-01 16:00:00,13268.551593974447,16988.120352879283,15352.349759193827
forecast_2897,2025-05-01 17:00:00,13179.347437837687,17575.964521997,13871.718956514665
forecast_2898,2025-05-01 18:00:00,10323.466999461074,14233.643890119916,10801.314853944628
forecast_2899,2025-05-01 19:00:00,10920.224526544327,14580.715981984844,10966.167134162539
forecast_2900,2025-05-01 20:00:00,11949.411717113098,14752.47577532887,11383.96684486331
forecast_2901,2025-05-01 21:00:00,8432.43059840522,12179.013282225522,7009.749338562712
forecast_2902,2025-05-01 22:00:00,11278.037129809323,12573.587990479158,11215.103662606665
forecast_2903,2025-05-01 23:00:00,15208.529489817784,15501.63615827831,12909.005994759902
forecast_2904,2025-05-02 00:00:00,16272.755590828701,17465.59128088973,12605.522461984854
forecast_2905,2025-05-02 01:00:00,15948.432337291097,16546.106416180806,13669.285634669175
forecast_2906,2025-05-02 02:00:00,15678.7705016543,15759.88261275384,12769.376702579215
forecast_2907,2025-05-02 03:00:00,14821.995087035983,15583.539176956778,11660.457144966525
forecast_2908,2025-05-02 04:00:00,13799.121194996525,13986.325887871819,13320.09832794447
forecast_2909,2025-05-02 05:00:00,16388.35044942512,17703.563104641078,14243.707335859714
forecast_2910,2025-05-02 06:00:00,16938.588108893233,18251.738710968097,14872.53792054857
forecast_2911,2025-05-02 07:00:00,15330.718889043514,16344.961419337451,14563.061168481341
forecast_2912,2025-05-02 08:00:00,14098.971728173943,15080.577122122908,10555.278021229275
forecast_2913,2025-05-02 09:00:00,12898.771214218366,11899.01736497355,8396.711478168301
forecast_2914,2025-05-02 10:00:00,10281.76969087881,10091.829642713494,7836.682358581027
forecast_2915,2025-05-02 11:00:00,8679.247665687002,8199.187325349858,6259.767807725349
forecast_2916,2025-05-02 12:00:00,7645.201200774462,8066.404452505001,6243.614076305941
forecast_2917,2025-05-02 13:00:00,5365.42539491265,5500.253909376132,4182.085228942772
forecast_2918,2025-05-02 14:00:00,6772.669680649231,5106.527537621787,4318.703647217595
forecast_2919,2025-05-02 15:00:00,6012.371993979232,4615.673714970303,3984.3102755816203
forecast_2920,2025-05-02 16:00:00,5338.512364313497,4452.149090406789,3152.8310322507414
forecast_2921,2025-05-02 17:00:00,5217.560860439893,4586.2396791921965,4049.0582419124794
forecast_2922,2025-05-02 18:00:00,6310.74647410598,5693.621674233074,6556.279389917201
forecast_2923,2025-05-02 19:00:00,6884.580301030168,6079.294606453118,6690.489708641561
forecast_2924,2025-05-02 20:00:00,8900.435059819592,8138.3752465147145,9364.690018633204
forecast_2925,2025-05-02 21:00:00,9378.246775030231,10798.497324254773,10184.635754481607
forecast_2926,2025-05-02 22:00:00,9470.325113731058,10483.751568014597,9380.235298064328
forecast_2927,2025-05-02 23:00:00,9962.718309546946,12541.965948711224,10559.467529350679
forecast_2928,2025-05-03 00:00:00,10470.055972489045,11256.498995117414,9647.897008228898
forecast_2929,2025-05-03 01:00:00,9890.917701257835,11992.263597715359,9415.95375841089
forecast_2930,2025-05-03 02:00:00,11663.252668570343,12358.505749574902,10341.238009059367
forecast_2931,2025-05-03 03:00:00,9160.455152638515,11387.263371614912,9062.42413810444
forecast_2932,2025-05-03 04:00:00,5980.58712040652,7310.544312824606,5683.738617270277
forecast_2933,2025-05-03 05:00:00,6129.789913146225,8327.603988419203,3441.7151510608624
forecast_2934,2025-05-03 06:00:00,3872.6491503156785,4043.867395439382,2649.29452563662
forecast_2935,2025-05-03 07:00:00,2462.813367829241,2852.9950572247762,1436.9780473440733
forecast_2936,2025-05-03 08:00:00,3056.7123178616166,3044.8773775056447,1666.1645937396304
forecast_2937,2025-05-03 09:00:00,4856.292968355297,6155.301925888873,3163.9741006145796
forecast_2938,2025-05-03 10:00:00,6135.172493632466,7688.962310805758,6027.736563831283
forecast_2939,2025-05-03 11:00:00,9734.986964585209,11853.44646278199,8812.898205603005
forecast_2940,2025-05-03 12:00:00,11875.112781803806,13097.931716095707,11841.058968582163
forecast_2941,2025-05-03 13:00:00,11403.10873828959,13346.995214138606,10612.77505093916
forecast_2942,2025-05-03 14:00:00,11838.903833093982,11735.121791998108,9244.198668692656
forecast_2943,2025-05-03 15:00:00,12520.377976984511,12379.086173562497,12000.471180073946
forecast_2944,2025-05-03 16:00:00,12313.195852810884,12740.86237642596,11274.653461634069
forecast_2945,2025-05-03 17:00:00,11276.50761318301,9772.633058508409,9179.488038444555
forecast_2946,2025-05-03 18:00:00,12154.238456378123,10063.10323357563,9056.158808337028
forecast_2947,2025-05-03 19:00:00,13270.81646991641,12134.387248381068,10259.45071594656
forecast_2948,2025-05-03 20:00:00,14668.895923657867,14097.87422914866,11741.989544191281
forecast_2949,2025-05-03 21:00:00,13951.14343961833,13905.899435306823,11644.976282249345
forecast_2950,2025-05-03 22:00:00,14234.290413412029,13996.918094302846,10427.776645355567
forecast_2951,2025-05-03 23:00:00,14289.34013272053,13028.695213140063,11785.680142080544
forecast_2952,2025-05-04 00:00:00,15492.286314986908,16104.685464926353,14614.23258002694
forecast_2953,2025-05-04 01:00:00,16187.994476948023,16564.887692295673,14523.456960913194
forecast_2954,2025-05-04 02:00:00,15507.59374657719,16180.70645993758,13669.006399864847
forecast_2955,2025-05-04 03:00:00,15299.99865755521,13886.049326943488,10706.386985349865
forecast_2956,2025-05-04 04:00:00,16287.603018852922,14978.991231641452,8845.892963005866
forecast_2957,2025-05-04 05:00:00,16026.252101840657,16128.095835822396,7714.132405960816
forecast_2958,2025-05-04 06:00:00,16231.23533459378,15930.987109559017,8748.268542228338
forecast_2959,2025-05-04 07:00:00,15816.029043994122,15624.335955995011,7033.121288850579
forecast_2960,2025-05-04 08:00:00,15310.898153895132,14458.703957315362,7475.487293970561
forecast_2961,2025-05-04 09:00:00,14990.3904205148,12877.92283850126,7453.153825042297
forecast_2962,2025-05-04 10:00:00,13664.089623356389,12217.404558571498,8127.668370486072
forecast_2963,2025-05-04 11:00:00,12740.696721571527,12598.453411120998,8952.725021285658
forecast_2964,2025-05-04 12:00:00,13202.487985094474,12986.11427516276,11899.561923004856
forecast_2965,2025-05-04 13:00:00,13977.919801516953,14713.965026193651,13398.216215867391
forecast_2966,2025-05-04 14:00:00,14905.669826258134,16452.17415253757,14961.157009719293
forecast_2967,2025-05-04 15:00:00,15094.243376227987,17309.564501180845,15755.344069104121
forecast_2968,2025-05-04 16:00:00,14884.664041805434,16660.814736533943,14434.469470270122
forecast_2969,2025-05-04 17:00:00,14662.920263961969,16027.711490950098,12838.894694391689
forecast_2970,2025-05-04 18:00:00,15396.709839491206,15719.373458587295,11893.018411117568
forecast_2971,2025-05-04 19:00:00,15256.191066552037,14179.219237979232,10891.98863375531
forecast_2972,2025-05-04 20:00:00,14198.96242607913,12946.36543969604,9285.760584587284
forecast_2973,2025-05-04 21:00:00,12357.161378304243,11063.95374088791,6569.553062473952
forecast_2974,2025-05-04 22:00:00,7889.491944033713,8984.097677047086,3817.7459693741375
forecast_2975,2025-05-04 23:00:00,5287.281240342824,3983.52632909976,2841.4543580786303
forecast_2976,2025-05-05 00:00:00,2475.2459416131837,1986.041409933696,1201.065146906099
forecast_2977,2025-05-05 01:00:00,3086.770652488148,2754.122775165274,1672.6092094957392
forecast_2978,2025-05-05 02:00:00,2169.7319072276146,1742.5302757341617,1639.8590733157343
forecast_2979,2025-05-05 03:00:00,4078.8491965350954,1619.2176775022047,2149.955549250117
forecast_2980,2025-05-05 04:00:00,2168.6652067864497,1579.3059346898701,1975.700818714173
forecast_2981,2025-05-05 05:00:00,1060.5015199653553,819.0144031425109,830.4320755691768
forecast_2982,2025-05-05 06:00:00,676.1077010755077,647.3817860821731,239.1990601122722
forecast_2983,2025-05-05 07:00:00,602.473485131566,264.9259888487131,92.84002553881872
forecast_2984,2025-05-05 08:00:00,120.5025428715713,264.4456438991485,53.61590113408861
forecast_2985,2025-05-05 09:00:00,22.46719329971391,104.6055440679013,42.34903870846593
forecast_2986,2025-05-05 10:00:00,26.01090118288369,78.43921061549298,107.37434468129153
forecast_2987,2025-05-05 11:00:00,12.80533654538788,189.32419791637275,51.95487447245287
forecast_2988,2025-05-05 12:00:00,1.3652508040280267,46.595707678232664,61.648043078905744
forecast_2989,2025-05-05 13:00:00,216.87349113030936,0.0,143.26047746102236
forecast_2990,2025-05-05 14:00:00,112.11184680648059,284.7276156526953,118.83274206017363
forecast_2991,2025-05-05 15:00:00,136.45823916351299,191.90069859425944,119.60580376411265
forecast_2992,2025-05-05 16:00:00,63.97658077973826,503.3930124190408,534.3818118029719
forecast_2993,2025-05-05 17:00:00,227.1479903798446,443.5457767513242,612.7466944835701
forecast_2994,2025-05-05 18:00:00,456.82356173665244,1566.4665838484614,788.5159648463615
forecast_2995,2025-05-05 19:00:00,2307.1129868836506,2086.7375813109147,962.7569583507717
forecast_2996,2025-05-05 20:00:00,2130.8167493079172,2204.3620861328664,1234.8967229536102
forecast_2997,2025-05-05 21:00:00,2342.9978195295466,2920.159431926085,1010.8038886457315
forecast_2998,2025-05-05 22:00:00,3254.421522892034,3617.0471271829488,1816.8763228910746
forecast_2999,2025-05-05 23:00:00,1420.2631181156023,2002.0048134826613,506.64250274824786
forecast_3000,2025-05-06 00:00:00,1725.7450042402631,2066.366603677959,503.5849141288331
forecast_3001,2025-05-06 01:00:00,650.8082254641658,382.7089831221452,101.06958532865654
forecast_3002,2025-05-06 02:00:00,481.14868019474955,0.0,0.0
forecast_3003,2025-05-06 03:00:00,292.00321683168943,0.0,107.8135669189122
forecast_3004,2025-05-06 04:00:00,253.3780108364295,46.55754845213731,44.49321368370496
forecast_3005,2025-05-06 05:00:00,635.0749929295094,1130.671432744037,203.11764752100578
forecast_3006,2025-05-06 06:00:00,1496.2519060331222,1174.2858958957377,332.7662252524266
forecast_3007,2025-05-06 07:00:00,1698.036636512439,1374.0575184158026,530.8722886215695
forecast_3008,2025-05-06 08:00:00,1389.073173152213,971.2462962540747,497.56273197491515
forecast_3009,2025-05-06 09:00:00,1182.4270591501618,922.4396298213447,356.790901682437
forecast_3010,2025-05-06 10:00:00,205.24313219343134,318.43374231047164,342.57080108400095
forecast_3011,2025-05-06 11:00:00,131.75412373320572,264.26515104832026,185.42565723359493
forecast_3012,2025-05-06 12:00:00,126.68437394282573,414.507045201233,256.2221509905352
forecast_3013,2025-05-06 13:00:00,190.33464453879725,464.08552661943276,421.4557538511471
forecast_3014,2025-05-06 14:00:00,373.39717418847914,538.6506662799653,192.08245503942157
forecast_3015,2025-05-06 15:00:00,286.9316580343523,270.28156835425216,206.56193486540306
forecast_3016,2025-05-06 16:00:00,501.6023619520988,337.61515333856056,169.9315456218755
forecast_3017,2025-05-06 17:00:00,206.25073660468843,320.13611425694404,151.45891011976
forecast_3018,2025-05-06 18:00:00,263.69914678902455,207.4688629672287,156.04718307657018
forecast_3019,2025-05-06 19:00:00,229.75084718553836,0.0,237.57222662346405
forecast_3020,2025-05-06 20:00:00,239.98684957069318,108.09887658795691,122.4822981969822
forecast_3021,2025-05-06 21:00:00,588.4918122416084,155.53646254779792,325.4535739046683
forecast_3022,2025-05-06 22:00:00,889.3760964047875,1080.441409263944,194.58271347141482
forecast_3023,2025-05-06 23:00:00,1074.7653520832496,1006.7479889472138,223.2794164888963
forecast_3024,2025-05-07 00:00:00,2034.2834081347344,1398.1049528535154,865.9639524397716
forecast_3025,2025-05-07 01:00:00,1827.6923627167077,1356.4104761578242,838.7903052597115
forecast_3026,2025-05-07 02:00:00,1742.834925848792,1600.6657447819682,669.2325332989432
forecast_3027,2025-05-07 03:00:00,1203.361234335128,1525.7294768000827,473.0913563177928
forecast_3028,2025-05-07 04:00:00,1587.2872500436529,1463.427929457456,1098.295254748342
forecast_3029,2025-05-07 05:00:00,1795.1996520041482,1276.8153407763225,1662.1234766390687
forecast_3030,2025-05-07 06:00:00,1621.2900979993133,1917.6945106505004,2011.0817497505643
forecast_3031,2025-05-07 07:00:00,1828.6377899868176,1848.4971563533843,1749.4509348480951
forecast_3032,2025-05-07 08:00:00,2307.0800833525777,2036.422658647133,1733.9000545752479
forecast_3033,2025-05-07 09:00:00,2002.803963553045,1643.1890627837854,1148.0811845253547
forecast_3034,2025-05-07 10:00:00,1660.9687053270454,1660.1628983082394,1041.9609026970513
forecast_3035,2025-05-07 11:00:00,1531.4380510664776,1466.4708288518957,942.7494963372419
forecast_3036,2025-05-07 12:00:00,1590.569133850299,1334.985108459925,1087.1909540211204
forecast_3037,2025-05-07 13:00:00,1651.9725463209572,1423.1461100818528,904.7283296903469
forecast_3038,2025-05-07 14:00:00,1881.2558207416644,1404.8831974648297,515.1146968165802
forecast_3039,2025-05-07 15:00:00,1392.0259983256526,755.6008773317068,396.7482303859591
forecast_3040,2025-05-07 16:00:00,736.4562153702918,211.67801021558162,163.3810217688221
forecast_3041,2025-05-07 17:00:00,546.7264830998857,309.8023440681304,69.88153912589411
forecast_3042,2025-05-07 18:00:00,377.10372260907747,19.9182572454667,181.0363347907769
forecast_3043,2025-05-07 19:00:00,877.8149252712477,730.2205147711861,311.43141482123195
forecast_3044,2025-05-07 20:00:00,964.282524616911,890.2943102889448,502.53253810612125
forecast_3045,2025-05-07 21:00:00,3258.3966167272906,2580.6440289801935,1935.8613695665592
forecast_3046,2025-05-07 22:00:00,3387.1386908884483,4163.759883485048,2478.6318128814282
forecast_3047,2025-05-07 23:00:00,4153.698218506198,5319.85442260718,4004.460566732697
forecast_3048,2025-05-08 00:00:00,4317.727460365819,4608.759194891796,3826.6655632206
forecast_3049,2025-05-08 01:00:00,3358.8666132070216,3939.6226095770053,3174.0268068887226
forecast_3050,2025-05-08 02:00:00,5301.045232988491,5052.820158683099,3311.1216755792316
forecast_3051,2025-05-08 03:00:00,6347.065258432612,6102.861630755518,5485.936294738293
forecast_3052,2025-05-08 04:00:00,7498.606181858029,8204.110129863662,6967.541310443982
forecast_3053,2025-05-08 05:00:00,6767.082230920575,5322.554154716811,5176.81328021528
forecast_3054,2025-05-08 06:00:00,6076.926332296997,4783.7332480054265,3586.040984849088
forecast_3055,2025-05-08 07:00:00,2838.3881731659158,2960.3607222823807,2527.635712568131
forecast_3056,2025-05-08 08:00:00,1905.5970448141811,1787.5958603201134,1136.2438004692904
forecast_3057,2025-05-08 09:00:00,871.1182058516587,685.8032265416216,223.3115698546859
forecast_3058,2025-05-08 10:00:00,375.6397209559375,150.85107396618233,120.43366726087194
forecast_3059,2025-05-08 11:00:00,260.32557451231276,298.6323601105197,79.79432648869523
forecast_3060,2025-05-08 12:00:00,339.4058560818254,338.0141413802648,173.41137773210662
forecast_3061,2025-05-08 13:00:00,518.719760115309,351.23106445961304,226.99596711634226
forecast_3062,2025-05-08 14:00:00,1911.8812068400587,2391.853138457387,1278.7655104924845
forecast_3063,2025-05-08 15:00:00,1122.3420543115367,1676.9357304752275,1185.5049420312314
forecast_3064,2025-05-08 16:00:00,1277.4771482810384,2621.376935322041,1814.5123822005057
forecast_3065,2025-05-08 17:00:00,1147.366717897061,2129.12590750617,1860.0190894009968
forecast_3066,2025-05-08 18:00:00,2264.68916115402,3090.0169356856195,2369.490246304864
forecast_3067,2025-05-08 19:00:00,3557.4198669215457,3665.3104901627817,2649.623150746137
forecast_3068,2025-05-08 20:00:00,2131.163336278516,1429.5004844685188,860.2473492776243
forecast_3069,2025-05-08 21:00:00,1687.9672185102727,1883.7701584461233,887.4421703322201
forecast_3070,2025-05-08 22:00:00,2203.5761424439884,3316.8585920653263,1574.6344232118724
forecast_3071,2025-05-08 23:00:00,2720.817358800414,2477.6039159508473,1674.101014390791
forecast_3072,2025-05-09 00:00:00,3680.5869377860026,4228.093221554068,1769.6874900785365
forecast_3073,2025-05-09 01:00:00,3785.600748247079,4883.520734978714,2390.890003011691
forecast_3074,2025-05-09 02:00:00,4239.816362263957,5741.282331358485,2379.1928824472534
forecast_3075,2025-05-09 03:00:00,3043.5694368733093,3312.7366425776645,2280.8142017061155
forecast_3076,2025-05-09 04:00:00,3004.395619883317,2962.816133591879,2228.527855123655
forecast_3077,2025-05-09 05:00:00,2115.4864602581056,2748.86666238807,1014.3763062796688
forecast_3078,2025-05-09 06:00:00,2538.902272398515,2186.792952317963,757.9532627665834
forecast_3079,2025-05-09 07:00:00,2326.0352375946086,2177.6875234614868,763.7050695247937
forecast_3080,2025-05-09 08:00:00,1622.4520291381327,1164.1083160565668,362.8088582376335
forecast_3081,2025-05-09 09:00:00,1432.2574587262634,1128.025541480855,392.3822386813446
forecast_3082,2025-05-09 10:00:00,2897.8877508467313,3793.315255865089,1460.3998061566597
forecast_3083,2025-05-09 11:00:00,2929.986652252661,4209.777038801629,1762.7722349764176
forecast_3084,2025-05-09 12:00:00,7183.706643772318,7697.2878061741,4277.492006387356
forecast_3085,2025-05-09 13:00:00,11110.913936939996,10073.357730742358,6098.822581407827
forecast_3086,2025-05-09 14:00:00,11699.834151555975,13041.33399587724,8736.036808920213
forecast_3087,2025-05-09 15:00:00,12056.0358415357,13562.872088510096,8493.261403904291
forecast_3088,2025-05-09 16:00:00,11886.402850475648,13606.056587882194,7814.727316951182
forecast_3089,2025-05-09 17:00:00,10917.75671364788,13909.826013363907,8255.257054875823
forecast_3090,2025-05-09 18:00:00,8119.152950596028,9026.513350249437,5719.5869168028175
forecast_3091,2025-05-09 19:00:00,4800.951267371098,6368.718089685043,3947.961800142319
forecast_3092,2025-05-09 20:00:00,4380.036512441624,4014.834594483499,2103.3774888901253
forecast_3093,2025-05-09 21:00:00,2527.531727119543,3483.5465267175423,1931.5207690326497
forecast_3094,2025-05-09 22:00:00,1957.2420489141866,2856.219267645148,1512.680750968057
forecast_3095,2025-05-09 23:00:00,3094.6151576862753,3850.0048833404717,2369.5666316385223
forecast_3096,2025-05-10 00:00:00,8172.330612047894,9068.751664792268,4278.951860243786
forecast_3097,2025-05-10 01:00:00,9488.978424908482,11362.670695199637,5113.227147940764
forecast_3098,2025-05-10 02:00:00,11969.354679098613,14194.805193982676,8508.848961148255
forecast_3099,2025-05-10 03:00:00,13919.682761197972,16066.802676668152,10351.371861807605
forecast_3100,2025-05-10 04:00:00,14442.323087151237,15225.697088502324,8884.294116923296
forecast_3101,2025-05-10 05:00:00,14300.076777727136,15684.515376145551,9861.077661954589
forecast_3102,2025-05-10 06:00:00,16184.12228421385,17498.631685917706,14103.497873252874
forecast_3103,2025-05-10 07:00:00,19079.228310514813,19139.203962087922,14634.803380326099
forecast_3104,2025-05-10 08:00:00,19250.17874048919,18814.549170446608,15272.251458455792
forecast_3105,2025-05-10 09:00:00,19155.64520616184,18641.481779780086,16729.728436705078
forecast_3106,2025-05-10 10:00:00,19352.55034857574,18448.043380905314,16145.389245588764
forecast_3107,2025-05-10 11:00:00,19000.964332230342,18813.50398286693,16253.860691089276
forecast_3108,2025-05-10 12:00:00,18346.887804023223,18137.389882672323,17001.301070709567
forecast_3109,2025-05-10 13:00:00,18717.31991894724,18103.408756367433,17407.557872374542
forecast_3110,2025-05-10 14:00:00,17979.011824003443,18559.27853070529,17493.144218604575
forecast_3111,2025-05-10 15:00:00,18722.921563701697,18811.479678567575,17166.92409247823
forecast_3112,2025-05-10 16:00:00,17739.48177137744,18475.996556508355,17040.24581449691
forecast_3113,2025-05-10 17:00:00,16989.131806400143,18193.448696629344,16043.287476072985
forecast_3114,2025-05-10 18:00:00,15442.873157396032,15601.321447489368,14648.57923298831
forecast_3115,2025-05-10 19:00:00,12193.754064194223,10456.11871028366,8241.558176596205
forecast_3116,2025-05-10 20:00:00,9524.49010562088,9565.158665754861,8910.18251814198
forecast_3117,2025-05-10 21:00:00,8790.804193274893,8581.950230706814,5845.134622163056
forecast_3118,2025-05-10 22:00:00,9046.860984065926,9006.189961755914,5799.155210243108
forecast_3119,2025-05-10 23:00:00,9393.221712426866,8986.189650348166,7086.429819982389
forecast_3120,2025-05-11 00:00:00,6255.767768036331,7225.748795316928,5817.099437686227
forecast_3121,2025-05-11 01:00:00,6402.38482812856,7390.763232659167,5646.438908096393
forecast_3122,2025-05-11 02:00:00,6695.532878560304,7411.091657439088,6074.327272918842
forecast_3123,2025-05-11 03:00:00,5932.808106105434,6639.018039337372,5152.80457091
forecast_3124,2025-05-11 04:00:00,6128.198255454329,6373.157417095036,4666.680857648398
forecast_3125,2025-05-11 05:00:00,6714.6835853214225,6389.463798609051,4877.215912214291
forecast_3126,2025-05-11 06:00:00,4968.564709023186,5336.287682256698,4584.94775916046
forecast_3127,2025-05-11 07:00:00,3945.9391997167945,4365.739055999731,3680.65766365208
forecast_3128,2025-05-11 08:00:00,2956.625778582958,3072.056969046465,2363.0869528369026
forecast_3129,2025-05-11 09:00:00,1575.0157177125266,1400.7663527290351,1516.4921775338528
forecast_3130,2025-05-11 10:00:00,611.0852892326022,581.9657658532687,961.3594218341003
forecast_3131,2025-05-11 11:00:00,554.1315687665764,678.8204780756218,890.4144375983471
forecast_3132,2025-05-11 12:00:00,784.4082259995165,767.8042845679153,1142.1969500799948
forecast_3133,2025-05-11 13:00:00,1217.965374719892,1158.3995926797654,1062.0542450963785
forecast_3134,2025-05-11 14:00:00,4264.492638667116,2268.082901402372,1703.1874782715834
forecast_3135,2025-05-11 15:00:00,2746.653111071737,2198.2497659338605,2243.9261492203796
forecast_3136,2025-05-11 16:00:00,2688.062144603703,2296.747139356079,2132.305949853307
forecast_3137,2025-05-11 17:00:00,3425.769333361546,3220.7648927164173,2219.5486526338245
forecast_3138,2025-05-11 18:00:00,3965.0777360538714,3732.518204420754,2702.150710115688
forecast_3139,2025-05-11 19:00:00,6099.433660211714,4821.134880754124,3925.5574657472857
forecast_3140,2025-05-11 20:00:00,5937.9118838844415,6795.657493551567,5525.961272210717
forecast_3141,2025-05-11 21:00:00,9360.89559007152,8960.355211827467,7627.193692427755
forecast_3142,2025-05-11 22:00:00,10136.073466498294,12323.24404590195,10356.357323575692
forecast_3143,2025-05-11 23:00:00,10246.76298342421,13056.927202308481,11997.388431436653
forecast_3144,2025-05-12 00:00:00,13476.594114941108,13733.689217283685,13218.520543604967
forecast_3145,2025-05-12 01:00:00,12564.60726575285,14752.494456438902,13004.193982069502
forecast_3146,2025-05-12 02:00:00,13171.245668329073,16005.169938956462,13303.356380069661
forecast_3147,2025-05-12 03:00:00,13898.807085859547,15425.224466946062,12096.96938311964
forecast_3148,2025-05-12 04:00:00,13109.422763229253,15201.992425981198,12397.135763153714
forecast_3149,2025-05-12 05:00:00,13280.351955466356,14290.30413452289,12816.87521325602
forecast_3150,2025-05-12 06:00:00,12330.842497926493,14811.4018005954,12238.602499840516
forecast_3151,2025-05-12 07:00:00,11250.692862747968,12515.998406022381,11108.787120051426
forecast_3152,2025-05-12 08:00:00,12225.923680909153,11920.375115172554,9455.721661134481
forecast_3153,2025-05-12 09:00:00,11717.982451756716,10960.911316001315,7897.883183228211
forecast_3154,2025-05-12 10:00:00,9865.527566560879,10065.948375826736,7383.817350500974
forecast_3155,2025-05-12 11:00:00,7672.952566931026,6632.1126143349575,5355.378558083703
forecast_3156,2025-05-12 12:00:00,8335.172925363173,7771.249790174668,6418.7916924227775
forecast_3157,2025-05-12 13:00:00,7408.033403170556,7587.32968085159,7224.046391661012
forecast_3158,2025-05-12 14:00:00,6972.07037930766,6592.950316674527,6479.5936883576815
forecast_3159,2025-05-12 15:00:00,7107.147069348825,5764.491369242621,6441.90405485279
forecast_3160,2025-05-12 16:00:00,6849.300081387916,6092.917527557401,6396.146133576222
forecast_3161,2025-05-12 17:00:00,7869.599115499122,6284.073515135102,6888.311839181015
forecast_3162,2025-05-12 18:00:00,7795.247045570852,6872.095007389313,7589.561343650953
forecast_3163,2025-05-12 19:00:00,8617.209642521602,8603.848629283395,8606.99296185615
forecast_3164,2025-05-12 20:00:00,10894.917415437794,11738.780615816411,11310.057902628729
forecast_3165,2025-05-12 21:00:00,14482.835995957532,13207.754924990864,13877.403686062096
forecast_3166,2025-05-12 22:00:00,14920.60007425514,17270.7663080869,15146.274627343459
forecast_3167,2025-05-12 23:00:00,15862.678402573098,16956.466680298294,16491.004284881095
forecast_3168,2025-05-13 00:00:00,17746.949933952063,17484.893587246555,16181.084675680278
forecast_3169,2025-05-13 01:00:00,20049.095073007535,18757.91633288789,15417.881118307418
forecast_3170,2025-05-13 02:00:00,19810.119022494975,18853.517747948375,16314.311015527668
forecast_3171,2025-05-13 03:00:00,19110.169716744625,18565.30999812067,16513.940486799755
forecast_3172,2025-05-13 04:00:00,17451.268402526934,17975.62317153626,16207.188131979694
forecast_3173,2025-05-13 05:00:00,17532.073881378168,18481.311329192107,16286.449257783817
forecast_3174,2025-05-13 06:00:00,16941.78004919569,18277.7081435325,15361.88334390488
forecast_3175,2025-05-13 07:00:00,15392.249578643774,17205.20376116151,15157.53345652834
forecast_3176,2025-05-13 08:00:00,15094.37726104572,17195.42141199353,14953.76686334244
forecast_3177,2025-05-13 09:00:00,13133.548579917266,15892.93691349603,13466.332904648925
forecast_3178,2025-05-13 10:00:00,12955.307644889801,15574.92663280089,13101.271021345372
forecast_3179,2025-05-13 11:00:00,12458.506887694248,15122.077406123546,12557.810189219024
forecast_3180,2025-05-13 12:00:00,12201.271601806811,13962.461141459837,12822.583769884808
forecast_3181,2025-05-13 13:00:00,12040.519580339585,13824.101874220514,12959.578366939264
forecast_3182,2025-05-13 14:00:00,11790.933372640508,13848.746064635108,12662.559024712147
forecast_3183,2025-05-13 15:00:00,11862.668623934198,12665.484078785974,12218.974929731832
forecast_3184,2025-05-13 16:00:00,11704.542399384043,12349.842373142621,12512.101901417776
forecast_3185,2025-05-13 17:00:00,11609.913276793199,13170.078508713614,13847.945820506951
forecast_3186,2025-05-13 18:00:00,12496.867044454348,14230.66982886492,13686.253593909423
forecast_3187,2025-05-13 19:00:00,13557.568890178381,15278.35812972941,14183.77344717005
forecast_3188,2025-05-13 20:00:00,17397.851419062365,17329.28840271467,16383.892766407589
forecast_3189,2025-05-13 21:00:00,18882.9818555116,18451.59662892128,16575.364157566637
forecast_3190,2025-05-13 22:00:00,17987.967909597817,18793.577724799936,17303.379437001888
forecast_3191,2025-05-13 23:00:00,18011.08731810201,19472.912530411915,17750.695082658352
forecast_3192,2025-05-14 00:00:00,19340.206048849035,19561.492087238934,17269.94193038684
forecast_3193,2025-05-14 01:00:00,18172.724131202653,19054.794777323485,17518.27031780217
forecast_3194,2025-05-14 02:00:00,18369.450611682994,19378.74910237671,17464.827090361327
forecast_3195,2025-05-14 03:00:00,18019.666664361073,19090.894051929736,17645.988007054802
forecast_3196,2025-05-14 04:00:00,18806.53735749969,19016.29033203854,15645.975548388713
forecast_3197,2025-05-14 05:00:00,19353.780946278952,18509.077775289978,15109.35507020517
forecast_3198,2025-05-14 06:00:00,18156.873537781084,18505.397856384014,14373.324898383918
forecast_3199,2025-05-14 07:00:00,14863.484715559442,15729.315058648406,10132.497406676282
forecast_3200,2025-05-14 08:00:00,11479.752729981079,12006.314162095397,6782.953050713738
forecast_3201,2025-05-14 09:00:00,7822.741906648969,8100.443507600389,5166.489830534258
forecast_3202,2025-05-14 10:00:00,6211.468625257509,6088.5058925167095,6091.513797975067
forecast_3203,2025-05-14 11:00:00,4068.361311140248,4396.350859730493,4062.8965785195946
forecast_3204,2025-05-14 12:00:00,3601.0152602975813,3747.085777956627,3620.1903711733366
forecast_3205,2025-05-14 13:00:00,3266.1671381520214,3327.7558403908993,3062.183377873072
forecast_3206,2025-05-14 14:00:00,2816.064400304885,3150.9454125244933,3727.1863401058094
forecast_3207,2025-05-14 15:00:00,3193.1011108943285,3411.8072178424272,2971.954995213291
forecast_3208,2025-05-14 16:00:00,2708.30465173613,3944.2032856335004,3656.4779055914464
forecast_3209,2025-05-14 17:00:00,3431.838924474188,4068.636669230861,3302.928404929676
forecast_3210,2025-05-14 18:00:00,3601.0600085133838,3697.3671348944786,3240.9984003419604
forecast_3211,2025-05-14 19:00:00,5720.483002803418,5478.53073083642,4045.379505204512
forecast_3212,2025-05-14 20:00:00,5129.6406394986925,5807.081454929354,4092.5959376773853
forecast_3213,2025-05-14 21:00:00,6478.551577753105,5803.808394841689,4147.634902532881
forecast_3214,2025-05-14 22:00:00,6924.731358767543,9994.730563408428,6118.912378984363
forecast_3215,2025-05-14 23:00:00,6041.005992401638,8322.413418034193,5451.195943120356
forecast_3216,2025-05-15 00:00:00,6250.452346472799,9856.477678406685,5849.097937902609
forecast_3217,2025-05-15 01:00:00,10458.09779183862,11804.921426893232,8547.526944847976
forecast_3218,2025-05-15 02:00:00,11191.504600583543,14291.508369644223,10161.928099385146
forecast_3219,2025-05-15 03:00:00,9467.629299327133,14079.520219650194,9009.160075718966
forecast_3220,2025-05-15 04:00:00,10931.680928147469,13707.746707714006,9300.816348778919
forecast_3221,2025-05-15 05:00:00,11954.061352431017,13919.356603182167,11668.097536736861
forecast_3222,2025-05-15 06:00:00,12009.405109723959,15473.568032644964,12426.401842161762
forecast_3223,2025-05-15 07:00:00,14898.343694793319,17255.302567703406,16252.847547696494
forecast_3224,2025-05-15 08:00:00,16177.525681337152,17879.983883265806,16656.055220014703
forecast_3225,2025-05-15 09:00:00,16466.173257983108,17759.614299046094,16200.326955383844
forecast_3226,2025-05-15 10:00:00,16164.2626414975,18116.49391027332,15738.537677388662
forecast_3227,2025-05-15 11:00:00,14387.10459327965,16203.820214877856,14155.03902193749
forecast_3228,2025-05-15 12:00:00,15045.409503520716,16977.51384669474,15091.123384461334
forecast_3229,2025-05-15 13:00:00,15539.802205908316,18693.28521420594,16709.327528750484
forecast_3230,2025-05-15 14:00:00,16447.190643172144,18737.05829504212,16548.9330318216
forecast_3231,2025-05-15 15:00:00,15256.65595750364,17838.35022138497,16712.414183138146
forecast_3232,2025-05-15 16:00:00,14761.067570864514,16845.173599262707,16062.960842411872
forecast_3233,2025-05-15 17:00:00,14396.031473760893,16140.109924481414,14228.334493387225
forecast_3234,2025-05-15 18:00:00,15271.434748270802,17067.189538264076,15522.230633975823
forecast_3235,2025-05-15 19:00:00,15154.256404904627,16717.29462550883,15569.394531056801
forecast_3236,2025-05-15 20:00:00,15370.47243569875,16969.07238399911,16084.311347959927
forecast_3237,2025-05-15 21:00:00,16028.953758515636,16982.055288672305,16914.733352118743
forecast_3238,2025-05-15 22:00:00,16876.470255636075,17947.24935644196,17545.49920964312
forecast_3239,2025-05-15 23:00:00,15816.676378182094,16444.865542458836,17034.571557789615
forecast_3240,2025-05-16 00:00:00,15661.801549327281,17371.436366207454,16263.366198312548
forecast_3241,2025-05-16 01:00:00,15847.408905649298,16848.64351624788,16594.728465128832
forecast_3242,2025-05-16 02:00:00,16072.492383605873,17483.750541434583,16347.022614258274
forecast_3243,2025-05-16 03:00:00,16207.635550885792,17837.947461595006,15498.011134439053
forecast_3244,2025-05-16 04:00:00,16633.90352167759,18021.159744765035,16445.942409524912
forecast_3245,2025-05-16 05:00:00,15897.01695114134,17258.051688393432,16953.409516129774
forecast_3246,2025-05-16 06:00:00,15196.206974660703,16671.1285937723,16178.895501389685
forecast_3247,2025-05-16 07:00:00,14192.823119896633,15510.920014248415,14688.539310029799
forecast_3248,2025-05-16 08:00:00,13965.539145612816,15378.502137037418,14881.758842378558
forecast_3249,2025-05-16 09:00:00,12032.492313908499,13708.906671961715,14239.06710240036
forecast_3250,2025-05-16 10:00:00,10579.308731772666,12864.50670820687,11550.711205544154
forecast_3251,2025-05-16 11:00:00,8824.767924701591,10039.269926116978,9500.29414649742
forecast_3252,2025-05-16 12:00:00,8256.745497473887,9509.946824962368,9441.459938449376
forecast_3253,2025-05-16 13:00:00,6753.258486903968,7022.942840864288,6566.426094845409
forecast_3254,2025-05-16 14:00:00,5577.901200935039,5984.432372538808,5297.3864888136495
forecast_3255,2025-05-16 15:00:00,5052.869480215799,4121.1016166076015,4508.222169394926
forecast_3256,2025-05-16 16:00:00,3469.335209737306,3802.051029489969,4028.69597950983
forecast_3257,2025-05-16 17:00:00,3201.8918301765516,3764.4304581711153,3289.2167116366377
forecast_3258,2025-05-16 18:00:00,3784.4808447937435,4453.706842892549,3318.1828835026454
forecast_3259,2025-05-16 19:00:00,4106.961793722114,4794.28018089846,3071.1981641746816
forecast_3260,2025-05-16 20:00:00,4140.869118487224,4333.649516012967,3096.030157353688
forecast_3261,2025-05-16 21:00:00,2319.297975810823,3641.4340404459954,2040.4037003749495
forecast_3262,2025-05-16 22:00:00,2155.094245444089,3411.7277385172893,1654.116191275949
forecast_3263,2025-05-16 23:00:00,2798.2729097492993,2903.0607091046727,1372.0996944587166
forecast_3264,2025-05-17 00:00:00,2574.0662133994224,1942.419513315488,757.8588109246963
forecast_3265,2025-05-17 01:00:00,3138.6027724029827,4199.628920513259,1406.4237248285256
forecast_3266,2025-05-17 02:00:00,2444.82805234296,2906.3623899740833,1090.6206290141738
forecast_3267,2025-05-17 03:00:00,2595.778965416,2993.795866804667,1147.7028951303023
forecast_3268,2025-05-17 04:00:00,2563.721850739929,2547.8057042931737,1069.2579433405767
forecast_3269,2025-05-17 05:00:00,1709.8878470379386,2160.163374009101,894.2337027648582
forecast_3270,2025-05-17 06:00:00,1440.2871976065135,1689.290863196805,709.5947532353266
forecast_3271,2025-05-17 07:00:00,885.9931248874809,1292.0393451170664,239.54808786998078
forecast_3272,2025-05-17 08:00:00,2036.0669031313066,3003.1039778180575,1182.8553509011817
forecast_3273,2025-05-17 09:00:00,4847.621146128792,5025.1090478432825,2675.7145333075564
forecast_3274,2025-05-17 10:00:00,4073.511238290475,5308.506343499046,2017.1887467532977
forecast_3275,2025-05-17 11:00:00,4318.829183396389,5619.748288824513,2928.830680660015
forecast_3276,2025-05-17 12:00:00,4099.125411794266,5672.214608954035,2700.391178014981
forecast_3277,2025-05-17 13:00:00,5743.469037213531,5928.642955113348,4851.019894934257
forecast_3278,2025-05-17 14:00:00,6838.252916585179,8656.094703487634,7850.367006642554
forecast_3279,2025-05-17 15:00:00,10279.535687064368,12558.04521466604,10773.121810925486
forecast_3280,2025-05-17 16:00:00,12523.885305800903,14161.642959989726,13197.528099965884
forecast_3281,2025-05-17 17:00:00,16020.487348646924,18239.922747315806,15120.433906407648
forecast_3282,2025-05-17 18:00:00,17574.95908438626,19214.05861551901,16178.11733489168
forecast_3283,2025-05-17 19:00:00,18412.380514172313,18991.585745687174,15886.894622975187
forecast_3284,2025-05-17 20:00:00,18353.12331249784,18966.713694712467,15672.207495252624
forecast_3285,2025-05-17 21:00:00,18903.565223605114,19712.973476266896,15817.537396513218
forecast_3286,2025-05-17 22:00:00,19396.37635051346,19959.000547566728,17032.495280344287
forecast_3287,2025-05-17 23:00:00,19903.738553935153,20070.58793261136,16575.377693944083
forecast_3288,2025-05-18 00:00:00,18375.93623146624,19363.68380782721,13579.291168400681
forecast_3289,2025-05-18 01:00:00,17918.57997483012,19622.305901806896,13824.385474392375
forecast_3290,2025-05-18 02:00:00,17002.299951398272,18781.14328211122,13991.050128335643
forecast_3291,2025-05-18 03:00:00,14961.24842096595,15652.11638573266,9826.284684257544
forecast_3292,2025-05-18 04:00:00,11215.277142066449,11915.55753529572,7575.966481395276
forecast_3293,2025-05-18 05:00:00,10681.792816970226,11658.490574596752,9497.048663925756
forecast_3294,2025-05-18 06:00:00,6470.414554870508,8239.247050769944,3810.2602886769646
forecast_3295,2025-05-18 07:00:00,2945.09403464762,1779.369738341723,988.9247793501539
forecast_3296,2025-05-18 08:00:00,769.2758525944205,526.6495118338161,49.45086180929065
forecast_3297,2025-05-18 09:00:00,181.3793707424696,142.1161809673073,141.66531102824473
forecast_3298,2025-05-18 10:00:00,196.7473912667085,5.111619330161415,88.85534475827698
forecast_3299,2025-05-18 11:00:00,676.4447693342438,345.716122453412,431.58936870255144
forecast_3300,2025-05-18 12:00:00,1879.6853157401035,1764.462346732306,1074.2947360408493
forecast_3301,2025-05-18 13:00:00,3151.331119402345,2472.0077066417075,1279.2343795524303
forecast_3302,2025-05-18 14:00:00,4072.7525347485375,2364.554783227985,2310.3806869281148
forecast_3303,2025-05-18 15:00:00,4528.279923489988,2683.9381512841715,2485.0420434943157
forecast_3304,2025-05-18 16:00:00,4525.684628638362,2313.463626607641,2255.181250333703
forecast_3305,2025-05-18 17:00:00,6435.962294972998,3213.213395731968,3779.52033178791
forecast_3306,2025-05-18 18:00:00,7020.277969334858,4154.981121246161,4189.813544949366
forecast_3307,2025-05-18 19:00:00,7506.866368398195,6659.486160226787,6100.176726020573
forecast_3308,2025-05-18 20:00:00,10648.14466916861,10445.132320977355,10533.657828878046
forecast_3309,2025-05-18 21:00:00,10673.86505149163,10598.725702521151,11134.138447445044
forecast_3310,2025-05-18 22:00:00,12656.025264556962,14104.482183392198,11363.8177692358
forecast_3311,2025-05-18 23:00:00,12712.391221185131,13262.813433606385,11360.289534850099
forecast_3312,2025-05-19 00:00:00,12519.344753719508,13064.05918356319,9116.096989203965
forecast_3313,2025-05-19 01:00:00,8618.05132030631,10141.977591605131,7161.281671449506
forecast_3314,2025-05-19 02:00:00,9367.787926328861,10460.664431233117,7775.770492508486
forecast_3315,2025-05-19 03:00:00,7704.54593383615,8925.90033733459,5612.7678026768035
forecast_3316,2025-05-19 04:00:00,6458.1478864321025,8938.376174365105,4980.295211505744
forecast_3317,2025-05-19 05:00:00,5818.814948748484,9495.074013853537,4987.680703738321
forecast_3318,2025-05-19 06:00:00,6703.52581505939,11754.557037599774,7312.735108197101
forecast_3319,2025-05-19 07:00:00,8784.716546147756,12046.365963348575,7661.18017564349
forecast_3320,2025-05-19 08:00:00,9297.642975748455,13185.947995366825,10373.326643903634
forecast_3321,2025-05-19 09:00:00,10680.483138657213,12186.874472623163,9358.930163468824
forecast_3322,2025-05-19 10:00:00,12607.637905314334,14811.985800953616,11668.713719485346
forecast_3323,2025-05-19 11:00:00,12938.771636514397,15982.924299462004,12033.165549402913
forecast_3324,2025-05-19 12:00:00,13986.471221841304,16364.117901539397,14751.13273331306
forecast_3325,2025-05-19 13:00:00,15824.084645183315,17523.315350372333,16041.20471606785
forecast_3326,2025-05-19 14:00:00,16656.705482557813,17804.34660108209,16352.60406818032
forecast_3327,2025-05-19 15:00:00,16721.43733658572,17946.638757420933,16824.153820695374
forecast_3328,2025-05-19 16:00:00,18027.58449601393,18296.72139200406,17339.632981835828
forecast_3329,2025-05-19 17:00:00,17206.70565365269,18832.01795497415,13170.160062685634
forecast_3330,2025-05-19 18:00:00,17776.91400475817,18947.198321143744,17769.003432998183
forecast_3331,2025-05-19 19:00:00,18766.993489321456,19081.73971089254,17823.032849621843
forecast_3332,2025-05-19 20:00:00,18249.919481752997,19228.298353257625,17288.575437269756
forecast_3333,2025-05-19 21:00:00,17807.484370945338,19248.15418195643,16702.59421091254
forecast_3334,2025-05-19 22:00:00,17353.958461342427,19059.246090674304,17195.278308448454
forecast_3335,2025-05-19 23:00:00,16667.04632905835,19134.64379969271,17760.605341048722
forecast_3336,2025-05-20 00:00:00,17391.78067914034,18987.213960313613,17605.275787103765
forecast_3337,2025-05-20 01:00:00,17742.542207045473,19321.656197322653,17126.15569444111
forecast_3338,2025-05-20 02:00:00,17494.672184685558,19050.34188937688,16942.072196160367
forecast_3339,2025-05-20 03:00:00,17255.49665948684,18925.49597121341,16430.27305271628
forecast_3340,2025-05-20 04:00:00,17682.743321578128,18741.578981760966,15206.920853308484
forecast_3341,2025-05-20 05:00:00,17387.284095233248,18924.046843857905,14827.730449227682
forecast_3342,2025-05-20 06:00:00,17421.112646155085,18662.775939234565,15212.480740047386
forecast_3343,2025-05-20 07:00:00,17108.10660401528,18162.39598631789,16335.081740538182
forecast_3344,2025-05-20 08:00:00,17274.98515920213,18351.715786295517,15927.667984629024
forecast_3345,2025-05-20 09:00:00,16024.53019867867,18408.4754152236,16586.588308571452
forecast_3346,2025-05-20 10:00:00,14516.70240906357,17124.305959005047,16122.82076834228
forecast_3347,2025-05-20 11:00:00,12551.60915459663,14829.719596396777,13282.667837728251
forecast_3348,2025-05-20 12:00:00,12898.095670001312,14967.690792818688,13356.47003845671
forecast_3349,2025-05-20 13:00:00,12733.36459536342,15121.820118026584,13938.046365181839
forecast_3350,2025-05-20 14:00:00,12111.635809120562,14704.238640367827,13608.366091733218
forecast_3351,2025-05-20 15:00:00,12259.389108438585,14653.38288585525,14300.010984910194
forecast_3352,2025-05-20 16:00:00,13510.259276265873,15349.187179219432,15799.040546906392
forecast_3353,2025-05-20 17:00:00,13941.540767565737,16438.277436701075,16398.32225278978
forecast_3354,2025-05-20 18:00:00,14214.499093774522,16835.90548520902,16913.175410393906
forecast_3355,2025-05-20 19:00:00,15120.754435687688,17848.24152507886,17157.537061081417
forecast_3356,2025-05-20 20:00:00,16331.60072640145,17081.376130657438,17358.718901526412
forecast_3357,2025-05-20 21:00:00,16299.827623300465,16842.342673194435,18407.38641919345
forecast_3358,2025-05-20 22:00:00,17531.432394380932,17783.143455718688,18874.14471793995
forecast_3359,2025-05-20 23:00:00,17792.41034001419,17802.424216520925,18541.958278549548
forecast_3360,2025-05-21 00:00:00,17960.026958460294,18161.23148111449,17967.04323014233
forecast_3361,2025-05-21 01:00:00,16009.149727683223,16989.21426631218,16530.907341931623
forecast_3362,2025-05-21 02:00:00,14996.575609096079,16343.985913514607,15459.136134676324
forecast_3363,2025-05-21 03:00:00,13946.741603502927,15581.130989967125,14963.130958062706
forecast_3364,2025-05-21 04:00:00,13411.712908661055,14288.361980112459,12374.313883148508
forecast_3365,2025-05-21 05:00:00,11719.438169651383,13373.473573497002,10476.151338073769
forecast_3366,2025-05-21 06:00:00,6807.169796951532,9717.645792206062,7082.215933298104
forecast_3367,2025-05-21 07:00:00,3562.264293624267,4369.002380919382,3185.683267472274
forecast_3368,2025-05-21 08:00:00,2659.150249859608,3329.262640887907,2532.6540000976124
forecast_3369,2025-05-21 09:00:00,906.6232694695224,1003.3146984301394,1037.1764162115292
forecast_3370,2025-05-21 10:00:00,745.2075050807653,764.0729631819061,134.942088525044
forecast_3371,2025-05-21 11:00:00,771.7698740879674,884.7591963434814,676.0717958010937
forecast_3372,2025-05-21 12:00:00,1078.83062515765,882.7721488018854,713.5834202563229
forecast_3373,2025-05-21 13:00:00,576.5462925360615,1525.361823054398,1084.2193629567644
forecast_3374,2025-05-21 14:00:00,595.6106839376242,1104.538571019039,960.4570298551416
forecast_3375,2025-05-21 15:00:00,474.2649248667731,770.9813425190223,291.8079781825892
forecast_3376,2025-05-21 16:00:00,378.83484671992926,244.2619102516502,0.0
forecast_3377,2025-05-21 17:00:00,116.0449443708835,70.84045396388916,93.8569935720324
forecast_3378,2025-05-21 18:00:00,165.35693204326884,199.3261187753943,187.0849437440072
forecast_3379,2025-05-21 19:00:00,462.9256520573529,297.35308507245804,146.94450931979145
forecast_3380,2025-05-21 20:00:00,509.4901840323722,448.31912898064485,108.4412056050125
forecast_3381,2025-05-21 21:00:00,309.5467300262275,422.97300736947204,139.7754406448099
forecast_3382,2025-05-21 22:00:00,554.4157976050743,449.79895288375116,207.12132781670596
forecast_3383,2025-05-21 23:00:00,453.4957364726031,251.99495479997148,102.00920687561164
forecast_3384,2025-05-22 00:00:00,439.9417338470755,276.9284504003085,155.67751873729657
forecast_3385,2025-05-22 01:00:00,966.8662396346675,706.4708762869351,201.6789962114799
forecast_3386,2025-05-22 02:00:00,804.3092917332913,491.8156698485781,146.7284613114612
forecast_3387,2025-05-22 03:00:00,1076.4392840504377,764.8716336879696,251.04458703583512
forecast_3388,2025-05-22 04:00:00,1889.428358854443,1186.713641822793,412.61911019455755
forecast_3389,2025-05-22 05:00:00,1209.2950865655878,544.6398563855656,164.87536978625786
forecast_3390,2025-05-22 06:00:00,1069.5022424029858,683.7126602694615,189.44162248268435
forecast_3391,2025-05-22 07:00:00,839.7504130267307,714.9626685321634,261.486961464876
forecast_3392,2025-05-22 08:00:00,987.9897743351976,937.939266977245,351.1219627350975
forecast_3393,2025-05-22 09:00:00,2561.281268463968,2278.537603803867,667.1195411926474
forecast_3394,2025-05-22 10:00:00,3658.979818162831,4184.168137450533,977.4201325463441
forecast_3395,2025-05-22 11:00:00,3164.8074693030126,3616.289159328688,1224.0700033630944
forecast_3396,2025-05-22 12:00:00,2919.9110882319583,3243.1098989340258,1014.6936174075691
forecast_3397,2025-05-22 13:00:00,2559.6033142758315,3281.00633459757,1464.1803250957732
forecast_3398,2025-05-22 14:00:00,1664.5984051166047,2349.480589622728,955.1767799561036
forecast_3399,2025-05-22 15:00:00,834.08965754997,1155.1910644124064,695.7988923844575
forecast_3400,2025-05-22 16:00:00,661.3331777273845,696.5078447326357,347.8984939498174
forecast_3401,2025-05-22 17:00:00,323.4071991059487,332.6054604694272,125.4481358257815
forecast_3402,2025-05-22 18:00:00,283.46803935430177,268.7598233449298,111.2510689574689
forecast_3403,2025-05-22 19:00:00,675.2750357969783,382.2850188739781,125.18839403271849
forecast_3404,2025-05-22 20:00:00,1099.736769290087,763.2589850795083,425.17738614391845
forecast_3405,2025-05-22 21:00:00,970.0755777583289,870.5737842720447,392.15163322909393
forecast_3406,2025-05-22 22:00:00,1736.9520984840012,1362.5443844873134,380.7541538157813
forecast_3407,2025-05-22 23:00:00,1596.8477555617144,1510.3764371245366,310.47004554908676
forecast_3408,2025-05-23 00:00:00,2725.4355219803388,2372.6143046894276,754.9627160366448
forecast_3409,2025-05-23 01:00:00,2985.794585677187,2634.1098989251986,605.5520593163322
forecast_3410,2025-05-23 02:00:00,2954.8771755559133,2367.59013299765,537.6501533749654
forecast_3411,2025-05-23 03:00:00,3051.3503193017964,2682.8094750808546,575.1240660951465
forecast_3412,2025-05-23 04:00:00,3516.0932639968696,2928.924460398769,581.9617768736255
forecast_3413,2025-05-23 05:00:00,3590.1247862167857,2718.235703127398,634.3089447536167
forecast_3414,2025-05-23 06:00:00,3314.2162843205265,2650.299273864198,597.9369910536931
forecast_3415,2025-05-23 07:00:00,3296.856482795987,2538.560777280436,579.3791061096777
forecast_3416,2025-05-23 08:00:00,3210.067282102937,2578.9146469104376,473.8659128460229
forecast_3417,2025-05-23 09:00:00,2567.487173917399,1843.9353112338233,388.8364537930497
forecast_3418,2025-05-23 10:00:00,1898.1617918745726,849.7396351828576,593.8247136071559
forecast_3419,2025-05-23 11:00:00,1526.1745503088348,972.6384296025834,496.1488930089894
forecast_3420,2025-05-23 12:00:00,1448.8946574258528,1165.3641239937954,518.4937837338223
forecast_3421,2025-05-23 13:00:00,1469.940754927209,1018.4010249301109,420.989170090187
forecast_3422,2025-05-23 14:00:00,1550.1180669057014,955.9507514290904,419.61779137243593
forecast_3423,2025-05-23 15:00:00,1134.7068350601232,884.1430010261026,263.1864364675586
forecast_3424,2025-05-23 16:00:00,1319.0852001509966,926.5707491242497,358.5714424034133
forecast_3425,2025-05-23 17:00:00,1792.4572332673715,1218.1876470401498,450.6431092687909
forecast_3426,2025-05-23 18:00:00,2818.361156973011,2710.8793784640875,650.3237340159
forecast_3427,2025-05-23 19:00:00,3255.325218083306,2753.331501453361,470.6669660989934
forecast_3428,2025-05-23 20:00:00,3068.9962322023584,3052.3582881273737,673.6015631739638
forecast_3429,2025-05-23 21:00:00,3901.3726801589237,3369.0444478268073,984.0618755947871
forecast_3430,2025-05-23 22:00:00,4540.502695449351,3240.64513130679,1082.1107228324
forecast_3431,2025-05-23 23:00:00,3634.202125380808,2682.0019438798718,761.000608583496
forecast_3432,2025-05-24 00:00:00,3689.3698558918472,2378.9458534874566,736.7913812221387
forecast_3433,2025-05-24 01:00:00,5671.6859216349985,5781.514506327752,1627.8860982223177
forecast_3434,2025-05-24 02:00:00,5292.222824717976,4877.394432809182,1175.1701497139363
forecast_3435,2025-05-24 03:00:00,5292.680120865325,4802.643088859427,1284.486197864042
forecast_3436,2025-05-24 04:00:00,4548.037166090436,4620.917703928283,1569.139631115192
forecast_3437,2025-05-24 05:00:00,5500.311343775494,5102.900446707277,2180.0942679181694
forecast_3438,2025-05-24 06:00:00,5653.893846363177,5568.527421798464,2980.3173107546318
forecast_3439,2025-05-24 07:00:00,5241.405294482875,5363.098214393419,3275.1696858138284
forecast_3440,2025-05-24 08:00:00,4940.857341697549,4714.803943127424,2558.463436672543
forecast_3441,2025-05-24 09:00:00,4415.81436613982,4179.148181275034,2499.335002817343
forecast_3442,2025-05-24 10:00:00,3283.5504388087634,3929.5776543139623,2306.9290472382986
forecast_3443,2025-05-24 11:00:00,3415.167745865378,4466.270187296775,2379.132969292237
forecast_3444,2025-05-24 12:00:00,3877.5484890582597,4758.653996954416,2161.2359622115623
forecast_3445,2025-05-24 13:00:00,3344.7561092110464,4531.496568836077,2587.2190670354
forecast_3446,2025-05-24 14:00:00,3874.0966602672697,4703.63382634339,2314.8041890493055
forecast_3447,2025-05-24 15:00:00,4213.714602987374,5294.535120589941,2421.661051955386
forecast_3448,2025-05-24 16:00:00,4821.749468147071,7112.1878840104355,3169.029089101216
forecast_3449,2025-05-24 17:00:00,4446.6829660905,7382.417978618313,3319.396082412114
forecast_3450,2025-05-24 18:00:00,5522.051308385591,7192.9772866206,3686.237524754022
forecast_3451,2025-05-24 19:00:00,5643.542327490472,7010.70985104653,3918.539632158776
forecast_3452,2025-05-24 20:00:00,5287.939695100284,6630.091993411484,3959.013638441097
forecast_3453,2025-05-24 21:00:00,5267.382895421975,6185.853362022445,3518.9801860210773
forecast_3454,2025-05-24 22:00:00,5255.694580735887,5837.788300491665,3760.4984500925866
forecast_3455,2025-05-24 23:00:00,5009.763962199561,5856.016479681111,4037.4147596511834
forecast_3456,2025-05-25 00:00:00,3863.688484471811,5968.027713915573,3233.8933281653235
forecast_3457,2025-05-25 01:00:00,3772.450729379131,4233.0974093711475,2059.581627815315
forecast_3458,2025-05-25 02:00:00,1831.3959294517717,2005.7790729138048,1656.9594228630433
forecast_3459,2025-05-25 03:00:00,1351.8737753014323,2393.4759522768927,1245.6575704369227
forecast_3460,2025-05-25 04:00:00,1575.7122666829564,2462.5105110479844,627.7445653215243
forecast_3461,2025-05-25 05:00:00,2564.1059671511644,2061.3689412123654,549.4155995717615
forecast_3462,2025-05-25 06:00:00,3257.7984349725493,2170.0495025554746,972.7027669559471
forecast_3463,2025-05-25 07:00:00,3062.056657115683,1947.760525929205,801.4456341896836
forecast_3464,2025-05-25 08:00:00,2147.661694197611,1558.3426228621854,707.7358478510852
forecast_3465,2025-05-25 09:00:00,635.3502488390702,320.8340764976119,301.6682345871502
forecast_3466,2025-05-25 10:00:00,378.7266449147069,294.09723314689194,160.3408470570634
forecast_3467,2025-05-25 11:00:00,370.7696130696908,224.69897695218867,127.61200734905819
forecast_3468,2025-05-25 12:00:00,1660.508912521034,1226.6095529643337,795.1064771523853
forecast_3469,2025-05-25 13:00:00,2274.4405965449246,1904.1590585721049,1069.3575076039751
forecast_3470,2025-05-25 14:00:00,1488.1947953212616,1142.5442201035423,575.0768033735957
forecast_3471,2025-05-25 15:00:00,1690.3555944040131,775.6566967075213,240.58878458717047
forecast_3472,2025-05-25 16:00:00,990.7917151823531,541.5646823501572,283.9834167265441
forecast_3473,2025-05-25 17:00:00,1341.4718450502148,1751.6085399145056,840.431041783958
forecast_3474,2025-05-25 18:00:00,1804.2051114024725,1934.8152247406663,1063.8527202564503
forecast_3475,2025-05-25 19:00:00,2831.574969337742,2982.793843480296,1673.8499171124727
forecast_3476,2025-05-25 20:00:00,3095.5805361789166,4505.650585943157,4409.933681336155
forecast_3477,2025-05-25 21:00:00,3864.855519024535,5786.466424374049,3514.7069683964996
forecast_3478,2025-05-25 22:00:00,5827.027238658445,7582.545825657522,3962.072312209177
forecast_3479,2025-05-25 23:00:00,6100.123006315906,7343.328972259669,4640.690609606405
forecast_3480,2025-05-26 00:00:00,4932.034232618176,7130.48241247506,4375.108445703762
forecast_3481,2025-05-26 01:00:00,6630.8213633340765,7328.638235167128,4458.026974568302
forecast_3482,2025-05-26 02:00:00,6660.490766891174,7158.32452794628,4196.770040011306
forecast_3483,2025-05-26 03:00:00,7135.615736152659,6324.816331029541,4653.911937510696
forecast_3484,2025-05-26 04:00:00,4616.75974533719,4171.922840536985,3471.8907074041463
forecast_3485,2025-05-26 05:00:00,2690.7969070232557,2419.188668435839,2306.8253602337927
forecast_3486,2025-05-26 06:00:00,1509.9872377490283,1170.324087965833,1017.314341218307
forecast_3487,2025-05-26 07:00:00,615.8672446404175,712.8076669011056,386.25765787280903
forecast_3488,2025-05-26 08:00:00,234.19560011632424,175.54972650674083,33.33057035473553
forecast_3489,2025-05-26 09:00:00,33.76137331039319,37.03979141281601,67.19187319706235
forecast_3490,2025-05-26 10:00:00,162.168667043045,61.84636786213349,76.62100377707519
forecast_3491,2025-05-26 11:00:00,52.699951223923215,115.63800973368137,121.48988320463788
forecast_3492,2025-05-26 12:00:00,68.61025971035507,123.79287348800825,47.83970221961208
forecast_3493,2025-05-26 13:00:00,88.56785573872486,150.057256212615,102.86352210064865
forecast_3494,2025-05-26 14:00:00,425.227001421877,167.99831208571212,184.62042294415716
forecast_3495,2025-05-26 15:00:00,507.2692449787164,244.4915584502243,198.95660186528377
forecast_3496,2025-05-26 16:00:00,312.2054962216786,48.80400116538718,140.7874192502538
forecast_3497,2025-05-26 17:00:00,154.75284925975612,35.982422658607696,170.17505399070464
forecast_3498,2025-05-26 18:00:00,129.93027690448113,120.82915339107512,189.58152176658746
forecast_3499,2025-05-26 19:00:00,351.7558373074364,432.08692878662896,111.11806661167503
forecast_3500,2025-05-26 20:00:00,791.4612538311494,774.3309244389276,145.33668365345068
forecast_3501,2025-05-26 21:00:00,1825.2516203419034,1846.8594003237408,679.8233955013061
forecast_3502,2025-05-26 22:00:00,2032.4624701895214,2471.1069393262474,997.507186029955
forecast_3503,2025-05-26 23:00:00,4034.016969751314,3307.5330237372477,1292.2055889979092
forecast_3504,2025-05-27 00:00:00,3942.41178352358,4138.6001006117685,1591.2819212832715
forecast_3505,2025-05-27 01:00:00,4026.887103632991,4155.476131007065,1782.4555871700054
forecast_3506,2025-05-27 02:00:00,4640.108574593832,5295.059242833431,2710.231527960661
forecast_3507,2025-05-27 03:00:00,4973.206783154806,4462.213054027372,2889.6937733486566
forecast_3508,2025-05-27 04:00:00,5283.539284440184,4777.230727184743,3417.13623180285
forecast_3509,2025-05-27 05:00:00,4430.301706398894,3921.395731284646,2358.1038608026856
forecast_3510,2025-05-27 06:00:00,1783.1323043448606,2031.3897580550367,1596.022982345781
forecast_3511,2025-05-27 07:00:00,869.543096572493,1390.5934190917696,862.8282411595824
forecast_3512,2025-05-27 08:00:00,130.98936691953548,352.1607444869835,133.24480980182446
forecast_3513,2025-05-27 09:00:00,102.921700534293,0.0,32.75131255063057
forecast_3514,2025-05-27 10:00:00,66.76281559241922,24.3845794891258,36.39397352971526
forecast_3515,2025-05-27 11:00:00,49.87375234860933,0.0,43.73726509096093
forecast_3516,2025-05-27 12:00:00,15.52652183021142,58.024524983652675,52.00969247494024
forecast_3517,2025-05-27 13:00:00,71.51254266897813,110.77844768757329,45.20781327476741
forecast_3518,2025-05-27 14:00:00,28.108974857265917,0.0,55.510555984209844
forecast_3519,2025-05-27 15:00:00,0.4331860912396188,130.50664802069346,56.12413135579823
forecast_3520,2025-05-27 16:00:00,72.75566555907669,60.92831473666054,51.869915713928876
forecast_3521,2025-05-27 17:00:00,64.5555877879687,72.62692487351212,21.5215814796092
forecast_3522,2025-05-27 18:00:00,7.39348626478372,60.395262759016695,22.799936622620493
forecast_3523,2025-05-27 19:00:00,30.440001852983727,153.71580867741264,18.538850302885105
forecast_3524,2025-05-27 20:00:00,203.49248294738217,114.11572578370897,16.444295711620413
forecast_3525,2025-05-27 21:00:00,273.8909632316835,459.1926753305599,169.73539458141494
forecast_3526,2025-05-27 22:00:00,794.1222607292196,1418.4661116727725,403.2819431562321
forecast_3527,2025-05-27 23:00:00,1526.6614602154004,1260.3028098165732,1064.507977921055
forecast_3528,2025-05-28 00:00:00,1900.7170448707525,1399.2223079224916,1745.650187964819
forecast_3529,2025-05-28 01:00:00,4290.383332554032,4742.332068605635,2784.7163656533717
forecast_3530,2025-05-28 02:00:00,5485.152847045771,5709.694578381658,3056.0134822189266
forecast_3531,2025-05-28 03:00:00,6332.652403888837,6050.475204358583,3158.4213690538622
forecast_3532,2025-05-28 04:00:00,5941.783226838964,6049.451424884712,3601.4111909587186
forecast_3533,2025-05-28 05:00:00,6117.484172686736,6026.472518766527,3448.220806472764
forecast_3534,2025-05-28 06:00:00,2142.73648002549,1813.7111135940377,1230.6025119504932
forecast_3535,2025-05-28 07:00:00,580.8498488658348,737.2228326024936,302.1709399481109
forecast_3536,2025-05-28 08:00:00,104.91627798511955,60.11157472605334,76.16355899268751
forecast_3537,2025-05-28 09:00:00,39.838577079459384,5.440674521056883,26.077595489220133
forecast_3538,2025-05-28 10:00:00,39.84321187771462,16.392925571722014,28.21839300495745
forecast_3539,2025-05-28 11:00:00,67.12398283780963,9.689027903701717,49.38246361653741
forecast_3540,2025-05-28 12:00:00,81.87307719034452,104.66867389311102,58.00648694154046
forecast_3541,2025-05-28 13:00:00,20.379281549685672,56.76291296295509,100.53183736754944
forecast_3542,2025-05-28 14:00:00,154.9752058900495,351.55468750029956,139.3782083716675
forecast_3543,2025-05-28 15:00:00,468.24704142168366,490.12676825677823,206.9302693984907
forecast_3544,2025-05-28 16:00:00,639.745834692969,700.2546576487505,545.5596433277937
forecast_3545,2025-05-28 17:00:00,482.1641636125156,573.2009758238704,245.00905456450562
forecast_3546,2025-05-28 18:00:00,208.0811758701736,182.8887954155959,86.00956302526036
forecast_3547,2025-05-28 19:00:00,506.75398737427594,336.717937474552,247.47964140736588
forecast_3548,2025-05-28 20:00:00,362.62715084122743,169.78720330312325,244.2264381704195
forecast_3549,2025-05-28 21:00:00,360.89425957531125,107.90213965222219,110.27466355692926
forecast_3550,2025-05-28 22:00:00,1268.1075974756852,430.28820089792686,1152.6976502340133
forecast_3551,2025-05-28 23:00:00,1259.2855965938907,949.3587862465938,1187.0100241033954
forecast_3552,2025-05-29 00:00:00,1048.1088769941334,761.6396446318574,758.6482773598848
forecast_3553,2025-05-29 01:00:00,366.65931643030495,258.3327780364066,276.13213594072886
forecast_3554,2025-05-29 02:00:00,799.9693719365644,786.8383835654579,940.3407198783046
forecast_3555,2025-05-29 03:00:00,892.0899188686126,1304.92452594935,778.7086992942446
forecast_3556,2025-05-29 04:00:00,642.6086308543801,964.832867311849,528.9033842307379
forecast_3557,2025-05-29 05:00:00,743.4154863115658,348.4119359391195,280.4704623545975
forecast_3558,2025-05-29 06:00:00,479.0327855829132,874.983303117452,243.56584339113624
forecast_3559,2025-05-29 07:00:00,340.92623430297596,496.4660995518473,168.30553444444826
forecast_3560,2025-05-29 08:00:00,176.41288000521058,415.615993924923,41.71262604470967
forecast_3561,2025-05-29 09:00:00,71.2449576878067,150.38641486124263,38.561935415130954
forecast_3562,2025-05-29 10:00:00,171.73747748711833,197.08157393110918,58.848222810856534
forecast_3563,2025-05-29 11:00:00,155.92160850342736,385.4427154591252,162.2627184470571
forecast_3564,2025-05-29 12:00:00,195.75001204361436,285.55216182470883,240.04250207760765
forecast_3565,2025-05-29 13:00:00,327.48882031621076,734.5064286723447,396.3083198367338
forecast_3566,2025-05-29 14:00:00,341.3529382995912,694.8677373069702,415.4947966574297
forecast_3567,2025-05-29 15:00:00,197.245019018974,411.6663274372893,298.34501232228774
forecast_3568,2025-05-29 16:00:00,416.8700694886015,412.8651002618312,199.65473297779178
forecast_3569,2025-05-29 17:00:00,597.3244311033884,710.4451616929933,122.90814836258019
forecast_3570,2025-05-29 18:00:00,596.5088231619089,636.3908882963709,208.54226192276434
forecast_3571,2025-05-29 19:00:00,927.9351555037127,776.799522112579,351.78908338057136
forecast_3572,2025-05-29 20:00:00,1769.8277223777154,1476.7785569845666,572.9522265143988
forecast_3573,2025-05-29 21:00:00,1483.8934392988701,1040.8795318837065,564.6379469485745
forecast_3574,2025-05-29 22:00:00,1613.4909240563566,1534.2622385073187,547.1109674824086
forecast_3575,2025-05-29 23:00:00,1618.8063619916043,1407.8556353926697,529.7835596486834
forecast_3576,2025-05-30 00:00:00,1765.3750562968964,1229.3919226118005,536.9500891854608
forecast_3577,2025-05-30 01:00:00,1571.2437158349862,1809.3911284890057,376.450943840127
forecast_3578,2025-05-30 02:00:00,1482.094492334761,1920.342259507755,530.1419381683273
forecast_3579,2025-05-30 03:00:00,1720.9916946541045,2002.111845893858,581.8320810555824
forecast_3580,2025-05-30 04:00:00,1894.2604217416172,2010.1660573822742,536.6305928115098
forecast_3581,2025-05-30 05:00:00,1745.1241664542756,2150.5939380418804,623.4576237963145
forecast_3582,2025-05-30 06:00:00,1728.4706240230303,2336.54537898887,694.5898606937756
forecast_3583,2025-05-30 07:00:00,2213.349057763459,2040.7166594262198,772.2982050012223
forecast_3584,2025-05-30 08:00:00,2334.078964525903,2033.3445173815817,439.6605054395711
forecast_3585,2025-05-30 09:00:00,1766.4398506555333,1632.239280824173,496.4170863592563
forecast_3586,2025-05-30 10:00:00,1566.9134336626316,2100.1592082025336,656.2135065392772
forecast_3587,2025-05-30 11:00:00,1249.2483295245843,1810.3460790700562,744.3951902789435
forecast_3588,2025-05-30 12:00:00,906.4398834716374,1538.6584109815292,766.661146715809
forecast_3589,2025-05-30 13:00:00,794.3214463386741,1312.3574754929034,658.8409945400246
forecast_3590,2025-05-30 14:00:00,214.54126195905422,830.8850581313038,334.82540345277334
forecast_3591,2025-05-30 15:00:00,147.8633272810124,421.47266118185706,134.57658579987293
forecast_3592,2025-05-30 16:00:00,154.6244970596381,213.98175441592912,69.0521296067944
forecast_3593,2025-05-30 17:00:00,125.13916433956051,337.93459964770324,106.45966545051093
forecast_3594,2025-05-30 18:00:00,194.23428805880272,339.8774048258203,314.4091280697136
forecast_3595,2025-05-30 19:00:00,1171.5035145820596,379.0415504567677,404.1009628160182
forecast_3596,2025-05-30 20:00:00,1175.864454211228,1052.7065029396667,683.4644926262749
forecast_3597,2025-05-30 21:00:00,1337.2502107511907,1478.9587590892083,778.3384523516384
forecast_3598,2025-05-30 22:00:00,1377.4537319429494,1174.6662280305334,402.1768888766814
forecast_3599,2025-05-30 23:00:00,1608.369410941946,977.5165767581558,448.9621276945182
forecast_3600,2025-05-31 00:00:00,1470.5719284692684,1156.2806159429929,350.82381043922607
forecast_3601,2025-05-31 01:00:00,473.11813468241513,440.6386905628146,330.9054602643161
forecast_3602,2025-05-31 02:00:00,724.6136901009833,770.2716110214744,436.94020110682595
forecast_3603,2025-05-31 03:00:00,1286.2009120192674,1462.9622877745637,664.3435725888489
forecast_3604,2025-05-31 04:00:00,1102.3679300705114,1519.9735722040616,626.3127324132835
forecast_3605,2025-05-31 05:00:00,1049.2861319834035,876.0111438709268,570.3802009741173
forecast_3606,2025-05-31 06:00:00,1246.8424211096012,1390.9652563283491,308.35831232412835
forecast_3607,2025-05-31 07:00:00,1182.4942592262587,1076.8774912088766,340.592485349051
forecast_3608,2025-05-31 08:00:00,1030.5195790741495,970.9446803903254,452.4197575509813
forecast_3609,2025-05-31 09:00:00,620.5245638400532,521.083393746518,326.2003352332405
forecast_3610,2025-05-31 10:00:00,560.3245334922229,370.4271507439299,334.2988553045528
forecast_3611,2025-05-31 11:00:00,788.93306306142,807.6364871388631,472.3746711792292
forecast_3612,2025-05-31 12:00:00,939.8661779786486,927.2734186571921,428.2083156980326
forecast_3613,2025-05-31 13:00:00,823.7220452840753,966.6711492663686,405.64201404833904
forecast_3614,2025-05-31 14:00:00,796.3378755424291,1002.6507052759835,497.99314268816386
forecast_3615,2025-05-31 15:00:00,628.4210639437506,876.4474651239605,548.8010336926163
forecast_3616,2025-05-31 16:00:00,437.78697359526467,510.6628513818847,517.7846750995867
forecast_3617,2025-05-31 17:00:00,550.178845414085,279.5114442079659,414.43102358345567
forecast_3618,2025-05-31 18:00:00,950.940474762188,851.3500167608953,619.3992275983242
forecast_3619,2025-05-31 19:00:00,1142.4120493558023,1125.9351591093914,574.8747394109542
forecast_3620,2025-05-31 20:00:00,1110.3426871628553,688.804405359547,463.8551469984671
forecast_3621,2025-05-31 21:00:00,1505.949560605195,633.3463438561884,591.6274942651708
forecast_3622,2025-05-31 22:00:00,1287.464650542756,1192.1896707004623,411.85465451147013
forecast_3623,2025-05-31 23:00:00,1473.71261238675,1178.4856460579133,487.1035737241733
forecast_3624,2025-06-01 00:00:00,835.5548694607353,606.2359768376834,151.01336536982143
forecast_3625,2025-06-01 01:00:00,725.7360025430982,722.5342042081704,152.20496476449637
forecast_3626,2025-06-01 02:00:00,699.8485045574138,648.9022387439485,323.20804980720766
forecast_3627,2025-06-01 03:00:00,1474.3583958435815,622.1328691222604,582.5652561458998
forecast_3628,2025-06-01 04:00:00,1307.9760278730123,846.094666940131,811.8351573700643
forecast_3629,2025-06-01 05:00:00,1376.4108489989583,945.0463729956809,766.4612839189524
forecast_3630,2025-06-01 06:00:00,1028.9284865483964,918.9262693545005,328.8554351245114
forecast_3631,2025-06-01 07:00:00,608.433435155035,655.2773142504624,170.39482614453456
forecast_3632,2025-06-01 08:00:00,148.51214325967337,148.6816408823982,49.942096559114326
forecast_3633,2025-06-01 09:00:00,135.45313011919103,0.0,28.441366269962103
forecast_3634,2025-06-01 10:00:00,85.8164657930457,0.0,48.60838398448858
forecast_3635,2025-06-01 11:00:00,87.73556460678442,116.6135845802714,51.47327336904304
forecast_3636,2025-06-01 12:00:00,100.18931469868382,150.86027997945934,76.47841810556812
forecast_3637,2025-06-01 13:00:00,89.58043278399113,85.52574177323889,53.19328780227124
forecast_3638,2025-06-01 14:00:00,84.67487839600307,121.44889052561916,52.70459507829408
forecast_3639,2025-06-01 15:00:00,87.70807065000832,107.87869644165046,56.62553240084501
forecast_3640,2025-06-01 16:00:00,34.13558263757664,36.5662566079722,29.034882056867392
forecast_3641,2025-06-01 17:00:00,124.62816265274161,63.12182604225341,51.315562037624765
forecast_3642,2025-06-01 18:00:00,547.9079240898308,555.398924179632,189.20550147766465
forecast_3643,2025-06-01 19:00:00,1350.496715182923,868.0234232802366,563.783992720751
forecast_3644,2025-06-01 20:00:00,3056.369631534338,3460.7385747127682,2440.6180748057805
forecast_3645,2025-06-01 21:00:00,4666.138974464179,4340.11671894787,2404.9396511201826
forecast_3646,2025-06-01 22:00:00,4783.1127583042735,6504.5025168647035,3718.6080642508846
forecast_3647,2025-06-01 23:00:00,3584.6041204872663,3673.358970995716,2483.9415047189777
forecast_3648,2025-06-02 00:00:00,4257.966774724488,4980.5085326944645,3875.914220535233
forecast_3649,2025-06-02 01:00:00,5010.292492648851,4885.67540530708,3448.3589694787033
forecast_3650,2025-06-02 02:00:00,2407.4899259869962,2809.5315046699643,1866.5362514852961
forecast_3651,2025-06-02 03:00:00,3933.3758257484033,5273.0360200650675,3787.253952994405
forecast_3652,2025-06-02 04:00:00,1960.8702002789148,1520.8381485743812,1868.4897660167517
forecast_3653,2025-06-02 05:00:00,3723.9559478143024,3386.2576112999277,2442.29647712227
forecast_3654,2025-06-02 06:00:00,1158.4637209399139,1140.5396248438888,821.3791978988236
forecast_3655,2025-06-02 07:00:00,875.2761360214889,957.8149152331736,479.62492311943856
forecast_3656,2025-06-02 08:00:00,563.973431380568,842.0710476459323,439.34258682313316
forecast_3657,2025-06-02 09:00:00,303.31261695004923,610.3501021167781,261.7443522203125
forecast_3658,2025-06-02 10:00:00,361.6546836371476,361.11793598619806,209.93768382741482
forecast_3659,2025-06-02 11:00:00,203.90541607911425,259.8678825257746,183.4302518614289
forecast_3660,2025-06-02 12:00:00,416.27572687124473,239.27851197752497,447.6456145455252
forecast_3661,2025-06-02 13:00:00,286.32359041039183,296.7462128942007,72.60137842762795
forecast_3662,2025-06-02 14:00:00,300.6846575640197,280.7610409452144,99.64594743206514
forecast_3663,2025-06-02 15:00:00,1090.0042642882836,1570.6655339525098,1330.9022791555212
forecast_3664,2025-06-02 16:00:00,2430.1941496088107,1780.1606068999297,1886.0764930206615
forecast_3665,2025-06-02 17:00:00,2612.4948272808047,3004.462674330686,1752.0527409169556
forecast_3666,2025-06-02 18:00:00,2419.747567071952,3013.034177859597,2004.4304905735942
forecast_3667,2025-06-02 19:00:00,1705.9319325344009,1887.2326147217898,1184.6432061501591
forecast_3668,2025-06-02 20:00:00,1713.37279554752,1739.8111047036448,932.6529151632158
forecast_3669,2025-06-02 21:00:00,1529.9091983453595,1111.0889157571753,619.5113344192174
forecast_3670,2025-06-02 22:00:00,1266.7933289270102,929.608585986813,475.5664581224756
forecast_3671,2025-06-02 23:00:00,1477.1890134177813,901.9179639817979,618.8895676843508
forecast_3672,2025-06-03 00:00:00,997.471018762779,1274.0606730615843,972.1093776812347
forecast_3673,2025-06-03 01:00:00,1236.335404563618,1146.7816962401025,649.5553559899091
forecast_3674,2025-06-03 02:00:00,1166.9582135166625,1763.6304848887823,604.0154968859853
forecast_3675,2025-06-03 03:00:00,1695.3613833996797,1859.8690795040684,574.9768169781103
forecast_3676,2025-06-03 04:00:00,1227.9208975808992,871.2889448494212,525.398692364548
forecast_3677,2025-06-03 05:00:00,1903.4627890481443,2253.694153505608,705.8634593469937
forecast_3678,2025-06-03 06:00:00,1978.432903184879,2315.6221744880568,1380.6194836955326
forecast_3679,2025-06-03 07:00:00,1214.3353952513664,1008.4295901534443,611.6262470694841
forecast_3680,2025-06-03 08:00:00,584.3513969494707,785.7537281520189,243.93414642421192
forecast_3681,2025-06-03 09:00:00,791.8874207103454,577.0770251391547,681.0162328843093
forecast_3682,2025-06-03 10:00:00,1584.4600098767992,2490.8236650451654,1701.7807762464079
forecast_3683,2025-06-03 11:00:00,3444.5491972376244,3965.29415356497,2415.964379259168
forecast_3684,2025-06-03 12:00:00,5604.6556591395765,4239.636964958673,3596.2079237200305
forecast_3685,2025-06-03 13:00:00,8480.940515296059,6773.7721365525385,5340.896604316383
forecast_3686,2025-06-03 14:00:00,10195.726158980558,8420.057356031584,7539.713508567106
forecast_3687,2025-06-03 15:00:00,12376.024235235762,10856.803712409617,10126.93264370244
forecast_3688,2025-06-03 16:00:00,12189.07282115822,10150.967640856215,9488.407277922077
forecast_3689,2025-06-03 17:00:00,12488.504215234714,10822.233813104915,10020.581175636564
forecast_3690,2025-06-03 18:00:00,13626.905242163253,12240.961727977981,10912.687697492882
forecast_3691,2025-06-03 19:00:00,13054.977718504066,11202.842375282778,11655.24818962865
forecast_3692,2025-06-03 20:00:00,14663.156432618385,13252.879685171316,13835.882077246612
forecast_3693,2025-06-03 21:00:00,16709.61090102544,17264.836528325828,15533.325926472979
forecast_3694,2025-06-03 22:00:00,15706.361928668244,16443.94844636106,12705.771113573044
forecast_3695,2025-06-03 23:00:00,15121.11697539426,14935.089251355836,11392.469452765838
forecast_3696,2025-06-04 00:00:00,15197.650258427515,14291.612427437514,11914.293478394171
forecast_3697,2025-06-04 01:00:00,12959.712461816902,12572.898538917736,11470.124066187036
forecast_3698,2025-06-04 02:00:00,14956.172375059337,12869.78543919035,11248.964077675506
forecast_3699,2025-06-04 03:00:00,15706.98614204189,13865.185811271502,12478.100649846234
forecast_3700,2025-06-04 04:00:00,16002.634387288581,14636.164057050772,13147.355488224504
forecast_3701,2025-06-04 05:00:00,16978.978253699242,15042.330349610857,13604.799479990981
forecast_3702,2025-06-04 06:00:00,16133.102192795672,17016.457338864384,14741.59863404813
forecast_3703,2025-06-04 07:00:00,17136.447401972564,17350.358796420333,14656.370089307025
forecast_3704,2025-06-04 08:00:00,17015.510920982386,17657.19078199096,14024.445470306759
forecast_3705,2025-06-04 09:00:00,17198.00128533548,18292.63692374621,14554.141598862823
forecast_3706,2025-06-04 10:00:00,17463.721649449002,17846.341289418877,14524.224590426564
forecast_3707,2025-06-04 11:00:00,16743.103219330427,17648.83655031953,14773.822458720153
forecast_3708,2025-06-04 12:00:00,16263.461814957369,17751.335849329276,14845.493180325491
forecast_3709,2025-06-04 13:00:00,16501.48613515495,17533.74094151878,14439.789345978394
forecast_3710,2025-06-04 14:00:00,15451.372054921416,16606.690788445692,12457.44468163799
forecast_3711,2025-06-04 15:00:00,14145.477947526395,13199.055292670504,11122.914991005695
forecast_3712,2025-06-04 16:00:00,13573.35571608277,12437.034420433416,9780.795909754897
forecast_3713,2025-06-04 17:00:00,13686.074826285143,11799.60588072026,9902.860835439937
forecast_3714,2025-06-04 18:00:00,12477.137706830072,9414.399163523909,8211.313414986085
forecast_3715,2025-06-04 19:00:00,12346.277911218804,10488.45103736906,8244.258729458808
forecast_3716,2025-06-04 20:00:00,13080.072302888691,11550.50240551277,8427.643853468471
forecast_3717,2025-06-04 21:00:00,12756.18023371152,10377.431840147427,8912.933526571145
forecast_3718,2025-06-04 22:00:00,10245.942241435889,10364.630420928896,7368.0055190940275
forecast_3719,2025-06-04 23:00:00,11095.242943242654,13844.99038442813,11005.022577726677
forecast_3720,2025-06-05 00:00:00,12400.966256300433,15090.420931636216,12403.55168106229
forecast_3721,2025-06-05 01:00:00,9231.436253096324,9037.300039542662,9647.717220632236
forecast_3722,2025-06-05 02:00:00,10507.885763077884,12888.537381498725,11596.833668957042
forecast_3723,2025-06-05 03:00:00,11824.970170328606,14237.512978117597,12194.339383985587
forecast_3724,2025-06-05 04:00:00,11708.691234602595,15042.27955243238,12383.96735552065
forecast_3725,2025-06-05 05:00:00,11258.266291341271,15080.488337509154,12116.134498572745
forecast_3726,2025-06-05 06:00:00,10085.81798925298,14070.013828577778,11545.572606598622
forecast_3727,2025-06-05 07:00:00,11410.23142730764,13392.134178514225,10640.463207221961
forecast_3728,2025-06-05 08:00:00,10153.276094173136,12023.701745370068,9775.727627881755
forecast_3729,2025-06-05 09:00:00,7969.414109386174,9299.000936620523,7707.760267478843
forecast_3730,2025-06-05 10:00:00,6396.41367834232,6810.01021825115,4689.1109945751405
forecast_3731,2025-06-05 11:00:00,4735.019648980289,5803.556026919687,3920.679162627703
forecast_3732,2025-06-05 12:00:00,4827.408922693406,6249.779957042754,4321.488458472061
forecast_3733,2025-06-05 13:00:00,5304.942627927495,5417.361978258954,4014.5273262428823
forecast_3734,2025-06-05 14:00:00,5283.993805536435,4562.0082076466515,4214.0178441137205
forecast_3735,2025-06-05 15:00:00,5152.7643798584895,5131.12419276716,3706.433234781412
forecast_3736,2025-06-05 16:00:00,8192.576832537898,6840.939743477744,5871.3683581870655
forecast_3737,2025-06-05 17:00:00,8347.226416884774,7279.562245786435,7733.317474096114
forecast_3738,2025-06-05 18:00:00,8062.805259672497,8374.51530777065,9391.46446965849
forecast_3739,2025-06-05 19:00:00,12852.087060082085,11444.122415591097,12567.55602511673
forecast_3740,2025-06-05 20:00:00,16625.631792295535,13725.13964369704,14771.622569232219
forecast_3741,2025-06-05 21:00:00,18364.513770430487,15357.383761394962,15323.601589421336
forecast_3742,2025-06-05 22:00:00,19238.108913592278,17023.137955037095,16123.308496190244
forecast_3743,2025-06-05 23:00:00,19463.04734426835,17442.67620124007,16236.64395375455
forecast_3744,2025-06-06 00:00:00,19418.232471992244,17322.176597592104,15792.77423354681
forecast_3745,2025-06-06 01:00:00,19228.417126992757,18081.900479558357,14287.214869017092
forecast_3746,2025-06-06 02:00:00,19419.86695550025,18654.67791199048,15335.9360216876
forecast_3747,2025-06-06 03:00:00,19340.868524057332,18216.066443494732,15533.457324037483
forecast_3748,2025-06-06 04:00:00,18348.910674895313,17560.726479106652,15400.893104804298
forecast_3749,2025-06-06 05:00:00,18224.335292482185,18101.05785476267,14575.918713571231
forecast_3750,2025-06-06 06:00:00,17727.33503576069,17910.013725329,14572.269769373364
forecast_3751,2025-06-06 07:00:00,16023.780934411501,17069.611922511744,13704.954689056312
forecast_3752,2025-06-06 08:00:00,14438.271750981923,15948.339133917218,14694.61798272033
forecast_3753,2025-06-06 09:00:00,11912.352688413464,13946.106161389682,12382.353474383804
forecast_3754,2025-06-06 10:00:00,11084.089921456938,13436.034537447165,12335.776824515151
forecast_3755,2025-06-06 11:00:00,11122.955698222542,13023.731362569,11315.399478082694
forecast_3756,2025-06-06 12:00:00,11452.070969556877,13014.430459475652,11882.746913757836
forecast_3757,2025-06-06 13:00:00,11929.582647915591,13609.432794423301,11980.094325424865
forecast_3758,2025-06-06 14:00:00,12047.191501234754,13189.440463367295,12727.975633495296
forecast_3759,2025-06-06 15:00:00,13040.458581142757,14413.298196949196,13629.580979515933
forecast_3760,2025-06-06 16:00:00,12370.027642256673,13364.883601257092,13537.108082150597
forecast_3761,2025-06-06 17:00:00,12475.04178737105,13255.488182654168,13731.242484732895
forecast_3762,2025-06-06 18:00:00,13396.957704297089,14603.465172851487,15078.831428561269
forecast_3763,2025-06-06 19:00:00,14346.031901993174,16061.545699321721,16198.132022424541
forecast_3764,2025-06-06 20:00:00,15047.665416864604,15938.509236432523,15846.54832886165
forecast_3765,2025-06-06 21:00:00,15954.919676727333,17267.7606441236,16641.71026339251
forecast_3766,2025-06-06 22:00:00,15738.783182074329,17048.522741120658,17346.12720024888
forecast_3767,2025-06-06 23:00:00,17100.366984354685,18124.071875932943,17194.06127717223
forecast_3768,2025-06-07 00:00:00,16543.837891975516,17161.502432239256,17126.995734999287
forecast_3769,2025-06-07 01:00:00,16141.547582398429,17274.782832126166,15597.828279566409
forecast_3770,2025-06-07 02:00:00,16133.864689645656,16478.932515782384,15716.267589180983
forecast_3771,2025-06-07 03:00:00,16199.188658594021,16898.321410007542,16112.850370230604
forecast_3772,2025-06-07 04:00:00,16878.468911896816,17531.104203668263,15673.781047860133
forecast_3773,2025-06-07 05:00:00,16650.953175007915,17239.496509123877,15523.504028986976
forecast_3774,2025-06-07 06:00:00,17330.73395553968,17733.282883602515,15653.4355017144
forecast_3775,2025-06-07 07:00:00,16176.844666803792,16699.147375214343,13968.149940829173
forecast_3776,2025-06-07 08:00:00,13672.62772078344,16036.83158271326,14026.459735693772
forecast_3777,2025-06-07 09:00:00,10747.441845279958,12074.898938583387,11390.936473293012
forecast_3778,2025-06-07 10:00:00,8318.357240576232,9936.77598336934,9920.410308198334
forecast_3779,2025-06-07 11:00:00,7235.062089658177,8454.796769361403,7904.234572714674
forecast_3780,2025-06-07 12:00:00,4569.818736590158,4949.941620448887,4311.1359691879525
forecast_3781,2025-06-07 13:00:00,4443.686989203517,4634.095786922988,4009.296736175007
forecast_3782,2025-06-07 14:00:00,4507.447801972723,4301.758107661232,4162.323267776111
forecast_3783,2025-06-07 15:00:00,4785.608280097474,3990.184436823087,4131.697831614844
forecast_3784,2025-06-07 16:00:00,4940.648409237264,4161.01289787848,4132.634929340801
forecast_3785,2025-06-07 17:00:00,4255.705369544771,3983.558520352181,5549.152677572257
forecast_3786,2025-06-07 18:00:00,4894.549777212073,5012.432293171178,6535.130612170654
forecast_3787,2025-06-07 19:00:00,7144.626575782431,7849.063629621975,7615.221357063388
forecast_3788,2025-06-07 20:00:00,8631.641865522186,10788.555881844892,9011.952177155357
forecast_3789,2025-06-07 21:00:00,12976.383502633755,13087.153796667688,12820.24313868099
forecast_3790,2025-06-07 22:00:00,11695.958903154853,14254.326175758664,13184.727963561767
forecast_3791,2025-06-07 23:00:00,12246.358469333498,13481.446838217442,11404.133970216608
forecast_3792,2025-06-08 00:00:00,12727.586484109206,14973.223004282576,11567.03709305266
forecast_3793,2025-06-08 01:00:00,11347.78808974339,12557.339367552191,10299.211351541375
forecast_3794,2025-06-08 02:00:00,10571.874477527277,12402.783200955546,9484.053425506376
forecast_3795,2025-06-08 03:00:00,9219.79878629982,12795.190837530043,8966.411032016103
forecast_3796,2025-06-08 04:00:00,8740.775124600646,11495.776378174376,7993.158132962479
forecast_3797,2025-06-08 05:00:00,7448.980371088792,10172.673523359264,6092.535719918629
forecast_3798,2025-06-08 06:00:00,6891.755559997131,7486.632963802981,3470.1607907384528
forecast_3799,2025-06-08 07:00:00,2860.483348261084,2821.748442138369,1860.5543681190286
forecast_3800,2025-06-08 08:00:00,677.9963367911606,1206.856340600231,838.5126031420095
forecast_3801,2025-06-08 09:00:00,266.1420367959177,738.7395373516221,296.03394263521193
forecast_3802,2025-06-08 10:00:00,45.09672574132683,177.92306848355784,27.000495663057503
forecast_3803,2025-06-08 11:00:00,9.369668216655285,41.75947868898305,28.500700762715898
forecast_3804,2025-06-08 12:00:00,4.785339291675769,80.51961060239263,57.835842233943
forecast_3805,2025-06-08 13:00:00,0.0,160.59609254714175,67.20978924716864
forecast_3806,2025-06-08 14:00:00,21.232871796922062,36.12386653932387,37.90523620320614
forecast_3807,2025-06-08 15:00:00,39.04722614709072,42.33947947893569,34.68836575205382
forecast_3808,2025-06-08 16:00:00,0.0,5.587511957196728,27.582078848047534
forecast_3809,2025-06-08 17:00:00,0.0,6.235696918317157,48.924402065068946
forecast_3810,2025-06-08 18:00:00,194.9029519890188,0.0,109.36788068375316
forecast_3811,2025-06-08 19:00:00,1108.2089440693435,568.9114211914094,513.0511845943523
forecast_3812,2025-06-08 20:00:00,1733.795274416593,1806.1334573668291,622.7317306351391
forecast_3813,2025-06-08 21:00:00,1850.2550208095429,1894.6835780292088,1083.4050551942496
forecast_3814,2025-06-08 22:00:00,2134.3146470996307,3311.0220429176097,2112.622687150882
forecast_3815,2025-06-08 23:00:00,4973.455130992902,5754.443865458212,4479.9436618539885
forecast_3816,2025-06-09 00:00:00,6634.39893572717,9619.15325644532,7895.969597077553
forecast_3817,2025-06-09 01:00:00,7148.9572603402285,7863.409000840944,6607.380650673889
forecast_3818,2025-06-09 02:00:00,7156.416646923211,8882.879528219972,7007.333077819962
forecast_3819,2025-06-09 03:00:00,6900.06067283005,8434.487130507658,4625.843008246478
forecast_3820,2025-06-09 04:00:00,5753.5930084750735,7181.830459950092,4334.606346417519
forecast_3821,2025-06-09 05:00:00,5629.741652681021,6312.426368477593,4179.3169963021155
forecast_3822,2025-06-09 06:00:00,4614.607621913636,3945.5145494688813,2850.3172562398217
forecast_3823,2025-06-09 07:00:00,1636.6240930872455,2001.5246839238482,1225.6259170334101
forecast_3824,2025-06-09 08:00:00,689.068207621288,922.0981674253543,258.5209671707607
forecast_3825,2025-06-09 09:00:00,331.81130301972354,193.09771859493935,163.60316642231763
forecast_3826,2025-06-09 10:00:00,332.96627007837935,398.87719351674446,199.73931080993026
forecast_3827,2025-06-09 11:00:00,548.1394265513536,526.2576606543381,361.01307015085257
forecast_3828,2025-06-09 12:00:00,621.2837863383561,420.1461294209252,347.0997762796175
forecast_3829,2025-06-09 13:00:00,386.171695454434,392.18593206920383,487.85527504465193
forecast_3830,2025-06-09 14:00:00,978.5050138168763,845.3744944045507,1312.9034874104495
forecast_3831,2025-06-09 15:00:00,1209.0842246778977,857.4561364420724,1280.237595926686
forecast_3832,2025-06-09 16:00:00,1750.7557288250923,1354.3884158340509,1363.2774339501618
forecast_3833,2025-06-09 17:00:00,1228.5888897859045,2092.591419910175,1038.6549384026325
forecast_3834,2025-06-09 18:00:00,1599.8022757749393,2254.334834983143,2248.115829279829
forecast_3835,2025-06-09 19:00:00,1815.4797984410511,2342.7915649333836,1634.1427215940928
forecast_3836,2025-06-09 20:00:00,2017.0445816469253,3175.374420073667,1569.984192070314
forecast_3837,2025-06-09 21:00:00,3423.5208967102685,4539.828031669967,2403.811410803436
forecast_3838,2025-06-09 22:00:00,7070.705423351069,10110.685526836098,7269.973377370185
forecast_3839,2025-06-09 23:00:00,8137.3493367358005,10709.080705605,8136.105903323571
forecast_3840,2025-06-10 00:00:00,8120.168964281278,12386.63065325201,8144.00266546543
forecast_3841,2025-06-10 01:00:00,10982.797607833365,13264.537970308349,11972.573564223576
forecast_3842,2025-06-10 02:00:00,12263.122308020504,13866.974678206087,10824.915758938041
forecast_3843,2025-06-10 03:00:00,14221.160905146007,15531.75022357824,13535.799969314676
forecast_3844,2025-06-10 04:00:00,14544.247156262902,15413.75857661443,11686.442655392395
forecast_3845,2025-06-10 05:00:00,16520.203181690187,16690.519995006816,12960.400475314229
forecast_3846,2025-06-10 06:00:00,16188.307563720398,16030.83054957325,14326.823224504371
forecast_3847,2025-06-10 07:00:00,13590.494616281618,15548.241474603345,12213.043282982873
forecast_3848,2025-06-10 08:00:00,8698.469138886057,11561.789611486383,7754.918134297969
forecast_3849,2025-06-10 09:00:00,5647.706847777333,6504.423078259503,5271.967677039698
forecast_3850,2025-06-10 10:00:00,3248.986287127004,4633.537204612915,3462.010635242722
forecast_3851,2025-06-10 11:00:00,3214.6951673707645,4116.0684226418925,2902.4295839147862
forecast_3852,2025-06-10 12:00:00,3337.718977247401,3594.5442532221123,3165.0585777768324
forecast_3853,2025-06-10 13:00:00,3855.338255039048,4259.638036508572,3600.7926436181383
forecast_3854,2025-06-10 14:00:00,4036.966971369734,5251.203266351576,5864.286759904786
forecast_3855,2025-06-10 15:00:00,5361.544296553867,7089.000609831547,5427.627985998385
forecast_3856,2025-06-10 16:00:00,6873.214149514867,7330.743982726771,5287.297719355281
forecast_3857,2025-06-10 17:00:00,8896.140664778624,9708.236880387354,7928.768301118214
forecast_3858,2025-06-10 18:00:00,9247.709346435771,8302.160876203983,8834.654022701568
forecast_3859,2025-06-10 19:00:00,9577.056811293047,9301.092758589277,8771.321957615004
forecast_3860,2025-06-10 20:00:00,10861.893364241627,10972.327035204375,11463.103979377804
forecast_3861,2025-06-10 21:00:00,11792.15501329256,12956.03625370063,13405.151908515512
forecast_3862,2025-06-10 22:00:00,12994.30094966163,14210.750779354803,13001.126544335004
forecast_3863,2025-06-10 23:00:00,14708.76655666122,15420.196830413544,14929.800186443797
forecast_3864,2025-06-11 00:00:00,14493.469440256373,14246.323396076763,13376.16521734328
forecast_3865,2025-06-11 01:00:00,10189.541840969132,13994.623547552126,12241.419170491588
forecast_3866,2025-06-11 02:00:00,11014.085741628285,14674.781546153788,11468.31081022184
forecast_3867,2025-06-11 03:00:00,12286.169037425128,15116.087593130713,10604.628649935918
forecast_3868,2025-06-11 04:00:00,14215.690683224957,14659.575172129806,10317.426012719636
forecast_3869,2025-06-11 05:00:00,12247.576316536757,14140.348126876255,10248.052104814937
forecast_3870,2025-06-11 06:00:00,12279.392701454793,13811.460579133223,9275.35586509384
forecast_3871,2025-06-11 07:00:00,9993.348973504628,11558.374301273807,8283.191414228202
forecast_3872,2025-06-11 08:00:00,8153.343804366369,9904.26409729016,5563.162008581318
forecast_3873,2025-06-11 09:00:00,6583.555620883595,6363.532587679932,4576.855291267505
forecast_3874,2025-06-11 10:00:00,6067.0513329649375,6120.543011079892,3435.2640300431876
forecast_3875,2025-06-11 11:00:00,6263.856270248554,6596.7666208251185,3372.3371193127223
forecast_3876,2025-06-11 12:00:00,6461.3179239432575,6048.86483427373,3687.171567914062
forecast_3877,2025-06-11 13:00:00,6037.383562298676,4551.073303218802,3322.7743272698003
forecast_3878,2025-06-11 14:00:00,5998.4945596477955,4871.790488363892,4273.524808061863
forecast_3879,2025-06-11 15:00:00,5968.14800313257,4484.101937091334,4199.193324298325
forecast_3880,2025-06-11 16:00:00,4417.123700144598,4674.527040754315,3931.301045049287
forecast_3881,2025-06-11 17:00:00,4649.899084629388,3610.94913862706,2081.809284424181
forecast_3882,2025-06-11 18:00:00,3130.3554487842016,2259.073129866209,1530.3622304160585
forecast_3883,2025-06-11 19:00:00,3029.40788108082,2255.464734863782,1827.8394671100525
forecast_3884,2025-06-11 20:00:00,3426.7077205663713,3210.6440427990087,1831.1732788346978
forecast_3885,2025-06-11 21:00:00,4843.209259058775,4323.302276923084,2749.4006177046194
forecast_3886,2025-06-11 22:00:00,5951.833903891486,6438.885612695304,3519.6096773207055
forecast_3887,2025-06-11 23:00:00,6557.451144438677,6617.879416359358,3552.368293557964
forecast_3888,2025-06-12 00:00:00,6815.857756229844,5316.530812037796,3061.7801005106735
forecast_3889,2025-06-12 01:00:00,4155.920456390875,3591.5172107541625,2341.710030215116
forecast_3890,2025-06-12 02:00:00,4308.703590838077,4129.4868384646625,2330.51755812326
forecast_3891,2025-06-12 03:00:00,2618.5457621630576,1304.2372287278818,1149.1642816746419
forecast_3892,2025-06-12 04:00:00,2379.0652599344266,942.8312693963668,622.8780353803918
forecast_3893,2025-06-12 05:00:00,1229.2187319879572,481.5723459179573,613.1073356793595
forecast_3894,2025-06-12 06:00:00,304.8837671595266,236.52524584314668,107.89748511849348
forecast_3895,2025-06-12 07:00:00,805.1157259289213,611.3527935817485,127.91489249742808
forecast_3896,2025-06-12 08:00:00,442.6915462428107,282.6988600714864,81.62223999018357
forecast_3897,2025-06-12 09:00:00,87.70442343396007,64.13379676256463,23.498014313511174
forecast_3898,2025-06-12 10:00:00,56.5413293867542,0.0,60.214786460864076
forecast_3899,2025-06-12 11:00:00,12.943588906486546,22.480597166759534,28.459862257736813
forecast_3900,2025-06-12 12:00:00,11.511079640483356,12.588474445914445,28.399384538499984
forecast_3901,2025-06-12 13:00:00,32.37871714096571,123.73762141974113,31.55650729196792
forecast_3902,2025-06-12 14:00:00,5.234499040556072,82.30670851586639,39.102373156039974
forecast_3903,2025-06-12 15:00:00,1.7475430616476,56.062254501828136,38.71124210010731
forecast_3904,2025-06-12 16:00:00,15.865871089252716,0.0,35.75154823068129
forecast_3905,2025-06-12 17:00:00,110.75931366728054,156.69863875445967,49.82991565596869
forecast_3906,2025-06-12 18:00:00,136.72806985488535,119.92503873400676,70.24643264710674
forecast_3907,2025-06-12 19:00:00,315.74153424340216,309.88688062159724,91.32129049876654
forecast_3908,2025-06-12 20:00:00,406.41310138634077,515.3369647770504,61.06701969539525
forecast_3909,2025-06-12 21:00:00,762.4927237376301,531.5094955583518,243.3731309643278
forecast_3910,2025-06-12 22:00:00,1326.6796516276777,936.0301834261605,448.3791647292649
forecast_3911,2025-06-12 23:00:00,1896.780615403101,1027.1039673753214,651.9762658205744
forecast_3912,2025-06-13 00:00:00,1752.4853385132242,1402.6033891432514,1299.9156183631533
forecast_3913,2025-06-13 01:00:00,4399.97339878663,6041.445017487927,2609.9778494021434
forecast_3914,2025-06-13 02:00:00,6160.402967167353,6377.332894609118,2616.9049230251776
forecast_3915,2025-06-13 03:00:00,5920.641339518025,7035.815011324099,3259.857107368335
forecast_3916,2025-06-13 04:00:00,4197.72191754242,4358.439915798236,2673.062809910572
forecast_3917,2025-06-13 05:00:00,2572.7234444302026,2570.560867243351,2356.1786427484817
forecast_3918,2025-06-13 06:00:00,1332.928026196987,1232.0571217442687,1377.6177668923306
forecast_3919,2025-06-13 07:00:00,433.2978387696153,782.1799596599836,394.41238404563035
forecast_3920,2025-06-13 08:00:00,25.423017206652567,326.20235059921373,77.89160439859343
forecast_3921,2025-06-13 09:00:00,142.8429062765352,135.63193570383856,72.20756561886243
forecast_3922,2025-06-13 10:00:00,51.40231897780574,166.82454851310365,194.34754940339042
forecast_3923,2025-06-13 11:00:00,51.788636812975355,103.05277450566363,138.13422060826295
forecast_3924,2025-06-13 12:00:00,199.17735392438357,202.5671319008339,184.55501138052452
forecast_3925,2025-06-13 13:00:00,625.0237948550339,177.92262708342096,482.0040506960708
forecast_3926,2025-06-13 14:00:00,926.5389865133485,1043.6712089498244,1113.450760071322
forecast_3927,2025-06-13 15:00:00,1540.1588323378635,1179.1761677492964,1238.4919401950165
forecast_3928,2025-06-13 16:00:00,1706.6054555691233,1431.14081971921,1359.8686592540466
forecast_3929,2025-06-13 17:00:00,1408.2762332344446,1427.1685322972558,1325.4693233773091
forecast_3930,2025-06-13 18:00:00,1756.7817078275089,1518.3812082559214,1349.2925632044512
forecast_3931,2025-06-13 19:00:00,1057.9439321932146,1006.3824389120172,675.242220451788
forecast_3932,2025-06-13 20:00:00,1377.2482508890932,1431.1480614512127,1187.8984178117444
forecast_3933,2025-06-13 21:00:00,2579.7550916538867,1745.8996599455302,1907.974184443945
forecast_3934,2025-06-13 22:00:00,1677.1416640860286,1685.8616651431037,873.0357034056861
forecast_3935,2025-06-13 23:00:00,3401.2174904617573,3645.326558800039,2821.96772709937
forecast_3936,2025-06-14 00:00:00,1562.3388385439355,1553.5396230833292,901.8470676159063
forecast_3937,2025-06-14 01:00:00,7300.031730857707,8030.768587496372,4902.723419859123
forecast_3938,2025-06-14 02:00:00,8027.324005277354,8651.340164484582,5165.159737163509
forecast_3939,2025-06-14 03:00:00,6434.890611077892,6809.052612933041,4459.435995436601
forecast_3940,2025-06-14 04:00:00,6012.130379702717,6694.41473593184,3314.680085728381
forecast_3941,2025-06-14 05:00:00,5527.425016418005,4944.638948805572,3399.988068237674
forecast_3942,2025-06-14 06:00:00,4108.167935667799,3626.9857659487598,1759.9391888027076
forecast_3943,2025-06-14 07:00:00,265.95893178286155,507.64969238512475,171.69322907909793
forecast_3944,2025-06-14 08:00:00,384.6349418887687,482.76514640734416,237.83266764780768
forecast_3945,2025-06-14 09:00:00,144.18730466047393,419.1967156731259,260.6255729426068
forecast_3946,2025-06-14 10:00:00,823.1669340719726,1312.4337745990206,438.6307389349621
forecast_3947,2025-06-14 11:00:00,519.8928628805942,505.9990882245304,124.35595788152827
forecast_3948,2025-06-14 12:00:00,522.874713777864,526.6398958905394,283.4949336564712
forecast_3949,2025-06-14 13:00:00,439.95218677738217,644.2793869427932,134.72801415696054
forecast_3950,2025-06-14 14:00:00,450.28463689710077,621.6191642131157,68.5893603932283
forecast_3951,2025-06-14 15:00:00,216.93402351811906,282.82331649184175,170.74668189014218
forecast_3952,2025-06-14 16:00:00,43.01517490244662,0.0,49.03685948308836
forecast_3953,2025-06-14 17:00:00,0.0,229.05082365238985,98.3928554257951
forecast_3954,2025-06-14 18:00:00,88.03522401166009,58.64921434272177,173.40649505381356
forecast_3955,2025-06-14 19:00:00,512.788206723492,555.4768410599304,259.5759721309939
forecast_3956,2025-06-14 20:00:00,745.4158937006555,548.9001022183664,378.20171548393773
forecast_3957,2025-06-14 21:00:00,882.7561782554279,432.51080632041845,413.74387850073174
forecast_3958,2025-06-14 22:00:00,1148.1368321170264,962.541522367571,632.08335779623
forecast_3959,2025-06-14 23:00:00,1189.0470580145036,1147.255402019399,640.6035351374976
forecast_3960,2025-06-15 00:00:00,872.9074058516255,1123.0761411512729,647.5026969363811
forecast_3961,2025-06-15 01:00:00,3295.489842604601,4268.517519699755,4356.580776488689
forecast_3962,2025-06-15 02:00:00,2431.297784927369,4440.958840752989,4696.231130198208
forecast_3963,2025-06-15 03:00:00,2542.9049843568223,4254.128498467964,4195.792263318607
forecast_3964,2025-06-15 04:00:00,4643.849899172746,5162.291671163461,4453.754749601527
forecast_3965,2025-06-15 05:00:00,5201.258716398563,4310.39557157345,3679.6133425931334
forecast_3966,2025-06-15 06:00:00,4406.136496332066,5681.723385578029,4411.39915877285
forecast_3967,2025-06-15 07:00:00,4322.883003527657,3154.3522140718846,1755.7333629443178
forecast_3968,2025-06-15 08:00:00,1010.9471407256608,841.1417445687483,445.3922598858201
forecast_3969,2025-06-15 09:00:00,379.96477182432653,257.45329449310907,171.54382707033722
forecast_3970,2025-06-15 10:00:00,134.0144608691164,428.45639239155025,130.69295610796487
forecast_3971,2025-06-15 11:00:00,198.0773699601686,260.59391125030845,57.18944773383926
forecast_3972,2025-06-15 12:00:00,1047.8198428121962,591.1192826501097,543.9995512039641
forecast_3973,2025-06-15 13:00:00,450.4592213118358,892.0168876339814,956.067200502759
forecast_3974,2025-06-15 14:00:00,1106.2926179130575,1344.375665504197,1624.9801855977075
forecast_3975,2025-06-15 15:00:00,1358.8526811634495,2354.575242707393,2177.550654999731
forecast_3976,2025-06-15 16:00:00,2657.0507125294066,3475.6989097836354,2988.110516934093
forecast_3977,2025-06-15 17:00:00,2528.5594654366223,3374.2575673407746,3172.8912027226575
forecast_3978,2025-06-15 18:00:00,3219.949518771871,5816.54219461672,4513.961912573242
forecast_3979,2025-06-15 19:00:00,4740.330826466457,7923.505504178186,5376.6092236956965
forecast_3980,2025-06-15 20:00:00,5689.521664405323,7087.40880261156,5879.419662540182
forecast_3981,2025-06-15 21:00:00,5512.261718831307,8388.520708642189,5645.779790364317
forecast_3982,2025-06-15 22:00:00,9575.841193353735,12304.654124787003,7710.593653459611
forecast_3983,2025-06-15 23:00:00,9802.418408919515,11303.772586962068,9021.073937947804
forecast_3984,2025-06-16 00:00:00,9882.066141286105,12664.286887569733,10171.968189967247
forecast_3985,2025-06-16 01:00:00,8746.024640403692,10458.240114792128,8091.6387603393905
forecast_3986,2025-06-16 02:00:00,9020.188462161786,12120.082131999645,8117.850725627099
forecast_3987,2025-06-16 03:00:00,9433.579754898738,10354.662608690414,6793.696774298545
forecast_3988,2025-06-16 04:00:00,6651.847061171805,8367.016239681294,6473.180663198052
forecast_3989,2025-06-16 05:00:00,5369.884669107291,5962.250099642338,4599.712579045936
forecast_3990,2025-06-16 06:00:00,5833.690565284338,6269.014784418878,4454.292005111357
forecast_3991,2025-06-16 07:00:00,5859.561481928718,7034.971321849413,3247.3595769432613
forecast_3992,2025-06-16 08:00:00,7161.677581590519,8423.331566902283,5055.871562990713
forecast_3993,2025-06-16 09:00:00,6138.478930381464,8848.821852445935,4750.427580761088
forecast_3994,2025-06-16 10:00:00,7401.035050049959,8858.349271453688,5875.271049397642
forecast_3995,2025-06-16 11:00:00,5058.561447525453,8420.368694677081,7338.879525070798
forecast_3996,2025-06-16 12:00:00,4863.373396071573,6955.216086983257,4305.610357565704
forecast_3997,2025-06-16 13:00:00,7511.3753700151465,9624.581761317973,7148.250009205556
forecast_3998,2025-06-16 14:00:00,6121.377680560808,9521.69506543218,8715.598604343619
forecast_3999,2025-06-16 15:00:00,10307.095390377688,11791.170896625215,11318.077560458842
forecast_4000,2025-06-16 16:00:00,11282.610831865779,12222.367327492719,9890.016416859437
forecast_4001,2025-06-16 17:00:00,12957.839215419108,14163.78974234198,12160.850335948096
forecast_4002,2025-06-16 18:00:00,12385.016448002792,13528.517624818352,9850.705777939427
forecast_4003,2025-06-16 19:00:00,12876.888574790617,14005.666661768366,11398.577866323067
forecast_4004,2025-06-16 20:00:00,11826.871951274728,12418.289932773585,10910.915851938995
forecast_4005,2025-06-16 21:00:00,11669.915455232167,12495.826014320537,10537.8823333725
forecast_4006,2025-06-16 22:00:00,13323.0821459923,14971.543315673294,12220.132922457846
forecast_4007,2025-06-16 23:00:00,15665.705476841757,16191.985120820777,12451.497456030742
forecast_4008,2025-06-17 00:00:00,15657.945060038033,18896.567891987717,14641.48219810947
forecast_4009,2025-06-17 01:00:00,15258.787645272914,18516.048938699794,14406.359807494002
forecast_4010,2025-06-17 02:00:00,15135.321717784222,18031.832491653942,14470.748530273419
forecast_4011,2025-06-17 03:00:00,15409.02858697902,18300.257306168216,15146.901788385674
forecast_4012,2025-06-17 04:00:00,15058.572938772444,17873.51813149,14629.638156285759
forecast_4013,2025-06-17 05:00:00,14923.734529779867,16535.734877869596,14445.813142759795
forecast_4014,2025-06-17 06:00:00,15515.431174644416,16929.182855655847,12896.802630031465
forecast_4015,2025-06-17 07:00:00,12520.052472971169,15533.040537219473,13384.659962569343
forecast_4016,2025-06-17 08:00:00,12913.12093013051,15401.723799059173,13007.513584866187
forecast_4017,2025-06-17 09:00:00,12042.07317758087,15331.279154254538,12926.477970382373
forecast_4018,2025-06-17 10:00:00,11444.342497979833,13800.990089535639,11281.464295455935
forecast_4019,2025-06-17 11:00:00,10562.413787688452,12352.478247016958,10327.952385197681
forecast_4020,2025-06-17 12:00:00,10781.838082782915,11212.435608082418,11025.893779032975
forecast_4021,2025-06-17 13:00:00,10624.126398815644,11145.613190313816,10073.19117064203
forecast_4022,2025-06-17 14:00:00,8409.964555099352,10215.16746447632,9705.874185641173
forecast_4023,2025-06-17 15:00:00,7273.706820658963,8727.208479665362,8160.433285241466
forecast_4024,2025-06-17 16:00:00,8422.945010169984,8338.356914945292,7408.520696621995
forecast_4025,2025-06-17 17:00:00,5853.954953895364,7841.476367534098,7553.95357004901
forecast_4026,2025-06-17 18:00:00,4501.5529830271835,6138.898214742667,5566.78165894242
forecast_4027,2025-06-17 19:00:00,4583.637477253573,4262.228495011828,2769.572779159893
forecast_4028,2025-06-17 20:00:00,4267.10247962607,4161.573507139115,2883.3947025316847
forecast_4029,2025-06-17 21:00:00,5010.172934305039,5346.569456023262,2767.6245494362647
forecast_4030,2025-06-17 22:00:00,5231.088826672784,5730.2211369286215,2670.278841712336
forecast_4031,2025-06-17 23:00:00,5921.958119658267,7214.460019022519,4196.344886979143
forecast_4032,2025-06-18 00:00:00,6688.252426547777,7040.786186330049,5072.472245139529
forecast_4033,2025-06-18 01:00:00,7226.238721716628,8388.023508123313,4947.8623890283125
forecast_4034,2025-06-18 02:00:00,7701.545173431821,8670.524961813206,4910.186581570689
forecast_4035,2025-06-18 03:00:00,8264.510240129875,9019.451384337011,5516.797008073345
forecast_4036,2025-06-18 04:00:00,7798.717994794444,9508.5885094341,5031.363552204469
forecast_4037,2025-06-18 05:00:00,8981.330915132285,9230.586872454689,5850.185036421335
forecast_4038,2025-06-18 06:00:00,7422.660796826295,8286.063693036589,4709.458107802417
forecast_4039,2025-06-18 07:00:00,6233.097158432285,7743.870626824793,5006.984618862251
forecast_4040,2025-06-18 08:00:00,6204.023709601121,6516.493924254453,4150.038344412844
forecast_4041,2025-06-18 09:00:00,5156.495829014741,4719.425858692424,2893.441899811516
forecast_4042,2025-06-18 10:00:00,3552.1186515937675,3526.4148806667245,1865.9091436088158
forecast_4043,2025-06-18 11:00:00,3612.6488881654054,3318.618418807348,2055.625339519173
forecast_4044,2025-06-18 12:00:00,3464.7263779492646,3945.157514892313,2613.629974606722
forecast_4045,2025-06-18 13:00:00,3531.377571219197,3834.7283011982886,2531.130653535756
forecast_4046,2025-06-18 14:00:00,3613.4124214874446,3900.040662961817,2485.670362990856
forecast_4047,2025-06-18 15:00:00,3951.8916659643633,3394.43925913543,2952.448927616033
forecast_4048,2025-06-18 16:00:00,3486.761367650034,3655.2997312656635,3413.628296207907
forecast_4049,2025-06-18 17:00:00,3709.6945740342617,3635.0416687865654,3481.387672589274
forecast_4050,2025-06-18 18:00:00,3635.4736482070575,2631.176880007576,3123.792263587499
forecast_4051,2025-06-18 19:00:00,4317.557452281798,4531.455139160115,4173.996222880065
forecast_4052,2025-06-18 20:00:00,5829.181702834418,5183.120102986876,5014.475457859908
forecast_4053,2025-06-18 21:00:00,8672.237802812848,7350.503396143287,6725.8189335326
forecast_4054,2025-06-18 22:00:00,7921.09901947762,9905.590226879007,7025.778993308256
forecast_4055,2025-06-18 23:00:00,9069.636635698196,11184.227914478133,9940.97176140469
forecast_4056,2025-06-19 00:00:00,10293.877848826594,12726.317815209122,9668.577047036255
forecast_4057,2025-06-19 01:00:00,10859.015541669136,12363.069704856516,11111.590940192082
forecast_4058,2025-06-19 02:00:00,9732.529501304889,11391.824290962943,10460.68122658073
forecast_4059,2025-06-19 03:00:00,11407.057314796657,12275.874444835983,10093.22947358108
forecast_4060,2025-06-19 04:00:00,10573.15241429033,12945.71712422853,9252.3425682745
forecast_4061,2025-06-19 05:00:00,10712.709513158736,12486.58169880297,7696.104962795841
forecast_4062,2025-06-19 06:00:00,6882.097780986573,8678.617020487392,5256.168099589383
forecast_4063,2025-06-19 07:00:00,5495.308486031228,5666.775371373642,3825.87564794228
forecast_4064,2025-06-19 08:00:00,2468.3691872505306,1457.0947474731915,1804.4752397935147
forecast_4065,2025-06-19 09:00:00,916.2855110791199,1103.2056190730984,589.6459880559155
forecast_4066,2025-06-19 10:00:00,647.0886154386939,430.4495962998599,606.5103760370972
forecast_4067,2025-06-19 11:00:00,140.07757589788318,89.23503307515523,200.68179662312772
forecast_4068,2025-06-19 12:00:00,120.46315759529705,180.13386260091113,35.81739114512467
forecast_4069,2025-06-19 13:00:00,43.46287124016757,120.15766186483452,38.37197543757683
forecast_4070,2025-06-19 14:00:00,0.5841770162035742,159.13018708959297,98.42597373767775
forecast_4071,2025-06-19 15:00:00,57.94098324332058,77.05650113887377,95.51326913118412
forecast_4072,2025-06-19 16:00:00,240.95631522198818,47.6198886985315,205.28592252671615
forecast_4073,2025-06-19 17:00:00,931.0677800279294,679.4818781241611,1342.6565709088732
forecast_4074,2025-06-19 18:00:00,1594.2903183303345,1371.9700772327253,1445.310797806699
forecast_4075,2025-06-19 19:00:00,1996.5853582203006,3039.984893744535,1817.1277674933312
forecast_4076,2025-06-19 20:00:00,3226.1740251586643,3724.5994771292535,2890.1468353028336
forecast_4077,2025-06-19 21:00:00,3664.260345861289,4615.399186145422,2804.4883626262545
forecast_4078,2025-06-19 22:00:00,6260.386516568946,7656.636262658041,4810.773994167403
forecast_4079,2025-06-19 23:00:00,6882.044124361371,8350.530327958337,4962.609112941812
forecast_4080,2025-06-20 00:00:00,7419.506402602442,9078.868928628512,6073.920039330512
forecast_4081,2025-06-20 01:00:00,9041.241338712769,11712.692365055707,7722.98906325024
forecast_4082,2025-06-20 02:00:00,9376.418476928491,12343.812598113553,8346.607374114601
forecast_4083,2025-06-20 03:00:00,10125.456121804777,12052.096595573434,8820.771660318958
forecast_4084,2025-06-20 04:00:00,9980.62922777026,12930.02089209738,10503.664749700512
forecast_4085,2025-06-20 05:00:00,10125.561850840702,13376.701777823342,10863.334121249867
forecast_4086,2025-06-20 06:00:00,9281.888994912968,12108.789122683798,8541.871311084376
forecast_4087,2025-06-20 07:00:00,7752.075079227525,11709.487728617913,7162.458347260569
forecast_4088,2025-06-20 08:00:00,6225.8131702605515,9551.652993053003,5976.951680401627
forecast_4089,2025-06-20 09:00:00,8098.82982666593,10005.877537427119,5915.28972407504
forecast_4090,2025-06-20 10:00:00,6915.814891612759,10512.915007444122,6472.531015198569
forecast_4091,2025-06-20 11:00:00,7690.643510824103,13825.91424952238,11152.646500070772
forecast_4092,2025-06-20 12:00:00,10232.761231781722,15531.847236548498,13378.067591694971
forecast_4093,2025-06-20 13:00:00,11253.273292177937,16462.751691789563,13791.177712253255
forecast_4094,2025-06-20 14:00:00,11757.5299527055,16547.33045745912,14150.819548299596
forecast_4095,2025-06-20 15:00:00,13383.26033600299,16893.315216611318,13864.729224021045
forecast_4096,2025-06-20 16:00:00,15503.858164466877,18048.81732060395,14516.853015614242
forecast_4097,2025-06-20 17:00:00,15798.468412916984,17663.532386834853,16208.67559728775
forecast_4098,2025-06-20 18:00:00,17327.602564119497,17699.64867164807,16618.95027978064
forecast_4099,2025-06-20 19:00:00,18255.60983665062,18294.283341392354,17072.207667197603
forecast_4100,2025-06-20 20:00:00,17552.53048601886,17459.76166882324,16282.741789095899
forecast_4101,2025-06-20 21:00:00,19056.363389651793,18208.681643035932,17028.56579141461
forecast_4102,2025-06-20 22:00:00,17606.707520883094,18028.84443488819,16344.541905888262
forecast_4103,2025-06-20 23:00:00,18694.694671345496,18297.548779657944,16765.375906399833
forecast_4104,2025-06-21 00:00:00,18232.138851433476,18576.76248180267,16943.256135891683
forecast_4105,2025-06-21 01:00:00,17414.389872187276,18378.34923950446,15881.654136103858
forecast_4106,2025-06-21 02:00:00,17067.559986938402,17987.44737947361,15652.255591677735
forecast_4107,2025-06-21 03:00:00,15482.70773548275,17346.214631433984,14640.50365347112
forecast_4108,2025-06-21 04:00:00,13801.103099014286,16726.374076178523,15071.128771757601
forecast_4109,2025-06-21 05:00:00,12159.394225160648,15815.494384547907,15010.98109472876
forecast_4110,2025-06-21 06:00:00,12026.087683577338,15878.76502139505,14694.311628337326
forecast_4111,2025-06-21 07:00:00,10127.571330129194,13935.431799690996,15532.721312430029
forecast_4112,2025-06-21 08:00:00,11515.990422983448,14419.405455434762,14752.590291800952
forecast_4113,2025-06-21 09:00:00,10070.650130340497,12294.758136485289,10390.3532560829
forecast_4114,2025-06-21 10:00:00,7846.298858044941,8845.733826944028,8434.209709954132
forecast_4115,2025-06-21 11:00:00,6024.464051162499,7164.880819722216,6367.958254345462
forecast_4116,2025-06-21 12:00:00,5155.434249024507,8116.239221495857,5961.417862170022
forecast_4117,2025-06-21 13:00:00,6802.955149398513,8985.493902939266,7119.536873865982
forecast_4118,2025-06-21 14:00:00,5367.392016711718,7470.59803309294,6083.038970318329
forecast_4119,2025-06-21 15:00:00,8500.751284853748,10470.003319486985,7973.668193807739
forecast_4120,2025-06-21 16:00:00,9057.715748115512,9537.748590277442,7923.630267180516
forecast_4121,2025-06-21 17:00:00,5971.391290560617,8988.840343330321,6887.842087853646
forecast_4122,2025-06-21 18:00:00,7140.755748654238,9839.488297601385,7748.30765222513
forecast_4123,2025-06-21 19:00:00,10089.442598593949,13664.30636261562,9507.92824585002
forecast_4124,2025-06-21 20:00:00,10993.424122394727,13332.296657228895,10635.564852970114
forecast_4125,2025-06-21 21:00:00,10630.49420092261,12243.284851379563,10493.09084989709
forecast_4126,2025-06-21 22:00:00,10880.756749738977,11910.499587361603,9872.084498501777
forecast_4127,2025-06-21 23:00:00,11967.715616183143,12455.167108844631,10011.813982711754
forecast_4128,2025-06-22 00:00:00,15233.528539102634,16138.77771800483,12380.048108573072
forecast_4129,2025-06-22 01:00:00,12179.683718984452,14259.837978066947,10810.234578078098
forecast_4130,2025-06-22 02:00:00,12324.918234909132,14304.229928439625,9611.883339738226
forecast_4131,2025-06-22 03:00:00,10580.920706577996,14081.567530234366,9180.255322373287
forecast_4132,2025-06-22 04:00:00,10333.901285063359,13323.779012978517,7630.48821054717
forecast_4133,2025-06-22 05:00:00,9872.876410446714,11171.282251896628,6310.703142559937
forecast_4134,2025-06-22 06:00:00,8360.536550500708,9843.075748984524,5633.874220699791
forecast_4135,2025-06-22 07:00:00,7129.7721249939705,9198.042651668757,5526.562361068449
forecast_4136,2025-06-22 08:00:00,6250.260371032382,8360.965829234923,4347.987636476364
forecast_4137,2025-06-22 09:00:00,4363.081394980586,6356.46942825882,3321.940036113219
forecast_4138,2025-06-22 10:00:00,3357.7204868944764,4172.431564093447,3056.01001119761
forecast_4139,2025-06-22 11:00:00,3584.4877552808953,4667.323524653517,2799.6176170074887
forecast_4140,2025-06-22 12:00:00,3378.183248273644,3031.9149548856353,2662.962844491392
forecast_4141,2025-06-22 13:00:00,3468.0142376034173,2900.3145306104675,2578.3303751083185
forecast_4142,2025-06-22 14:00:00,2852.8294017226967,2451.108243627514,2867.4130374625743
forecast_4143,2025-06-22 15:00:00,2689.183147996254,1925.9990930391023,2803.149880089043
forecast_4144,2025-06-22 16:00:00,3082.4021855879546,2106.430252732079,3222.7436049273315
forecast_4145,2025-06-22 17:00:00,3447.8689787858743,2654.002796642287,2976.193187627533
forecast_4146,2025-06-22 18:00:00,3713.4654460344113,2923.995538893835,2664.030963294383
forecast_4147,2025-06-22 19:00:00,4373.037641768448,3421.8040513969086,2908.5849501678545
forecast_4148,2025-06-22 20:00:00,4153.726132657712,3602.7796027491436,3104.3681370537315
forecast_4149,2025-06-22 21:00:00,4552.584803150003,3870.424106578808,2627.2939813053335
forecast_4150,2025-06-22 22:00:00,5622.607101475386,5810.83396526538,4066.625631159504
forecast_4151,2025-06-22 23:00:00,5210.664468641614,5597.441197122852,3809.9461988810494
forecast_4152,2025-06-23 00:00:00,5131.784736692999,3620.499470135784,3431.3933449557608
forecast_4153,2025-06-23 01:00:00,4873.9319951455045,3343.81365337037,2508.791140839509
forecast_4154,2025-06-23 02:00:00,4010.8375490316757,2860.7659499257534,2967.9897507866376
forecast_4155,2025-06-23 03:00:00,3253.4345994386567,3296.8469324518974,2971.0483627592826
forecast_4156,2025-06-23 04:00:00,3405.1471156244133,3018.771422407481,3172.4635673793578
forecast_4157,2025-06-23 05:00:00,3853.6178220207676,2574.0695660278675,1807.6826322217435
forecast_4158,2025-06-23 06:00:00,1473.0429985355388,1236.5291903114482,722.6809935519054
forecast_4159,2025-06-23 07:00:00,822.437370511009,567.6876545476013,391.5583647323678
forecast_4160,2025-06-23 08:00:00,91.42669718546863,279.19071093998156,76.96400801134178
forecast_4161,2025-06-23 09:00:00,104.63667485852866,125.2542689178223,68.84549884053571
forecast_4162,2025-06-23 10:00:00,172.47053497463654,315.66369914905573,188.1840947476312
forecast_4163,2025-06-23 11:00:00,417.8913791794354,390.9966953043933,201.84915487649914
forecast_4164,2025-06-23 12:00:00,567.6014919210886,576.6484189516555,272.89585646663187
forecast_4165,2025-06-23 13:00:00,354.0633731641936,513.7271519928282,193.68293204793298
forecast_4166,2025-06-23 14:00:00,407.43783958439906,587.0409089990077,230.4742416622045
forecast_4167,2025-06-23 15:00:00,355.8543094765367,767.5160500359349,179.27250633949424
forecast_4168,2025-06-23 16:00:00,370.5856023105289,292.39632766758126,116.72418982071873
forecast_4169,2025-06-23 17:00:00,294.6640177201256,178.85012278461485,77.73772188524379
forecast_4170,2025-06-23 18:00:00,172.03589517192918,182.41002186149245,63.971634998339155
forecast_4171,2025-06-23 19:00:00,69.01396741571658,153.53561775292007,29.862093960210313
forecast_4172,2025-06-23 20:00:00,142.80246530752106,68.10645540564713,54.281062728920865
forecast_4173,2025-06-23 21:00:00,87.58787683589902,86.15980471222582,32.86239117952671
forecast_4174,2025-06-23 22:00:00,23.253754440631372,113.601201899392,40.44003161202741
forecast_4175,2025-06-23 23:00:00,74.99517742862756,132.37030380997814,25.818741070524084
forecast_4176,2025-06-24 00:00:00,141.8849242286055,151.9415802870887,25.135178971084965
forecast_4177,2025-06-24 01:00:00,233.40798954976066,0.0,93.02084408658591
forecast_4178,2025-06-24 02:00:00,498.4426663275107,278.90599830737807,52.560475837505415
forecast_4179,2025-06-24 03:00:00,182.96795972236055,225.77850691252465,45.31223878860828
forecast_4180,2025-06-24 04:00:00,434.2753464511027,426.5639436848171,111.99265442000446
forecast_4181,2025-06-24 05:00:00,755.7336153945284,340.7499136191589,242.91720976539173
forecast_4182,2025-06-24 06:00:00,1025.3021881212694,615.7197513699946,216.7875021436756
forecast_4183,2025-06-24 07:00:00,1837.6300858315747,1985.3992660052836,644.1075489746617
forecast_4184,2025-06-24 08:00:00,2137.7000667769935,2086.9566697814844,455.5252108346933
forecast_4185,2025-06-24 09:00:00,2593.879496941952,2083.526890944774,657.9046389784637
forecast_4186,2025-06-24 10:00:00,2299.254306203498,2363.146702657247,781.8154052478803
forecast_4187,2025-06-24 11:00:00,1502.8275925439414,2040.976484312476,666.0988070631453
forecast_4188,2025-06-24 12:00:00,1644.832390772111,2278.168340677385,573.926824153878
forecast_4189,2025-06-24 13:00:00,1597.7153910995428,2137.582893525744,1199.9679438081705
forecast_4190,2025-06-24 14:00:00,1682.1806412906708,2387.498594342484,1274.679140028357
forecast_4191,2025-06-24 15:00:00,1407.423739930427,2554.287314461772,1313.0016375436853
forecast_4192,2025-06-24 16:00:00,2212.7431650883277,2169.997125552412,941.6427318946121
forecast_4193,2025-06-24 17:00:00,3113.9877243457668,2608.5089989955472,1079.3785963766795
forecast_4194,2025-06-24 18:00:00,2353.7428620556875,1853.118071025943,340.7425644251591
forecast_4195,2025-06-24 19:00:00,3779.015767376496,4440.049127381291,956.1662490614751
forecast_4196,2025-06-24 20:00:00,4557.8323159177635,5424.287138881654,2250.4340643970186
forecast_4197,2025-06-24 21:00:00,4850.379354747829,5369.93388639414,2330.394170727133
forecast_4198,2025-06-24 22:00:00,5998.991209733475,7214.9611224218215,3025.5796140350267
forecast_4199,2025-06-24 23:00:00,6181.301452094756,6828.797161234382,3102.418779728521
forecast_4200,2025-06-25 00:00:00,6617.1763711743715,6655.44294750569,2901.9661415697424
forecast_4201,2025-06-25 01:00:00,4671.832724005945,4891.637809014608,2536.111377355691
forecast_4202,2025-06-25 02:00:00,4316.50479833791,4796.065753484902,2214.7934378564614
forecast_4203,2025-06-25 03:00:00,3756.099992492375,3611.883872454624,1070.2310527644402
forecast_4204,2025-06-25 04:00:00,2728.8188317818503,2409.164933975775,737.9079399376864
forecast_4205,2025-06-25 05:00:00,2571.8786962472955,2801.673855561335,634.6803936872756
forecast_4206,2025-06-25 06:00:00,2858.9471782654887,3064.9817118841615,779.1049242325465
forecast_4207,2025-06-25 07:00:00,2186.8321402275947,2006.1652993269263,477.80357930576565
forecast_4208,2025-06-25 08:00:00,2287.462076775697,1605.1939021244916,382.16186424691347
forecast_4209,2025-06-25 09:00:00,2013.7162620039478,1841.516867816301,298.01939487098724
forecast_4210,2025-06-25 10:00:00,1802.3415225431743,1276.886622274147,461.0084479486881
forecast_4211,2025-06-25 11:00:00,1733.1083426044966,1095.322017549964,263.5294011328903
forecast_4212,2025-06-25 12:00:00,1433.2805521521284,949.8164584474348,259.10305274000507
forecast_4213,2025-06-25 13:00:00,1278.4464818378092,619.3588270090394,281.60952252721137
forecast_4214,2025-06-25 14:00:00,892.7610750790857,772.6362032989305,159.16468811547165
forecast_4215,2025-06-25 15:00:00,734.4222058366449,673.4705702430955,137.79289393013903
forecast_4216,2025-06-25 16:00:00,772.8724340435384,440.35610149362446,108.41194755073562
forecast_4217,2025-06-25 17:00:00,854.4427942055119,568.7748234615186,143.3643525791043
forecast_4218,2025-06-25 18:00:00,968.9905334899097,948.3735855100748,288.77562690590173
forecast_4219,2025-06-25 19:00:00,1531.6222321673047,1439.510826637623,844.9163793379265
forecast_4220,2025-06-25 20:00:00,2243.0847014559786,2441.1798575030393,786.3884074382655
forecast_4221,2025-06-25 21:00:00,2756.3091801853684,2438.8893518214704,1046.5580537779506
forecast_4222,2025-06-25 22:00:00,3961.3467259171725,5453.505694021046,2849.8201303541805
forecast_4223,2025-06-25 23:00:00,4668.707959442952,6807.752821867393,3680.883923023837
forecast_4224,2025-06-26 00:00:00,5702.843696697282,7999.71417027396,4650.432180295806
forecast_4225,2025-06-26 01:00:00,8275.796577059526,9126.647725967634,5284.465323118649
forecast_4226,2025-06-26 02:00:00,9711.104769442984,11042.020451994214,7936.9793456706675
forecast_4227,2025-06-26 03:00:00,11056.650195654298,12918.648433062559,11157.941596146078
forecast_4228,2025-06-26 04:00:00,11049.200929628616,11987.067646924734,9212.535636654411
forecast_4229,2025-06-26 05:00:00,11793.73947617952,11340.920437082323,9436.848204677994
forecast_4230,2025-06-26 06:00:00,11835.817866994597,11420.10698668441,10399.136759404651
forecast_4231,2025-06-26 07:00:00,10626.461494841242,10848.664469480638,9723.742139999704
forecast_4232,2025-06-26 08:00:00,11556.791882555835,11346.732998447133,9416.110736530667
forecast_4233,2025-06-26 09:00:00,9669.944372646858,9671.4137083049,8123.1100064679995
forecast_4234,2025-06-26 10:00:00,7287.869268579667,6871.090326812191,6327.170258353507
forecast_4235,2025-06-26 11:00:00,5443.094462565433,5721.3560656361815,5159.3331995344715
forecast_4236,2025-06-26 12:00:00,5498.542728202658,3788.1037976581256,5034.15051294899
forecast_4237,2025-06-26 13:00:00,4622.072797024486,4103.822918600436,3938.9606258716517
forecast_4238,2025-06-26 14:00:00,3825.90261746461,2840.600899683849,2694.1261929390134
forecast_4239,2025-06-26 15:00:00,4695.044257153821,4483.9297092270635,3512.5252103240355
forecast_4240,2025-06-26 16:00:00,4786.72461865842,3574.957287657823,4530.6114246517445
forecast_4241,2025-06-26 17:00:00,3161.191680091596,3292.462992804231,3091.8737329636947
forecast_4242,2025-06-26 18:00:00,3929.203021831967,3913.5861482070154,3696.991536389973
forecast_4243,2025-06-26 19:00:00,4711.5070718419365,4049.9912050409607,3580.738054669707
forecast_4244,2025-06-26 20:00:00,4173.580315611286,3756.265665687585,3945.307896629346
forecast_4245,2025-06-26 21:00:00,4531.876651405384,4232.785705086438,3752.9005665627546
forecast_4246,2025-06-26 22:00:00,5238.3306642425305,5766.639427104858,4055.987747018904
forecast_4247,2025-06-26 23:00:00,4337.898493757866,5053.762496529126,3732.0795565206345
forecast_4248,2025-06-27 00:00:00,5458.985243753526,5121.912264666481,3406.286823600092
forecast_4249,2025-06-27 01:00:00,4761.860774754046,4398.747233699254,2688.4756836124743
forecast_4250,2025-06-27 02:00:00,4626.710658434866,5116.267869640211,2389.2964759759047
forecast_4251,2025-06-27 03:00:00,3795.5890482286222,3177.8161972836683,3608.5834478136217
forecast_4252,2025-06-27 04:00:00,4337.751732380274,3862.8072354566025,3689.2185296064545
forecast_4253,2025-06-27 05:00:00,4030.3234664072206,3119.0697951674483,3553.632350679934
forecast_4254,2025-06-27 06:00:00,2104.7358021488494,1738.9122718126248,1232.3451064200533
forecast_4255,2025-06-27 07:00:00,1877.3499552183291,1557.6675211847905,879.4775478378708
forecast_4256,2025-06-27 08:00:00,1207.9226433854153,951.4816267428215,905.6947889469789
forecast_4257,2025-06-27 09:00:00,193.57803728412992,325.5244023415421,197.496376596465
forecast_4258,2025-06-27 10:00:00,256.3270455664346,236.48478633543138,288.0887880373117
forecast_4259,2025-06-27 11:00:00,90.0527427772378,89.89804052840621,108.27961549586819
forecast_4260,2025-06-27 12:00:00,620.4564633271816,340.8874293884844,438.99698742288894
forecast_4261,2025-06-27 13:00:00,956.4130859765877,772.5873710215991,310.79284308042725
forecast_4262,2025-06-27 14:00:00,647.5095970324485,815.783285837437,496.13062840473276
forecast_4263,2025-06-27 15:00:00,1203.9284642321784,870.0464036796079,570.1467782334893
forecast_4264,2025-06-27 16:00:00,548.6515701934175,631.8089486796695,498.9605170476133
forecast_4265,2025-06-27 17:00:00,310.7797280740912,216.32911039163162,147.94443202575366
forecast_4266,2025-06-27 18:00:00,311.2394988586728,24.217629104511705,38.764339065114285
forecast_4267,2025-06-27 19:00:00,436.8544045060632,256.60313613664994,62.89650575839025
forecast_4268,2025-06-27 20:00:00,858.3506891904287,628.0177443450993,377.39689704331806
forecast_4269,2025-06-27 21:00:00,2223.9097568234183,2475.910468037255,1706.0368063604958
forecast_4270,2025-06-27 22:00:00,5267.720024272654,5753.083705259292,4049.344776336646
forecast_4271,2025-06-27 23:00:00,5835.146976074294,7178.835326368045,4542.4057802071
forecast_4272,2025-06-28 00:00:00,4708.303211538481,5497.409406057938,3798.335796565726
forecast_4273,2025-06-28 01:00:00,6565.3032629568515,7199.681639745182,7380.636190409542
forecast_4274,2025-06-28 02:00:00,8308.814130199195,9616.848941476308,7441.1654906015265
forecast_4275,2025-06-28 03:00:00,9158.172618500732,9921.293624473348,7976.290051335862
forecast_4276,2025-06-28 04:00:00,9650.706529311117,12014.322332500054,8554.959736066865
forecast_4277,2025-06-28 05:00:00,8582.342865544695,12314.75653957169,6601.934863276717
forecast_4278,2025-06-28 06:00:00,7734.622342413203,9739.692825141386,5566.837901530404
forecast_4279,2025-06-28 07:00:00,6413.2722528713475,8649.337733016913,5454.680840087296
forecast_4280,2025-06-28 08:00:00,5728.044997867813,7110.713652834063,3379.6455233908937
forecast_4281,2025-06-28 09:00:00,4742.231646794604,4928.911037994316,1901.168782274171
forecast_4282,2025-06-28 10:00:00,4000.23495416689,4772.02741655506,1667.7040516505854
forecast_4283,2025-06-28 11:00:00,2270.2750272781823,1962.0262307017085,1447.433048620373
forecast_4284,2025-06-28 12:00:00,487.17020175028523,376.76641226776263,93.92214195876984
forecast_4285,2025-06-28 13:00:00,506.61720160264093,514.5471444599359,145.11255487784103
forecast_4286,2025-06-28 14:00:00,640.9444004828126,688.8145334910099,405.68845273211866
forecast_4287,2025-06-28 15:00:00,469.1050590750051,898.0226192482172,476.76435082289566
forecast_4288,2025-06-28 16:00:00,711.9683435702585,1094.4676791758895,258.77582563115504
forecast_4289,2025-06-28 17:00:00,946.9757769234037,1569.8988469509136,509.2636448536074
forecast_4290,2025-06-28 18:00:00,1155.762764881569,1926.4500319711863,1280.2688858736958
forecast_4291,2025-06-28 19:00:00,2129.515313578621,2905.9988745693045,1393.60890200073
forecast_4292,2025-06-28 20:00:00,3771.0495743018423,5579.397157812247,3158.1264793334058
forecast_4293,2025-06-28 21:00:00,6312.438624509974,7144.486640668704,4549.157726975859
forecast_4294,2025-06-28 22:00:00,7169.460300944212,7723.477141046356,4850.06426767716
forecast_4295,2025-06-28 23:00:00,6810.722308606181,8039.480887400856,5196.720865722656
forecast_4296,2025-06-29 00:00:00,6948.13003577985,8254.551527096703,6069.431305027168
forecast_4297,2025-06-29 01:00:00,7192.976539064316,9825.968770132502,5988.0208479535695
forecast_4298,2025-06-29 02:00:00,7076.939713814153,10095.205812882486,8303.369859153458
forecast_4299,2025-06-29 03:00:00,8618.437197190615,10644.16614001593,9571.60570643131
forecast_4300,2025-06-29 04:00:00,11998.304701559839,13189.249241036005,10311.038398414059
forecast_4301,2025-06-29 05:00:00,12302.14799542981,13343.716500900971,11031.030752896228
forecast_4302,2025-06-29 06:00:00,10693.024422800574,11961.544959829545,10174.82183782244
forecast_4303,2025-06-29 07:00:00,10385.791229169598,11437.915840721802,9679.800358231001
forecast_4304,2025-06-29 08:00:00,6381.668101727951,8297.131986835002,6460.724277967285
forecast_4305,2025-06-29 09:00:00,4622.326320465061,5541.902000961389,5381.839542406562
forecast_4306,2025-06-29 10:00:00,3633.0465512924616,3464.7751469140503,3191.8693667566604
forecast_4307,2025-06-29 11:00:00,2973.81201398865,3125.023880462583,2614.9776604727745
forecast_4308,2025-06-29 12:00:00,2911.4647192724,2453.9823956267805,2721.1781613832636
forecast_4309,2025-06-29 13:00:00,2359.7526842469633,2127.0964686252087,2506.821517886247
forecast_4310,2025-06-29 14:00:00,3049.6869615958844,2294.4143117445155,2799.6686637145817
forecast_4311,2025-06-29 15:00:00,2147.400199200284,2021.3099004619282,2424.35762780895
forecast_4312,2025-06-29 16:00:00,2550.527129825756,2616.4977907657076,2599.32411895618
forecast_4313,2025-06-29 17:00:00,2363.2993000957777,2267.119058393815,2348.4510363571126
forecast_4314,2025-06-29 18:00:00,2906.2139494945573,2230.8079416488554,2980.0794937234873
forecast_4315,2025-06-29 19:00:00,3458.58633901844,4076.7765558563733,4052.0497112931876
forecast_4316,2025-06-29 20:00:00,4727.717488833924,6008.308111809954,4723.096042495734
forecast_4317,2025-06-29 21:00:00,5719.912341650019,6766.607229188261,5639.258554679811
forecast_4318,2025-06-29 22:00:00,7372.220443076069,9364.342924123615,7022.218804766709
forecast_4319,2025-06-29 23:00:00,8145.726564514123,10444.79456966058,7659.728107042047
forecast_4320,2025-06-30 00:00:00,7884.8269871395305,10116.85083872419,6492.678224878511
forecast_4321,2025-06-30 01:00:00,7249.349250698442,8935.33184276573,5712.648441651241
forecast_4322,2025-06-30 02:00:00,7643.347371718911,9449.38561084875,5418.598763264361
forecast_4323,2025-06-30 03:00:00,7878.317903049854,10243.34827531607,6006.136900341405
forecast_4324,2025-06-30 04:00:00,8104.049950313794,9975.129766136253,5924.812138779236
forecast_4325,2025-06-30 05:00:00,7191.378878415935,9178.823089844156,5314.446087572911
forecast_4326,2025-06-30 06:00:00,7461.846462389355,10040.454168416833,5248.722663580825
forecast_4327,2025-06-30 07:00:00,7301.544243273641,8552.40015461839,4961.833819742701
forecast_4328,2025-06-30 08:00:00,4984.837403727482,6057.80046254123,3608.766981039281
forecast_4329,2025-06-30 09:00:00,3927.7993626676607,5131.729530211893,3418.514588454209
forecast_4330,2025-06-30 10:00:00,2883.041365366521,2574.4322013713972,2128.1996989032345
forecast_4331,2025-06-30 11:00:00,2395.5805878128726,2070.6932852670966,1826.7734600130786
forecast_4332,2025-06-30 12:00:00,2199.8245290971695,2139.4164747460927,2206.5067873409257
forecast_4333,2025-06-30 13:00:00,2576.677930703787,2430.4220665727717,2128.4612142060923
forecast_4334,2025-06-30 14:00:00,2970.5153659273456,4110.711150169512,3378.462794183641
forecast_4335,2025-06-30 15:00:00,3014.2870171555064,3695.1453136651103,3972.2984197680394
forecast_4336,2025-06-30 16:00:00,3375.365085581425,4288.728916217589,3266.0698973425574
forecast_4337,2025-06-30 17:00:00,4271.843332271184,5134.3556891114795,3478.210082466464
forecast_4338,2025-06-30 18:00:00,6113.0040365520335,6477.964542299709,5221.840269192391
forecast_4339,2025-06-30 19:00:00,6549.21437074082,6909.981242912688,5531.832123374901
forecast_4340,2025-06-30 20:00:00,7859.706260265845,8918.818422292172,7454.514697143048
forecast_4341,2025-06-30 21:00:00,10530.005801935642,11918.22313412147,8996.109357513244
forecast_4342,2025-06-30 22:00:00,11928.930400512487,13577.908043493218,10170.141686677405
forecast_4343,2025-06-30 23:00:00,11524.237893255944,13733.07234033219,10396.5408978108
forecast_4344,2025-07-01 00:00:00,10846.95095843991,13161.672798252557,8468.573669773152
forecast_4345,2025-07-01 01:00:00,9434.608849282922,10434.911665484706,8403.328413767045
forecast_4346,2025-07-01 02:00:00,8723.175508423938,11397.04066064982,8546.9417699789
forecast_4347,2025-07-01 03:00:00,8171.128406948058,11950.003024792644,7892.467096659757
forecast_4348,2025-07-01 04:00:00,9421.623525021036,12208.056320064397,8470.239173676566
forecast_4349,2025-07-01 05:00:00,11001.587289609924,12570.095321339097,8365.35013338175
forecast_4350,2025-07-01 06:00:00,9721.225630621802,11068.508793328618,7777.807870350572
forecast_4351,2025-07-01 07:00:00,6779.130775602008,7875.932865689154,6702.098576314417
forecast_4352,2025-07-01 08:00:00,5197.808869372046,6953.964509409111,4992.818541619059
forecast_4353,2025-07-01 09:00:00,4767.025856019849,6586.700235670466,4930.332196803832
forecast_4354,2025-07-01 10:00:00,3561.05069784617,4584.062563296283,4142.630260624271
forecast_4355,2025-07-01 11:00:00,3296.400713396634,5291.747134803991,3997.2028907417753
forecast_4356,2025-07-01 12:00:00,3476.7801983535687,4269.615508758135,4720.873789416866
forecast_4357,2025-07-01 13:00:00,3725.845267597768,4757.920626211395,4039.9434873078244
forecast_4358,2025-07-01 14:00:00,3771.7825277892484,4068.4433252109666,4136.12129093163
forecast_4359,2025-07-01 15:00:00,4287.426215691121,3865.330840375317,5012.223830034092
forecast_4360,2025-07-01 16:00:00,4220.975305646173,4239.451779612531,4669.789094574617
forecast_4361,2025-07-01 17:00:00,4058.248832781426,4670.071449154911,4673.586553732458
forecast_4362,2025-07-01 18:00:00,3969.682834069872,3871.1463596062695,3958.150343652794
forecast_4363,2025-07-01 19:00:00,5984.126947986285,6701.155617778854,5621.360716607479
forecast_4364,2025-07-01 20:00:00,7861.360442215918,8207.420050557248,7389.751337140356
forecast_4365,2025-07-01 21:00:00,8414.032592409754,10384.593502425101,9858.307234551081
forecast_4366,2025-07-01 22:00:00,10052.537188163114,12703.118997646552,9828.155890711872
forecast_4367,2025-07-01 23:00:00,10985.37325583767,13577.284280445754,10841.326494669865
forecast_4368,2025-07-02 00:00:00,12999.111116187265,14430.270453535684,12791.622716049535
forecast_4369,2025-07-02 01:00:00,11963.975322026188,12820.770991700969,12940.468824918393
forecast_4370,2025-07-02 02:00:00,14119.364124143845,15409.316412398672,13077.740546614688
forecast_4371,2025-07-02 03:00:00,14396.840141244043,16844.93541699452,14366.294451987342
forecast_4372,2025-07-02 04:00:00,14315.576112822198,16618.962465536955,13276.866652136921
forecast_4373,2025-07-02 05:00:00,14470.181352346632,17026.285071215545,13765.663450709582
forecast_4374,2025-07-02 06:00:00,14868.313872580175,17334.66614660769,13603.30724089411
forecast_4375,2025-07-02 07:00:00,13002.2741635377,15220.81290921583,13111.133627690613
forecast_4376,2025-07-02 08:00:00,11837.365404442111,13295.761809943275,13196.385781375584
forecast_4377,2025-07-02 09:00:00,7901.783333314996,10793.630939566365,9660.977749082918
forecast_4378,2025-07-02 10:00:00,7114.576586902796,8649.041185945565,7136.457101720783
forecast_4379,2025-07-02 11:00:00,4990.74581609878,5911.485221369532,4675.241104264641
forecast_4380,2025-07-02 12:00:00,4250.656288567984,5014.268258368986,3970.3057558139435
forecast_4381,2025-07-02 13:00:00,4985.19144233906,4935.93546620784,4420.792669761503
forecast_4382,2025-07-02 14:00:00,4654.588266816406,4175.912086261085,4276.560641171042
forecast_4383,2025-07-02 15:00:00,4107.023491008283,4670.714985865521,3567.6629035665137
forecast_4384,2025-07-02 16:00:00,3798.322677091846,3611.4610288865624,3231.227185330179
forecast_4385,2025-07-02 17:00:00,4094.266497049724,4000.003191718653,2095.98080439919
forecast_4386,2025-07-02 18:00:00,3353.242301956033,2256.7660413998037,2319.6491127846684
forecast_4387,2025-07-02 19:00:00,3956.6802644776517,3018.701376157957,3173.831200092923
forecast_4388,2025-07-02 20:00:00,4533.169629777912,5866.226923605948,4008.7375595763124
forecast_4389,2025-07-02 21:00:00,5887.226340249527,6042.474830587829,5418.730348636377
forecast_4390,2025-07-02 22:00:00,7124.9700712842105,8680.796895615238,5690.460516513167
forecast_4391,2025-07-02 23:00:00,6769.991950550315,8863.033397971441,6144.36191808852
forecast_4392,2025-07-03 00:00:00,7727.359389290585,11252.921749774705,7151.308815947148
forecast_4393,2025-07-03 01:00:00,9414.602615019128,11292.75221676102,9013.916537939796
forecast_4394,2025-07-03 02:00:00,9732.952177527091,12188.667228073627,10098.220406125918
forecast_4395,2025-07-03 03:00:00,10134.097063846304,11496.123616315823,10554.422921816695
forecast_4396,2025-07-03 04:00:00,11600.95932737039,13337.063498857508,10410.786625980105
forecast_4397,2025-07-03 05:00:00,13367.351905925267,15337.223116313946,11773.898644685265
forecast_4398,2025-07-03 06:00:00,12881.688570894212,15150.618222159139,11742.267550547629
forecast_4399,2025-07-03 07:00:00,10644.8151003268,12195.056662388559,9102.306953344108
forecast_4400,2025-07-03 08:00:00,10428.117730576581,11837.562455633544,10096.020216758634
forecast_4401,2025-07-03 09:00:00,11174.862798657927,12348.476692491151,11067.191813190248
forecast_4402,2025-07-03 10:00:00,7534.5094884983755,9625.308879473758,9475.788807886971
forecast_4403,2025-07-03 11:00:00,7120.060174144195,6562.115107527295,8346.83340669803
forecast_4404,2025-07-03 12:00:00,5170.180979106894,6584.263058015197,5580.926445354745
forecast_4405,2025-07-03 13:00:00,4400.071515412448,5255.470424059255,4779.814042664741
forecast_4406,2025-07-03 14:00:00,3985.9936056430306,5430.813014061692,6329.295306378853
forecast_4407,2025-07-03 15:00:00,4713.956602880501,5646.952679506643,7618.5100722977295
forecast_4408,2025-07-03 16:00:00,5014.8131252283,5987.0112872088275,7167.9837329291395
forecast_4409,2025-07-03 17:00:00,4123.140804560727,5115.581761535591,6726.630387521693
forecast_4410,2025-07-03 18:00:00,4307.098719217258,5582.5888153845835,6788.548339672502
forecast_4411,2025-07-03 19:00:00,6605.969651458618,6869.759484085264,7451.632447261289
forecast_4412,2025-07-03 20:00:00,9983.407547530745,10231.644512582792,10232.05882560199
forecast_4413,2025-07-03 21:00:00,11117.437499713958,12668.123812063192,10015.576234169213
forecast_4414,2025-07-03 22:00:00,11673.832371673125,12981.38811685808,11276.974286935729
forecast_4415,2025-07-03 23:00:00,10733.805816983979,13638.724273711941,12318.261002395333
forecast_4416,2025-07-04 00:00:00,13737.717493799135,15175.659877504117,14766.777485561352
forecast_4417,2025-07-04 01:00:00,13855.707874881597,14844.116939997337,14824.130989407762
forecast_4418,2025-07-04 02:00:00,12894.858783304655,14622.357346892311,14895.576893011244
forecast_4419,2025-07-04 03:00:00,13458.463365196345,16621.41857549294,15549.439062317717
forecast_4420,2025-07-04 04:00:00,14259.043372547758,18132.105735275494,16174.907067789823
forecast_4421,2025-07-04 05:00:00,14348.595702866396,17853.656554827485,14530.686301174801
forecast_4422,2025-07-04 06:00:00,15582.139672981031,18609.391391106154,15065.592908361727
forecast_4423,2025-07-04 07:00:00,15401.428543355283,18083.017551089775,14335.782044391488
forecast_4424,2025-07-04 08:00:00,15443.26302271516,18370.6821458162,15120.753180880945
forecast_4425,2025-07-04 09:00:00,15643.195830397686,17584.12315288305,14864.515310797877
forecast_4426,2025-07-04 10:00:00,13451.039563899742,16584.404776243246,13290.789848906627
forecast_4427,2025-07-04 11:00:00,12939.49217935306,16245.469964654802,14375.615160045705
forecast_4428,2025-07-04 12:00:00,12881.597847108593,16004.620439902039,13673.736194342679
forecast_4429,2025-07-04 13:00:00,12719.605647710547,15593.862577210357,12298.818247149065
forecast_4430,2025-07-04 14:00:00,12280.36816697291,14632.194714580148,15200.315132791606
forecast_4431,2025-07-04 15:00:00,12704.669845285385,15412.037150004251,14109.199077789724
forecast_4432,2025-07-04 16:00:00,12578.450488799854,14657.782115921595,15151.06618969665
forecast_4433,2025-07-04 17:00:00,11746.289969258818,15844.593248636307,15500.804628791111
forecast_4434,2025-07-04 18:00:00,11779.260206300894,15798.79442069577,15890.955008211784
forecast_4435,2025-07-04 19:00:00,12357.83705477682,16937.43544372549,16017.894529420628
forecast_4436,2025-07-04 20:00:00,13431.046347204414,17640.305175700574,17023.78060683422
forecast_4437,2025-07-04 21:00:00,14504.469794862629,18012.425944293835,17228.706331647718
forecast_4438,2025-07-04 22:00:00,15742.694632187235,18947.11233429238,17636.998771074985
forecast_4439,2025-07-04 23:00:00,15759.965440221786,19176.17251545903,17892.105255258877
forecast_4440,2025-07-05 00:00:00,15243.633724498808,18853.102521309822,17997.254851501144
forecast_4441,2025-07-05 01:00:00,14047.780649345985,17609.72723277878,17503.800048815814
forecast_4442,2025-07-05 02:00:00,13573.950167864035,17424.764536828126,17373.62719303534
forecast_4443,2025-07-05 03:00:00,13197.931067160418,16223.124981421483,16716.64195425928
forecast_4444,2025-07-05 04:00:00,12538.224126677347,14518.822598500035,15954.021540935137
forecast_4445,2025-07-05 05:00:00,12631.902733867433,14965.184877730797,15761.873424947178
forecast_4446,2025-07-05 06:00:00,13430.1886816355,15445.946245965299,14674.310569604013
forecast_4447,2025-07-05 07:00:00,12533.312781081337,15987.553011596247,15776.188015774782
forecast_4448,2025-07-05 08:00:00,10969.9915591919,14024.467360383702,14581.596114194592
forecast_4449,2025-07-05 09:00:00,9968.57628955123,12977.956377038194,12023.439161473452
forecast_4450,2025-07-05 10:00:00,7978.223647972648,11006.114108215907,11352.38607830644
forecast_4451,2025-07-05 11:00:00,6653.948764231138,9359.788529854077,9029.221674479424
forecast_4452,2025-07-05 12:00:00,6941.970867494996,8256.938779543043,8944.812386449365
forecast_4453,2025-07-05 13:00:00,8052.7468741152015,9519.448349068916,10333.437014445028
forecast_4454,2025-07-05 14:00:00,9014.388095927123,10168.557255126001,11286.481659573425
forecast_4455,2025-07-05 15:00:00,9301.251066634442,9910.165174077883,11518.323300262658
forecast_4456,2025-07-05 16:00:00,8989.142576884115,9428.954999815598,11361.134633750657
forecast_4457,2025-07-05 17:00:00,8949.443325585633,9433.504660332319,11087.844963091104
forecast_4458,2025-07-05 18:00:00,8788.62984069464,9618.813825780593,10333.764806925134
forecast_4459,2025-07-05 19:00:00,9056.990652189485,9998.654912937596,12554.006063621202
forecast_4460,2025-07-05 20:00:00,13491.21591641225,15202.078048380035,15065.832708866046
forecast_4461,2025-07-05 21:00:00,14243.410762407048,17406.512404530662,16197.413650013203
forecast_4462,2025-07-05 22:00:00,13645.402083938296,16463.65902742737,16603.96542016455
forecast_4463,2025-07-05 23:00:00,14907.193478796025,16846.43430562197,16591.263836028786
forecast_4464,2025-07-06 00:00:00,15628.15388521513,17096.181608372008,17219.15456253848
forecast_4465,2025-07-06 01:00:00,18098.867378536823,17880.174834295514,17062.247304298133
forecast_4466,2025-07-06 02:00:00,18330.890308498703,17855.511640736655,16975.053717510138
forecast_4467,2025-07-06 03:00:00,18527.10340306543,18035.957124158245,17323.166174179678
forecast_4468,2025-07-06 04:00:00,18083.50354276493,18089.03088532742,16872.530055599214
forecast_4469,2025-07-06 05:00:00,16840.76852085339,17690.53112562138,16978.835761486615
forecast_4470,2025-07-06 06:00:00,15971.17894986283,17629.732566711926,16791.66748706023
forecast_4471,2025-07-06 07:00:00,13797.057852452197,16977.328021512676,17916.285252916092
forecast_4472,2025-07-06 08:00:00,11665.559127619303,15397.34157284232,14889.35038211762
forecast_4473,2025-07-06 09:00:00,10881.0859513221,14292.892057247192,12460.0723074949
forecast_4474,2025-07-06 10:00:00,8319.174693544535,12025.108924896385,8870.622713350576
forecast_4475,2025-07-06 11:00:00,6370.0511828118015,9085.787569019269,6741.565229993319
forecast_4476,2025-07-06 12:00:00,5807.64349210192,5549.558409275655,5660.311184082092
forecast_4477,2025-07-06 13:00:00,4304.055963124213,4918.79806001413,4054.3609045083826
forecast_4478,2025-07-06 14:00:00,3478.873269454967,4132.045282574208,3475.903079749916
forecast_4479,2025-07-06 15:00:00,3064.2918492395174,3519.5584076460177,3473.1058976782056
forecast_4480,2025-07-06 16:00:00,2560.968449267114,2989.102586174966,3019.8535768536212
forecast_4481,2025-07-06 17:00:00,2952.3642432590273,2782.064816615997,3116.431086570724
forecast_4482,2025-07-06 18:00:00,3147.3091060038832,2873.4844079876357,4034.379396842236
forecast_4483,2025-07-06 19:00:00,5103.326032620127,4558.498990133174,5674.270978781269
forecast_4484,2025-07-06 20:00:00,6160.26831292687,7593.760049557107,7021.744398953279
forecast_4485,2025-07-06 21:00:00,7637.569676850606,8493.690252474302,8458.315849026261
forecast_4486,2025-07-06 22:00:00,9992.73694828256,10967.553522758046,9250.539258319015
forecast_4487,2025-07-06 23:00:00,9169.679385530962,10654.732121538003,8924.251658599973
forecast_4488,2025-07-07 00:00:00,10595.176058650013,11626.173294256918,9762.825424921215
forecast_4489,2025-07-07 01:00:00,9751.789011833187,9909.781404940753,8475.100667385152
forecast_4490,2025-07-07 02:00:00,9532.814437453562,10565.852424422052,8376.441234447802
forecast_4491,2025-07-07 03:00:00,9456.198908284958,10552.718659936694,7178.210382503579
forecast_4492,2025-07-07 04:00:00,7159.197993142992,8055.652498241404,4601.332451984323
forecast_4493,2025-07-07 05:00:00,3999.463396380546,4570.3927056036255,1355.759221752916
forecast_4494,2025-07-07 06:00:00,1520.3996817077505,2039.2328331361912,712.2161079753013
forecast_4495,2025-07-07 07:00:00,795.9002701973121,724.2022510664196,548.8570531105122
forecast_4496,2025-07-07 08:00:00,109.31568513451268,255.98262199011424,340.6667652477284
forecast_4497,2025-07-07 09:00:00,4.432145123434026,57.78450486481482,45.744702072623575
forecast_4498,2025-07-07 10:00:00,5.43871570667248,137.95664476992923,30.985224677669336
forecast_4499,2025-07-07 11:00:00,0.0,195.58466741346595,39.22745154526931
forecast_4500,2025-07-07 12:00:00,63.16771044145294,414.0625949952811,88.4509444042394
forecast_4501,2025-07-07 13:00:00,109.22800006687729,484.0903048721047,104.21861811958843
forecast_4502,2025-07-07 14:00:00,151.6020300945189,387.2546965430175,90.22701347500956
forecast_4503,2025-07-07 15:00:00,61.5340075805112,318.4224548549314,11.181069112643861
forecast_4504,2025-07-07 16:00:00,124.94416774191224,76.08524229325837,22.037981277338503
forecast_4505,2025-07-07 17:00:00,120.1411930736312,268.5361974358155,52.834505860946
forecast_4506,2025-07-07 18:00:00,192.99950992887705,383.6093178313067,15.60133519263295
forecast_4507,2025-07-07 19:00:00,0.0,224.83845193344882,39.28935458532501
forecast_4508,2025-07-07 20:00:00,203.5090283628308,342.3552166180215,22.18893007226087
forecast_4509,2025-07-07 21:00:00,346.37725496437986,267.9709076686983,37.50579567622607
forecast_4510,2025-07-07 22:00:00,457.7689043334887,408.1121687373918,37.466306864291475
forecast_4511,2025-07-07 23:00:00,453.7292574242256,379.6481237075436,36.9999468962983
forecast_4512,2025-07-08 00:00:00,387.94916134173496,220.94065388166524,23.08825798813502
forecast_4513,2025-07-08 01:00:00,515.0036140953054,168.89129028488458,67.22622774000617
forecast_4514,2025-07-08 02:00:00,38.58556992436356,170.55408159544498,25.88055952233033
forecast_4515,2025-07-08 03:00:00,96.93756596525323,45.77891372118049,24.03129256519423
forecast_4516,2025-07-08 04:00:00,4.550582024825163,0.8139839255211861,24.341057049461924
forecast_4517,2025-07-08 05:00:00,11.347082491864361,0.0,24.326208086510324
forecast_4518,2025-07-08 06:00:00,106.23668566507769,28.73532481165869,23.356656034499764
forecast_4519,2025-07-08 07:00:00,185.54435934303953,163.61097773996065,21.16966068509158
forecast_4520,2025-07-08 08:00:00,85.10660953921942,148.2888799827434,30.508245417907837
forecast_4521,2025-07-08 09:00:00,54.63797332378048,61.70282765930837,21.778756060178857
forecast_4522,2025-07-08 10:00:00,12.678349507565676,219.04466816877033,52.308222005890066
forecast_4523,2025-07-08 11:00:00,78.65903670695063,302.33671162567094,57.395126756534026
forecast_4524,2025-07-08 12:00:00,116.68703273643291,413.59335410377696,28.791818895177514
forecast_4525,2025-07-08 13:00:00,204.18822339425833,389.0543789619413,261.7617778477174
forecast_4526,2025-07-08 14:00:00,90.79590740633282,324.27380572285114,85.96495990763121
forecast_4527,2025-07-08 15:00:00,91.92462675584942,280.98297464872905,125.57751653875006
forecast_4528,2025-07-08 16:00:00,130.76777969808768,390.22261751392324,20.852919050132996
forecast_4529,2025-07-08 17:00:00,82.54829955280005,293.70166532495,21.966277472975605
forecast_4530,2025-07-08 18:00:00,89.7714861701847,177.52610722485923,68.90853758542694
forecast_4531,2025-07-08 19:00:00,176.44037292625322,459.03530368367285,39.14181995440839
forecast_4532,2025-07-08 20:00:00,628.4372337530275,724.9389404286102,85.933477941085
forecast_4533,2025-07-08 21:00:00,997.6985504943752,996.7554360018714,107.21378049036996
forecast_4534,2025-07-08 22:00:00,1479.8115863298744,1293.7753234771967,184.69385036212628
forecast_4535,2025-07-08 23:00:00,1645.4228753172476,1378.3296983685798,179.1561957861598
forecast_4536,2025-07-09 00:00:00,1471.0952899331824,1300.971261664544,119.86167738758732
forecast_4537,2025-07-09 01:00:00,1568.3303880666138,1352.860848465015,146.99960750295892
forecast_4538,2025-07-09 02:00:00,1662.534710431487,1508.3152865687962,153.838803965413
forecast_4539,2025-07-09 03:00:00,1600.2476867654902,1334.7503506543476,189.5239180346824
forecast_4540,2025-07-09 04:00:00,1471.611791202432,1372.7467737883646,200.2172890728088
forecast_4541,2025-07-09 05:00:00,1672.4605403369696,1578.6701334959944,242.85580948924306
forecast_4542,2025-07-09 06:00:00,1532.8204766949439,1428.7961982585266,290.26039022460947
forecast_4543,2025-07-09 07:00:00,1645.5547987410387,1838.9115621627952,342.3239807367293
forecast_4544,2025-07-09 08:00:00,1497.252486860254,1507.780511884128,253.32413029688914
forecast_4545,2025-07-09 09:00:00,1403.551412124726,1290.9363910240527,233.80090824120845
forecast_4546,2025-07-09 10:00:00,994.9339531144842,1266.1119698722061,297.59231804916806
forecast_4547,2025-07-09 11:00:00,1039.6523099229157,1259.9079965252754,423.5129659313456
forecast_4548,2025-07-09 12:00:00,1063.0592047651144,1290.942546426758,392.10509655182204
forecast_4549,2025-07-09 13:00:00,1028.5904466706256,1390.684295570838,415.2563385225935
forecast_4550,2025-07-09 14:00:00,1046.5159209143592,1358.5509480425133,679.1286264803751
forecast_4551,2025-07-09 15:00:00,1012.8746504774325,1066.551604271066,323.42238552595023
forecast_4552,2025-07-09 16:00:00,702.6891453133079,576.7802667032124,213.96038187847103
forecast_4553,2025-07-09 17:00:00,873.9065985465738,637.4391110464168,174.15780670321124
forecast_4554,2025-07-09 18:00:00,890.9216529532289,869.1464268512384,218.90657755930746
forecast_4555,2025-07-09 19:00:00,1177.5846442743036,940.2576666121676,251.83403036305015
forecast_4556,2025-07-09 20:00:00,1458.7286814742088,1656.9826435545529,319.24762157411976
forecast_4557,2025-07-09 21:00:00,1867.3077688147303,2456.3636727591156,459.16042367896046
forecast_4558,2025-07-09 22:00:00,2734.397898044647,3184.140065420668,536.6868927545859
forecast_4559,2025-07-09 23:00:00,2921.085006958539,3342.1035203799443,735.7716583945574
forecast_4560,2025-07-10 00:00:00,3199.408531958447,3491.9037799945468,789.9996994912761
forecast_4561,2025-07-10 01:00:00,2775.541944249046,3079.3650073179315,838.7703553510175
forecast_4562,2025-07-10 02:00:00,2527.66983844163,3042.6512156210592,647.5848827903278
forecast_4563,2025-07-10 03:00:00,2870.8544761097364,3600.4312205494,753.2675502731121
forecast_4564,2025-07-10 04:00:00,3377.089643070078,4133.365201011923,1288.2272099650918
forecast_4565,2025-07-10 05:00:00,4124.374913027097,5860.457300917246,2042.0591922400965
forecast_4566,2025-07-10 06:00:00,4583.613388188798,6673.942268774091,2128.6920780200057
forecast_4567,2025-07-10 07:00:00,5496.017248265182,5594.869321726678,2822.1897735924485
forecast_4568,2025-07-10 08:00:00,5378.396032949454,6032.866703313578,3290.8927740823733
forecast_4569,2025-07-10 09:00:00,5197.156680795181,5823.791174130315,4020.7489295700957
forecast_4570,2025-07-10 10:00:00,3472.402527426987,5386.0019579383015,3585.371307014756
forecast_4571,2025-07-10 11:00:00,3354.694669328258,4182.344958962677,3491.3634372136567
forecast_4572,2025-07-10 12:00:00,3084.53450568836,3997.455183623295,2971.099238129411
forecast_4573,2025-07-10 13:00:00,2143.171905451443,3171.706705709143,3134.379233582518
forecast_4574,2025-07-10 14:00:00,2187.240643502428,3515.094956798545,3019.5242819944206
forecast_4575,2025-07-10 15:00:00,1988.7556326507204,3213.640584000963,2868.1540243237287
forecast_4576,2025-07-10 16:00:00,1920.7504506009193,2831.0769292148248,2426.7526967028934
forecast_4577,2025-07-10 17:00:00,1854.6596953064088,2722.1896024242196,2616.3583785775927
forecast_4578,2025-07-10 18:00:00,2484.2373800201703,3870.2925969848957,2463.742373398476
forecast_4579,2025-07-10 19:00:00,3361.1803032941275,5004.522215365741,2437.803253814957
forecast_4580,2025-07-10 20:00:00,4237.479674969281,5522.547876628043,2266.0449067954773
forecast_4581,2025-07-10 21:00:00,4907.119416429533,6280.561803365123,3884.267880898041
forecast_4582,2025-07-10 22:00:00,5936.1707852886975,7802.507949595825,4634.049935378645
forecast_4583,2025-07-10 23:00:00,6084.475819917109,7213.971315914442,3990.0273274377223
forecast_4584,2025-07-11 00:00:00,6011.802075089109,7368.444221773663,4058.2261592957975
forecast_4585,2025-07-11 01:00:00,6566.292897865566,9108.469941966887,4569.520723992383
forecast_4586,2025-07-11 02:00:00,6852.124520297237,9462.263303972708,4677.099341233035
forecast_4587,2025-07-11 03:00:00,7050.267179601131,9204.696662262993,4503.375227463257
forecast_4588,2025-07-11 04:00:00,7079.443182699293,8940.23916925328,5032.3850283978845
forecast_4589,2025-07-11 05:00:00,6830.756841453562,8385.388492943244,4825.7057503130945
forecast_4590,2025-07-11 06:00:00,6437.4013134621955,8980.44316089069,4967.588769439365
forecast_4591,2025-07-11 07:00:00,6948.466417372003,8881.148273594532,5019.2685978311165
forecast_4592,2025-07-11 08:00:00,6826.0292889345,8797.089441944883,6107.376403137994
forecast_4593,2025-07-11 09:00:00,6078.0898937734955,8180.4741465481775,5965.386308595415
forecast_4594,2025-07-11 10:00:00,4909.051833609543,6616.32381206689,4281.9685358419065
forecast_4595,2025-07-11 11:00:00,3703.959636012202,5495.190604309604,3953.0172037720204
forecast_4596,2025-07-11 12:00:00,3409.4745379520964,4790.28416578168,4109.754116104112
forecast_4597,2025-07-11 13:00:00,3606.736538157522,4910.00424765698,3658.6294468478914
forecast_4598,2025-07-11 14:00:00,3180.3181514325183,4150.447748662583,3745.0674242651435
forecast_4599,2025-07-11 15:00:00,2068.235256707692,3328.959555422907,3180.106351649396
forecast_4600,2025-07-11 16:00:00,1768.9350790340839,2529.856742365716,2662.3346606109603
forecast_4601,2025-07-11 17:00:00,1712.393262511541,2400.3290720403934,2931.7085724402373
forecast_4602,2025-07-11 18:00:00,2538.62609857183,3539.0744013139606,2574.393591042376
forecast_4603,2025-07-11 19:00:00,3967.400976971151,5019.479970830286,2338.072081484971
forecast_4604,2025-07-11 20:00:00,4572.208907183058,6351.6115322553205,2717.473864231376
forecast_4605,2025-07-11 21:00:00,5506.276675168046,6168.635100322019,3691.1394290258445
forecast_4606,2025-07-11 22:00:00,5912.004419117567,6750.740041594596,3100.7125805121314
forecast_4607,2025-07-11 23:00:00,6139.723097569616,6524.818322298221,4017.8979570675524
forecast_4608,2025-07-12 00:00:00,6182.164997348597,6672.246380745378,3842.8283415954966
forecast_4609,2025-07-12 01:00:00,6295.573842845117,6671.016035411189,2620.974682491571
forecast_4610,2025-07-12 02:00:00,5617.884612035325,6368.252291659772,2059.910309124933
forecast_4611,2025-07-12 03:00:00,4898.239066898146,5582.829265899987,1673.2104152656686
forecast_4612,2025-07-12 04:00:00,4165.881187681127,3479.5437703330376,1280.852839291082
forecast_4613,2025-07-12 05:00:00,4024.502679552434,3827.7696700193765,928.7184682106971
forecast_4614,2025-07-12 06:00:00,3958.8027206414004,3517.2666903056434,902.2176524967605
forecast_4615,2025-07-12 07:00:00,3141.406044859332,2814.3364365468437,508.29797717312243
forecast_4616,2025-07-12 08:00:00,2365.7131613052256,2403.1661394887974,589.0370617020993
forecast_4617,2025-07-12 09:00:00,1392.9614820988154,1489.9666689713176,516.0596690850065
forecast_4618,2025-07-12 10:00:00,883.7910358026638,1198.9828869723467,241.68847710372637
forecast_4619,2025-07-12 11:00:00,459.1417563701325,605.5269958275508,214.7037471407214
forecast_4620,2025-07-12 12:00:00,216.66625670722732,233.8157244719576,114.94124033724559
forecast_4621,2025-07-12 13:00:00,100.96638113717258,162.70831544622033,74.52524311858181
forecast_4622,2025-07-12 14:00:00,148.62364926470534,378.63942745566857,107.0361547182044
forecast_4623,2025-07-12 15:00:00,120.83435921102325,144.92814567138342,25.37851813918171
forecast_4624,2025-07-12 16:00:00,37.8216825174548,73.49001716333302,14.660202051963955
forecast_4625,2025-07-12 17:00:00,39.19659281133023,14.975635918536291,23.361335267453825
forecast_4626,2025-07-12 18:00:00,0.0,47.18505770662267,28.01654976047432
forecast_4627,2025-07-12 19:00:00,73.83088681345629,34.104529752309055,31.999140535828165
forecast_4628,2025-07-12 20:00:00,93.41462689886791,118.11499642298112,1.0562046287767382
forecast_4629,2025-07-12 21:00:00,400.0586516287897,114.95094423283145,161.0195272630443
forecast_4630,2025-07-12 22:00:00,444.7503196086876,1346.6593224976662,425.9144121207869
forecast_4631,2025-07-12 23:00:00,1424.0562854969753,1722.0242395116197,941.6285408251331
forecast_4632,2025-07-13 00:00:00,2118.328158000739,1832.0819726828522,1541.8788830011772
forecast_4633,2025-07-13 01:00:00,1905.8971842011583,2724.856121298304,2269.3022095124074
forecast_4634,2025-07-13 02:00:00,2664.174452031938,3235.183756469307,2635.4313389081244
forecast_4635,2025-07-13 03:00:00,2293.118375920428,2526.696863162836,2227.679382917248
forecast_4636,2025-07-13 04:00:00,1388.9200455557684,1257.134385175497,812.3060267229259
forecast_4637,2025-07-13 05:00:00,1214.0681445034327,870.4603017433269,862.9638393885645
forecast_4638,2025-07-13 06:00:00,660.9487272853561,679.9980408889437,453.0242401271672
forecast_4639,2025-07-13 07:00:00,522.534359060338,526.7532418308922,363.0092954458111
forecast_4640,2025-07-13 08:00:00,0.0,144.01468122392046,51.2473666861321
forecast_4641,2025-07-13 09:00:00,0.0,241.2722662787601,54.650661546181695
forecast_4642,2025-07-13 10:00:00,75.31344630452058,0.0,36.27914858083153
forecast_4643,2025-07-13 11:00:00,24.54043231959806,137.86584123899596,70.4852184734138
forecast_4644,2025-07-13 12:00:00,58.395093973355365,193.35476034615073,141.05979139821406
forecast_4645,2025-07-13 13:00:00,7.88570287755153,47.269504038585765,109.97768147831454
forecast_4646,2025-07-13 14:00:00,250.1979431659788,226.8006459867719,141.15981363062855
forecast_4647,2025-07-13 15:00:00,107.65451040214393,3.9875551592985174,185.07859782917694
forecast_4648,2025-07-13 16:00:00,703.1523110041015,434.4068848698853,430.81162179203426
forecast_4649,2025-07-13 17:00:00,1106.493508148535,1396.0942676634893,772.656827883972
forecast_4650,2025-07-13 18:00:00,1526.0907735810408,1800.3237676457334,1044.8043179930664
forecast_4651,2025-07-13 19:00:00,2403.2402990303935,1785.498036677124,1507.6377492271524
forecast_4652,2025-07-13 20:00:00,1940.3322564271523,2558.898467931401,1247.422323053641
forecast_4653,2025-07-13 21:00:00,1847.7516195030378,2629.623762141781,1183.6546870285356
forecast_4654,2025-07-13 22:00:00,2322.072786028042,3625.458838227701,1390.690774184887
forecast_4655,2025-07-13 23:00:00,1449.7149009946975,3273.8306997175305,1559.0072165616693
forecast_4656,2025-07-14 00:00:00,1543.7157519985944,3160.404710465267,1455.3498298074521
forecast_4657,2025-07-14 01:00:00,3152.06935984677,3124.0650183039866,1341.3045808979928
forecast_4658,2025-07-14 02:00:00,2508.054486322151,2642.805824961983,973.7890254284945
forecast_4659,2025-07-14 03:00:00,4099.045588789511,3818.7111483482004,3561.7973209539664
forecast_4660,2025-07-14 04:00:00,3587.2344759987504,4930.614944376178,2739.639745618705
forecast_4661,2025-07-14 05:00:00,3979.346355481475,5409.210329046655,2658.881813889913
forecast_4662,2025-07-14 06:00:00,4125.77692847414,5005.153970782007,3310.135654563691
forecast_4663,2025-07-14 07:00:00,3648.8060101253277,5047.98387027123,3580.461867077687
forecast_4664,2025-07-14 08:00:00,4546.910376289997,5155.014293849796,3206.0387585641806
forecast_4665,2025-07-14 09:00:00,4357.917388627267,4611.089539512174,3099.2579667820983
forecast_4666,2025-07-14 10:00:00,4637.576934385514,4930.78845539748,2779.1253594508235
forecast_4667,2025-07-14 11:00:00,4039.8192761666082,4037.9299300276825,2828.270441592491
forecast_4668,2025-07-14 12:00:00,3995.162917746171,4369.450271127478,3010.3567482489116
forecast_4669,2025-07-14 13:00:00,3829.1642563845967,5532.794045430755,3154.7106682394647
forecast_4670,2025-07-14 14:00:00,3891.5421178414135,6038.8995029960715,3646.4212950769197
forecast_4671,2025-07-14 15:00:00,4203.718700668472,6415.530232062366,3875.9880134636655
forecast_4672,2025-07-14 16:00:00,5151.036686777994,6721.983516134162,3864.0963581195792
forecast_4673,2025-07-14 17:00:00,3687.5973676944595,6017.9873242032745,4137.740358988976
forecast_4674,2025-07-14 18:00:00,4769.777011607345,5111.068664109065,3959.6330722599055
forecast_4675,2025-07-14 19:00:00,4741.276025976062,5675.395173248735,3409.902709043733
forecast_4676,2025-07-14 20:00:00,4990.019016890638,5669.800694095577,4412.248826270655
forecast_4677,2025-07-14 21:00:00,4633.555710382732,6664.229381788223,4476.436746522225
forecast_4678,2025-07-14 22:00:00,5656.909522552387,7085.529946482195,4839.671425618611
forecast_4679,2025-07-14 23:00:00,6095.718428358871,6799.348537674357,5141.776774582498
forecast_4680,2025-07-15 00:00:00,6415.032760684809,8491.32851655217,5003.066769344306
forecast_4681,2025-07-15 01:00:00,8239.831716999694,9915.974335370614,7223.994308744128
forecast_4682,2025-07-15 02:00:00,9251.126438968262,10345.906361968599,8606.3334355491
forecast_4683,2025-07-15 03:00:00,7425.701960064793,9544.254412215067,7810.159629889082
forecast_4684,2025-07-15 04:00:00,8150.059692720968,9343.560501525788,8343.699077225121
forecast_4685,2025-07-15 05:00:00,7902.125188791483,9478.505682535986,7681.863797120311
forecast_4686,2025-07-15 06:00:00,7370.010843370667,7292.093630037954,7915.859893804918
forecast_4687,2025-07-15 07:00:00,4986.735024356062,6318.184525805464,7621.261181500686
forecast_4688,2025-07-15 08:00:00,5435.186496296495,6606.729343985644,6038.148830119803
forecast_4689,2025-07-15 09:00:00,4935.271764720432,5965.057250543916,5251.086482132184
forecast_4690,2025-07-15 10:00:00,3112.2373393367043,3640.156269011807,2288.5896043555103
forecast_4691,2025-07-15 11:00:00,3198.460659588703,2501.0472341842305,3110.4211049705773
forecast_4692,2025-07-15 12:00:00,2300.6771056060716,2390.6302643848026,2272.338887308639
forecast_4693,2025-07-15 13:00:00,1530.202521786834,2155.431284019477,1816.850673112473
forecast_4694,2025-07-15 14:00:00,1850.4180523283896,2477.4448595850704,2588.6589260682604
forecast_4695,2025-07-15 15:00:00,3296.29627904825,3588.208272042907,3546.5736460869784
forecast_4696,2025-07-15 16:00:00,2476.230466142515,3131.146416110371,3298.217471420465
forecast_4697,2025-07-15 17:00:00,1217.0570520713356,2561.9311990108704,1747.3598217400702
forecast_4698,2025-07-15 18:00:00,2262.4507112261413,2371.4783105965807,2199.2312047236405
forecast_4699,2025-07-15 19:00:00,1262.7051652615191,1589.434464603253,913.7614429669802
forecast_4700,2025-07-15 20:00:00,2170.4651448689483,2593.60681180253,1678.5712961816976
forecast_4701,2025-07-15 21:00:00,2990.3401220015226,4418.082166354597,1827.437145740238
forecast_4702,2025-07-15 22:00:00,4494.368708937508,5662.082541285237,3773.3543904364196
forecast_4703,2025-07-15 23:00:00,4376.24835484634,6033.947492960076,2699.1730573716745
forecast_4704,2025-07-16 00:00:00,6833.979945871133,9717.840526095177,4058.121048170845
forecast_4705,2025-07-16 01:00:00,8817.012077939524,12316.36136512724,8917.61602220177
forecast_4706,2025-07-16 02:00:00,10152.371632370407,13653.677312122225,9459.833032272252
forecast_4707,2025-07-16 03:00:00,12616.451267121813,14818.122437970269,11047.681181135942
forecast_4708,2025-07-16 04:00:00,12088.412142263212,14682.983108886454,11065.513199858227
forecast_4709,2025-07-16 05:00:00,11075.673631089425,13553.330080511445,11814.89971454349
forecast_4710,2025-07-16 06:00:00,10452.037751571766,12078.193240179855,10805.058935636176
forecast_4711,2025-07-16 07:00:00,9396.721412334486,9625.353964084796,7370.96997173555
forecast_4712,2025-07-16 08:00:00,6966.03659811228,9098.158376436604,6446.1115695936915
forecast_4713,2025-07-16 09:00:00,4597.000307282527,5543.830934841376,3761.7410530766665
forecast_4714,2025-07-16 10:00:00,3355.5657323004757,3841.9955361408292,4298.259660486223
forecast_4715,2025-07-16 11:00:00,2557.180484893139,2865.214266318281,2932.912668160175
forecast_4716,2025-07-16 12:00:00,2192.142839893083,2516.770153903604,2449.1999224691203
forecast_4717,2025-07-16 13:00:00,3392.987841898367,3795.834777080696,2416.676764898227
forecast_4718,2025-07-16 14:00:00,2885.3178581515226,2598.741365120541,2940.0759215330722
forecast_4719,2025-07-16 15:00:00,2586.652716414648,2344.035449227032,1335.431321832795
forecast_4720,2025-07-16 16:00:00,3700.93539975678,3978.1122600189606,1675.1951837925067
forecast_4721,2025-07-16 17:00:00,3250.9283200899595,2984.7030152668713,1670.6496908799304
forecast_4722,2025-07-16 18:00:00,2427.545800051505,2958.3549196415893,1286.8158534697536
forecast_4723,2025-07-16 19:00:00,3733.215978253991,5020.415244422603,2380.7166180415516
forecast_4724,2025-07-16 20:00:00,3675.9713843950276,6062.240555800387,3068.5177267483273
forecast_4725,2025-07-16 21:00:00,5016.710312216805,8890.765649857436,3726.7142157920857
forecast_4726,2025-07-16 22:00:00,8100.394640513888,9130.972674624916,4436.8603601315535
forecast_4727,2025-07-16 23:00:00,9489.530152482344,10900.043479076568,5607.5801304771485
forecast_4728,2025-07-17 00:00:00,11574.121785137626,12934.245205700585,5966.583297573862
forecast_4729,2025-07-17 01:00:00,11186.869133337215,13185.15659154311,7895.560210220757
forecast_4730,2025-07-17 02:00:00,12248.526828814955,15194.733170078365,8113.592208164279
forecast_4731,2025-07-17 03:00:00,10756.847103971533,13049.825391980317,8592.385728085901
forecast_4732,2025-07-17 04:00:00,10623.11860043574,14522.942568453283,12306.978757915398
forecast_4733,2025-07-17 05:00:00,9234.80850852005,14157.483769484406,9552.38302745759
forecast_4734,2025-07-17 06:00:00,10615.410796332186,13639.71549288828,9457.933316442108
forecast_4735,2025-07-17 07:00:00,11995.742584093852,14450.231913655609,7627.687387827613
forecast_4736,2025-07-17 08:00:00,9963.170222141358,12542.934484740508,9018.599743210529
forecast_4737,2025-07-17 09:00:00,10280.68744562977,13132.431135571693,9605.580852204796
forecast_4738,2025-07-17 10:00:00,12270.736898089237,14778.481019718572,13928.762764745783
forecast_4739,2025-07-17 11:00:00,10129.852575637438,13378.017740596117,10706.283109491844
forecast_4740,2025-07-17 12:00:00,8005.651155045497,11747.154951813123,7991.0984261420435
forecast_4741,2025-07-17 13:00:00,10101.53681997712,14109.552819270364,11030.191675932143
forecast_4742,2025-07-17 14:00:00,9175.31958292654,13377.219772839991,10424.642847588997
forecast_4743,2025-07-17 15:00:00,7558.017992290153,10824.000074016914,7771.529960382565
forecast_4744,2025-07-17 16:00:00,6090.412090098423,8957.888643465345,5904.080586911341
forecast_4745,2025-07-17 17:00:00,5697.602593507124,8273.176568187135,5464.983975217179
forecast_4746,2025-07-17 18:00:00,6269.340527226577,9800.023392559327,5425.171683969353
forecast_4747,2025-07-17 19:00:00,6412.803116841689,9095.478783061306,5403.604988704888
forecast_4748,2025-07-17 20:00:00,6118.480529709197,8547.970179388421,5779.06407881594
forecast_4749,2025-07-17 21:00:00,7236.765704584875,11310.246146523077,8068.975077641052
forecast_4750,2025-07-17 22:00:00,7599.71844645222,10189.304510938247,6931.831914610322
forecast_4751,2025-07-17 23:00:00,9041.801046764933,11415.493690073119,8188.592404095733
forecast_4752,2025-07-18 00:00:00,7552.318608788933,12122.387992312473,7734.654991851926
forecast_4753,2025-07-18 01:00:00,9331.05984753304,14399.855874012559,11852.528893683733
forecast_4754,2025-07-18 02:00:00,7822.689954412816,12310.999453062499,8805.697010420012
forecast_4755,2025-07-18 03:00:00,8978.060626508073,14026.070235526764,10512.127886235501
forecast_4756,2025-07-18 04:00:00,8295.102467554492,13063.76232935747,10326.22585271016
forecast_4757,2025-07-18 05:00:00,8786.6665083793,12750.411594553305,9429.596235950596
forecast_4758,2025-07-18 06:00:00,8377.82511487373,11041.854531304134,7165.561601956725
forecast_4759,2025-07-18 07:00:00,7829.008279350689,11677.26591577733,7070.820589231033
forecast_4760,2025-07-18 08:00:00,7233.652827036199,10613.391819607908,5322.273115065731
forecast_4761,2025-07-18 09:00:00,6260.822720996538,11193.839968408733,7599.478221038218
forecast_4762,2025-07-18 10:00:00,5161.494617391644,7379.919289007075,5639.894987478343
forecast_4763,2025-07-18 11:00:00,2734.3121772125196,2910.128526886545,1726.3969875864543
forecast_4764,2025-07-18 12:00:00,1394.6041931026266,1920.021409112188,375.25973523090505
forecast_4765,2025-07-18 13:00:00,1215.944961329425,1045.2669582918877,370.8735677433369
forecast_4766,2025-07-18 14:00:00,1976.920032880901,4189.828764877733,1087.301375997033
forecast_4767,2025-07-18 15:00:00,4263.861840137506,5048.309139927409,3425.6826217716225
forecast_4768,2025-07-18 16:00:00,1951.1452245041708,4079.0699619025945,1329.867782140899
forecast_4769,2025-07-18 17:00:00,3207.8613486887584,4184.1272328173645,3450.8367685784397
forecast_4770,2025-07-18 18:00:00,3485.5024746466834,6667.2075919907775,3892.60153958122
forecast_4771,2025-07-18 19:00:00,4255.947444096945,6769.664743240689,4458.4416427979995
forecast_4772,2025-07-18 20:00:00,5410.950884558886,8840.648466541474,4297.483230189986
forecast_4773,2025-07-18 21:00:00,7277.4037861768475,8828.643081534132,6050.450730541917
forecast_4774,2025-07-18 22:00:00,7474.629132617606,9732.461828211643,6754.251028783372
forecast_4775,2025-07-18 23:00:00,7456.601785650917,9813.271789263998,6344.092785134046
forecast_4776,2025-07-19 00:00:00,6111.156109579769,10131.583442463852,6023.883141813304
forecast_4777,2025-07-19 01:00:00,5273.177528765555,7923.77362438651,4793.003741769549
forecast_4778,2025-07-19 02:00:00,3990.759105772691,5907.895090661864,4060.4589059778955
forecast_4779,2025-07-19 03:00:00,4076.3968778832277,5006.966139712732,2946.9108461728288
forecast_4780,2025-07-19 04:00:00,3108.879636323171,5389.171134037892,3333.3718125607097
forecast_4781,2025-07-19 05:00:00,3458.8340698129173,5281.473633491594,3068.839057315575
forecast_4782,2025-07-19 06:00:00,4261.064271253813,4587.768999004402,2236.4474763836224
forecast_4783,2025-07-19 07:00:00,3338.3302602241274,4267.105148797885,3044.6966955709913
forecast_4784,2025-07-19 08:00:00,3849.7895274387784,6251.954278311764,3326.65172912079
forecast_4785,2025-07-19 09:00:00,3480.371781878873,5688.481101955756,2312.9527787690913
forecast_4786,2025-07-19 10:00:00,5406.153906231709,7077.563880145021,3322.8513834510723
forecast_4787,2025-07-19 11:00:00,7142.182778645929,10499.468973802788,5670.5972471232835
forecast_4788,2025-07-19 12:00:00,7165.424752364741,11570.438061392328,7765.408407131102
forecast_4789,2025-07-19 13:00:00,5278.853353571032,8911.92611346056,6956.236168098008
forecast_4790,2025-07-19 14:00:00,7062.502870161858,11547.433754345873,9291.158001924816
forecast_4791,2025-07-19 15:00:00,6421.696699789976,12360.405177142744,9694.960245366463
forecast_4792,2025-07-19 16:00:00,7048.645657366372,11245.193141458289,7817.193504658663
forecast_4793,2025-07-19 17:00:00,7834.344199093992,10023.10531336504,7854.951189715023
forecast_4794,2025-07-19 18:00:00,9754.274133560053,11861.81864174812,9795.07504119012
forecast_4795,2025-07-19 19:00:00,8845.994826789762,12288.59555135535,9458.833825418962
forecast_4796,2025-07-19 20:00:00,9002.616316952277,11900.67837882782,9444.208524162945
forecast_4797,2025-07-19 21:00:00,9368.193982798097,12669.992134724751,10789.948021876446
forecast_4798,2025-07-19 22:00:00,9783.312687581312,13389.869724038452,11364.034765237933
forecast_4799,2025-07-19 23:00:00,8899.112832075996,11584.1692146143,9333.968814214959
forecast_4800,2025-07-20 00:00:00,10302.140412650844,12259.211037405214,9444.709021156968
forecast_4801,2025-07-20 01:00:00,9813.705170605102,13091.009002035173,11880.527483809528
forecast_4802,2025-07-20 02:00:00,10522.400382661608,13384.27238356746,11825.930493366492
forecast_4803,2025-07-20 03:00:00,11055.083791760844,13110.10729981482,10816.602967186822
forecast_4804,2025-07-20 04:00:00,10733.01143549751,13484.069563114761,11341.46179169239
forecast_4805,2025-07-20 05:00:00,10612.056077424002,12495.054414719045,10426.43815582545
forecast_4806,2025-07-20 06:00:00,10106.49192071425,12333.934939540333,9381.90033627388
forecast_4807,2025-07-20 07:00:00,9005.33865893556,11904.242651792298,8412.508236657142
forecast_4808,2025-07-20 08:00:00,6661.018714750684,11878.03100175828,8025.363769978711
forecast_4809,2025-07-20 09:00:00,5649.707114537986,10321.680058519294,6430.531758850227
forecast_4810,2025-07-20 10:00:00,5319.644000317928,7532.398081553843,6153.42229431218
forecast_4811,2025-07-20 11:00:00,4465.676453393829,4195.123150005214,5636.957391739285
forecast_4812,2025-07-20 12:00:00,4070.729826401027,3669.7287723780164,4255.156865671382
forecast_4813,2025-07-20 13:00:00,3572.2500095571204,3586.7827816946633,3925.6263313745017
forecast_4814,2025-07-20 14:00:00,3024.5843222069793,3554.4413995853065,3605.307506121875
forecast_4815,2025-07-20 15:00:00,2802.883760862954,4044.769155839123,3287.1844187751512
forecast_4816,2025-07-20 16:00:00,2443.2690561350355,3437.388467066907,3170.046414019241
forecast_4817,2025-07-20 17:00:00,2302.226242811555,2957.4873972213436,3095.271418486944
forecast_4818,2025-07-20 18:00:00,2428.9184235143166,2977.1580175825325,3059.899093911273
forecast_4819,2025-07-20 19:00:00,3740.354698096908,4167.791084023467,4655.7880229732245
forecast_4820,2025-07-20 20:00:00,5948.181021799294,6747.85436037688,5836.01888713847
forecast_4821,2025-07-20 21:00:00,7825.017711294872,8076.35057360259,5515.143543115965
forecast_4822,2025-07-20 22:00:00,10243.852588085976,11194.682911379781,7135.979674568548
forecast_4823,2025-07-20 23:00:00,10371.334886952716,12518.861963176798,8997.119925663488
forecast_4824,2025-07-21 00:00:00,9679.380350005786,13071.810165398974,8755.987982070395
forecast_4825,2025-07-21 01:00:00,8748.600021419126,11606.734545362136,8338.71457250529
forecast_4826,2025-07-21 02:00:00,10601.627315473954,12273.136796310671,8263.95596254317
forecast_4827,2025-07-21 03:00:00,10333.94130795918,11142.780480561161,8328.324288349253
forecast_4828,2025-07-21 04:00:00,8156.854158973156,10962.472304231545,8012.129794416065
forecast_4829,2025-07-21 05:00:00,8572.263464158588,10616.38374657408,7952.327423545156
forecast_4830,2025-07-21 06:00:00,8210.931527048388,10242.695228762865,7034.161341302559
forecast_4831,2025-07-21 07:00:00,9405.192906523454,9180.81911494289,7171.1615412675665
forecast_4832,2025-07-21 08:00:00,5940.589897472745,8510.102928010054,5438.4091241616325
forecast_4833,2025-07-21 09:00:00,5487.064873138619,7505.089644898279,5356.506277995432
forecast_4834,2025-07-21 10:00:00,5231.263631430066,6319.387773630121,6145.853652196424
forecast_4835,2025-07-21 11:00:00,5207.2559564125295,5946.900263066119,5299.752480764458
forecast_4836,2025-07-21 12:00:00,4839.993888399429,4880.617190569573,5732.111306460036
forecast_4837,2025-07-21 13:00:00,4876.122849536616,4670.461835685628,4689.099605591357
forecast_4838,2025-07-21 14:00:00,4822.785542567216,4586.798221479575,5359.11553399318
forecast_4839,2025-07-21 15:00:00,4153.888667255115,3962.8841041050896,4670.771373431158
forecast_4840,2025-07-21 16:00:00,3455.495435787506,4560.198587687203,4760.952113785126
forecast_4841,2025-07-21 17:00:00,2998.926249485533,4498.094408614481,4278.960373352538
forecast_4842,2025-07-21 18:00:00,3399.7858033150837,4266.188133040643,4072.371060508449
forecast_4843,2025-07-21 19:00:00,6611.066505973719,7034.420065904815,6164.556396799975
forecast_4844,2025-07-21 20:00:00,7962.03109338092,9073.984040068994,7518.043805060681
forecast_4845,2025-07-21 21:00:00,9875.316302337695,10382.17887739781,8539.935559522983
forecast_4846,2025-07-21 22:00:00,11749.134604058758,13404.173726807505,10377.698593256642
forecast_4847,2025-07-21 23:00:00,9573.310549213433,12739.503268250446,10295.634101609365
forecast_4848,2025-07-22 00:00:00,10089.00364344276,12166.728858372388,10791.870673426965
forecast_4849,2025-07-22 01:00:00,10841.99739441496,13547.653264151426,11056.800379643713
forecast_4850,2025-07-22 02:00:00,12819.608545228079,14031.478153068145,12256.172877943472
forecast_4851,2025-07-22 03:00:00,12781.690433611742,13870.70737813253,13404.324948464277
forecast_4852,2025-07-22 04:00:00,11517.042761264283,13597.993575180235,12617.46037480308
forecast_4853,2025-07-22 05:00:00,12652.51000019148,14651.306904863795,12905.14690785165
forecast_4854,2025-07-22 06:00:00,11690.926210279122,14915.970780566291,11015.492284151207
forecast_4855,2025-07-22 07:00:00,11007.295554867684,12733.296266643722,9956.28292254183
forecast_4856,2025-07-22 08:00:00,8716.111301829415,11894.393883996347,7988.8029133367
forecast_4857,2025-07-22 09:00:00,6808.987762968612,7609.796094126095,6278.092054984085
forecast_4858,2025-07-22 10:00:00,4724.645783862098,4704.961254396487,3456.716462470339
forecast_4859,2025-07-22 11:00:00,4056.777122478664,3629.2199457313714,2456.0667608715453
forecast_4860,2025-07-22 12:00:00,3256.7674629217145,2629.5496216116107,1962.0413630958979
forecast_4861,2025-07-22 13:00:00,2883.4951280558244,2118.288497492263,1895.1415606281143
forecast_4862,2025-07-22 14:00:00,2466.9046857732524,2158.306514211219,2166.8560764896392
forecast_4863,2025-07-22 15:00:00,3724.2508703098065,2245.4669690531705,1420.4547306482816
forecast_4864,2025-07-22 16:00:00,3750.9358501039756,2669.2881817986986,1977.6771832424938
forecast_4865,2025-07-22 17:00:00,2773.8762421053266,1956.0616633706582,1703.8668146558396
forecast_4866,2025-07-22 18:00:00,2948.4506005953285,2243.9675866720645,1754.073857172796
forecast_4867,2025-07-22 19:00:00,2665.6128694671975,3016.917548993909,2033.3749082126299
forecast_4868,2025-07-22 20:00:00,3162.319275348434,3430.316877659615,2717.328763560364
forecast_4869,2025-07-22 21:00:00,4067.0660805274406,4469.4266477822075,2991.0215096424276
forecast_4870,2025-07-22 22:00:00,6288.396304665047,6487.3494119852785,4060.1833855704067
forecast_4871,2025-07-22 23:00:00,6011.847855849526,7071.0456795758455,4682.073202487335
forecast_4872,2025-07-23 00:00:00,6291.357170562443,7317.087322104665,5438.949631920463
forecast_4873,2025-07-23 01:00:00,6599.059851567193,6342.0422792248255,6119.4370868486185
forecast_4874,2025-07-23 02:00:00,8350.668916404326,8327.660542962903,6928.5029982180895
forecast_4875,2025-07-23 03:00:00,8242.691267434206,10161.308388217289,8047.491077252213
forecast_4876,2025-07-23 04:00:00,8676.977926493508,9203.141954877345,5455.199036003994
forecast_4877,2025-07-23 05:00:00,7745.104515912042,6920.645573661918,4736.415492578581
forecast_4878,2025-07-23 06:00:00,6820.677013960919,5987.635243682024,3875.547771450088
forecast_4879,2025-07-23 07:00:00,4756.54723937674,4714.918759075435,3636.067766757567
forecast_4880,2025-07-23 08:00:00,2481.634612656702,2946.4940310476636,1728.2951706142326
forecast_4881,2025-07-23 09:00:00,1984.1038958072293,1259.6292130012441,1012.3449639485979
forecast_4882,2025-07-23 10:00:00,319.8482595958483,634.851641855148,170.65527915967294
forecast_4883,2025-07-23 11:00:00,216.19253377312464,206.63370817498475,34.766994760144236
forecast_4884,2025-07-23 12:00:00,156.22713606862544,206.09126393984036,117.0423837357685
forecast_4885,2025-07-23 13:00:00,170.58897272145163,0.0,99.18216167753765
forecast_4886,2025-07-23 14:00:00,117.99388697853897,177.73353576209465,75.04946356516521
forecast_4887,2025-07-23 15:00:00,159.8634762021905,312.1997792447567,143.9835668362927
forecast_4888,2025-07-23 16:00:00,100.52217917674551,329.89126034166884,64.55502255857837
forecast_4889,2025-07-23 17:00:00,17.120342540212075,284.9068740393539,103.34727296648256
forecast_4890,2025-07-23 18:00:00,331.82004281295707,654.0864962695607,218.50557257079333
forecast_4891,2025-07-23 19:00:00,623.1332990001815,1145.42777066884,427.6072071484625
forecast_4892,2025-07-23 20:00:00,1069.5461088614557,1440.0123122590949,531.1393182078701
forecast_4893,2025-07-23 21:00:00,1709.1222804364832,2565.48762218695,586.7971121416907
forecast_4894,2025-07-23 22:00:00,3890.5698533540485,4300.018033810667,2253.512697594519
forecast_4895,2025-07-23 23:00:00,3768.474167070697,3707.285902140505,2219.001744120737
forecast_4896,2025-07-24 00:00:00,3929.757536541781,4333.65064514233,2290.6085134103405
forecast_4897,2025-07-24 01:00:00,3258.5675564087514,4449.606899611662,3271.730064854346
forecast_4898,2025-07-24 02:00:00,5499.587003822984,5921.003596991527,4113.652246406868
forecast_4899,2025-07-24 03:00:00,7429.292054284279,7389.224404058405,5233.8836623760635
forecast_4900,2025-07-24 04:00:00,6378.8713774135695,7404.161433344391,4826.145860993239
forecast_4901,2025-07-24 05:00:00,6931.820718323596,7608.897023450497,4328.026622066954
forecast_4902,2025-07-24 06:00:00,6051.623643538757,6264.461461558739,4355.823988977651
forecast_4903,2025-07-24 07:00:00,3640.541654936005,3789.631315086811,2858.417408252314
forecast_4904,2025-07-24 08:00:00,1558.9723635222772,1160.5456484598215,987.7313770619228
forecast_4905,2025-07-24 09:00:00,329.41895799290546,140.01877894229892,154.93263085385496
forecast_4906,2025-07-24 10:00:00,198.1009107800215,118.84170118790799,41.81624740214432
forecast_4907,2025-07-24 11:00:00,19.172122756785384,101.23878258570808,23.323029550082364
forecast_4908,2025-07-24 12:00:00,13.837736316699454,53.99465556461034,33.5915512143805
forecast_4909,2025-07-24 13:00:00,24.916950317499776,45.542779124144886,27.974862352377656
forecast_4910,2025-07-24 14:00:00,18.00810047247794,50.654040522456384,29.95648392871633
forecast_4911,2025-07-24 15:00:00,75.31427849665513,73.081289509546,25.609007279203222
forecast_4912,2025-07-24 16:00:00,35.28257659307402,53.23970953500047,41.56960123060014
forecast_4913,2025-07-24 17:00:00,46.44048453000068,24.86020804255593,64.11589431204679
forecast_4914,2025-07-24 18:00:00,66.30002900838002,53.09871482998195,31.513068548987686
forecast_4915,2025-07-24 19:00:00,164.2732864897969,165.66909526277064,38.71315349781361
forecast_4916,2025-07-24 20:00:00,124.49322144369444,274.7181350795843,90.77099862140733
forecast_4917,2025-07-24 21:00:00,282.4878424859604,236.7252984471367,163.18264616902292
forecast_4918,2025-07-24 22:00:00,856.6282178756412,605.6247577929561,533.4555990592033
forecast_4919,2025-07-24 23:00:00,1262.0945770767391,1070.2260107068728,810.9467669822011
forecast_4920,2025-07-25 00:00:00,1376.035180747224,1431.1514732040434,1012.0506658759683
forecast_4921,2025-07-25 01:00:00,1650.8046803045006,1784.45846558392,877.2856829906599
forecast_4922,2025-07-25 02:00:00,2577.9413545547586,3279.1440179473525,1692.7485585120269
forecast_4923,2025-07-25 03:00:00,1956.4188541037797,2355.3740954671343,1831.6481083286385
forecast_4924,2025-07-25 04:00:00,1774.6338133060542,2542.9032557083633,1741.56470861029
forecast_4925,2025-07-25 05:00:00,1774.1139923187566,1823.738639192638,1368.5805364437235
forecast_4926,2025-07-25 06:00:00,1270.1951116315015,1551.795216118569,997.75807854566
forecast_4927,2025-07-25 07:00:00,512.5673848115621,1073.3440846817082,638.1677751921778
forecast_4928,2025-07-25 08:00:00,188.00331447323825,213.10403154459033,132.18057538390593
forecast_4929,2025-07-25 09:00:00,221.44082492844865,67.24151607345281,92.04898985596263
forecast_4930,2025-07-25 10:00:00,231.9506683301985,113.35016149854442,210.24709440535483
forecast_4931,2025-07-25 11:00:00,81.07492441841863,172.3700090732969,24.091220500892288
forecast_4932,2025-07-25 12:00:00,64.71897029452205,90.71902084921108,22.452774457274217
forecast_4933,2025-07-25 13:00:00,17.63916558599201,135.60625058175694,28.315986272034102
forecast_4934,2025-07-25 14:00:00,167.33415680255897,176.2007366442841,34.16659676849392
forecast_4935,2025-07-25 15:00:00,262.77999181027207,232.4105590260626,40.98661144327752
forecast_4936,2025-07-25 16:00:00,88.80642908821474,106.53938524851007,25.556174715088652
forecast_4937,2025-07-25 17:00:00,86.72112025977644,89.05394446093253,67.51789415796522
forecast_4938,2025-07-25 18:00:00,102.8095615701787,269.7967847664629,248.9021959481577
forecast_4939,2025-07-25 19:00:00,753.9936874597433,931.3264072137564,564.3250103602237
forecast_4940,2025-07-25 20:00:00,1551.5309142283356,1482.1288404213976,622.6503642437065
forecast_4941,2025-07-25 21:00:00,1980.156486141941,2045.9050774754428,936.0268028056907
forecast_4942,2025-07-25 22:00:00,3318.0913142603176,3786.0042305857373,2526.6129862501452
forecast_4943,2025-07-25 23:00:00,3725.508120010759,4641.49515763574,3503.1332536208297
forecast_4944,2025-07-26 00:00:00,4496.301935085722,5109.596825578728,4363.90284425328
forecast_4945,2025-07-26 01:00:00,7073.506122845997,7692.482238000097,5514.354894664833
forecast_4946,2025-07-26 02:00:00,7013.174197630151,7106.6413383918025,5819.375357177184
forecast_4947,2025-07-26 03:00:00,6295.310300603332,6871.790485890035,6021.885614846601
forecast_4948,2025-07-26 04:00:00,6711.118816459852,5952.031466587194,3528.711307864202
forecast_4949,2025-07-26 05:00:00,3824.3737288854672,4233.92389572522,2331.8320048877495
forecast_4950,2025-07-26 06:00:00,1677.7657653234683,1468.4458326646488,1291.0382712153084
forecast_4951,2025-07-26 07:00:00,1795.2875748687636,1470.2144750457962,1061.8924396431341
forecast_4952,2025-07-26 08:00:00,791.6601003022705,541.8236886960926,613.3732193504266
forecast_4953,2025-07-26 09:00:00,372.92588490793764,379.474868471009,172.67449267393744
forecast_4954,2025-07-26 10:00:00,355.45167008462056,224.40336132831192,101.19041733949719
forecast_4955,2025-07-26 11:00:00,160.57961404073333,207.82686302473286,54.31158835667449
forecast_4956,2025-07-26 12:00:00,156.52997677580373,234.90517694323745,25.0351646230317
forecast_4957,2025-07-26 13:00:00,94.42743132775966,154.09079269915946,23.12660693461317
forecast_4958,2025-07-26 14:00:00,33.495026611834604,155.91794726812202,25.226650614527408
forecast_4959,2025-07-26 15:00:00,172.7241050157926,220.72817113689888,60.77172384382032
forecast_4960,2025-07-26 16:00:00,201.85975149913966,76.99874177763965,27.56242258520783
forecast_4961,2025-07-26 17:00:00,55.16398641269571,76.60202528949308,24.757838706421573
forecast_4962,2025-07-26 18:00:00,20.852148008239567,239.07989149122884,78.41547809143245
forecast_4963,2025-07-26 19:00:00,221.95416713684,416.1532100310453,90.5346199802156
forecast_4964,2025-07-26 20:00:00,883.7649293458385,953.3608536188244,365.4075064150739
forecast_4965,2025-07-26 21:00:00,2092.0723251169547,1948.2169566712541,600.5002320200363
forecast_4966,2025-07-26 22:00:00,2830.8301142556884,3081.116241819356,1841.2966513747658
forecast_4967,2025-07-26 23:00:00,4314.210503084914,4404.764570490603,2903.5999415741
forecast_4968,2025-07-27 00:00:00,6160.823499827872,6856.554688748053,5208.089015564617
forecast_4969,2025-07-27 01:00:00,9451.5226045357,9459.12079163221,4990.935856880099
forecast_4970,2025-07-27 02:00:00,7848.168082886411,9658.543304670073,5181.373861725555
forecast_4971,2025-07-27 03:00:00,6797.755556586473,8592.013770523996,5353.365227887388
forecast_4972,2025-07-27 04:00:00,7204.652259176973,7669.918881450006,4542.452442331152
forecast_4973,2025-07-27 05:00:00,5645.459265984518,6308.988162292504,3975.388880567688
forecast_4974,2025-07-27 06:00:00,4957.844695352741,5595.143833887487,3845.278966621736
forecast_4975,2025-07-27 07:00:00,4868.077878223841,4249.725928991698,2314.2380950168376
forecast_4976,2025-07-27 08:00:00,2627.7754891481172,1963.6136566133812,1473.901770076106
forecast_4977,2025-07-27 09:00:00,1004.7136354480441,1120.5410801687801,522.3516660484223
forecast_4978,2025-07-27 10:00:00,584.5113404817154,683.6034900579028,447.1002028584881
forecast_4979,2025-07-27 11:00:00,444.7011052126174,700.3597521973869,220.43381432174283
forecast_4980,2025-07-27 12:00:00,603.5209949618629,634.4100562480251,434.1229018431496
forecast_4981,2025-07-27 13:00:00,638.1683082366326,624.1652086039284,327.43854429080756
forecast_4982,2025-07-27 14:00:00,882.5825454335833,534.8340624626879,393.7372062009854
forecast_4983,2025-07-27 15:00:00,1409.577900556442,1339.6726775324312,1641.9768663213258
forecast_4984,2025-07-27 16:00:00,1629.4772908392645,1764.3179746804874,2069.848687819337
forecast_4985,2025-07-27 17:00:00,1439.2371587479463,1793.941190642339,2039.7338553783254
forecast_4986,2025-07-27 18:00:00,1543.2579710786842,1417.909411953965,1121.7877309118467
forecast_4987,2025-07-27 19:00:00,2927.693256627804,2801.115561645839,1867.161627341174
forecast_4988,2025-07-27 20:00:00,3155.6629251679656,4022.662716669248,2913.249566170935
forecast_4989,2025-07-27 21:00:00,5047.477676463136,4649.344581465605,3097.3665167188474
forecast_4990,2025-07-27 22:00:00,5370.553955141664,5765.300874680277,4869.777852237171
forecast_4991,2025-07-27 23:00:00,5724.210998166912,7158.9921408852015,5989.69517709875
forecast_4992,2025-07-28 00:00:00,7185.998305300781,7958.644065703664,6237.49200264277
forecast_4993,2025-07-28 01:00:00,9758.480606115663,10120.676989581303,6109.954378251978
forecast_4994,2025-07-28 02:00:00,10906.118162977287,10794.539063315433,6133.974579669399
forecast_4995,2025-07-28 03:00:00,10023.609941586981,9912.366838808384,6052.139605238762
forecast_4996,2025-07-28 04:00:00,8788.927559480147,9594.988365744759,5578.602213829471
forecast_4997,2025-07-28 05:00:00,8660.841931239698,8037.5444792571225,5079.398713080398
forecast_4998,2025-07-28 06:00:00,5522.911856539084,6200.6744796010935,4212.0205905527755
forecast_4999,2025-07-28 07:00:00,3264.930641657514,3082.627899805234,3027.1107018071284
forecast_5000,2025-07-28 08:00:00,1840.4256474775389,1550.5649598490463,1454.221590191639
forecast_5001,2025-07-28 09:00:00,705.8091758535658,918.272938280463,458.45492645467016
forecast_5002,2025-07-28 10:00:00,236.36689683797363,429.12785148730836,283.27161460699335
forecast_5003,2025-07-28 11:00:00,102.76899950178745,267.1527227193995,22.17211669094909
forecast_5004,2025-07-28 12:00:00,62.65701376590704,177.70551799737638,76.39989152059266
forecast_5005,2025-07-28 13:00:00,308.49930531295047,307.3526101759114,98.81304344559094
forecast_5006,2025-07-28 14:00:00,61.667971121243674,112.49214322663383,33.20984364671564
forecast_5007,2025-07-28 15:00:00,97.51394013446829,80.82450533250685,28.20459756909663
forecast_5008,2025-07-28 16:00:00,68.84308480676155,40.40397213797186,41.01672313501096
forecast_5009,2025-07-28 17:00:00,242.0120628918249,248.77168376886348,79.72673756159548
forecast_5010,2025-07-28 18:00:00,260.7858534559338,230.04543200926238,61.997967414287295
forecast_5011,2025-07-28 19:00:00,196.5854437831858,150.54423961033893,40.59457918917967
forecast_5012,2025-07-28 20:00:00,184.9459055128422,253.97573694023603,198.99710979441338
forecast_5013,2025-07-28 21:00:00,318.767870434364,309.35553826766386,350.71055109718736
forecast_5014,2025-07-28 22:00:00,322.69988170727515,538.1476476618557,825.6477414733367
forecast_5015,2025-07-28 23:00:00,319.17507555184517,285.0922474991362,525.3065426636736
forecast_5016,2025-07-29 00:00:00,232.41437098646037,413.5587334424062,518.0931068594655
forecast_5017,2025-07-29 01:00:00,1287.4831188624823,838.7119760952666,939.8351277078804
forecast_5018,2025-07-29 02:00:00,942.701467892181,1035.2677442303693,963.5670911077254
forecast_5019,2025-07-29 03:00:00,905.5186455878755,1187.3143028824527,1251.8780496235452
forecast_5020,2025-07-29 04:00:00,1122.7002487757684,921.809915203421,852.8016743262808
forecast_5021,2025-07-29 05:00:00,610.0951356016328,842.6695709023585,299.794641099536
forecast_5022,2025-07-29 06:00:00,174.098550870114,278.7635476317612,143.739716981188
forecast_5023,2025-07-29 07:00:00,67.23554967393085,114.9826290980969,27.10765669511537
forecast_5024,2025-07-29 08:00:00,19.12711530260432,3.1591096787277033,24.842218833234824
forecast_5025,2025-07-29 09:00:00,0.0,85.10241903950897,20.601634363114986
forecast_5026,2025-07-29 10:00:00,41.10888014675504,112.7670510910365,20.635509489070618
forecast_5027,2025-07-29 11:00:00,4.319097724887618,0.0,23.612010368667956
forecast_5028,2025-07-29 12:00:00,61.4078476541335,51.813509269792974,0.0
forecast_5029,2025-07-29 13:00:00,41.15136516502789,12.66034573439234,36.376132017270855
forecast_5030,2025-07-29 14:00:00,24.73853017330824,69.41859763564186,33.92554313673497
forecast_5031,2025-07-29 15:00:00,58.88284797018149,120.08872028617147,29.680542661886818
forecast_5032,2025-07-29 16:00:00,3.5410101169486756,6.407820714055441,31.754283256608122
forecast_5033,2025-07-29 17:00:00,42.31208740827825,93.94397468579186,48.587838254330904
forecast_5034,2025-07-29 18:00:00,107.56402034594572,69.45719361282679,38.53340191783434
forecast_5035,2025-07-29 19:00:00,398.918194778523,221.81050604138767,105.71739094968152
forecast_5036,2025-07-29 20:00:00,383.3867095776901,419.5392284887855,148.09287183561764
forecast_5037,2025-07-29 21:00:00,245.54693477404658,411.12317261338364,193.77377332202968
forecast_5038,2025-07-29 22:00:00,683.5495992532543,299.13837135872876,321.6657979666663
forecast_5039,2025-07-29 23:00:00,988.9326445975446,991.770321874899,532.6677573742728
forecast_5040,2025-07-30 00:00:00,1264.535659025016,1864.163702655978,1387.6111801942484
forecast_5041,2025-07-30 01:00:00,1598.1157955676301,1477.1168613711568,1401.9845306782631
forecast_5042,2025-07-30 02:00:00,1745.8449520635243,2071.48167215716,1819.3668902127088
forecast_5043,2025-07-30 03:00:00,1568.1116271952737,1808.7747565369357,1365.3001353923628
forecast_5044,2025-07-30 04:00:00,1296.3238142646037,1385.3539374541797,949.2979933219735
forecast_5045,2025-07-30 05:00:00,1100.655460476355,1009.0368754847591,566.3485094223896
forecast_5046,2025-07-30 06:00:00,464.1519773192769,703.348643785564,208.33668225625448
forecast_5047,2025-07-30 07:00:00,205.98170023120136,194.5517391584289,112.99412903969946
forecast_5048,2025-07-30 08:00:00,27.130337279549835,148.85847480321974,66.11615910736825
forecast_5049,2025-07-30 09:00:00,89.0396505311558,30.050610284263836,29.919244970780547
forecast_5050,2025-07-30 10:00:00,35.546740001164565,126.1010141153429,25.38625669538147
forecast_5051,2025-07-30 11:00:00,132.4311869595809,59.42911327996202,38.941277663883035
forecast_5052,2025-07-30 12:00:00,247.7611029334861,217.85141297433668,81.1939964645606
forecast_5053,2025-07-30 13:00:00,239.13288914241366,117.4463329497868,116.75138094281698
forecast_5054,2025-07-30 14:00:00,174.40122499152955,109.75138460426605,98.94464420787943
forecast_5055,2025-07-30 15:00:00,147.65179415568153,123.09561895514713,62.083129294905305
forecast_5056,2025-07-30 16:00:00,109.59796423667616,108.71787437580889,64.42188591166541
forecast_5057,2025-07-30 17:00:00,123.86752335834294,88.00248033474382,49.46474273880516
forecast_5058,2025-07-30 18:00:00,94.47836073475054,64.82220945363451,57.54456454166038
forecast_5059,2025-07-30 19:00:00,362.13705646342214,328.59293569639647,46.683084621691116
forecast_5060,2025-07-30 20:00:00,787.2450358470718,678.0207603943504,83.03851668406956
forecast_5061,2025-07-30 21:00:00,541.9736178830146,466.38719938828,110.71715382412444
forecast_5062,2025-07-30 22:00:00,1438.3814447308278,705.6944699737517,317.77666518038575
forecast_5063,2025-07-30 23:00:00,1491.7841432948298,1299.5779533009807,245.23739937599825
forecast_5064,2025-07-31 00:00:00,1624.4557747972435,1312.5931769523145,238.3231556836409
forecast_5065,2025-07-31 01:00:00,1881.2889708148853,1024.0960310663108,385.24530443696733
forecast_5066,2025-07-31 02:00:00,1393.441319618723,1235.6980058978975,453.16527765345404
forecast_5067,2025-07-31 03:00:00,2201.959940744181,1850.7372669591698,641.2611234871565
forecast_5068,2025-07-31 04:00:00,2481.8219318171664,2061.7266923380744,817.987566255452
forecast_5069,2025-07-31 05:00:00,2185.512822608688,2110.736054335612,542.6375021886006
forecast_5070,2025-07-31 06:00:00,1856.7625497825547,2112.0978257874067,416.7691511295157
forecast_5071,2025-07-31 07:00:00,1092.6957436734897,1457.4107681026874,96.73199728506019
forecast_5072,2025-07-31 08:00:00,714.7180698824918,1006.4714119764644,123.93830678456985
forecast_5073,2025-07-31 09:00:00,345.3584782012908,506.2851632004995,20.29657262428092
forecast_5074,2025-07-31 10:00:00,444.83179494786674,450.5030474567488,220.5654356304749
forecast_5075,2025-07-31 11:00:00,403.84743659798767,407.50011525952783,160.32496248528747
forecast_5076,2025-07-31 12:00:00,466.3485425793587,543.6153818815147,150.53486503766632
forecast_5077,2025-07-31 13:00:00,468.54266702271696,643.8764341557061,147.06402887381319
forecast_5078,2025-07-31 14:00:00,326.34991711861375,604.8484880516324,127.37744521157579
forecast_5079,2025-07-31 15:00:00,208.56883187269355,593.9713921331687,168.66257169018976
forecast_5080,2025-07-31 16:00:00,67.0519542830513,229.3082501961091,44.432673560476665
forecast_5081,2025-07-31 17:00:00,45.066075847313925,63.73802134283461,19.36432860897702
forecast_5082,2025-07-31 18:00:00,54.13755587103733,115.84671223116135,169.70504702460053
forecast_5083,2025-07-31 19:00:00,110.6152067563925,126.0493734634224,18.430720318862992
forecast_5084,2025-07-31 20:00:00,164.29026135379934,271.05849837388797,31.025941378350005
forecast_5085,2025-07-31 21:00:00,460.9761220121588,105.84482558119115,58.445845268000156
forecast_5086,2025-07-31 22:00:00,647.9780616856428,585.579434419686,91.03152490786111
forecast_5087,2025-07-31 23:00:00,458.04101166718925,842.810812349853,70.794423750467
forecast_5088,2025-08-01 00:00:00,371.09006647322565,558.6806269282429,48.48191053888624
forecast_5089,2025-08-01 01:00:00,188.25259019561656,368.1523329512851,287.3135910173501
forecast_5090,2025-08-01 02:00:00,40.603533067851636,451.19662579427586,566.8358557644905
forecast_5091,2025-08-01 03:00:00,148.83078235258546,737.7994528046617,595.2967595440934
forecast_5092,2025-08-01 04:00:00,145.65078986402887,434.8767511839013,425.6547895502832
forecast_5093,2025-08-01 05:00:00,42.1451796981108,303.6089731532115,330.81886116003915
forecast_5094,2025-08-01 06:00:00,0.0,213.04479877995166,124.55056531927792
forecast_5095,2025-08-01 07:00:00,50.18774567906177,209.47618385667724,51.056510874489625
forecast_5096,2025-08-01 08:00:00,20.914461256964493,92.69067122950207,23.20045126781167
forecast_5097,2025-08-01 09:00:00,23.2606549478732,53.19067136766966,21.57846267478647
forecast_5098,2025-08-01 10:00:00,0.7761096914203288,82.83093630743812,34.50560667056889
forecast_5099,2025-08-01 11:00:00,5.811575216072043,128.68627072584246,48.636014591961256
forecast_5100,2025-08-01 12:00:00,20.13804627280319,227.63497821902013,109.19870248374374
forecast_5101,2025-08-01 13:00:00,79.06910556316389,402.37422257252405,102.55190155177145
forecast_5102,2025-08-01 14:00:00,34.24992023066939,121.55343699326083,32.49753865694063
forecast_5103,2025-08-01 15:00:00,31.090035129504546,153.24393303619533,134.90653888506068
forecast_5104,2025-08-01 16:00:00,26.59588691831007,0.0,27.43966896594111
forecast_5105,2025-08-01 17:00:00,0.0,26.37371270668305,27.87946504674972
forecast_5106,2025-08-01 18:00:00,0.0,49.461493502965,15.658121155309646
forecast_5107,2025-08-01 19:00:00,312.61881966358305,162.4880736690854,116.14984282426882
forecast_5108,2025-08-01 20:00:00,371.030676305484,320.1171567473947,261.8103496169869
forecast_5109,2025-08-01 21:00:00,496.09633668674746,419.24312966541294,92.51843418891205
forecast_5110,2025-08-01 22:00:00,166.2237753837008,804.424555342806,117.78038646604372
forecast_5111,2025-08-01 23:00:00,110.498985345115,466.6673137228687,151.09996332707783
forecast_5112,2025-08-02 00:00:00,273.96410645256606,458.84991495206395,203.66410914269466
forecast_5113,2025-08-02 01:00:00,2899.1237286766154,2775.678950437582,2079.840974184148
forecast_5114,2025-08-02 02:00:00,4637.099869621982,3932.456437396751,2673.6549499221214
forecast_5115,2025-08-02 03:00:00,5752.407571153408,5916.571219733594,4017.8270604996997
forecast_5116,2025-08-02 04:00:00,6714.761332725232,7336.417362329621,5199.810598007192
forecast_5117,2025-08-02 05:00:00,7426.541718330627,8752.515987487477,5014.99826747163
forecast_5118,2025-08-02 06:00:00,7784.701137622769,9209.598537860831,5020.426091331538
forecast_5119,2025-08-02 07:00:00,7023.320191449852,8733.36153250989,5001.478286230533
forecast_5120,2025-08-02 08:00:00,5697.230913928723,7632.908429352912,3277.255322514303
forecast_5121,2025-08-02 09:00:00,4712.137861702569,5204.441914025924,2241.5780680085622
forecast_5122,2025-08-02 10:00:00,1550.9249508413827,2729.370518964095,1575.7171505424399
forecast_5123,2025-08-02 11:00:00,1547.633098661296,1691.898589913177,1270.0603473340304
forecast_5124,2025-08-02 12:00:00,1279.2928431455903,1985.3796555270387,1261.095223880485
forecast_5125,2025-08-02 13:00:00,938.9960160082163,1839.3289787435633,1090.7322816882418
forecast_5126,2025-08-02 14:00:00,1539.081011248515,1172.283339865001,840.614866681977
forecast_5127,2025-08-02 15:00:00,858.6938342083404,944.8449404424107,703.7404689318645
forecast_5128,2025-08-02 16:00:00,459.2423803554213,158.94015129669995,225.17606927728062
forecast_5129,2025-08-02 17:00:00,160.27572621254447,273.31424973495484,19.25022719698491
forecast_5130,2025-08-02 18:00:00,330.5435376271588,40.00538837750301,25.147798012286874
forecast_5131,2025-08-02 19:00:00,207.25579364664242,267.43477064942215,36.099136187488575
forecast_5132,2025-08-02 20:00:00,258.5730358827895,275.54928944471834,75.96257555448005
forecast_5133,2025-08-02 21:00:00,524.6417704317711,792.2761979757906,217.9892368754621
forecast_5134,2025-08-02 22:00:00,969.6434070640894,1077.0066586007451,973.2605988906174
forecast_5135,2025-08-02 23:00:00,1180.8093512837488,1253.893234163694,901.7431988522764
forecast_5136,2025-08-03 00:00:00,1322.6968405709472,1530.4731549573773,1287.7300116799065
forecast_5137,2025-08-03 01:00:00,1643.647567806839,2116.2739499997947,1433.046537418155
forecast_5138,2025-08-03 02:00:00,2812.0523365886197,3327.3846480081734,2182.519054947123
forecast_5139,2025-08-03 03:00:00,2882.097688363101,3332.9508794916446,2747.8412695285397
forecast_5140,2025-08-03 04:00:00,1668.5058166218796,1492.7374419319576,1728.2111152334112
forecast_5141,2025-08-03 05:00:00,1510.2693884859173,1558.0517019388228,1168.2756169436302
forecast_5142,2025-08-03 06:00:00,1013.9064339600394,556.6332220714036,642.2378210019978
forecast_5143,2025-08-03 07:00:00,105.14101729485871,182.3846643883255,49.023946436144364
forecast_5144,2025-08-03 08:00:00,64.53817833574291,192.17462234613274,64.67484514133001
forecast_5145,2025-08-03 09:00:00,252.18042956442366,327.35681391260835,119.48030075513074
forecast_5146,2025-08-03 10:00:00,172.87803189931563,106.66498769644953,92.98622265621144
forecast_5147,2025-08-03 11:00:00,69.77017433920543,144.99402285650876,134.50785562218837
forecast_5148,2025-08-03 12:00:00,133.8042368687684,15.779471310341417,62.236789768324
forecast_5149,2025-08-03 13:00:00,176.37355801072798,90.3170480094527,127.98266754886572
forecast_5150,2025-08-03 14:00:00,109.21490073316146,128.59383460541136,164.37703478032944
forecast_5151,2025-08-03 15:00:00,410.0777580090254,793.4502861699623,898.2621854062289
forecast_5152,2025-08-03 16:00:00,582.2733380957642,984.6411616636238,841.9962131308852
forecast_5153,2025-08-03 17:00:00,1543.2578556387623,1625.5351995479652,1812.2190951114792
forecast_5154,2025-08-03 18:00:00,1265.94055587142,1836.3651560390856,970.7009998156199
forecast_5155,2025-08-03 19:00:00,3559.666684767726,3740.69114441495,2220.23444475013
forecast_5156,2025-08-03 20:00:00,3534.8712742067187,4625.4033040789745,2737.7711954433507
forecast_5157,2025-08-03 21:00:00,2606.2126678108707,3805.4469164187753,1625.7020716559427
forecast_5158,2025-08-03 22:00:00,2324.7544560452757,3361.3894249922546,1303.7681052095493
forecast_5159,2025-08-03 23:00:00,2261.166708173657,3352.714108924181,2019.5159366115354
forecast_5160,2025-08-04 00:00:00,3298.859727130553,3731.0445209830254,2284.778383292981
forecast_5161,2025-08-04 01:00:00,2393.56414358183,2461.17724314834,1268.2692620958653
forecast_5162,2025-08-04 02:00:00,2897.022682674009,3303.337523148033,2011.6563089642775
forecast_5163,2025-08-04 03:00:00,2527.75214103584,2678.536752008379,1946.5013717419417
forecast_5164,2025-08-04 04:00:00,4269.355418923734,5353.931024351907,2657.521830917818
forecast_5165,2025-08-04 05:00:00,4044.024002449307,6126.686596880403,3421.0772296814757
forecast_5166,2025-08-04 06:00:00,3720.419880035674,5234.5019931121615,3775.3492237257396
forecast_5167,2025-08-04 07:00:00,4539.5659064217325,6271.925870355961,3815.6671660388893
forecast_5168,2025-08-04 08:00:00,5112.3743743181085,6914.874297555974,4298.240461152534
forecast_5169,2025-08-04 09:00:00,5286.334995750771,6524.291566785577,4607.894729469413
forecast_5170,2025-08-04 10:00:00,5054.49987277606,5847.198721849343,4982.255381268348
forecast_5171,2025-08-04 11:00:00,6206.678449558702,7698.376490042611,5546.171865875529
forecast_5172,2025-08-04 12:00:00,4702.3645460682255,4874.360643577659,3913.1663744690036
forecast_5173,2025-08-04 13:00:00,4551.555546127783,3693.434352325162,2870.9521171830734
forecast_5174,2025-08-04 14:00:00,2010.7302696186362,1754.3748366322002,1913.9909162380793
forecast_5175,2025-08-04 15:00:00,1108.5007593652333,2778.0945295722267,2397.90558005267
forecast_5176,2025-08-04 16:00:00,1436.4063643876673,4101.138979274567,2958.5180955755923
forecast_5177,2025-08-04 17:00:00,1302.7526153527003,3450.668642691333,2369.8493641252307
forecast_5178,2025-08-04 18:00:00,2032.6965307801515,3903.329615845922,2557.3362439963366
forecast_5179,2025-08-04 19:00:00,2524.951424385946,4108.4134636628905,2913.631351445946
forecast_5180,2025-08-04 20:00:00,3367.555888653721,4089.004566792216,3095.5647082487776
forecast_5181,2025-08-04 21:00:00,4112.0567444358785,4909.157249532835,3138.615104382088
forecast_5182,2025-08-04 22:00:00,3991.981944551092,5958.291231465158,3382.488688612056
forecast_5183,2025-08-04 23:00:00,3919.4505327329744,5686.83451698412,3616.5880584126753
forecast_5184,2025-08-05 00:00:00,3287.609646181569,4858.408920790948,3234.160681939869
forecast_5185,2025-08-05 01:00:00,4346.007523585922,4337.659205027892,3009.3229206736323
forecast_5186,2025-08-05 02:00:00,3858.3009669126886,3970.1731903750006,1452.4363949579133
forecast_5187,2025-08-05 03:00:00,3722.222637516786,3442.8012660187364,1895.9793780351563
forecast_5188,2025-08-05 04:00:00,4380.809713472,4137.532006365574,1620.756589655321
forecast_5189,2025-08-05 05:00:00,2454.8455063010706,2131.0943767369486,736.6817490982722
forecast_5190,2025-08-05 06:00:00,1551.7202791076998,1268.2034584886144,352.734645034183
forecast_5191,2025-08-05 07:00:00,1511.9737538075408,901.6908746676231,340.97958832250987
forecast_5192,2025-08-05 08:00:00,1067.6519529805662,943.0865075665307,425.56501278960127
forecast_5193,2025-08-05 09:00:00,804.8729921446975,1193.648350694168,475.99054659188454
forecast_5194,2025-08-05 10:00:00,1269.8511947512975,1015.2056968680464,642.6104007860496
forecast_5195,2025-08-05 11:00:00,1402.1955290408216,1595.0969896334427,1562.2932689335519
forecast_5196,2025-08-05 12:00:00,2002.0954448743446,3810.5730163299354,2806.618832734243
forecast_5197,2025-08-05 13:00:00,3121.1551459915563,4926.844805535005,3564.704180574307
forecast_5198,2025-08-05 14:00:00,3880.211761432642,5568.441971024175,4854.9463524387465
forecast_5199,2025-08-05 15:00:00,5036.353706437279,5545.221589160774,6090.219726979551
forecast_5200,2025-08-05 16:00:00,6127.271612168467,6786.0020487815045,7463.68381674649
forecast_5201,2025-08-05 17:00:00,5192.280944120791,5844.198754907192,6531.548228986458
forecast_5202,2025-08-05 18:00:00,5927.980983822016,5577.560727556584,5533.1666411119495
forecast_5203,2025-08-05 19:00:00,5460.43082612438,5303.556852462797,5492.3449129765495
forecast_5204,2025-08-05 20:00:00,5908.806935090197,5825.739345566192,5271.996390516108
forecast_5205,2025-08-05 21:00:00,6709.594178741216,6540.180594956986,5480.107460308763
forecast_5206,2025-08-05 22:00:00,7758.079473877578,9883.271917228898,6856.920749747587
forecast_5207,2025-08-05 23:00:00,7526.650791838292,9574.790097063355,7039.697585266247
forecast_5208,2025-08-06 00:00:00,7543.759177982078,9651.713753496086,6931.900733653524
forecast_5209,2025-08-06 01:00:00,10395.983740162686,13064.92785694949,11930.61506271564
forecast_5210,2025-08-06 02:00:00,11540.293434959849,14751.962855407439,12434.87326453549
forecast_5211,2025-08-06 03:00:00,10687.828630289678,14316.5754172787,12690.030340498544
forecast_5212,2025-08-06 04:00:00,9305.347925047769,10930.989130405153,7779.703880802697
forecast_5213,2025-08-06 05:00:00,11100.598441658365,14584.02047238529,12716.903611653493
forecast_5214,2025-08-06 06:00:00,11695.825550919635,14738.898302556161,13207.30551604516
forecast_5215,2025-08-06 07:00:00,11589.639491467935,14622.388757985676,12415.827284219822
forecast_5216,2025-08-06 08:00:00,9115.457617063357,10455.251859011034,9059.780405447387
forecast_5217,2025-08-06 09:00:00,9153.738226238871,11775.741238117778,5399.130751863984
forecast_5218,2025-08-06 10:00:00,10678.391096627482,13173.212831050954,8899.350439577083
forecast_5219,2025-08-06 11:00:00,8799.763630377363,13561.540206593605,10433.423938072234
forecast_5220,2025-08-06 12:00:00,8988.025637551013,14388.459795424835,10803.878343454879
forecast_5221,2025-08-06 13:00:00,11862.978317467478,15432.438920491964,15090.327447297446
forecast_5222,2025-08-06 14:00:00,12323.332883720035,15126.238642886598,14152.04732963946
forecast_5223,2025-08-06 15:00:00,12636.824572514668,16839.20330020986,15379.787058636428
forecast_5224,2025-08-06 16:00:00,10615.193640896623,15058.734560322277,12331.631553532829
forecast_5225,2025-08-06 17:00:00,11688.158007508631,16460.26317477306,15322.775239013565
forecast_5226,2025-08-06 18:00:00,12382.920130159424,17027.341662044993,16337.121455989987
forecast_5227,2025-08-06 19:00:00,12509.728113349807,17458.561455570158,15148.948193920289
forecast_5228,2025-08-06 20:00:00,11887.753811754286,16219.776481567973,14932.186647704344
forecast_5229,2025-08-06 21:00:00,12510.843030243876,16755.63482736764,13651.763152730398
forecast_5230,2025-08-06 22:00:00,12931.651554148504,17579.51356987637,15583.558698563644
forecast_5231,2025-08-06 23:00:00,12415.611581901137,16882.297459984737,16146.760447004224
forecast_5232,2025-08-07 00:00:00,12577.547194010442,16894.271296350824,15282.019406358371
forecast_5233,2025-08-07 01:00:00,12251.909958858549,16056.65005565944,13500.220297736407
forecast_5234,2025-08-07 02:00:00,14792.987270467685,17973.28415948854,17012.127564061535
forecast_5235,2025-08-07 03:00:00,14252.012328255661,17150.924143609962,14704.14347258996
forecast_5236,2025-08-07 04:00:00,14424.85320812225,16342.357470000275,12302.45228884434
forecast_5237,2025-08-07 05:00:00,14418.452345352207,16538.37523958489,12280.799284945895
forecast_5238,2025-08-07 06:00:00,14283.510585237364,16664.676914744603,12051.012558120694
forecast_5239,2025-08-07 07:00:00,12117.742675063964,15269.96997580486,11226.20192767059
forecast_5240,2025-08-07 08:00:00,10789.659468171762,11338.124243644757,8090.6837997601315
forecast_5241,2025-08-07 09:00:00,6492.061829761813,6832.106944629583,3973.6251840504183
forecast_5242,2025-08-07 10:00:00,3943.449404486532,3804.5239393517168,3158.764057737828
forecast_5243,2025-08-07 11:00:00,2926.341311905745,2216.048535828718,1786.6149659976052
forecast_5244,2025-08-07 12:00:00,2538.928410740534,1786.8744201291513,1660.9683861885255
forecast_5245,2025-08-07 13:00:00,1322.5544915532603,980.6210273517689,686.9068060866722
forecast_5246,2025-08-07 14:00:00,659.8542228007967,396.41974068534864,102.0907962231963
forecast_5247,2025-08-07 15:00:00,253.87925263262903,100.82162702048346,135.4493662335082
forecast_5248,2025-08-07 16:00:00,130.10719066999607,165.49666563780593,49.2297009567581
forecast_5249,2025-08-07 17:00:00,173.7291717410972,269.50064673505256,95.94964576622327
forecast_5250,2025-08-07 18:00:00,325.1492168330831,218.10328577665632,47.40478649450794
forecast_5251,2025-08-07 19:00:00,644.4577452590929,152.78792479280497,60.52328476294154
forecast_5252,2025-08-07 20:00:00,1330.576468994544,1225.4762740044819,704.0501569845583
forecast_5253,2025-08-07 21:00:00,1384.6655370950407,2303.25288766319,989.0798804344842
forecast_5254,2025-08-07 22:00:00,3860.0172122064278,3380.527197796971,1415.9977529964217
forecast_5255,2025-08-07 23:00:00,4710.527164116461,5001.550967404821,2942.1860299729574
forecast_5256,2025-08-08 00:00:00,6553.032437508131,7653.5941795613735,4425.235518591338
forecast_5257,2025-08-08 01:00:00,4526.587878574153,6562.984622846071,4444.603809134809
forecast_5258,2025-08-08 02:00:00,6155.3219335250915,5963.893069742337,4565.938612695341
forecast_5259,2025-08-08 03:00:00,6192.977159121997,5271.459017515461,4492.397946601995
forecast_5260,2025-08-08 04:00:00,4053.436421601753,2683.483357041942,3389.620627233693
forecast_5261,2025-08-08 05:00:00,2159.5420304654926,1667.7139316278483,1494.4662043504322
forecast_5262,2025-08-08 06:00:00,1836.3866937791875,1438.7988028257134,481.4286830908149
forecast_5263,2025-08-08 07:00:00,1084.463479073798,981.8837182052002,189.28217299287596
forecast_5264,2025-08-08 08:00:00,505.9365233741571,378.9074340443906,82.44723389983741
forecast_5265,2025-08-08 09:00:00,91.1752640383204,11.135721350937118,38.30570797399425
forecast_5266,2025-08-08 10:00:00,30.211680993847867,0.0,28.998746608192782
forecast_5267,2025-08-08 11:00:00,13.676928436899152,83.88834114709067,25.162706269106998
forecast_5268,2025-08-08 12:00:00,44.02844248426131,43.84032543726338,25.2998149034316
forecast_5269,2025-08-08 13:00:00,0.3304132778629252,26.077480027255255,0.0
forecast_5270,2025-08-08 14:00:00,0.0,37.82674197219396,37.513945407914036
forecast_5271,2025-08-08 15:00:00,3.357471468154604,152.34315428771845,40.04662993374945
forecast_5272,2025-08-08 16:00:00,64.64114245889735,231.0899958816191,60.50027977823743
forecast_5273,2025-08-08 17:00:00,23.947318628980412,0.0,96.80025102291036
forecast_5274,2025-08-08 18:00:00,17.350940350464242,0.0,22.81944986129634
forecast_5275,2025-08-08 19:00:00,0.39514660935667584,36.47002251219585,20.23514545717386
forecast_5276,2025-08-08 20:00:00,108.97182132342053,84.01394005380192,19.167057604156707
forecast_5277,2025-08-08 21:00:00,120.91186823090251,244.4990872663969,33.63419483717576
forecast_5278,2025-08-08 22:00:00,167.70233751633282,344.63989910113196,100.63960002757985
forecast_5279,2025-08-08 23:00:00,871.983601281348,890.3255367639348,391.04770986361535
forecast_5280,2025-08-09 00:00:00,1253.8827871427968,1002.6498882880182,723.8361804845387
forecast_5281,2025-08-09 01:00:00,404.6348078216722,327.8103148395958,226.9267945082317
forecast_5282,2025-08-09 02:00:00,750.9020453762365,1105.1197480653016,370.9826300073247
forecast_5283,2025-08-09 03:00:00,740.4626949591238,1726.0463964377734,556.2421001773305
forecast_5284,2025-08-09 04:00:00,1793.6596672736928,1520.3036723824816,1189.3888970429794
forecast_5285,2025-08-09 05:00:00,1691.4215430412287,1849.6407760453264,1488.5025742094358
forecast_5286,2025-08-09 06:00:00,1567.7877749503186,1210.3262430459952,921.5556891578382
forecast_5287,2025-08-09 07:00:00,890.2598652937883,1077.768916145846,636.5268216866451
forecast_5288,2025-08-09 08:00:00,847.1179986999558,910.4815529809139,609.0073162489131
forecast_5289,2025-08-09 09:00:00,705.8966664451783,817.0846054382206,248.2871978871387
forecast_5290,2025-08-09 10:00:00,751.4338198196751,919.4891459536988,669.4538230269848
forecast_5291,2025-08-09 11:00:00,1223.7572796666366,1798.1699520183893,1313.7970273297315
forecast_5292,2025-08-09 12:00:00,1237.0248506263192,1770.9301723392794,1149.8610560232698
forecast_5293,2025-08-09 13:00:00,766.9640727991921,1133.4755728544894,492.83819880436204
forecast_5294,2025-08-09 14:00:00,159.94749911051392,523.0847063225896,170.12712977188218
forecast_5295,2025-08-09 15:00:00,262.18988273038616,131.1382166437936,4.029567132712487
forecast_5296,2025-08-09 16:00:00,81.93057491030113,482.5054770418493,0.0
forecast_5297,2025-08-09 17:00:00,307.544931836388,310.2526665394752,263.954928705734
forecast_5298,2025-08-09 18:00:00,281.3936910196376,562.8839993662541,188.53599327906724
forecast_5299,2025-08-09 19:00:00,393.93926756780763,1195.3358566982681,542.5859942975584
forecast_5300,2025-08-09 20:00:00,1216.2066180304619,2481.7146309325594,740.179454118128
forecast_5301,2025-08-09 21:00:00,780.2729451875786,1252.5918456814559,723.4473403855237
forecast_5302,2025-08-09 22:00:00,507.10330281760946,121.27511205314518,105.86789752534382
forecast_5303,2025-08-09 23:00:00,231.19248599222578,234.03271114431243,148.742080595602
forecast_5304,2025-08-10 00:00:00,325.84194236431676,324.0249483471533,36.50693029353854
forecast_5305,2025-08-10 01:00:00,417.9635928968738,608.4792370958082,99.22891525160489
forecast_5306,2025-08-10 02:00:00,596.7820964592365,767.164914714778,62.00813262243673
forecast_5307,2025-08-10 03:00:00,612.1408115858965,897.8347728517319,74.82047930223375
forecast_5308,2025-08-10 04:00:00,938.9561012980672,956.949720007415,80.85933513084836
forecast_5309,2025-08-10 05:00:00,907.1375504851098,1012.4066265833736,137.59775420749256
forecast_5310,2025-08-10 06:00:00,1195.4398765664728,1033.3041979648863,156.49984157098976
forecast_5311,2025-08-10 07:00:00,1065.23138064084,1127.5218000256214,180.0045742862408
forecast_5312,2025-08-10 08:00:00,855.0572294301865,738.8744754868871,227.94895813691335
forecast_5313,2025-08-10 09:00:00,369.0033873742986,315.15364499269566,93.09798980984469
forecast_5314,2025-08-10 10:00:00,141.13032575235613,153.79826659322185,106.94745656670153
forecast_5315,2025-08-10 11:00:00,123.30976233814215,363.87166294465356,346.12601576292843
forecast_5316,2025-08-10 12:00:00,118.40146991277719,173.23484182202614,127.46562762393532
forecast_5317,2025-08-10 13:00:00,45.770161673259935,161.7181934399067,110.27989403516858
forecast_5318,2025-08-10 14:00:00,41.22535655161193,182.7748512847423,122.19250710450638
forecast_5319,2025-08-10 15:00:00,102.07329547037868,136.87664340073226,94.04822755892943
forecast_5320,2025-08-10 16:00:00,25.743150376684472,87.62394736797341,37.516118473499695
forecast_5321,2025-08-10 17:00:00,0.0,62.468357111930686,49.09193901989901
forecast_5322,2025-08-10 18:00:00,0.0,80.47745024439352,25.808856791550824
forecast_5323,2025-08-10 19:00:00,14.291819995960946,0.0,24.342448443747802
forecast_5324,2025-08-10 20:00:00,76.09174304526417,33.537943127246635,32.66400692343621
forecast_5325,2025-08-10 21:00:00,42.61063667218214,0.0,31.053235045278353
forecast_5326,2025-08-10 22:00:00,72.9756184195121,54.90907371116394,25.19913207661851
forecast_5327,2025-08-10 23:00:00,48.29236062509836,0.0,31.371411771087264
forecast_5328,2025-08-11 00:00:00,26.46145894748433,0.0,23.795683691579697
forecast_5329,2025-08-11 01:00:00,17.95871852092792,172.88221267002154,63.70270718778285
forecast_5330,2025-08-11 02:00:00,0.0,29.412303642531622,47.383255183368114
forecast_5331,2025-08-11 03:00:00,0.0,5.205365124220019,3.916756343959226
forecast_5332,2025-08-11 04:00:00,225.4596892097361,449.13792504506245,0.0
forecast_5333,2025-08-11 05:00:00,259.08679377057024,194.37320304661574,29.773889408736366
forecast_5334,2025-08-11 06:00:00,93.77454813035844,69.7762763559413,37.327190585040775
forecast_5335,2025-08-11 07:00:00,152.38248062528385,170.55279243813578,54.26384766550153
forecast_5336,2025-08-11 08:00:00,211.2023089493978,0.0,61.92798579449128
forecast_5337,2025-08-11 09:00:00,65.42885331472223,0.0,32.51736569909025
forecast_5338,2025-08-11 10:00:00,0.0,21.391165547551132,23.738636698773107
forecast_5339,2025-08-11 11:00:00,0.0,0.0,33.5980173496874
forecast_5340,2025-08-11 12:00:00,0.0,0.0,55.91331091839823
forecast_5341,2025-08-11 13:00:00,0.0,0.0,54.915536735349775
forecast_5342,2025-08-11 14:00:00,3.2991239495081275,0.0,78.50182838424045
forecast_5343,2025-08-11 15:00:00,0.0,7.0415132149401884,79.98422271846188
forecast_5344,2025-08-11 16:00:00,37.49266222093986,63.126602831875836,5.955304203935779
forecast_5345,2025-08-11 17:00:00,26.004752516017014,46.75707194985633,122.37659346531237
forecast_5346,2025-08-11 18:00:00,11.854755768260667,95.71793004529124,62.37161502522919
forecast_5347,2025-08-11 19:00:00,78.85671739933176,138.55629741477003,68.9642364469572
forecast_5348,2025-08-11 20:00:00,0.0,15.04498044149045,69.56642026706622
forecast_5349,2025-08-11 21:00:00,76.29962210269068,33.08373887458752,35.42146293024954
forecast_5350,2025-08-11 22:00:00,38.75530510251996,146.39406149553457,107.13037011001674
forecast_5351,2025-08-11 23:00:00,72.85453979235824,23.015102525252082,117.44940818359568
forecast_5352,2025-08-12 00:00:00,363.18427091333575,290.02708155098094,46.208786605557954
forecast_5353,2025-08-12 01:00:00,766.766092914838,314.21628969889105,87.78201094039021
forecast_5354,2025-08-12 02:00:00,962.1483455291071,434.72403502337977,256.88104768950177
forecast_5355,2025-08-12 03:00:00,2438.1336551845657,3214.2711685193135,1384.8418344415259
forecast_5356,2025-08-12 04:00:00,1744.5704233338636,1922.4121514739904,480.9666753213543
forecast_5357,2025-08-12 05:00:00,1355.9606641964851,894.6379005896101,339.1779981787413
forecast_5358,2025-08-12 06:00:00,1030.0065767809756,725.9346428990972,113.35519852844865
forecast_5359,2025-08-12 07:00:00,511.69671207734604,372.5889370728188,76.03601019913594
forecast_5360,2025-08-12 08:00:00,358.20658697074947,419.7602751270493,103.26262773291931
forecast_5361,2025-08-12 09:00:00,249.90987449253893,411.3143997282623,61.92318703115113
forecast_5362,2025-08-12 10:00:00,135.57946359081788,248.79496877222107,70.63469516487856
forecast_5363,2025-08-12 11:00:00,186.4062019878581,275.7734988572392,76.83983205462233
forecast_5364,2025-08-12 12:00:00,106.63676526516358,61.2643866135666,30.829655147677816
forecast_5365,2025-08-12 13:00:00,96.72757166406794,104.54161968363135,64.64671304715635
forecast_5366,2025-08-12 14:00:00,57.71595929418562,142.37473864952375,101.66284307081878
forecast_5367,2025-08-12 15:00:00,81.71279842635428,78.66503450172263,77.11535855622755
forecast_5368,2025-08-12 16:00:00,38.14697429187505,0.0,81.06282574028735
forecast_5369,2025-08-12 17:00:00,21.94718285154857,212.98342171206238,80.92632752676391
forecast_5370,2025-08-12 18:00:00,118.52726566008005,0.0,210.86124390161237
forecast_5371,2025-08-12 19:00:00,577.379369176952,404.46382292518604,423.45134675124706
forecast_5372,2025-08-12 20:00:00,804.0918947924595,1054.8617567411875,429.0227885061692
forecast_5373,2025-08-12 21:00:00,991.4588634539092,1977.0297055893589,447.3481627801818
forecast_5374,2025-08-12 22:00:00,1330.774557588315,1655.023785914179,892.9403940167367
forecast_5375,2025-08-12 23:00:00,1317.1991539159394,1659.2187216134853,592.8903062532116
forecast_5376,2025-08-13 00:00:00,4309.982210271194,5040.743397793816,2357.2998818896413
forecast_5377,2025-08-13 01:00:00,1171.666784528005,1360.6943374839077,979.9198907659606
forecast_5378,2025-08-13 02:00:00,1566.3429815284169,1362.969265141077,1098.3901925464259
forecast_5379,2025-08-13 03:00:00,1703.5349277634807,1787.9787660488826,935.176486332752
forecast_5380,2025-08-13 04:00:00,975.421782202386,1758.4522662420468,602.1508439104653
forecast_5381,2025-08-13 05:00:00,1252.3855617850006,1859.7593214815981,762.6837879993715
forecast_5382,2025-08-13 06:00:00,3130.8953047780383,3002.314454611834,1702.006685479231
forecast_5383,2025-08-13 07:00:00,3795.1061385464754,3649.7186075899363,2619.849647966278
forecast_5384,2025-08-13 08:00:00,4481.256615848238,5043.415407017826,3008.7897279652666
forecast_5385,2025-08-13 09:00:00,5167.116934855873,5461.437675337228,3932.363571012995
forecast_5386,2025-08-13 10:00:00,5170.157871635633,7793.297760899561,3739.8082772533817
forecast_5387,2025-08-13 11:00:00,5785.598668478137,7537.971492619126,3876.575732127913
forecast_5388,2025-08-13 12:00:00,4033.066247974651,5508.998959085385,3444.1123157599727
forecast_5389,2025-08-13 13:00:00,4789.640405504247,5589.194539608294,2742.362004113538
forecast_5390,2025-08-13 14:00:00,2897.6899582600386,5943.037336766525,3834.819288528368
forecast_5391,2025-08-13 15:00:00,4127.4221059091915,6657.692130277828,3534.891026867021
forecast_5392,2025-08-13 16:00:00,4294.050742459884,6874.55506426824,4304.479074375318
forecast_5393,2025-08-13 17:00:00,3576.877372929883,8048.843318791948,5703.638485933567
forecast_5394,2025-08-13 18:00:00,4937.754577962862,8893.4695948733,6729.371094527684
forecast_5395,2025-08-13 19:00:00,8843.940044338631,12654.99455896948,10416.342766363108
forecast_5396,2025-08-13 20:00:00,12071.581308828136,15598.643334651135,12976.084708046712
forecast_5397,2025-08-13 21:00:00,13963.194085332716,17121.207925140225,16077.431575534687
forecast_5398,2025-08-13 22:00:00,15102.330373717137,18659.378159336764,16743.161117724154
forecast_5399,2025-08-13 23:00:00,15173.619848906967,18977.81226307434,17892.582507400333
forecast_5400,2025-08-14 00:00:00,15271.742094091464,19198.778403271772,18000.7467173977
forecast_5401,2025-08-14 01:00:00,16114.244049307872,19245.7248840745,19018.152655849593
forecast_5402,2025-08-14 02:00:00,15840.40294311061,19075.034092082402,18970.73684923877
forecast_5403,2025-08-14 03:00:00,15830.14066928161,18383.92914424105,18659.72324392721
forecast_5404,2025-08-14 04:00:00,14767.976991132566,18557.752308360312,17675.748088984692
forecast_5405,2025-08-14 05:00:00,14229.57696419996,17338.31118025288,17225.623205449356
forecast_5406,2025-08-14 06:00:00,13688.970178364922,18187.997090720193,17282.713081752896
forecast_5407,2025-08-14 07:00:00,12605.609963241595,15760.234842381615,11991.214513791423
forecast_5408,2025-08-14 08:00:00,12253.2327616137,14447.477381648168,15306.011316846658
forecast_5409,2025-08-14 09:00:00,11608.897535863378,14797.512903307628,15101.704200042128
forecast_5410,2025-08-14 10:00:00,8627.57944071584,12994.148677393174,12874.171098265135
forecast_5411,2025-08-14 11:00:00,6209.121185923821,9020.051281832026,9504.01171293283
forecast_5412,2025-08-14 12:00:00,6423.993086922091,6655.257473024122,7240.428105307126
forecast_5413,2025-08-14 13:00:00,7264.34393199571,7399.852868068357,7706.517782342569
forecast_5414,2025-08-14 14:00:00,8964.183125952106,9950.078956836365,9614.971382254276
forecast_5415,2025-08-14 15:00:00,9273.072824142002,10334.183789911143,9654.040957381501
forecast_5416,2025-08-14 16:00:00,10136.906616275448,12409.983184344075,9038.829359646686
forecast_5417,2025-08-14 17:00:00,10761.161822891727,12047.894252613069,10444.711494253354
forecast_5418,2025-08-14 18:00:00,12254.302962077683,12533.805900071979,11026.8990795917
forecast_5419,2025-08-14 19:00:00,10963.371677616125,12781.082662598146,11644.114556166734
forecast_5420,2025-08-14 20:00:00,12798.453685986256,13624.808958680558,12683.091337196183
forecast_5421,2025-08-14 21:00:00,11665.093538320049,13603.85945605461,12852.488929795622
forecast_5422,2025-08-14 22:00:00,12072.093542422828,15758.64881814563,13892.451336124488
forecast_5423,2025-08-14 23:00:00,12840.968477983952,14897.387772259164,12411.5960336407
forecast_5424,2025-08-15 00:00:00,11959.460237861893,14428.082287102181,11129.349998548603
forecast_5425,2025-08-15 01:00:00,12677.353344723488,12479.246863102717,7631.076719819681
forecast_5426,2025-08-15 02:00:00,12553.895285193812,12563.007307506097,7953.6488767448645
forecast_5427,2025-08-15 03:00:00,12137.822915710862,12390.105700780969,8920.59860029367
forecast_5428,2025-08-15 04:00:00,11727.523186802753,10710.953785029602,8738.567467113518
forecast_5429,2025-08-15 05:00:00,9159.72871973763,8976.215747723872,7243.17201990207
forecast_5430,2025-08-15 06:00:00,9205.573006463055,8164.2165132665905,6576.566662249614
forecast_5431,2025-08-15 07:00:00,6468.443015689728,6474.649049139447,4333.638217167186
forecast_5432,2025-08-15 08:00:00,4200.783357018139,3345.6641656515358,2286.6317541220897
forecast_5433,2025-08-15 09:00:00,1300.8752113986154,1025.7016209811627,488.2793342886294
forecast_5434,2025-08-15 10:00:00,504.9738632855447,634.5221154126081,296.0375552530292
forecast_5435,2025-08-15 11:00:00,438.6296505295729,549.3471629852121,231.22075461901716
forecast_5436,2025-08-15 12:00:00,276.8202690440979,499.2314215289558,234.6739861607839
forecast_5437,2025-08-15 13:00:00,272.34980863658507,559.9490247719817,326.72229132713557
forecast_5438,2025-08-15 14:00:00,441.1826904169759,588.1112464395482,384.0573575647518
forecast_5439,2025-08-15 15:00:00,502.79264400517536,494.4220381262216,323.0673911526336
forecast_5440,2025-08-15 16:00:00,391.3278578233364,449.5556283311236,477.56234935270663
forecast_5441,2025-08-15 17:00:00,634.1106108727353,638.4611498535916,408.53861302396484
forecast_5442,2025-08-15 18:00:00,610.019569744606,402.93827616492166,179.10221067812935
forecast_5443,2025-08-15 19:00:00,588.2149704263355,517.7248451040821,358.01123064128376
forecast_5444,2025-08-15 20:00:00,1015.8107001691675,1049.1308522966833,722.8807973072206
forecast_5445,2025-08-15 21:00:00,1779.740877108517,2295.557830137166,1763.5172945133227
forecast_5446,2025-08-15 22:00:00,4203.8277615426605,4289.2546136016035,3601.208556316517
forecast_5447,2025-08-15 23:00:00,5997.172347376816,6579.273328053881,4895.016311434641
forecast_5448,2025-08-16 00:00:00,7704.143429763645,8267.271380977416,6027.154810953103
forecast_5449,2025-08-16 01:00:00,8643.419299478679,10012.640037910558,6426.339521055919
forecast_5450,2025-08-16 02:00:00,9363.570867774555,11583.515145123745,8005.564918440523
forecast_5451,2025-08-16 03:00:00,10164.44364386094,12539.251716382203,8143.914822799951
forecast_5452,2025-08-16 04:00:00,9441.89101493482,11623.382983650245,6512.455392936354
forecast_5453,2025-08-16 05:00:00,8883.468956503608,10608.582623679125,6363.522749693401
forecast_5454,2025-08-16 06:00:00,8594.02709788734,8876.960384704355,5365.215240101487
forecast_5455,2025-08-16 07:00:00,8871.531185340442,9431.405374241722,5807.204978181561
forecast_5456,2025-08-16 08:00:00,6553.645847161542,8398.759466071493,5703.503392258041
forecast_5457,2025-08-16 09:00:00,7122.073556776166,7788.730136459135,5125.70899573493
forecast_5458,2025-08-16 10:00:00,3682.630069814718,4387.622336418988,3130.7844838443057
forecast_5459,2025-08-16 11:00:00,4165.768086036371,4573.060551104212,3122.2353963661108
forecast_5460,2025-08-16 12:00:00,3761.2905668982075,5018.269164392428,3077.2992366399735
forecast_5461,2025-08-16 13:00:00,4350.039746229745,4993.190123078502,3630.116686514023
forecast_5462,2025-08-16 14:00:00,5136.342169927533,6112.311260949301,5397.031311979272
forecast_5463,2025-08-16 15:00:00,5496.452675168278,5357.432522938278,5521.957923051813
forecast_5464,2025-08-16 16:00:00,4909.482854684422,5146.08573491058,7073.768496184651
forecast_5465,2025-08-16 17:00:00,4902.943912327275,5644.251304074916,6954.49875393832
forecast_5466,2025-08-16 18:00:00,8085.578493717637,8715.92706566303,9251.115135139315
forecast_5467,2025-08-16 19:00:00,7868.550502712285,8796.334496435684,10178.043899251981
forecast_5468,2025-08-16 20:00:00,9790.354522966283,10159.987826621056,9067.205735812315
forecast_5469,2025-08-16 21:00:00,11688.741385586467,14231.241958800221,11302.37963534691
forecast_5470,2025-08-16 22:00:00,13852.830099416058,16138.398760819384,14261.143027968976
forecast_5471,2025-08-16 23:00:00,14377.276486590326,16144.464997614774,15212.015233154922
forecast_5472,2025-08-17 00:00:00,16664.168771504897,17068.371549592583,15027.98615210449
forecast_5473,2025-08-17 01:00:00,18222.813441984363,18808.630589341556,16734.030020338305
forecast_5474,2025-08-17 02:00:00,18589.837160370997,18971.569192503182,16169.209476091828
forecast_5475,2025-08-17 03:00:00,17063.08495960357,17581.64669516479,14997.029169465057
forecast_5476,2025-08-17 04:00:00,19998.672020714745,17934.511939662458,15825.802204181711
forecast_5477,2025-08-17 05:00:00,18601.178738959738,17628.66374455009,14857.986641972491
forecast_5478,2025-08-17 06:00:00,18535.30925149009,17023.810524622317,14946.637223079462
forecast_5479,2025-08-17 07:00:00,15399.216014520818,16610.64080974882,14241.829526855783
forecast_5480,2025-08-17 08:00:00,13247.006400190941,15215.401054470809,12217.195223341017
forecast_5481,2025-08-17 09:00:00,10203.570662813227,10715.482785070688,9112.50091215537
forecast_5482,2025-08-17 10:00:00,5457.558339218228,6488.788844736015,6555.340959727148
forecast_5483,2025-08-17 11:00:00,4298.575336304939,4801.9860195127185,3930.770872504849
forecast_5484,2025-08-17 12:00:00,3615.70507006792,2585.3563715684454,2098.9798018647425
forecast_5485,2025-08-17 13:00:00,3028.474985442252,2404.206993522338,2142.817510601134
forecast_5486,2025-08-17 14:00:00,3063.315494992309,2442.0132437707384,2089.7474948018344
forecast_5487,2025-08-17 15:00:00,3121.288490930458,2938.0360036207658,2462.2225017365854
forecast_5488,2025-08-17 16:00:00,3362.231097836972,3055.6580670729463,2806.0783959433124
forecast_5489,2025-08-17 17:00:00,3105.615164775934,2630.4424839403196,2204.3905170774347
forecast_5490,2025-08-17 18:00:00,3016.969288534017,2605.373983046931,2022.2122678396183
forecast_5491,2025-08-17 19:00:00,4939.776290764362,4123.0437600052755,3170.5628562074667
forecast_5492,2025-08-17 20:00:00,4013.53204610382,3781.1608552834996,4247.85207145929
forecast_5493,2025-08-17 21:00:00,4801.195934813886,5298.113503875852,5137.867058293861
forecast_5494,2025-08-17 22:00:00,5922.715068597134,6742.927119269699,5607.88432158264
forecast_5495,2025-08-17 23:00:00,6521.9357380201845,6235.238305326291,5519.107773482389
forecast_5496,2025-08-18 00:00:00,6792.049831347297,7436.464938961005,4794.33105942799
forecast_5497,2025-08-18 01:00:00,8001.908624414121,7499.5855924090865,5576.883384797109
forecast_5498,2025-08-18 02:00:00,7894.600957064753,7905.454288033775,5382.012289916949
forecast_5499,2025-08-18 03:00:00,10423.797167307539,9325.94675957294,6671.684340071328
forecast_5500,2025-08-18 04:00:00,7936.026445385369,8854.933504089133,5690.129123268825
forecast_5501,2025-08-18 05:00:00,9397.926924745529,10296.584129554923,6300.526761983645
forecast_5502,2025-08-18 06:00:00,10071.704645422258,11494.028630456032,7538.603593956504
forecast_5503,2025-08-18 07:00:00,9167.639802478003,10966.632179982627,6651.044342287583
forecast_5504,2025-08-18 08:00:00,7731.666183321705,10200.223093517658,5894.328577587441
forecast_5505,2025-08-18 09:00:00,9015.963951997257,10049.16966151748,5734.845417981672
forecast_5506,2025-08-18 10:00:00,6124.353473225538,7791.897274047247,4636.143725207072
forecast_5507,2025-08-18 11:00:00,7424.764921399329,9020.409218265506,4995.5874295137755
forecast_5508,2025-08-18 12:00:00,4865.221409263056,4860.445979143918,3764.9682547432717
forecast_5509,2025-08-18 13:00:00,4123.679386186091,3432.7541942294865,3317.383705277597
forecast_5510,2025-08-18 14:00:00,4851.88055376603,5315.047185592228,3597.08388753943
forecast_5511,2025-08-18 15:00:00,4643.292905210463,5131.910073626882,4125.558550507298
forecast_5512,2025-08-18 16:00:00,5301.305480880845,6015.1990164325225,5195.299720910077
forecast_5513,2025-08-18 17:00:00,3921.627389696189,6157.200482547798,6139.511136391145
forecast_5514,2025-08-18 18:00:00,5477.861176714017,6933.008115552789,6325.334390596504
forecast_5515,2025-08-18 19:00:00,7290.011707171406,8770.505527630461,7352.50365137489
forecast_5516,2025-08-18 20:00:00,8292.348122880596,9591.434258197096,9454.248080629215
forecast_5517,2025-08-18 21:00:00,10785.155522874515,12492.889092581452,8598.782360289228
forecast_5518,2025-08-18 22:00:00,12471.922163763787,15179.333710161589,10408.865256752048
forecast_5519,2025-08-18 23:00:00,12520.426573531093,15492.216246324726,12755.683106346778
forecast_5520,2025-08-19 00:00:00,12181.026395671603,15724.172020319349,14222.806489105673
forecast_5521,2025-08-19 01:00:00,11795.467277455751,15128.185624045622,15261.216177533563
forecast_5522,2025-08-19 02:00:00,12294.31236536861,16525.17789032537,14799.764904805485
forecast_5523,2025-08-19 03:00:00,11929.918035133835,16487.03227502426,13773.037877958028
forecast_5524,2025-08-19 04:00:00,11979.311363649795,16492.755189093827,15484.755422109469
forecast_5525,2025-08-19 05:00:00,13103.91975129574,17132.34667931196,16804.892715695132
forecast_5526,2025-08-19 06:00:00,12973.995107850256,16959.56422978937,17217.922136823832
forecast_5527,2025-08-19 07:00:00,12586.515284225294,16050.368688007258,14770.635548490834
forecast_5528,2025-08-19 08:00:00,12522.391677542986,15546.870135806572,14443.27671573247
forecast_5529,2025-08-19 09:00:00,12152.634758567501,15700.436645354956,14326.09799888715
forecast_5530,2025-08-19 10:00:00,10279.836892253023,13186.38864110907,12481.084238443565
forecast_5531,2025-08-19 11:00:00,8316.77820009518,10616.53659708262,11223.665210730502
forecast_5532,2025-08-19 12:00:00,8338.580011715585,9725.968398080393,10479.979857211261
forecast_5533,2025-08-19 13:00:00,5868.932487219475,8628.895442673938,8625.32428503146
forecast_5534,2025-08-19 14:00:00,5377.842272200748,5709.077332760656,6765.77628315389
forecast_5535,2025-08-19 15:00:00,5889.010328306943,7325.326067035747,7993.380927112152
forecast_5536,2025-08-19 16:00:00,6639.353979850705,6710.171161778717,9222.636310125778
forecast_5537,2025-08-19 17:00:00,6217.221755181921,6968.999687260081,9668.873716125929
forecast_5538,2025-08-19 18:00:00,6679.431092134838,7657.334257724064,8998.911388879047
forecast_5539,2025-08-19 19:00:00,8596.674149819484,10054.365497405024,10615.874865083879
forecast_5540,2025-08-19 20:00:00,11579.778574218612,13152.895125713532,13452.661379838622
forecast_5541,2025-08-19 21:00:00,11772.112676187005,15362.994934055743,14783.273453374326
forecast_5542,2025-08-19 22:00:00,13385.810794916277,17465.00377882885,15484.347952354756
forecast_5543,2025-08-19 23:00:00,11961.805456010663,17028.983631085102,12485.132383214655
forecast_5544,2025-08-20 00:00:00,13501.902271596009,18074.63104112939,16596.998869212362
forecast_5545,2025-08-20 01:00:00,12742.861645790254,17566.78678348507,16571.933827700028
forecast_5546,2025-08-20 02:00:00,13346.694474992444,17259.96727656195,16303.475726788267
forecast_5547,2025-08-20 03:00:00,13445.731397850155,17507.9085708007,16170.50301696771
forecast_5548,2025-08-20 04:00:00,13462.80192768347,17843.808185134574,17099.12132770734
forecast_5549,2025-08-20 05:00:00,13554.76372051468,17362.706655158287,17342.12061497905
forecast_5550,2025-08-20 06:00:00,13007.31181611295,16439.997595905334,16175.567433286287
forecast_5551,2025-08-20 07:00:00,11620.886787414265,14851.07041799079,14288.490315851197
forecast_5552,2025-08-20 08:00:00,10447.503401848964,13797.399737190255,14029.534529100434
forecast_5553,2025-08-20 09:00:00,6921.008764383388,9069.292859287714,8504.061287412644
forecast_5554,2025-08-20 10:00:00,7220.538094780316,8147.840292550462,5269.019186771167
forecast_5555,2025-08-20 11:00:00,5988.582067422938,6131.9752395396235,4673.331277769978
forecast_5556,2025-08-20 12:00:00,4269.49600540061,6744.625839154211,4076.692644807928
forecast_5557,2025-08-20 13:00:00,3560.182821366088,5124.251169696475,3593.8518056528474
forecast_5558,2025-08-20 14:00:00,4141.994131176954,5957.104893687154,3548.5212022637343
forecast_5559,2025-08-20 15:00:00,3361.0790219863907,4132.4155619052235,2884.630043664757
forecast_5560,2025-08-20 16:00:00,3113.990283672901,3805.3674696444496,2152.512624479272
forecast_5561,2025-08-20 17:00:00,2728.3040271866003,2868.6282829634674,3855.5667430903204
forecast_5562,2025-08-20 18:00:00,3025.7963162185574,2652.5075085877675,2501.0736562924394
forecast_5563,2025-08-20 19:00:00,3729.9858408680725,3741.6063596414315,2929.012064745546
forecast_5564,2025-08-20 20:00:00,4807.646090454246,5133.107619935949,4596.254563099561
forecast_5565,2025-08-20 21:00:00,5324.380818876721,6277.083677390389,4912.471812202247
forecast_5566,2025-08-20 22:00:00,7407.102998092581,8074.961091488187,6169.977251758086
forecast_5567,2025-08-20 23:00:00,7869.530348101342,8404.615626988701,6315.070308308771
forecast_5568,2025-08-21 00:00:00,9915.205691124895,11313.354560228754,7925.332176786845
forecast_5569,2025-08-21 01:00:00,8452.438174113573,11423.306097671502,7586.053995143311
forecast_5570,2025-08-21 02:00:00,10612.268989493617,12829.737022055317,7487.576909490776
forecast_5571,2025-08-21 03:00:00,11298.748457630087,13760.40414221831,9282.331042441157
forecast_5572,2025-08-21 04:00:00,12158.096100163395,13094.456846903788,9055.777035885647
forecast_5573,2025-08-21 05:00:00,10692.83401482227,12408.465694587148,8507.307598951922
forecast_5574,2025-08-21 06:00:00,9572.511116060898,9459.494480807189,7032.310756086982
forecast_5575,2025-08-21 07:00:00,7771.588389518111,7277.912151726573,4344.654795725039
forecast_5576,2025-08-21 08:00:00,4405.132644434061,3536.2811597469936,2574.7909868166903
forecast_5577,2025-08-21 09:00:00,734.9522405497062,1150.483839552876,1161.7273828988837
forecast_5578,2025-08-21 10:00:00,661.197879886386,739.6070642033413,537.7399454570865
forecast_5579,2025-08-21 11:00:00,524.9607388630423,473.9931775949765,383.76133841551234
forecast_5580,2025-08-21 12:00:00,233.7901867896181,262.0935228456797,69.00242243340898
forecast_5581,2025-08-21 13:00:00,127.32530172735058,215.39383011070655,29.724474809812822
forecast_5582,2025-08-21 14:00:00,128.3113636541488,79.40784804956782,26.572532296377112
forecast_5583,2025-08-21 15:00:00,26.587055309379778,0.0,15.768133978860911
forecast_5584,2025-08-21 16:00:00,51.22960962584249,0.0,25.055370836519224
forecast_5585,2025-08-21 17:00:00,87.69021675978054,159.15901753492966,13.571217763808079
forecast_5586,2025-08-21 18:00:00,253.77756210272986,112.0638778243506,72.17251999639326
forecast_5587,2025-08-21 19:00:00,6.996808158171633,209.4964159295848,95.60857070592667
forecast_5588,2025-08-21 20:00:00,191.64044596538838,215.8546274392581,182.1006858835487
forecast_5589,2025-08-21 21:00:00,369.42801787533864,735.1321552883921,640.3103740495112
forecast_5590,2025-08-21 22:00:00,1347.4199048895728,1244.0195298213396,669.188763831998
forecast_5591,2025-08-21 23:00:00,1537.5226567863833,1638.275156286853,835.116345007608
forecast_5592,2025-08-22 00:00:00,1964.7867545400684,1339.2773774761577,793.3521809487479
forecast_5593,2025-08-22 01:00:00,1392.1061573966522,1419.3330617005606,1184.1360282857165
forecast_5594,2025-08-22 02:00:00,1837.8838002689045,1780.4631098433738,1924.866383471473
forecast_5595,2025-08-22 03:00:00,3494.151583797816,2998.028844751987,1988.4820311544674
forecast_5596,2025-08-22 04:00:00,5612.087635111223,5499.370310479297,3735.408213352244
forecast_5597,2025-08-22 05:00:00,6990.42990892487,7820.697303236495,4858.305361840708
forecast_5598,2025-08-22 06:00:00,8665.421571074621,9259.885064055401,5172.643359846397
forecast_5599,2025-08-22 07:00:00,8496.14234912681,10050.04635131542,4609.057602846172
forecast_5600,2025-08-22 08:00:00,7894.722739746604,9364.59049626923,4650.713874905634
forecast_5601,2025-08-22 09:00:00,5606.481323347652,6168.399206123721,3440.405529791834
forecast_5602,2025-08-22 10:00:00,3409.666708356227,3292.5308198505654,2510.2480111438826
forecast_5603,2025-08-22 11:00:00,2435.681944980102,2584.3551220187046,2155.9479036950083
forecast_5604,2025-08-22 12:00:00,1797.230016888484,1766.716704919903,1588.6074907247103
forecast_5605,2025-08-22 13:00:00,1551.9355784070162,1550.7154108171599,2770.0794090077334
forecast_5606,2025-08-22 14:00:00,1441.422793765114,2364.752867543561,2559.3304733111627
forecast_5607,2025-08-22 15:00:00,1830.8657532870702,2798.085056533307,2655.4012822556333
forecast_5608,2025-08-22 16:00:00,2355.373463659187,3303.317819581681,2837.4194253131136
forecast_5609,2025-08-22 17:00:00,3305.634422346679,3962.2211173007117,3530.416433660086
forecast_5610,2025-08-22 18:00:00,3842.8819983749468,3999.994462535123,3407.906604805663
forecast_5611,2025-08-22 19:00:00,4227.289739836792,5008.917138416009,4821.077758371935
forecast_5612,2025-08-22 20:00:00,5804.7894056499335,5916.070240198917,5249.187889036373
forecast_5613,2025-08-22 21:00:00,8652.345199873427,9152.647589323546,8016.60502824227
forecast_5614,2025-08-22 22:00:00,11656.694225478077,13059.92076327113,9529.819643600496
forecast_5615,2025-08-22 23:00:00,12481.089131103841,14612.983179638695,10349.870643094373
forecast_5616,2025-08-23 00:00:00,13990.959691160406,15097.51553524054,10881.888597860812
forecast_5617,2025-08-23 01:00:00,13550.36413130071,14595.413803974709,10234.444382139058
forecast_5618,2025-08-23 02:00:00,12731.305462638049,14037.61427441893,9740.982416240382
forecast_5619,2025-08-23 03:00:00,12490.41408844101,12120.328823354339,9955.939390764088
forecast_5620,2025-08-23 04:00:00,12334.283213830053,10622.469110830212,9480.102802747253
forecast_5621,2025-08-23 05:00:00,8091.064146507481,8889.2805824209,5949.207201388677
forecast_5622,2025-08-23 06:00:00,7653.869431730812,6453.872502217559,4846.711988389794
forecast_5623,2025-08-23 07:00:00,6057.763971481343,4511.19326130613,3855.6108846437373
forecast_5624,2025-08-23 08:00:00,3002.9025685653282,1814.6064629397154,1652.9895695956075
forecast_5625,2025-08-23 09:00:00,1437.8263704055707,979.5567774711388,726.969362740211
forecast_5626,2025-08-23 10:00:00,210.35964327532545,160.23013791848885,160.84861651578078
forecast_5627,2025-08-23 11:00:00,150.16978072420292,45.458952938521676,69.47758076838565
forecast_5628,2025-08-23 12:00:00,45.37119227528537,77.47474251965353,23.75897223531413
forecast_5629,2025-08-23 13:00:00,38.93669379585214,138.75455776952472,32.26338291713179
forecast_5630,2025-08-23 14:00:00,34.408383714167,366.6029539072559,31.4611715986499
forecast_5631,2025-08-23 15:00:00,123.05659365915731,102.78772759160437,23.672524806060125
forecast_5632,2025-08-23 16:00:00,29.557202837235124,93.14517660629333,23.730473544286486
forecast_5633,2025-08-23 17:00:00,0.0,0.0,33.50552552561543
forecast_5634,2025-08-23 18:00:00,147.79690829050432,183.14775777174364,57.455408906787994
forecast_5635,2025-08-23 19:00:00,170.0092828020523,268.36440776426684,91.76153205672117
forecast_5636,2025-08-23 20:00:00,492.05502417602054,286.4972548232865,347.61054374232896
forecast_5637,2025-08-23 21:00:00,1889.9957839429044,1026.1368306981315,1166.03872373853
forecast_5638,2025-08-23 22:00:00,2252.292852568792,1540.1529524410448,1401.5968143401462
forecast_5639,2025-08-23 23:00:00,2248.1543436648826,1893.959832870491,1676.8840585199127
forecast_5640,2025-08-24 00:00:00,2081.422151670343,1898.5649476012215,1828.3189283805436
forecast_5641,2025-08-24 01:00:00,1619.0386394612558,1568.1436820320603,1047.8787072388334
forecast_5642,2025-08-24 02:00:00,1610.0335977934744,1445.9215084890923,830.4312893667006
forecast_5643,2025-08-24 03:00:00,1454.7922342480258,1276.5569228647428,860.1381040325531
forecast_5644,2025-08-24 04:00:00,1009.6766433105036,635.8771861335172,768.3385703566274
forecast_5645,2025-08-24 05:00:00,423.275419783063,394.901747879858,322.72160290798706
forecast_5646,2025-08-24 06:00:00,703.5518202350568,336.0435164990287,528.4783637552447
forecast_5647,2025-08-24 07:00:00,624.5481981186787,497.0840449368634,392.93361169393944
forecast_5648,2025-08-24 08:00:00,264.4370825818878,139.35947757575602,272.2505737400925
forecast_5649,2025-08-24 09:00:00,218.19840610717225,121.18365159362274,37.82586308020405
forecast_5650,2025-08-24 10:00:00,143.5168436279961,0.0,21.215978931174345
forecast_5651,2025-08-24 11:00:00,126.49905120525672,0.0,21.810326703733296
forecast_5652,2025-08-24 12:00:00,145.64656553902202,71.92067211409532,118.85445282579066
forecast_5653,2025-08-24 13:00:00,193.73974211043026,171.54002941148877,129.7686447268443
forecast_5654,2025-08-24 14:00:00,244.26491604843736,329.14203981103987,216.83972408391392
forecast_5655,2025-08-24 15:00:00,501.04549471928726,191.6069542680765,450.0383365957673
forecast_5656,2025-08-24 16:00:00,1228.0156906198126,502.940118924434,597.7440411111038
forecast_5657,2025-08-24 17:00:00,472.7342603107311,446.98228876415243,428.08615746779526
forecast_5658,2025-08-24 18:00:00,1124.151515589919,587.3517703610955,568.3130252634271
forecast_5659,2025-08-24 19:00:00,1674.7695719681321,1219.6078221890295,1237.9793139028636
forecast_5660,2025-08-24 20:00:00,1682.5416702885282,1135.4053104759216,990.3361182922374
forecast_5661,2025-08-24 21:00:00,1903.9987533382541,1513.5818893827645,747.0657481272493
forecast_5662,2025-08-24 22:00:00,2023.0973899474488,1618.2863231536408,1127.2835969259763
forecast_5663,2025-08-24 23:00:00,1621.1397721785847,1375.011258588603,1141.1182358182357
forecast_5664,2025-08-25 00:00:00,1395.3981449527657,1131.9245297083519,1075.6226106875638
forecast_5665,2025-08-25 01:00:00,1631.3105143926753,1274.793184744775,838.5859306945656
forecast_5666,2025-08-25 02:00:00,1614.7444585148464,1714.2089220643807,1339.1738603213041
forecast_5667,2025-08-25 03:00:00,2340.800110522377,1713.941294016115,1873.1806056453065
forecast_5668,2025-08-25 04:00:00,2320.2388208440775,1630.295265292702,1565.1512858308477
forecast_5669,2025-08-25 05:00:00,2026.2768183060753,1470.9967218913048,1589.0980364351794
forecast_5670,2025-08-25 06:00:00,1947.1956222791218,1563.8521925705743,1855.1830808814948
forecast_5671,2025-08-25 07:00:00,2100.7530019680694,1565.0610606139712,2407.0000196164156
forecast_5672,2025-08-25 08:00:00,1799.8793706871143,1411.724438970069,1612.7373387144614
forecast_5673,2025-08-25 09:00:00,1048.2158084123498,747.5137924219841,499.40156583292304
forecast_5674,2025-08-25 10:00:00,500.2691571513428,312.89287826651156,557.8301773591805
forecast_5675,2025-08-25 11:00:00,1063.690733570007,582.3315981931726,769.8648836231748
forecast_5676,2025-08-25 12:00:00,780.9487937588334,744.6432497558346,1001.922476350827
forecast_5677,2025-08-25 13:00:00,1770.3938455347206,1245.4291935017077,1310.9511548835799
forecast_5678,2025-08-25 14:00:00,1926.4194223035927,1082.2398086990452,1346.2202758640283
forecast_5679,2025-08-25 15:00:00,2285.7106765431317,2010.8344829397897,1801.8708157764215
forecast_5680,2025-08-25 16:00:00,2959.781096967702,1326.7588911988369,2047.4502403519316
forecast_5681,2025-08-25 17:00:00,3812.3738339515817,2523.547243954005,2838.7585214113633
forecast_5682,2025-08-25 18:00:00,2651.276618398482,3830.363067063175,2652.6897129042663
forecast_5683,2025-08-25 19:00:00,4576.836215407507,5932.342131921134,4512.147382506224
forecast_5684,2025-08-25 20:00:00,5695.3497866121215,7606.18664591549,5440.005079398318
forecast_5685,2025-08-25 21:00:00,7494.753375925873,8993.793476574176,6950.319535918955
forecast_5686,2025-08-25 22:00:00,8874.429311522626,11081.636006905625,8306.098791554881
forecast_5687,2025-08-25 23:00:00,9399.556283136624,13504.43955330524,11128.901935862665
forecast_5688,2025-08-26 00:00:00,10284.77586344845,15411.006775265461,11676.80596443175
forecast_5689,2025-08-26 01:00:00,11478.243503608002,15264.831374906398,12057.810360505895
forecast_5690,2025-08-26 02:00:00,11815.436389894414,16417.95422603871,13475.803874423624
forecast_5691,2025-08-26 03:00:00,12149.9324673351,16588.94138647994,14730.205458435492
forecast_5692,2025-08-26 04:00:00,12432.274594066448,16683.125230502104,15234.976828433748
forecast_5693,2025-08-26 05:00:00,11537.397176803966,15355.21859340383,15355.511551624208
forecast_5694,2025-08-26 06:00:00,11788.637377155175,16236.35365226331,15538.944763967493
forecast_5695,2025-08-26 07:00:00,10461.823890390244,15148.322591769853,14661.397698718383
forecast_5696,2025-08-26 08:00:00,9777.617560616038,14498.6487130935,13263.509151302931
forecast_5697,2025-08-26 09:00:00,11401.852136506815,15131.224823929755,14933.58731228606
forecast_5698,2025-08-26 10:00:00,9097.351021800598,13850.816603350624,14208.603723320883
forecast_5699,2025-08-26 11:00:00,9258.775988372794,13587.450721155057,12631.694706776245
forecast_5700,2025-08-26 12:00:00,8196.470572551003,11589.56537795534,11732.314947637758
forecast_5701,2025-08-26 13:00:00,10124.916591214582,14577.001197107302,14096.531644186258
forecast_5702,2025-08-26 14:00:00,8928.291184471893,12729.468882681243,14020.331831846375
forecast_5703,2025-08-26 15:00:00,9466.619966629962,13206.028232410958,13668.14616147909
forecast_5704,2025-08-26 16:00:00,7475.701980620647,9698.065946690484,9386.21114367044
forecast_5705,2025-08-26 17:00:00,9310.116344474985,10998.305050855386,10518.588216327491
forecast_5706,2025-08-26 18:00:00,10247.120339494788,11253.555140888231,10191.830322465454
forecast_5707,2025-08-26 19:00:00,9419.575197180944,10027.239295656685,7782.870210701024
forecast_5708,2025-08-26 20:00:00,6577.914225657155,6592.632572626289,6452.430407584443
forecast_5709,2025-08-26 21:00:00,7640.074115208349,7980.376195973755,6667.2412988615115
forecast_5710,2025-08-26 22:00:00,9535.916134229896,10733.515035397786,6837.129409384926
forecast_5711,2025-08-26 23:00:00,8855.688247239237,11373.43238120504,5191.12807649549
forecast_5712,2025-08-27 00:00:00,7896.5650626225415,9357.611164212543,5334.29047110938
forecast_5713,2025-08-27 01:00:00,6283.118012689804,8069.488921867613,4641.590824157179
forecast_5714,2025-08-27 02:00:00,5612.783021119961,6309.810447267929,3111.414527491029
forecast_5715,2025-08-27 03:00:00,5258.487021594294,3965.82502360265,2321.140359074567
forecast_5716,2025-08-27 04:00:00,3770.1310677596507,2770.897656753547,1663.7229223954898
forecast_5717,2025-08-27 05:00:00,1448.1332596062075,1092.7544371536057,551.6883801344069
forecast_5718,2025-08-27 06:00:00,932.8928388828258,542.5624881452457,215.18374681087505
forecast_5719,2025-08-27 07:00:00,42.939021953179505,209.79416730340876,41.43943526934937
forecast_5720,2025-08-27 08:00:00,223.14435683417054,102.76733926827313,22.71008886922971
forecast_5721,2025-08-27 09:00:00,0.0,136.31312414108575,54.59312994461738
forecast_5722,2025-08-27 10:00:00,24.73331578042335,194.8379800776997,26.441252208639312
forecast_5723,2025-08-27 11:00:00,4.747090727744142,197.0360456034978,24.371775191884886
forecast_5724,2025-08-27 12:00:00,202.35017004809671,198.22462244144612,33.02449922544605
forecast_5725,2025-08-27 13:00:00,343.97640192031247,391.0546335240849,196.5919471948365
forecast_5726,2025-08-27 14:00:00,450.65994910554195,636.6796107706248,229.9919028408113
forecast_5727,2025-08-27 15:00:00,387.30268845523557,419.2067482048047,161.3478447678984
forecast_5728,2025-08-27 16:00:00,388.4916175662294,590.8185972333986,475.07193709556327
forecast_5729,2025-08-27 17:00:00,327.13286850502084,355.4230372266826,494.1676912560484
forecast_5730,2025-08-27 18:00:00,357.6500965115003,160.34287741954563,177.6786397396011
forecast_5731,2025-08-27 19:00:00,315.98184057878524,447.4703357159855,249.53170448359344
forecast_5732,2025-08-27 20:00:00,301.7278943959146,473.55868761610856,234.83924745121627
forecast_5733,2025-08-27 21:00:00,472.20403713699443,594.6677767940694,216.7210928041654
forecast_5734,2025-08-27 22:00:00,475.8273802293369,566.9575352634438,201.94865400127284
forecast_5735,2025-08-27 23:00:00,621.9048279723581,726.7440931505736,31.400333263517755
forecast_5736,2025-08-28 00:00:00,710.7873469647543,681.1021685970281,163.86184240207092
forecast_5737,2025-08-28 01:00:00,997.5711131099187,951.324990789291,276.63565207272654
forecast_5738,2025-08-28 02:00:00,1095.7557261164272,1272.6660053048238,430.7219526329494
forecast_5739,2025-08-28 03:00:00,1334.3823110548376,1235.5349212171548,458.27320859426965
forecast_5740,2025-08-28 04:00:00,1460.8329580096981,1352.9289485344266,442.33518040822815
forecast_5741,2025-08-28 05:00:00,1747.8305834478226,1326.1159332432849,1537.9736296535496
forecast_5742,2025-08-28 06:00:00,2625.763933028802,1949.8456157251537,1646.1419641670902
forecast_5743,2025-08-28 07:00:00,2844.7013168187327,2331.117715459709,1647.8208138024231
forecast_5744,2025-08-28 08:00:00,1748.0328250027442,1509.0371151711875,685.0025157116316
forecast_5745,2025-08-28 09:00:00,2169.517103965369,2097.72443020111,808.1193009956272
forecast_5746,2025-08-28 10:00:00,962.6630942173726,1181.7958600020431,926.7412414218579
forecast_5747,2025-08-28 11:00:00,933.0556715909324,963.8662766124751,1282.6686782740683
forecast_5748,2025-08-28 12:00:00,2105.310984208977,1124.6542923895597,1234.140164977933
forecast_5749,2025-08-28 13:00:00,2845.8967305706337,1419.0279201303358,1108.8528903307592
forecast_5750,2025-08-28 14:00:00,2197.7310406328247,1854.1336937066985,1430.9530840401537
forecast_5751,2025-08-28 15:00:00,2528.594426975051,2392.854110862929,1427.5355267591638
forecast_5752,2025-08-28 16:00:00,2558.2710110110665,3611.2442246193186,2089.101966298304
forecast_5753,2025-08-28 17:00:00,3167.291734846445,4970.641895992177,2600.346374905632
forecast_5754,2025-08-28 18:00:00,3333.6848999814247,5057.9654054566345,3508.775000866117
forecast_5755,2025-08-28 19:00:00,3963.0116407281484,6358.820422483903,4172.389193734917
forecast_5756,2025-08-28 20:00:00,5736.8857234339375,7639.66399068356,5495.777855807735
forecast_5757,2025-08-28 21:00:00,6930.89629928114,9512.069370692838,5587.366328352784
forecast_5758,2025-08-28 22:00:00,9396.759761155785,12186.821279982767,8016.306462409049
forecast_5759,2025-08-28 23:00:00,9842.442022796575,13459.629308488757,10320.37143303101
forecast_5760,2025-08-29 00:00:00,11611.496236584613,16345.039235334283,13919.187312329637
forecast_5761,2025-08-29 01:00:00,13690.06803253139,17421.461052330174,15412.498937416085
forecast_5762,2025-08-29 02:00:00,14067.540092897989,17788.71961463824,16704.1152991504
forecast_5763,2025-08-29 03:00:00,14145.865944999341,18230.48593012033,16617.763795723826
forecast_5764,2025-08-29 04:00:00,14600.509640578817,18468.862338073424,17147.22174867551
forecast_5765,2025-08-29 05:00:00,14468.747850901338,18677.28577931004,16801.066853240038
forecast_5766,2025-08-29 06:00:00,15310.72065872431,18844.283057419227,16977.26683846249
forecast_5767,2025-08-29 07:00:00,14738.958897063174,18460.919865094223,17006.483059448674
forecast_5768,2025-08-29 08:00:00,13807.061274591098,18064.020546117852,15460.379162837988
forecast_5769,2025-08-29 09:00:00,12562.796849255321,16576.65631143443,13646.253538182591
forecast_5770,2025-08-29 10:00:00,11549.567963835256,15119.372789051533,12540.254339645726
forecast_5771,2025-08-29 11:00:00,10275.304254626497,13262.96641140968,12374.88073516668
forecast_5772,2025-08-29 12:00:00,8859.83686832514,10666.365244834673,10748.186306553398
forecast_5773,2025-08-29 13:00:00,7358.8450963358255,9206.613419123021,8982.393844225091
forecast_5774,2025-08-29 14:00:00,6667.572672277178,8569.191372088624,9761.337075261117
forecast_5775,2025-08-29 15:00:00,7227.376512365306,8809.789118346116,9844.016559088663
forecast_5776,2025-08-29 16:00:00,6096.916900969307,7564.587353057209,9929.357869932017
forecast_5777,2025-08-29 17:00:00,6102.602919703358,6773.032335468179,8324.037376112674
forecast_5778,2025-08-29 18:00:00,5815.268870395737,6349.226549113837,6664.133882175457
forecast_5779,2025-08-29 19:00:00,8155.814565347992,8444.75000118107,8002.411594292727
forecast_5780,2025-08-29 20:00:00,10170.107990210157,9817.545443452349,8499.718429562274
forecast_5781,2025-08-29 21:00:00,10779.558253785508,11727.769518054758,8009.706590004828
forecast_5782,2025-08-29 22:00:00,12168.203892631564,14356.987719428882,8845.595397841897
forecast_5783,2025-08-29 23:00:00,11776.442527120642,14088.315121214378,9651.26313680725
forecast_5784,2025-08-30 00:00:00,11983.305378167295,14953.001996598534,8878.173277938704
forecast_5785,2025-08-30 01:00:00,11295.888469867057,14270.30804367343,9035.714849244878
forecast_5786,2025-08-30 02:00:00,11750.07620914412,13868.356239894003,8431.201992156706
forecast_5787,2025-08-30 03:00:00,10333.84115251262,11976.403007197816,8276.114761480569
forecast_5788,2025-08-30 04:00:00,10156.117678925611,11278.67362622809,7279.134693752533
forecast_5789,2025-08-30 05:00:00,9632.213202105708,10980.050089802498,6892.705227925026
forecast_5790,2025-08-30 06:00:00,9548.402004324924,9326.543519430721,6253.219077294476
forecast_5791,2025-08-30 07:00:00,7842.715366828322,8181.490766670437,5957.04512469921
forecast_5792,2025-08-30 08:00:00,7271.651424196195,7548.952534113734,4482.324726856887
forecast_5793,2025-08-30 09:00:00,5304.664319572301,4000.247733830969,2595.7742986952717
forecast_5794,2025-08-30 10:00:00,3146.122597002683,2585.827603856844,1636.7102095608795
forecast_5795,2025-08-30 11:00:00,2228.329074018248,1115.570051989776,1440.400502844009
forecast_5796,2025-08-30 12:00:00,2027.1400440025227,851.5390265650649,1426.9760390302547
forecast_5797,2025-08-30 13:00:00,1586.779369274774,1201.6378368824055,1842.041612847697
forecast_5798,2025-08-30 14:00:00,1296.0384875256664,960.0809149458877,1573.162456781808
forecast_5799,2025-08-30 15:00:00,1630.9080667070932,1258.2922891786006,1613.1634784036173
forecast_5800,2025-08-30 16:00:00,2242.9502479941643,1715.1107426981616,1634.559101042545
forecast_5801,2025-08-30 17:00:00,1623.4803221131424,1196.450969888791,1360.600574623712
forecast_5802,2025-08-30 18:00:00,2639.6789200423295,1336.5403864400726,1641.842594595334
forecast_5803,2025-08-30 19:00:00,3205.583343645765,2028.9558914376755,1504.5432041398672
forecast_5804,2025-08-30 20:00:00,3633.5418502696066,2257.313589558422,1529.8491255357362
forecast_5805,2025-08-30 21:00:00,3465.0363061394737,2607.060951485733,1547.9556502057603
forecast_5806,2025-08-30 22:00:00,4412.756034773077,3741.32994782488,2288.8900319885715
forecast_5807,2025-08-30 23:00:00,3596.604131109711,2856.9511663219328,2185.514926867154
forecast_5808,2025-08-31 00:00:00,3897.809046153869,3004.518564313897,2263.2164371303343
forecast_5809,2025-08-31 01:00:00,4952.295354138777,5019.738857674125,2132.657021873763
forecast_5810,2025-08-31 02:00:00,5333.789008872211,5555.470159420479,2623.5823084877275
forecast_5811,2025-08-31 03:00:00,5365.67586066512,5362.055535097508,2799.207957635587
forecast_5812,2025-08-31 04:00:00,5584.783179970024,5001.608519196268,2479.9439449915913
forecast_5813,2025-08-31 05:00:00,3521.5847974728244,2402.5573651895697,1943.7834249271873
forecast_5814,2025-08-31 06:00:00,1664.3356112442532,1385.904900458798,265.8045951710634
forecast_5815,2025-08-31 07:00:00,1580.313480597516,1275.4078337999233,225.08367173013727
forecast_5816,2025-08-31 08:00:00,1016.5338232946274,1102.416440781221,282.1655521218526
forecast_5817,2025-08-31 09:00:00,377.56373790276604,336.2082900269525,80.4216726026318
forecast_5818,2025-08-31 10:00:00,203.78149677269056,124.8860842871366,99.88485652300288
forecast_5819,2025-08-31 11:00:00,287.94769761153475,229.62150342075387,198.8536096739732
forecast_5820,2025-08-31 12:00:00,605.1173505079181,1115.3932329566917,792.9988225681641
forecast_5821,2025-08-31 13:00:00,1285.416018460236,1517.541952865903,1309.3473895842064
forecast_5822,2025-08-31 14:00:00,1916.179413132187,2998.820271654557,2050.191318721224
forecast_5823,2025-08-31 15:00:00,2400.560490689349,4777.688003944233,2565.4028116407067
forecast_5824,2025-08-31 16:00:00,2146.6365532850864,4239.7597207271165,2950.9852726222125
forecast_5825,2025-08-31 17:00:00,2674.7900159475303,3695.1580500451496,2803.1370616980003
forecast_5826,2025-08-31 18:00:00,3438.3219060620386,4591.553350129109,3136.6804783317307
forecast_5827,2025-08-31 19:00:00,5128.5750723989395,6232.5673432208605,4260.744037093429
forecast_5828,2025-08-31 20:00:00,6875.697040144447,7263.062601856267,4885.386636622124
forecast_5829,2025-08-31 21:00:00,6728.812608956832,7900.672602206608,5158.00134648368
forecast_5830,2025-08-31 22:00:00,7560.56460453948,9702.928467306676,5749.165099905726
forecast_5831,2025-08-31 23:00:00,7559.711053029682,10592.599574825961,6156.243599647283
forecast_5832,2025-09-01 00:00:00,8220.074290508677,10230.96292648359,6108.8195568600395
forecast_5833,2025-09-01 01:00:00,10444.456243755818,13739.648317616393,6912.305862180567
forecast_5834,2025-09-01 02:00:00,8956.01067111559,12852.701025245844,7311.061067477273
forecast_5835,2025-09-01 03:00:00,9482.326544432695,13120.105685068642,8694.931214047117
forecast_5836,2025-09-01 04:00:00,10196.335884780206,14044.468411701037,11675.574611655196
forecast_5837,2025-09-01 05:00:00,10879.92642497975,13733.160584339434,11730.974896550239
forecast_5838,2025-09-01 06:00:00,10533.806681577926,13103.543612069754,9559.345981447283
forecast_5839,2025-09-01 07:00:00,9174.71893036031,12659.976514750206,9640.031377812942
forecast_5840,2025-09-01 08:00:00,6375.219446817844,10543.466330011319,7170.633311896045
forecast_5841,2025-09-01 09:00:00,4875.621944531152,8522.268097721635,6188.171659255595
forecast_5842,2025-09-01 10:00:00,4455.670637124045,7215.182885606763,5565.2819574060095
forecast_5843,2025-09-01 11:00:00,3622.3501778774735,5037.390030681975,5177.686972872894
forecast_5844,2025-09-01 12:00:00,3484.162825188125,6404.709678270301,4838.683072515063
forecast_5845,2025-09-01 13:00:00,3784.5096966998844,6987.658928583971,4492.221911015033
forecast_5846,2025-09-01 14:00:00,4514.167158164044,6433.054978623712,4124.748812422059
forecast_5847,2025-09-01 15:00:00,4664.033796083223,7519.61383775512,6200.062528615675
forecast_5848,2025-09-01 16:00:00,4473.930735802929,6730.345125071897,5890.520011760233
forecast_5849,2025-09-01 17:00:00,4180.812810212997,6673.813910889217,5876.54133576149
forecast_5850,2025-09-01 18:00:00,4824.1828518651,6529.35227289039,5195.219062478026
forecast_5851,2025-09-01 19:00:00,4631.848521916254,6243.268733069887,4837.965781347576
forecast_5852,2025-09-01 20:00:00,5055.2906207280175,5948.491348555436,3873.376197274773
forecast_5853,2025-09-01 21:00:00,5521.524490941918,5867.401223754263,2997.5560184765395
forecast_5854,2025-09-01 22:00:00,7052.58199329554,7254.6981357099985,4899.4601666291055
forecast_5855,2025-09-01 23:00:00,7913.050489234194,9860.172611087071,5580.868748916492
forecast_5856,2025-09-02 00:00:00,6742.214109985313,9572.38224317906,6080.997793199222
forecast_5857,2025-09-02 01:00:00,9580.201110584605,11977.903445314909,8723.418266188515
forecast_5858,2025-09-02 02:00:00,7961.555965273767,11969.448475435493,8199.192613039286
forecast_5859,2025-09-02 03:00:00,9555.329832600519,11790.006630156624,7919.80642488769
forecast_5860,2025-09-02 04:00:00,7612.28616944891,9558.933454456985,7367.37723053512
forecast_5861,2025-09-02 05:00:00,6837.382957014219,7314.499099469683,6718.748938751922
forecast_5862,2025-09-02 06:00:00,6527.85653702264,7588.511368655832,5942.302113204995
forecast_5863,2025-09-02 07:00:00,5278.755809919702,5620.759033442925,4407.849449227747
forecast_5864,2025-09-02 08:00:00,4253.895234700354,4439.272952828459,3265.500207333487
forecast_5865,2025-09-02 09:00:00,4158.807211029099,3421.2877227058307,2543.9765894556876
forecast_5866,2025-09-02 10:00:00,2558.8927267101035,2626.5924783151695,1384.287616345256
forecast_5867,2025-09-02 11:00:00,2615.12357063758,1753.036922377247,1813.1120123534663
forecast_5868,2025-09-02 12:00:00,1650.755118717967,1534.4249205686956,1897.6477925026925
forecast_5869,2025-09-02 13:00:00,1340.5713747877614,1493.9644210986369,1749.0328748362817
forecast_5870,2025-09-02 14:00:00,443.4438143536818,268.42202313259907,25.699785842301377
forecast_5871,2025-09-02 15:00:00,87.96836448361162,196.25338011214964,44.425151528014304
forecast_5872,2025-09-02 16:00:00,150.66033796764017,81.06692780827856,1.6216949100880298
forecast_5873,2025-09-02 17:00:00,27.08624835690147,0.0,7.899515788001179
forecast_5874,2025-09-02 18:00:00,0.0,39.111776500267524,25.903450016922033
forecast_5875,2025-09-02 19:00:00,0.0,117.77578010351316,9.537270931312898
forecast_5876,2025-09-02 20:00:00,73.52849758581392,0.0,25.882830067781647
forecast_5877,2025-09-02 21:00:00,117.51767380180249,64.60690920160201,25.002256771482298
forecast_5878,2025-09-02 22:00:00,68.17579274165492,10.867707435083124,30.405179659235444
forecast_5879,2025-09-02 23:00:00,416.8623862434168,551.0053465151337,101.74720495732227
forecast_5880,2025-09-03 00:00:00,40.20554691365686,75.91802194284219,22.87218871910499
forecast_5881,2025-09-03 01:00:00,61.83285341928171,59.250524845395034,90.47718490314749
forecast_5882,2025-09-03 02:00:00,110.49718159589366,388.66905735537017,43.92452888950237
forecast_5883,2025-09-03 03:00:00,211.95374102449497,259.36298694443184,35.30001317561831
forecast_5884,2025-09-03 04:00:00,260.1143228732808,78.07809110767454,118.25921217226555
forecast_5885,2025-09-03 05:00:00,103.49906213392299,185.44097444607502,27.86957514880311
forecast_5886,2025-09-03 06:00:00,58.38444250706776,54.07655162731859,23.551927569118245
forecast_5887,2025-09-03 07:00:00,11.536398426619922,91.9348814617864,21.45588286494176
forecast_5888,2025-09-03 08:00:00,75.82497243073738,105.24490459728956,33.29231678972196
forecast_5889,2025-09-03 09:00:00,33.61754931341753,210.7073071451201,82.55600043566476
forecast_5890,2025-09-03 10:00:00,38.480027109491296,13.840004787346613,24.864725014757738
forecast_5891,2025-09-03 11:00:00,213.44215758730743,169.2119868984803,30.88718727791631
forecast_5892,2025-09-03 12:00:00,203.16852102362768,144.57036014487824,179.20831889810674
forecast_5893,2025-09-03 13:00:00,178.4730293456778,439.92185888077523,69.44386306794075
forecast_5894,2025-09-03 14:00:00,199.62798260287684,363.1014129306253,268.35338802823986
forecast_5895,2025-09-03 15:00:00,144.95693408190846,124.927799435576,106.85408630134549
forecast_5896,2025-09-03 16:00:00,50.62118895042721,164.8830604411219,68.36684870346856
forecast_5897,2025-09-03 17:00:00,47.499078450869554,183.50833443714708,48.6231975971903
forecast_5898,2025-09-03 18:00:00,89.45497108393104,67.85373469166313,87.37659186463856
forecast_5899,2025-09-03 19:00:00,122.07483631821971,85.77979294621747,90.55522755298121
forecast_5900,2025-09-03 20:00:00,169.92521150177726,116.37101260887816,60.648684504086674
forecast_5901,2025-09-03 21:00:00,180.02994060173597,383.4467761302588,75.80026512128094
forecast_5902,2025-09-03 22:00:00,303.79544078691833,214.9364905206056,53.29021780821775
forecast_5903,2025-09-03 23:00:00,291.5998457231257,474.97530446268803,74.21458144303129
forecast_5904,2025-09-04 00:00:00,404.8846212371299,501.03422511961844,89.88149618107215
forecast_5905,2025-09-04 01:00:00,991.9058036341967,642.9750210207428,118.45449625501918
forecast_5906,2025-09-04 02:00:00,816.0136599709243,710.8285085626377,56.9615322812467
forecast_5907,2025-09-04 03:00:00,944.4736347739417,559.8855882456169,33.34699200373732
forecast_5908,2025-09-04 04:00:00,999.3515369445221,736.3753167042909,28.682295612798285
forecast_5909,2025-09-04 05:00:00,996.2035326094211,703.90501661103,86.16463716609928
forecast_5910,2025-09-04 06:00:00,1446.403792622279,1132.381782205523,364.4888344032883
forecast_5911,2025-09-04 07:00:00,1684.251580776319,1729.0789014685286,315.4306977139197
forecast_5912,2025-09-04 08:00:00,1034.8333693874938,1002.6373805584393,209.49321541658347
forecast_5913,2025-09-04 09:00:00,836.5490752496988,822.1370162165864,412.32525182473137
forecast_5914,2025-09-04 10:00:00,398.7054008367049,592.1629740906898,291.3171269253607
forecast_5915,2025-09-04 11:00:00,361.4917662020578,430.32739143478403,340.7385914175485
forecast_5916,2025-09-04 12:00:00,363.9059890310573,603.5383921841964,405.8748563776557
forecast_5917,2025-09-04 13:00:00,591.6484699055486,1109.7844159634765,580.7573270778064
forecast_5918,2025-09-04 14:00:00,559.0872687492839,965.5914236657411,266.4099321161821
forecast_5919,2025-09-04 15:00:00,1164.2175753305414,1183.68138777055,235.90083434415757
forecast_5920,2025-09-04 16:00:00,1855.1367260076622,1324.7862865685229,602.1069302353137
forecast_5921,2025-09-04 17:00:00,1770.1880785281435,1768.270460099857,644.8560948648554
forecast_5922,2025-09-04 18:00:00,1648.3896600054825,1670.0933850350361,489.2442313530095
forecast_5923,2025-09-04 19:00:00,1295.5134091743078,1618.4389034657886,597.1218175011386
forecast_5924,2025-09-04 20:00:00,1677.99811216674,1523.7740961430204,737.8229472148447
forecast_5925,2025-09-04 21:00:00,1866.2495831877739,1779.1900619105425,492.26818791391804
forecast_5926,2025-09-04 22:00:00,1632.9204898327127,1514.804458745905,431.3147955905623
forecast_5927,2025-09-04 23:00:00,1449.520598261723,1652.440208754772,486.48289262147483
forecast_5928,2025-09-05 00:00:00,1097.6896790529293,1339.3050512577158,427.87310791128135
forecast_5929,2025-09-05 01:00:00,1093.9480826450288,1248.583466350794,345.2786271916388
forecast_5930,2025-09-05 02:00:00,1165.704140156108,1120.6199631872994,263.57046678566684
forecast_5931,2025-09-05 03:00:00,1302.8847782266391,1529.2247872534342,268.93596838070084
forecast_5932,2025-09-05 04:00:00,1442.2891460302615,1095.1682734746596,321.3340286015373
forecast_5933,2025-09-05 05:00:00,1719.8851471665741,1606.4858662865413,513.724073428479
forecast_5934,2025-09-05 06:00:00,1815.8506999807807,2163.8363786780114,522.6915458870715
forecast_5935,2025-09-05 07:00:00,1880.5297242483216,1696.0282322116727,681.9925555686066
forecast_5936,2025-09-05 08:00:00,1508.576329597704,1548.740655234873,470.65234515461344
forecast_5937,2025-09-05 09:00:00,356.26100179719606,810.2261546237713,381.05639221247145
forecast_5938,2025-09-05 10:00:00,222.71770223219042,160.78456660621958,184.7124327830854
forecast_5939,2025-09-05 11:00:00,66.96424315956617,111.81196738623649,71.6047905890115
forecast_5940,2025-09-05 12:00:00,29.66290015131239,142.5261048745775,46.238116472250596
forecast_5941,2025-09-05 13:00:00,24.450144207170464,108.88471294316618,22.77267490819251
forecast_5942,2025-09-05 14:00:00,43.70184973801666,48.07329793015738,74.14433217530258
forecast_5943,2025-09-05 15:00:00,3.6587161193272344,79.12432028542977,63.712377434585555
forecast_5944,2025-09-05 16:00:00,26.134759018083994,0.0,5.782336996889389
forecast_5945,2025-09-05 17:00:00,31.189682598240875,89.71909739509407,33.494078194732396
forecast_5946,2025-09-05 18:00:00,271.1593330957871,487.7265252000962,214.8719521553478
forecast_5947,2025-09-05 19:00:00,360.07191019121353,417.21238345187436,193.03729191369325
forecast_5948,2025-09-05 20:00:00,536.6132625797853,611.1561081738384,174.18964679453478
forecast_5949,2025-09-05 21:00:00,786.4821322997542,1014.4426080356288,219.84155395650856
forecast_5950,2025-09-05 22:00:00,1471.7428957920522,1845.0654982619785,441.04107247566617
forecast_5951,2025-09-05 23:00:00,3110.7379682206215,3378.697321759423,1576.5475473609058
forecast_5952,2025-09-06 00:00:00,4653.448377441701,5091.424000540204,2842.7271599137057
forecast_5953,2025-09-06 01:00:00,7080.129499055421,10408.856206952792,3851.181618232403
forecast_5954,2025-09-06 02:00:00,8983.389588367494,11840.056745963973,4771.5190383774325
forecast_5955,2025-09-06 03:00:00,10270.190951217512,13774.259675749878,6203.915295362459
forecast_5956,2025-09-06 04:00:00,11482.536898461247,14069.97883370021,8492.008925268883
forecast_5957,2025-09-06 05:00:00,11339.844035650598,14178.704488768406,8712.835021252258
forecast_5958,2025-09-06 06:00:00,11610.115756397608,14144.372063250203,8688.100913214832
forecast_5959,2025-09-06 07:00:00,11047.538323879688,13837.063304330735,9991.395062923173
forecast_5960,2025-09-06 08:00:00,7789.148884533579,12050.409257654446,8865.458893049192
forecast_5961,2025-09-06 09:00:00,7175.676149267902,10197.8413819232,10459.794883477678
forecast_5962,2025-09-06 10:00:00,6694.345705445846,9641.689353485552,11274.63916519197
forecast_5963,2025-09-06 11:00:00,6670.126157177236,9902.419613285925,10693.247333335725
forecast_5964,2025-09-06 12:00:00,7422.5431663475865,10539.224349550526,11667.500881667282
forecast_5965,2025-09-06 13:00:00,8331.226326178365,12989.008734441886,12234.269482077232
forecast_5966,2025-09-06 14:00:00,8618.006347963945,13462.858679496485,11146.693290604877
forecast_5967,2025-09-06 15:00:00,10667.0632151256,15646.82298754512,13196.990416435716
forecast_5968,2025-09-06 16:00:00,9551.298335819076,11945.3159262085,12627.583927965343
forecast_5969,2025-09-06 17:00:00,10381.350951969493,13829.652803082843,12912.910961101743
forecast_5970,2025-09-06 18:00:00,10776.459022796029,15006.811902893412,13970.55798538459
forecast_5971,2025-09-06 19:00:00,11976.118098412704,16482.071741648007,14552.929113943283
forecast_5972,2025-09-06 20:00:00,11672.013080339524,16220.247493907815,14349.63283279902
forecast_5973,2025-09-06 21:00:00,12260.411752318674,15994.504971671979,13708.140251376786
forecast_5974,2025-09-06 22:00:00,12998.75853089249,17167.117816176313,15040.594595598435
forecast_5975,2025-09-06 23:00:00,13442.026266388002,16931.120135225832,14780.14903654305
forecast_5976,2025-09-07 00:00:00,14386.976326575686,18444.066860857143,14576.753557756385
forecast_5977,2025-09-07 01:00:00,15340.394776207495,18601.704822347227,15739.065154140382
forecast_5978,2025-09-07 02:00:00,14072.929003697078,17876.843931215106,15635.815534827098
forecast_5979,2025-09-07 03:00:00,13672.384986941866,17615.97939170713,15646.687976128233
forecast_5980,2025-09-07 04:00:00,13860.564581183735,17262.873423413694,14065.316328461942
forecast_5981,2025-09-07 05:00:00,14025.44753783509,15885.050056227821,14349.434631287062
forecast_5982,2025-09-07 06:00:00,11896.479375828963,14707.469207313863,12526.060332506959
forecast_5983,2025-09-07 07:00:00,11214.987232692827,14259.42192231605,13984.779089992951
forecast_5984,2025-09-07 08:00:00,11216.203444853325,13030.155219312692,12742.983789900678
forecast_5985,2025-09-07 09:00:00,8829.312146381031,11747.525276427012,8287.616718647168
forecast_5986,2025-09-07 10:00:00,8012.1336093824475,10228.003813480176,6566.472445242043
forecast_5987,2025-09-07 11:00:00,6313.961004261337,8468.36862088307,6579.352563992239
forecast_5988,2025-09-07 12:00:00,3752.8171227330567,3942.4709499045434,3263.3465248902094
forecast_5989,2025-09-07 13:00:00,2925.8084946768704,2868.520068450584,2563.5929558619005
forecast_5990,2025-09-07 14:00:00,3004.2515709735303,2856.34520180465,3714.739004439062
forecast_5991,2025-09-07 15:00:00,3292.261146346302,4038.248480486127,3934.703906015712
forecast_5992,2025-09-07 16:00:00,2286.0396439539772,2676.8350363918494,1596.4147180728476
forecast_5993,2025-09-07 17:00:00,3386.1856807840973,2407.5248902709495,2239.1231566128104
forecast_5994,2025-09-07 18:00:00,4568.917438485501,4248.743664861797,2890.907439643009
forecast_5995,2025-09-07 19:00:00,7555.349016647934,7073.4798045076195,5922.84528223821
forecast_5996,2025-09-07 20:00:00,9583.915319449965,9872.882644275543,5804.138583651455
forecast_5997,2025-09-07 21:00:00,8042.25140361713,11259.657432740307,6871.363630688351
forecast_5998,2025-09-07 22:00:00,9791.055587636725,9809.502141337554,6350.276958350942
forecast_5999,2025-09-07 23:00:00,9471.344235881594,11486.274498003764,6547.982222344304
forecast_6000,2025-09-08 00:00:00,10316.417788648256,12334.962417801478,6106.997726883863
forecast_6001,2025-09-08 01:00:00,7802.114723784705,8781.461507421453,4332.725069949198
forecast_6002,2025-09-08 02:00:00,9245.980378967146,8800.000582873134,4707.6648418281975
forecast_6003,2025-09-08 03:00:00,8183.783400123532,7073.5187441884955,3521.722246184608
forecast_6004,2025-09-08 04:00:00,7111.720781287317,5083.762764117798,3031.315051554756
forecast_6005,2025-09-08 05:00:00,5383.153722365321,4085.2705786413812,2327.181239550834
forecast_6006,2025-09-08 06:00:00,2945.3674146301664,1385.1207348452292,1342.6467133633357
forecast_6007,2025-09-08 07:00:00,706.2870089540257,567.0358679312872,247.16494745069255
forecast_6008,2025-09-08 08:00:00,75.14533765012152,172.26099965802487,108.69272315474834
forecast_6009,2025-09-08 09:00:00,0.0,33.468034095587896,27.50033137376999
forecast_6010,2025-09-08 10:00:00,0.0,0.0,21.840031935456118
forecast_6011,2025-09-08 11:00:00,0.0,78.52546701959245,31.495259963920866
forecast_6012,2025-09-08 12:00:00,13.433806255403988,106.62814108795128,33.57707361990001
forecast_6013,2025-09-08 13:00:00,42.419313510998286,61.53557088605065,56.16172084016516
forecast_6014,2025-09-08 14:00:00,81.40909686860157,0.0,82.10418677918345
forecast_6015,2025-09-08 15:00:00,112.16224724861311,0.0,136.03852091990743
forecast_6016,2025-09-08 16:00:00,879.7525338838951,1163.4517247032204,526.1643029762027
forecast_6017,2025-09-08 17:00:00,2441.652831597584,3073.205968642487,1815.8614817255534
forecast_6018,2025-09-08 18:00:00,2806.8996158841414,2438.2379451580255,1504.5171719134237
forecast_6019,2025-09-08 19:00:00,1588.600998626296,1895.8646878530872,835.2190148404636
forecast_6020,2025-09-08 20:00:00,1956.9509810675086,2365.421687769277,1079.420270398524
forecast_6021,2025-09-08 21:00:00,2486.274986660018,3061.390930250747,1460.0403043767672
forecast_6022,2025-09-08 22:00:00,2017.7400223114741,1951.7854987974088,1304.980066379358
forecast_6023,2025-09-08 23:00:00,1860.580469396832,1853.2599936526237,713.8690170040201
forecast_6024,2025-09-09 00:00:00,1467.712958221245,1332.8504140512018,626.6717057263799
forecast_6025,2025-09-09 01:00:00,1683.7699538631196,1911.659689018468,906.4602926529653
forecast_6026,2025-09-09 02:00:00,1960.6451528566893,2932.9486381351203,1224.2159905983467
forecast_6027,2025-09-09 03:00:00,1309.021400232912,1651.260432018368,767.9397087934503
forecast_6028,2025-09-09 04:00:00,987.5865573541344,1457.7948004480368,502.1985556945439
forecast_6029,2025-09-09 05:00:00,997.3855959196599,1137.7128776267157,354.2322041392622
forecast_6030,2025-09-09 06:00:00,2024.4258004045503,1977.6449971639684,731.0995759442955
forecast_6031,2025-09-09 07:00:00,2148.184617536849,1544.213457649855,708.0557891974935
forecast_6032,2025-09-09 08:00:00,1287.059173845321,1038.8044074490472,307.27005972861366
forecast_6033,2025-09-09 09:00:00,1205.720943758634,703.129357580175,159.32006105534936
forecast_6034,2025-09-09 10:00:00,1058.1658174828879,1052.7300775664305,401.626752509933
forecast_6035,2025-09-09 11:00:00,993.0723857639845,1130.4158451292753,464.4861544938916
forecast_6036,2025-09-09 12:00:00,1850.9633526178961,1748.1839595875929,806.2112780988257
forecast_6037,2025-09-09 13:00:00,1326.079535258617,971.0429846635213,667.7100822352104
forecast_6038,2025-09-09 14:00:00,999.5761229780153,489.4771680211366,512.6582035985351
forecast_6039,2025-09-09 15:00:00,1050.132271611752,522.7816574001556,591.6213009362269
forecast_6040,2025-09-09 16:00:00,994.3932706349168,502.0308664575498,537.5519320921859
forecast_6041,2025-09-09 17:00:00,1081.181809164647,739.0544054412453,550.060591846465
forecast_6042,2025-09-09 18:00:00,943.79994067506,709.754527892808,570.0461460688173
forecast_6043,2025-09-09 19:00:00,1176.2422732013788,695.9691056290648,448.3253619342396
forecast_6044,2025-09-09 20:00:00,1230.4130156994588,1183.476775842406,397.4310794674121
forecast_6045,2025-09-09 21:00:00,1207.306124795455,1081.6673119874417,413.1087164376428
forecast_6046,2025-09-09 22:00:00,1252.5265649323917,1040.2421351506412,246.37498828079038
forecast_6047,2025-09-09 23:00:00,978.1991843813831,944.5738908299724,152.47692021816414
forecast_6048,2025-09-10 00:00:00,842.0257750786891,460.70175548171875,103.1456000013797
forecast_6049,2025-09-10 01:00:00,1648.2276644779722,1364.9088879205271,437.4326563012496
forecast_6050,2025-09-10 02:00:00,1484.4343414089024,1528.6337005075568,390.97867672007396
forecast_6051,2025-09-10 03:00:00,1825.179518729799,2147.2161612782734,832.753378258472
forecast_6052,2025-09-10 04:00:00,1915.1208417970945,2090.913413786363,780.4066492424458
forecast_6053,2025-09-10 05:00:00,2146.6597310822626,2446.2211316556304,763.4195298164824
forecast_6054,2025-09-10 06:00:00,2226.490453630963,2607.810272204786,827.9505698054977
forecast_6055,2025-09-10 07:00:00,1987.5979894072657,2528.743166727097,813.4838841921255
forecast_6056,2025-09-10 08:00:00,1925.6776707910726,1997.2143679655242,666.1926950593722
forecast_6057,2025-09-10 09:00:00,1531.2652399751487,1510.1174581552632,341.2273717079096
forecast_6058,2025-09-10 10:00:00,1054.0722781648662,1095.8595112297694,310.79211254839424
forecast_6059,2025-09-10 11:00:00,1054.5487577779331,956.8771264068965,305.38788437234103
forecast_6060,2025-09-10 12:00:00,1015.5645012100996,1052.6662553511856,303.8894627014506
forecast_6061,2025-09-10 13:00:00,1020.6849322852679,1153.132529693315,452.3076060130401
forecast_6062,2025-09-10 14:00:00,902.9227517790207,1002.7543636819876,308.63223373218784
forecast_6063,2025-09-10 15:00:00,504.70507760357214,577.6483177965898,211.93166666661745
forecast_6064,2025-09-10 16:00:00,358.5127290424553,495.69088728776984,189.36521881961832
forecast_6065,2025-09-10 17:00:00,284.483110364004,407.7063841376191,206.44959347586166
forecast_6066,2025-09-10 18:00:00,721.7017866398228,855.6065597822299,244.56993637039852
forecast_6067,2025-09-10 19:00:00,1124.8409783023399,1124.8726095717557,522.213512416312
forecast_6068,2025-09-10 20:00:00,1074.2793065107398,1329.2953841630144,800.0375848081723
forecast_6069,2025-09-10 21:00:00,1294.8234795530607,2037.7088574591296,1136.0424934238672
forecast_6070,2025-09-10 22:00:00,1347.5479252593423,2092.730282586418,1185.9887053849548
forecast_6071,2025-09-10 23:00:00,1752.0325804651648,1986.4542714912984,1024.4967901144082
forecast_6072,2025-09-11 00:00:00,1837.3377950117144,2157.1932262495047,851.7852483293997
forecast_6073,2025-09-11 01:00:00,1753.5841970474416,1176.9673046882235,356.3432001593701
forecast_6074,2025-09-11 02:00:00,1919.4498272636197,1523.89943757072,345.3254021723096
forecast_6075,2025-09-11 03:00:00,2101.7946782005633,2108.9506943756746,877.3153047847035
forecast_6076,2025-09-11 04:00:00,2508.8364837647955,3559.692030619149,1296.034733475979
forecast_6077,2025-09-11 05:00:00,3145.6528845908206,3726.836416592488,2232.823269589519
forecast_6078,2025-09-11 06:00:00,3578.3409600288887,4395.31072650314,2662.8928497926304
forecast_6079,2025-09-11 07:00:00,4941.270690007944,6046.498606042453,2513.9638041292756
forecast_6080,2025-09-11 08:00:00,4017.3375795503566,4477.615437169154,2490.843977727105
forecast_6081,2025-09-11 09:00:00,2651.1391264242575,3175.361920304622,2588.5715744847157
forecast_6082,2025-09-11 10:00:00,1959.4042556851837,3151.634005984832,2677.3876431732733
forecast_6083,2025-09-11 11:00:00,2020.7810092410277,3110.1793740461326,3033.3486610330656
forecast_6084,2025-09-11 12:00:00,2229.588443640003,3563.896117668384,3268.873883695572
forecast_6085,2025-09-11 13:00:00,2180.025106046893,3486.9819994748705,3446.117463134211
forecast_6086,2025-09-11 14:00:00,2190.8144792464072,2972.9429129299415,3060.1472650201376
forecast_6087,2025-09-11 15:00:00,2120.519375851622,2876.062319114881,2904.0804209876783
forecast_6088,2025-09-11 16:00:00,1900.851240951085,3019.8614061542453,2793.888368895091
forecast_6089,2025-09-11 17:00:00,2080.945526405301,2091.9762334614175,1943.1747931591105
forecast_6090,2025-09-11 18:00:00,2231.1490151582216,2670.1651965184224,1680.8575261130359
forecast_6091,2025-09-11 19:00:00,3217.6953050654306,5484.891004880056,2453.786073822471
forecast_6092,2025-09-11 20:00:00,4332.893206064453,6353.517978218396,2301.05332205704
forecast_6093,2025-09-11 21:00:00,4498.967764513567,5964.843674845045,2558.457085663929
forecast_6094,2025-09-11 22:00:00,5084.675880340522,6864.613440668011,2747.4796071335845
forecast_6095,2025-09-11 23:00:00,5368.178878897831,5757.267047896542,3546.292138172759
forecast_6096,2025-09-12 00:00:00,4463.487706233219,5718.488431473861,2845.4471491689355
forecast_6097,2025-09-12 01:00:00,4825.640248615849,5474.053915089945,2273.957237045004
forecast_6098,2025-09-12 02:00:00,4245.676857500823,5550.656558046326,2237.0496736393548
forecast_6099,2025-09-12 03:00:00,3257.3435998979676,3628.698161867139,1552.0098904062518
forecast_6100,2025-09-12 04:00:00,2775.586460458517,3815.7213415491265,1917.9394038013845
forecast_6101,2025-09-12 05:00:00,2331.211674720968,2955.392615319462,1566.0679332265984
forecast_6102,2025-09-12 06:00:00,2771.2892866465254,4079.385021806018,1553.32727754008
forecast_6103,2025-09-12 07:00:00,3176.33540677351,3871.520272435301,1426.8238499145414
forecast_6104,2025-09-12 08:00:00,3265.4975973213004,4160.713039947488,1761.1011201260224
forecast_6105,2025-09-12 09:00:00,3663.2075257606834,3727.2845818939304,2205.2266856343235
forecast_6106,2025-09-12 10:00:00,2197.5488510100777,2831.0255107920116,1498.592416223424
forecast_6107,2025-09-12 11:00:00,2241.482683204093,2595.1877646854095,1530.7858244374997
forecast_6108,2025-09-12 12:00:00,1640.9361177203184,2383.760920054508,1478.5251207903232
forecast_6109,2025-09-12 13:00:00,1591.2301432356717,2120.7074740929215,962.9999515100199
forecast_6110,2025-09-12 14:00:00,1261.4944526251272,1425.400897186385,800.5154460099731
forecast_6111,2025-09-12 15:00:00,1716.4336040182125,2626.4672764754328,1411.1602867222005
forecast_6112,2025-09-12 16:00:00,1831.8055469356082,2714.2641828331284,1436.7384669978903
forecast_6113,2025-09-12 17:00:00,2329.9000151270902,3163.8414734911316,1860.228075769249
forecast_6114,2025-09-12 18:00:00,2492.376971501528,3973.767724377158,1334.3091849489663
forecast_6115,2025-09-12 19:00:00,1703.5480752095775,3125.0486016731875,1165.8865906358208
forecast_6116,2025-09-12 20:00:00,2515.502637440249,3740.104667141002,2305.1621205155475
forecast_6117,2025-09-12 21:00:00,3598.1959238994195,4821.034000173645,2819.9924503212483
forecast_6118,2025-09-12 22:00:00,3096.6245613019782,3598.630169676173,2936.269891374256
forecast_6119,2025-09-12 23:00:00,3666.8187146143614,3312.3189558375557,2696.869612646692
forecast_6120,2025-09-13 00:00:00,3209.251261997531,4399.16176616266,2433.6725270531783
forecast_6121,2025-09-13 01:00:00,3047.4697734176443,4176.754869079533,1732.6428902196244
forecast_6122,2025-09-13 02:00:00,3261.3669880600423,4409.665892176504,1751.1755080039086
forecast_6123,2025-09-13 03:00:00,3627.143691534422,6102.4844287212445,3983.7730768011043
forecast_6124,2025-09-13 04:00:00,6535.889644063621,6188.776392211736,4345.4566253212315
forecast_6125,2025-09-13 05:00:00,6498.645311256007,9433.230994636058,5985.5246746343855
forecast_6126,2025-09-13 06:00:00,7892.20223702491,12624.351512086276,7206.058801570768
forecast_6127,2025-09-13 07:00:00,9657.483607972443,13146.405439068641,9222.031310179156
forecast_6128,2025-09-13 08:00:00,12691.054388619572,16742.222659698597,14596.529935504193
forecast_6129,2025-09-13 09:00:00,10741.23863964523,15672.930484699447,13303.409550569031
forecast_6130,2025-09-13 10:00:00,12491.720021306326,16005.98229325087,11525.531457320481
forecast_6131,2025-09-13 11:00:00,8874.161167258262,7687.470602928059,5678.437071994599
forecast_6132,2025-09-13 12:00:00,5540.494990512897,5473.658809022462,4359.658577279425
forecast_6133,2025-09-13 13:00:00,3627.3004117308597,3714.3035756013455,2863.2776644339597
forecast_6134,2025-09-13 14:00:00,3154.3042165247,2939.705547459933,1547.462446689637
forecast_6135,2025-09-13 15:00:00,790.2635629193873,1394.0091573954144,863.2487399493431
forecast_6136,2025-09-13 16:00:00,1163.8873070850436,1749.9960613862547,1185.9810758165672
forecast_6137,2025-09-13 17:00:00,1243.9296657382315,2070.472160388926,1269.1425359978327
forecast_6138,2025-09-13 18:00:00,2066.220857230574,2093.1030854796827,1145.314572543327
forecast_6139,2025-09-13 19:00:00,1652.7934995243813,1954.512545023386,818.7409641773279
forecast_6140,2025-09-13 20:00:00,1313.8185843060612,1287.495265269235,279.6186782188622
forecast_6141,2025-09-13 21:00:00,690.6461845117977,436.77672734240195,136.69924717410169
forecast_6142,2025-09-13 22:00:00,673.2271835396054,288.7654377915074,110.15920738199698
forecast_6143,2025-09-13 23:00:00,736.6328383735561,278.5847734729946,139.51938387753395
forecast_6144,2025-09-14 00:00:00,1010.7678577622048,631.1448487746479,204.44686681004288
forecast_6145,2025-09-14 01:00:00,1069.113703652754,606.9881019255049,425.0254919500927
forecast_6146,2025-09-14 02:00:00,781.3711824753855,738.78043182297,173.98016839681716
forecast_6147,2025-09-14 03:00:00,565.6031421833148,785.0562197773035,89.88098173798038
forecast_6148,2025-09-14 04:00:00,570.4537501694142,721.9114643856245,133.72786202773378
forecast_6149,2025-09-14 05:00:00,693.9539490464826,1079.7647601544136,79.11596412879355
forecast_6150,2025-09-14 06:00:00,694.5881955722282,996.6920295068032,119.1556701592975
forecast_6151,2025-09-14 07:00:00,741.5927937595513,759.2438803572267,114.45161004792323
forecast_6152,2025-09-14 08:00:00,918.3811418159572,880.9256532770066,307.55240876644507
forecast_6153,2025-09-14 09:00:00,745.0242973367283,709.2518583923345,273.4607338035605
forecast_6154,2025-09-14 10:00:00,656.7941906576166,885.2928734571144,780.03518599822
forecast_6155,2025-09-14 11:00:00,756.2945540259759,532.1057283001014,754.2946440366492
forecast_6156,2025-09-14 12:00:00,999.5220673725971,1296.7846687381202,1075.5625770132608
forecast_6157,2025-09-14 13:00:00,814.1954017669941,1086.8014622385904,1014.8800353474653
forecast_6158,2025-09-14 14:00:00,842.5767849210147,1041.5127692060653,1145.8268114118177
forecast_6159,2025-09-14 15:00:00,1152.9491872709784,1286.126468375286,915.9274606790909
forecast_6160,2025-09-14 16:00:00,1532.4052602615304,1575.230101844138,1646.357054836983
forecast_6161,2025-09-14 17:00:00,2058.5786940866406,2231.7973649990654,2169.0755635041473
forecast_6162,2025-09-14 18:00:00,4417.970116972017,4539.839040704906,3006.10614798452
forecast_6163,2025-09-14 19:00:00,7240.95467107633,7165.314872179978,5722.223048913984
forecast_6164,2025-09-14 20:00:00,9949.149020431862,10754.40483668232,6269.0319270055725
forecast_6165,2025-09-14 21:00:00,11300.661647398425,12867.198017079307,7790.606735419825
forecast_6166,2025-09-14 22:00:00,13529.623659982559,15634.30781491277,10665.444712713364
forecast_6167,2025-09-14 23:00:00,15098.72113814522,16717.07384714914,11791.600766162306
forecast_6168,2025-09-15 00:00:00,16941.750762594114,17192.638810858793,11824.050771377522
forecast_6169,2025-09-15 01:00:00,17201.020772079064,16158.192913427514,9593.890913814736
forecast_6170,2025-09-15 02:00:00,15529.92864857608,14054.707196558686,8362.459563140352
forecast_6171,2025-09-15 03:00:00,14532.179580348373,13644.511198450822,6586.295590653141
forecast_6172,2025-09-15 04:00:00,13814.454616104202,11545.944296977523,6079.649652673664
forecast_6173,2025-09-15 05:00:00,8649.695046217157,8750.642589201874,4027.6440622597497
forecast_6174,2025-09-15 06:00:00,6192.197802346905,6805.382814076372,3824.397809522651
forecast_6175,2025-09-15 07:00:00,3716.1893558208544,3645.80885455463,2941.8578683631636
forecast_6176,2025-09-15 08:00:00,1630.7207126313083,1760.9264557601593,1430.0105664877105
forecast_6177,2025-09-15 09:00:00,533.8738181654214,591.7573697454054,301.5639680902546
forecast_6178,2025-09-15 10:00:00,73.54789136390676,67.27845529684382,38.804179554298585
forecast_6179,2025-09-15 11:00:00,24.794632498867824,168.982364678164,45.52034473062824
forecast_6180,2025-09-15 12:00:00,147.7697996658187,131.4714920240343,21.73952534565659
forecast_6181,2025-09-15 13:00:00,125.535039915543,35.81360291880339,37.814353010452464
forecast_6182,2025-09-15 14:00:00,197.6097747281584,191.56407616664706,100.09854677406328
forecast_6183,2025-09-15 15:00:00,234.51948684011373,555.1173170425539,371.5257176568126
forecast_6184,2025-09-15 16:00:00,650.3589347132123,852.0045425003684,779.406125974796
forecast_6185,2025-09-15 17:00:00,2621.2653500744705,2559.817759236087,1331.0417694188802
forecast_6186,2025-09-15 18:00:00,2974.2284948188553,3547.9222335522854,2734.150793052576
forecast_6187,2025-09-15 19:00:00,4792.259811591536,4589.744021910967,3378.5420754808656
forecast_6188,2025-09-15 20:00:00,5919.48227989181,5142.389511412484,3014.391337536807
forecast_6189,2025-09-15 21:00:00,6484.308673475047,5441.213255079543,2963.0573071769804
forecast_6190,2025-09-15 22:00:00,4236.955809052191,4712.255572869635,2912.153555184822
forecast_6191,2025-09-15 23:00:00,3552.669300353911,4295.204667029077,2913.9816677028643
forecast_6192,2025-09-16 00:00:00,5465.543590747497,4706.059296202576,2924.8246568496215
forecast_6193,2025-09-16 01:00:00,7445.028783953841,7136.145669929154,5092.093816782757
forecast_6194,2025-09-16 02:00:00,8609.204071834052,9082.272726528096,5673.223974585449
forecast_6195,2025-09-16 03:00:00,7912.407598959651,8584.651515635653,5959.759810813127
forecast_6196,2025-09-16 04:00:00,9831.764862437192,10357.260324476338,5831.054039081155
forecast_6197,2025-09-16 05:00:00,10006.529980474677,10256.083529886453,5920.748011451754
forecast_6198,2025-09-16 06:00:00,10289.231885067933,10936.196714941874,5967.513930717937
forecast_6199,2025-09-16 07:00:00,10262.48454816343,11716.103940349672,6940.570485140673
forecast_6200,2025-09-16 08:00:00,8372.935686842031,9720.795155174896,5328.02809887355
forecast_6201,2025-09-16 09:00:00,5302.446746654481,7759.086759834556,3874.545636480589
forecast_6202,2025-09-16 10:00:00,3637.28675891919,4631.533769054635,4052.342560193211
forecast_6203,2025-09-16 11:00:00,4067.976132814467,4663.413999363993,3735.299806553584
forecast_6204,2025-09-16 12:00:00,4290.58572268991,6313.700229136861,4293.448191726632
forecast_6205,2025-09-16 13:00:00,4882.560161062672,6150.283445115013,4122.655746954714
forecast_6206,2025-09-16 14:00:00,6774.241900471033,8601.175249996795,6183.319782596302
forecast_6207,2025-09-16 15:00:00,5143.393468674824,7302.978186733286,5772.853971434394
forecast_6208,2025-09-16 16:00:00,4909.777673120874,6489.44938867026,6147.227542378389
forecast_6209,2025-09-16 17:00:00,4743.24227888723,4921.496236123168,4414.6155991459245
forecast_6210,2025-09-16 18:00:00,5343.189545315318,5502.300785048563,5180.565099511365
forecast_6211,2025-09-16 19:00:00,8141.135075916947,8691.081870897184,7273.265842224539
forecast_6212,2025-09-16 20:00:00,6674.973676175198,7649.855900868971,6193.613535642031
forecast_6213,2025-09-16 21:00:00,6429.091474875,8456.256670652305,5752.101253033351
forecast_6214,2025-09-16 22:00:00,6860.699534881983,10935.612362197244,7605.9578476760225
forecast_6215,2025-09-16 23:00:00,7543.12993171248,11885.661241174754,9090.722185588884
forecast_6216,2025-09-17 00:00:00,8931.230973519068,13676.190316946804,9848.357627069894
forecast_6217,2025-09-17 01:00:00,12717.190801889896,17276.634473664184,13753.60567061895
forecast_6218,2025-09-17 02:00:00,14245.325997411923,17546.21654271506,15400.208537929559
forecast_6219,2025-09-17 03:00:00,14904.136372941724,18602.24470569458,15734.967536818882
forecast_6220,2025-09-17 04:00:00,15229.329669378667,19265.49159853831,15501.782665878023
forecast_6221,2025-09-17 05:00:00,14917.147087408559,19283.403646774263,14359.239680735267
forecast_6222,2025-09-17 06:00:00,15089.700895745053,18450.623781055336,14554.52017184748
forecast_6223,2025-09-17 07:00:00,12418.484112934475,15212.5346605106,10654.08355842399
forecast_6224,2025-09-17 08:00:00,8858.604460786833,10988.353565263387,6119.658311445441
forecast_6225,2025-09-17 09:00:00,6332.707724781407,7494.670046382365,4142.395221942867
forecast_6226,2025-09-17 10:00:00,3839.4418235199228,4169.014153320547,2797.7961219309013
forecast_6227,2025-09-17 11:00:00,2225.321792206144,2291.3332559691453,1528.7969256904025
forecast_6228,2025-09-17 12:00:00,1108.9641927070904,1268.7119665279129,535.2868814162473
forecast_6229,2025-09-17 13:00:00,698.2724483613814,773.4183856034382,398.10373842670117
forecast_6230,2025-09-17 14:00:00,2430.560653530496,2894.7250338251765,2650.417275503237
forecast_6231,2025-09-17 15:00:00,6590.175087781276,4946.594984291896,3454.354373654242
forecast_6232,2025-09-17 16:00:00,3784.400859488669,5011.919743154474,2269.2666582471406
forecast_6233,2025-09-17 17:00:00,2881.581568075436,2761.5167589235252,919.9823012441175
forecast_6234,2025-09-17 18:00:00,2606.4810316721982,1677.3546596827102,1255.0770223600928
forecast_6235,2025-09-17 19:00:00,835.9949487002237,770.0920619352034,292.5182129411068
forecast_6236,2025-09-17 20:00:00,879.3391968572288,799.6124663615303,355.8685476677724
forecast_6237,2025-09-17 21:00:00,1589.1711083391563,2406.5883450747324,829.0827459573346
forecast_6238,2025-09-17 22:00:00,1082.3402718522514,1005.314795219585,293.5883974367267
forecast_6239,2025-09-17 23:00:00,779.4867103362421,577.8252100699092,262.2105378327623
forecast_6240,2025-09-18 00:00:00,573.2428664385568,404.28717706451533,262.44662947803084
forecast_6241,2025-09-18 01:00:00,552.8506481995029,448.2053810123623,277.4830193656822
forecast_6242,2025-09-18 02:00:00,467.09667243670106,956.73670695427,505.05039596300475
forecast_6243,2025-09-18 03:00:00,634.1144842491598,871.0924323344583,590.5044973961523
forecast_6244,2025-09-18 04:00:00,1391.4323909061554,1885.6970440918194,1538.3792255756632
forecast_6245,2025-09-18 05:00:00,1451.769445865473,2659.589326220658,1896.8752427714467
forecast_6246,2025-09-18 06:00:00,2805.5054071832187,3303.6800758607646,2556.2877040450535
forecast_6247,2025-09-18 07:00:00,3828.9777202845366,5197.816871385596,2894.78722469991
forecast_6248,2025-09-18 08:00:00,3657.0061293967387,4375.808609657849,2718.7473515461797
forecast_6249,2025-09-18 09:00:00,4117.32463430388,4931.7629123007,2566.649376737954
forecast_6250,2025-09-18 10:00:00,3721.2930185082796,4211.032479154883,2113.9661671716617
forecast_6251,2025-09-18 11:00:00,3708.5609885531812,3697.4917235356556,1478.5239869508664
forecast_6252,2025-09-18 12:00:00,3206.6001628281974,3307.051952268509,1924.583431105324
forecast_6253,2025-09-18 13:00:00,2795.276725466816,3072.5835102060837,1635.900225420511
forecast_6254,2025-09-18 14:00:00,1943.1793914253456,2693.88922418346,1530.111629634048
forecast_6255,2025-09-18 15:00:00,1777.9678302048724,2685.5833277560437,1330.1771176668935
forecast_6256,2025-09-18 16:00:00,1665.1735286809837,2424.9874496726566,1104.13992317454
forecast_6257,2025-09-18 17:00:00,1737.221592397855,2421.350000412104,1378.6923271193448
forecast_6258,2025-09-18 18:00:00,2168.0133278391527,2616.6569233325017,1245.88876972259
forecast_6259,2025-09-18 19:00:00,2220.4280824202083,2834.0385973034763,1064.745962438308
forecast_6260,2025-09-18 20:00:00,2190.1843193685595,3270.301566370385,973.5927662704087
forecast_6261,2025-09-18 21:00:00,2279.4588312745195,2932.119181855058,962.0149901316393
forecast_6262,2025-09-18 22:00:00,2514.916917455211,3009.2380239560157,1122.6243538428623
forecast_6263,2025-09-18 23:00:00,2216.339388008222,2292.123686404758,748.7893856925642
forecast_6264,2025-09-19 00:00:00,2154.3866652813167,2103.418259996914,694.163578801019
forecast_6265,2025-09-19 01:00:00,2531.6955021730632,2428.7051291034536,689.9090086834512
forecast_6266,2025-09-19 02:00:00,1967.1947050801546,1714.3456319432194,510.11610648951176
forecast_6267,2025-09-19 03:00:00,2065.81416549081,1745.4085754588448,555.6483555314016
forecast_6268,2025-09-19 04:00:00,2139.0308488896007,1671.2486334883226,488.44231049393125
forecast_6269,2025-09-19 05:00:00,2167.9637018164244,1659.6142687342847,366.33224769699603
forecast_6270,2025-09-19 06:00:00,1649.5623449240343,1170.6884791931002,258.6142346728241
forecast_6271,2025-09-19 07:00:00,1766.1746351760364,1240.2860555349089,247.54636829680976
forecast_6272,2025-09-19 08:00:00,1130.932200811831,1305.7558131068208,320.1022137867028
forecast_6273,2025-09-19 09:00:00,840.4500893966867,741.9540285000478,184.89885177347014
forecast_6274,2025-09-19 10:00:00,319.79448077281285,302.4116999592537,96.22822286169252
forecast_6275,2025-09-19 11:00:00,246.7141779877192,211.48885870083657,139.76932684472627
forecast_6276,2025-09-19 12:00:00,223.28188321110167,0.0,134.3712340871801
forecast_6277,2025-09-19 13:00:00,182.9415239587922,175.7298385892223,15.839715262721652
forecast_6278,2025-09-19 14:00:00,406.6099576435237,147.13415304006506,37.46823392925822
forecast_6279,2025-09-19 15:00:00,462.64131387520234,137.17045084149512,29.13718176292517
forecast_6280,2025-09-19 16:00:00,487.6613623112937,86.29228251508874,58.79292844476919
forecast_6281,2025-09-19 17:00:00,824.7575105266191,408.12187868371626,101.68829220584928
forecast_6282,2025-09-19 18:00:00,1229.1019191764085,710.4354207795814,173.8535963816009
forecast_6283,2025-09-19 19:00:00,1835.223325452084,1918.518457453295,289.458352884452
forecast_6284,2025-09-19 20:00:00,2385.669331226746,1714.267256574805,573.8503248349232
forecast_6285,2025-09-19 21:00:00,2315.6580264469812,2107.7061974148332,471.5533601132185
forecast_6286,2025-09-19 22:00:00,2549.174099575406,3553.882375957455,1244.2463266004522
forecast_6287,2025-09-19 23:00:00,3079.9345456477754,4091.716958694693,1792.0333355966507
forecast_6288,2025-09-20 00:00:00,3459.9800311271024,5515.645279909539,2560.4810489707647
forecast_6289,2025-09-20 01:00:00,5583.823854721974,5876.335480344321,3800.9883824415047
forecast_6290,2025-09-20 02:00:00,5941.617997081421,8234.762909444087,3902.3639711992505
forecast_6291,2025-09-20 03:00:00,4516.5703695859875,6305.3115965048,2996.566046345442
forecast_6292,2025-09-20 04:00:00,4697.665304179744,5962.419044514092,2277.310735560709
forecast_6293,2025-09-20 05:00:00,5207.10948704251,6084.0680496525765,3520.202003077803
forecast_6294,2025-09-20 06:00:00,5310.38263765348,7439.807404257409,3745.5915795522715
forecast_6295,2025-09-20 07:00:00,4276.884833190813,5729.84131921066,2517.2966016695987
forecast_6296,2025-09-20 08:00:00,3292.8227830825,4594.660323678622,2465.208349445968
forecast_6297,2025-09-20 09:00:00,639.4137516389076,1814.600737530936,1049.4322489147914
forecast_6298,2025-09-20 10:00:00,1549.3517600454784,1047.231940331842,590.2430150006693
forecast_6299,2025-09-20 11:00:00,2024.0013250561174,2232.0562013972353,1080.863069700659
forecast_6300,2025-09-20 12:00:00,890.8609823806908,2505.1585340108154,1681.5122963261392
forecast_6301,2025-09-20 13:00:00,1347.2287273845989,2465.5384097449064,1181.605733837526
forecast_6302,2025-09-20 14:00:00,1822.6637852298668,1887.5962165933865,886.29581430044
forecast_6303,2025-09-20 15:00:00,1934.637687803726,1340.5161912025508,506.85338941557063
forecast_6304,2025-09-20 16:00:00,1589.7917560574326,1441.7850704517894,431.7209034884072
forecast_6305,2025-09-20 17:00:00,1127.492615655868,1024.4735786809465,528.9553540598108
forecast_6306,2025-09-20 18:00:00,1159.9249079838987,1089.310116537264,650.0206126537169
forecast_6307,2025-09-20 19:00:00,1470.3728320972969,1733.3692754070996,733.7604946953229
forecast_6308,2025-09-20 20:00:00,1462.0087870495042,2208.7887579693074,1118.783096402683
forecast_6309,2025-09-20 21:00:00,1996.3460022833044,3657.6621505350063,1771.1261176460744
forecast_6310,2025-09-20 22:00:00,2095.1978165905075,4464.17519691385,1727.5710340567753
forecast_6311,2025-09-20 23:00:00,2722.8927458211188,3789.4954015167164,1944.7134245142227
forecast_6312,2025-09-21 00:00:00,3220.687116123871,4306.924367385485,1889.3716565937336
forecast_6313,2025-09-21 01:00:00,4340.250694467743,4993.646371020393,2381.851904528319
forecast_6314,2025-09-21 02:00:00,3329.623104534588,3610.9310486902577,2245.1652197866497
forecast_6315,2025-09-21 03:00:00,2897.2477501032504,3709.299740851945,2640.2930667829023
forecast_6316,2025-09-21 04:00:00,2480.572007643622,2836.1520660072906,2090.0344280578506
forecast_6317,2025-09-21 05:00:00,2297.3795966940206,3944.6391948769897,2145.3449337012285
forecast_6318,2025-09-21 06:00:00,3263.7572710197664,4854.502176348878,2550.27180842181
forecast_6319,2025-09-21 07:00:00,3397.8931733377212,4731.664106099098,2643.5635455383917
forecast_6320,2025-09-21 08:00:00,2507.8444761612122,3562.50488213473,1914.601646691897
forecast_6321,2025-09-21 09:00:00,1788.8325878756423,1917.123561095091,1364.2480301680955
forecast_6322,2025-09-21 10:00:00,1516.1681221158528,2058.547815047782,1679.5215342231775
forecast_6323,2025-09-21 11:00:00,1367.936060459014,1588.7457137076663,1515.1717740270253
forecast_6324,2025-09-21 12:00:00,1282.992620987448,1398.589000360944,1343.010429439583
forecast_6325,2025-09-21 13:00:00,1240.3569128837737,1307.4357296405362,1017.501800640859
forecast_6326,2025-09-21 14:00:00,1235.8015844928173,1274.5565583207208,805.996129968053
forecast_6327,2025-09-21 15:00:00,1261.0957691840042,1564.9594088049678,620.7408427753666
forecast_6328,2025-09-21 16:00:00,1117.4837126161174,1315.0606920624227,833.6161037088026
forecast_6329,2025-09-21 17:00:00,703.6763113042781,1064.4240149519565,667.8136676590639
forecast_6330,2025-09-21 18:00:00,1472.474895970154,2048.4114319558184,1028.8642677078951
forecast_6331,2025-09-21 19:00:00,2459.3168587585915,2559.3195734400515,847.3099300264034
forecast_6332,2025-09-21 20:00:00,2291.20408189815,2772.0045040027744,1352.9327040899536
forecast_6333,2025-09-21 21:00:00,2650.7227031015063,3817.008591670961,1856.7552358658963
forecast_6334,2025-09-21 22:00:00,3734.491832744361,4824.193699586483,2118.320435827233
forecast_6335,2025-09-21 23:00:00,3800.0126075321477,5013.86688494805,2277.9725805894504
forecast_6336,2025-09-22 00:00:00,4218.451131780911,5558.049929875086,3105.8851109660545
forecast_6337,2025-09-22 01:00:00,3782.811391665595,4833.185061623109,2837.9486001227256
forecast_6338,2025-09-22 02:00:00,4081.6910466742816,5234.0877515968305,2644.6782221314356
forecast_6339,2025-09-22 03:00:00,4660.063326308725,5175.519419295994,3311.477673729281
forecast_6340,2025-09-22 04:00:00,4289.103309096864,5138.748808823146,3090.9311427849125
forecast_6341,2025-09-22 05:00:00,4373.982533531207,5193.572775829465,3182.8771061645907
forecast_6342,2025-09-22 06:00:00,3807.7603149702227,5521.732739673732,3184.3353737977027
forecast_6343,2025-09-22 07:00:00,4051.4530282269952,5481.202439798895,3388.547729092426
forecast_6344,2025-09-22 08:00:00,4667.390629980118,5697.913750895409,3392.616710234317
forecast_6345,2025-09-22 09:00:00,4915.207340906131,5279.519471748648,2600.467998694975
forecast_6346,2025-09-22 10:00:00,4711.508591584679,5412.474381048191,3148.7427068599595
forecast_6347,2025-09-22 11:00:00,3291.6644815844656,4385.506019298274,3229.4397385815178
forecast_6348,2025-09-22 12:00:00,2722.0216519937017,2906.58164495304,2766.9249384868785
forecast_6349,2025-09-22 13:00:00,2817.68782906358,3077.7813696391363,3075.1335475239625
forecast_6350,2025-09-22 14:00:00,1755.0711182963878,2746.236566476161,2729.731729323982
forecast_6351,2025-09-22 15:00:00,1844.1263531907082,3269.8718696281967,2341.162760133462
forecast_6352,2025-09-22 16:00:00,1940.3058286533933,2466.188212522794,2122.5246144664693
forecast_6353,2025-09-22 17:00:00,2350.614571031609,2103.464794014736,1480.0476992534686
forecast_6354,2025-09-22 18:00:00,2075.484836120927,2295.35480722099,1078.998315665101
forecast_6355,2025-09-22 19:00:00,2427.284170453497,2475.028352814309,1281.5762931706834
forecast_6356,2025-09-22 20:00:00,2173.7686644432692,3069.2039470100726,1022.6845308716462
forecast_6357,2025-09-22 21:00:00,2386.21958228801,2735.7362204678475,840.3765656967684
forecast_6358,2025-09-22 22:00:00,2316.4572797976343,2560.8486735675447,923.4187346406551
forecast_6359,2025-09-22 23:00:00,2044.9721871832903,2758.283550920998,753.4955084102799
forecast_6360,2025-09-23 00:00:00,2013.5622344254532,2089.926204317026,709.7333257800545
forecast_6361,2025-09-23 01:00:00,1557.9257140871089,1034.0757168717491,292.90804322423986
forecast_6362,2025-09-23 02:00:00,1216.0606070579706,1040.8590784566343,154.8933444202199
forecast_6363,2025-09-23 03:00:00,1244.6626626036252,938.5252481459015,161.0040216041104
forecast_6364,2025-09-23 04:00:00,1572.1461362833713,1109.557897582141,228.03122155433127
forecast_6365,2025-09-23 05:00:00,1708.2218992046035,1373.8666549677491,541.9077553682316
forecast_6366,2025-09-23 06:00:00,1918.218981301271,2111.3641463785975,755.7071064914735
forecast_6367,2025-09-23 07:00:00,2284.3769297148547,2268.6028371335715,722.0890182166033
forecast_6368,2025-09-23 08:00:00,2675.8293519945637,2722.283426667622,822.3742642426172
forecast_6369,2025-09-23 09:00:00,2131.5183570879753,2416.705624141172,1106.1444118270363
forecast_6370,2025-09-23 10:00:00,1125.872890801262,1295.0797169599612,713.5554772745047
forecast_6371,2025-09-23 11:00:00,1100.8220878148452,1261.272135415344,681.3962387818822
forecast_6372,2025-09-23 12:00:00,576.3711709365708,993.6312679620663,743.0663826254871
forecast_6373,2025-09-23 13:00:00,603.8975116978338,1042.173316340895,680.4549179592806
forecast_6374,2025-09-23 14:00:00,612.3312855273695,690.3218242016,533.4095809992176
forecast_6375,2025-09-23 15:00:00,657.9393795406509,843.4636141108272,502.3026666659589
forecast_6376,2025-09-23 16:00:00,588.4583693092137,539.4352587736821,576.4389537762105
forecast_6377,2025-09-23 17:00:00,509.77295510114413,816.6232363246079,306.1934414712457
forecast_6378,2025-09-23 18:00:00,1182.448087864203,1401.4066059614286,714.2545854444753
forecast_6379,2025-09-23 19:00:00,1398.3664299853097,1243.0558973588595,555.0242572499948
forecast_6380,2025-09-23 20:00:00,1916.0853080241918,1677.748158135541,560.1753407319237
forecast_6381,2025-09-23 21:00:00,2161.390865155921,2043.0721200731607,364.37585424749955
forecast_6382,2025-09-23 22:00:00,2100.9524998547786,2064.2638068554666,307.38491047426345
forecast_6383,2025-09-23 23:00:00,2147.331624261347,1784.9372999161847,221.85257972161975
forecast_6384,2025-09-24 00:00:00,2081.4539160423924,1806.736256127666,204.308143412409
forecast_6385,2025-09-24 01:00:00,1972.3666546824873,1972.0575602945985,391.7863300004258
forecast_6386,2025-09-24 02:00:00,2524.3872072587415,1975.459112904526,536.7467541197376
forecast_6387,2025-09-24 03:00:00,3265.599378621036,3284.683787214611,1458.0184328709195
forecast_6388,2025-09-24 04:00:00,4058.579466738303,4576.4073506444065,2399.0776414707334
forecast_6389,2025-09-24 05:00:00,5270.289933025486,5201.834203757237,3253.0726190967503
forecast_6390,2025-09-24 06:00:00,4388.028617849224,5592.892222333478,3471.3170718494034
forecast_6391,2025-09-24 07:00:00,3621.07943584256,4245.392740816651,1995.9510714914145
forecast_6392,2025-09-24 08:00:00,3508.1886225580533,3995.3557741613045,2596.855762406355
forecast_6393,2025-09-24 09:00:00,3052.39080889346,5291.155370506564,2650.9840693018286
forecast_6394,2025-09-24 10:00:00,4723.337183829935,5973.4659491659095,3216.6609618535376
forecast_6395,2025-09-24 11:00:00,5288.259894504992,8689.604753026955,5513.228089398821
forecast_6396,2025-09-24 12:00:00,7053.097635810714,9373.263079308863,6724.107560856603
forecast_6397,2025-09-24 13:00:00,6513.914326931024,10342.30676623262,7694.954157139878
forecast_6398,2025-09-24 14:00:00,9582.127206447763,10708.598312392216,8021.930729326112
forecast_6399,2025-09-24 15:00:00,9126.138398626314,10233.927068875433,8566.554732955357
forecast_6400,2025-09-24 16:00:00,8892.403547488811,9231.508751030642,7462.804334520949
forecast_6401,2025-09-24 17:00:00,5664.7168109013155,9462.916926011712,5128.005632086218
forecast_6402,2025-09-24 18:00:00,6368.096812946968,10418.765115065922,4457.418895767182
forecast_6403,2025-09-24 19:00:00,6350.605839069602,10251.28094824472,5461.126329856038
forecast_6404,2025-09-24 20:00:00,8893.781298008436,11443.35405812985,8213.393335082974
forecast_6405,2025-09-24 21:00:00,11996.395595077658,16334.85026067552,11072.842537367564
forecast_6406,2025-09-24 22:00:00,14212.676514220515,17266.466014510293,14935.920423583217
forecast_6407,2025-09-24 23:00:00,15370.290447068615,18524.73331930167,15513.587975771921
forecast_6408,2025-09-25 00:00:00,15262.220750333516,18603.188640595163,15982.635036678203
forecast_6409,2025-09-25 01:00:00,15184.228239051765,18447.062132525883,16480.397299982764
forecast_6410,2025-09-25 02:00:00,15106.242719551683,17093.002884047935,15630.856557976404
forecast_6411,2025-09-25 03:00:00,15841.353303098917,16954.685007263444,13911.942675675095
forecast_6412,2025-09-25 04:00:00,15821.471986649876,18303.86353707594,16602.802700778633
forecast_6413,2025-09-25 05:00:00,15334.389556362989,18413.91746365404,16048.305868205249
forecast_6414,2025-09-25 06:00:00,16238.158638577655,17880.58582636007,15780.589955778098
forecast_6415,2025-09-25 07:00:00,14343.171240733258,16695.73379088404,14096.53262194791
forecast_6416,2025-09-25 08:00:00,13475.059225384895,14594.401131891518,10945.060876976944
forecast_6417,2025-09-25 09:00:00,14852.240355469281,16818.920303076888,11971.387534995527
forecast_6418,2025-09-25 10:00:00,13941.142279705446,15138.197347118055,14323.076026837214
forecast_6419,2025-09-25 11:00:00,13680.90693439165,15152.679082874642,13874.471048956344
forecast_6420,2025-09-25 12:00:00,12053.898710182137,14838.015813496222,10892.79842464803
forecast_6421,2025-09-25 13:00:00,12810.845654656105,16676.633547671405,10529.981481466872
forecast_6422,2025-09-25 14:00:00,9271.840518783314,12347.540283457822,7829.809935147574
forecast_6423,2025-09-25 15:00:00,8864.598325068508,10811.87635199789,7916.503653309212
forecast_6424,2025-09-25 16:00:00,9890.827513556298,11969.673012931646,10427.408982504132
forecast_6425,2025-09-25 17:00:00,9006.719331168462,10588.27416522994,8865.887534229627
forecast_6426,2025-09-25 18:00:00,12479.070666628933,14223.628918040375,12358.460563800625
forecast_6427,2025-09-25 19:00:00,12730.307897119455,14559.973982326743,11126.508345687285
forecast_6428,2025-09-25 20:00:00,13968.484299726844,15345.65484286028,10831.879465475613
forecast_6429,2025-09-25 21:00:00,16646.861442406906,16839.07472351652,11337.844930989866
forecast_6430,2025-09-25 22:00:00,16974.64298321294,15878.4565630503,8883.233532625716
forecast_6431,2025-09-25 23:00:00,16266.337806170462,15117.685371247735,9032.032403544063
forecast_6432,2025-09-26 00:00:00,15536.763159638136,13052.839670695983,9496.386529221129
forecast_6433,2025-09-26 01:00:00,10890.882650122716,9369.59049756195,6467.61730442184
forecast_6434,2025-09-26 02:00:00,11023.166898055546,8627.488993030951,6367.929864055572
forecast_6435,2025-09-26 03:00:00,8970.496606937053,7059.739356265616,5508.30655816304
forecast_6436,2025-09-26 04:00:00,6779.643268720222,4205.293987719215,2892.2342701431407
forecast_6437,2025-09-26 05:00:00,3875.42808572037,1301.8930873494285,1128.8098455945728
forecast_6438,2025-09-26 06:00:00,1092.761495369143,729.3670455821417,585.3440044992457
forecast_6439,2025-09-26 07:00:00,171.70408866495757,297.043878856663,149.93131956537934
forecast_6440,2025-09-26 08:00:00,0.0,181.32752210874634,53.604847382626986
forecast_6441,2025-09-26 09:00:00,0.0,62.91667176113298,21.51696780010106
forecast_6442,2025-09-26 10:00:00,18.74662863081631,194.7150768114074,24.74652564263819
forecast_6443,2025-09-26 11:00:00,0.0,183.58728441454517,23.75880727147291
forecast_6444,2025-09-26 12:00:00,4.509046471173522,112.44761732228696,23.65943567082873
forecast_6445,2025-09-26 13:00:00,1.80504506953469,133.93380992730286,24.47831407836381
forecast_6446,2025-09-26 14:00:00,26.2589197958585,112.4226308989277,25.759502880094608
forecast_6447,2025-09-26 15:00:00,47.25371276075529,121.2145833514686,20.38339577184753
forecast_6448,2025-09-26 16:00:00,28.755106142020246,130.2998034181225,17.11827988224995
forecast_6449,2025-09-26 17:00:00,0.0,105.11560990299054,14.000598518895455
forecast_6450,2025-09-26 18:00:00,0.0,185.58988913376376,67.80028659688503
forecast_6451,2025-09-26 19:00:00,22.995208900285974,288.25349840130207,39.95628492117449
forecast_6452,2025-09-26 20:00:00,1.9345507359985132,290.1547279811417,39.89701240004781
forecast_6453,2025-09-26 21:00:00,199.67007901021952,142.77186509361357,20.641246033670793
forecast_6454,2025-09-26 22:00:00,353.34124082895795,161.71198633399356,22.35909293006414
forecast_6455,2025-09-26 23:00:00,256.80598210588386,181.70395234318127,28.564514545708185
forecast_6456,2025-09-27 00:00:00,322.61109613906257,355.1885533633499,60.849131338741955
forecast_6457,2025-09-27 01:00:00,233.34960425455435,360.75256482802934,23.16445161312226
forecast_6458,2025-09-27 02:00:00,238.85877369421814,261.0228786166145,23.862212068638016
forecast_6459,2025-09-27 03:00:00,398.3019146683137,226.17686200638465,41.876248296171276
forecast_6460,2025-09-27 04:00:00,553.2891882475984,456.64610478360066,55.21002185514922
forecast_6461,2025-09-27 05:00:00,780.6105908473654,636.0297042333452,256.58796850700105
forecast_6462,2025-09-27 06:00:00,1444.6553072458296,1061.6040227821532,435.5402755849881
forecast_6463,2025-09-27 07:00:00,1039.1331033223216,1035.6686417917952,409.5639759192045
forecast_6464,2025-09-27 08:00:00,1067.9443928746455,1016.2023171490863,423.264697188432
forecast_6465,2025-09-27 09:00:00,610.0040399596085,598.0977686800602,149.46689243683363
forecast_6466,2025-09-27 10:00:00,293.6512159797517,312.2847578670983,39.4759899314936
forecast_6467,2025-09-27 11:00:00,222.41331215971454,81.61288629213453,24.717031845127792
forecast_6468,2025-09-27 12:00:00,147.69186369383888,136.52509015374594,48.012519046189354
forecast_6469,2025-09-27 13:00:00,93.43946290129189,18.535259105570432,33.52086202131351
forecast_6470,2025-09-27 14:00:00,110.70367161968274,128.4971029743469,29.1238097348881
forecast_6471,2025-09-27 15:00:00,117.08993675622267,217.39320851538824,71.6069922378583
forecast_6472,2025-09-27 16:00:00,78.12611170538443,276.196677909207,72.69550854587374
forecast_6473,2025-09-27 17:00:00,158.95463262233596,276.66840844093014,122.06049336109301
forecast_6474,2025-09-27 18:00:00,457.8867947811116,834.2705705147964,207.46158312561002
forecast_6475,2025-09-27 19:00:00,482.1702489656737,567.6266593544193,229.61753857703218
forecast_6476,2025-09-27 20:00:00,693.1031116584514,874.2928063176328,137.35189072327924
forecast_6477,2025-09-27 21:00:00,856.4695093784094,915.9723852611696,217.53851923276906
forecast_6478,2025-09-27 22:00:00,2972.532511940552,1672.431413700095,1017.8488606139813
forecast_6479,2025-09-27 23:00:00,3255.1651042258736,2469.123234177259,1213.3040646135153
forecast_6480,2025-09-28 00:00:00,2847.4353030377,3018.9218420984957,1603.3354039415308
forecast_6481,2025-09-28 01:00:00,4408.743252404528,3949.2455356503347,1941.8735972978864
forecast_6482,2025-09-28 02:00:00,5451.364508791308,6094.557418498887,2459.9819355977743
forecast_6483,2025-09-28 03:00:00,5779.551718643266,6563.301460251954,2837.9692860519076
forecast_6484,2025-09-28 04:00:00,5294.6277083595605,5665.912419058244,2627.993786230276
forecast_6485,2025-09-28 05:00:00,4766.414376704716,6618.574597830335,2940.7787641794084
forecast_6486,2025-09-28 06:00:00,3211.314188474081,4230.678688608306,1731.4675667002155
forecast_6487,2025-09-28 07:00:00,2638.9429444894145,3224.0866340691687,1281.0277823323763
forecast_6488,2025-09-28 08:00:00,2207.184626873425,2550.199198361433,1158.888163746797
forecast_6489,2025-09-28 09:00:00,2191.6141293960463,2182.080101320628,935.4519238019626
forecast_6490,2025-09-28 10:00:00,3474.636643773923,3404.081660562591,2695.713061550646
forecast_6491,2025-09-28 11:00:00,3203.357395421835,3949.187956812888,1473.7871791874936
forecast_6492,2025-09-28 12:00:00,2110.527577024152,2139.911870626656,1325.902283793206
forecast_6493,2025-09-28 13:00:00,1357.951222769885,1199.0403356129864,534.0437430796829
forecast_6494,2025-09-28 14:00:00,2285.1046980004066,1524.94810656699,728.564933425945
forecast_6495,2025-09-28 15:00:00,3627.0691803408267,2791.5403801228604,1097.9710032877501
forecast_6496,2025-09-28 16:00:00,3623.648694497417,3848.0983033268435,1112.452672905269
forecast_6497,2025-09-28 17:00:00,3640.2069723623354,3240.9301350843143,1649.5020147332207
forecast_6498,2025-09-28 18:00:00,2640.445485500175,3764.4661272710596,2189.8497215501525
forecast_6499,2025-09-28 19:00:00,3697.2367484969805,4828.572272185994,2692.175156717071
forecast_6500,2025-09-28 20:00:00,4088.8884577964127,4053.236772371017,2679.2008662345365
forecast_6501,2025-09-28 21:00:00,4284.911312723555,4791.719497162867,3561.5532377780337
forecast_6502,2025-09-28 22:00:00,3634.9344241479844,4263.715231256325,3280.2811900038773
forecast_6503,2025-09-28 23:00:00,4215.313187168657,4768.937983068408,3007.0447765576823
forecast_6504,2025-09-29 00:00:00,3837.677735747578,2898.0660542731503,1769.9335035852857
forecast_6505,2025-09-29 01:00:00,4013.148125660338,2077.7116040904652,1675.4674000379098
forecast_6506,2025-09-29 02:00:00,3659.397165088149,2324.116419758996,1414.3387189171806
forecast_6507,2025-09-29 03:00:00,3086.167375592775,2429.12077467929,862.9778227849899
forecast_6508,2025-09-29 04:00:00,3634.8671033002297,2045.1636056143068,1311.8780273551881
forecast_6509,2025-09-29 05:00:00,1498.682216614869,1097.2761722938994,310.00249568091044
forecast_6510,2025-09-29 06:00:00,535.2825923222869,150.903215015013,196.48830777970926
forecast_6511,2025-09-29 07:00:00,126.33715473647779,45.40761659804664,138.34564810290632
forecast_6512,2025-09-29 08:00:00,169.2688686466305,110.62631150898399,113.25655599681828
forecast_6513,2025-09-29 09:00:00,98.14616677742387,67.38650010482228,58.63410574328004
forecast_6514,2025-09-29 10:00:00,15.331978909457712,0.0,23.631142612071805
forecast_6515,2025-09-29 11:00:00,30.505783008571637,126.66968800810373,60.333652186139275
forecast_6516,2025-09-29 12:00:00,5.912134347381217,176.88890499095294,64.00430979074589
forecast_6517,2025-09-29 13:00:00,164.61880381456098,230.66325585231186,53.85391752466591
forecast_6518,2025-09-29 14:00:00,155.8985261907972,463.3229077584003,328.4448241095262
forecast_6519,2025-09-29 15:00:00,103.95824071709187,539.9607004856705,170.79659724347542
forecast_6520,2025-09-29 16:00:00,274.84814240298596,398.7592460266354,289.4649304497689
forecast_6521,2025-09-29 17:00:00,292.60644645010717,376.75056097980183,110.21869552386465
forecast_6522,2025-09-29 18:00:00,406.2996002159501,350.14389186632036,58.90623974672896
forecast_6523,2025-09-29 19:00:00,438.8541357507502,372.2754225729955,123.75280485514385
forecast_6524,2025-09-29 20:00:00,126.36953225799472,293.4089357460943,81.79884374478972
forecast_6525,2025-09-29 21:00:00,114.90238059522541,308.15831042987463,47.8009256395481
forecast_6526,2025-09-29 22:00:00,629.8496422199602,851.394108215554,366.32501148773537
forecast_6527,2025-09-29 23:00:00,1882.497058563446,1899.6750129695718,560.0604277473053
forecast_6528,2025-09-30 00:00:00,1520.9610777064363,1548.0823411155175,253.3014532844235
forecast_6529,2025-09-30 01:00:00,1863.8350220813682,1179.0694589824584,884.0171606217169
forecast_6530,2025-09-30 02:00:00,1923.031176343397,1003.6270933516496,1041.4738094013742
forecast_6531,2025-09-30 03:00:00,478.07619421397396,197.74565775689095,281.0129518349416
forecast_6532,2025-09-30 04:00:00,1902.7241870616024,1514.5409064505507,958.2480291147972
forecast_6533,2025-09-30 05:00:00,1833.5468617748415,1218.2846552612195,676.5711907119863
forecast_6534,2025-09-30 06:00:00,1852.8404169107675,1240.786411140423,659.0184347745666
forecast_6535,2025-09-30 07:00:00,1803.8382807218002,1224.1531318294667,789.8955801477664
forecast_6536,2025-09-30 08:00:00,1356.711732009967,819.4466533971715,739.489430543901
forecast_6537,2025-09-30 09:00:00,25.947092236765002,5.408243130969361,64.67468270044616
forecast_6538,2025-09-30 10:00:00,58.22874521612363,45.29655367139817,323.39390036737774
forecast_6539,2025-09-30 11:00:00,54.98615572773195,0.0,131.8500312265612
forecast_6540,2025-09-30 12:00:00,1150.6654804486043,689.0594678193346,541.057137070307
forecast_6541,2025-09-30 13:00:00,422.97815686487525,387.8187485846181,245.5972236690093
forecast_6542,2025-09-30 14:00:00,627.9833666959851,417.4158878866508,326.36553647013403
forecast_6543,2025-09-30 15:00:00,1938.4666549072092,1279.8176815786662,870.5083977235586
forecast_6544,2025-09-30 16:00:00,1347.87039295563,959.8654555052266,1259.7510176980509
forecast_6545,2025-09-30 17:00:00,1663.5925185329654,1109.5108175376095,1020.8772389919221
forecast_6546,2025-09-30 18:00:00,2468.223233041553,1708.7772652626718,1662.3889194270232
forecast_6547,2025-09-30 19:00:00,2820.953311029906,1737.4625038158388,1081.4006556483282
forecast_6548,2025-09-30 20:00:00,2882.9221149485593,2167.686219634087,2041.9677453936172
forecast_6549,2025-09-30 21:00:00,4560.496006796301,4626.594540841315,2443.98087181153
forecast_6550,2025-09-30 22:00:00,5983.785721085901,6297.664026314046,2962.5366102443704
forecast_6551,2025-09-30 23:00:00,5636.98500296342,5118.658827515564,3041.8858594863423
forecast_6552,2025-10-01 00:00:00,5768.842177139319,6585.516312898081,3828.9225822905473
forecast_6553,2025-10-01 01:00:00,6512.749776723336,7751.204365380514,3880.0131173396044
forecast_6554,2025-10-01 02:00:00,8299.394912268168,8065.381724948553,4178.009637146304
forecast_6555,2025-10-01 03:00:00,8001.10934388143,8074.239796803552,3770.62136242362
forecast_6556,2025-10-01 04:00:00,7917.115302813974,8042.224536871261,4216.777588999869
forecast_6557,2025-10-01 05:00:00,6155.279478511284,6365.0365373888235,3420.728060280742
forecast_6558,2025-10-01 06:00:00,5511.290086934386,6504.183987414039,3054.795898120141
forecast_6559,2025-10-01 07:00:00,5955.411185142831,5494.631498930002,2999.298653147293
forecast_6560,2025-10-01 08:00:00,3254.576862729739,2411.7523311923865,1210.4689201042709
forecast_6561,2025-10-01 09:00:00,2716.1497945603023,1174.0181322623732,580.9965528291985
forecast_6562,2025-10-01 10:00:00,740.3359802771787,649.6266160913278,604.18392212002
forecast_6563,2025-10-01 11:00:00,449.410991275964,109.0867591093653,433.2469895644596
forecast_6564,2025-10-01 12:00:00,404.8946131560559,564.0520208151339,621.5277452810741
forecast_6565,2025-10-01 13:00:00,1315.7009654701133,1345.8943500173445,909.2183355972218
forecast_6566,2025-10-01 14:00:00,1345.0912192483654,1392.4887724984676,812.2879161256359
forecast_6567,2025-10-01 15:00:00,1763.8191879527599,1145.1354758385617,917.9678216327102
forecast_6568,2025-10-01 16:00:00,2667.8943457639302,1452.0407366207312,1064.0855629175383
forecast_6569,2025-10-01 17:00:00,2641.7736316934834,1418.3886774559176,1222.9095882945055
forecast_6570,2025-10-01 18:00:00,3339.0074074146814,3254.91437741039,2475.8092223973404
forecast_6571,2025-10-01 19:00:00,4729.003582647903,4734.270066419453,3379.4469917824276
forecast_6572,2025-10-01 20:00:00,5706.253158253464,5070.11324574476,3568.469030122202
forecast_6573,2025-10-01 21:00:00,3712.4302860595867,3600.0389066985613,2399.3275891186713
forecast_6574,2025-10-01 22:00:00,3758.959620978312,3300.5727731944207,2115.7725755214406
forecast_6575,2025-10-01 23:00:00,3956.8496337634915,3372.982325599311,2183.1790959279706
forecast_6576,2025-10-02 00:00:00,4213.983221738714,3961.761258108326,2774.7594837810634
forecast_6577,2025-10-02 01:00:00,6657.657243683721,7376.965436989963,3706.104254657962
forecast_6578,2025-10-02 02:00:00,5596.490730813028,5696.7479289025205,3251.5545498575907
forecast_6579,2025-10-02 03:00:00,5512.13703885107,5509.9223794668305,2488.871813610195
forecast_6580,2025-10-02 04:00:00,3445.8165605609897,3525.2392383631573,1869.3710188291775
forecast_6581,2025-10-02 05:00:00,3009.8109039665264,1684.0588076744157,1593.1301536225947
forecast_6582,2025-10-02 06:00:00,2308.3949353927856,614.6892558670148,721.4600854737164
forecast_6583,2025-10-02 07:00:00,1777.8326778123264,724.8468631777882,569.7266202836272
forecast_6584,2025-10-02 08:00:00,399.03846193884175,215.83010385709696,294.0170185366523
forecast_6585,2025-10-02 09:00:00,1.0022711221326126,69.38844571831186,36.277167830577504
forecast_6586,2025-10-02 10:00:00,0.0,0.0,22.941003897556044
forecast_6587,2025-10-02 11:00:00,0.7812049055310438,22.90782130492794,23.148354768790167
forecast_6588,2025-10-02 12:00:00,26.201024224164932,31.442979518051718,23.24707302926876
forecast_6589,2025-10-02 13:00:00,44.367252654364776,80.70894903536693,53.61536411326391
forecast_6590,2025-10-02 14:00:00,2.2059616493356486,81.09953282205001,40.38430925599903
forecast_6591,2025-10-02 15:00:00,10.845280705611595,51.58086245161397,20.82468244991425
forecast_6592,2025-10-02 16:00:00,0.0,0.0,36.20079787825393
forecast_6593,2025-10-02 17:00:00,20.008446851983525,0.0,24.089635005406972
forecast_6594,2025-10-02 18:00:00,89.77551267714327,73.29165058616543,40.11163979498145
forecast_6595,2025-10-02 19:00:00,101.403134444107,0.0,50.626433415054905
forecast_6596,2025-10-02 20:00:00,85.45133215275585,0.0,24.15998819184882
forecast_6597,2025-10-02 21:00:00,196.15384836432483,43.576357445832144,24.117516886657747
forecast_6598,2025-10-02 22:00:00,211.13128371158507,0.0,24.404914660515487
forecast_6599,2025-10-02 23:00:00,214.57014831186154,136.00205865892613,57.21730381482368
forecast_6600,2025-10-03 00:00:00,500.0256590982734,298.8814991073521,106.49410299043667
forecast_6601,2025-10-03 01:00:00,1366.1252853822073,1669.4277204278237,470.3563179899397
forecast_6602,2025-10-03 02:00:00,1868.1673178061646,1665.005150100708,444.2809820959727
forecast_6603,2025-10-03 03:00:00,1948.6587124173204,1983.5819555882913,506.0238617263206
forecast_6604,2025-10-03 04:00:00,2010.0349688591036,2110.874545432748,453.0809769849355
forecast_6605,2025-10-03 05:00:00,1828.423262527811,2294.4041131653844,442.370101733894
forecast_6606,2025-10-03 06:00:00,1786.6656104474919,2647.537774842793,647.9426725851929
forecast_6607,2025-10-03 07:00:00,2205.4814117999645,3072.6235799713654,1101.6266632741147
forecast_6608,2025-10-03 08:00:00,2778.5545142833917,4166.705606111814,1027.150060248617
forecast_6609,2025-10-03 09:00:00,3200.93687121962,4255.974509996947,1583.1037586041266
forecast_6610,2025-10-03 10:00:00,2459.478708666778,4354.500112450186,1742.4752577616898
forecast_6611,2025-10-03 11:00:00,1920.7811253242087,4132.7507970948445,1356.85863470923
forecast_6612,2025-10-03 12:00:00,2460.6524083774416,3559.03825178928,1588.5805596149132
forecast_6613,2025-10-03 13:00:00,1472.9245395232047,3320.215635995915,1192.3356424824462
forecast_6614,2025-10-03 14:00:00,1690.632177058641,2145.489053643511,1275.8370765585364
forecast_6615,2025-10-03 15:00:00,1269.3843113499331,2174.663483717371,1036.4369761596718
forecast_6616,2025-10-03 16:00:00,3080.9638919886697,4983.550356856274,2628.1201676943792
forecast_6617,2025-10-03 17:00:00,3291.707425542102,5039.168940642733,2814.45001442093
forecast_6618,2025-10-03 18:00:00,3761.601434226887,5431.836662369769,2879.9785797415534
forecast_6619,2025-10-03 19:00:00,5443.808701856189,4906.781086223819,3614.526004736131
forecast_6620,2025-10-03 20:00:00,5026.428707828346,4340.331338718099,2710.475034030281
forecast_6621,2025-10-03 21:00:00,5888.217671939531,5829.55270439946,3047.132643741183
forecast_6622,2025-10-03 22:00:00,4534.361735572043,5280.016571756551,2682.1513419970765
forecast_6623,2025-10-03 23:00:00,4431.452507826972,4827.697138211471,1921.1281496148326
forecast_6624,2025-10-04 00:00:00,3230.4635850025566,2760.8633678143506,1272.8766183455164
forecast_6625,2025-10-04 01:00:00,2118.365834182437,2074.0089389284067,706.8666604687195
forecast_6626,2025-10-04 02:00:00,2190.8483324138406,2293.1272578700496,572.4261692212557
forecast_6627,2025-10-04 03:00:00,2207.513012148143,2221.189691589314,582.7376589515733
forecast_6628,2025-10-04 04:00:00,2449.9865126050554,1968.7798198838539,584.5140530542393
forecast_6629,2025-10-04 05:00:00,1760.0490637281434,1450.8295594363292,408.53045258272994
forecast_6630,2025-10-04 06:00:00,1572.0561330971404,1563.932699667198,433.9620933618974
forecast_6631,2025-10-04 07:00:00,1069.2113316486946,1792.7083364375474,464.6620439803747
forecast_6632,2025-10-04 08:00:00,904.4696661802283,1678.557824289012,549.503810489005
forecast_6633,2025-10-04 09:00:00,1416.7995991466807,1548.4332895231755,393.70344613582273
forecast_6634,2025-10-04 10:00:00,1250.7714642336105,1389.9803339619727,319.3496982147223
forecast_6635,2025-10-04 11:00:00,780.9028883327503,1045.9806448475608,332.84027037502636
forecast_6636,2025-10-04 12:00:00,311.6846847999777,662.8588301064034,314.7895598861916
forecast_6637,2025-10-04 13:00:00,425.6609996094989,656.1905276490216,458.8449605336121
forecast_6638,2025-10-04 14:00:00,461.36915119162524,563.2372639186674,505.39807021271474
forecast_6639,2025-10-04 15:00:00,382.09496310792184,542.3849040896113,291.7366777890245
forecast_6640,2025-10-04 16:00:00,344.91573243682996,689.6377257914601,444.944537227039
forecast_6641,2025-10-04 17:00:00,592.6652932749531,642.2009633554179,514.6081555201791
forecast_6642,2025-10-04 18:00:00,527.9762646170749,429.58607889943363,417.54452387649025
forecast_6643,2025-10-04 19:00:00,333.18916111550527,730.992861243694,459.02306634291045
forecast_6644,2025-10-04 20:00:00,423.0454193888256,661.1762675130734,407.9330717233618
forecast_6645,2025-10-04 21:00:00,332.77260496177337,566.5312410997783,300.4657890657251
forecast_6646,2025-10-04 22:00:00,226.8022424759548,655.8654149386944,224.42874078570964
forecast_6647,2025-10-04 23:00:00,237.60684707521932,300.6067297934467,111.74756601862875
forecast_6648,2025-10-05 00:00:00,118.15122318529336,332.7208900073153,18.86702943965336
forecast_6649,2025-10-05 01:00:00,22.23946954135759,100.24818231804012,58.73894685439408
forecast_6650,2025-10-05 02:00:00,0.0,115.28899634485127,22.169816457405997
forecast_6651,2025-10-05 03:00:00,0.0,47.43668235087197,20.06091828291188
forecast_6652,2025-10-05 04:00:00,0.0,15.721880073848071,23.150176577664382
forecast_6653,2025-10-05 05:00:00,0.0,0.0,23.891061387469787
forecast_6654,2025-10-05 06:00:00,57.958410075162675,66.9356671371705,23.45034522022078
forecast_6655,2025-10-05 07:00:00,95.36077576900776,145.28984563164505,29.468760221220595
forecast_6656,2025-10-05 08:00:00,116.8962534958455,142.13141926408457,28.74561024161718
forecast_6657,2025-10-05 09:00:00,71.36442761126148,132.70699208534484,33.342457504505134
forecast_6658,2025-10-05 10:00:00,15.144681087779427,36.702951226199886,38.00907783157006
forecast_6659,2025-10-05 11:00:00,0.0,16.063061622321513,66.40041241818152
forecast_6660,2025-10-05 12:00:00,21.029888172725347,114.68784657092695,44.89579034882036
forecast_6661,2025-10-05 13:00:00,53.94294056400059,0.0,44.17811941516063
forecast_6662,2025-10-05 14:00:00,54.369571333936875,17.969138702324464,27.23082282056636
forecast_6663,2025-10-05 15:00:00,100.65616339444563,128.4511300219332,70.74561472658584
forecast_6664,2025-10-05 16:00:00,192.2780713517789,381.8636880283881,151.05246459238404
forecast_6665,2025-10-05 17:00:00,180.73679442968836,283.11002399361325,99.48598306671958
forecast_6666,2025-10-05 18:00:00,233.31097378731386,416.7878393750622,155.3642318988789
forecast_6667,2025-10-05 19:00:00,660.5995950212123,723.7106952054421,284.4707574916811
forecast_6668,2025-10-05 20:00:00,854.7864318281753,875.5426891662167,312.86449820770645
forecast_6669,2025-10-05 21:00:00,1035.4962431436259,882.2201915697432,379.72141527509933
forecast_6670,2025-10-05 22:00:00,744.8082593791107,725.8561886763126,213.26688419419798
forecast_6671,2025-10-05 23:00:00,855.5334892743804,690.8396941280276,190.90306598633785
forecast_6672,2025-10-06 00:00:00,727.7072290959272,1562.2147337242382,304.42435077657484
forecast_6673,2025-10-06 01:00:00,1144.9771543182394,1697.3690208588587,604.2010468799521
forecast_6674,2025-10-06 02:00:00,1914.585980095913,1931.8811363177886,829.3310563356163
forecast_6675,2025-10-06 03:00:00,2688.598607981588,2369.997981438821,1272.7145707362224
forecast_6676,2025-10-06 04:00:00,2308.5819112785434,4398.631620296425,2421.1751042194137
forecast_6677,2025-10-06 05:00:00,2897.535039490707,5938.024735035056,3247.2074486100714
forecast_6678,2025-10-06 06:00:00,4765.266765367285,7677.236698744379,4360.601737068908
forecast_6679,2025-10-06 07:00:00,7001.808144098986,9268.679615558878,5375.843642731515
forecast_6680,2025-10-06 08:00:00,7070.8938099398265,8979.279325021855,5379.646815420992
forecast_6681,2025-10-06 09:00:00,6142.0612194652185,10967.907664559245,5271.387834727326
forecast_6682,2025-10-06 10:00:00,6468.57414761713,8145.973072435926,4504.308740251241
forecast_6683,2025-10-06 11:00:00,4766.8409553710435,6722.282101334326,4608.71752678832
forecast_6684,2025-10-06 12:00:00,4268.2721427368215,5560.98176285304,3411.7198387418216
forecast_6685,2025-10-06 13:00:00,3530.721902914925,5004.2748959656055,2700.937610822616
forecast_6686,2025-10-06 14:00:00,2950.3861612483365,4730.651664595364,2817.4619630361562
forecast_6687,2025-10-06 15:00:00,3115.755209396238,5221.432910658327,2273.336927905607
forecast_6688,2025-10-06 16:00:00,3327.5701899326264,4928.391601015451,2466.1473134848347
forecast_6689,2025-10-06 17:00:00,4777.496196392838,5088.178979343461,2782.616944596141
forecast_6690,2025-10-06 18:00:00,4883.317425270365,4468.138768425511,2607.1505499168024
forecast_6691,2025-10-06 19:00:00,5827.458337820278,5991.139911115281,3944.6353768991426
forecast_6692,2025-10-06 20:00:00,6785.207668488775,8106.8038717951285,5867.2481916445495
forecast_6693,2025-10-06 21:00:00,9848.349310310918,11087.078698472133,5781.678289229759
forecast_6694,2025-10-06 22:00:00,11063.64972327741,12190.97030660035,7286.7178098807135
forecast_6695,2025-10-06 23:00:00,9398.921547682297,12388.86577650293,8183.643233204164
forecast_6696,2025-10-07 00:00:00,10623.284866448528,12568.41795400912,7277.737284316968
forecast_6697,2025-10-07 01:00:00,8853.204873692981,11177.737267675364,6864.316179170309
forecast_6698,2025-10-07 02:00:00,7290.721593449501,8265.02486699615,5772.586460323505
forecast_6699,2025-10-07 03:00:00,6979.746451979334,9338.316097821064,6310.630635858704
forecast_6700,2025-10-07 04:00:00,6441.981395859174,8631.7874635066,6249.7063160363
forecast_6701,2025-10-07 05:00:00,6308.083646549318,7915.550422392917,5142.361022291431
forecast_6702,2025-10-07 06:00:00,6577.856754978784,8285.74334511372,4279.566330164193
forecast_6703,2025-10-07 07:00:00,6425.390888514621,8166.948427339589,3736.382995205211
forecast_6704,2025-10-07 08:00:00,5425.951927761253,7283.322925151469,2993.882990957966
forecast_6705,2025-10-07 09:00:00,4778.665062827481,5064.77886121953,3139.7558839555836
forecast_6706,2025-10-07 10:00:00,3786.1811786107833,4609.1233150716635,1685.3071081242856
forecast_6707,2025-10-07 11:00:00,3942.726385843927,4488.232595364876,2264.280652883737
forecast_6708,2025-10-07 12:00:00,2717.1691188129244,2923.2190937090245,1318.6350801107922
forecast_6709,2025-10-07 13:00:00,2734.5562703633577,3271.82288806561,847.2251966800477
forecast_6710,2025-10-07 14:00:00,2285.568027252487,2032.2712516780787,1029.2356378537947
forecast_6711,2025-10-07 15:00:00,1764.152953285343,1780.7171121748427,768.9626290368263
forecast_6712,2025-10-07 16:00:00,1602.0533398793832,1066.6261256137825,604.1813859466339
forecast_6713,2025-10-07 17:00:00,796.2261421683223,768.4653898769593,300.28376206345445
forecast_6714,2025-10-07 18:00:00,761.8271641668448,492.70700571250353,84.80810329654035
forecast_6715,2025-10-07 19:00:00,913.4288368294226,668.7776217624884,55.17156039548607
forecast_6716,2025-10-07 20:00:00,596.198436496719,456.9656658871663,14.800462725214393
forecast_6717,2025-10-07 21:00:00,294.75960565911464,170.79734590108663,26.390376616059637
forecast_6718,2025-10-07 22:00:00,282.21561012039444,123.0111066661197,26.81722717007066
forecast_6719,2025-10-07 23:00:00,265.667914926073,287.26371443610134,31.071809947151188
forecast_6720,2025-10-08 00:00:00,687.743707754876,539.1789230196451,55.32718711021583
forecast_6721,2025-10-08 01:00:00,193.92211098942957,266.5837976266002,58.47547889586216
forecast_6722,2025-10-08 02:00:00,450.1666210942203,239.6677473889623,36.12812515843937
forecast_6723,2025-10-08 03:00:00,128.59363890179884,239.11961525991074,24.893230160537144
forecast_6724,2025-10-08 04:00:00,725.8868026533644,779.9766981852894,69.05683820625418
forecast_6725,2025-10-08 05:00:00,783.8169352232381,711.1372149817219,121.24257567151821
forecast_6726,2025-10-08 06:00:00,508.0846007676039,767.8376954981818,135.22750234362624
forecast_6727,2025-10-08 07:00:00,734.3194341929507,940.2783792420659,162.1680111596509
forecast_6728,2025-10-08 08:00:00,853.2133261758373,902.2920916005905,206.48443554955597
forecast_6729,2025-10-08 09:00:00,891.6481074095199,924.4966261189172,216.14696536155972
forecast_6730,2025-10-08 10:00:00,629.5871092600927,754.3681215868432,219.97329121173192
forecast_6731,2025-10-08 11:00:00,515.1948409845913,657.8659660243419,136.80239479640863
forecast_6732,2025-10-08 12:00:00,249.1525215770677,520.5238702476108,158.1328736828708
forecast_6733,2025-10-08 13:00:00,235.89570368482165,628.4566107209737,163.7205051248716
forecast_6734,2025-10-08 14:00:00,356.78798254087036,583.7094609199472,215.02737053717635
forecast_6735,2025-10-08 15:00:00,505.4167900866653,631.9559315576661,249.1012656398286
forecast_6736,2025-10-08 16:00:00,775.841460734826,902.9128653564353,552.1719691778129
forecast_6737,2025-10-08 17:00:00,808.4801888149836,1854.6792092588908,983.0271472051616
forecast_6738,2025-10-08 18:00:00,1319.1699748095884,2445.661981852074,1250.4998274923362
forecast_6739,2025-10-08 19:00:00,2159.0187921245633,3995.8420756391456,2126.3180572558713
forecast_6740,2025-10-08 20:00:00,2401.8116129556784,4759.656536736096,2185.4779963603237
forecast_6741,2025-10-08 21:00:00,3005.1057956126574,4840.845912425874,2056.9316752987297
forecast_6742,2025-10-08 22:00:00,3382.080505669115,5746.659229779776,2474.226578028982
forecast_6743,2025-10-08 23:00:00,3549.9788692318775,6192.234932345115,3295.4355273803576
forecast_6744,2025-10-09 00:00:00,4653.000189627256,5588.40031852273,3250.674727650388
forecast_6745,2025-10-09 01:00:00,4753.778737973655,6546.466396974418,3252.311897597343
forecast_6746,2025-10-09 02:00:00,5407.054011987972,7011.681447647897,3563.285503362526
forecast_6747,2025-10-09 03:00:00,4548.471219139633,6232.780673851095,3473.0868155395865
forecast_6748,2025-10-09 04:00:00,4288.120383644865,6299.59074177816,3099.6656067755875
forecast_6749,2025-10-09 05:00:00,4417.722958463587,6477.270130105329,3515.7963000044024
forecast_6750,2025-10-09 06:00:00,4019.2200867071388,5779.872643118142,3517.8433278652815
forecast_6751,2025-10-09 07:00:00,3656.376469860255,5634.6749632875935,3821.1547588359194
forecast_6752,2025-10-09 08:00:00,3864.646892381559,5478.969359476364,3166.650669962574
forecast_6753,2025-10-09 09:00:00,4021.622304199605,4877.485013636876,3233.645924131238
forecast_6754,2025-10-09 10:00:00,3482.74114972301,4374.216339424112,2270.9789393194387
forecast_6755,2025-10-09 11:00:00,2978.112044779527,4082.2826310045994,1648.934675958833
forecast_6756,2025-10-09 12:00:00,2694.399437713354,4246.820552131637,1380.720154834748
forecast_6757,2025-10-09 13:00:00,2126.4370266912765,3236.854732615871,1302.3615590152772
forecast_6758,2025-10-09 14:00:00,1638.1859456820084,2819.502820876427,1103.2501560712626
forecast_6759,2025-10-09 15:00:00,1550.3030096870837,2562.9753860830147,864.4646418426508
forecast_6760,2025-10-09 16:00:00,1662.430397930814,1735.6000873158418,960.9761862522026
forecast_6761,2025-10-09 17:00:00,1489.062433204785,1590.2638886751304,930.7482989128275
forecast_6762,2025-10-09 18:00:00,1477.0448593387375,1364.4520448838628,659.7708914520068
forecast_6763,2025-10-09 19:00:00,1209.3867964396504,1249.5046203388472,647.9308621217369
forecast_6764,2025-10-09 20:00:00,1304.3947853015536,1317.6263796837452,674.5336084774742
forecast_6765,2025-10-09 21:00:00,1175.8703213773697,1321.6203852983895,361.2665013573388
forecast_6766,2025-10-09 22:00:00,1031.665011574036,1286.1181097526824,205.75955535382025
forecast_6767,2025-10-09 23:00:00,1016.6353200276043,1505.3038285246262,178.561133487698
forecast_6768,2025-10-10 00:00:00,1200.6746962295276,1431.94359021631,116.3326711103646
forecast_6769,2025-10-10 01:00:00,1891.1412496082417,1429.340435280194,346.13645276707064
forecast_6770,2025-10-10 02:00:00,1697.3657728058497,1980.2464908825045,383.4159375539374
forecast_6771,2025-10-10 03:00:00,1738.310678331577,2149.2380622487694,400.35679452721195
forecast_6772,2025-10-10 04:00:00,1806.306209454649,1888.5030959677133,333.2657025654731
forecast_6773,2025-10-10 05:00:00,1710.065781418577,1750.0693457683367,197.1851853164218
forecast_6774,2025-10-10 06:00:00,1918.0753312491645,2102.8748368053307,314.64047385711547
forecast_6775,2025-10-10 07:00:00,1996.0424579491169,1713.7586659623555,221.61684987039473
forecast_6776,2025-10-10 08:00:00,2117.734116607975,1648.685726294384,448.15902325389914
forecast_6777,2025-10-10 09:00:00,2012.292917321374,1705.7442573575609,382.36030158534584
forecast_6778,2025-10-10 10:00:00,1562.3185907588404,2018.7004418697288,491.121552078491
forecast_6779,2025-10-10 11:00:00,1583.0192370492869,1788.7760157862056,552.9027328468195
forecast_6780,2025-10-10 12:00:00,1302.5171511701865,1698.6099346027897,200.49982171876087
forecast_6781,2025-10-10 13:00:00,1718.4756026572854,1384.1690866803756,369.5781060296831
forecast_6782,2025-10-10 14:00:00,1808.6912936962594,1334.0793935942716,504.686763300718
forecast_6783,2025-10-10 15:00:00,1975.0912974380171,1655.1022130867118,571.9939416280843
forecast_6784,2025-10-10 16:00:00,1636.8443568497316,1740.3918152440485,654.5277261977933
forecast_6785,2025-10-10 17:00:00,1742.2786410869614,1412.1386264470468,487.9511376805682
forecast_6786,2025-10-10 18:00:00,2162.2862831310626,1552.9627066600306,563.9214451621638
forecast_6787,2025-10-10 19:00:00,1899.9965603443554,1942.479260842323,822.215445530719
forecast_6788,2025-10-10 20:00:00,1757.2327099100075,2577.5071685826524,706.1843971769887
forecast_6789,2025-10-10 21:00:00,2039.5429320724706,2633.2139745123536,981.6080699440726
forecast_6790,2025-10-10 22:00:00,1845.5480161303353,3826.718171513195,1688.5883678654977
forecast_6791,2025-10-10 23:00:00,1543.4111827413674,3773.340169399026,1010.1685813054314
forecast_6792,2025-10-11 00:00:00,2563.979378296815,3696.344538269962,1195.4249176983697
forecast_6793,2025-10-11 01:00:00,3499.6489109200193,3631.6435243356827,2042.6521429368124
forecast_6794,2025-10-11 02:00:00,3257.793951683677,3451.122664646193,1879.9982881555713
forecast_6795,2025-10-11 03:00:00,3982.1709636730166,5216.454219738155,2963.7575291038397
forecast_6796,2025-10-11 04:00:00,5341.69622408169,6217.230153331571,3380.948800890637
forecast_6797,2025-10-11 05:00:00,8085.126051641633,10730.039879000207,6184.359169171055
forecast_6798,2025-10-11 06:00:00,8443.42658362549,10859.061768430238,6024.8255394108055
forecast_6799,2025-10-11 07:00:00,8623.165780296347,10141.142371121252,4944.326212042746
forecast_6800,2025-10-11 08:00:00,8532.465053782038,9522.259807151757,4991.5765864368195
forecast_6801,2025-10-11 09:00:00,6965.7346645953985,6958.510765394416,4310.137743997207
forecast_6802,2025-10-11 10:00:00,8395.01108996676,8952.933410390018,5732.1360695105
forecast_6803,2025-10-11 11:00:00,9154.748348977835,8828.89353601733,6229.893921815825
forecast_6804,2025-10-11 12:00:00,9003.825279927984,10250.908612861425,7096.2827523671
forecast_6805,2025-10-11 13:00:00,9283.578677494479,9971.354554606516,6840.754388840083
forecast_6806,2025-10-11 14:00:00,8381.722937410115,8891.632098915275,6533.0571853041865
forecast_6807,2025-10-11 15:00:00,7801.491542000659,9526.992215662493,7290.776629019137
forecast_6808,2025-10-11 16:00:00,9387.663298726364,11002.95091405128,8631.070945598585
forecast_6809,2025-10-11 17:00:00,8616.141807800848,9907.160069864614,6369.87032531612
forecast_6810,2025-10-11 18:00:00,9075.526229345545,10768.030107000091,9344.011109984029
forecast_6811,2025-10-11 19:00:00,12028.727826367889,13355.057569139368,11501.550854778354
forecast_6812,2025-10-11 20:00:00,13032.800380614945,14702.795214811244,12302.31884955692
forecast_6813,2025-10-11 21:00:00,11997.826763045594,15034.769751053098,11845.021491624992
forecast_6814,2025-10-11 22:00:00,12531.903631078172,13785.106939452542,10806.312521097521
forecast_6815,2025-10-11 23:00:00,9492.960122454922,12969.90208476517,11911.017309347182
forecast_6816,2025-10-12 00:00:00,8184.7242083152405,12310.568793369874,7643.862736472682
forecast_6817,2025-10-12 01:00:00,9029.277266111727,13328.630445933039,7027.641294358845
forecast_6818,2025-10-12 02:00:00,7276.339179354226,11068.003735281629,5724.215283902083
forecast_6819,2025-10-12 03:00:00,5677.282231635232,7654.545842699039,4472.119856631539
forecast_6820,2025-10-12 04:00:00,4851.302205058076,6705.474811221449,3540.2961797392436
forecast_6821,2025-10-12 05:00:00,2352.754603288357,5370.8812311945185,2415.021031707648
forecast_6822,2025-10-12 06:00:00,1897.655900577778,3412.09735856255,2134.9424500422074
forecast_6823,2025-10-12 07:00:00,1359.611631302056,2426.813108574639,1519.8665913430432
forecast_6824,2025-10-12 08:00:00,1563.0780244165946,2473.2349603473535,1688.2627326337945
forecast_6825,2025-10-12 09:00:00,3411.6134921190037,3784.7397325829374,2484.74888912596
forecast_6826,2025-10-12 10:00:00,3646.596266966875,4097.26120686525,3298.8124592673053
forecast_6827,2025-10-12 11:00:00,4416.621198497753,4597.261037860026,3637.221266491192
forecast_6828,2025-10-12 12:00:00,3980.813846946127,5134.73592480261,3984.548051685412
forecast_6829,2025-10-12 13:00:00,3318.919702388753,5946.1612037804725,3420.9138959612637
forecast_6830,2025-10-12 14:00:00,3594.0416894904242,6908.397323802224,5266.57150230697
forecast_6831,2025-10-12 15:00:00,3530.3295560530314,6735.862716748559,5125.664008669379
forecast_6832,2025-10-12 16:00:00,4761.392904031999,6351.102246057584,3375.1832551278662
forecast_6833,2025-10-12 17:00:00,5316.463052206164,6797.355672805782,4196.629265100569
forecast_6834,2025-10-12 18:00:00,5103.7963801829355,7007.822772117002,3560.510784207889
forecast_6835,2025-10-12 19:00:00,5801.0487219168535,7227.018782683144,4396.344866001087
forecast_6836,2025-10-12 20:00:00,5363.352886773013,7234.700252259627,4861.786344518096
forecast_6837,2025-10-12 21:00:00,5211.108483076621,6848.2440204405,3354.927088182532
forecast_6838,2025-10-12 22:00:00,3646.866917419628,6429.945981857384,2493.3066074924004
forecast_6839,2025-10-12 23:00:00,3382.1808488928755,5566.532045472423,2315.5537414692126
forecast_6840,2025-10-13 00:00:00,2983.8205599192847,3062.78896154747,1647.9643056228158
forecast_6841,2025-10-13 01:00:00,2624.1625464152794,2200.5856696312007,816.1846736191739
forecast_6842,2025-10-13 02:00:00,1406.0590509221902,971.2745770037784,518.253434087329
forecast_6843,2025-10-13 03:00:00,678.9058114467266,1106.0326580210829,660.7571337391573
forecast_6844,2025-10-13 04:00:00,867.3190627672393,1110.8405433705989,865.604663811658
forecast_6845,2025-10-13 05:00:00,1582.7676425310951,1348.4085623899957,1000.6390922976154
forecast_6846,2025-10-13 06:00:00,2805.354438627242,2961.4563058949925,1749.778677106546
forecast_6847,2025-10-13 07:00:00,3393.0670527629745,4329.81547759643,1989.1050888959376
forecast_6848,2025-10-13 08:00:00,4168.943785482486,5585.930289382025,3110.7683863470743
forecast_6849,2025-10-13 09:00:00,4027.5022478370984,4391.907213231527,2396.245572174259
forecast_6850,2025-10-13 10:00:00,4337.995342253491,5280.656942454492,2921.9144554310697
forecast_6851,2025-10-13 11:00:00,3910.8540403822913,5239.095145350785,2567.3149666414115
forecast_6852,2025-10-13 12:00:00,4081.0427410273487,4927.586093530225,2357.911288556916
forecast_6853,2025-10-13 13:00:00,4252.726029373681,5306.145863782909,2771.1953542777237
forecast_6854,2025-10-13 14:00:00,3295.136716730314,4293.386517661341,2611.4127174056616
forecast_6855,2025-10-13 15:00:00,3971.7230259890953,5163.714357976237,2836.635624832184
forecast_6856,2025-10-13 16:00:00,3831.4135723294435,4920.509869558462,2702.4085528408887
forecast_6857,2025-10-13 17:00:00,4290.495499932889,4229.356686975451,2962.630485901592
forecast_6858,2025-10-13 18:00:00,4083.7811846323293,4953.393479132819,2623.462118841736
forecast_6859,2025-10-13 19:00:00,3653.5812006908604,4014.252391621891,2774.5464660545936
forecast_6860,2025-10-13 20:00:00,4103.731629010864,4838.948112090716,2181.0409617647215
forecast_6861,2025-10-13 21:00:00,4791.243004829788,5005.296774844226,2381.387759711971
forecast_6862,2025-10-13 22:00:00,5163.392746618683,5311.905741791678,3282.606077151903
forecast_6863,2025-10-13 23:00:00,4404.396023244419,5106.474789740769,2507.2116404501285
forecast_6864,2025-10-14 00:00:00,4804.9741694675995,5265.226140609802,3199.8264024479427
forecast_6865,2025-10-14 01:00:00,5539.122295181645,5892.030742482443,5033.1049667515545
forecast_6866,2025-10-14 02:00:00,5627.748200940866,7291.238800817836,4795.630468334424
forecast_6867,2025-10-14 03:00:00,4488.907396907158,6074.099161730944,3004.570432306803
forecast_6868,2025-10-14 04:00:00,4482.393971632973,6170.598539782414,2631.386091771439
forecast_6869,2025-10-14 05:00:00,4082.128794189628,5754.158395015969,2553.827105540919
forecast_6870,2025-10-14 06:00:00,4420.991342079624,5584.000196992724,4428.262704965659
forecast_6871,2025-10-14 07:00:00,3911.8489130190114,5000.30066890591,3661.341227864267
forecast_6872,2025-10-14 08:00:00,3791.878882240684,5498.520297952632,4453.896035708498
forecast_6873,2025-10-14 09:00:00,5174.296937096313,5502.438445137804,3899.2131307786813
forecast_6874,2025-10-14 10:00:00,4832.004953657547,6266.475632560085,3532.2771468509345
forecast_6875,2025-10-14 11:00:00,4434.045849787394,5181.901281458318,3334.571014390531
forecast_6876,2025-10-14 12:00:00,3896.601961760389,5243.722385650518,3327.3894921099577
forecast_6877,2025-10-14 13:00:00,3530.7617436869605,5262.360282206092,2764.3467656656044
forecast_6878,2025-10-14 14:00:00,3979.343727088609,5037.74787179492,3282.235812996278
forecast_6879,2025-10-14 15:00:00,4222.368109806559,5227.001483924571,2892.7688133607944
forecast_6880,2025-10-14 16:00:00,3384.4197524375622,4742.70547889464,2539.0038598580895
forecast_6881,2025-10-14 17:00:00,3654.3953756763167,5799.96258019451,3257.3295320988013
forecast_6882,2025-10-14 18:00:00,3388.7648257102405,5024.138987461381,3212.879696599354
forecast_6883,2025-10-14 19:00:00,3083.9387054358913,4243.380070456204,2578.6380434340663
forecast_6884,2025-10-14 20:00:00,3428.770536837775,5148.805491671843,3020.901282017021
forecast_6885,2025-10-14 21:00:00,3127.171278813042,4996.333196171471,2926.4315069804484
forecast_6886,2025-10-14 22:00:00,2617.2828471626162,4068.317951892594,1896.1112777870433
forecast_6887,2025-10-14 23:00:00,2623.402053295616,3839.3427095288002,1854.5860484024279
forecast_6888,2025-10-15 00:00:00,2581.9549160426695,3186.8505800656176,1596.1777993251335
forecast_6889,2025-10-15 01:00:00,2874.962839306319,3268.6962380699756,1489.559979664937
forecast_6890,2025-10-15 02:00:00,2895.8874575483396,3429.727585718136,1335.3345770115661
forecast_6891,2025-10-15 03:00:00,2929.8024290493263,3678.275086689989,1279.66970411374
forecast_6892,2025-10-15 04:00:00,2409.3113177443274,3113.3324072764017,1453.0298281490536
forecast_6893,2025-10-15 05:00:00,2108.9511950731226,2768.5445658817885,1288.4364062810105
forecast_6894,2025-10-15 06:00:00,1933.9514715533546,2851.188417372479,1543.1239930484314
forecast_6895,2025-10-15 07:00:00,1930.4595406528765,3078.124105126442,1285.3694679005746
forecast_6896,2025-10-15 08:00:00,2087.1012247950493,2608.551447861146,1184.9743857283936
forecast_6897,2025-10-15 09:00:00,1888.182746331464,1908.6190259808668,1118.558652073019
forecast_6898,2025-10-15 10:00:00,1532.2099211896013,1604.2984816161227,454.98133627430224
forecast_6899,2025-10-15 11:00:00,1363.2712581693963,1635.6352448969753,735.9994886532304
forecast_6900,2025-10-15 12:00:00,1231.0996133535493,1514.1450259874157,514.7800182347636
forecast_6901,2025-10-15 13:00:00,970.2037894822219,1146.0404100227481,384.1866670173847
forecast_6902,2025-10-15 14:00:00,671.6625026147484,841.0146953389188,294.64622161235764
forecast_6903,2025-10-15 15:00:00,562.7515217988422,616.0904196065359,385.6750606670541
forecast_6904,2025-10-15 16:00:00,479.6313027627097,458.2560674670282,448.3438701223875
forecast_6905,2025-10-15 17:00:00,771.8697667035713,1111.7438291690632,304.8025672647284
forecast_6906,2025-10-15 18:00:00,1133.3159134542866,688.4549122933312,285.24490554542626
forecast_6907,2025-10-15 19:00:00,1696.1833785599038,1235.20708222641,452.49212443613203
forecast_6908,2025-10-15 20:00:00,1763.1133532985364,1843.2257817659445,429.7142419228837
forecast_6909,2025-10-15 21:00:00,2318.0763517217106,2306.988785415694,665.9900718111444
forecast_6910,2025-10-15 22:00:00,3195.2585881698046,3520.3523949059045,950.8916998175908
forecast_6911,2025-10-15 23:00:00,3462.1346000438557,3904.6590155880126,2002.7366896184406
forecast_6912,2025-10-16 00:00:00,3148.1203219668855,4197.945621733984,1529.3835064861448
forecast_6913,2025-10-16 01:00:00,2024.9139625752334,1811.8069514713397,382.10778458443366
forecast_6914,2025-10-16 02:00:00,1796.4724826521617,1445.1952933694372,436.6345135868674
forecast_6915,2025-10-16 03:00:00,1997.9004490604495,1861.4992182193687,631.9147439064129
forecast_6916,2025-10-16 04:00:00,1175.4752170517713,2025.6344677035945,1372.9965702668317
forecast_6917,2025-10-16 05:00:00,2234.897097162206,3978.18412318065,2100.907619463356
forecast_6918,2025-10-16 06:00:00,3831.1626517814016,4642.594184640726,2295.0409271902317
forecast_6919,2025-10-16 07:00:00,4671.298974810888,5135.449116537513,3242.5576125560706
forecast_6920,2025-10-16 08:00:00,4423.530654698299,4180.753235372475,3167.0852513527157
forecast_6921,2025-10-16 09:00:00,4328.747029827379,4479.61461428754,2860.641711940713
forecast_6922,2025-10-16 10:00:00,4142.438277369563,4141.208156308425,2666.773047735376
forecast_6923,2025-10-16 11:00:00,3256.6618380551395,3886.5841932029916,2518.523265438478
forecast_6924,2025-10-16 12:00:00,3525.769369932265,4163.806125872949,3261.008360704638
forecast_6925,2025-10-16 13:00:00,3383.6507574834304,4594.331907002034,3797.1361918637886
forecast_6926,2025-10-16 14:00:00,3440.207180202089,4415.809325521982,2256.6370036139137
forecast_6927,2025-10-16 15:00:00,3385.226767391922,3853.388199551783,2382.6193416835936
forecast_6928,2025-10-16 16:00:00,2924.701879929866,4147.682403893328,2297.8023028054386
forecast_6929,2025-10-16 17:00:00,2748.942888533867,3505.43317727432,2390.0030438221597
forecast_6930,2025-10-16 18:00:00,2772.538371492149,3253.6107874128656,2216.011897802216
forecast_6931,2025-10-16 19:00:00,2757.7182378189914,3856.1705866289467,2113.8365262007355
forecast_6932,2025-10-16 20:00:00,3402.730974863976,4412.902278245209,2106.17999908423
forecast_6933,2025-10-16 21:00:00,3282.511653296267,3742.016817602948,1965.0350321274186
forecast_6934,2025-10-16 22:00:00,3219.0816643901157,3935.819216544298,2439.201939456393
forecast_6935,2025-10-16 23:00:00,2643.6937631060377,2696.1890973624786,1806.5606851102555
forecast_6936,2025-10-17 00:00:00,2402.129537125555,3087.824640223646,1381.9815979806851
forecast_6937,2025-10-17 01:00:00,2627.665512561683,3855.4693822598633,1911.8835465417608
forecast_6938,2025-10-17 02:00:00,2428.0026980400967,2633.0123879292564,1408.6443533671873
forecast_6939,2025-10-17 03:00:00,2319.7269120431147,2237.5971440072385,972.1048565406269
forecast_6940,2025-10-17 04:00:00,2425.772773233659,2007.7616682079608,842.9922620758339
forecast_6941,2025-10-17 05:00:00,1983.1419353322829,2246.266004506134,665.2057925802155
forecast_6942,2025-10-17 06:00:00,1868.565120057161,2272.9247239422675,698.386668300576
forecast_6943,2025-10-17 07:00:00,1926.5027703589326,2352.675065777421,567.0211330566518
forecast_6944,2025-10-17 08:00:00,1511.995430463915,1501.3771769471002,568.7624135036009
forecast_6945,2025-10-17 09:00:00,1682.3496527631387,1218.8151604599568,412.32734465017694
forecast_6946,2025-10-17 10:00:00,744.5543868475534,641.4724456263388,145.99736744224535
forecast_6947,2025-10-17 11:00:00,443.6935524805443,390.72255296950203,100.35737020882418
forecast_6948,2025-10-17 12:00:00,463.05429068618116,591.723194386684,102.4395625649818
forecast_6949,2025-10-17 13:00:00,485.0452841881216,510.38894815649115,51.79270333315321
forecast_6950,2025-10-17 14:00:00,279.95909887871295,237.62742229980904,34.94137677395032
forecast_6951,2025-10-17 15:00:00,380.01327142750984,343.40368855826546,176.44850675561062
forecast_6952,2025-10-17 16:00:00,439.2658589552747,192.86992545580821,298.13413072451937
forecast_6953,2025-10-17 17:00:00,1017.9280648705225,1350.6047596208498,472.45021015495155
forecast_6954,2025-10-17 18:00:00,1589.0298033016936,2490.872973555784,818.8556283542458
forecast_6955,2025-10-17 19:00:00,2305.924287298692,2588.437627632058,1567.4553565806689
forecast_6956,2025-10-17 20:00:00,2591.8000101091984,2861.0303681124583,1630.8007385094907
forecast_6957,2025-10-17 21:00:00,3415.1530911578693,4695.213300084021,1796.219891273011
forecast_6958,2025-10-17 22:00:00,3656.9682947382516,3782.8644860807244,1592.2035731718472
forecast_6959,2025-10-17 23:00:00,3253.8597387652057,4042.561412332673,1309.150370619306
forecast_6960,2025-10-18 00:00:00,2588.805282673616,2486.8100797541524,938.1931689329481
forecast_6961,2025-10-18 01:00:00,2092.226225131337,2435.8589919421224,1440.5361348093074
forecast_6962,2025-10-18 02:00:00,2999.210768307488,3539.3931622065666,1962.8232430902444
forecast_6963,2025-10-18 03:00:00,3506.8455873776106,3758.0140319737134,2358.839306059871
forecast_6964,2025-10-18 04:00:00,3927.9550463001065,4054.0278113238855,2960.910539891768
forecast_6965,2025-10-18 05:00:00,4072.6013912906596,1897.873981038134,1861.1466494792642
forecast_6966,2025-10-18 06:00:00,1264.2276053017695,769.6576145560787,531.8241714731291
forecast_6967,2025-10-18 07:00:00,825.7121565978176,663.2020409011429,1033.4021761432698
forecast_6968,2025-10-18 08:00:00,1266.680334074682,1050.661232683523,1196.255480512874
forecast_6969,2025-10-18 09:00:00,1134.7233375159144,1044.4062833157527,926.6481920745554
forecast_6970,2025-10-18 10:00:00,927.4024960401711,888.557460304726,656.8969915396591
forecast_6971,2025-10-18 11:00:00,1020.0577258402785,1177.7801174770673,972.5486579511718
forecast_6972,2025-10-18 12:00:00,1352.8021376077206,2003.0197898576123,2003.997227216106
forecast_6973,2025-10-18 13:00:00,1388.9021835483213,2449.8095397574034,1639.7190632945667
forecast_6974,2025-10-18 14:00:00,1426.754427280583,1898.0631317031182,1549.027735476993
forecast_6975,2025-10-18 15:00:00,1881.5136751485782,2049.230356115106,1485.495828818352
forecast_6976,2025-10-18 16:00:00,2422.589208124426,2915.819557861573,1837.1327454271404
forecast_6977,2025-10-18 17:00:00,1438.3965557221827,2132.687671647469,1767.7384385878397
forecast_6978,2025-10-18 18:00:00,1000.0379902555336,1963.50137745808,1534.3738603931029
forecast_6979,2025-10-18 19:00:00,866.0489999634608,1693.0841084928118,1014.8231287178438
forecast_6980,2025-10-18 20:00:00,1058.9368874221725,1752.7791346332858,1073.5300018467779
forecast_6981,2025-10-18 21:00:00,954.0127267783715,1446.3693491596944,1055.7869054890634
forecast_6982,2025-10-18 22:00:00,1084.555658479244,1212.831726954175,795.512808141888
forecast_6983,2025-10-18 23:00:00,992.1714097788396,872.5945299522801,773.3731123492825
forecast_6984,2025-10-19 00:00:00,809.7665639477709,790.4696186492662,447.7082600840658
forecast_6985,2025-10-19 01:00:00,527.9558254002881,520.6071373628863,197.35770538660046
forecast_6986,2025-10-19 02:00:00,415.4906518799555,444.9705067703838,96.42449301187158
forecast_6987,2025-10-19 03:00:00,287.3549357948085,221.82177504178378,79.4971991192127
forecast_6988,2025-10-19 04:00:00,498.03752622809674,356.41703324705804,214.5178274043734
forecast_6989,2025-10-19 05:00:00,301.08281373288366,208.4236447913757,45.50739790008539
forecast_6990,2025-10-19 06:00:00,271.8244591421617,123.16384947984538,48.58359882143473
forecast_6991,2025-10-19 07:00:00,472.9243867277955,543.5381589270056,188.97834432735226
forecast_6992,2025-10-19 08:00:00,961.6612429516472,773.7431946374871,228.00004935080577
forecast_6993,2025-10-19 09:00:00,1189.7744850185982,834.7198288480281,228.29974665367976
forecast_6994,2025-10-19 10:00:00,643.0666036066542,355.6490145908635,200.0703833661119
forecast_6995,2025-10-19 11:00:00,715.9064481554927,754.7287298378258,401.72709002521265
forecast_6996,2025-10-19 12:00:00,729.3240798261409,856.4329448314726,222.47431386945502
forecast_6997,2025-10-19 13:00:00,1735.0668315560324,1735.5390939082959,1525.298736984108
forecast_6998,2025-10-19 14:00:00,3856.4116876465164,2950.5169255879728,1696.3233906898156
forecast_6999,2025-10-19 15:00:00,4282.041635276837,2805.236372648836,2135.4797984748097
forecast_7000,2025-10-19 16:00:00,3914.956083408632,4216.734367298293,2937.4123863376467
forecast_7001,2025-10-19 17:00:00,4747.47931988072,3897.7515305394336,2871.98326191416
forecast_7002,2025-10-19 18:00:00,5068.538675154505,5143.177974334688,3410.072661384376
forecast_7003,2025-10-19 19:00:00,5003.419920097107,5384.546263294736,3002.876786445138
forecast_7004,2025-10-19 20:00:00,5240.054665066279,5691.535088666271,3736.0936809795667
forecast_7005,2025-10-19 21:00:00,4382.327462718037,4589.292142673898,2591.088945812536
forecast_7006,2025-10-19 22:00:00,3703.465828086891,4560.241671278307,3211.809727799687
forecast_7007,2025-10-19 23:00:00,3916.46969449241,3276.92503221944,2404.4610322918343
forecast_7008,2025-10-20 00:00:00,4180.945254306242,2440.4312718660713,1570.7265057673721
forecast_7009,2025-10-20 01:00:00,1271.5362760602497,663.8332463354549,282.9387226825759
forecast_7010,2025-10-20 02:00:00,746.1673260377991,351.30081294113626,286.60210427312535
forecast_7011,2025-10-20 03:00:00,1044.2757111400422,377.80641615888476,519.9392311908838
forecast_7012,2025-10-20 04:00:00,1047.0427729923351,814.6479264405034,615.0074610476476
forecast_7013,2025-10-20 05:00:00,1231.0519106813774,838.8486967146828,504.02429266290477
forecast_7014,2025-10-20 06:00:00,1403.9527796426496,2204.429026516009,1540.053747079508
forecast_7015,2025-10-20 07:00:00,1559.3310872238906,2124.449172040567,1436.046399562001
forecast_7016,2025-10-20 08:00:00,1734.1455720393178,2171.460370257504,1423.0006263068972
forecast_7017,2025-10-20 09:00:00,2368.041678485846,2944.0386698972607,1237.764396793121
forecast_7018,2025-10-20 10:00:00,1875.544460230059,2244.823751722948,1891.5220448591883
forecast_7019,2025-10-20 11:00:00,1835.0648518122164,2779.165113544581,1617.0543793237914
forecast_7020,2025-10-20 12:00:00,1810.6911567880136,2688.3977040282225,1787.7503885622482
forecast_7021,2025-10-20 13:00:00,1460.654095624364,1769.0874641484393,1224.6310877980195
forecast_7022,2025-10-20 14:00:00,895.6452217092095,1697.519052120195,1092.6950696252231
forecast_7023,2025-10-20 15:00:00,508.36102618740523,868.422123946089,640.0973551390582
forecast_7024,2025-10-20 16:00:00,685.1944904700158,668.4398299326334,216.70995547509307
forecast_7025,2025-10-20 17:00:00,548.4214121573924,372.6111955302041,231.2341664743598
forecast_7026,2025-10-20 18:00:00,360.922174604579,518.8184739663218,206.10248461741665
forecast_7027,2025-10-20 19:00:00,399.09037084974335,398.2694463938884,166.5822031618612
forecast_7028,2025-10-20 20:00:00,159.02716272560133,180.59321037391666,45.72710300026152
forecast_7029,2025-10-20 21:00:00,94.82713079916302,15.339661237495447,31.934652006750913
forecast_7030,2025-10-20 22:00:00,293.4553597474322,12.29959633616757,22.775886676694768
forecast_7031,2025-10-20 23:00:00,343.66720576300503,0.0,33.663799752844064
forecast_7032,2025-10-21 00:00:00,551.9532517438139,287.4402800979998,12.611395528392887
forecast_7033,2025-10-21 01:00:00,1418.1536723736506,1087.6677221331106,440.4279755656986
forecast_7034,2025-10-21 02:00:00,1481.270590228416,1330.7559286723426,732.8715618149889
forecast_7035,2025-10-21 03:00:00,1416.956429328137,1150.8333282372794,715.0207567833577
forecast_7036,2025-10-21 04:00:00,1453.8956419081783,772.3940378933274,812.0987670911611
forecast_7037,2025-10-21 05:00:00,1505.933142061721,621.5766234233035,374.1123791534054
forecast_7038,2025-10-21 06:00:00,473.97890841131925,44.97223711478536,227.5019981545288
forecast_7039,2025-10-21 07:00:00,514.405213381821,0.0,136.78310847973188
forecast_7040,2025-10-21 08:00:00,310.5467396384926,283.59532796425384,188.35886334519358
forecast_7041,2025-10-21 09:00:00,118.63768092281347,35.732618694481516,151.47641769545658
forecast_7042,2025-10-21 10:00:00,0.0,0.0,26.419621032723335
forecast_7043,2025-10-21 11:00:00,4.682718365099946,0.36022830044507215,68.51625174669803
forecast_7044,2025-10-21 12:00:00,30.454903522215783,0.0,141.4536421831077
forecast_7045,2025-10-21 13:00:00,49.32125462917606,0.0,26.885535009848564
forecast_7046,2025-10-21 14:00:00,67.45370580411345,166.96700856151145,47.91927671157112
forecast_7047,2025-10-21 15:00:00,65.416705465556,167.81180411175947,93.41353523248522
forecast_7048,2025-10-21 16:00:00,226.26975867033528,275.735235587083,240.95554848639048
forecast_7049,2025-10-21 17:00:00,80.71138441906457,235.5572818636481,140.9934683384281
forecast_7050,2025-10-21 18:00:00,117.94977358511649,162.62837614061786,115.42821106551395
forecast_7051,2025-10-21 19:00:00,209.05298501448019,236.1694087425195,69.80825064864239
forecast_7052,2025-10-21 20:00:00,249.20014930270008,185.8694439470473,72.74457983177419
forecast_7053,2025-10-21 21:00:00,530.3447736201116,735.9699003722504,792.2810894106575
forecast_7054,2025-10-21 22:00:00,462.5373088246716,161.52108537581796,280.48767985512416
forecast_7055,2025-10-21 23:00:00,518.564112124745,340.95218727054066,369.11284903529406
forecast_7056,2025-10-22 00:00:00,969.9445606876874,629.1639772937673,496.8518388003964
forecast_7057,2025-10-22 01:00:00,342.33605370922527,385.4000740667612,169.26719500695535
forecast_7058,2025-10-22 02:00:00,444.66007625718953,392.50398286690785,218.2108476466254
forecast_7059,2025-10-22 03:00:00,450.7189598003816,276.9523394921384,236.89688384444415
forecast_7060,2025-10-22 04:00:00,766.9288057009561,803.7927810820212,256.3995662116005
forecast_7061,2025-10-22 05:00:00,831.389374903917,624.6165920601097,269.40851202608513
forecast_7062,2025-10-22 06:00:00,1061.0458476724584,1675.3684089908606,793.5811117087126
forecast_7063,2025-10-22 07:00:00,1384.3746353034285,1976.557392815261,720.5487231871695
forecast_7064,2025-10-22 08:00:00,1780.9837849566923,2759.656533098064,882.1641689299584
forecast_7065,2025-10-22 09:00:00,2522.0797554145706,3184.282406738236,1371.8444723708099
forecast_7066,2025-10-22 10:00:00,1275.8148343130945,1731.481899946943,1128.1472202366076
forecast_7067,2025-10-22 11:00:00,2165.010664524739,2304.533469025729,1160.6897009397082
forecast_7068,2025-10-22 12:00:00,1310.5176831734739,1092.8084492779126,639.9603311392381
forecast_7069,2025-10-22 13:00:00,942.069503136228,799.6051597150023,582.0913761040214
forecast_7070,2025-10-22 14:00:00,719.2308792223961,625.9457432444816,448.4059618984194
forecast_7071,2025-10-22 15:00:00,405.48040347359375,872.5064343618882,505.3738327031394
forecast_7072,2025-10-22 16:00:00,538.1791311957495,1090.2804884414356,715.5498553240225
forecast_7073,2025-10-22 17:00:00,772.6741500634231,832.4445378453709,484.4190787861685
forecast_7074,2025-10-22 18:00:00,858.0343518912059,814.8816220434454,282.3510318500929
forecast_7075,2025-10-22 19:00:00,1013.1067492582969,1095.2193737074815,293.6561579059635
forecast_7076,2025-10-22 20:00:00,1086.4155568890858,1464.9509797361352,237.4607257375601
forecast_7077,2025-10-22 21:00:00,1400.5052811176868,1310.6686854156487,232.49615277283917
forecast_7078,2025-10-22 22:00:00,1691.5173389891122,1217.809644795629,267.4754889283976
forecast_7079,2025-10-22 23:00:00,1685.0469853456586,1517.1789496642552,332.59979798752477
forecast_7080,2025-10-23 00:00:00,1209.3486291111676,840.458617350604,114.63471797531855
forecast_7081,2025-10-23 01:00:00,367.62402630836937,95.47463898575498,53.541735953370996
forecast_7082,2025-10-23 02:00:00,270.65869953360254,107.61870477852491,50.378073453645655
forecast_7083,2025-10-23 03:00:00,272.1031355813272,0.0,48.18120094451062
forecast_7084,2025-10-23 04:00:00,136.6094267875729,45.145909932778295,35.05579561010818
forecast_7085,2025-10-23 05:00:00,170.9019683474105,129.07437689109773,36.557354056067645
forecast_7086,2025-10-23 06:00:00,191.87964855063703,22.492614206935766,31.226907592607937
forecast_7087,2025-10-23 07:00:00,197.3959253959381,0.0,29.25772594119644
forecast_7088,2025-10-23 08:00:00,267.9421719485954,57.879105602049776,38.800594849310876
forecast_7089,2025-10-23 09:00:00,87.36026646976282,0.0,36.14652008793238
forecast_7090,2025-10-23 10:00:00,19.569504364498307,0.0,23.770313909531158
forecast_7091,2025-10-23 11:00:00,10.335475477620607,0.0,23.815314149900583
forecast_7092,2025-10-23 12:00:00,10.363770989411043,0.0,45.90378752347104
forecast_7093,2025-10-23 13:00:00,69.33601153189,191.79796595161187,136.4939509636951
forecast_7094,2025-10-23 14:00:00,75.30085848578872,0.0,64.97068745635717
forecast_7095,2025-10-23 15:00:00,42.342180479764764,14.349915377267315,96.31884286732578
forecast_7096,2025-10-23 16:00:00,116.86112499243292,204.47566149966474,108.3113507364367
forecast_7097,2025-10-23 17:00:00,156.65863579946944,78.69971698249687,95.78748155460526
forecast_7098,2025-10-23 18:00:00,376.8191066379041,176.5437109340166,107.18259023842728
forecast_7099,2025-10-23 19:00:00,407.2674967850027,190.16323490399634,145.90882723192283
forecast_7100,2025-10-23 20:00:00,381.551642478665,261.6852160631734,146.87728237368782
forecast_7101,2025-10-23 21:00:00,456.48008490256825,319.656755589336,176.05447649988577
forecast_7102,2025-10-23 22:00:00,442.51898664072473,321.4640956008058,162.05712828819617
forecast_7103,2025-10-23 23:00:00,404.1220315503667,461.39725842166615,173.87626473222988
forecast_7104,2025-10-24 00:00:00,469.3829058258967,1539.565709330883,628.8565309827766
forecast_7105,2025-10-24 01:00:00,578.3663899756631,1366.5256096947307,809.8189406004227
forecast_7106,2025-10-24 02:00:00,805.3946239006744,1329.0628968937665,529.6925659940264
forecast_7107,2025-10-24 03:00:00,1543.211460611411,2266.3419979850146,1739.0685375375504
forecast_7108,2025-10-24 04:00:00,1187.8193787031141,1875.1886242907842,1599.498320859611
forecast_7109,2025-10-24 05:00:00,2341.887735582689,2230.9483390829914,1479.7352362613644
forecast_7110,2025-10-24 06:00:00,3197.810570381446,2890.4889472905497,1287.946851482511
forecast_7111,2025-10-24 07:00:00,2912.4803417704784,3120.3937714268527,2159.813160546308
forecast_7112,2025-10-24 08:00:00,2674.633407267264,3271.1535319549826,1942.619908262141
forecast_7113,2025-10-24 09:00:00,1175.7106763665813,1204.5767617065653,1140.2782585082948
forecast_7114,2025-10-24 10:00:00,1146.9972764091808,1964.6187106134535,1551.2906647227508
forecast_7115,2025-10-24 11:00:00,1079.6092162538841,1900.747698147938,813.3415110870163
forecast_7116,2025-10-24 12:00:00,1358.0000791112766,1373.3137913932965,651.7276619931185
forecast_7117,2025-10-24 13:00:00,1174.5739923694107,1241.252828299377,626.4159808263987
forecast_7118,2025-10-24 14:00:00,1264.2006252550295,999.45339345781,412.7345536479806
forecast_7119,2025-10-24 15:00:00,1180.1301308455013,1235.5442612587033,405.2348571631582
forecast_7120,2025-10-24 16:00:00,1751.6518183275089,1610.0320896141225,590.8225412985531
forecast_7121,2025-10-24 17:00:00,2207.6899825186165,1947.9959321509605,454.1764074450447
forecast_7122,2025-10-24 18:00:00,2611.017007851286,1739.8272541600002,950.2038343126115
forecast_7123,2025-10-24 19:00:00,2688.7657555455617,1965.1357042026052,787.0585010430672
forecast_7124,2025-10-24 20:00:00,2258.804947301464,2023.6643212174326,896.6962278227276
forecast_7125,2025-10-24 21:00:00,2813.3525693435504,2355.262265297709,1124.7666484096278
forecast_7126,2025-10-24 22:00:00,2592.5470429890706,2146.714843790866,1088.5520212141785
forecast_7127,2025-10-24 23:00:00,2078.9740681732465,1890.8124496242551,631.6321768659077
forecast_7128,2025-10-25 00:00:00,2019.1422574064752,1580.7119881943759,462.105439576518
forecast_7129,2025-10-25 01:00:00,2170.42476611451,2176.5451172976937,572.2198082899312
forecast_7130,2025-10-25 02:00:00,2057.5674240095027,1866.5750264559726,351.5151799242215
forecast_7131,2025-10-25 03:00:00,1876.0020728174882,1685.5871349463566,151.36978350752895
forecast_7132,2025-10-25 04:00:00,2066.4993816688966,1561.9182967527101,317.1936322264712
forecast_7133,2025-10-25 05:00:00,1689.1317639851204,1368.0208396014998,280.9263459231406
forecast_7134,2025-10-25 06:00:00,1343.1652177543172,1271.6138923674964,209.33897599799914
forecast_7135,2025-10-25 07:00:00,2094.0794177980856,1551.7883905320475,534.9975373853459
forecast_7136,2025-10-25 08:00:00,1721.6872574840927,1417.8624142193275,561.0727642923465
forecast_7137,2025-10-25 09:00:00,1690.026511272283,1397.239189465328,478.65849049361117
forecast_7138,2025-10-25 10:00:00,640.7193023756817,375.6145567406412,266.0378886365532
forecast_7139,2025-10-25 11:00:00,326.3757362723688,196.67956408594623,158.14740302221108
forecast_7140,2025-10-25 12:00:00,247.88390453817462,289.65697362325193,296.00183051096303
forecast_7141,2025-10-25 13:00:00,839.1445685734053,436.15570827634775,456.83244427722263
forecast_7142,2025-10-25 14:00:00,503.2995315277849,413.44776829455213,245.84396853891457
forecast_7143,2025-10-25 15:00:00,188.11510224953673,293.4531988033423,83.42520032422568
forecast_7144,2025-10-25 16:00:00,346.41654564470053,419.9637626452828,259.2050861807604
forecast_7145,2025-10-25 17:00:00,392.2898998354634,346.615223439664,199.05035548362463
forecast_7146,2025-10-25 18:00:00,809.3981684571927,105.01068319346645,83.15248509148411
forecast_7147,2025-10-25 19:00:00,700.9461454509227,95.90267580862401,234.76667103139445
forecast_7148,2025-10-25 20:00:00,741.465721057932,548.83801654938,461.8152135800215
forecast_7149,2025-10-25 21:00:00,671.6602062189759,220.7692191993947,303.6367061554472
forecast_7150,2025-10-25 22:00:00,653.3310845430251,0.0,393.3021799272755
forecast_7151,2025-10-25 23:00:00,804.6537644851387,852.2079599055352,410.44206643357603
forecast_7152,2025-10-26 00:00:00,1723.5489168855065,846.4194848794212,968.1740991714662
forecast_7153,2025-10-26 01:00:00,225.98959264520175,293.4043773684754,163.48713652309706
forecast_7154,2025-10-26 02:00:00,370.39899152170267,545.7418377887333,219.30257846647788
forecast_7155,2025-10-26 03:00:00,672.9679349846853,818.0433742431445,258.4058578140878
forecast_7156,2025-10-26 04:00:00,1126.9278783262407,968.7592438410309,369.27753958599743
forecast_7157,2025-10-26 05:00:00,1798.2154097340344,1168.0211360572384,737.1962025124715
forecast_7158,2025-10-26 06:00:00,2147.125379025713,867.8387282151548,741.6257364069567
forecast_7159,2025-10-26 07:00:00,2466.267756681,1097.9464830391446,580.4135977246087
forecast_7160,2025-10-26 08:00:00,2368.5802604724977,1999.5255151780755,993.6351322374796
forecast_7161,2025-10-26 09:00:00,2534.1660066410373,2276.517971882394,1408.1053175122113
forecast_7162,2025-10-26 10:00:00,2157.03249091112,1363.383151578507,882.9033522875361
forecast_7163,2025-10-26 11:00:00,1564.123082119782,1199.9974483146623,1280.5007758847398
forecast_7164,2025-10-26 12:00:00,2370.8581990058774,2037.2606056759114,1356.007891012356
forecast_7165,2025-10-26 13:00:00,2169.5963691390098,2076.9882371360327,1730.2016196754012
forecast_7166,2025-10-26 14:00:00,3056.835678420823,2730.3295237141456,1758.0561344175403
forecast_7167,2025-10-26 15:00:00,3154.8748821842496,3614.8646962304365,2171.871508535673
forecast_7168,2025-10-26 16:00:00,4090.6758719982595,4218.507080756282,2160.7341243563424
forecast_7169,2025-10-26 17:00:00,5571.49262175915,4618.102811489364,2251.7628904397898
forecast_7170,2025-10-26 18:00:00,5566.176069720466,5072.516265537792,3880.4467610447764
forecast_7171,2025-10-26 19:00:00,5766.331606994526,6217.49814982842,4758.652733903104
forecast_7172,2025-10-26 20:00:00,6834.489921892278,7631.174750097233,6760.8158044975025
forecast_7173,2025-10-26 21:00:00,7987.421329512641,9954.714378602272,7264.76272117231
forecast_7174,2025-10-26 22:00:00,11640.650773983378,11699.855196375172,9004.575214956192
forecast_7175,2025-10-26 23:00:00,10858.280234148237,12510.177267894875,10242.758769548567
forecast_7176,2025-10-27 00:00:00,12903.481452747863,14656.883572529057,10233.693385942408
forecast_7177,2025-10-27 01:00:00,14657.78113690933,15345.859970349204,12577.831436716315
forecast_7178,2025-10-27 02:00:00,15590.193632739833,16186.029609528632,10597.213432882696
forecast_7179,2025-10-27 03:00:00,16649.08052679822,17724.48724216196,12755.454262650637
forecast_7180,2025-10-27 04:00:00,16714.2633978436,18718.414515780336,11617.672680983564
forecast_7181,2025-10-27 05:00:00,15792.930768953924,16827.89258788519,12361.977267868988
forecast_7182,2025-10-27 06:00:00,13907.399585575587,15228.06178802895,11605.751862483054
forecast_7183,2025-10-27 07:00:00,13102.688664566747,15487.076160869796,9335.751572875526
forecast_7184,2025-10-27 08:00:00,12001.70457014206,13094.223205806706,9371.704537530683
forecast_7185,2025-10-27 09:00:00,11413.33934194422,12904.601610733009,8803.251606517088
forecast_7186,2025-10-27 10:00:00,9877.528973544235,10778.454189800861,6435.476971896039
forecast_7187,2025-10-27 11:00:00,9287.824093893902,11191.960796356863,5924.262625222848
forecast_7188,2025-10-27 12:00:00,11408.86756069519,12199.751319918165,8906.293482712026
forecast_7189,2025-10-27 13:00:00,12336.545761252037,11838.405381087792,9601.210841055923
forecast_7190,2025-10-27 14:00:00,13457.784066022139,13038.293530435174,9974.810512122864
forecast_7191,2025-10-27 15:00:00,13318.904512295861,12628.186538811884,9837.83747977466
forecast_7192,2025-10-27 16:00:00,13022.250499533762,12519.439767596417,10243.941241381137
forecast_7193,2025-10-27 17:00:00,13354.02499552504,13841.042368828845,11608.34871757531
forecast_7194,2025-10-27 18:00:00,12708.16702944999,12373.106097642649,10304.49928096684
forecast_7195,2025-10-27 19:00:00,12624.556159493468,11110.313653748573,10023.292892149811
forecast_7196,2025-10-27 20:00:00,12902.54859501549,11604.518301935022,8619.37976801039
forecast_7197,2025-10-27 21:00:00,11634.387541872562,11213.615799035413,8711.97054640306
forecast_7198,2025-10-27 22:00:00,11806.015410086044,11438.62048557749,8816.123264820711
forecast_7199,2025-10-27 23:00:00,10130.613802398539,10061.38289286571,8250.740933201374
forecast_7200,2025-10-28 00:00:00,10226.33640060632,10210.567053822495,6980.074753656799
forecast_7201,2025-10-28 01:00:00,11075.097834034612,11149.126370965774,9520.27928316343
forecast_7202,2025-10-28 02:00:00,14134.587624137126,16157.322778862459,9924.501955316151
forecast_7203,2025-10-28 03:00:00,12389.049563406426,14759.692071372834,8365.578351118083
forecast_7204,2025-10-28 04:00:00,11759.903458383185,13026.761745357999,6803.513740820108
forecast_7205,2025-10-28 05:00:00,10602.85101970162,10922.327592016947,6358.329758536818
forecast_7206,2025-10-28 06:00:00,10182.297549786612,9514.922612234594,4619.116842616975
forecast_7207,2025-10-28 07:00:00,9949.429992219048,8098.696932468689,4512.769363251704
forecast_7208,2025-10-28 08:00:00,8437.418864245436,7245.455454085026,3583.9330737858045
forecast_7209,2025-10-28 09:00:00,7161.443908823047,5454.3572801214095,2700.968573564941
forecast_7210,2025-10-28 10:00:00,3236.009409524156,3250.948301264416,2460.5345543377102
forecast_7211,2025-10-28 11:00:00,2381.3553374216335,2332.5890856399706,1649.0939054235885
forecast_7212,2025-10-28 12:00:00,3111.583853909604,2604.377528102626,1601.4713777944353
forecast_7213,2025-10-28 13:00:00,4185.86870818737,2974.2291112027888,1946.772860596935
forecast_7214,2025-10-28 14:00:00,4045.0933650625484,2513.629441647884,2049.133022176678
forecast_7215,2025-10-28 15:00:00,3234.1758451885726,2120.1644816819908,1934.8974340562377
forecast_7216,2025-10-28 16:00:00,2802.3701604038674,1915.1334786755638,2366.2980914174746
forecast_7217,2025-10-28 17:00:00,2548.7410254265637,2692.497425099948,1486.8579555028798
forecast_7218,2025-10-28 18:00:00,4930.510455893758,4610.73434073714,3147.614292248733
forecast_7219,2025-10-28 19:00:00,7070.600869616652,6471.66802678365,3741.2107408717507
forecast_7220,2025-10-28 20:00:00,7446.656002540379,7694.556960980477,4734.354587521018
forecast_7221,2025-10-28 21:00:00,7721.084479569838,9105.998895059447,4407.0163337849535
forecast_7222,2025-10-28 22:00:00,6988.813732619436,8001.599595394383,3998.776769646809
forecast_7223,2025-10-28 23:00:00,6842.7021987231565,7597.566606331894,3508.890470851693
forecast_7224,2025-10-29 00:00:00,7021.652454414683,7204.960097808487,3822.05472618401
forecast_7225,2025-10-29 01:00:00,5966.125418098759,5166.783419496709,2078.1653845319006
forecast_7226,2025-10-29 02:00:00,4597.242255218779,3923.747967759152,1533.6000932604588
forecast_7227,2025-10-29 03:00:00,4374.745500292633,4389.504909867681,1779.8857170106787
forecast_7228,2025-10-29 04:00:00,4097.058783231696,2781.4773043699624,1210.6257943175556
forecast_7229,2025-10-29 05:00:00,3591.3993609684408,2326.9741164680995,1159.1944202324855
forecast_7230,2025-10-29 06:00:00,3196.4905759975263,1817.311559760777,819.0161025377785
forecast_7231,2025-10-29 07:00:00,2545.838302578158,1603.16845068801,414.72832899640883
forecast_7232,2025-10-29 08:00:00,1872.1722604160102,936.5855542045979,323.2478953276534
forecast_7233,2025-10-29 09:00:00,329.35956039912844,324.1555744767675,123.7213858005427
forecast_7234,2025-10-29 10:00:00,42.60170403461561,0.0,33.26811988851611
forecast_7235,2025-10-29 11:00:00,0.0,0.0,23.123770620376373
forecast_7236,2025-10-29 12:00:00,7.143129955873285,17.13528490096599,23.7001505048462
forecast_7237,2025-10-29 13:00:00,29.36203962091727,0.0,23.7930437829762
forecast_7238,2025-10-29 14:00:00,81.3842021882973,0.0,27.5448387892595
forecast_7239,2025-10-29 15:00:00,21.57435986247796,0.0,23.424589579066062
forecast_7240,2025-10-29 16:00:00,52.22970767966125,17.38554704373761,23.483427441096595
forecast_7241,2025-10-29 17:00:00,85.50888372168403,45.71348419854465,40.98319017812954
forecast_7242,2025-10-29 18:00:00,319.68415247093816,183.45387330623603,161.83901612802958
forecast_7243,2025-10-29 19:00:00,2006.171754195404,1457.338468427174,389.24986610666986
forecast_7244,2025-10-29 20:00:00,2308.93052728816,2607.833675147083,858.9279903908262
forecast_7245,2025-10-29 21:00:00,3052.2430851327513,4118.613188787683,1638.281326627036
forecast_7246,2025-10-29 22:00:00,4607.344427011022,5990.845319513627,2789.7722256192724
forecast_7247,2025-10-29 23:00:00,4510.553755523125,5785.356032417348,2824.093586917556
forecast_7248,2025-10-30 00:00:00,4909.080270145637,6913.573606198299,3342.7038398275176
forecast_7249,2025-10-30 01:00:00,4332.5952378392885,6160.5499091959255,3061.004181187924
forecast_7250,2025-10-30 02:00:00,6118.734858690602,8676.310716885157,4523.422588554707
forecast_7251,2025-10-30 03:00:00,10882.051572492684,10204.221373494458,5749.050328367548
forecast_7252,2025-10-30 04:00:00,10835.88875013733,11867.015710862264,5270.049076615388
forecast_7253,2025-10-30 05:00:00,10566.363324775106,12370.24110002516,5368.970426454022
forecast_7254,2025-10-30 06:00:00,11489.852904871337,11382.670975636262,5578.54015066327
forecast_7255,2025-10-30 07:00:00,9104.673966688979,8404.798009047172,4326.71325149398
forecast_7256,2025-10-30 08:00:00,9270.257866865826,7200.895135449254,4085.5036521542443
forecast_7257,2025-10-30 09:00:00,6458.658531795148,5047.190814743237,2502.417138278867
forecast_7258,2025-10-30 10:00:00,3033.7824711396925,3910.759346869882,1689.5362044675853
forecast_7259,2025-10-30 11:00:00,2073.5789130937396,1874.524366703805,1095.0722595810425
forecast_7260,2025-10-30 12:00:00,355.7434624698367,894.5677719690109,578.4746038110094
forecast_7261,2025-10-30 13:00:00,729.5488552411847,1029.3825993552061,347.2713158590824
forecast_7262,2025-10-30 14:00:00,634.4673863498657,833.58519817012,530.9585522895389
forecast_7263,2025-10-30 15:00:00,478.79646422862254,710.0839640203516,451.20301443249633
forecast_7264,2025-10-30 16:00:00,840.6770927330122,728.6250547584696,703.0455602651523
forecast_7265,2025-10-30 17:00:00,2192.0095101869306,1674.1749845133713,1059.81325066476
forecast_7266,2025-10-30 18:00:00,2694.8414777492944,1589.5074454768949,1129.87409691702
forecast_7267,2025-10-30 19:00:00,2898.934923803263,2088.5463539294483,1506.789026050194
forecast_7268,2025-10-30 20:00:00,3325.2638014175964,2211.1401636881906,1201.1088871112713
forecast_7269,2025-10-30 21:00:00,3813.1671038448912,2459.342987774439,1611.8180446014417
forecast_7270,2025-10-30 22:00:00,2888.1243864560874,1658.5469760083315,747.472463800412
forecast_7271,2025-10-30 23:00:00,3106.3510095287365,1552.675170591978,899.2743908876729
forecast_7272,2025-10-31 00:00:00,2272.03911454295,1591.7291078295268,1265.9813720434627
forecast_7273,2025-10-31 01:00:00,523.8441317572997,35.88897158682496,155.34184224669684
forecast_7274,2025-10-31 02:00:00,352.18016262100815,238.8711474261653,56.99349341777183
forecast_7275,2025-10-31 03:00:00,304.6067013177798,37.30383800317839,75.49008479975748
forecast_7276,2025-10-31 04:00:00,413.1459918874853,0.0,71.26983290709822
forecast_7277,2025-10-31 05:00:00,411.64578346069027,132.7485047007665,41.683146086296404
forecast_7278,2025-10-31 06:00:00,447.7006983777022,270.06091581924807,55.78650413499845
forecast_7279,2025-10-31 07:00:00,211.1629330347029,147.06060603495015,29.103322505346966
forecast_7280,2025-10-31 08:00:00,508.41551648859024,285.9174033221032,162.21945848487172
forecast_7281,2025-10-31 09:00:00,529.9428092109127,330.43897005689377,226.52535482734186
forecast_7282,2025-10-31 10:00:00,148.68764984669997,220.76304759707378,126.7225878996752
forecast_7283,2025-10-31 11:00:00,237.32691592984528,151.2822006286383,100.99317381243165
forecast_7284,2025-10-31 12:00:00,239.53321428239434,51.6381264684273,17.965038562277407
forecast_7285,2025-10-31 13:00:00,35.579624257921786,30.61669829508918,24.022980435968176
forecast_7286,2025-10-31 14:00:00,36.13226739964805,44.37228958489901,23.583785584694372
forecast_7287,2025-10-31 15:00:00,44.783914388128146,13.675636675251646,23.64019169262465
forecast_7288,2025-10-31 16:00:00,116.42291819564842,70.86350579041175,36.16059179774931
forecast_7289,2025-10-31 17:00:00,284.282240167543,91.42187266417417,123.35069985601082
forecast_7290,2025-10-31 18:00:00,565.5927571777647,789.1244803251818,842.3043795495529
forecast_7291,2025-10-31 19:00:00,1869.2458572144624,1660.5972200199847,1633.4839126434867
forecast_7292,2025-10-31 20:00:00,4082.222553052433,3521.624884508965,2548.2120179117424
forecast_7293,2025-10-31 21:00:00,6033.4519624460245,6998.7872030802255,3142.4362918511774
forecast_7294,2025-10-31 22:00:00,7012.688488795903,8263.262128101916,4689.3947882188495
forecast_7295,2025-10-31 23:00:00,7791.3256257755875,9295.042775356937,5904.549625149165
forecast_7296,2025-11-01 00:00:00,7494.96524219087,10314.96873113551,5963.050957041412
forecast_7297,2025-11-01 01:00:00,8559.37322424525,8829.639296122159,5898.817535313466
forecast_7298,2025-11-01 02:00:00,7296.36694516205,8759.17069087104,4959.6336704818505
forecast_7299,2025-11-01 03:00:00,7275.131366239625,8405.823016880558,5559.803294785605
forecast_7300,2025-11-01 04:00:00,10232.650600799983,10573.803360445012,6730.592134713888
forecast_7301,2025-11-01 05:00:00,11727.901189212127,11318.826896408907,9198.678072328099
forecast_7302,2025-11-01 06:00:00,11748.332776772764,11773.159011425862,9807.053795071262
forecast_7303,2025-11-01 07:00:00,12976.291038333547,12135.582420865789,9555.659361126845
forecast_7304,2025-11-01 08:00:00,13003.995251192819,12690.288055523817,9835.176930306605
forecast_7305,2025-11-01 09:00:00,12895.265325161428,14075.626022775119,10022.359569702681
forecast_7306,2025-11-01 10:00:00,13506.028833568134,13830.254534596006,10936.120102910292
forecast_7307,2025-11-01 11:00:00,12853.302705250058,13427.534811756132,11360.130428319877
forecast_7308,2025-11-01 12:00:00,13140.555435214686,11725.95504112206,10356.713695498498
forecast_7309,2025-11-01 13:00:00,12991.120472069702,11967.534598416012,10544.892115945146
forecast_7310,2025-11-01 14:00:00,13274.974954610627,12118.61665755424,10638.076359584615
forecast_7311,2025-11-01 15:00:00,13303.299867836979,11700.208294133854,10306.922396770125
forecast_7312,2025-11-01 16:00:00,12654.474713907692,11938.329927827519,10729.839478279231
forecast_7313,2025-11-01 17:00:00,13118.20107723395,13162.168837544785,11686.457535789803
forecast_7314,2025-11-01 18:00:00,13700.986990417072,12862.16945763726,12630.23914560837
forecast_7315,2025-11-01 19:00:00,13544.482888125085,13095.22758499892,11382.599849009255
forecast_7316,2025-11-01 20:00:00,14652.832009547496,14490.71814771511,15043.462514765431
forecast_7317,2025-11-01 21:00:00,14898.772527608598,13883.246045060325,12024.418598367878
forecast_7318,2025-11-01 22:00:00,15821.580161515702,13440.105891293764,10890.092796930172
forecast_7319,2025-11-01 23:00:00,17115.259281214716,16476.4982901332,13916.878428968794
forecast_7320,2025-11-02 00:00:00,16303.124169413262,16941.82233075508,13688.78133548138
forecast_7321,2025-11-02 01:00:00,15549.116084989877,17123.071995095244,13858.339181281986
forecast_7322,2025-11-02 02:00:00,15592.940233469093,16294.506821965064,12520.67184935316
forecast_7323,2025-11-02 03:00:00,15374.483257833346,15286.250583165014,12518.962097224137
forecast_7324,2025-11-02 04:00:00,15228.558716298601,15207.170945165835,11829.175355003072
forecast_7325,2025-11-02 05:00:00,15498.076700147925,15532.585712788283,11108.60938459478
forecast_7326,2025-11-02 06:00:00,15911.229179170168,16830.140180254,13511.530747174242
forecast_7327,2025-11-02 07:00:00,16303.788319977994,17307.712316011388,14516.967628183142
forecast_7328,2025-11-02 08:00:00,16153.973954337536,18092.889635467127,14179.739222402142
forecast_7329,2025-11-02 09:00:00,15737.699253903185,17720.342173211335,15059.898059094336
forecast_7330,2025-11-02 10:00:00,15904.520025357591,17881.565730548657,13469.78539786186
forecast_7331,2025-11-02 11:00:00,15502.441782584441,17753.660992951845,14464.728550528655
forecast_7332,2025-11-02 12:00:00,14647.44259435429,15307.888326223747,13167.127168312905
forecast_7333,2025-11-02 13:00:00,14642.385456783022,13892.61708098422,12520.350604428018
forecast_7334,2025-11-02 14:00:00,13951.884104621895,13563.965832014077,11861.909291122902
forecast_7335,2025-11-02 15:00:00,13807.257170316314,13541.422388933324,12204.940189504168
forecast_7336,2025-11-02 16:00:00,13668.418106370085,12765.823021301816,12172.920388199707
forecast_7337,2025-11-02 17:00:00,13050.27244193157,12307.280222983318,10893.999329191876
forecast_7338,2025-11-02 18:00:00,12648.308244376567,12600.231339841139,10694.839008554207
forecast_7339,2025-11-02 19:00:00,12698.127906427359,11619.979816649755,9834.393305011068
forecast_7340,2025-11-02 20:00:00,10300.075139942786,9681.1751659058,8232.053949665054
forecast_7341,2025-11-02 21:00:00,5048.826532105196,6440.882535311774,4898.64993936119
forecast_7342,2025-11-02 22:00:00,7959.184148360983,8068.3928443117875,5681.988442348698
forecast_7343,2025-11-02 23:00:00,6421.530515803946,7260.719295123864,3582.896477539094
forecast_7344,2025-11-03 00:00:00,6843.174655719574,6938.936265804373,3142.426443849082
forecast_7345,2025-11-03 01:00:00,6224.340120969866,5805.931679384042,2510.215951513608
forecast_7346,2025-11-03 02:00:00,5626.027785796125,4639.3244673008,2024.8173728033946
forecast_7347,2025-11-03 03:00:00,5638.903480480102,4415.531689841805,1926.977348060141
forecast_7348,2025-11-03 04:00:00,4913.819894759744,4455.334491722289,2259.321480811678
forecast_7349,2025-11-03 05:00:00,4103.349386708808,2498.2705007254403,1719.8299346772587
forecast_7350,2025-11-03 06:00:00,2864.7198012815757,2941.0621086902597,1689.492569346026
forecast_7351,2025-11-03 07:00:00,2365.2398743318054,3000.9163516335843,1601.052991535824
forecast_7352,2025-11-03 08:00:00,2405.8837218655276,2498.628379163171,1365.6012449393525
forecast_7353,2025-11-03 09:00:00,2105.39928687103,1911.7886177665075,1087.5652875272256
forecast_7354,2025-11-03 10:00:00,643.492009088056,792.7656689449094,466.3245507516367
forecast_7355,2025-11-03 11:00:00,348.73874984113314,376.12443265495597,323.8467819791365
forecast_7356,2025-11-03 12:00:00,161.34010481267788,346.65565972380875,288.0910268645296
forecast_7357,2025-11-03 13:00:00,55.84718494299997,43.7398514656741,24.027410632587177
forecast_7358,2025-11-03 14:00:00,14.879121687808388,79.33625306997405,23.825486104224986
forecast_7359,2025-11-03 15:00:00,26.84931443206678,74.61595850411992,23.788788775957563
forecast_7360,2025-11-03 16:00:00,41.86743743529571,0.0,15.838862090877546
forecast_7361,2025-11-03 17:00:00,147.81215864846658,319.8714644051813,130.4639797398705
forecast_7362,2025-11-03 18:00:00,339.0434433795349,430.6308854156893,97.82318116265863
forecast_7363,2025-11-03 19:00:00,669.7279336682269,772.7414067399314,162.82707128241583
forecast_7364,2025-11-03 20:00:00,1162.2436968894062,1198.2387510290046,519.8535038358738
forecast_7365,2025-11-03 21:00:00,2296.7449277294813,1742.0082721455865,717.4582579708174
forecast_7366,2025-11-03 22:00:00,3521.227635170565,3767.2374996693197,1343.1479103814095
forecast_7367,2025-11-03 23:00:00,4810.381011680285,6498.0090901512995,2336.5381349946474
forecast_7368,2025-11-04 00:00:00,7517.850889938661,9377.09759229431,3547.4440849575885
forecast_7369,2025-11-04 01:00:00,5264.5367757949125,7256.078772103127,2965.959714864007
forecast_7370,2025-11-04 02:00:00,6149.193203920375,8173.864872908985,3317.5779481515956
forecast_7371,2025-11-04 03:00:00,4887.401963105574,7625.697919092131,2439.829521264823
forecast_7372,2025-11-04 04:00:00,6707.833688513223,8702.65078970385,3652.3210060410956
forecast_7373,2025-11-04 05:00:00,6795.084918798814,8684.910817280279,3745.937452761931
forecast_7374,2025-11-04 06:00:00,7787.611724341917,11388.218914657491,5370.263017538102
forecast_7375,2025-11-04 07:00:00,9095.437123653484,11982.620501030007,7988.711481050637
forecast_7376,2025-11-04 08:00:00,10265.506972310275,12604.27985873519,9411.806651067316
forecast_7377,2025-11-04 09:00:00,11049.57995846844,12745.629548465817,7973.005019762973
forecast_7378,2025-11-04 10:00:00,9722.448468745033,13139.160315670046,10471.492405954392
forecast_7379,2025-11-04 11:00:00,8472.457862449446,9873.513097156674,7901.264287803847
forecast_7380,2025-11-04 12:00:00,7324.464140890407,8938.531637194452,6952.310375867536
forecast_7381,2025-11-04 13:00:00,6705.951465525233,8843.7746192159,7541.589562784338
forecast_7382,2025-11-04 14:00:00,6589.771965123135,7438.235487062166,6380.486392071779
forecast_7383,2025-11-04 15:00:00,6709.9759177147835,5754.989471116149,5986.433787170638
forecast_7384,2025-11-04 16:00:00,6662.405526120287,5929.040482710561,5108.017871011764
forecast_7385,2025-11-04 17:00:00,7547.0382448818855,7551.758042914279,5357.137708337409
forecast_7386,2025-11-04 18:00:00,7617.937067004006,8037.880136707091,4478.919822475877
forecast_7387,2025-11-04 19:00:00,6924.059156382894,8058.416931888935,4241.55604539166
forecast_7388,2025-11-04 20:00:00,7883.562232542227,8530.378056712498,4806.186111398079
forecast_7389,2025-11-04 21:00:00,8483.32621866802,9871.737323211104,5004.667915822728
forecast_7390,2025-11-04 22:00:00,8270.89605725372,8929.008577409526,4630.865989432474
forecast_7391,2025-11-04 23:00:00,6500.240904566748,6953.158417584135,3675.061154712801
forecast_7392,2025-11-05 00:00:00,6644.770021885451,6201.234587633262,3781.630031659971
forecast_7393,2025-11-05 01:00:00,6721.853405883134,6609.373864241718,3580.5507038201094
forecast_7394,2025-11-05 02:00:00,5239.144758952356,3454.845143635198,2385.9860597459806
forecast_7395,2025-11-05 03:00:00,3652.906336717032,1984.8363629204603,1160.0851703560702
forecast_7396,2025-11-05 04:00:00,1924.566308017268,602.0594707505793,733.1426590305382
forecast_7397,2025-11-05 05:00:00,495.09584268496764,232.56888287117567,163.05209611872505
forecast_7398,2025-11-05 06:00:00,122.30570584434588,241.77341026331408,59.54039857708516
forecast_7399,2025-11-05 07:00:00,301.0248581323245,80.50371588739482,40.13238440698749
forecast_7400,2025-11-05 08:00:00,169.1941373493373,75.26117886851368,24.620895536012156
forecast_7401,2025-11-05 09:00:00,225.43518190067297,108.43876866946461,28.054368266992576
forecast_7402,2025-11-05 10:00:00,79.90047629573637,59.72813984802327,24.40668519469175
forecast_7403,2025-11-05 11:00:00,104.47374304996896,70.25749578058281,21.80259220355872
forecast_7404,2025-11-05 12:00:00,88.72948827995856,133.8090985772982,25.22241600541275
forecast_7405,2025-11-05 13:00:00,24.15436282611911,79.2361313158309,33.64107496144239
forecast_7406,2025-11-05 14:00:00,49.62046386858539,156.6449377666328,35.00311449754801
forecast_7407,2025-11-05 15:00:00,31.70914418252203,63.421244327291355,33.52408597621755
forecast_7408,2025-11-05 16:00:00,8.380951925592882,170.13132596383105,66.49111849758512
forecast_7409,2025-11-05 17:00:00,0.0,4.234014457248368,19.045110596118782
forecast_7410,2025-11-05 18:00:00,95.08450392244406,24.12913788137365,24.864618721825664
forecast_7411,2025-11-05 19:00:00,157.39463676427872,25.899029346159192,24.63537774481308
forecast_7412,2025-11-05 20:00:00,186.55532752890454,164.7539471438491,20.47348197145705
forecast_7413,2025-11-05 21:00:00,87.25254465469062,321.7086084504793,34.38123985293826
forecast_7414,2025-11-05 22:00:00,170.74408855851215,705.5294888338001,83.33904400245882
forecast_7415,2025-11-05 23:00:00,386.7062227520676,338.8895136955835,149.1207406640588
forecast_7416,2025-11-06 00:00:00,626.6515642411164,815.2109658437856,579.509172193356
forecast_7417,2025-11-06 01:00:00,828.702324923847,1357.7637947488768,543.726565491095
forecast_7418,2025-11-06 02:00:00,2375.9811387988043,2917.477565256879,1631.3319699432666
forecast_7419,2025-11-06 03:00:00,3910.673980299211,5034.5069003098315,2475.7460029179833
forecast_7420,2025-11-06 04:00:00,4658.905665277299,5801.183621127772,2672.9247120903497
forecast_7421,2025-11-06 05:00:00,4996.066360843855,5618.291669953487,2677.864801729321
forecast_7422,2025-11-06 06:00:00,7645.181863305563,6354.1645872581075,2905.389400810946
forecast_7423,2025-11-06 07:00:00,4599.4035873535795,4967.108034577284,2426.4318751040846
forecast_7424,2025-11-06 08:00:00,3189.453656176527,2688.8623780102353,1239.0586416527324
forecast_7425,2025-11-06 09:00:00,1792.825642053238,1147.7053709209822,363.1855762883698
forecast_7426,2025-11-06 10:00:00,237.18303620392126,108.29597798945946,171.30856487724012
forecast_7427,2025-11-06 11:00:00,107.24875468320549,26.924112512979587,22.187142032717844
forecast_7428,2025-11-06 12:00:00,32.89865048144453,0.0,34.70729582230004
forecast_7429,2025-11-06 13:00:00,35.39691388525266,48.52327361894682,24.405091012846373
forecast_7430,2025-11-06 14:00:00,0.0,0.0,35.949030579009445
forecast_7431,2025-11-06 15:00:00,120.3524499707567,66.99915499659916,32.55491659998833
forecast_7432,2025-11-06 16:00:00,138.33084197297833,137.22215495562952,33.80423583984317
forecast_7433,2025-11-06 17:00:00,124.86168560872521,135.17488007304317,30.313990948938123
forecast_7434,2025-11-06 18:00:00,139.25701353000227,216.59652767542374,22.202612383458348
forecast_7435,2025-11-06 19:00:00,316.3044198016627,286.56740712987516,311.2712490781334
forecast_7436,2025-11-06 20:00:00,180.78381930002553,381.64616489707225,256.9964321931468
forecast_7437,2025-11-06 21:00:00,292.40259796187144,264.1230080925726,58.52522640684949
forecast_7438,2025-11-06 22:00:00,343.50795251156313,218.79456461637358,37.93017271958012
forecast_7439,2025-11-06 23:00:00,354.95681035750397,749.0762387912056,113.17824793802461
forecast_7440,2025-11-07 00:00:00,101.9537196311536,322.6493561424878,43.013454159528486
forecast_7441,2025-11-07 01:00:00,423.3361999778236,223.88970340975365,92.94976674951519
forecast_7442,2025-11-07 02:00:00,1231.8455733468763,1384.001543601144,1219.9595717749096
forecast_7443,2025-11-07 03:00:00,1600.8591069024892,1811.0912880173792,1504.028223253042
forecast_7444,2025-11-07 04:00:00,2296.2584300147214,2249.4722427925235,1674.0846218591155
forecast_7445,2025-11-07 05:00:00,2470.0926254229466,2397.056151079313,1737.030718448989
forecast_7446,2025-11-07 06:00:00,1933.6596339629843,1882.9189287980441,1506.3277762589717
forecast_7447,2025-11-07 07:00:00,1078.9315639054319,837.7295863660169,957.8816393552485
forecast_7448,2025-11-07 08:00:00,335.7550415440405,494.3716905050243,105.71261508241646
forecast_7449,2025-11-07 09:00:00,324.03018058467273,124.99123778153323,50.26518913356111
forecast_7450,2025-11-07 10:00:00,75.71665078536371,11.948163888914955,20.93180130993467
forecast_7451,2025-11-07 11:00:00,35.353078961882034,0.0,26.487245716073534
forecast_7452,2025-11-07 12:00:00,0.0,80.31298997133341,25.01210893274552
forecast_7453,2025-11-07 13:00:00,82.71991381786125,377.6001885004493,112.0861602871585
forecast_7454,2025-11-07 14:00:00,233.43241313410002,788.7417146194447,79.12355440938425
forecast_7455,2025-11-07 15:00:00,296.04178726158153,798.279332839236,225.8588987855865
forecast_7456,2025-11-07 16:00:00,587.4635676361746,464.1847857050373,569.206832832855
forecast_7457,2025-11-07 17:00:00,1025.1340570046045,709.4364607704433,327.737549531287
forecast_7458,2025-11-07 18:00:00,1003.3956694672358,1281.9548350311802,389.6772696927587
forecast_7459,2025-11-07 19:00:00,1449.7959437901225,1638.518987450428,470.9263949110761
forecast_7460,2025-11-07 20:00:00,1829.5122421216072,2126.9405581196356,547.3742221133399
forecast_7461,2025-11-07 21:00:00,2289.4470148794103,2172.312916218538,650.3769685996544
forecast_7462,2025-11-07 22:00:00,1882.694083533783,2595.1917542615347,717.4898387263619
forecast_7463,2025-11-07 23:00:00,2116.0445564459997,2655.011503655208,927.3512157280602
forecast_7464,2025-11-08 00:00:00,2178.1209853597366,2066.216837795394,874.8727042287611
forecast_7465,2025-11-08 01:00:00,1610.6692534961373,1383.7890137979791,477.56819468939466
forecast_7466,2025-11-08 02:00:00,1118.891701040052,864.1282603911396,167.8321603381165
forecast_7467,2025-11-08 03:00:00,1363.383420953341,1909.829328423002,344.2493861453938
forecast_7468,2025-11-08 04:00:00,1711.3756266474024,1900.6765335023733,510.92793383669306
forecast_7469,2025-11-08 05:00:00,2334.7767652290827,2454.511067639219,1096.6032176314948
forecast_7470,2025-11-08 06:00:00,2216.830974576003,2307.4593896952856,668.3783801660685
forecast_7471,2025-11-08 07:00:00,2706.9435467618905,2638.180795669105,1357.1136951287758
forecast_7472,2025-11-08 08:00:00,2258.316587047257,1823.2034851490641,1181.0992104924853
forecast_7473,2025-11-08 09:00:00,1538.315136789739,1714.9640775767077,396.9229211068395
forecast_7474,2025-11-08 10:00:00,1326.6170902269341,1183.3069083092978,316.74510587929234
forecast_7475,2025-11-08 11:00:00,1200.2551994900969,917.6389741922981,349.7907695076884
forecast_7476,2025-11-08 12:00:00,1264.786923010357,898.8860811588697,322.1291442549377
forecast_7477,2025-11-08 13:00:00,1592.4366223637046,985.0916510922935,272.87895633907914
forecast_7478,2025-11-08 14:00:00,1501.4186659136756,1039.5573084417083,456.21703337069545
forecast_7479,2025-11-08 15:00:00,1278.407758911576,1280.9116858194056,500.70718277526237
forecast_7480,2025-11-08 16:00:00,1757.3823023354962,1669.6754939383159,789.6913913133218
forecast_7481,2025-11-08 17:00:00,2223.788166920059,3654.1518704944256,785.0816081245611
forecast_7482,2025-11-08 18:00:00,3728.1797307966945,4327.405952886417,1428.1157378383996
forecast_7483,2025-11-08 19:00:00,3497.5008251733766,4367.676899504544,1755.4408380080743
forecast_7484,2025-11-08 20:00:00,3685.132116935919,5561.296586183173,2072.710851474654
forecast_7485,2025-11-08 21:00:00,4075.683190250491,5728.302470972297,1886.8165403059813
forecast_7486,2025-11-08 22:00:00,5192.301110625184,6459.083165330393,2513.8917223768644
forecast_7487,2025-11-08 23:00:00,8038.810704528034,8467.157065191383,3506.6516239351104
forecast_7488,2025-11-09 00:00:00,5708.749827394855,7926.405258951775,3874.6917883651977
forecast_7489,2025-11-09 01:00:00,4944.454805072742,6289.871646517087,2799.069683414171
forecast_7490,2025-11-09 02:00:00,5183.346067192584,7134.730826288079,3823.166833779505
forecast_7491,2025-11-09 03:00:00,7067.438196852192,9373.891387324897,5949.953841916703
forecast_7492,2025-11-09 04:00:00,9093.529304634905,9743.30049501437,4854.858814361909
forecast_7493,2025-11-09 05:00:00,9381.833758440438,10161.21526491252,6843.757489774066
forecast_7494,2025-11-09 06:00:00,11907.57944983657,12210.750935849988,8014.111205134146
forecast_7495,2025-11-09 07:00:00,12046.012911567232,11902.817407248049,10143.146576888905
forecast_7496,2025-11-09 08:00:00,11307.61800051718,11180.123298916546,7636.105440094596
forecast_7497,2025-11-09 09:00:00,11247.588734267541,12218.847684909562,8942.21678593523
forecast_7498,2025-11-09 10:00:00,11183.623190146072,11632.628902486544,8914.121043079482
forecast_7499,2025-11-09 11:00:00,8699.744171246752,10470.904195258407,8743.806237454755
forecast_7500,2025-11-09 12:00:00,8764.303960452717,8111.594392843171,6533.360020683558
forecast_7501,2025-11-09 13:00:00,11232.299516511348,10260.133568331103,8659.650655399468
forecast_7502,2025-11-09 14:00:00,13228.603376667434,12012.844941151729,8267.203554160094
forecast_7503,2025-11-09 15:00:00,13436.362838076542,12741.114269007314,8954.609527845469
forecast_7504,2025-11-09 16:00:00,13286.54329821909,13413.519650090944,9815.691130215182
forecast_7505,2025-11-09 17:00:00,13585.398635730158,13636.95383461138,10382.891824746937
forecast_7506,2025-11-09 18:00:00,14042.50636675088,13912.083423915345,11283.00914713158
forecast_7507,2025-11-09 19:00:00,15238.451031025284,15233.859032014769,11763.474660384898
forecast_7508,2025-11-09 20:00:00,15598.453608956914,16507.74405902448,13673.904474885057
forecast_7509,2025-11-09 21:00:00,15023.056312845629,17196.442858865223,12582.654158212512
forecast_7510,2025-11-09 22:00:00,15567.676246415249,14750.291446849656,12471.677355930653
forecast_7511,2025-11-09 23:00:00,14663.807618258228,13733.839941403698,13044.0909118838
forecast_7512,2025-11-10 00:00:00,14386.739670646077,14254.987800876263,12837.464536879164
forecast_7513,2025-11-10 01:00:00,13890.44835175687,13028.556904693742,11486.461257998944
forecast_7514,2025-11-10 02:00:00,12433.933742032537,11745.314902674567,9367.65408086147
forecast_7515,2025-11-10 03:00:00,12001.464923261514,10664.032292173979,9055.324432960842
forecast_7516,2025-11-10 04:00:00,12434.239002542343,11073.694656057893,8034.495709283252
forecast_7517,2025-11-10 05:00:00,13690.773449425562,12559.286454000036,9459.794928406287
forecast_7518,2025-11-10 06:00:00,14675.188840953517,14609.491678719407,11381.281848320097
forecast_7519,2025-11-10 07:00:00,16422.439057518553,15802.631188792064,12774.1084680054
forecast_7520,2025-11-10 08:00:00,15842.442063763376,15744.463121029798,13343.051050514774
forecast_7521,2025-11-10 09:00:00,13652.275158867355,13984.26383610861,12484.618648384638
forecast_7522,2025-11-10 10:00:00,10763.418036115456,13528.824894754545,9813.560938235723
forecast_7523,2025-11-10 11:00:00,9214.41062376793,10799.337755056886,8640.218178350133
forecast_7524,2025-11-10 12:00:00,8087.877897881979,9918.700706713451,7973.425880805916
forecast_7525,2025-11-10 13:00:00,6134.232809499211,5247.706680193568,5050.603868283307
forecast_7526,2025-11-10 14:00:00,5146.737824103546,4865.370196516234,4408.5549810579005
forecast_7527,2025-11-10 15:00:00,4793.053044445701,4473.704474885841,4251.940666125819
forecast_7528,2025-11-10 16:00:00,4373.795656599811,5145.132638758746,4609.4216846656145
forecast_7529,2025-11-10 17:00:00,5731.591374938551,6629.421233719662,4562.464346210532
forecast_7530,2025-11-10 18:00:00,9034.2363441122,8581.358689335184,8236.091575367078
forecast_7531,2025-11-10 19:00:00,12609.602677693472,13627.71033202574,11308.899690941662
forecast_7532,2025-11-10 20:00:00,16082.284029197777,15558.46470956908,13058.715707579942
forecast_7533,2025-11-10 21:00:00,17670.252039927604,16935.91100380193,13672.586620209582
forecast_7534,2025-11-10 22:00:00,19468.026087263763,17667.667794430396,13706.558511394804
forecast_7535,2025-11-10 23:00:00,19121.68791038807,17934.05872096672,13345.829057792644
forecast_7536,2025-11-11 00:00:00,19133.213475358632,18313.59566552202,13179.678779909922
forecast_7537,2025-11-11 01:00:00,19529.80575968982,19500.46206040219,15319.442621217038
forecast_7538,2025-11-11 02:00:00,19285.242094013818,18550.62666054946,13408.064544474202
forecast_7539,2025-11-11 03:00:00,18716.34300746172,16464.269388002624,10745.946109683407
forecast_7540,2025-11-11 04:00:00,15213.885649839049,14742.313295202708,8174.527656264657
forecast_7541,2025-11-11 05:00:00,9989.766553407691,10502.658876846184,5208.019664143126
forecast_7542,2025-11-11 06:00:00,5423.717987670037,5551.327147609477,2399.7289426806283
forecast_7543,2025-11-11 07:00:00,5660.193065921313,4636.74227551195,2439.229272452301
forecast_7544,2025-11-11 08:00:00,2945.7485255427923,1553.0336307858854,1688.5774734149127
forecast_7545,2025-11-11 09:00:00,3081.597816308422,1773.8326893702724,1510.3437328874984
forecast_7546,2025-11-11 10:00:00,2031.330063263553,1943.7361259052338,1249.0135691889482
forecast_7547,2025-11-11 11:00:00,1249.0369517887991,670.0116489770895,646.4867836342653
forecast_7548,2025-11-11 12:00:00,1011.2715178978822,525.8775292664258,578.5071466387383
forecast_7549,2025-11-11 13:00:00,655.7438800449654,487.1161896288452,589.6665388045416
forecast_7550,2025-11-11 14:00:00,684.7255236009339,344.89976358513564,459.97696012686856
forecast_7551,2025-11-11 15:00:00,628.7345862367571,291.2160741775728,436.40997300099264
forecast_7552,2025-11-11 16:00:00,250.65866927622616,302.0414043760131,208.82979751310864
forecast_7553,2025-11-11 17:00:00,606.1540239951789,353.1771496411556,136.38977773926612
forecast_7554,2025-11-11 18:00:00,347.8810784475431,240.98424983307822,36.81173116310598
forecast_7555,2025-11-11 19:00:00,165.70433629484452,43.624763823173865,71.80437547407155
forecast_7556,2025-11-11 20:00:00,139.27161387915064,89.25628625267368,27.395092974608875
forecast_7557,2025-11-11 21:00:00,324.86566570279757,357.42805292130123,24.42281560819898
forecast_7558,2025-11-11 22:00:00,682.9167332575628,348.2344475747618,23.148365108158487
forecast_7559,2025-11-11 23:00:00,673.644172078762,390.01636621908904,40.633386266311874
forecast_7560,2025-11-12 00:00:00,620.9547575829456,615.729159625321,144.03157598447103
forecast_7561,2025-11-12 01:00:00,593.8137671460721,577.525343617934,130.96297189204913
forecast_7562,2025-11-12 02:00:00,1067.1125243175857,715.3630920551088,389.8095056676603
forecast_7563,2025-11-12 03:00:00,1257.0242744584125,738.5508002182527,257.410965454641
forecast_7564,2025-11-12 04:00:00,1287.6493210805086,923.5650192715154,446.8345554148189
forecast_7565,2025-11-12 05:00:00,1364.970252997271,1189.1509233156523,420.6518000479163
forecast_7566,2025-11-12 06:00:00,2160.849922535761,1378.964936054517,857.5034346676755
forecast_7567,2025-11-12 07:00:00,2802.7682336188923,3025.139997063976,1220.577242188245
forecast_7568,2025-11-12 08:00:00,3740.344637968041,3330.885312447044,1341.1709381610804
forecast_7569,2025-11-12 09:00:00,4308.708403772881,3601.93735436968,2013.399794685857
forecast_7570,2025-11-12 10:00:00,3131.123691992101,2729.852556411693,1612.324985868462
forecast_7571,2025-11-12 11:00:00,2133.271906707601,1593.5049289468834,2086.220825345201
forecast_7572,2025-11-12 12:00:00,2503.2439947547578,1930.7291192615428,1749.275428545446
forecast_7573,2025-11-12 13:00:00,3126.8035475699207,3013.4099224460406,2292.799708695288
forecast_7574,2025-11-12 14:00:00,3393.1866411135306,2857.1745427141605,2201.201191314038
forecast_7575,2025-11-12 15:00:00,4756.236274690418,4497.547452664131,2558.1339313452254
forecast_7576,2025-11-12 16:00:00,5315.130179238652,4354.965301801265,3355.5249409417943
forecast_7577,2025-11-12 17:00:00,7363.558750737583,8454.456136700157,7385.921295407274
forecast_7578,2025-11-12 18:00:00,10023.421598650371,10964.227468118157,9796.250701371817
forecast_7579,2025-11-12 19:00:00,12065.555201970681,13953.889931258847,10904.181928167283
forecast_7580,2025-11-12 20:00:00,15088.316571335914,15603.543636685208,13134.850536789232
forecast_7581,2025-11-12 21:00:00,16470.1212846734,17164.691055360472,13526.709666549326
forecast_7582,2025-11-12 22:00:00,17223.540268802968,16938.81864096904,13779.240877742819
forecast_7583,2025-11-12 23:00:00,17401.7398230318,17644.414973073875,15082.022799390432
forecast_7584,2025-11-13 00:00:00,20503.207432009716,19183.276184372888,16330.387861312998
forecast_7585,2025-11-13 01:00:00,20328.92850992674,19176.638857995385,16865.920704986886
forecast_7586,2025-11-13 02:00:00,20149.808084004533,19430.310594363054,17466.583094652957
forecast_7587,2025-11-13 03:00:00,18932.559989102632,18974.679838435793,16117.550949415412
forecast_7588,2025-11-13 04:00:00,17139.793498308212,18130.249074128333,16140.735955029246
forecast_7589,2025-11-13 05:00:00,16348.77373453545,17891.31671199836,14627.364164554217
forecast_7590,2025-11-13 06:00:00,16706.196880041527,17094.130838827772,13791.794421628856
forecast_7591,2025-11-13 07:00:00,16061.765061199645,16984.764641641676,12024.983573423144
forecast_7592,2025-11-13 08:00:00,12928.782477515912,16151.366270250302,10265.712822484847
forecast_7593,2025-11-13 09:00:00,11606.450519789196,14452.130612383422,9770.360652497024
forecast_7594,2025-11-13 10:00:00,10829.168838353064,12699.25938849361,8720.137070881405
forecast_7595,2025-11-13 11:00:00,9921.284581570177,10034.248970313609,6548.38584626947
forecast_7596,2025-11-13 12:00:00,4264.471383922616,3826.6538003725695,2118.3848634029187
forecast_7597,2025-11-13 13:00:00,3350.5278607871533,2605.374758765567,1615.8995809232517
forecast_7598,2025-11-13 14:00:00,2269.6341818716987,1817.341894929481,1325.4568038835732
forecast_7599,2025-11-13 15:00:00,1617.4778431816935,1198.6921905667307,979.6061820463489
forecast_7600,2025-11-13 16:00:00,2973.3717949860556,2047.9392618730553,1037.5061125972466
forecast_7601,2025-11-13 17:00:00,5493.532340671468,2988.4992001892365,2342.7300156854603
forecast_7602,2025-11-13 18:00:00,4236.341416695884,3878.410399740528,2153.54654365847
forecast_7603,2025-11-13 19:00:00,4046.2369952756817,3453.866803479381,2675.776959570496
forecast_7604,2025-11-13 20:00:00,4746.846909905553,3638.0458024312957,3077.342066339291
forecast_7605,2025-11-13 21:00:00,5591.786818479406,4784.613495175499,3960.5239718999906
forecast_7606,2025-11-13 22:00:00,5254.059262122911,3969.8783530129886,2898.8659347584635
forecast_7607,2025-11-13 23:00:00,5860.4335372653495,5090.764808345618,3166.3896092740133
forecast_7608,2025-11-14 00:00:00,6361.822384452121,4911.241512346594,3382.640213467512
forecast_7609,2025-11-14 01:00:00,1612.2661479240674,1569.1895222883963,1252.7973279673229
forecast_7610,2025-11-14 02:00:00,1783.25237249496,1627.2499273108158,1362.5779811198922
forecast_7611,2025-11-14 03:00:00,2225.922549045328,1657.5096441701862,1045.4843602871722
forecast_7612,2025-11-14 04:00:00,1927.7694280312428,1589.5665139632595,1343.5143369903788
forecast_7613,2025-11-14 05:00:00,1908.8348224999825,2195.5297250756203,1762.973391841369
forecast_7614,2025-11-14 06:00:00,2257.750493412469,2269.76148399193,2019.29855181239
forecast_7615,2025-11-14 07:00:00,2446.286394131708,2528.852001389787,1509.9216295890835
forecast_7616,2025-11-14 08:00:00,2505.340520792498,2423.0916680232035,1941.5535539719933
forecast_7617,2025-11-14 09:00:00,2657.0333613456396,2487.467660682409,1464.2078793821302
forecast_7618,2025-11-14 10:00:00,2427.0987303917386,1900.4351753108438,1731.920425304019
forecast_7619,2025-11-14 11:00:00,1950.969058187012,1266.787879339076,992.2005637263406
forecast_7620,2025-11-14 12:00:00,1412.976112220251,1452.9657073006365,1565.2639935626057
forecast_7621,2025-11-14 13:00:00,2079.9204082576207,1553.90445555055,1769.5274216593502
forecast_7622,2025-11-14 14:00:00,2264.7354639095834,2101.137308442938,2139.8321573705257
forecast_7623,2025-11-14 15:00:00,2776.8940012014696,2299.576519859613,1990.3031293698286
forecast_7624,2025-11-14 16:00:00,3621.8807593768242,3212.4489929057295,2559.9948804820624
forecast_7625,2025-11-14 17:00:00,6241.748359154694,4909.477515480056,4548.378502012864
forecast_7626,2025-11-14 18:00:00,7810.978005817744,6155.574723612729,5949.07946898998
forecast_7627,2025-11-14 19:00:00,9515.367529918381,8734.69218312089,6583.2789348253855
forecast_7628,2025-11-14 20:00:00,10026.007028933602,9860.739275688717,6743.196016343352
forecast_7629,2025-11-14 21:00:00,10253.414618616222,9165.558133155737,6068.461748231822
forecast_7630,2025-11-14 22:00:00,8764.508030663435,8551.878379682705,5367.140987690887
forecast_7631,2025-11-14 23:00:00,7467.892233731274,6436.778170158243,5067.968210751197
forecast_7632,2025-11-15 00:00:00,7581.240169987872,6157.7865161219615,3878.179911205822
forecast_7633,2025-11-15 01:00:00,4661.051256613581,3741.3169804964004,2800.075744610499
forecast_7634,2025-11-15 02:00:00,4931.150668400631,3240.325768937926,2051.5260976897703
forecast_7635,2025-11-15 03:00:00,4679.1321660861795,3016.696076411932,1795.394578999897
forecast_7636,2025-11-15 04:00:00,4585.568464792007,3289.954194728474,2516.957788023713
forecast_7637,2025-11-15 05:00:00,4659.8954031647745,3340.563393927693,1818.7115467988879
forecast_7638,2025-11-15 06:00:00,4818.112445812311,2528.6641055132845,1796.8427345545977
forecast_7639,2025-11-15 07:00:00,4853.474933783017,2922.567801719115,1661.1940373741113
forecast_7640,2025-11-15 08:00:00,3415.714067468555,1886.904196970687,1199.5648465968413
forecast_7641,2025-11-15 09:00:00,1137.7611977765962,643.3894416298671,358.08075846661217
forecast_7642,2025-11-15 10:00:00,617.8932499190082,19.95151425872634,297.0201957799603
forecast_7643,2025-11-15 11:00:00,370.81259300804294,0.0,293.5492836373161
forecast_7644,2025-11-15 12:00:00,306.02860518552967,68.7389381948595,388.63863838217117
forecast_7645,2025-11-15 13:00:00,200.51073145693206,0.0,123.34279433533288
forecast_7646,2025-11-15 14:00:00,370.0957421460257,0.0,189.9258320868914
forecast_7647,2025-11-15 15:00:00,550.7989927503324,130.66807894288482,380.2354843654396
forecast_7648,2025-11-15 16:00:00,889.6896382774893,920.7438879518936,650.93528354603
forecast_7649,2025-11-15 17:00:00,2936.646770779084,1309.1120371446916,1406.9822338134832
forecast_7650,2025-11-15 18:00:00,4332.890135571728,3233.3841224365633,2269.6438842374932
forecast_7651,2025-11-15 19:00:00,5444.27852366189,5572.334147936567,4561.641776008812
forecast_7652,2025-11-15 20:00:00,7692.716724059152,8071.263788158905,5195.938510384471
forecast_7653,2025-11-15 21:00:00,8184.39056831188,7595.4799337614,5254.645398091992
forecast_7654,2025-11-15 22:00:00,8396.25303973154,7287.08806734911,5151.608630646766
forecast_7655,2025-11-15 23:00:00,8220.537134231696,7688.9815745145115,4525.786717180127
forecast_7656,2025-11-16 00:00:00,7009.6614690691395,7303.996306148206,4777.481438141645
forecast_7657,2025-11-16 01:00:00,9671.845980049096,8731.302111856405,5240.217126242349
forecast_7658,2025-11-16 02:00:00,8510.041020240984,6444.642872965026,4507.975433867814
forecast_7659,2025-11-16 03:00:00,8914.403964363333,7333.372119859954,4937.495372849835
forecast_7660,2025-11-16 04:00:00,9878.715846823681,8141.827084308046,5451.362217968683
forecast_7661,2025-11-16 05:00:00,11333.87713104283,9957.964478619153,5095.718270155834
forecast_7662,2025-11-16 06:00:00,11856.131824281516,10347.377401360027,5728.76043642648
forecast_7663,2025-11-16 07:00:00,11271.272390512719,11154.250552083711,8144.368954496841
forecast_7664,2025-11-16 08:00:00,10108.679258212533,11219.651521257414,7480.704232285194
forecast_7665,2025-11-16 09:00:00,9627.131387813606,11695.740327191239,7345.221434708894
forecast_7666,2025-11-16 10:00:00,8987.397160306602,10820.640328333908,7728.116835601306
forecast_7667,2025-11-16 11:00:00,9212.436996517119,10226.233989009874,9201.44407501358
forecast_7668,2025-11-16 12:00:00,10986.695056836099,12902.814972754319,11907.428173756212
forecast_7669,2025-11-16 13:00:00,10842.254950356133,13174.72936279881,11027.678004471016
forecast_7670,2025-11-16 14:00:00,10508.518345323879,11129.215449124726,10641.6627797492
forecast_7671,2025-11-16 15:00:00,13167.647120720547,14040.153119240305,12693.3012662345
forecast_7672,2025-11-16 16:00:00,14402.98191908718,15954.394760372597,15583.743018675874
forecast_7673,2025-11-16 17:00:00,16367.124109238006,17435.285017467024,16555.02332092842
forecast_7674,2025-11-16 18:00:00,17783.611214759443,18812.14773507147,18050.917678102753
forecast_7675,2025-11-16 19:00:00,18685.00377362611,19252.966235735974,18071.321038493654
forecast_7676,2025-11-16 20:00:00,18824.106111995403,19370.482237310618,18476.068273568708
forecast_7677,2025-11-16 21:00:00,19742.543178518532,19896.26609349415,19253.8022692975
forecast_7678,2025-11-16 22:00:00,19924.296735429496,19242.795888860033,19091.375785057684
forecast_7679,2025-11-16 23:00:00,18827.469047329665,18796.144846453284,18891.364647066064
forecast_7680,2025-11-17 00:00:00,18733.509779847394,18987.51635036751,18460.983639637565
forecast_7681,2025-11-17 01:00:00,18632.97820903431,19246.008688689133,18677.858269904224
forecast_7682,2025-11-17 02:00:00,18340.63318210417,19054.251119179615,18664.001066292418
forecast_7683,2025-11-17 03:00:00,18964.6075690831,19135.263100567197,17371.6316026783
forecast_7684,2025-11-17 04:00:00,19124.62582051854,19082.90582741706,15931.725272459073
forecast_7685,2025-11-17 05:00:00,18914.170136649216,18970.295518560462,14639.077631566717
forecast_7686,2025-11-17 06:00:00,18311.6526103123,18633.678257370302,14475.855246451429
forecast_7687,2025-11-17 07:00:00,18193.906891332375,18690.91881264834,14050.238089478547
forecast_7688,2025-11-17 08:00:00,17990.9245332939,18537.931151286182,13600.389840457332
forecast_7689,2025-11-17 09:00:00,17023.982919474478,16446.18139162487,13799.034279752203
forecast_7690,2025-11-17 10:00:00,14535.729402697014,13875.14337564837,11504.654618625906
forecast_7691,2025-11-17 11:00:00,14255.982581065451,13082.610348793356,10474.40312327804
forecast_7692,2025-11-17 12:00:00,13655.316127168539,12935.2827600332,9685.363168336069
forecast_7693,2025-11-17 13:00:00,12975.647318301264,12275.8919781037,9709.546961691445
forecast_7694,2025-11-17 14:00:00,13118.070492436033,12481.189075904278,9784.102686650092
forecast_7695,2025-11-17 15:00:00,12744.392605990522,11998.72515805587,9194.233940051608
forecast_7696,2025-11-17 16:00:00,12669.573848786156,11971.172938934276,10004.041326314256
forecast_7697,2025-11-17 17:00:00,13069.743650689927,11713.850200027982,12979.889927477854
forecast_7698,2025-11-17 18:00:00,12141.318981333334,12428.173290763512,12430.313136234528
forecast_7699,2025-11-17 19:00:00,12478.761052493148,11382.905790070703,12904.299528728387
forecast_7700,2025-11-17 20:00:00,13457.567122134978,14151.62396381656,13635.314359168402
forecast_7701,2025-11-17 21:00:00,13840.675951293091,15506.34381604941,13795.052402692949
forecast_7702,2025-11-17 22:00:00,14424.883619891105,15758.704351410206,14442.55218400525
forecast_7703,2025-11-17 23:00:00,14010.423768782619,15728.49393512266,15615.621692836301
forecast_7704,2025-11-18 00:00:00,15854.239886771582,16742.533334242235,14762.299086819978
forecast_7705,2025-11-18 01:00:00,13626.693363675142,16003.63606579205,13180.575240256045
forecast_7706,2025-11-18 02:00:00,13348.505727170508,15397.80277484003,13493.135347021966
forecast_7707,2025-11-18 03:00:00,14051.857362619889,15817.740945676484,13889.35087890406
forecast_7708,2025-11-18 04:00:00,14588.789157775544,15242.041040004433,13467.255439835773
forecast_7709,2025-11-18 05:00:00,13905.07225623246,14719.498878377073,13884.917134341918
forecast_7710,2025-11-18 06:00:00,14483.182033570292,15699.672445145461,15616.613243448222
forecast_7711,2025-11-18 07:00:00,14940.352096871773,17833.215079493606,16421.993754527997
forecast_7712,2025-11-18 08:00:00,14050.035907745794,16370.875274780774,13691.797885539097
forecast_7713,2025-11-18 09:00:00,13229.052462617745,15390.306017494086,13134.991710711118
forecast_7714,2025-11-18 10:00:00,12259.521085764169,13451.322602749016,10547.624647837963
forecast_7715,2025-11-18 11:00:00,13258.18916815694,13894.367950199836,10753.846174713559
forecast_7716,2025-11-18 12:00:00,13493.994772247695,12092.464807663364,10982.679849897573
forecast_7717,2025-11-18 13:00:00,12836.40499968624,10562.960437928972,10060.586805813155
forecast_7718,2025-11-18 14:00:00,11061.823079249101,10686.30338737444,7935.681866891878
forecast_7719,2025-11-18 15:00:00,10910.056163223351,9394.939088085663,6958.519976594972
forecast_7720,2025-11-18 16:00:00,8025.90470073629,4949.822827639872,4413.965848213807
forecast_7721,2025-11-18 17:00:00,7257.291285107932,4989.645302454045,4588.685142391138
forecast_7722,2025-11-18 18:00:00,5973.492747720798,4432.189502322962,4690.876173616674
forecast_7723,2025-11-18 19:00:00,6316.309411566164,5732.956130128063,4442.625229475272
forecast_7724,2025-11-18 20:00:00,6232.845441724357,5501.72257166665,4363.102764502692
forecast_7725,2025-11-18 21:00:00,7583.385989948687,6965.893558144953,4582.360552930848
forecast_7726,2025-11-18 22:00:00,7909.811890501141,7112.313373470068,4640.595569710089
forecast_7727,2025-11-18 23:00:00,8237.784202400919,6241.8749652552,5266.622475840271
forecast_7728,2025-11-19 00:00:00,7630.572438124091,6810.5565330946865,4836.631638708327
forecast_7729,2025-11-19 01:00:00,7661.495891166343,8591.228775035474,5753.667424206909
forecast_7730,2025-11-19 02:00:00,8013.666540220378,9116.624429265637,5900.233965329446
forecast_7731,2025-11-19 03:00:00,7960.908075401457,8298.680030188005,4754.602997802364
forecast_7732,2025-11-19 04:00:00,7436.561582051579,6003.91654418207,4767.555021980212
forecast_7733,2025-11-19 05:00:00,7180.3953118279405,4443.708412796161,3872.3604221385935
forecast_7734,2025-11-19 06:00:00,4904.3621809113065,3573.3055694549325,2842.941182268867
forecast_7735,2025-11-19 07:00:00,3277.1710691457556,2686.6866273267287,1940.595229681366
forecast_7736,2025-11-19 08:00:00,1993.1845468591266,2018.8317734037819,1557.4536112971905
forecast_7737,2025-11-19 09:00:00,1412.7024131081232,957.5305203428964,762.8027777926151
forecast_7738,2025-11-19 10:00:00,629.2108501795401,333.1950496595581,446.574560994983
forecast_7739,2025-11-19 11:00:00,80.79681781104898,0.0,294.54159633967623
forecast_7740,2025-11-19 12:00:00,28.837415684104307,107.23262848833227,245.03569635541285
forecast_7741,2025-11-19 13:00:00,342.05545023307855,207.43344643731663,291.0641117968582
forecast_7742,2025-11-19 14:00:00,546.2666012333015,260.6468478385785,355.4544326408739
forecast_7743,2025-11-19 15:00:00,831.953448589992,696.8250051570392,1018.1332228186888
forecast_7744,2025-11-19 16:00:00,2031.7069337787677,1396.6409990941538,1170.477041226292
forecast_7745,2025-11-19 17:00:00,4719.348498289542,4846.092443576252,2935.427096617258
forecast_7746,2025-11-19 18:00:00,7137.713138850674,6494.68075931026,7209.277006063845
forecast_7747,2025-11-19 19:00:00,9540.450546674907,8716.121318003594,10494.673268093262
forecast_7748,2025-11-19 20:00:00,12490.194689460195,10643.570699619557,12139.619580996135
forecast_7749,2025-11-19 21:00:00,15290.3101016993,13644.610775311048,12928.168141132133
forecast_7750,2025-11-19 22:00:00,17673.730150573294,15509.383191912086,14516.960654841347
forecast_7751,2025-11-19 23:00:00,19518.53069831492,17473.64218009675,15469.250811953803
forecast_7752,2025-11-20 00:00:00,20061.122029337595,18110.365057705505,15519.53194973908
forecast_7753,2025-11-20 01:00:00,19462.75128894494,17989.173121505995,15891.927195743401
forecast_7754,2025-11-20 02:00:00,18651.356647855184,18122.995104583417,16880.102662957644
forecast_7755,2025-11-20 03:00:00,20303.54005913172,18260.072969006582,15760.374161004895
forecast_7756,2025-11-20 04:00:00,20032.46380082101,18144.774503427027,15460.872219058549
forecast_7757,2025-11-20 05:00:00,19537.717355574965,18024.335907299763,15175.844906457163
forecast_7758,2025-11-20 06:00:00,19441.788103144863,18961.595715119733,15570.063988383783
forecast_7759,2025-11-20 07:00:00,18964.007067523897,18776.136030809168,15659.71476312795
forecast_7760,2025-11-20 08:00:00,16548.80656578122,17795.473435596894,15010.272087181256
forecast_7761,2025-11-20 09:00:00,17334.208763705123,18920.609416012812,15038.674735116376
forecast_7762,2025-11-20 10:00:00,16622.513692872297,18472.58226613193,17122.056260510682
forecast_7763,2025-11-20 11:00:00,17646.138915352945,18859.02849132065,15426.398792892991
forecast_7764,2025-11-20 12:00:00,17118.887273913657,17771.399219978608,15251.808720284484
forecast_7765,2025-11-20 13:00:00,17796.238747363634,18276.546754018225,16102.042204355575
forecast_7766,2025-11-20 14:00:00,18695.879948408696,18385.939696886595,17935.65400456026
forecast_7767,2025-11-20 15:00:00,18888.860265136555,18222.873778342662,17628.293691075363
forecast_7768,2025-11-20 16:00:00,19083.372473212494,18487.264942264766,17753.176748584447
forecast_7769,2025-11-20 17:00:00,18938.967897348466,18556.070617609348,17815.704334593273
forecast_7770,2025-11-20 18:00:00,18965.212411041804,18250.59916782952,17983.32120250515
forecast_7771,2025-11-20 19:00:00,19049.801917696615,18102.29079947103,17202.079397389396
forecast_7772,2025-11-20 20:00:00,18680.215743192715,18947.98516378814,18055.46178243885
forecast_7773,2025-11-20 21:00:00,18453.060183181115,19220.921838285278,17569.93641908581
forecast_7774,2025-11-20 22:00:00,17922.08230482419,18929.015347435772,17225.114300039677
forecast_7775,2025-11-20 23:00:00,17692.98569828627,19237.203113654752,17005.21728491968
forecast_7776,2025-11-21 00:00:00,16835.33854809682,18653.932999666595,16809.21686513582
forecast_7777,2025-11-21 01:00:00,16906.935376380683,17222.06402111273,16088.825086366858
forecast_7778,2025-11-21 02:00:00,17541.67395989977,18182.96908807564,15369.735049691797
forecast_7779,2025-11-21 03:00:00,16352.50382139724,18542.985629984763,15125.670237967734
forecast_7780,2025-11-21 04:00:00,16997.715888646017,18482.541742243586,15440.030992603177
forecast_7781,2025-11-21 05:00:00,18415.21144123161,18505.080963695662,14840.104197252773
forecast_7782,2025-11-21 06:00:00,18883.30976189278,18868.89614233885,14949.095849043422
forecast_7783,2025-11-21 07:00:00,19570.74711287667,19076.205901359084,14833.57988032178
forecast_7784,2025-11-21 08:00:00,17739.278330480796,19156.870766268734,14051.45457544961
forecast_7785,2025-11-21 09:00:00,15210.35294246336,17461.47771593076,13979.335276615127
forecast_7786,2025-11-21 10:00:00,14550.718499795134,17877.48681845596,13027.756876259358
forecast_7787,2025-11-21 11:00:00,14914.396907975623,17382.6217660718,12561.353317632376
forecast_7788,2025-11-21 12:00:00,14636.968090501969,16950.10396703349,12086.86844060071
forecast_7789,2025-11-21 13:00:00,15490.651814530527,15906.836501198995,12272.474868440051
forecast_7790,2025-11-21 14:00:00,15442.774192539086,15582.66745132706,12878.595957336625
forecast_7791,2025-11-21 15:00:00,16143.401500571881,15831.326107281562,14658.778561575851
forecast_7792,2025-11-21 16:00:00,16203.567623960496,16722.894206064248,16113.607061376832
forecast_7793,2025-11-21 17:00:00,15842.029057643771,17210.674987433846,16388.37212114629
forecast_7794,2025-11-21 18:00:00,16827.450962737017,17454.4916509977,17434.203509278315
forecast_7795,2025-11-21 19:00:00,16208.000226759494,17090.044286458808,17736.98882367074
forecast_7796,2025-11-21 20:00:00,16281.756424319365,16879.287061044815,17723.56866479813
forecast_7797,2025-11-21 21:00:00,15836.730439271896,17526.79985878241,17915.449272680085
forecast_7798,2025-11-21 22:00:00,16431.947700121058,16881.43417468461,17036.524834752123
forecast_7799,2025-11-21 23:00:00,15276.493893903958,16653.655112148466,14727.827197083998
forecast_7800,2025-11-22 00:00:00,14471.192875882763,17183.723078505616,14223.312273818074
forecast_7801,2025-11-22 01:00:00,14922.87520161113,16549.609577806295,15109.050898060425
forecast_7802,2025-11-22 02:00:00,16077.207169024507,17512.94839903387,14668.041999214249
forecast_7803,2025-11-22 03:00:00,15742.151016306967,17263.856951353355,12747.034399544924
forecast_7804,2025-11-22 04:00:00,16585.179340315965,17807.62081716306,13727.019267528985
forecast_7805,2025-11-22 05:00:00,17493.04256873506,17509.12719872592,14468.437653372408
forecast_7806,2025-11-22 06:00:00,17509.535517933036,17886.04341811774,14316.305773644588
forecast_7807,2025-11-22 07:00:00,17943.41921015919,17991.778122740972,13653.114447424181
forecast_7808,2025-11-22 08:00:00,16901.79933056462,17836.57065160268,12641.049827386909
forecast_7809,2025-11-22 09:00:00,15211.460128042323,16337.4137230698,10149.77265334391
forecast_7810,2025-11-22 10:00:00,12089.269064813441,14002.262132021597,11286.673393969237
forecast_7811,2025-11-22 11:00:00,9968.745004472783,13105.973069291935,10514.416885132592
forecast_7812,2025-11-22 12:00:00,10883.975239294341,12861.21826977438,10198.8967940393
forecast_7813,2025-11-22 13:00:00,10108.082771855055,11704.366647852214,10065.827275813275
forecast_7814,2025-11-22 14:00:00,10239.96399217829,11336.971621235878,9522.603816168901
forecast_7815,2025-11-22 15:00:00,11051.84597690918,11143.714269201215,10393.87098904648
forecast_7816,2025-11-22 16:00:00,13267.73594902427,12585.409513821678,12069.21415116309
forecast_7817,2025-11-22 17:00:00,15821.8502459497,16555.365256002824,13113.251748123032
forecast_7818,2025-11-22 18:00:00,16692.54269855763,17208.597932278517,14275.800268193336
forecast_7819,2025-11-22 19:00:00,17378.488237205675,17880.15813547833,16011.335549374924
forecast_7820,2025-11-22 20:00:00,18893.441635086656,18798.08347822819,15863.767318356513
forecast_7821,2025-11-22 21:00:00,19193.716128674176,18460.936525098754,16456.59199060762
forecast_7822,2025-11-22 22:00:00,19185.2530253775,18594.448779055172,16535.80163924623
forecast_7823,2025-11-22 23:00:00,19539.34492023624,18979.485076221754,16834.723241228152
forecast_7824,2025-11-23 00:00:00,19944.15102151165,19293.386878367277,16117.425162554666
forecast_7825,2025-11-23 01:00:00,20185.60364117098,19517.42785931246,16464.434870380013
forecast_7826,2025-11-23 02:00:00,19885.947177069447,19806.80041654299,17539.01503092538
forecast_7827,2025-11-23 03:00:00,19233.012082773635,20264.33461551315,17131.678856088445
forecast_7828,2025-11-23 04:00:00,19504.068167900452,20119.729772475916,16094.515773963329
forecast_7829,2025-11-23 05:00:00,20050.67865187239,19962.866982185464,15246.878005792416
forecast_7830,2025-11-23 06:00:00,20397.061326447845,19796.244807135154,15194.517376460422
forecast_7831,2025-11-23 07:00:00,19685.91523462738,19226.326337023293,16704.84984272209
forecast_7832,2025-11-23 08:00:00,18752.932969425427,18521.345349117564,15818.963882688993
forecast_7833,2025-11-23 09:00:00,16965.245693167744,16998.831402877866,11005.47247726813
forecast_7834,2025-11-23 10:00:00,16567.271383669617,16220.903666740907,12955.663850153624
forecast_7835,2025-11-23 11:00:00,15276.47163492232,15902.4279996262,10641.31594669162
forecast_7836,2025-11-23 12:00:00,14547.075865604565,16435.176811092406,15528.31318894169
forecast_7837,2025-11-23 13:00:00,12734.756948154749,13609.274517540518,13229.132766479192
forecast_7838,2025-11-23 14:00:00,10903.645230873699,11406.938965578214,11337.473716373137
forecast_7839,2025-11-23 15:00:00,11029.765612157154,12579.931991127396,11783.844068647877
forecast_7840,2025-11-23 16:00:00,11464.60622562573,12377.997925707892,13752.195464768078
forecast_7841,2025-11-23 17:00:00,12280.829367142213,14046.866216105202,13913.50435566402
forecast_7842,2025-11-23 18:00:00,15543.22534647137,16004.669647058185,13642.152242140895
forecast_7843,2025-11-23 19:00:00,16651.361271157737,16955.66698199648,14850.882623772111
forecast_7844,2025-11-23 20:00:00,16272.139216065629,17649.518856721425,15868.471308913191
forecast_7845,2025-11-23 21:00:00,15148.488197685561,16338.061521412177,15583.373736412912
forecast_7846,2025-11-23 22:00:00,13668.616979459888,15703.959058151067,15649.604465840128
forecast_7847,2025-11-23 23:00:00,12471.108843379761,15668.05477376747,15097.007337314873
forecast_7848,2025-11-24 00:00:00,12181.383921930603,13962.67423699433,12491.540402040078
forecast_7849,2025-11-24 01:00:00,12544.953747293408,16050.57359987513,10211.53988087885
forecast_7850,2025-11-24 02:00:00,11676.551201466196,15774.449495419136,9846.913107343105
forecast_7851,2025-11-24 03:00:00,12308.380760948425,15910.535020094298,10299.093083074746
forecast_7852,2025-11-24 04:00:00,11317.161383264915,14515.18577702205,9746.872547718309
forecast_7853,2025-11-24 05:00:00,8279.620959115302,10688.912947052659,8253.99441816716
forecast_7854,2025-11-24 06:00:00,11213.001488082671,13226.862238364914,9517.71643945009
forecast_7855,2025-11-24 07:00:00,11805.36481549573,14076.297843424798,9445.895897181594
forecast_7856,2025-11-24 08:00:00,11918.443061651264,14243.456461328462,10256.294303849654
forecast_7857,2025-11-24 09:00:00,10255.614336800112,11370.580520032216,9165.51134751744
forecast_7858,2025-11-24 10:00:00,8040.512700632153,8148.875107958367,6831.117873083058
forecast_7859,2025-11-24 11:00:00,10846.842850158775,11723.170881864567,9738.727740675082
forecast_7860,2025-11-24 12:00:00,8223.136539323232,8867.022395358861,8982.848071799504
forecast_7861,2025-11-24 13:00:00,9657.447105182891,11110.791123242761,10322.971764510397
forecast_7862,2025-11-24 14:00:00,11805.449484112689,12678.070746622514,13066.12732223598
forecast_7863,2025-11-24 15:00:00,11489.542357078648,12792.241482555342,12417.056531707922
forecast_7864,2025-11-24 16:00:00,10714.470121810682,11441.4450190867,10872.42150480398
forecast_7865,2025-11-24 17:00:00,11152.391999032392,11972.087381028625,10802.394634924714
forecast_7866,2025-11-24 18:00:00,11551.590630618617,11786.132931728736,11199.228185417276
forecast_7867,2025-11-24 19:00:00,9984.521941669587,10956.27294586397,10693.956876889883
forecast_7868,2025-11-24 20:00:00,10652.28060217731,11119.906731144885,10173.873203414287
forecast_7869,2025-11-24 21:00:00,11115.193580577396,11760.047885093827,9405.39069688358
forecast_7870,2025-11-24 22:00:00,11086.461632626704,11747.969646726364,9536.214473233651
forecast_7871,2025-11-24 23:00:00,11606.196025173553,12640.590722385938,10983.950142075815
forecast_7872,2025-11-25 00:00:00,13025.35987438765,13479.447696144342,11619.89302584484
forecast_7873,2025-11-25 01:00:00,11395.22318846764,12651.33924802016,11483.295564959375
forecast_7874,2025-11-25 02:00:00,13687.924851330188,14169.535079288102,13447.96237663105
forecast_7875,2025-11-25 03:00:00,12115.003491090898,14286.432659492642,12693.97570577364
forecast_7876,2025-11-25 04:00:00,11226.283631176946,12450.547593541045,11532.432941114848
forecast_7877,2025-11-25 05:00:00,12863.690019001458,14612.310068043207,11295.837322543037
forecast_7878,2025-11-25 06:00:00,11935.232583186445,15436.751795498976,9441.623045911238
forecast_7879,2025-11-25 07:00:00,12167.982930270875,14428.282032773175,11076.980258720132
forecast_7880,2025-11-25 08:00:00,11701.984012043642,13248.927759722306,9583.77962669407
forecast_7881,2025-11-25 09:00:00,5897.937934886344,7780.785845284722,6489.078652221389
forecast_7882,2025-11-25 10:00:00,6885.543281098527,8829.717945835784,7231.929100146109
forecast_7883,2025-11-25 11:00:00,5954.596731476451,7041.490262986723,5462.260044753358
forecast_7884,2025-11-25 12:00:00,7019.194773430948,6331.349729660312,6377.455819248537
forecast_7885,2025-11-25 13:00:00,8949.284023278236,9769.799949446073,7994.363015399371
forecast_7886,2025-11-25 14:00:00,8760.648407489221,9973.846919765765,7641.142345988734
forecast_7887,2025-11-25 15:00:00,8396.754364646677,8856.967864840068,5806.807199735188
forecast_7888,2025-11-25 16:00:00,9622.373280410531,9554.722159683144,7697.258499142681
forecast_7889,2025-11-25 17:00:00,10620.184260022286,11140.060740162895,10056.55963958941
forecast_7890,2025-11-25 18:00:00,11665.936528537886,10633.223250071662,8605.666008519565
forecast_7891,2025-11-25 19:00:00,8818.285878602805,8885.132435749769,6002.697138631061
forecast_7892,2025-11-25 20:00:00,8926.912764470866,8860.586214835323,5725.15247234077
forecast_7893,2025-11-25 21:00:00,7096.801266895186,6468.384371937624,4114.512376812819
forecast_7894,2025-11-25 22:00:00,5693.90474973652,5648.351215705396,3952.743630379936
forecast_7895,2025-11-25 23:00:00,4772.853856778412,5735.922542702144,3981.088270948021
forecast_7896,2025-11-26 00:00:00,4282.002747133914,4870.1120997292455,3123.346905747485
forecast_7897,2025-11-26 01:00:00,3054.127907417622,3677.7480957359785,2160.323475814531
forecast_7898,2025-11-26 02:00:00,2201.368561179202,2650.199589393115,834.1031854852636
forecast_7899,2025-11-26 03:00:00,1957.7007450320648,1705.3254651436973,649.2287209348053
forecast_7900,2025-11-26 04:00:00,1379.688484976386,1125.3814015224677,468.9778594526659
forecast_7901,2025-11-26 05:00:00,1192.5115307407143,745.9982803675111,483.24791943755724
forecast_7902,2025-11-26 06:00:00,1192.5662013944393,1737.9119565898684,1360.5884719350229
forecast_7903,2025-11-26 07:00:00,1776.6907078697438,2111.021484198579,1822.055223943655
forecast_7904,2025-11-26 08:00:00,1811.0085974427263,1875.0449870844725,2043.2839094456397
forecast_7905,2025-11-26 09:00:00,2285.358432376576,2165.13476400836,1666.8463129376037
forecast_7906,2025-11-26 10:00:00,2272.4759154585763,2066.456089283935,2428.2909581181034
forecast_7907,2025-11-26 11:00:00,1952.5554698979254,1186.7540563041919,1189.7514986768047
forecast_7908,2025-11-26 12:00:00,1427.689851669229,833.8355558865603,1114.1144863640252
forecast_7909,2025-11-26 13:00:00,2533.894144552302,2219.9425624916807,1033.8080265270944
forecast_7910,2025-11-26 14:00:00,3931.2194652827034,2555.805025802352,1921.479979590413
forecast_7911,2025-11-26 15:00:00,4640.702688780625,3403.639504639314,2958.4774650451773
forecast_7912,2025-11-26 16:00:00,5764.231588526769,4520.76892183822,2955.3303678001485
forecast_7913,2025-11-26 17:00:00,7761.496270030921,6676.907256728014,4648.008456437184
forecast_7914,2025-11-26 18:00:00,9251.602497311284,10621.986219072838,6818.819529962359
forecast_7915,2025-11-26 19:00:00,10827.395345299512,11380.787198458587,8815.60186111185
forecast_7916,2025-11-26 20:00:00,11851.187667051076,12053.767113475213,8134.54926600035
forecast_7917,2025-11-26 21:00:00,11862.110980960162,11952.390958014454,9743.001141414305
forecast_7918,2025-11-26 22:00:00,11201.162256659532,13067.006706610544,9977.985103466797
forecast_7919,2025-11-26 23:00:00,11077.485633890972,13793.04409212768,9740.167038400765
forecast_7920,2025-11-27 00:00:00,12472.062876121872,16153.521189567015,13051.851801849067
forecast_7921,2025-11-27 01:00:00,12886.740777607884,15213.287804553256,12946.772695230975
forecast_7922,2025-11-27 02:00:00,13644.710350880348,16075.775289593068,13186.707844429502
forecast_7923,2025-11-27 03:00:00,15101.178413144906,16399.38778529811,12353.768088562363
forecast_7924,2025-11-27 04:00:00,12835.761711760164,15998.214656719763,13209.591674280207
forecast_7925,2025-11-27 05:00:00,11946.150101523572,15462.440124721063,11357.536763928065
forecast_7926,2025-11-27 06:00:00,14104.525021713678,16581.763590268343,13836.473324061466
forecast_7927,2025-11-27 07:00:00,10563.090502407678,14641.76046305728,8513.15928302811
forecast_7928,2025-11-27 08:00:00,12788.593361252259,16966.029118434944,12698.100639075868
forecast_7929,2025-11-27 09:00:00,14605.781678677755,18042.161305037593,14535.206380739737
forecast_7930,2025-11-27 10:00:00,11849.517484949361,16443.687268497742,14580.28530913304
forecast_7931,2025-11-27 11:00:00,12393.375196039502,17170.39703540598,15164.243845190753
forecast_7932,2025-11-27 12:00:00,13290.288518767156,17374.85031148412,15548.695759088652
forecast_7933,2025-11-27 13:00:00,14937.447611312455,17623.09139147819,15674.780589562877
forecast_7934,2025-11-27 14:00:00,16390.90982133551,18234.094224296845,14759.959956347351
forecast_7935,2025-11-27 15:00:00,15618.198027442868,18033.26626110063,14321.251203969116
forecast_7936,2025-11-27 16:00:00,16738.19167402463,18001.370331041944,13737.975232699906
forecast_7937,2025-11-27 17:00:00,17365.586532035348,18207.502883343514,12236.767903511645
forecast_7938,2025-11-27 18:00:00,17461.057900786713,18132.11830032125,13029.430610502728
forecast_7939,2025-11-27 19:00:00,17828.21921487869,18454.628634246397,13465.585252576404
forecast_7940,2025-11-27 20:00:00,17588.18458025896,18457.2042196104,12335.029681777147
forecast_7941,2025-11-27 21:00:00,17984.691992279917,17857.93585060648,12779.809706003705
forecast_7942,2025-11-27 22:00:00,17197.041481641365,18039.67354834359,13005.440776800997
forecast_7943,2025-11-27 23:00:00,16578.484616274796,18765.773549791396,14277.19694203134
forecast_7944,2025-11-28 00:00:00,17083.74251855315,19168.294882055656,15860.726824518722
forecast_7945,2025-11-28 01:00:00,16807.932386871806,18373.482403568676,16929.779532178378
forecast_7946,2025-11-28 02:00:00,16738.271897922077,17832.414500749746,16276.146700775815
forecast_7947,2025-11-28 03:00:00,16975.05522651211,18502.55748259702,15111.747308820382
forecast_7948,2025-11-28 04:00:00,17313.115835481738,18925.946832069756,13121.235100539778
forecast_7949,2025-11-28 05:00:00,14604.817175785547,18229.202252526997,14374.055336840192
forecast_7950,2025-11-28 06:00:00,15519.855226509617,16544.434918820712,13973.773831551687
forecast_7951,2025-11-28 07:00:00,16074.490668149325,16947.07972329205,11828.028584993364
forecast_7952,2025-11-28 08:00:00,14924.813058720942,16011.327554540989,10213.890645512769
forecast_7953,2025-11-28 09:00:00,10495.393669139134,13680.152207614878,8529.428328881308
forecast_7954,2025-11-28 10:00:00,8361.085270071257,9044.832118427179,6311.030836154183
forecast_7955,2025-11-28 11:00:00,8073.647480731551,8465.821722217292,6494.214656093887
forecast_7956,2025-11-28 12:00:00,7371.3469434361605,8203.340130357696,6588.7625381103635
forecast_7957,2025-11-28 13:00:00,6760.638350408859,7749.610507317808,5933.366379741862
forecast_7958,2025-11-28 14:00:00,6867.813478085933,7205.8772375512135,5778.619831953867
forecast_7959,2025-11-28 15:00:00,5899.208812217419,5979.176185395878,5476.183252430334
forecast_7960,2025-11-28 16:00:00,5766.363131832263,5218.5644472754275,4259.959221909108
forecast_7961,2025-11-28 17:00:00,6669.9333339868745,7032.151807731621,4764.631162700083
forecast_7962,2025-11-28 18:00:00,5795.7716062188565,6099.953396548122,3957.4514149042748
forecast_7963,2025-11-28 19:00:00,5425.783036291918,3728.8984098497403,3400.240173326393
forecast_7964,2025-11-28 20:00:00,4915.263724716349,3397.851659175262,3383.319547131793
forecast_7965,2025-11-28 21:00:00,5447.130732393732,3348.7749560101297,3983.30708408664
forecast_7966,2025-11-28 22:00:00,5234.680124530399,2955.530080017419,3589.8899602849438
forecast_7967,2025-11-28 23:00:00,4489.868022703693,3464.5579737196654,3460.0283253301695
forecast_7968,2025-11-29 00:00:00,4758.927299521653,3973.9039301328457,3334.2346004364344
forecast_7969,2025-11-29 01:00:00,4516.332686433249,4240.040408277698,3342.4284159010863
forecast_7970,2025-11-29 02:00:00,5190.449099561659,5983.746815260209,4469.796635218917
forecast_7971,2025-11-29 03:00:00,7349.157917440808,7672.30867220812,5591.602291588028
forecast_7972,2025-11-29 04:00:00,10550.456332837139,10511.310274006206,5968.306242525747
forecast_7973,2025-11-29 05:00:00,10706.95130981168,11862.162215182898,6941.524605255084
forecast_7974,2025-11-29 06:00:00,11727.617959835166,13020.235975103133,8270.7153973091
forecast_7975,2025-11-29 07:00:00,12344.828120819162,13471.949792526368,8357.526852002738
forecast_7976,2025-11-29 08:00:00,10685.205874021369,12849.376419615506,8004.643431371688
forecast_7977,2025-11-29 09:00:00,9206.026369450114,13148.422955260194,6269.395502038267
forecast_7978,2025-11-29 10:00:00,6749.512880615961,9827.121007577585,6095.130323016585
forecast_7979,2025-11-29 11:00:00,7266.119140030435,10439.169717869525,6579.149652353378
forecast_7980,2025-11-29 12:00:00,11055.932023052912,13936.931615903182,10416.842399709345
forecast_7981,2025-11-29 13:00:00,13729.285033763585,14590.250962958964,13655.806282052412
forecast_7982,2025-11-29 14:00:00,14407.221620526498,15457.898634650286,14149.7047177725
forecast_7983,2025-11-29 15:00:00,15582.514564262126,16461.33298954125,14837.150378508803
forecast_7984,2025-11-29 16:00:00,16107.319614260876,17531.108931412877,15825.678146743736
forecast_7985,2025-11-29 17:00:00,18123.378315921942,19197.496918187397,17348.50074953792
forecast_7986,2025-11-29 18:00:00,19053.29830625539,19268.714511653106,18068.392617788297
forecast_7987,2025-11-29 19:00:00,19439.275155586514,19633.83284738706,18470.58000385285
forecast_7988,2025-11-29 20:00:00,19445.62476937137,19380.99013204962,18901.188808170416
forecast_7989,2025-11-29 21:00:00,20125.052244581813,19478.740990205555,19409.632492152257
forecast_7990,2025-11-29 22:00:00,20093.047592384006,19293.431747222203,19427.51989131403
forecast_7991,2025-11-29 23:00:00,20205.787167257404,19392.856692398662,19261.30547149315
forecast_7992,2025-11-30 00:00:00,20170.362253935895,19242.141948198063,19269.821615900124
forecast_7993,2025-11-30 01:00:00,19547.369361543202,19696.60130570623,18599.459779989105
forecast_7994,2025-11-30 02:00:00,19094.023774532754,19232.374398045496,18299.106605100336
forecast_7995,2025-11-30 03:00:00,18601.333060647114,19176.355634899515,17570.864016086667
forecast_7996,2025-11-30 04:00:00,18176.047180454974,18357.614156642456,17251.103890478036
forecast_7997,2025-11-30 05:00:00,17505.92424732247,17099.281896149783,14677.853828542735
forecast_7998,2025-11-30 06:00:00,15442.48074375469,16642.472251808256,15353.97053775769
forecast_7999,2025-11-30 07:00:00,14357.575868887929,14847.119405030428,14533.138552333454
forecast_8000,2025-11-30 08:00:00,14590.847099406223,14794.476275997255,13215.236151554473
forecast_8001,2025-11-30 09:00:00,12201.559539488724,13712.941739327745,10491.415351539557
forecast_8002,2025-11-30 10:00:00,11273.858993536798,12253.993851883002,11989.396910773761
forecast_8003,2025-11-30 11:00:00,10608.749539622131,11465.873377430755,11988.936069004916
forecast_8004,2025-11-30 12:00:00,10332.227851027028,10916.92292784951,9825.992434095639
forecast_8005,2025-11-30 13:00:00,10663.486492967408,10614.622205307858,9073.927859519852
forecast_8006,2025-11-30 14:00:00,9966.521260335845,9719.603086989664,8518.291132237753
forecast_8007,2025-11-30 15:00:00,8891.0705924693,10973.22170834243,8608.189291069551
forecast_8008,2025-11-30 16:00:00,9520.790033992913,10951.322323847611,9375.100634515426
forecast_8009,2025-11-30 17:00:00,10241.421618617283,12992.398991316413,11402.634894025434
forecast_8010,2025-11-30 18:00:00,13459.734061990019,15291.993392252143,15207.459925728013
forecast_8011,2025-11-30 19:00:00,16949.7406052546,18957.741326238272,17941.126010651944
forecast_8012,2025-11-30 20:00:00,18290.541868814467,19354.26446349992,18696.81098748806
forecast_8013,2025-11-30 21:00:00,18995.664174857826,19921.20028302182,19108.667873981023
forecast_8014,2025-11-30 22:00:00,19580.252672311148,20089.70854965801,19023.199919188075
forecast_8015,2025-11-30 23:00:00,19467.310749297696,19627.314366118942,18757.953148635326
forecast_8016,2025-12-01 00:00:00,19582.682658811525,20113.70523689921,19037.391079406192
forecast_8017,2025-12-01 01:00:00,19280.40326988927,19553.929609128158,18649.445583073426
forecast_8018,2025-12-01 02:00:00,19237.216457769588,19716.101823860383,18690.07560508778
forecast_8019,2025-12-01 03:00:00,19155.967926586847,19213.822186167214,18463.677890383846
forecast_8020,2025-12-01 04:00:00,19769.297746028788,19624.134887919434,18045.95948757734
forecast_8021,2025-12-01 05:00:00,19807.26215890553,20067.34659494649,18001.586846605496
forecast_8022,2025-12-01 06:00:00,19997.013705917023,20364.1383898737,17934.101684601737
forecast_8023,2025-12-01 07:00:00,19549.514492930626,20239.326010066638,17102.502903634264
forecast_8024,2025-12-01 08:00:00,18074.03357988483,19249.185470159886,15601.177833720114
forecast_8025,2025-12-01 09:00:00,15759.978372780884,16589.125875454243,13742.362359254714
forecast_8026,2025-12-01 10:00:00,12754.003475765696,14229.797187809567,10969.910089852105
forecast_8027,2025-12-01 11:00:00,6839.649315551958,8417.832093120323,4438.457875226411
forecast_8028,2025-12-01 12:00:00,5546.805604930872,6333.923757999611,3416.9047882457
forecast_8029,2025-12-01 13:00:00,4988.146829526205,4653.1745329296855,3519.9815866410468
forecast_8030,2025-12-01 14:00:00,3892.7487098020815,3002.533243363241,2461.4198135852866
forecast_8031,2025-12-01 15:00:00,3197.7408218149294,2508.598284763162,2025.0853252521615
forecast_8032,2025-12-01 16:00:00,2887.148456850653,1874.93478813525,2471.059369319794
forecast_8033,2025-12-01 17:00:00,4150.0502594561485,3952.9793135450336,3136.649932447673
forecast_8034,2025-12-01 18:00:00,4513.426689809734,3309.7452967572476,2389.263275937636
forecast_8035,2025-12-01 19:00:00,5001.470977364859,4264.177974398555,3446.2345276299384
forecast_8036,2025-12-01 20:00:00,8172.106042345468,7352.1143557238365,3205.08752095228
forecast_8037,2025-12-01 21:00:00,8165.348239195726,8337.074237018069,5714.338638165769
forecast_8038,2025-12-01 22:00:00,8808.492986947094,9701.349480806808,7832.007738637765
forecast_8039,2025-12-01 23:00:00,12317.723346586044,14029.996233348902,9771.323606192298
forecast_8040,2025-12-02 00:00:00,11555.152926083096,14543.530140486373,11587.212306823954
forecast_8041,2025-12-02 01:00:00,12815.087663121967,14611.331020292491,11667.544629238908
forecast_8042,2025-12-02 02:00:00,15017.156458302306,17231.279127913087,12762.672846895237
forecast_8043,2025-12-02 03:00:00,16064.68338890309,17882.19371049808,16543.589978194075
forecast_8044,2025-12-02 04:00:00,14666.253604843017,17448.702461474477,12457.978119039792
forecast_8045,2025-12-02 05:00:00,14482.94979741289,17259.283943439168,10164.15621376645
forecast_8046,2025-12-02 06:00:00,13826.182431012057,16832.131305440096,9349.370442465328
forecast_8047,2025-12-02 07:00:00,11456.156017125952,14093.399575879715,8669.766566315051
forecast_8048,2025-12-02 08:00:00,9191.941674585038,10597.90601880658,6305.511117797231
forecast_8049,2025-12-02 09:00:00,6673.831136566424,9556.082229095475,4862.010359852229
forecast_8050,2025-12-02 10:00:00,6730.925399719857,8067.789419572226,4757.293968423443
forecast_8051,2025-12-02 11:00:00,6181.457588231834,8126.095646833032,4260.641568214426
forecast_8052,2025-12-02 12:00:00,7405.519935410167,9570.435350125561,6328.546143151033
forecast_8053,2025-12-02 13:00:00,7820.3619309233945,9013.911428964986,7827.269801266644
forecast_8054,2025-12-02 14:00:00,10019.72690487497,11748.168966539233,8869.583341447486
forecast_8055,2025-12-02 15:00:00,11847.70686028648,13577.88520153414,9625.144773175994
forecast_8056,2025-12-02 16:00:00,14046.580078563786,14398.78622703682,10854.099916446003
forecast_8057,2025-12-02 17:00:00,15109.619350523668,16034.311290596588,13540.98111784163
forecast_8058,2025-12-02 18:00:00,15433.37113477579,16248.701035917597,14420.488156748883
forecast_8059,2025-12-02 19:00:00,15349.233588691692,15548.173991716738,15329.315095927806
forecast_8060,2025-12-02 20:00:00,14969.146980473444,16057.623407852883,14637.053090165688
forecast_8061,2025-12-02 21:00:00,14796.475659525919,17036.76271179204,14939.728726033723
forecast_8062,2025-12-02 22:00:00,14310.682742726169,16362.861529397054,14639.5829941634
forecast_8063,2025-12-02 23:00:00,13947.662618254035,16315.111444094297,15513.203313730994
forecast_8064,2025-12-03 00:00:00,14279.850232768937,15671.285499198872,15768.987351130281
forecast_8065,2025-12-03 01:00:00,14501.800078382596,17327.471610440225,15752.316895792474
forecast_8066,2025-12-03 02:00:00,14450.428561470573,17219.23762618882,16146.760831355514
forecast_8067,2025-12-03 03:00:00,14796.273970131035,16191.853466278148,15262.571655832815
forecast_8068,2025-12-03 04:00:00,14964.675638970284,16091.161330676816,14163.32030884817
forecast_8069,2025-12-03 05:00:00,13439.727154133077,14396.862377719868,12196.735937702653
forecast_8070,2025-12-03 06:00:00,13461.82619442902,15689.187782392553,10906.758547314992
forecast_8071,2025-12-03 07:00:00,13870.557916808368,16433.777006972217,11501.429382450564
forecast_8072,2025-12-03 08:00:00,13219.682670575237,16639.71289406761,11515.063811002108
forecast_8073,2025-12-03 09:00:00,13480.150757752463,15806.198689310677,12823.466239614287
forecast_8074,2025-12-03 10:00:00,14997.084631426394,16132.755976659608,13050.359258409826
forecast_8075,2025-12-03 11:00:00,15095.658397750667,16283.099542520571,13850.01771414105
forecast_8076,2025-12-03 12:00:00,15347.655119542247,17076.828088695474,13848.81061334708
forecast_8077,2025-12-03 13:00:00,15174.872775098043,17605.068498495795,14108.872867785285
forecast_8078,2025-12-03 14:00:00,15241.73533733925,18053.039135464227,14132.669867832432
forecast_8079,2025-12-03 15:00:00,15220.737124011728,17695.1763352288,14699.332232459023
forecast_8080,2025-12-03 16:00:00,15041.320635979291,17876.710607386012,14448.968845928144
forecast_8081,2025-12-03 17:00:00,15115.884783399591,16666.3456266926,14308.80609403743
forecast_8082,2025-12-03 18:00:00,15152.553088265597,15832.435386277875,13744.91227204788
forecast_8083,2025-12-03 19:00:00,14655.376898388291,15841.930628677588,13524.986681178336
forecast_8084,2025-12-03 20:00:00,14767.233294478354,15373.301699204998,14431.18000345953
forecast_8085,2025-12-03 21:00:00,14668.022748712785,16277.924083142125,14542.508498857804
forecast_8086,2025-12-03 22:00:00,14697.047936126373,16142.557108931547,14274.240759489998
forecast_8087,2025-12-03 23:00:00,13776.136738999232,17207.153983132364,11871.099797529272
forecast_8088,2025-12-04 00:00:00,12832.611020888617,16439.783425629106,10641.06992944333
forecast_8089,2025-12-04 01:00:00,12324.093273386901,18952.624075049753,11408.136577766913
forecast_8090,2025-12-04 02:00:00,14514.661924449305,17755.688818191433,11443.282137509488
forecast_8091,2025-12-04 03:00:00,16179.76916863093,18154.239588214034,14319.726998600318
forecast_8092,2025-12-04 04:00:00,16347.18162888728,18125.395791111434,14734.544083437473
forecast_8093,2025-12-04 05:00:00,17220.38112932471,17992.457964228353,16408.556751463722
forecast_8094,2025-12-04 06:00:00,17410.68657979325,17838.002635047862,17338.957586078126
forecast_8095,2025-12-04 07:00:00,17190.431459947013,18582.931462396897,17950.256821346615
forecast_8096,2025-12-04 08:00:00,16295.215379579015,18722.22192866706,17809.16577302694
forecast_8097,2025-12-04 09:00:00,15879.451869513125,18610.895367721012,15318.182126757401
forecast_8098,2025-12-04 10:00:00,13894.422711450627,17963.122375841253,13879.948087532253
forecast_8099,2025-12-04 11:00:00,13143.0867550859,16082.294735423218,13274.087491848093
forecast_8100,2025-12-04 12:00:00,12459.41831209788,13511.640788995635,11408.723775307953
forecast_8101,2025-12-04 13:00:00,12262.29881717708,13016.3955287631,11592.91836365637
forecast_8102,2025-12-04 14:00:00,12180.082175497238,12372.513466313363,10434.23908348091
forecast_8103,2025-12-04 15:00:00,11582.886355384415,12505.451565391182,9693.102010945988
forecast_8104,2025-12-04 16:00:00,12725.119580798952,13753.262941858631,13315.893139921413
forecast_8105,2025-12-04 17:00:00,12981.202371091005,14789.119013537715,12316.164215502751
forecast_8106,2025-12-04 18:00:00,14702.052220282425,17048.83454552817,17258.636421216102
forecast_8107,2025-12-04 19:00:00,14709.029997557782,16860.932235924993,17033.457778393735
forecast_8108,2025-12-04 20:00:00,14882.637047922497,18227.44747076866,17775.230423113186
forecast_8109,2025-12-04 21:00:00,15088.182460867572,16752.713013336917,17537.824632927153
forecast_8110,2025-12-04 22:00:00,14602.609840225232,17845.831435068427,15709.998717998418
forecast_8111,2025-12-04 23:00:00,14611.853890232407,17859.738546213583,15776.626027028671
forecast_8112,2025-12-05 00:00:00,13472.927189354023,17764.44012081176,16646.986104247324
forecast_8113,2025-12-05 01:00:00,13163.909228334163,15505.671016429322,14747.38275191931
forecast_8114,2025-12-05 02:00:00,13450.374855062259,15529.253993202808,14989.679190076213
forecast_8115,2025-12-05 03:00:00,13193.928466266676,14973.492040520456,14522.833566075084
forecast_8116,2025-12-05 04:00:00,13611.891654914829,14670.9449333627,11779.981220561489
forecast_8117,2025-12-05 05:00:00,12861.15619206164,15369.886537639675,11852.412909610623
forecast_8118,2025-12-05 06:00:00,12579.115542166037,14248.259414468826,12149.031392541287
forecast_8119,2025-12-05 07:00:00,14226.64559130132,16535.54767400092,11922.532144799423
forecast_8120,2025-12-05 08:00:00,14930.721745338904,17378.9521428485,12889.104107341847
forecast_8121,2025-12-05 09:00:00,14347.985108591683,17881.16890606867,12296.359262573409
forecast_8122,2025-12-05 10:00:00,12372.264487731225,13753.390151851521,10997.196856200644
forecast_8123,2025-12-05 11:00:00,12263.69450573827,14683.542665788616,11540.229251453711
forecast_8124,2025-12-05 12:00:00,9094.944254526676,12763.599322742268,11278.412555003295
forecast_8125,2025-12-05 13:00:00,8412.492290515684,10713.341338329597,9385.889982341185
forecast_8126,2025-12-05 14:00:00,10005.232132222282,12836.452393480786,10605.264825788423
forecast_8127,2025-12-05 15:00:00,12103.48826624173,14162.68736444656,12873.705810924845
forecast_8128,2025-12-05 16:00:00,13724.581110448717,15279.897371711184,14431.56402984501
forecast_8129,2025-12-05 17:00:00,16749.742820164825,16265.649007642816,16141.119194887624
forecast_8130,2025-12-05 18:00:00,17821.564135868986,15809.795081308988,15738.86866670985
forecast_8131,2025-12-05 19:00:00,17010.263825688107,15626.769453222916,15025.772603080037
forecast_8132,2025-12-05 20:00:00,18199.893175659297,16304.382657734717,15992.522317172348
forecast_8133,2025-12-05 21:00:00,19627.925791689566,17752.174822312318,16709.250366836914
forecast_8134,2025-12-05 22:00:00,18865.79741264848,16689.617791567438,16831.269301149314
forecast_8135,2025-12-05 23:00:00,18740.3976246015,17555.077776456546,16805.991171803973
forecast_8136,2025-12-06 00:00:00,19141.36323718559,18044.409513209645,16687.384050355886
forecast_8137,2025-12-06 01:00:00,19514.7777082252,19536.439260669857,15863.3596957265
forecast_8138,2025-12-06 02:00:00,20092.61944381934,19185.028639425767,17358.264841806893
forecast_8139,2025-12-06 03:00:00,19824.026598184148,19352.617253460176,17921.4625846067
forecast_8140,2025-12-06 04:00:00,20091.070470417926,19578.009601945134,17609.20100766355
forecast_8141,2025-12-06 05:00:00,20150.04561429247,19750.499245126724,17853.824045785383
forecast_8142,2025-12-06 06:00:00,20104.00871990697,19691.106218146862,16615.66884302882
forecast_8143,2025-12-06 07:00:00,20177.94748251319,19790.85993669162,17585.822600720523
forecast_8144,2025-12-06 08:00:00,18526.901526101035,18961.34965603792,16414.127469278315
forecast_8145,2025-12-06 09:00:00,16335.741021762797,18900.454406022072,15180.49276786658
forecast_8146,2025-12-06 10:00:00,15150.287609339362,17862.242939898355,14324.274073277598
forecast_8147,2025-12-06 11:00:00,13836.710054787129,16604.400517293092,15136.867703964914
forecast_8148,2025-12-06 12:00:00,15970.865449683331,16573.58265847173,14419.302685268538
forecast_8149,2025-12-06 13:00:00,15184.935044846563,17392.558062414744,14911.609668330651
forecast_8150,2025-12-06 14:00:00,15669.869898052393,17179.508562523446,15166.862217259379
forecast_8151,2025-12-06 15:00:00,16610.62822875354,18630.770996020874,16282.724155472266
forecast_8152,2025-12-06 16:00:00,17199.315570363236,18550.22369610258,17276.519320734536
forecast_8153,2025-12-06 17:00:00,17163.135304165728,18415.590431615845,18223.710910355356
forecast_8154,2025-12-06 18:00:00,17729.478255729242,18771.580653552286,18603.858946773787
forecast_8155,2025-12-06 19:00:00,17876.822067644687,18590.099046883093,18047.032789912577
forecast_8156,2025-12-06 20:00:00,18470.481026805097,18672.39896333437,18062.42239456681
forecast_8157,2025-12-06 21:00:00,19365.587462082825,18975.679717603867,19077.590336631296
forecast_8158,2025-12-06 22:00:00,19209.67745926495,18569.637998520484,18220.704584630166
forecast_8159,2025-12-06 23:00:00,19651.88306485912,18917.586772116494,18314.15821837692
forecast_8160,2025-12-07 00:00:00,20046.49374884424,19291.537675723786,18778.259912216006
forecast_8161,2025-12-07 01:00:00,18776.6110251556,18757.95279821016,18191.44855916333
forecast_8162,2025-12-07 02:00:00,18445.241003798557,18525.827089721486,18114.84329978157
forecast_8163,2025-12-07 03:00:00,18615.842946320576,18737.955493061334,16783.50446993514
forecast_8164,2025-12-07 04:00:00,18283.524220245996,18711.714584575315,15212.292528834894
forecast_8165,2025-12-07 05:00:00,17696.893132383007,18445.773508177877,15325.621659724047
forecast_8166,2025-12-07 06:00:00,18689.668054262398,18535.10156976876,16959.0421254265
forecast_8167,2025-12-07 07:00:00,18983.625970198926,19401.74417653754,17534.80398547774
forecast_8168,2025-12-07 08:00:00,18675.431484511184,19266.08476526908,16683.836436015048
forecast_8169,2025-12-07 09:00:00,17548.626101515903,18602.75835687732,17813.91335755446
forecast_8170,2025-12-07 10:00:00,17040.526143377258,18068.211182226496,17619.630582951282
forecast_8171,2025-12-07 11:00:00,16324.185511058207,17714.183668168764,17579.4777203576
forecast_8172,2025-12-07 12:00:00,16440.328439332192,17670.8932501081,16828.994498905053
forecast_8173,2025-12-07 13:00:00,16325.739719475901,18184.93643646501,16862.87427855177
forecast_8174,2025-12-07 14:00:00,17030.017986019975,18430.129055562425,16298.91980302034
forecast_8175,2025-12-07 15:00:00,17400.987509832994,18703.185971373096,17615.04063892743
forecast_8176,2025-12-07 16:00:00,17621.227652933296,19284.138413125467,17640.4608594455
forecast_8177,2025-12-07 17:00:00,17020.173003642427,19207.985462827342,17928.539919091327
forecast_8178,2025-12-07 18:00:00,17250.073887445284,19228.973628255637,17887.19801066132
forecast_8179,2025-12-07 19:00:00,17357.905354499704,19011.631242537827,17575.139643893704
forecast_8180,2025-12-07 20:00:00,17439.821786094028,18952.519054478395,18291.10048183114
forecast_8181,2025-12-07 21:00:00,17966.86813230487,18545.751005876402,18370.14793637514
forecast_8182,2025-12-07 22:00:00,18498.875200050737,19257.35885169537,18366.160338312726
forecast_8183,2025-12-07 23:00:00,18097.260167349956,19150.1465828932,17690.79248116537
forecast_8184,2025-12-08 00:00:00,17821.432111011338,18616.503996650576,16723.418836279652
forecast_8185,2025-12-08 01:00:00,17986.526441951562,18809.211564191188,16182.690427318617
forecast_8186,2025-12-08 02:00:00,17134.57363912371,18164.121762069764,15533.552093723905
forecast_8187,2025-12-08 03:00:00,15972.358882261253,18514.321584179033,14404.937216542636
forecast_8188,2025-12-08 04:00:00,15656.00639271129,17044.740957446666,13538.391759149536
forecast_8189,2025-12-08 05:00:00,13654.720543743775,16011.28409215286,12212.51207159011
forecast_8190,2025-12-08 06:00:00,12854.586846185737,13813.522250732798,11640.461791770505
forecast_8191,2025-12-08 07:00:00,12071.789780094226,13093.731072135104,10595.126377840857
forecast_8192,2025-12-08 08:00:00,10584.2293979794,13016.622982225685,9424.543965213019
forecast_8193,2025-12-08 09:00:00,9491.748799552926,10608.725636616695,6797.757010346782
forecast_8194,2025-12-08 10:00:00,9174.24887787703,10766.573505385755,5493.71484165671
forecast_8195,2025-12-08 11:00:00,5426.88240396655,5679.412217879292,3523.4332517675684
forecast_8196,2025-12-08 12:00:00,4624.699842338197,3709.4258619728175,3252.674310013076
forecast_8197,2025-12-08 13:00:00,4357.108717956738,3002.629619803894,3259.02392473875
forecast_8198,2025-12-08 14:00:00,3987.4872890678507,2865.608808079275,2908.3623946832945
forecast_8199,2025-12-08 15:00:00,4255.039083523948,3155.15568834114,3065.3461192180134
forecast_8200,2025-12-08 16:00:00,5026.866421821054,4145.529213756231,3419.638851729623
forecast_8201,2025-12-08 17:00:00,5929.089227065696,5451.328934382271,5706.992998789343
forecast_8202,2025-12-08 18:00:00,8118.327742439347,9809.278486536145,8093.954534494421
forecast_8203,2025-12-08 19:00:00,10904.597222670325,10755.800246065926,9669.905407898039
forecast_8204,2025-12-08 20:00:00,11435.507338587211,12363.91725454139,10112.305980230894
forecast_8205,2025-12-08 21:00:00,13417.823789591304,14657.88432940111,10891.55250741038
forecast_8206,2025-12-08 22:00:00,12815.520236541073,15425.624414349002,10524.720523362043
forecast_8207,2025-12-08 23:00:00,13130.262905789072,15715.64809296129,10946.67342499969
forecast_8208,2025-12-09 00:00:00,13485.137208652346,15802.534881784872,11362.69590462973
forecast_8209,2025-12-09 01:00:00,14013.589921520921,16447.95997805312,11270.915989809986
forecast_8210,2025-12-09 02:00:00,15193.284972925025,17093.835224213104,12199.788994185106
forecast_8211,2025-12-09 03:00:00,15481.65536052332,16779.959567047754,11588.881686623738
forecast_8212,2025-12-09 04:00:00,15598.8472172132,16891.056956161687,11961.432348848231
forecast_8213,2025-12-09 05:00:00,15970.14582418993,17475.12777961758,14264.039708398677
forecast_8214,2025-12-09 06:00:00,15450.237919069034,18014.79729799361,14618.714354834354
forecast_8215,2025-12-09 07:00:00,16870.764663551327,18768.69754124388,14968.204644889458
forecast_8216,2025-12-09 08:00:00,17586.151504134326,18316.732179813258,15297.666511895426
forecast_8217,2025-12-09 09:00:00,15942.33887897581,17539.972934755504,13259.848294112384
forecast_8218,2025-12-09 10:00:00,14243.799666965748,17482.00612769522,13313.591294819942
forecast_8219,2025-12-09 11:00:00,13674.035856506678,17551.46852216231,13859.223152187675
forecast_8220,2025-12-09 12:00:00,11720.781158493646,15497.331290303036,11733.29620459395
forecast_8221,2025-12-09 13:00:00,11489.935740955745,14918.343261952463,11783.866913621297
forecast_8222,2025-12-09 14:00:00,10442.31621489175,14049.909183842146,11727.05311343528
forecast_8223,2025-12-09 15:00:00,10466.890425299256,11929.054516202541,11536.706248720293
forecast_8224,2025-12-09 16:00:00,10967.561900578925,11625.068891269064,11576.8870658493
forecast_8225,2025-12-09 17:00:00,11722.979416721802,12844.973104098432,11384.769487983796
forecast_8226,2025-12-09 18:00:00,11647.208076452513,16122.93965881576,11609.409839474853
forecast_8227,2025-12-09 19:00:00,12243.03491758531,15718.432610535767,11118.594515218509
forecast_8228,2025-12-09 20:00:00,13583.827557528712,14667.007966214023,11239.569989967056
forecast_8229,2025-12-09 21:00:00,12656.19237512109,12752.27023481766,9227.092863270924
forecast_8230,2025-12-09 22:00:00,11315.301051340195,13411.068688982294,7855.210757274421
forecast_8231,2025-12-09 23:00:00,11084.313014332498,12217.790859640972,8943.753705412644
forecast_8232,2025-12-10 00:00:00,10234.2415522771,11822.036486073706,9012.684370501742
forecast_8233,2025-12-10 01:00:00,7819.106173140836,10142.131065280337,8322.090731651031
forecast_8234,2025-12-10 02:00:00,10033.058397723682,13118.1232844176,8946.595247558156
forecast_8235,2025-12-10 03:00:00,11329.496217157934,15550.60644139472,10455.814861996198
forecast_8236,2025-12-10 04:00:00,9815.439867847104,15154.593934467863,8729.573064057518
forecast_8237,2025-12-10 05:00:00,10038.183663381127,14297.352223790784,8641.85887327073
forecast_8238,2025-12-10 06:00:00,10478.194710354248,14972.027584323885,7556.341440968171
forecast_8239,2025-12-10 07:00:00,11280.630765451375,14872.43029507048,9671.739273792246
forecast_8240,2025-12-10 08:00:00,10937.590083319808,15117.174682380599,10148.835285961815
forecast_8241,2025-12-10 09:00:00,11748.754169080963,13024.018947341086,8892.883303107708
forecast_8242,2025-12-10 10:00:00,9830.08830013086,12267.14667682532,9048.048788226719
forecast_8243,2025-12-10 11:00:00,10207.329432195675,12269.809722659333,10312.9657611649
forecast_8244,2025-12-10 12:00:00,9127.801038563459,11455.90176059031,9616.291413282099
forecast_8245,2025-12-10 13:00:00,8139.982009962304,11165.576317178347,9163.555114243494
forecast_8246,2025-12-10 14:00:00,7650.770381193033,10221.459802427162,7848.648080346614
forecast_8247,2025-12-10 15:00:00,5965.93582319557,7420.72724571963,3893.6154156746643
forecast_8248,2025-12-10 16:00:00,5867.064404393062,6924.679458908253,3693.3525872608043
forecast_8249,2025-12-10 17:00:00,5630.031135313383,8163.874043328049,3959.515082535665
forecast_8250,2025-12-10 18:00:00,5395.215472218319,8333.103983468052,2927.394623554278
forecast_8251,2025-12-10 19:00:00,5162.593091086505,8469.790378909604,2707.422599618371
forecast_8252,2025-12-10 20:00:00,5499.797993264158,9065.062069938629,3549.1842499980435
forecast_8253,2025-12-10 21:00:00,8621.139388160567,12151.896727383926,5630.252870236082
forecast_8254,2025-12-10 22:00:00,12001.405528322714,15160.000096639573,10435.06108990258
forecast_8255,2025-12-10 23:00:00,15021.826168301033,17417.465457096238,12179.084668434185
forecast_8256,2025-12-11 00:00:00,12873.826808768274,17444.122852116612,13055.60988032446
forecast_8257,2025-12-11 01:00:00,15646.320887319538,17777.982765484852,15654.696185150366
forecast_8258,2025-12-11 02:00:00,15966.40900389461,17895.107405449966,16042.753909911351
forecast_8259,2025-12-11 03:00:00,17213.385211484998,19421.99844603713,18358.478000833147
forecast_8260,2025-12-11 04:00:00,17976.791858144505,19854.086439537812,17885.885046138672
forecast_8261,2025-12-11 05:00:00,17540.840029321713,20082.455014746225,17897.930439949152
forecast_8262,2025-12-11 06:00:00,17626.798973788744,19243.16591486468,17953.371347297616
forecast_8263,2025-12-11 07:00:00,17322.54015760753,19270.69106791308,18646.880107956345
forecast_8264,2025-12-11 08:00:00,18373.362979742138,18429.422891642615,16167.146247927689
forecast_8265,2025-12-11 09:00:00,16519.45634056464,19013.462299241404,16711.054133638387
forecast_8266,2025-12-11 10:00:00,17685.94594316606,18605.273941911437,18658.75033928873
forecast_8267,2025-12-11 11:00:00,17336.151881861468,18527.575845883734,14722.701435330293
forecast_8268,2025-12-11 12:00:00,15384.608725890765,16470.253498868224,12805.264522843016
forecast_8269,2025-12-11 13:00:00,12108.111592457919,13753.111696582153,10297.4766633874
forecast_8270,2025-12-11 14:00:00,11477.604807091093,12087.614707876342,10164.960990226404
forecast_8271,2025-12-11 15:00:00,11028.716766933041,12583.010487094582,10200.18579484448
forecast_8272,2025-12-11 16:00:00,11607.470472090463,13590.034080595746,10731.874876274263
forecast_8273,2025-12-11 17:00:00,13083.83498824045,14755.68193865184,12257.224178348324
forecast_8274,2025-12-11 18:00:00,12036.256080947229,14434.438424205448,12193.476639917359
forecast_8275,2025-12-11 19:00:00,10567.193309894283,12482.348246761496,10344.849444070986
forecast_8276,2025-12-11 20:00:00,9213.939807664632,11302.119839734816,5237.142897991332
forecast_8277,2025-12-11 21:00:00,5406.457868442073,5149.11982499403,2568.4497214240555
forecast_8278,2025-12-11 22:00:00,2894.7869213440495,2741.4334526193297,973.8196154729415
forecast_8279,2025-12-11 23:00:00,2388.066634628812,3393.58275076076,1079.863680313032
forecast_8280,2025-12-12 00:00:00,1954.7488757474996,2072.443517737514,1291.5745150221633
forecast_8281,2025-12-12 01:00:00,751.7433778934233,835.2035626273841,831.1610605269581
forecast_8282,2025-12-12 02:00:00,726.8518929428878,957.1435776653175,697.7209706606914
forecast_8283,2025-12-12 03:00:00,517.1863906573228,1168.1949006355414,655.0272300560948
forecast_8284,2025-12-12 04:00:00,458.6627763796496,903.6902845461225,570.0287703389424
forecast_8285,2025-12-12 05:00:00,427.1312036021872,1063.9355513430219,304.61964351761566
forecast_8286,2025-12-12 06:00:00,638.9398642316814,886.8599416614071,479.1680404923142
forecast_8287,2025-12-12 07:00:00,590.913733234774,841.1616849484138,301.0724290467859
forecast_8288,2025-12-12 08:00:00,321.8397588146626,719.2563256572129,227.02434002277593
forecast_8289,2025-12-12 09:00:00,308.6770011685002,676.6977866666033,298.66357478204395
forecast_8290,2025-12-12 10:00:00,344.1455172384255,474.6576904960693,116.89362885476494
forecast_8291,2025-12-12 11:00:00,306.8866009442871,420.4953209352177,141.5061128909082
forecast_8292,2025-12-12 12:00:00,92.8039271867961,369.84385223458435,20.022622769423933
forecast_8293,2025-12-12 13:00:00,222.06504965779502,86.691136581458,16.407346428361816
forecast_8294,2025-12-12 14:00:00,178.463895065694,343.96640766343893,24.28419884816882
forecast_8295,2025-12-12 15:00:00,129.16574195577138,16.149467607311347,20.07859390818196
forecast_8296,2025-12-12 16:00:00,4.813980393076855,203.77232503025127,12.686761971477488
forecast_8297,2025-12-12 17:00:00,61.71023295740371,303.5485888387232,16.821720897130373
forecast_8298,2025-12-12 18:00:00,609.7647436157914,171.98901576989766,58.08793963716214
forecast_8299,2025-12-12 19:00:00,734.2586528568643,295.6474677789831,143.0426675531291
forecast_8300,2025-12-12 20:00:00,418.91843157267095,232.8495107406698,97.6625785187385
forecast_8301,2025-12-12 21:00:00,449.9683114930689,592.46192263788,171.74230271189447
forecast_8302,2025-12-12 22:00:00,764.4979052057976,736.8216709871426,191.2951444711217
forecast_8303,2025-12-12 23:00:00,1013.6051589586151,1171.6713253576538,258.95267187069277
forecast_8304,2025-12-13 00:00:00,1546.4135848915932,919.9351365980685,298.57283593860717
forecast_8305,2025-12-13 01:00:00,1407.7473538985746,1474.5077750178532,344.4537594117416
forecast_8306,2025-12-13 02:00:00,1750.5123347752906,1418.4304212742243,660.0935981278031
forecast_8307,2025-12-13 03:00:00,1712.815490599273,1817.7636887865249,720.0430751691656
forecast_8308,2025-12-13 04:00:00,2552.6884399731157,2156.013572935495,1475.3679526468063
forecast_8309,2025-12-13 05:00:00,2201.8002132598085,2985.8224988590255,1099.6936094489197
forecast_8310,2025-12-13 06:00:00,2532.400167447734,2794.572903259521,1740.6248814080834
forecast_8311,2025-12-13 07:00:00,3086.0517061097817,2943.3095188894495,1762.566932843859
forecast_8312,2025-12-13 08:00:00,4400.895265453942,6566.660928544691,3320.81704626582
forecast_8313,2025-12-13 09:00:00,3618.0875620440343,4096.500586053736,1490.992361411759
forecast_8314,2025-12-13 10:00:00,1572.7162665857816,1199.0832132433247,1233.4966804677242
forecast_8315,2025-12-13 11:00:00,719.9031710076557,1473.0342582645849,831.2329334743895
forecast_8316,2025-12-13 12:00:00,652.4873043271386,1481.6482411612658,694.5692443071523
forecast_8317,2025-12-13 13:00:00,926.0633708365026,937.303437511493,219.25186140863474
forecast_8318,2025-12-13 14:00:00,528.0947001685461,839.1748999180692,379.87172424788776
forecast_8319,2025-12-13 15:00:00,622.2762307509065,839.6423739277021,366.13521702085177
forecast_8320,2025-12-13 16:00:00,846.47698449088,1373.6696793533306,496.39997186483623
forecast_8321,2025-12-13 17:00:00,1544.2558311713804,1529.0936117532988,461.1322891969327
forecast_8322,2025-12-13 18:00:00,1908.971057387866,2741.364466705721,830.146690365215
forecast_8323,2025-12-13 19:00:00,2561.0973083849676,3294.6258288954227,1187.877713494801
forecast_8324,2025-12-13 20:00:00,3276.3420331477505,3994.409749389768,1290.0631080778824
forecast_8325,2025-12-13 21:00:00,3985.2546882538404,5169.102644105074,2109.5427479451155
forecast_8326,2025-12-13 22:00:00,5189.842088968326,6591.223684191869,3009.343826806438
forecast_8327,2025-12-13 23:00:00,6304.907629300365,8555.517684130382,5184.807371940469
forecast_8328,2025-12-14 00:00:00,8718.98109105793,10779.95994981852,6749.677813884774
forecast_8329,2025-12-14 01:00:00,13128.40803761637,14351.105462827438,11324.194848839536
forecast_8330,2025-12-14 02:00:00,13042.816685788823,14820.785397269872,11889.791177625786
forecast_8331,2025-12-14 03:00:00,14417.758757501044,16437.199587612144,11808.005396036488
forecast_8332,2025-12-14 04:00:00,13802.80588302358,15490.324083997639,10906.397884966447
forecast_8333,2025-12-14 05:00:00,14105.858037626755,14730.422287723022,10543.059168894908
forecast_8334,2025-12-14 06:00:00,14779.717527043651,15125.016973875003,11566.95911075997
forecast_8335,2025-12-14 07:00:00,14495.576272026543,15859.323420903576,11720.538327854125
forecast_8336,2025-12-14 08:00:00,14770.312995387965,16499.376662642117,12742.375192307492
forecast_8337,2025-12-14 09:00:00,14204.16204134139,17313.0341460598,12565.589209755199
forecast_8338,2025-12-14 10:00:00,12562.557569950126,16225.98798383027,11881.250549274488
forecast_8339,2025-12-14 11:00:00,12064.353131412696,14877.948232583576,11175.037280629931
forecast_8340,2025-12-14 12:00:00,12339.009105730382,13573.318149863802,11768.867947256425
forecast_8341,2025-12-14 13:00:00,10402.840383634471,11443.475177799855,8786.801691333436
forecast_8342,2025-12-14 14:00:00,8820.238170745328,9012.24924069486,6936.624770218499
forecast_8343,2025-12-14 15:00:00,8652.244596909768,8735.395816907974,8245.58801930072
forecast_8344,2025-12-14 16:00:00,10363.522013093312,11067.52682184085,10309.328963765869
forecast_8345,2025-12-14 17:00:00,12105.87243611932,12389.646936714114,12785.832103406088
forecast_8346,2025-12-14 18:00:00,11610.25048000943,13605.91718010404,14415.284885220426
forecast_8347,2025-12-14 19:00:00,12679.237177032059,14940.46770202934,13402.103498420667
forecast_8348,2025-12-14 20:00:00,14130.115838647796,16570.894894319325,14216.77722101708
forecast_8349,2025-12-14 21:00:00,14303.70964110332,16225.758321945368,15345.733759840616
forecast_8350,2025-12-14 22:00:00,13433.100990008761,16656.036227014527,14436.049614951338
forecast_8351,2025-12-14 23:00:00,13577.782382258676,17589.4511257074,13899.903945041046
forecast_8352,2025-12-15 00:00:00,12899.90789098752,17151.272821681712,13894.701031441698
forecast_8353,2025-12-15 01:00:00,14474.448550075489,18733.774513251952,15641.85284830737
forecast_8354,2025-12-15 02:00:00,14542.161828093887,18453.353579016413,15669.282998185854
forecast_8355,2025-12-15 03:00:00,14392.08937642272,18774.759303667255,15868.125814533856
forecast_8356,2025-12-15 04:00:00,14721.927576359192,18390.837699228905,15684.216046795611
forecast_8357,2025-12-15 05:00:00,14854.29962233205,17991.003175353413,14855.798281011317
forecast_8358,2025-12-15 06:00:00,14419.052810668261,16918.328241079642,13688.41077308571
forecast_8359,2025-12-15 07:00:00,14716.548647944242,16558.439531916654,14429.40448957184
forecast_8360,2025-12-15 08:00:00,13711.281362416641,15734.97758480175,13407.349191554393
forecast_8361,2025-12-15 09:00:00,14188.184857138574,16321.810409933305,13067.241807277649
forecast_8362,2025-12-15 10:00:00,12816.157487791981,15346.302426316275,11801.29221062361
forecast_8363,2025-12-15 11:00:00,12695.820472412262,14956.458714535667,11673.179912457636
forecast_8364,2025-12-15 12:00:00,9450.676674955519,13159.571604154846,10427.351905706028
forecast_8365,2025-12-15 13:00:00,9247.414674802196,12523.01864352086,9637.024661041882
forecast_8366,2025-12-15 14:00:00,12117.913840383584,15327.182627641381,11127.014291443411
forecast_8367,2025-12-15 15:00:00,10021.69351185379,13914.718972842762,12253.90814193525
forecast_8368,2025-12-15 16:00:00,13551.117887506769,16241.122281104088,13248.576422615586
forecast_8369,2025-12-15 17:00:00,16359.726373550788,18046.17563667758,15070.53684990146
forecast_8370,2025-12-15 18:00:00,17363.35752040498,18557.245655010447,16485.111555605436
forecast_8371,2025-12-15 19:00:00,18074.936892421756,19234.026774830618,17679.87234823632
forecast_8372,2025-12-15 20:00:00,17663.60595165604,19579.929719156775,17758.799630391117
forecast_8373,2025-12-15 21:00:00,17652.38737745932,20038.3480717576,16860.162634969776
forecast_8374,2025-12-15 22:00:00,17158.88623247809,18402.75291736068,16083.500373295297
forecast_8375,2025-12-15 23:00:00,16119.396764197649,17797.289176137467,13219.444500892565
forecast_8376,2025-12-16 00:00:00,13614.698198716116,16026.402399001518,12355.017423602822
forecast_8377,2025-12-16 01:00:00,15075.184233868391,16390.05631267111,13791.815805755954
forecast_8378,2025-12-16 02:00:00,14154.613249931856,16064.379172035917,12468.569042181438
forecast_8379,2025-12-16 03:00:00,12989.961315291768,14495.123814795497,12018.48028508274
forecast_8380,2025-12-16 04:00:00,10339.896370111665,13051.882974609103,9864.925734058239
forecast_8381,2025-12-16 05:00:00,10331.134194961473,11296.16224232668,8229.682508281296
forecast_8382,2025-12-16 06:00:00,9805.318882706319,11604.848526565649,7296.243837026038
forecast_8383,2025-12-16 07:00:00,10266.538157931729,10986.630591019182,7030.991101805764
forecast_8384,2025-12-16 08:00:00,9900.722498192003,10732.592758548526,6937.707256431992
forecast_8385,2025-12-16 09:00:00,9032.84317441183,9606.791207040784,6516.766067881378
forecast_8386,2025-12-16 10:00:00,8957.753466528657,9523.368135545486,5510.356321040778
forecast_8387,2025-12-16 11:00:00,10114.139054881958,10754.516672346077,6614.07047236133
forecast_8388,2025-12-16 12:00:00,10097.984377859384,9572.17020567164,8765.713040955647
forecast_8389,2025-12-16 13:00:00,9913.617991432917,10343.98454632736,8499.217805549943
forecast_8390,2025-12-16 14:00:00,11493.450289777134,10942.449068350683,8375.42485521925
forecast_8391,2025-12-16 15:00:00,10556.407100171253,9968.254786969801,6389.52778941615
forecast_8392,2025-12-16 16:00:00,9902.981605499257,11064.255057747707,5958.153570071829
forecast_8393,2025-12-16 17:00:00,10344.665014539463,9260.631077281552,5912.334707920444
forecast_8394,2025-12-16 18:00:00,9003.427757204523,7292.393065703886,6964.978586415213
forecast_8395,2025-12-16 19:00:00,8078.248860042495,6412.969687181934,6696.136795212844
forecast_8396,2025-12-16 20:00:00,7582.205082770587,6672.790734014151,5855.445208554154
forecast_8397,2025-12-16 21:00:00,6844.165513415834,5618.826215322996,5476.70759070162
forecast_8398,2025-12-16 22:00:00,6680.449629052099,6124.4114386345755,5181.832242526787
forecast_8399,2025-12-16 23:00:00,5485.767318577887,5212.4528062990685,3747.4453429246187
forecast_8400,2025-12-17 00:00:00,4706.350943977746,7397.461500400348,3784.8614988216723
forecast_8401,2025-12-17 01:00:00,6503.2135246623675,5093.8250735569045,5608.392281266092
forecast_8402,2025-12-17 02:00:00,7450.583698751493,7352.514871136616,5659.4552385172765
forecast_8403,2025-12-17 03:00:00,7477.577653864535,7946.576399915318,5396.520042864928
forecast_8404,2025-12-17 04:00:00,6806.482327088398,7598.322335262578,5271.576246727803
forecast_8405,2025-12-17 05:00:00,5079.538613128441,6410.412223790701,3557.4762778565355
forecast_8406,2025-12-17 06:00:00,6156.015880619557,7049.11047408583,4145.440809108116
forecast_8407,2025-12-17 07:00:00,6201.786344949223,6803.783885531032,5222.217805703957
forecast_8408,2025-12-17 08:00:00,5129.288696118107,6162.398847554515,3631.00523420105
forecast_8409,2025-12-17 09:00:00,4758.287911436237,5970.776054884785,3104.516730139069
forecast_8410,2025-12-17 10:00:00,3594.7576783364384,5754.489227406521,2806.4375419930007
forecast_8411,2025-12-17 11:00:00,3517.2141516986067,3522.383884849313,2940.666082840529
forecast_8412,2025-12-17 12:00:00,3335.1306011811134,2863.0414835297747,2821.4103973705924
forecast_8413,2025-12-17 13:00:00,2464.4088093865953,2213.724482343291,2822.4210339016327
forecast_8414,2025-12-17 14:00:00,2376.659343573687,2188.5756400174955,2091.2091101511724
forecast_8415,2025-12-17 15:00:00,2225.0608821721835,1748.990011334079,1827.6830238395198
forecast_8416,2025-12-17 16:00:00,3171.801635278497,1787.3737284361105,1736.1526347068695
forecast_8417,2025-12-17 17:00:00,4455.826869231835,3190.3879094716704,1864.5828631053757
forecast_8418,2025-12-17 18:00:00,3666.8187621693705,3435.1736414433394,2664.217692956007
forecast_8419,2025-12-17 19:00:00,3171.1636757212214,2915.313166470945,2313.0538104208667
forecast_8420,2025-12-17 20:00:00,2817.167724946846,2998.1471953869923,3094.3743087253292
forecast_8421,2025-12-17 21:00:00,5723.669582981467,4369.874049435251,4305.477341457417
forecast_8422,2025-12-17 22:00:00,6510.900150681513,6747.816596432676,5430.364748357348
forecast_8423,2025-12-17 23:00:00,7655.5749399335,8316.689539171231,5831.627646614506
forecast_8424,2025-12-18 00:00:00,7580.511368802753,9253.537659335008,6290.687377013788
forecast_8425,2025-12-18 01:00:00,9548.987120899516,12710.289360857003,8838.900953262528
forecast_8426,2025-12-18 02:00:00,11390.929304739859,13866.351909705592,9563.270758844232
forecast_8427,2025-12-18 03:00:00,12431.185727569064,14395.471455913268,9510.471469123464
forecast_8428,2025-12-18 04:00:00,12371.352891712035,13892.269406995641,9280.93861112909
forecast_8429,2025-12-18 05:00:00,12691.66926886095,14346.296951556033,9340.882801146185
forecast_8430,2025-12-18 06:00:00,12407.368975622563,13216.84550759398,8810.961510092073
forecast_8431,2025-12-18 07:00:00,12414.882141056953,11256.161131715173,7548.792197376273
forecast_8432,2025-12-18 08:00:00,11635.301227162643,11034.287314118075,6134.42846496659
forecast_8433,2025-12-18 09:00:00,9248.051001804122,6964.10927376317,4370.702353288041
forecast_8434,2025-12-18 10:00:00,6026.297480976331,5926.745774429943,3540.597763040515
forecast_8435,2025-12-18 11:00:00,5970.936152751964,4987.2480521901725,3213.4300218258245
forecast_8436,2025-12-18 12:00:00,4365.088769507013,3837.319064388562,3376.8061480584433
forecast_8437,2025-12-18 13:00:00,2913.4771322546662,3097.158041750477,2511.4276740732516
forecast_8438,2025-12-18 14:00:00,2556.0161882060293,3129.972444898215,1845.5119600907533
forecast_8439,2025-12-18 15:00:00,3071.1771420353425,3063.416045874492,2294.3934882507456
forecast_8440,2025-12-18 16:00:00,4402.003172525996,3177.764497930851,2074.013566226932
forecast_8441,2025-12-18 17:00:00,5373.556786622011,3624.9061465344903,2741.8360487593977
forecast_8442,2025-12-18 18:00:00,6065.914419877266,6222.43913785484,3215.9817384569938
forecast_8443,2025-12-18 19:00:00,6224.1211853308605,6528.769400388771,3913.1660194543906
forecast_8444,2025-12-18 20:00:00,7057.89325783392,6632.19906362496,4128.741491518343
forecast_8445,2025-12-18 21:00:00,7411.316932113189,9069.794558590971,5065.739971897353
forecast_8446,2025-12-18 22:00:00,8595.342821675236,11198.162534669964,7213.618663557162
forecast_8447,2025-12-18 23:00:00,10187.558585962724,12763.545240549065,8581.220540728722
forecast_8448,2025-12-19 00:00:00,11307.821487447478,14147.275389797876,10994.62218474359
forecast_8449,2025-12-19 01:00:00,14952.801505561849,17506.31151513036,14385.605037295807
forecast_8450,2025-12-19 02:00:00,13898.176238033659,16964.20867780927,14216.807689713682
forecast_8451,2025-12-19 03:00:00,14249.67227774436,15682.364185731862,12269.31467226287
forecast_8452,2025-12-19 04:00:00,13830.566008926902,15401.927180668641,11437.1566135843
forecast_8453,2025-12-19 05:00:00,13970.173334654448,14131.397472397894,11958.545504372041
forecast_8454,2025-12-19 06:00:00,14847.422616768188,15254.592955446271,13984.739893873679
forecast_8455,2025-12-19 07:00:00,15535.997838543148,17296.667680676263,15887.540789270117
forecast_8456,2025-12-19 08:00:00,14713.477042842902,17833.923744962078,15419.39182956759
forecast_8457,2025-12-19 09:00:00,15394.7322734926,17661.2739504244,15380.036587868912
forecast_8458,2025-12-19 10:00:00,16538.892837512576,18586.0808523734,15726.210188118655
forecast_8459,2025-12-19 11:00:00,17191.43225767618,18883.624995776943,16407.980728567345
forecast_8460,2025-12-19 12:00:00,15180.748605783541,19281.96065670949,16806.48042437273
forecast_8461,2025-12-19 13:00:00,15419.936545154129,18211.009237409235,15588.332151912688
forecast_8462,2025-12-19 14:00:00,15383.170896870766,18596.093307947383,16240.965177830793
forecast_8463,2025-12-19 15:00:00,16078.516367236873,18005.70337395655,16857.07230248068
forecast_8464,2025-12-19 16:00:00,16073.197903235854,17911.89271812983,16031.081955197737
forecast_8465,2025-12-19 17:00:00,15837.259760395604,17760.545496334526,15223.410070662972
forecast_8466,2025-12-19 18:00:00,15803.489000230282,19149.101107859522,16742.741892694747
forecast_8467,2025-12-19 19:00:00,15787.13515246641,19117.19774563327,16575.005287865766
forecast_8468,2025-12-19 20:00:00,15214.052267994604,19081.907973951213,16090.346789300682
forecast_8469,2025-12-19 21:00:00,14788.87243380899,19147.730628202582,15979.480497121413
forecast_8470,2025-12-19 22:00:00,13934.999223444445,18672.410881769058,17126.118191153302
forecast_8471,2025-12-19 23:00:00,13806.207492188458,18283.196496471908,15434.78630190522
forecast_8472,2025-12-20 00:00:00,13828.862804196888,16498.2542096949,13384.709224211803
forecast_8473,2025-12-20 01:00:00,15022.161475457337,17683.58443755143,12698.99519705102
forecast_8474,2025-12-20 02:00:00,13946.579633455267,15764.890647311622,11973.67843740832
forecast_8475,2025-12-20 03:00:00,14032.670097173384,17089.302419634867,11277.042587157877
forecast_8476,2025-12-20 04:00:00,13329.142254588916,16378.148715425625,11172.034418284642
forecast_8477,2025-12-20 05:00:00,12328.703739682207,15588.638211967651,9811.795463472066
forecast_8478,2025-12-20 06:00:00,12618.86507040902,15149.241208949406,10079.735542806407
forecast_8479,2025-12-20 07:00:00,11261.919394174105,14479.450505202964,10135.510905203484
forecast_8480,2025-12-20 08:00:00,11460.473534204762,14420.196363324674,9736.237045282927
forecast_8481,2025-12-20 09:00:00,11147.142679943223,14584.492618959928,11686.769452250008
forecast_8482,2025-12-20 10:00:00,11111.88847935203,14957.255722782404,11618.879080714647
forecast_8483,2025-12-20 11:00:00,11030.955203355497,14534.789517564377,10541.456255840152
forecast_8484,2025-12-20 12:00:00,12816.599363212954,15795.661901599029,14103.19643251706
forecast_8485,2025-12-20 13:00:00,13160.156477769517,15977.683039161811,13772.525114061911
forecast_8486,2025-12-20 14:00:00,13008.5794119624,14929.259743775285,13359.661971017531
forecast_8487,2025-12-20 15:00:00,9624.6804684672,13576.622441443158,9611.62010292812
forecast_8488,2025-12-20 16:00:00,9679.690683409459,12926.914487525857,8366.263335354746
forecast_8489,2025-12-20 17:00:00,9993.654556924988,12494.769050177969,9173.247117706453
forecast_8490,2025-12-20 18:00:00,10352.84002708034,11991.283655995921,8632.859035115946
forecast_8491,2025-12-20 19:00:00,9946.145364660008,11709.260734292036,9817.004395759328
forecast_8492,2025-12-20 20:00:00,7910.325469797967,12007.369040495289,7893.723796443554
forecast_8493,2025-12-20 21:00:00,9163.619791954587,11707.384997591964,7848.276088713711
forecast_8494,2025-12-20 22:00:00,9068.189298372487,13071.646476782435,8309.532376677838
forecast_8495,2025-12-20 23:00:00,8767.379465882143,13077.545426376028,8845.118616808883
forecast_8496,2025-12-21 00:00:00,15298.62669938921,16254.430446558288,10115.454034409053
forecast_8497,2025-12-21 01:00:00,19381.488684001593,19259.48877280117,14468.980192519502
forecast_8498,2025-12-21 02:00:00,18540.323200309802,19358.60121186164,13276.818629078009
forecast_8499,2025-12-21 03:00:00,18596.64058736942,19509.677262404453,13167.737677135417
forecast_8500,2025-12-21 04:00:00,18632.929352064297,19992.504797120902,12245.928786219816
forecast_8501,2025-12-21 05:00:00,18914.343471773052,19398.13922046855,12261.350061162937
forecast_8502,2025-12-21 06:00:00,17867.346120833296,19298.835525957442,12802.198326518483
forecast_8503,2025-12-21 07:00:00,17590.04058236591,19104.81638788028,12284.746545954176
forecast_8504,2025-12-21 08:00:00,17401.512710609753,18916.510689091625,12226.63629061981
forecast_8505,2025-12-21 09:00:00,15778.26663199452,18169.269847876418,12641.256719366536
forecast_8506,2025-12-21 10:00:00,13362.724576499793,16553.04393924221,11163.887380300592
forecast_8507,2025-12-21 11:00:00,12171.313185854984,15516.469913619152,10161.600325161302
forecast_8508,2025-12-21 12:00:00,9648.615021852198,13502.512451808267,8529.508735749258
forecast_8509,2025-12-21 13:00:00,7549.732884021492,10413.503583317532,5507.334028080787
forecast_8510,2025-12-21 14:00:00,5075.218986935076,6908.1582980654675,3164.420621235247
forecast_8511,2025-12-21 15:00:00,4221.507497993348,3000.570398396929,2461.1607135682843
forecast_8512,2025-12-21 16:00:00,3518.636583048258,3958.5443482935593,2542.6766493088426
forecast_8513,2025-12-21 17:00:00,3335.8083224328857,3380.7648015762616,2089.3031960612507
forecast_8514,2025-12-21 18:00:00,4327.956623094366,2544.1740260921147,1399.1903728110078
forecast_8515,2025-12-21 19:00:00,4399.363705627636,2744.15145239867,1422.3867631327878
forecast_8516,2025-12-21 20:00:00,3197.750009349787,1723.8151354805627,851.938110940683
forecast_8517,2025-12-21 21:00:00,2432.9294844277624,1537.4725139359548,786.9226748010733
forecast_8518,2025-12-21 22:00:00,1981.1974850570887,1798.2128006060443,655.4868556571208
forecast_8519,2025-12-21 23:00:00,1336.1079946558161,1511.510932671468,488.75056621370055
forecast_8520,2025-12-22 00:00:00,720.2780314500092,644.5357406438701,128.13122088302447
forecast_8521,2025-12-22 01:00:00,912.406784033421,761.0983204906868,418.16700335944506
forecast_8522,2025-12-22 02:00:00,1140.3328392817625,1081.1644204704878,263.13692370098045
forecast_8523,2025-12-22 03:00:00,526.5485633505099,802.1608125839359,87.37022308709523
forecast_8524,2025-12-22 04:00:00,615.0403879326185,734.7807569018759,23.58307289451137
forecast_8525,2025-12-22 05:00:00,674.2665116338927,766.2832226798316,31.45383747910541
forecast_8526,2025-12-22 06:00:00,808.9768126837171,589.2812803812787,27.496515420890304
forecast_8527,2025-12-22 07:00:00,649.5502548348784,766.0738670493433,33.0036564936997
forecast_8528,2025-12-22 08:00:00,523.2200970051199,666.8621710384393,38.51744043407221
forecast_8529,2025-12-22 09:00:00,603.6647076234038,337.2455985118224,69.46699185694423
forecast_8530,2025-12-22 10:00:00,146.11872553020177,66.25562762649038,48.88867885478822
forecast_8531,2025-12-22 11:00:00,43.04844528214655,207.50558777009712,122.48956239608695
forecast_8532,2025-12-22 12:00:00,72.56271734158193,0.0,37.82218022534244
forecast_8533,2025-12-22 13:00:00,90.31973200138253,39.46142944850543,28.888971096759718
forecast_8534,2025-12-22 14:00:00,0.0,0.0,38.32618570624059
forecast_8535,2025-12-22 15:00:00,0.0,0.0,24.81730537383214
forecast_8536,2025-12-22 16:00:00,57.212046043152824,0.0,31.344890958734968
forecast_8537,2025-12-22 17:00:00,195.39993685312368,562.829241705468,108.94952341973269
forecast_8538,2025-12-22 18:00:00,111.21958542585243,469.3853811940322,96.35712867307973
forecast_8539,2025-12-22 19:00:00,152.99085071232236,421.1456486417725,98.51987426383045
forecast_8540,2025-12-22 20:00:00,398.00301760546574,408.53836345036433,163.21931503936827
forecast_8541,2025-12-22 21:00:00,823.1170415927133,1002.2859031042927,614.9140505084201
forecast_8542,2025-12-22 22:00:00,1130.5984372479736,1483.4043935900092,745.9870594372591
forecast_8543,2025-12-22 23:00:00,1619.3167342536822,1162.3610972139413,636.5939475466311
forecast_8544,2025-12-23 00:00:00,2639.822082805718,1675.7728092369853,751.2523419944347
forecast_8545,2025-12-23 01:00:00,3305.90528827316,2188.626551787607,928.471518707356
forecast_8546,2025-12-23 02:00:00,4097.936650446359,3930.478831502065,1655.8989811284935
forecast_8547,2025-12-23 03:00:00,3921.0492286148606,3456.091955363648,1510.8024177204218
forecast_8548,2025-12-23 04:00:00,3294.277879615542,2205.9701770874212,1595.0424225885615
forecast_8549,2025-12-23 05:00:00,3687.819797350497,2825.7671683835893,1673.293229171525
forecast_8550,2025-12-23 06:00:00,4318.453757833931,3962.640809261065,1096.0021428331647
forecast_8551,2025-12-23 07:00:00,3724.3279670855645,3301.2898831181515,1972.5201869102975
forecast_8552,2025-12-23 08:00:00,3032.8572920325373,2667.6854751386086,1501.594139523967
forecast_8553,2025-12-23 09:00:00,3971.7500881054875,3943.830500710169,2050.7944799662364
forecast_8554,2025-12-23 10:00:00,4420.66070104064,4722.716238946786,2024.8500697576017
forecast_8555,2025-12-23 11:00:00,7737.417229435853,7314.624864379785,4917.6989015702975
forecast_8556,2025-12-23 12:00:00,4668.696348579521,5835.187199437308,3881.8095776193313
forecast_8557,2025-12-23 13:00:00,3119.91345492591,4585.078192322987,3843.3442634564217
forecast_8558,2025-12-23 14:00:00,2952.0371580820893,5048.944471859102,1868.0880708030602
forecast_8559,2025-12-23 15:00:00,3502.4701388136123,5233.226597343188,2477.0690030688297
forecast_8560,2025-12-23 16:00:00,3267.964461706112,5086.334086922773,2660.435632508906
forecast_8561,2025-12-23 17:00:00,4041.1372267591823,5538.257756923497,2009.4433577022535
forecast_8562,2025-12-23 18:00:00,5691.844397150502,7130.009005825764,2916.282517709851
forecast_8563,2025-12-23 19:00:00,7082.349863963566,9976.760940990622,4129.508980892676
forecast_8564,2025-12-23 20:00:00,8083.482116742096,10607.414079053538,6163.3506432404365
forecast_8565,2025-12-23 21:00:00,7602.085203733593,10573.242329500548,5657.25279163492
forecast_8566,2025-12-23 22:00:00,8066.203674176872,8477.313301134105,5274.924890208061
forecast_8567,2025-12-23 23:00:00,7336.033362134856,9250.39106746464,5541.5164396893415
forecast_8568,2025-12-24 00:00:00,6576.135394706871,9206.638990867854,4739.868299649283
forecast_8569,2025-12-24 01:00:00,5726.827645663662,6431.432377472341,4095.594071735999
forecast_8570,2025-12-24 02:00:00,5348.30307641466,6043.382360386918,4161.220899851811
forecast_8571,2025-12-24 03:00:00,3600.1565974347636,4267.488109170842,1834.6844442251092
forecast_8572,2025-12-24 04:00:00,3362.2212726186003,4028.8664696158253,1932.4946762016395
forecast_8573,2025-12-24 05:00:00,2616.407865590127,2904.1682467055025,935.7532392274209
forecast_8574,2025-12-24 06:00:00,2188.7977633851024,2494.4869767498462,628.8066347099616
forecast_8575,2025-12-24 07:00:00,976.6016198154374,1316.9782566222455,333.61232426296704
forecast_8576,2025-12-24 08:00:00,912.842076219241,705.7959064222669,242.60144080125275
forecast_8577,2025-12-24 09:00:00,519.4583112186026,614.4771170343552,235.76224630326655
forecast_8578,2025-12-24 10:00:00,82.51205336235186,213.9714723731608,22.62184777660549
forecast_8579,2025-12-24 11:00:00,29.24782690819176,86.08691434149999,37.718875256839404
forecast_8580,2025-12-24 12:00:00,89.85095992807597,31.384995565560928,98.47743007708536
forecast_8581,2025-12-24 13:00:00,21.664597867021556,127.85129915005871,85.28910952282223
forecast_8582,2025-12-24 14:00:00,7.858477281616478,250.64543544124186,64.15225985232678
forecast_8583,2025-12-24 15:00:00,33.667644901328664,230.7895123270785,93.09844108205574
forecast_8584,2025-12-24 16:00:00,58.36077840287073,309.3343963513815,68.72054117130929
forecast_8585,2025-12-24 17:00:00,0.0,120.10514772908677,47.67049298827166
forecast_8586,2025-12-24 18:00:00,0.0,87.19339887659274,43.275786307856556
forecast_8587,2025-12-24 19:00:00,69.34601493377951,241.84019092925314,21.031347807556642
forecast_8588,2025-12-24 20:00:00,90.25602267795057,228.03166447119847,21.773747882290085
forecast_8589,2025-12-24 21:00:00,178.27494724225517,362.9106341217863,96.62849382481991
forecast_8590,2025-12-24 22:00:00,418.63070481292885,631.967407338262,163.68472134587952
forecast_8591,2025-12-24 23:00:00,797.8849188819079,795.820067219808,636.05935101251
forecast_8592,2025-12-25 00:00:00,1023.7850460651771,2344.276032905916,1356.8851749638147
forecast_8593,2025-12-25 01:00:00,1040.9824181038755,1644.825418409354,1279.621671068817
forecast_8594,2025-12-25 02:00:00,2664.5761409166766,2626.631789799698,2554.395892790008
forecast_8595,2025-12-25 03:00:00,3292.841346077615,3940.522537779971,3894.2806045138254
forecast_8596,2025-12-25 04:00:00,5988.469387191838,6228.843520058103,4022.623256062305
forecast_8597,2025-12-25 05:00:00,6690.833925368213,8032.225214099821,6295.743893285857
forecast_8598,2025-12-25 06:00:00,6844.817425880379,8986.347176720665,6181.959809156208
forecast_8599,2025-12-25 07:00:00,9270.400384800225,11990.315812692703,9051.160900944165
forecast_8600,2025-12-25 08:00:00,13671.135703514912,15263.872260784849,9667.779363547876
forecast_8601,2025-12-25 09:00:00,12850.87329857411,16049.191678883106,11805.957775912791
forecast_8602,2025-12-25 10:00:00,14086.898123802495,15506.191571698664,11048.523499562238
forecast_8603,2025-12-25 11:00:00,14698.08222334933,15331.479091083362,11845.98158636057
forecast_8604,2025-12-25 12:00:00,14753.195122455676,13240.127385119198,11091.869893013774
forecast_8605,2025-12-25 13:00:00,16091.328190658505,14913.652603166423,11190.173073554288
forecast_8606,2025-12-25 14:00:00,15865.695392311081,15656.78936695788,11640.94399659704
forecast_8607,2025-12-25 15:00:00,16103.31246340022,15163.925619416435,12621.237093214037
forecast_8608,2025-12-25 16:00:00,15505.148704066652,15940.653312880251,12747.815625237265
forecast_8609,2025-12-25 17:00:00,15457.276522389831,16455.041019298416,12919.366391525775
forecast_8610,2025-12-25 18:00:00,15641.100569260987,18005.44077804548,12894.638099194732
forecast_8611,2025-12-25 19:00:00,15485.404093737936,17637.30224056988,13681.00960472101
forecast_8612,2025-12-25 20:00:00,15176.398229886496,17735.35955165866,14214.570510421017
forecast_8613,2025-12-25 21:00:00,15024.24601299233,17896.528301449398,14734.830641335762
forecast_8614,2025-12-25 22:00:00,15311.368750527323,18342.089235961925,15247.968612473758
forecast_8615,2025-12-25 23:00:00,15802.580859318237,19178.262133609038,14852.715265417864
forecast_8616,2025-12-26 00:00:00,16287.17496845297,19489.23417416688,14534.533759605789
forecast_8617,2025-12-26 01:00:00,15393.737973037083,18347.651082601693,13139.576175121156
forecast_8618,2025-12-26 02:00:00,14666.842207324471,17024.143079484784,12816.704129244199
forecast_8619,2025-12-26 03:00:00,16070.512638738091,19213.282226849933,9547.428555320914
forecast_8620,2025-12-26 04:00:00,15794.796383824072,19640.217354164222,7745.59964257729
forecast_8621,2025-12-26 05:00:00,14820.912318520366,18645.743456446882,6724.425745704642
forecast_8622,2025-12-26 06:00:00,15958.056522774392,19825.54841423627,6228.583053379285
forecast_8623,2025-12-26 07:00:00,16153.767577983705,19513.504997680055,7125.452049290139
forecast_8624,2025-12-26 08:00:00,15495.97596964553,18657.526400074592,8042.443616505515
forecast_8625,2025-12-26 09:00:00,15529.585076566475,18750.36565347789,7514.017980478855
forecast_8626,2025-12-26 10:00:00,13856.332777952957,16258.232858161562,8608.25282142035
forecast_8627,2025-12-26 11:00:00,11180.338794625397,14321.147252231116,9489.334002184407
forecast_8628,2025-12-26 12:00:00,8261.352284884611,11833.124471594812,8118.255890919245
forecast_8629,2025-12-26 13:00:00,9858.053441969927,12227.440886844755,7309.286893152037
forecast_8630,2025-12-26 14:00:00,10051.702197629931,12262.666465626335,8056.513754526898
forecast_8631,2025-12-26 15:00:00,9641.70057022635,10092.849352298832,8581.957736488264
forecast_8632,2025-12-26 16:00:00,10112.904470356656,9977.184548458274,9087.698556881605
forecast_8633,2025-12-26 17:00:00,11018.308234733491,11301.938125154666,8749.587819024333
forecast_8634,2025-12-26 18:00:00,11874.796202050717,13445.757093890574,10623.284272507559
forecast_8635,2025-12-26 19:00:00,14393.73123189969,14993.714351569148,10264.80320654158
forecast_8636,2025-12-26 20:00:00,15013.960909397432,16930.944330353028,10628.312365453785
forecast_8637,2025-12-26 21:00:00,16609.129881115347,17876.311417167915,12005.126145465234
forecast_8638,2025-12-26 22:00:00,17092.170788394782,18153.308172326862,14256.525360153097
forecast_8639,2025-12-26 23:00:00,17820.899316090945,18918.7032185598,14120.570725518202
forecast_8640,2025-12-27 00:00:00,17467.400064886053,19324.40095297063,13804.11858952268
forecast_8641,2025-12-27 01:00:00,18747.42883908137,19967.33424598171,13402.882253097949
forecast_8642,2025-12-27 02:00:00,17277.45102957925,19267.229762031464,13597.995658954902
forecast_8643,2025-12-27 03:00:00,16454.022698048375,18363.960949241304,12995.86616786686
forecast_8644,2025-12-27 04:00:00,16518.080524759178,18661.993131063024,12327.657166249028
forecast_8645,2025-12-27 05:00:00,15653.691342521859,18651.788609896306,12621.430003374428
forecast_8646,2025-12-27 06:00:00,16032.855442563116,17594.5050983807,12524.320319363665
forecast_8647,2025-12-27 07:00:00,15432.665816332756,18181.115512747234,12987.85598959496
forecast_8648,2025-12-27 08:00:00,14908.242924215348,17020.519556043364,13684.95204562182
forecast_8649,2025-12-27 09:00:00,13858.55942855434,15843.287300153317,12598.250294201785
forecast_8650,2025-12-27 10:00:00,12739.896690272633,15031.125517943085,11779.873979772874
forecast_8651,2025-12-27 11:00:00,13511.247766104552,14477.474368827448,12945.929961643329
forecast_8652,2025-12-27 12:00:00,13717.563429505966,15298.141485236762,12705.275345325817
forecast_8653,2025-12-27 13:00:00,13972.98854561363,16233.147070046494,12394.476583502827
forecast_8654,2025-12-27 14:00:00,14974.028054971568,16533.24997409212,12819.337541956438
forecast_8655,2025-12-27 15:00:00,15202.35672950315,16570.140166078025,14127.780476164658
forecast_8656,2025-12-27 16:00:00,15149.1452740803,15732.234447305185,14281.484491234078
forecast_8657,2025-12-27 17:00:00,16716.979264261263,17592.07759907255,16405.399450902143
forecast_8658,2025-12-27 18:00:00,16775.71319200272,19279.575801764124,17063.153812922854
forecast_8659,2025-12-27 19:00:00,16517.573532552313,17966.580654527414,16620.749222389783
forecast_8660,2025-12-27 20:00:00,15972.142179535964,16884.68142422555,16566.593966354027
forecast_8661,2025-12-27 21:00:00,15526.233158846253,17638.585878639275,15307.095485544602
forecast_8662,2025-12-27 22:00:00,16555.924000570405,17456.293957243288,16916.88230835038
forecast_8663,2025-12-27 23:00:00,16004.747966257624,17337.23106006867,16387.171846333662
forecast_8664,2025-12-28 00:00:00,15168.449294461874,17757.879370245973,15937.04690720109
forecast_8665,2025-12-28 01:00:00,17004.688801135893,18200.808757004987,17499.956933118676
forecast_8666,2025-12-28 02:00:00,18428.16274621998,19502.646733955607,17247.51136194227
forecast_8667,2025-12-28 03:00:00,18464.496998841896,19049.94648873209,17290.298614821215
forecast_8668,2025-12-28 04:00:00,19409.021481309337,19167.443382622587,17438.36963616398
forecast_8669,2025-12-28 05:00:00,18198.601274933622,19334.653281777748,17813.516797310083
forecast_8670,2025-12-28 06:00:00,18326.48405125606,18743.58487439911,16449.61457895397
forecast_8671,2025-12-28 07:00:00,18066.710301094477,18097.39838376121,16356.707600468226
forecast_8672,2025-12-28 08:00:00,17601.050235135936,18784.340115691568,16736.158387486557
forecast_8673,2025-12-28 09:00:00,17209.274240786373,16791.742769508415,16056.412661325106
forecast_8674,2025-12-28 10:00:00,16603.98407288141,16216.71780928703,15939.825812630463
forecast_8675,2025-12-28 11:00:00,15391.001489622977,16310.862237372303,14864.712501375836
forecast_8676,2025-12-28 12:00:00,15359.311876356955,15968.58467746835,14272.528026503844
forecast_8677,2025-12-28 13:00:00,13835.58095623035,14714.149255441382,11986.935949692319
forecast_8678,2025-12-28 14:00:00,12213.353413352623,12498.634938336436,11283.68612135093
forecast_8679,2025-12-28 15:00:00,13324.516769522494,13170.845199786922,12336.77483117715
forecast_8680,2025-12-28 16:00:00,13300.238394214175,12927.077718278706,12745.262299199912
forecast_8681,2025-12-28 17:00:00,13615.07179254179,13447.156564690204,12121.217900618141
forecast_8682,2025-12-28 18:00:00,14169.204430476711,14654.303703694994,12195.421141185403
forecast_8683,2025-12-28 19:00:00,13177.51125843472,14813.918614758984,12922.6650149149
forecast_8684,2025-12-28 20:00:00,15752.048580453082,14990.639939212746,13207.716526316688
forecast_8685,2025-12-28 21:00:00,14328.364026781996,15480.100013465613,13751.914395413358
forecast_8686,2025-12-28 22:00:00,14636.242162093273,16142.49925004003,14508.696465380961
forecast_8687,2025-12-28 23:00:00,15018.67496872209,16499.40068794258,15549.039667985582
forecast_8688,2025-12-29 00:00:00,15871.487103734627,17490.577382840223,15964.941778699887
forecast_8689,2025-12-29 01:00:00,16940.96591342186,18587.591124640963,16768.31881099462
forecast_8690,2025-12-29 02:00:00,17536.533733683664,18770.92968176599,16864.96180846384
forecast_8691,2025-12-29 03:00:00,18652.35349856166,18452.543359299125,17373.734977645727
forecast_8692,2025-12-29 04:00:00,18941.305619277686,18165.489770902863,16472.85398898686
forecast_8693,2025-12-29 05:00:00,18928.881829032867,18719.868245183658,16148.71405364172
forecast_8694,2025-12-29 06:00:00,19573.914541720223,18562.91701142619,15656.034568737954
forecast_8695,2025-12-29 07:00:00,19283.180883326,18551.088135695656,16122.879436589268
forecast_8696,2025-12-29 08:00:00,19315.21614916278,18544.836493190043,16389.257284585823
forecast_8697,2025-12-29 09:00:00,18987.108558289183,18116.969135893098,16755.47557269432
forecast_8698,2025-12-29 10:00:00,19631.12343637874,17162.33570944536,15676.392104374463
forecast_8699,2025-12-29 11:00:00,19487.04485272217,17405.334839183684,16167.243541516067
forecast_8700,2025-12-29 12:00:00,18782.80175112352,18280.82298680365,15990.22172791893
forecast_8701,2025-12-29 13:00:00,18466.976737482983,18062.854599735652,15985.016476560231
forecast_8702,2025-12-29 14:00:00,18404.16966658641,17925.595280120448,15639.952910422116
forecast_8703,2025-12-29 15:00:00,18363.30674951622,18091.65070258998,16483.74934497765
forecast_8704,2025-12-29 16:00:00,18225.03650011024,17320.948753904973,16245.478064910994
forecast_8705,2025-12-29 17:00:00,18519.913373257135,18371.35716972972,17105.068834716963
forecast_8706,2025-12-29 18:00:00,17854.95151530543,18607.38793257833,16520.395088956433
forecast_8707,2025-12-29 19:00:00,16972.887004835604,17511.187449688852,15600.872249308823
forecast_8708,2025-12-29 20:00:00,15571.251088097793,15920.82732730871,14186.910962324218
forecast_8709,2025-12-29 21:00:00,14569.748711806873,12863.128225334913,13190.127074318498
forecast_8710,2025-12-29 22:00:00,13878.154473312054,14736.53811628823,12808.19170317733
forecast_8711,2025-12-29 23:00:00,12758.275754393426,13732.268213815867,12634.64242829316
forecast_8712,2025-12-30 00:00:00,12974.45717569963,14387.178042465619,12047.210973061323
forecast_8713,2025-12-30 01:00:00,11570.851788898952,11495.054295422557,10838.709413642324
forecast_8714,2025-12-30 02:00:00,11621.549139664634,11867.8752658471,10759.117145505628
forecast_8715,2025-12-30 03:00:00,11750.872172904821,12126.694527353984,9919.018853153297
forecast_8716,2025-12-30 04:00:00,12641.088724675014,12754.44475236147,10360.211098587904
forecast_8717,2025-12-30 05:00:00,11816.652623341619,11850.406335084072,9531.55095183359
forecast_8718,2025-12-30 06:00:00,10836.015320036007,11706.99464323969,8889.295895739775
forecast_8719,2025-12-30 07:00:00,10883.175622345689,11084.50458564441,8490.054706963067
forecast_8720,2025-12-30 08:00:00,11005.83102467518,10029.698652859119,8300.202887119089
forecast_8721,2025-12-30 09:00:00,9175.322119315158,10633.279111638218,7463.260574994947
forecast_8722,2025-12-30 10:00:00,7493.459300465639,7929.178685461877,5424.144113173712
forecast_8723,2025-12-30 11:00:00,8997.38359054225,7543.828849895421,5090.446425382779
forecast_8724,2025-12-30 12:00:00,9367.211479666501,7600.476309206787,6951.12399389722
forecast_8725,2025-12-30 13:00:00,11314.064963941424,9605.483765172694,8307.05712192731
forecast_8726,2025-12-30 14:00:00,11864.770101161797,9539.018069394491,9208.908078346372
forecast_8727,2025-12-30 15:00:00,12326.174978073897,10646.974008071442,9115.36545984557
forecast_8728,2025-12-30 16:00:00,12006.831049318129,11059.212657815577,9613.027584791227
forecast_8729,2025-12-30 17:00:00,11962.848564667904,10573.243804365875,9082.772981491833
forecast_8730,2025-12-30 18:00:00,12481.06813777657,10643.801983333316,9227.677007966939
forecast_8731,2025-12-30 19:00:00,12274.177591134763,10891.917522874606,10325.39391230119
forecast_8732,2025-12-30 20:00:00,12743.253691576429,12087.379189031628,11955.072710721699
forecast_8733,2025-12-30 21:00:00,13566.812593389746,13429.972672866468,13151.866228216792
forecast_8734,2025-12-30 22:00:00,13351.315709352944,14460.98074779972,13586.360955228296
forecast_8735,2025-12-30 23:00:00,13263.218290545423,15820.447734556574,13694.862686631785
forecast_8736,2025-12-31 00:00:00,13623.126168712906,16665.734792919277,13656.204106115109
forecast_8737,2025-12-31 01:00:00,14795.001510041237,17000.602015569773,14145.587163062448
forecast_8738,2025-12-31 02:00:00,15080.096577254835,17508.99213309342,14480.501947269096
forecast_8739,2025-12-31 03:00:00,14652.211605968281,15809.208794100083,14177.187728231922
forecast_8740,2025-12-31 04:00:00,14577.52595816513,15616.682840689577,13795.549011292147
forecast_8741,2025-12-31 05:00:00,13743.366755019882,16163.392916889723,12609.675694700909
forecast_8742,2025-12-31 06:00:00,13389.455248595923,15596.114712303364,11885.991986708552
forecast_8743,2025-12-31 07:00:00,13125.388728551765,14796.262695121944,12432.920854645645
forecast_8744,2025-12-31 08:00:00,14913.535688180475,17398.62463241833,12391.46447754357
forecast_8745,2025-12-31 09:00:00,13421.197446737206,14163.245248640906,10023.761052686621
forecast_8746,2025-12-31 10:00:00,10647.632301853782,13265.104583682334,8572.129668768675
forecast_8747,2025-12-31 11:00:00,10499.295309181673,11407.878666532966,7723.011722957144
forecast_8748,2025-12-31 12:00:00,9837.876826276797,10960.45468191082,6828.522590068828
forecast_8749,2025-12-31 13:00:00,8987.248145913782,10035.037269576214,6228.632363637307
forecast_8750,2025-12-31 14:00:00,9898.972786222483,9372.914436997733,7231.113012848281
forecast_8751,2025-12-31 15:00:00,9795.123918034249,8987.313100854373,6340.518663442086
forecast_8752,2025-12-31 16:00:00,9583.875309070188,9387.92450431642,6191.82903954623
forecast_8753,2025-12-31 17:00:00,9509.999397667134,8807.742433243153,6164.158870744444
forecast_8754,2025-12-31 18:00:00,8359.533652538641,8816.103972025301,6237.862018186808
forecast_8755,2025-12-31 19:00:00,8891.33889685223,9861.683445775998,7140.969165918662
forecast_8756,2025-12-31 20:00:00,11352.432793838649,11675.731030533098,8920.210266817272
forecast_8757,2025-12-31 21:00:00,12382.60627953485,13071.151970816072,9173.86974903202
forecast_8758,2025-12-31 22:00:00,12820.065920492782,14863.786551862318,9815.80631937814
forecast_8759,2025-12-31 23:00:00,12511.917190603901,15702.137463612702,9962.558340759688
forecast_8760,2026-01-01 00:00:00,12766.144538846715,15519.822610182564,7229.85150156075
