forecast_id,forecast_kst_dtm,kpx_group_1,kpx_group_2,kpx_group_3
forecast_0001,2025-01-01 01:00:00,0,0,0
forecast_0002,2025-01-01 02:00:00,0,0,0
forecast_0003,2025-01-01 03:00:00,0,0,0
forecast_0004,2025-01-01 04:00:00,0,0,0
forecast_0005,2025-01-01 05:00:00,0,0,0
forecast_0006,2025-01-01 06:00:00,0,0,0
forecast_0007,2025-01-01 07:00:00,0,0,0
forecast_0008,2025-01-01 08:00:00,0,0,0
forecast_0009,2025-01-01 09:00:00,0,0,0
forecast_0010,2025-01-01 10:00:00,0,0,0
forecast_0011,2025-01-01 11:00:00,0,0,0
forecast_0012,2025-01-01 12:00:00,0,0,0
forecast_0013,2025-01-01 13:00:00,0,0,0
forecast_0014,2025-01-01 14:00:00,0,0,0
forecast_0015,2025-01-01 15:00:00,0,0,0
forecast_0016,2025-01-01 16:00:00,0,0,0
forecast_0017,2025-01-01 17:00:00,0,0,0
forecast_0018,2025-01-01 18:00:00,0,0,0
forecast_0019,2025-01-01 19:00:00,0,0,0
forecast_0020,2025-01-01 20:00:00,0,0,0
forecast_0021,2025-01-01 21:00:00,0,0,0
forecast_0022,2025-01-01 22:00:00,0,0,0
forecast_0023,2025-01-01 23:00:00,0,0,0
forecast_0024,2025-01-02 00:00:00,0,0,0
forecast_0025,2025-01-02 01:00:00,0,0,0
forecast_0026,2025-01-02 02:00:00,0,0,0
forecast_0027,2025-01-02 03:00:00,0,0,0
forecast_0028,2025-01-02 04:00:00,0,0,0
forecast_0029,2025-01-02 05:00:00,0,0,0
forecast_0030,2025-01-02 06:00:00,0,0,0
forecast_0031,2025-01-02 07:00:00,0,0,0
forecast_0032,2025-01-02 08:00:00,0,0,0
forecast_0033,2025-01-02 09:00:00,0,0,0
forecast_0034,2025-01-02 10:00:00,0,0,0
forecast_0035,2025-01-02 11:00:00,0,0,0
forecast_0036,2025-01-02 12:00:00,0,0,0
forecast_0037,2025-01-02 13:00:00,0,0,0
forecast_0038,2025-01-02 14:00:00,0,0,0
forecast_0039,2025-01-02 15:00:00,0,0,0
forecast_0040,2025-01-02 16:00:00,0,0,0
forecast_0041,2025-01-02 17:00:00,0,0,0
forecast_0042,2025-01-02 18:00:00,0,0,0
forecast_0043,2025-01-02 19:00:00,0,0,0
forecast_0044,2025-01-02 20:00:00,0,0,0
forecast_0045,2025-01-02 21:00:00,0,0,0
forecast_0046,2025-01-02 22:00:00,0,0,0
forecast_0047,2025-01-02 23:00:00,0,0,0
forecast_0048,2025-01-03 00:00:00,0,0,0
forecast_0049,2025-01-03 01:00:00,0,0,0
forecast_0050,2025-01-03 02:00:00,0,0,0
forecast_0051,2025-01-03 03:00:00,0,0,0
forecast_0052,2025-01-03 04:00:00,0,0,0
forecast_0053,2025-01-03 05:00:00,0,0,0
forecast_0054,2025-01-03 06:00:00,0,0,0
forecast_0055,2025-01-03 07:00:00,0,0,0
forecast_0056,2025-01-03 08:00:00,0,0,0
forecast_0057,2025-01-03 09:00:00,0,0,0
forecast_0058,2025-01-03 10:00:00,0,0,0
forecast_0059,2025-01-03 11:00:00,0,0,0
forecast_0060,2025-01-03 12:00:00,0,0,0
forecast_0061,2025-01-03 13:00:00,0,0,0
forecast_0062,2025-01-03 14:00:00,0,0,0
forecast_0063,2025-01-03 15:00:00,0,0,0
forecast_0064,2025-01-03 16:00:00,0,0,0
forecast_0065,2025-01-03 17:00:00,0,0,0
forecast_0066,2025-01-03 18:00:00,0,0,0
forecast_0067,2025-01-03 19:00:00,0,0,0
forecast_0068,2025-01-03 20:00:00,0,0,0
forecast_0069,2025-01-03 21:00:00,0,0,0
forecast_0070,2025-01-03 22:00:00,0,0,0
forecast_0071,2025-01-03 23:00:00,0,0,0
forecast_0072,2025-01-04 00:00:00,0,0,0
forecast_0073,2025-01-04 01:00:00,0,0,0
forecast_0074,2025-01-04 02:00:00,0,0,0
forecast_0075,2025-01-04 03:00:00,0,0,0
forecast_0076,2025-01-04 04:00:00,0,0,0
forecast_0077,2025-01-04 05:00:00,0,0,0
forecast_0078,2025-01-04 06:00:00,0,0,0
forecast_0079,2025-01-04 07:00:00,0,0,0
forecast_0080,2025-01-04 08:00:00,0,0,0
forecast_0081,2025-01-04 09:00:00,0,0,0
forecast_0082,2025-01-04 10:00:00,0,0,0
forecast_0083,2025-01-04 11:00:00,0,0,0
forecast_0084,2025-01-04 12:00:00,0,0,0
forecast_0085,2025-01-04 13:00:00,0,0,0
forecast_0086,2025-01-04 14:00:00,0,0,0
forecast_0087,2025-01-04 15:00:00,0,0,0
forecast_0088,2025-01-04 16:00:00,0,0,0
forecast_0089,2025-01-04 17:00:00,0,0,0
forecast_0090,2025-01-04 18:00:00,0,0,0
forecast_0091,2025-01-04 19:00:00,0,0,0
forecast_0092,2025-01-04 20:00:00,0,0,0
forecast_0093,2025-01-04 21:00:00,0,0,0
forecast_0094,2025-01-04 22:00:00,0,0,0
forecast_0095,2025-01-04 23:00:00,0,0,0
forecast_0096,2025-01-05 00:00:00,0,0,0
forecast_0097,2025-01-05 01:00:00,0,0,0
forecast_0098,2025-01-05 02:00:00,0,0,0
forecast_0099,2025-01-05 03:00:00,0,0,0
forecast_0100,2025-01-05 04:00:00,0,0,0
forecast_0101,2025-01-05 05:00:00,0,0,0
forecast_0102,2025-01-05 06:00:00,0,0,0
forecast_0103,2025-01-05 07:00:00,0,0,0
forecast_0104,2025-01-05 08:00:00,0,0,0
forecast_0105,2025-01-05 09:00:00,0,0,0
forecast_0106,2025-01-05 10:00:00,0,0,0
forecast_0107,2025-01-05 11:00:00,0,0,0
forecast_0108,2025-01-05 12:00:00,0,0,0
forecast_0109,2025-01-05 13:00:00,0,0,0
forecast_0110,2025-01-05 14:00:00,0,0,0
forecast_0111,2025-01-05 15:00:00,0,0,0
forecast_0112,2025-01-05 16:00:00,0,0,0
forecast_0113,2025-01-05 17:00:00,0,0,0
forecast_0114,2025-01-05 18:00:00,0,0,0
forecast_0115,2025-01-05 19:00:00,0,0,0
forecast_0116,2025-01-05 20:00:00,0,0,0
forecast_0117,2025-01-05 21:00:00,0,0,0
forecast_0118,2025-01-05 22:00:00,0,0,0
forecast_0119,2025-01-05 23:00:00,0,0,0
forecast_0120,2025-01-06 00:00:00,0,0,0
forecast_0121,2025-01-06 01:00:00,0,0,0
forecast_0122,2025-01-06 02:00:00,0,0,0
forecast_0123,2025-01-06 03:00:00,0,0,0
forecast_0124,2025-01-06 04:00:00,0,0,0
forecast_0125,2025-01-06 05:00:00,0,0,0
forecast_0126,2025-01-06 06:00:00,0,0,0
forecast_0127,2025-01-06 07:00:00,0,0,0
forecast_0128,2025-01-06 08:00:00,0,0,0
forecast_0129,2025-01-06 09:00:00,0,0,0
forecast_0130,2025-01-06 10:00:00,0,0,0
forecast_0131,2025-01-06 11:00:00,0,0,0
forecast_0132,2025-01-06 12:00:00,0,0,0
forecast_0133,2025-01-06 13:00:00,0,0,0
forecast_0134,2025-01-06 14:00:00,0,0,0
forecast_0135,2025-01-06 15:00:00,0,0,0
forecast_0136,2025-01-06 16:00:00,0,0,0
forecast_0137,2025-01-06 17:00:00,0,0,0
forecast_0138,2025-01-06 18:00:00,0,0,0
forecast_0139,2025-01-06 19:00:00,0,0,0
forecast_0140,2025-01-06 20:00:00,0,0,0
forecast_0141,2025-01-06 21:00:00,0,0,0
forecast_0142,2025-01-06 22:00:00,0,0,0
forecast_0143,2025-01-06 23:00:00,0,0,0
forecast_0144,2025-01-07 00:00:00,0,0,0
forecast_0145,2025-01-07 01:00:00,0,0,0
forecast_0146,2025-01-07 02:00:00,0,0,0
forecast_0147,2025-01-07 03:00:00,0,0,0
forecast_0148,2025-01-07 04:00:00,0,0,0
forecast_0149,2025-01-07 05:00:00,0,0,0
forecast_0150,2025-01-07 06:00:00,0,0,0
forecast_0151,2025-01-07 07:00:00,0,0,0
forecast_0152,2025-01-07 08:00:00,0,0,0
forecast_0153,2025-01-07 09:00:00,0,0,0
forecast_0154,2025-01-07 10:00:00,0,0,0
forecast_0155,2025-01-07 11:00:00,0,0,0
forecast_0156,2025-01-07 12:00:00,0,0,0
forecast_0157,2025-01-07 13:00:00,0,0,0
forecast_0158,2025-01-07 14:00:00,0,0,0
forecast_0159,2025-01-07 15:00:00,0,0,0
forecast_0160,2025-01-07 16:00:00,0,0,0
forecast_0161,2025-01-07 17:00:00,0,0,0
forecast_0162,2025-01-07 18:00:00,0,0,0
forecast_0163,2025-01-07 19:00:00,0,0,0
forecast_0164,2025-01-07 20:00:00,0,0,0
forecast_0165,2025-01-07 21:00:00,0,0,0
forecast_0166,2025-01-07 22:00:00,0,0,0
forecast_0167,2025-01-07 23:00:00,0,0,0
forecast_0168,2025-01-08 00:00:00,0,0,0
forecast_0169,2025-01-08 01:00:00,0,0,0
forecast_0170,2025-01-08 02:00:00,0,0,0
forecast_0171,2025-01-08 03:00:00,0,0,0
forecast_0172,2025-01-08 04:00:00,0,0,0
forecast_0173,2025-01-08 05:00:00,0,0,0
forecast_0174,2025-01-08 06:00:00,0,0,0
forecast_0175,2025-01-08 07:00:00,0,0,0
forecast_0176,2025-01-08 08:00:00,0,0,0
forecast_0177,2025-01-08 09:00:00,0,0,0
forecast_0178,2025-01-08 10:00:00,0,0,0
forecast_0179,2025-01-08 11:00:00,0,0,0
forecast_0180,2025-01-08 12:00:00,0,0,0
forecast_0181,2025-01-08 13:00:00,0,0,0
forecast_0182,2025-01-08 14:00:00,0,0,0
forecast_0183,2025-01-08 15:00:00,0,0,0
forecast_0184,2025-01-08 16:00:00,0,0,0
forecast_0185,2025-01-08 17:00:00,0,0,0
forecast_0186,2025-01-08 18:00:00,0,0,0
forecast_0187,2025-01-08 19:00:00,0,0,0
forecast_0188,2025-01-08 20:00:00,0,0,0
forecast_0189,2025-01-08 21:00:00,0,0,0
forecast_0190,2025-01-08 22:00:00,0,0,0
forecast_0191,2025-01-08 23:00:00,0,0,0
forecast_0192,2025-01-09 00:00:00,0,0,0
forecast_0193,2025-01-09 01:00:00,0,0,0
forecast_0194,2025-01-09 02:00:00,0,0,0
forecast_0195,2025-01-09 03:00:00,0,0,0
forecast_0196,2025-01-09 04:00:00,0,0,0
forecast_0197,2025-01-09 05:00:00,0,0,0
forecast_0198,2025-01-09 06:00:00,0,0,0
forecast_0199,2025-01-09 07:00:00,0,0,0
forecast_0200,2025-01-09 08:00:00,0,0,0
forecast_0201,2025-01-09 09:00:00,0,0,0
forecast_0202,2025-01-09 10:00:00,0,0,0
forecast_0203,2025-01-09 11:00:00,0,0,0
forecast_0204,2025-01-09 12:00:00,0,0,0
forecast_0205,2025-01-09 13:00:00,0,0,0
forecast_0206,2025-01-09 14:00:00,0,0,0
forecast_0207,2025-01-09 15:00:00,0,0,0
forecast_0208,2025-01-09 16:00:00,0,0,0
forecast_0209,2025-01-09 17:00:00,0,0,0
forecast_0210,2025-01-09 18:00:00,0,0,0
forecast_0211,2025-01-09 19:00:00,0,0,0
forecast_0212,2025-01-09 20:00:00,0,0,0
forecast_0213,2025-01-09 21:00:00,0,0,0
forecast_0214,2025-01-09 22:00:00,0,0,0
forecast_0215,2025-01-09 23:00:00,0,0,0
forecast_0216,2025-01-10 00:00:00,0,0,0
forecast_0217,2025-01-10 01:00:00,0,0,0
forecast_0218,2025-01-10 02:00:00,0,0,0
forecast_0219,2025-01-10 03:00:00,0,0,0
forecast_0220,2025-01-10 04:00:00,0,0,0
forecast_0221,2025-01-10 05:00:00,0,0,0
forecast_0222,2025-01-10 06:00:00,0,0,0
forecast_0223,2025-01-10 07:00:00,0,0,0
forecast_0224,2025-01-10 08:00:00,0,0,0
forecast_0225,2025-01-10 09:00:00,0,0,0
forecast_0226,2025-01-10 10:00:00,0,0,0
forecast_0227,2025-01-10 11:00:00,0,0,0
forecast_0228,2025-01-10 12:00:00,0,0,0
forecast_0229,2025-01-10 13:00:00,0,0,0
forecast_0230,2025-01-10 14:00:00,0,0,0
forecast_0231,2025-01-10 15:00:00,0,0,0
forecast_0232,2025-01-10 16:00:00,0,0,0
forecast_0233,2025-01-10 17:00:00,0,0,0
forecast_0234,2025-01-10 18:00:00,0,0,0
forecast_0235,2025-01-10 19:00:00,0,0,0
forecast_0236,2025-01-10 20:00:00,0,0,0
forecast_0237,2025-01-10 21:00:00,0,0,0
forecast_0238,2025-01-10 22:00:00,0,0,0
forecast_0239,2025-01-10 23:00:00,0,0,0
forecast_0240,2025-01-11 00:00:00,0,0,0
forecast_0241,2025-01-11 01:00:00,0,0,0
forecast_0242,2025-01-11 02:00:00,0,0,0
forecast_0243,2025-01-11 03:00:00,0,0,0
forecast_0244,2025-01-11 04:00:00,0,0,0
forecast_0245,2025-01-11 05:00:00,0,0,0
forecast_0246,2025-01-11 06:00:00,0,0,0
forecast_0247,2025-01-11 07:00:00,0,0,0
forecast_0248,2025-01-11 08:00:00,0,0,0
forecast_0249,2025-01-11 09:00:00,0,0,0
forecast_0250,2025-01-11 10:00:00,0,0,0
forecast_0251,2025-01-11 11:00:00,0,0,0
forecast_0252,2025-01-11 12:00:00,0,0,0
forecast_0253,2025-01-11 13:00:00,0,0,0
forecast_0254,2025-01-11 14:00:00,0,0,0
forecast_0255,2025-01-11 15:00:00,0,0,0
forecast_0256,2025-01-11 16:00:00,0,0,0
forecast_0257,2025-01-11 17:00:00,0,0,0
forecast_0258,2025-01-11 18:00:00,0,0,0
forecast_0259,2025-01-11 19:00:00,0,0,0
forecast_0260,2025-01-11 20:00:00,0,0,0
forecast_0261,2025-01-11 21:00:00,0,0,0
forecast_0262,2025-01-11 22:00:00,0,0,0
forecast_0263,2025-01-11 23:00:00,0,0,0
forecast_0264,2025-01-12 00:00:00,0,0,0
forecast_0265,2025-01-12 01:00:00,0,0,0
forecast_0266,2025-01-12 02:00:00,0,0,0
forecast_0267,2025-01-12 03:00:00,0,0,0
forecast_0268,2025-01-12 04:00:00,0,0,0
forecast_0269,2025-01-12 05:00:00,0,0,0
forecast_0270,2025-01-12 06:00:00,0,0,0
forecast_0271,2025-01-12 07:00:00,0,0,0
forecast_0272,2025-01-12 08:00:00,0,0,0
forecast_0273,2025-01-12 09:00:00,0,0,0
forecast_0274,2025-01-12 10:00:00,0,0,0
forecast_0275,2025-01-12 11:00:00,0,0,0
forecast_0276,2025-01-12 12:00:00,0,0,0
forecast_0277,2025-01-12 13:00:00,0,0,0
forecast_0278,2025-01-12 14:00:00,0,0,0
forecast_0279,2025-01-12 15:00:00,0,0,0
forecast_0280,2025-01-12 16:00:00,0,0,0
forecast_0281,2025-01-12 17:00:00,0,0,0
forecast_0282,2025-01-12 18:00:00,0,0,0
forecast_0283,2025-01-12 19:00:00,0,0,0
forecast_0284,2025-01-12 20:00:00,0,0,0
forecast_0285,2025-01-12 21:00:00,0,0,0
forecast_0286,2025-01-12 22:00:00,0,0,0
forecast_0287,2025-01-12 23:00:00,0,0,0
forecast_0288,2025-01-13 00:00:00,0,0,0
forecast_0289,2025-01-13 01:00:00,0,0,0
forecast_0290,2025-01-13 02:00:00,0,0,0
forecast_0291,2025-01-13 03:00:00,0,0,0
forecast_0292,2025-01-13 04:00:00,0,0,0
forecast_0293,2025-01-13 05:00:00,0,0,0
forecast_0294,2025-01-13 06:00:00,0,0,0
forecast_0295,2025-01-13 07:00:00,0,0,0
forecast_0296,2025-01-13 08:00:00,0,0,0
forecast_0297,2025-01-13 09:00:00,0,0,0
forecast_0298,2025-01-13 10:00:00,0,0,0
forecast_0299,2025-01-13 11:00:00,0,0,0
forecast_0300,2025-01-13 12:00:00,0,0,0
forecast_0301,2025-01-13 13:00:00,0,0,0
forecast_0302,2025-01-13 14:00:00,0,0,0
forecast_0303,2025-01-13 15:00:00,0,0,0
forecast_0304,2025-01-13 16:00:00,0,0,0
forecast_0305,2025-01-13 17:00:00,0,0,0
forecast_0306,2025-01-13 18:00:00,0,0,0
forecast_0307,2025-01-13 19:00:00,0,0,0
forecast_0308,2025-01-13 20:00:00,0,0,0
forecast_0309,2025-01-13 21:00:00,0,0,0
forecast_0310,2025-01-13 22:00:00,0,0,0
forecast_0311,2025-01-13 23:00:00,0,0,0
forecast_0312,2025-01-14 00:00:00,0,0,0
forecast_0313,2025-01-14 01:00:00,0,0,0
forecast_0314,2025-01-14 02:00:00,0,0,0
forecast_0315,2025-01-14 03:00:00,0,0,0
forecast_0316,2025-01-14 04:00:00,0,0,0
forecast_0317,2025-01-14 05:00:00,0,0,0
forecast_0318,2025-01-14 06:00:00,0,0,0
forecast_0319,2025-01-14 07:00:00,0,0,0
forecast_0320,2025-01-14 08:00:00,0,0,0
forecast_0321,2025-01-14 09:00:00,0,0,0
forecast_0322,2025-01-14 10:00:00,0,0,0
forecast_0323,2025-01-14 11:00:00,0,0,0
forecast_0324,2025-01-14 12:00:00,0,0,0
forecast_0325,2025-01-14 13:00:00,0,0,0
forecast_0326,2025-01-14 14:00:00,0,0,0
forecast_0327,2025-01-14 15:00:00,0,0,0
forecast_0328,2025-01-14 16:00:00,0,0,0
forecast_0329,2025-01-14 17:00:00,0,0,0
forecast_0330,2025-01-14 18:00:00,0,0,0
forecast_0331,2025-01-14 19:00:00,0,0,0
forecast_0332,2025-01-14 20:00:00,0,0,0
forecast_0333,2025-01-14 21:00:00,0,0,0
forecast_0334,2025-01-14 22:00:00,0,0,0
forecast_0335,2025-01-14 23:00:00,0,0,0
forecast_0336,2025-01-15 00:00:00,0,0,0
forecast_0337,2025-01-15 01:00:00,0,0,0
forecast_0338,2025-01-15 02:00:00,0,0,0
forecast_0339,2025-01-15 03:00:00,0,0,0
forecast_0340,2025-01-15 04:00:00,0,0,0
forecast_0341,2025-01-15 05:00:00,0,0,0
forecast_0342,2025-01-15 06:00:00,0,0,0
forecast_0343,2025-01-15 07:00:00,0,0,0
forecast_0344,2025-01-15 08:00:00,0,0,0
forecast_0345,2025-01-15 09:00:00,0,0,0
forecast_0346,2025-01-15 10:00:00,0,0,0
forecast_0347,2025-01-15 11:00:00,0,0,0
forecast_0348,2025-01-15 12:00:00,0,0,0
forecast_0349,2025-01-15 13:00:00,0,0,0
forecast_0350,2025-01-15 14:00:00,0,0,0
forecast_0351,2025-01-15 15:00:00,0,0,0
forecast_0352,2025-01-15 16:00:00,0,0,0
forecast_0353,2025-01-15 17:00:00,0,0,0
forecast_0354,2025-01-15 18:00:00,0,0,0
forecast_0355,2025-01-15 19:00:00,0,0,0
forecast_0356,2025-01-15 20:00:00,0,0,0
forecast_0357,2025-01-15 21:00:00,0,0,0
forecast_0358,2025-01-15 22:00:00,0,0,0
forecast_0359,2025-01-15 23:00:00,0,0,0
forecast_0360,2025-01-16 00:00:00,0,0,0
forecast_0361,2025-01-16 01:00:00,0,0,0
forecast_0362,2025-01-16 02:00:00,0,0,0
forecast_0363,2025-01-16 03:00:00,0,0,0
forecast_0364,2025-01-16 04:00:00,0,0,0
forecast_0365,2025-01-16 05:00:00,0,0,0
forecast_0366,2025-01-16 06:00:00,0,0,0
forecast_0367,2025-01-16 07:00:00,0,0,0
forecast_0368,2025-01-16 08:00:00,0,0,0
forecast_0369,2025-01-16 09:00:00,0,0,0
forecast_0370,2025-01-16 10:00:00,0,0,0
forecast_0371,2025-01-16 11:00:00,0,0,0
forecast_0372,2025-01-16 12:00:00,0,0,0
forecast_0373,2025-01-16 13:00:00,0,0,0
forecast_0374,2025-01-16 14:00:00,0,0,0
forecast_0375,2025-01-16 15:00:00,0,0,0
forecast_0376,2025-01-16 16:00:00,0,0,0
forecast_0377,2025-01-16 17:00:00,0,0,0
forecast_0378,2025-01-16 18:00:00,0,0,0
forecast_0379,2025-01-16 19:00:00,0,0,0
forecast_0380,2025-01-16 20:00:00,0,0,0
forecast_0381,2025-01-16 21:00:00,0,0,0
forecast_0382,2025-01-16 22:00:00,0,0,0
forecast_0383,2025-01-16 23:00:00,0,0,0
forecast_0384,2025-01-17 00:00:00,0,0,0
forecast_0385,2025-01-17 01:00:00,0,0,0
forecast_0386,2025-01-17 02:00:00,0,0,0
forecast_0387,2025-01-17 03:00:00,0,0,0
forecast_0388,2025-01-17 04:00:00,0,0,0
forecast_0389,2025-01-17 05:00:00,0,0,0
forecast_0390,2025-01-17 06:00:00,0,0,0
forecast_0391,2025-01-17 07:00:00,0,0,0
forecast_0392,2025-01-17 08:00:00,0,0,0
forecast_0393,2025-01-17 09:00:00,0,0,0
forecast_0394,2025-01-17 10:00:00,0,0,0
forecast_0395,2025-01-17 11:00:00,0,0,0
forecast_0396,2025-01-17 12:00:00,0,0,0
forecast_0397,2025-01-17 13:00:00,0,0,0
forecast_0398,2025-01-17 14:00:00,0,0,0
forecast_0399,2025-01-17 15:00:00,0,0,0
forecast_0400,2025-01-17 16:00:00,0,0,0
forecast_0401,2025-01-17 17:00:00,0,0,0
forecast_0402,2025-01-17 18:00:00,0,0,0
forecast_0403,2025-01-17 19:00:00,0,0,0
forecast_0404,2025-01-17 20:00:00,0,0,0
forecast_0405,2025-01-17 21:00:00,0,0,0
forecast_0406,2025-01-17 22:00:00,0,0,0
forecast_0407,2025-01-17 23:00:00,0,0,0
forecast_0408,2025-01-18 00:00:00,0,0,0
forecast_0409,2025-01-18 01:00:00,0,0,0
forecast_0410,2025-01-18 02:00:00,0,0,0
forecast_0411,2025-01-18 03:00:00,0,0,0
forecast_0412,2025-01-18 04:00:00,0,0,0
forecast_0413,2025-01-18 05:00:00,0,0,0
forecast_0414,2025-01-18 06:00:00,0,0,0
forecast_0415,2025-01-18 07:00:00,0,0,0
forecast_0416,2025-01-18 08:00:00,0,0,0
forecast_0417,2025-01-18 09:00:00,0,0,0
forecast_0418,2025-01-18 10:00:00,0,0,0
forecast_0419,2025-01-18 11:00:00,0,0,0
forecast_0420,2025-01-18 12:00:00,0,0,0
forecast_0421,2025-01-18 13:00:00,0,0,0
forecast_0422,2025-01-18 14:00:00,0,0,0
forecast_0423,2025-01-18 15:00:00,0,0,0
forecast_0424,2025-01-18 16:00:00,0,0,0
forecast_0425,2025-01-18 17:00:00,0,0,0
forecast_0426,2025-01-18 18:00:00,0,0,0
forecast_0427,2025-01-18 19:00:00,0,0,0
forecast_0428,2025-01-18 20:00:00,0,0,0
forecast_0429,2025-01-18 21:00:00,0,0,0
forecast_0430,2025-01-18 22:00:00,0,0,0
forecast_0431,2025-01-18 23:00:00,0,0,0
forecast_0432,2025-01-19 00:00:00,0,0,0
forecast_0433,2025-01-19 01:00:00,0,0,0
forecast_0434,2025-01-19 02:00:00,0,0,0
forecast_0435,2025-01-19 03:00:00,0,0,0
forecast_0436,2025-01-19 04:00:00,0,0,0
forecast_0437,2025-01-19 05:00:00,0,0,0
forecast_0438,2025-01-19 06:00:00,0,0,0
forecast_0439,2025-01-19 07:00:00,0,0,0
forecast_0440,2025-01-19 08:00:00,0,0,0
forecast_0441,2025-01-19 09:00:00,0,0,0
forecast_0442,2025-01-19 10:00:00,0,0,0
forecast_0443,2025-01-19 11:00:00,0,0,0
forecast_0444,2025-01-19 12:00:00,0,0,0
forecast_0445,2025-01-19 13:00:00,0,0,0
forecast_0446,2025-01-19 14:00:00,0,0,0
forecast_0447,2025-01-19 15:00:00,0,0,0
forecast_0448,2025-01-19 16:00:00,0,0,0
forecast_0449,2025-01-19 17:00:00,0,0,0
forecast_0450,2025-01-19 18:00:00,0,0,0
forecast_0451,2025-01-19 19:00:00,0,0,0
forecast_0452,2025-01-19 20:00:00,0,0,0
forecast_0453,2025-01-19 21:00:00,0,0,0
forecast_0454,2025-01-19 22:00:00,0,0,0
forecast_0455,2025-01-19 23:00:00,0,0,0
forecast_0456,2025-01-20 00:00:00,0,0,0
forecast_0457,2025-01-20 01:00:00,0,0,0
forecast_0458,2025-01-20 02:00:00,0,0,0
forecast_0459,2025-01-20 03:00:00,0,0,0
forecast_0460,2025-01-20 04:00:00,0,0,0
forecast_0461,2025-01-20 05:00:00,0,0,0
forecast_0462,2025-01-20 06:00:00,0,0,0
forecast_0463,2025-01-20 07:00:00,0,0,0
forecast_0464,2025-01-20 08:00:00,0,0,0
forecast_0465,2025-01-20 09:00:00,0,0,0
forecast_0466,2025-01-20 10:00:00,0,0,0
forecast_0467,2025-01-20 11:00:00,0,0,0
forecast_0468,2025-01-20 12:00:00,0,0,0
forecast_0469,2025-01-20 13:00:00,0,0,0
forecast_0470,2025-01-20 14:00:00,0,0,0
forecast_0471,2025-01-20 15:00:00,0,0,0
forecast_0472,2025-01-20 16:00:00,0,0,0
forecast_0473,2025-01-20 17:00:00,0,0,0
forecast_0474,2025-01-20 18:00:00,0,0,0
forecast_0475,2025-01-20 19:00:00,0,0,0
forecast_0476,2025-01-20 20:00:00,0,0,0
forecast_0477,2025-01-20 21:00:00,0,0,0
forecast_0478,2025-01-20 22:00:00,0,0,0
forecast_0479,2025-01-20 23:00:00,0,0,0
forecast_0480,2025-01-21 00:00:00,0,0,0
forecast_0481,2025-01-21 01:00:00,0,0,0
forecast_0482,2025-01-21 02:00:00,0,0,0
forecast_0483,2025-01-21 03:00:00,0,0,0
forecast_0484,2025-01-21 04:00:00,0,0,0
forecast_0485,2025-01-21 05:00:00,0,0,0
forecast_0486,2025-01-21 06:00:00,0,0,0
forecast_0487,2025-01-21 07:00:00,0,0,0
forecast_0488,2025-01-21 08:00:00,0,0,0
forecast_0489,2025-01-21 09:00:00,0,0,0
forecast_0490,2025-01-21 10:00:00,0,0,0
forecast_0491,2025-01-21 11:00:00,0,0,0
forecast_0492,2025-01-21 12:00:00,0,0,0
forecast_0493,2025-01-21 13:00:00,0,0,0
forecast_0494,2025-01-21 14:00:00,0,0,0
forecast_0495,2025-01-21 15:00:00,0,0,0
forecast_0496,2025-01-21 16:00:00,0,0,0
forecast_0497,2025-01-21 17:00:00,0,0,0
forecast_0498,2025-01-21 18:00:00,0,0,0
forecast_0499,2025-01-21 19:00:00,0,0,0
forecast_0500,2025-01-21 20:00:00,0,0,0
forecast_0501,2025-01-21 21:00:00,0,0,0
forecast_0502,2025-01-21 22:00:00,0,0,0
forecast_0503,2025-01-21 23:00:00,0,0,0
forecast_0504,2025-01-22 00:00:00,0,0,0
forecast_0505,2025-01-22 01:00:00,0,0,0
forecast_0506,2025-01-22 02:00:00,0,0,0
forecast_0507,2025-01-22 03:00:00,0,0,0
forecast_0508,2025-01-22 04:00:00,0,0,0
forecast_0509,2025-01-22 05:00:00,0,0,0
forecast_0510,2025-01-22 06:00:00,0,0,0
forecast_0511,2025-01-22 07:00:00,0,0,0
forecast_0512,2025-01-22 08:00:00,0,0,0
forecast_0513,2025-01-22 09:00:00,0,0,0
forecast_0514,2025-01-22 10:00:00,0,0,0
forecast_0515,2025-01-22 11:00:00,0,0,0
forecast_0516,2025-01-22 12:00:00,0,0,0
forecast_0517,2025-01-22 13:00:00,0,0,0
forecast_0518,2025-01-22 14:00:00,0,0,0
forecast_0519,2025-01-22 15:00:00,0,0,0
forecast_0520,2025-01-22 16:00:00,0,0,0
forecast_0521,2025-01-22 17:00:00,0,0,0
forecast_0522,2025-01-22 18:00:00,0,0,0
forecast_0523,2025-01-22 19:00:00,0,0,0
forecast_0524,2025-01-22 20:00:00,0,0,0
forecast_0525,2025-01-22 21:00:00,0,0,0
forecast_0526,2025-01-22 22:00:00,0,0,0
forecast_0527,2025-01-22 23:00:00,0,0,0
forecast_0528,2025-01-23 00:00:00,0,0,0
forecast_0529,2025-01-23 01:00:00,0,0,0
forecast_0530,2025-01-23 02:00:00,0,0,0
forecast_0531,2025-01-23 03:00:00,0,0,0
forecast_0532,2025-01-23 04:00:00,0,0,0
forecast_0533,2025-01-23 05:00:00,0,0,0
forecast_0534,2025-01-23 06:00:00,0,0,0
forecast_0535,2025-01-23 07:00:00,0,0,0
forecast_0536,2025-01-23 08:00:00,0,0,0
forecast_0537,2025-01-23 09:00:00,0,0,0
forecast_0538,2025-01-23 10:00:00,0,0,0
forecast_0539,2025-01-23 11:00:00,0,0,0
forecast_0540,2025-01-23 12:00:00,0,0,0
forecast_0541,2025-01-23 13:00:00,0,0,0
forecast_0542,2025-01-23 14:00:00,0,0,0
forecast_0543,2025-01-23 15:00:00,0,0,0
forecast_0544,2025-01-23 16:00:00,0,0,0
forecast_0545,2025-01-23 17:00:00,0,0,0
forecast_0546,2025-01-23 18:00:00,0,0,0
forecast_0547,2025-01-23 19:00:00,0,0,0
forecast_0548,2025-01-23 20:00:00,0,0,0
forecast_0549,2025-01-23 21:00:00,0,0,0
forecast_0550,2025-01-23 22:00:00,0,0,0
forecast_0551,2025-01-23 23:00:00,0,0,0
forecast_0552,2025-01-24 00:00:00,0,0,0
forecast_0553,2025-01-24 01:00:00,0,0,0
forecast_0554,2025-01-24 02:00:00,0,0,0
forecast_0555,2025-01-24 03:00:00,0,0,0
forecast_0556,2025-01-24 04:00:00,0,0,0
forecast_0557,2025-01-24 05:00:00,0,0,0
forecast_0558,2025-01-24 06:00:00,0,0,0
forecast_0559,2025-01-24 07:00:00,0,0,0
forecast_0560,2025-01-24 08:00:00,0,0,0
forecast_0561,2025-01-24 09:00:00,0,0,0
forecast_0562,2025-01-24 10:00:00,0,0,0
forecast_0563,2025-01-24 11:00:00,0,0,0
forecast_0564,2025-01-24 12:00:00,0,0,0
forecast_0565,2025-01-24 13:00:00,0,0,0
forecast_0566,2025-01-24 14:00:00,0,0,0
forecast_0567,2025-01-24 15:00:00,0,0,0
forecast_0568,2025-01-24 16:00:00,0,0,0
forecast_0569,2025-01-24 17:00:00,0,0,0
forecast_0570,2025-01-24 18:00:00,0,0,0
forecast_0571,2025-01-24 19:00:00,0,0,0
forecast_0572,2025-01-24 20:00:00,0,0,0
forecast_0573,2025-01-24 21:00:00,0,0,0
forecast_0574,2025-01-24 22:00:00,0,0,0
forecast_0575,2025-01-24 23:00:00,0,0,0
forecast_0576,2025-01-25 00:00:00,0,0,0
forecast_0577,2025-01-25 01:00:00,0,0,0
forecast_0578,2025-01-25 02:00:00,0,0,0
forecast_0579,2025-01-25 03:00:00,0,0,0
forecast_0580,2025-01-25 04:00:00,0,0,0
forecast_0581,2025-01-25 05:00:00,0,0,0
forecast_0582,2025-01-25 06:00:00,0,0,0
forecast_0583,2025-01-25 07:00:00,0,0,0
forecast_0584,2025-01-25 08:00:00,0,0,0
forecast_0585,2025-01-25 09:00:00,0,0,0
forecast_0586,2025-01-25 10:00:00,0,0,0
forecast_0587,2025-01-25 11:00:00,0,0,0
forecast_0588,2025-01-25 12:00:00,0,0,0
forecast_0589,2025-01-25 13:00:00,0,0,0
forecast_0590,2025-01-25 14:00:00,0,0,0
forecast_0591,2025-01-25 15:00:00,0,0,0
forecast_0592,2025-01-25 16:00:00,0,0,0
forecast_0593,2025-01-25 17:00:00,0,0,0
forecast_0594,2025-01-25 18:00:00,0,0,0
forecast_0595,2025-01-25 19:00:00,0,0,0
forecast_0596,2025-01-25 20:00:00,0,0,0
forecast_0597,2025-01-25 21:00:00,0,0,0
forecast_0598,2025-01-25 22:00:00,0,0,0
forecast_0599,2025-01-25 23:00:00,0,0,0
forecast_0600,2025-01-26 00:00:00,0,0,0
forecast_0601,2025-01-26 01:00:00,0,0,0
forecast_0602,2025-01-26 02:00:00,0,0,0
forecast_0603,2025-01-26 03:00:00,0,0,0
forecast_0604,2025-01-26 04:00:00,0,0,0
forecast_0605,2025-01-26 05:00:00,0,0,0
forecast_0606,2025-01-26 06:00:00,0,0,0
forecast_0607,2025-01-26 07:00:00,0,0,0
forecast_0608,2025-01-26 08:00:00,0,0,0
forecast_0609,2025-01-26 09:00:00,0,0,0
forecast_0610,2025-01-26 10:00:00,0,0,0
forecast_0611,2025-01-26 11:00:00,0,0,0
forecast_0612,2025-01-26 12:00:00,0,0,0
forecast_0613,2025-01-26 13:00:00,0,0,0
forecast_0614,2025-01-26 14:00:00,0,0,0
forecast_0615,2025-01-26 15:00:00,0,0,0
forecast_0616,2025-01-26 16:00:00,0,0,0
forecast_0617,2025-01-26 17:00:00,0,0,0
forecast_0618,2025-01-26 18:00:00,0,0,0
forecast_0619,2025-01-26 19:00:00,0,0,0
forecast_0620,2025-01-26 20:00:00,0,0,0
forecast_0621,2025-01-26 21:00:00,0,0,0
forecast_0622,2025-01-26 22:00:00,0,0,0
forecast_0623,2025-01-26 23:00:00,0,0,0
forecast_0624,2025-01-27 00:00:00,0,0,0
forecast_0625,2025-01-27 01:00:00,0,0,0
forecast_0626,2025-01-27 02:00:00,0,0,0
forecast_0627,2025-01-27 03:00:00,0,0,0
forecast_0628,2025-01-27 04:00:00,0,0,0
forecast_0629,2025-01-27 05:00:00,0,0,0
forecast_0630,2025-01-27 06:00:00,0,0,0
forecast_0631,2025-01-27 07:00:00,0,0,0
forecast_0632,2025-01-27 08:00:00,0,0,0
forecast_0633,2025-01-27 09:00:00,0,0,0
forecast_0634,2025-01-27 10:00:00,0,0,0
forecast_0635,2025-01-27 11:00:00,0,0,0
forecast_0636,2025-01-27 12:00:00,0,0,0
forecast_0637,2025-01-27 13:00:00,0,0,0
forecast_0638,2025-01-27 14:00:00,0,0,0
forecast_0639,2025-01-27 15:00:00,0,0,0
forecast_0640,2025-01-27 16:00:00,0,0,0
forecast_0641,2025-01-27 17:00:00,0,0,0
forecast_0642,2025-01-27 18:00:00,0,0,0
forecast_0643,2025-01-27 19:00:00,0,0,0
forecast_0644,2025-01-27 20:00:00,0,0,0
forecast_0645,2025-01-27 21:00:00,0,0,0
forecast_0646,2025-01-27 22:00:00,0,0,0
forecast_0647,2025-01-27 23:00:00,0,0,0
forecast_0648,2025-01-28 00:00:00,0,0,0
forecast_0649,2025-01-28 01:00:00,0,0,0
forecast_0650,2025-01-28 02:00:00,0,0,0
forecast_0651,2025-01-28 03:00:00,0,0,0
forecast_0652,2025-01-28 04:00:00,0,0,0
forecast_0653,2025-01-28 05:00:00,0,0,0
forecast_0654,2025-01-28 06:00:00,0,0,0
forecast_0655,2025-01-28 07:00:00,0,0,0
forecast_0656,2025-01-28 08:00:00,0,0,0
forecast_0657,2025-01-28 09:00:00,0,0,0
forecast_0658,2025-01-28 10:00:00,0,0,0
forecast_0659,2025-01-28 11:00:00,0,0,0
forecast_0660,2025-01-28 12:00:00,0,0,0
forecast_0661,2025-01-28 13:00:00,0,0,0
forecast_0662,2025-01-28 14:00:00,0,0,0
forecast_0663,2025-01-28 15:00:00,0,0,0
forecast_0664,2025-01-28 16:00:00,0,0,0
forecast_0665,2025-01-28 17:00:00,0,0,0
forecast_0666,2025-01-28 18:00:00,0,0,0
forecast_0667,2025-01-28 19:00:00,0,0,0
forecast_0668,2025-01-28 20:00:00,0,0,0
forecast_0669,2025-01-28 21:00:00,0,0,0
forecast_0670,2025-01-28 22:00:00,0,0,0
forecast_0671,2025-01-28 23:00:00,0,0,0
forecast_0672,2025-01-29 00:00:00,0,0,0
forecast_0673,2025-01-29 01:00:00,0,0,0
forecast_0674,2025-01-29 02:00:00,0,0,0
forecast_0675,2025-01-29 03:00:00,0,0,0
forecast_0676,2025-01-29 04:00:00,0,0,0
forecast_0677,2025-01-29 05:00:00,0,0,0
forecast_0678,2025-01-29 06:00:00,0,0,0
forecast_0679,2025-01-29 07:00:00,0,0,0
forecast_0680,2025-01-29 08:00:00,0,0,0
forecast_0681,2025-01-29 09:00:00,0,0,0
forecast_0682,2025-01-29 10:00:00,0,0,0
forecast_0683,2025-01-29 11:00:00,0,0,0
forecast_0684,2025-01-29 12:00:00,0,0,0
forecast_0685,2025-01-29 13:00:00,0,0,0
forecast_0686,2025-01-29 14:00:00,0,0,0
forecast_0687,2025-01-29 15:00:00,0,0,0
forecast_0688,2025-01-29 16:00:00,0,0,0
forecast_0689,2025-01-29 17:00:00,0,0,0
forecast_0690,2025-01-29 18:00:00,0,0,0
forecast_0691,2025-01-29 19:00:00,0,0,0
forecast_0692,2025-01-29 20:00:00,0,0,0
forecast_0693,2025-01-29 21:00:00,0,0,0
forecast_0694,2025-01-29 22:00:00,0,0,0
forecast_0695,2025-01-29 23:00:00,0,0,0
forecast_0696,2025-01-30 00:00:00,0,0,0
forecast_0697,2025-01-30 01:00:00,0,0,0
forecast_0698,2025-01-30 02:00:00,0,0,0
forecast_0699,2025-01-30 03:00:00,0,0,0
forecast_0700,2025-01-30 04:00:00,0,0,0
forecast_0701,2025-01-30 05:00:00,0,0,0
forecast_0702,2025-01-30 06:00:00,0,0,0
forecast_0703,2025-01-30 07:00:00,0,0,0
forecast_0704,2025-01-30 08:00:00,0,0,0
forecast_0705,2025-01-30 09:00:00,0,0,0
forecast_0706,2025-01-30 10:00:00,0,0,0
forecast_0707,2025-01-30 11:00:00,0,0,0
forecast_0708,2025-01-30 12:00:00,0,0,0
forecast_0709,2025-01-30 13:00:00,0,0,0
forecast_0710,2025-01-30 14:00:00,0,0,0
forecast_0711,2025-01-30 15:00:00,0,0,0
forecast_0712,2025-01-30 16:00:00,0,0,0
forecast_0713,2025-01-30 17:00:00,0,0,0
forecast_0714,2025-01-30 18:00:00,0,0,0
forecast_0715,2025-01-30 19:00:00,0,0,0
forecast_0716,2025-01-30 20:00:00,0,0,0
forecast_0717,2025-01-30 21:00:00,0,0,0
forecast_0718,2025-01-30 22:00:00,0,0,0
forecast_0719,2025-01-30 23:00:00,0,0,0
forecast_0720,2025-01-31 00:00:00,0,0,0
forecast_0721,2025-01-31 01:00:00,0,0,0
forecast_0722,2025-01-31 02:00:00,0,0,0
forecast_0723,2025-01-31 03:00:00,0,0,0
forecast_0724,2025-01-31 04:00:00,0,0,0
forecast_0725,2025-01-31 05:00:00,0,0,0
forecast_0726,2025-01-31 06:00:00,0,0,0
forecast_0727,2025-01-31 07:00:00,0,0,0
forecast_0728,2025-01-31 08:00:00,0,0,0
forecast_0729,2025-01-31 09:00:00,0,0,0
forecast_0730,2025-01-31 10:00:00,0,0,0
forecast_0731,2025-01-31 11:00:00,0,0,0
forecast_0732,2025-01-31 12:00:00,0,0,0
forecast_0733,2025-01-31 13:00:00,0,0,0
forecast_0734,2025-01-31 14:00:00,0,0,0
forecast_0735,2025-01-31 15:00:00,0,0,0
forecast_0736,2025-01-31 16:00:00,0,0,0
forecast_0737,2025-01-31 17:00:00,0,0,0
forecast_0738,2025-01-31 18:00:00,0,0,0
forecast_0739,2025-01-31 19:00:00,0,0,0
forecast_0740,2025-01-31 20:00:00,0,0,0
forecast_0741,2025-01-31 21:00:00,0,0,0
forecast_0742,2025-01-31 22:00:00,0,0,0
forecast_0743,2025-01-31 23:00:00,0,0,0
forecast_0744,2025-02-01 00:00:00,0,0,0
forecast_0745,2025-02-01 01:00:00,0,0,0
forecast_0746,2025-02-01 02:00:00,0,0,0
forecast_0747,2025-02-01 03:00:00,0,0,0
forecast_0748,2025-02-01 04:00:00,0,0,0
forecast_0749,2025-02-01 05:00:00,0,0,0
forecast_0750,2025-02-01 06:00:00,0,0,0
forecast_0751,2025-02-01 07:00:00,0,0,0
forecast_0752,2025-02-01 08:00:00,0,0,0
forecast_0753,2025-02-01 09:00:00,0,0,0
forecast_0754,2025-02-01 10:00:00,0,0,0
forecast_0755,2025-02-01 11:00:00,0,0,0
forecast_0756,2025-02-01 12:00:00,0,0,0
forecast_0757,2025-02-01 13:00:00,0,0,0
forecast_0758,2025-02-01 14:00:00,0,0,0
forecast_0759,2025-02-01 15:00:00,0,0,0
forecast_0760,2025-02-01 16:00:00,0,0,0
forecast_0761,2025-02-01 17:00:00,0,0,0
forecast_0762,2025-02-01 18:00:00,0,0,0
forecast_0763,2025-02-01 19:00:00,0,0,0
forecast_0764,2025-02-01 20:00:00,0,0,0
forecast_0765,2025-02-01 21:00:00,0,0,0
forecast_0766,2025-02-01 22:00:00,0,0,0
forecast_0767,2025-02-01 23:00:00,0,0,0
forecast_0768,2025-02-02 00:00:00,0,0,0
forecast_0769,2025-02-02 01:00:00,0,0,0
forecast_0770,2025-02-02 02:00:00,0,0,0
forecast_0771,2025-02-02 03:00:00,0,0,0
forecast_0772,2025-02-02 04:00:00,0,0,0
forecast_0773,2025-02-02 05:00:00,0,0,0
forecast_0774,2025-02-02 06:00:00,0,0,0
forecast_0775,2025-02-02 07:00:00,0,0,0
forecast_0776,2025-02-02 08:00:00,0,0,0
forecast_0777,2025-02-02 09:00:00,0,0,0
forecast_0778,2025-02-02 10:00:00,0,0,0
forecast_0779,2025-02-02 11:00:00,0,0,0
forecast_0780,2025-02-02 12:00:00,0,0,0
forecast_0781,2025-02-02 13:00:00,0,0,0
forecast_0782,2025-02-02 14:00:00,0,0,0
forecast_0783,2025-02-02 15:00:00,0,0,0
forecast_0784,2025-02-02 16:00:00,0,0,0
forecast_0785,2025-02-02 17:00:00,0,0,0
forecast_0786,2025-02-02 18:00:00,0,0,0
forecast_0787,2025-02-02 19:00:00,0,0,0
forecast_0788,2025-02-02 20:00:00,0,0,0
forecast_0789,2025-02-02 21:00:00,0,0,0
forecast_0790,2025-02-02 22:00:00,0,0,0
forecast_0791,2025-02-02 23:00:00,0,0,0
forecast_0792,2025-02-03 00:00:00,0,0,0
forecast_0793,2025-02-03 01:00:00,0,0,0
forecast_0794,2025-02-03 02:00:00,0,0,0
forecast_0795,2025-02-03 03:00:00,0,0,0
forecast_0796,2025-02-03 04:00:00,0,0,0
forecast_0797,2025-02-03 05:00:00,0,0,0
forecast_0798,2025-02-03 06:00:00,0,0,0
forecast_0799,2025-02-03 07:00:00,0,0,0
forecast_0800,2025-02-03 08:00:00,0,0,0
forecast_0801,2025-02-03 09:00:00,0,0,0
forecast_0802,2025-02-03 10:00:00,0,0,0
forecast_0803,2025-02-03 11:00:00,0,0,0
forecast_0804,2025-02-03 12:00:00,0,0,0
forecast_0805,2025-02-03 13:00:00,0,0,0
forecast_0806,2025-02-03 14:00:00,0,0,0
forecast_0807,2025-02-03 15:00:00,0,0,0
forecast_0808,2025-02-03 16:00:00,0,0,0
forecast_0809,2025-02-03 17:00:00,0,0,0
forecast_0810,2025-02-03 18:00:00,0,0,0
forecast_0811,2025-02-03 19:00:00,0,0,0
forecast_0812,2025-02-03 20:00:00,0,0,0
forecast_0813,2025-02-03 21:00:00,0,0,0
forecast_0814,2025-02-03 22:00:00,0,0,0
forecast_0815,2025-02-03 23:00:00,0,0,0
forecast_0816,2025-02-04 00:00:00,0,0,0
forecast_0817,2025-02-04 01:00:00,0,0,0
forecast_0818,2025-02-04 02:00:00,0,0,0
forecast_0819,2025-02-04 03:00:00,0,0,0
forecast_0820,2025-02-04 04:00:00,0,0,0
forecast_0821,2025-02-04 05:00:00,0,0,0
forecast_0822,2025-02-04 06:00:00,0,0,0
forecast_0823,2025-02-04 07:00:00,0,0,0
forecast_0824,2025-02-04 08:00:00,0,0,0
forecast_0825,2025-02-04 09:00:00,0,0,0
forecast_0826,2025-02-04 10:00:00,0,0,0
forecast_0827,2025-02-04 11:00:00,0,0,0
forecast_0828,2025-02-04 12:00:00,0,0,0
forecast_0829,2025-02-04 13:00:00,0,0,0
forecast_0830,2025-02-04 14:00:00,0,0,0
forecast_0831,2025-02-04 15:00:00,0,0,0
forecast_0832,2025-02-04 16:00:00,0,0,0
forecast_0833,2025-02-04 17:00:00,0,0,0
forecast_0834,2025-02-04 18:00:00,0,0,0
forecast_0835,2025-02-04 19:00:00,0,0,0
forecast_0836,2025-02-04 20:00:00,0,0,0
forecast_0837,2025-02-04 21:00:00,0,0,0
forecast_0838,2025-02-04 22:00:00,0,0,0
forecast_0839,2025-02-04 23:00:00,0,0,0
forecast_0840,2025-02-05 00:00:00,0,0,0
forecast_0841,2025-02-05 01:00:00,0,0,0
forecast_0842,2025-02-05 02:00:00,0,0,0
forecast_0843,2025-02-05 03:00:00,0,0,0
forecast_0844,2025-02-05 04:00:00,0,0,0
forecast_0845,2025-02-05 05:00:00,0,0,0
forecast_0846,2025-02-05 06:00:00,0,0,0
forecast_0847,2025-02-05 07:00:00,0,0,0
forecast_0848,2025-02-05 08:00:00,0,0,0
forecast_0849,2025-02-05 09:00:00,0,0,0
forecast_0850,2025-02-05 10:00:00,0,0,0
forecast_0851,2025-02-05 11:00:00,0,0,0
forecast_0852,2025-02-05 12:00:00,0,0,0
forecast_0853,2025-02-05 13:00:00,0,0,0
forecast_0854,2025-02-05 14:00:00,0,0,0
forecast_0855,2025-02-05 15:00:00,0,0,0
forecast_0856,2025-02-05 16:00:00,0,0,0
forecast_0857,2025-02-05 17:00:00,0,0,0
forecast_0858,2025-02-05 18:00:00,0,0,0
forecast_0859,2025-02-05 19:00:00,0,0,0
forecast_0860,2025-02-05 20:00:00,0,0,0
forecast_0861,2025-02-05 21:00:00,0,0,0
forecast_0862,2025-02-05 22:00:00,0,0,0
forecast_0863,2025-02-05 23:00:00,0,0,0
forecast_0864,2025-02-06 00:00:00,0,0,0
forecast_0865,2025-02-06 01:00:00,0,0,0
forecast_0866,2025-02-06 02:00:00,0,0,0
forecast_0867,2025-02-06 03:00:00,0,0,0
forecast_0868,2025-02-06 04:00:00,0,0,0
forecast_0869,2025-02-06 05:00:00,0,0,0
forecast_0870,2025-02-06 06:00:00,0,0,0
forecast_0871,2025-02-06 07:00:00,0,0,0
forecast_0872,2025-02-06 08:00:00,0,0,0
forecast_0873,2025-02-06 09:00:00,0,0,0
forecast_0874,2025-02-06 10:00:00,0,0,0
forecast_0875,2025-02-06 11:00:00,0,0,0
forecast_0876,2025-02-06 12:00:00,0,0,0
forecast_0877,2025-02-06 13:00:00,0,0,0
forecast_0878,2025-02-06 14:00:00,0,0,0
forecast_0879,2025-02-06 15:00:00,0,0,0
forecast_0880,2025-02-06 16:00:00,0,0,0
forecast_0881,2025-02-06 17:00:00,0,0,0
forecast_0882,2025-02-06 18:00:00,0,0,0
forecast_0883,2025-02-06 19:00:00,0,0,0
forecast_0884,2025-02-06 20:00:00,0,0,0
forecast_0885,2025-02-06 21:00:00,0,0,0
forecast_0886,2025-02-06 22:00:00,0,0,0
forecast_0887,2025-02-06 23:00:00,0,0,0
forecast_0888,2025-02-07 00:00:00,0,0,0
forecast_0889,2025-02-07 01:00:00,0,0,0
forecast_0890,2025-02-07 02:00:00,0,0,0
forecast_0891,2025-02-07 03:00:00,0,0,0
forecast_0892,2025-02-07 04:00:00,0,0,0
forecast_0893,2025-02-07 05:00:00,0,0,0
forecast_0894,2025-02-07 06:00:00,0,0,0
forecast_0895,2025-02-07 07:00:00,0,0,0
forecast_0896,2025-02-07 08:00:00,0,0,0
forecast_0897,2025-02-07 09:00:00,0,0,0
forecast_0898,2025-02-07 10:00:00,0,0,0
forecast_0899,2025-02-07 11:00:00,0,0,0
forecast_0900,2025-02-07 12:00:00,0,0,0
forecast_0901,2025-02-07 13:00:00,0,0,0
forecast_0902,2025-02-07 14:00:00,0,0,0
forecast_0903,2025-02-07 15:00:00,0,0,0
forecast_0904,2025-02-07 16:00:00,0,0,0
forecast_0905,2025-02-07 17:00:00,0,0,0
forecast_0906,2025-02-07 18:00:00,0,0,0
forecast_0907,2025-02-07 19:00:00,0,0,0
forecast_0908,2025-02-07 20:00:00,0,0,0
forecast_0909,2025-02-07 21:00:00,0,0,0
forecast_0910,2025-02-07 22:00:00,0,0,0
forecast_0911,2025-02-07 23:00:00,0,0,0
forecast_0912,2025-02-08 00:00:00,0,0,0
forecast_0913,2025-02-08 01:00:00,0,0,0
forecast_0914,2025-02-08 02:00:00,0,0,0
forecast_0915,2025-02-08 03:00:00,0,0,0
forecast_0916,2025-02-08 04:00:00,0,0,0
forecast_0917,2025-02-08 05:00:00,0,0,0
forecast_0918,2025-02-08 06:00:00,0,0,0
forecast_0919,2025-02-08 07:00:00,0,0,0
forecast_0920,2025-02-08 08:00:00,0,0,0
forecast_0921,2025-02-08 09:00:00,0,0,0
forecast_0922,2025-02-08 10:00:00,0,0,0
forecast_0923,2025-02-08 11:00:00,0,0,0
forecast_0924,2025-02-08 12:00:00,0,0,0
forecast_0925,2025-02-08 13:00:00,0,0,0
forecast_0926,2025-02-08 14:00:00,0,0,0
forecast_0927,2025-02-08 15:00:00,0,0,0
forecast_0928,2025-02-08 16:00:00,0,0,0
forecast_0929,2025-02-08 17:00:00,0,0,0
forecast_0930,2025-02-08 18:00:00,0,0,0
forecast_0931,2025-02-08 19:00:00,0,0,0
forecast_0932,2025-02-08 20:00:00,0,0,0
forecast_0933,2025-02-08 21:00:00,0,0,0
forecast_0934,2025-02-08 22:00:00,0,0,0
forecast_0935,2025-02-08 23:00:00,0,0,0
forecast_0936,2025-02-09 00:00:00,0,0,0
forecast_0937,2025-02-09 01:00:00,0,0,0
forecast_0938,2025-02-09 02:00:00,0,0,0
forecast_0939,2025-02-09 03:00:00,0,0,0
forecast_0940,2025-02-09 04:00:00,0,0,0
forecast_0941,2025-02-09 05:00:00,0,0,0
forecast_0942,2025-02-09 06:00:00,0,0,0
forecast_0943,2025-02-09 07:00:00,0,0,0
forecast_0944,2025-02-09 08:00:00,0,0,0
forecast_0945,2025-02-09 09:00:00,0,0,0
forecast_0946,2025-02-09 10:00:00,0,0,0
forecast_0947,2025-02-09 11:00:00,0,0,0
forecast_0948,2025-02-09 12:00:00,0,0,0
forecast_0949,2025-02-09 13:00:00,0,0,0
forecast_0950,2025-02-09 14:00:00,0,0,0
forecast_0951,2025-02-09 15:00:00,0,0,0
forecast_0952,2025-02-09 16:00:00,0,0,0
forecast_0953,2025-02-09 17:00:00,0,0,0
forecast_0954,2025-02-09 18:00:00,0,0,0
forecast_0955,2025-02-09 19:00:00,0,0,0
forecast_0956,2025-02-09 20:00:00,0,0,0
forecast_0957,2025-02-09 21:00:00,0,0,0
forecast_0958,2025-02-09 22:00:00,0,0,0
forecast_0959,2025-02-09 23:00:00,0,0,0
forecast_0960,2025-02-10 00:00:00,0,0,0
forecast_0961,2025-02-10 01:00:00,0,0,0
forecast_0962,2025-02-10 02:00:00,0,0,0
forecast_0963,2025-02-10 03:00:00,0,0,0
forecast_0964,2025-02-10 04:00:00,0,0,0
forecast_0965,2025-02-10 05:00:00,0,0,0
forecast_0966,2025-02-10 06:00:00,0,0,0
forecast_0967,2025-02-10 07:00:00,0,0,0
forecast_0968,2025-02-10 08:00:00,0,0,0
forecast_0969,2025-02-10 09:00:00,0,0,0
forecast_0970,2025-02-10 10:00:00,0,0,0
forecast_0971,2025-02-10 11:00:00,0,0,0
forecast_0972,2025-02-10 12:00:00,0,0,0
forecast_0973,2025-02-10 13:00:00,0,0,0
forecast_0974,2025-02-10 14:00:00,0,0,0
forecast_0975,2025-02-10 15:00:00,0,0,0
forecast_0976,2025-02-10 16:00:00,0,0,0
forecast_0977,2025-02-10 17:00:00,0,0,0
forecast_0978,2025-02-10 18:00:00,0,0,0
forecast_0979,2025-02-10 19:00:00,0,0,0
forecast_0980,2025-02-10 20:00:00,0,0,0
forecast_0981,2025-02-10 21:00:00,0,0,0
forecast_0982,2025-02-10 22:00:00,0,0,0
forecast_0983,2025-02-10 23:00:00,0,0,0
forecast_0984,2025-02-11 00:00:00,0,0,0
forecast_0985,2025-02-11 01:00:00,0,0,0
forecast_0986,2025-02-11 02:00:00,0,0,0
forecast_0987,2025-02-11 03:00:00,0,0,0
forecast_0988,2025-02-11 04:00:00,0,0,0
forecast_0989,2025-02-11 05:00:00,0,0,0
forecast_0990,2025-02-11 06:00:00,0,0,0
forecast_0991,2025-02-11 07:00:00,0,0,0
forecast_0992,2025-02-11 08:00:00,0,0,0
forecast_0993,2025-02-11 09:00:00,0,0,0
forecast_0994,2025-02-11 10:00:00,0,0,0
forecast_0995,2025-02-11 11:00:00,0,0,0
forecast_0996,2025-02-11 12:00:00,0,0,0
forecast_0997,2025-02-11 13:00:00,0,0,0
forecast_0998,2025-02-11 14:00:00,0,0,0
forecast_0999,2025-02-11 15:00:00,0,0,0
forecast_1000,2025-02-11 16:00:00,0,0,0
forecast_1001,2025-02-11 17:00:00,0,0,0
forecast_1002,2025-02-11 18:00:00,0,0,0
forecast_1003,2025-02-11 19:00:00,0,0,0
forecast_1004,2025-02-11 20:00:00,0,0,0
forecast_1005,2025-02-11 21:00:00,0,0,0
forecast_1006,2025-02-11 22:00:00,0,0,0
forecast_1007,2025-02-11 23:00:00,0,0,0
forecast_1008,2025-02-12 00:00:00,0,0,0
forecast_1009,2025-02-12 01:00:00,0,0,0
forecast_1010,2025-02-12 02:00:00,0,0,0
forecast_1011,2025-02-12 03:00:00,0,0,0
forecast_1012,2025-02-12 04:00:00,0,0,0
forecast_1013,2025-02-12 05:00:00,0,0,0
forecast_1014,2025-02-12 06:00:00,0,0,0
forecast_1015,2025-02-12 07:00:00,0,0,0
forecast_1016,2025-02-12 08:00:00,0,0,0
forecast_1017,2025-02-12 09:00:00,0,0,0
forecast_1018,2025-02-12 10:00:00,0,0,0
forecast_1019,2025-02-12 11:00:00,0,0,0
forecast_1020,2025-02-12 12:00:00,0,0,0
forecast_1021,2025-02-12 13:00:00,0,0,0
forecast_1022,2025-02-12 14:00:00,0,0,0
forecast_1023,2025-02-12 15:00:00,0,0,0
forecast_1024,2025-02-12 16:00:00,0,0,0
forecast_1025,2025-02-12 17:00:00,0,0,0
forecast_1026,2025-02-12 18:00:00,0,0,0
forecast_1027,2025-02-12 19:00:00,0,0,0
forecast_1028,2025-02-12 20:00:00,0,0,0
forecast_1029,2025-02-12 21:00:00,0,0,0
forecast_1030,2025-02-12 22:00:00,0,0,0
forecast_1031,2025-02-12 23:00:00,0,0,0
forecast_1032,2025-02-13 00:00:00,0,0,0
forecast_1033,2025-02-13 01:00:00,0,0,0
forecast_1034,2025-02-13 02:00:00,0,0,0
forecast_1035,2025-02-13 03:00:00,0,0,0
forecast_1036,2025-02-13 04:00:00,0,0,0
forecast_1037,2025-02-13 05:00:00,0,0,0
forecast_1038,2025-02-13 06:00:00,0,0,0
forecast_1039,2025-02-13 07:00:00,0,0,0
forecast_1040,2025-02-13 08:00:00,0,0,0
forecast_1041,2025-02-13 09:00:00,0,0,0
forecast_1042,2025-02-13 10:00:00,0,0,0
forecast_1043,2025-02-13 11:00:00,0,0,0
forecast_1044,2025-02-13 12:00:00,0,0,0
forecast_1045,2025-02-13 13:00:00,0,0,0
forecast_1046,2025-02-13 14:00:00,0,0,0
forecast_1047,2025-02-13 15:00:00,0,0,0
forecast_1048,2025-02-13 16:00:00,0,0,0
forecast_1049,2025-02-13 17:00:00,0,0,0
forecast_1050,2025-02-13 18:00:00,0,0,0
forecast_1051,2025-02-13 19:00:00,0,0,0
forecast_1052,2025-02-13 20:00:00,0,0,0
forecast_1053,2025-02-13 21:00:00,0,0,0
forecast_1054,2025-02-13 22:00:00,0,0,0
forecast_1055,2025-02-13 23:00:00,0,0,0
forecast_1056,2025-02-14 00:00:00,0,0,0
forecast_1057,2025-02-14 01:00:00,0,0,0
forecast_1058,2025-02-14 02:00:00,0,0,0
forecast_1059,2025-02-14 03:00:00,0,0,0
forecast_1060,2025-02-14 04:00:00,0,0,0
forecast_1061,2025-02-14 05:00:00,0,0,0
forecast_1062,2025-02-14 06:00:00,0,0,0
forecast_1063,2025-02-14 07:00:00,0,0,0
forecast_1064,2025-02-14 08:00:00,0,0,0
forecast_1065,2025-02-14 09:00:00,0,0,0
forecast_1066,2025-02-14 10:00:00,0,0,0
forecast_1067,2025-02-14 11:00:00,0,0,0
forecast_1068,2025-02-14 12:00:00,0,0,0
forecast_1069,2025-02-14 13:00:00,0,0,0
forecast_1070,2025-02-14 14:00:00,0,0,0
forecast_1071,2025-02-14 15:00:00,0,0,0
forecast_1072,2025-02-14 16:00:00,0,0,0
forecast_1073,2025-02-14 17:00:00,0,0,0
forecast_1074,2025-02-14 18:00:00,0,0,0
forecast_1075,2025-02-14 19:00:00,0,0,0
forecast_1076,2025-02-14 20:00:00,0,0,0
forecast_1077,2025-02-14 21:00:00,0,0,0
forecast_1078,2025-02-14 22:00:00,0,0,0
forecast_1079,2025-02-14 23:00:00,0,0,0
forecast_1080,2025-02-15 00:00:00,0,0,0
forecast_1081,2025-02-15 01:00:00,0,0,0
forecast_1082,2025-02-15 02:00:00,0,0,0
forecast_1083,2025-02-15 03:00:00,0,0,0
forecast_1084,2025-02-15 04:00:00,0,0,0
forecast_1085,2025-02-15 05:00:00,0,0,0
forecast_1086,2025-02-15 06:00:00,0,0,0
forecast_1087,2025-02-15 07:00:00,0,0,0
forecast_1088,2025-02-15 08:00:00,0,0,0
forecast_1089,2025-02-15 09:00:00,0,0,0
forecast_1090,2025-02-15 10:00:00,0,0,0
forecast_1091,2025-02-15 11:00:00,0,0,0
forecast_1092,2025-02-15 12:00:00,0,0,0
forecast_1093,2025-02-15 13:00:00,0,0,0
forecast_1094,2025-02-15 14:00:00,0,0,0
forecast_1095,2025-02-15 15:00:00,0,0,0
forecast_1096,2025-02-15 16:00:00,0,0,0
forecast_1097,2025-02-15 17:00:00,0,0,0
forecast_1098,2025-02-15 18:00:00,0,0,0
forecast_1099,2025-02-15 19:00:00,0,0,0
forecast_1100,2025-02-15 20:00:00,0,0,0
forecast_1101,2025-02-15 21:00:00,0,0,0
forecast_1102,2025-02-15 22:00:00,0,0,0
forecast_1103,2025-02-15 23:00:00,0,0,0
forecast_1104,2025-02-16 00:00:00,0,0,0
forecast_1105,2025-02-16 01:00:00,0,0,0
forecast_1106,2025-02-16 02:00:00,0,0,0
forecast_1107,2025-02-16 03:00:00,0,0,0
forecast_1108,2025-02-16 04:00:00,0,0,0
forecast_1109,2025-02-16 05:00:00,0,0,0
forecast_1110,2025-02-16 06:00:00,0,0,0
forecast_1111,2025-02-16 07:00:00,0,0,0
forecast_1112,2025-02-16 08:00:00,0,0,0
forecast_1113,2025-02-16 09:00:00,0,0,0
forecast_1114,2025-02-16 10:00:00,0,0,0
forecast_1115,2025-02-16 11:00:00,0,0,0
forecast_1116,2025-02-16 12:00:00,0,0,0
forecast_1117,2025-02-16 13:00:00,0,0,0
forecast_1118,2025-02-16 14:00:00,0,0,0
forecast_1119,2025-02-16 15:00:00,0,0,0
forecast_1120,2025-02-16 16:00:00,0,0,0
forecast_1121,2025-02-16 17:00:00,0,0,0
forecast_1122,2025-02-16 18:00:00,0,0,0
forecast_1123,2025-02-16 19:00:00,0,0,0
forecast_1124,2025-02-16 20:00:00,0,0,0
forecast_1125,2025-02-16 21:00:00,0,0,0
forecast_1126,2025-02-16 22:00:00,0,0,0
forecast_1127,2025-02-16 23:00:00,0,0,0
forecast_1128,2025-02-17 00:00:00,0,0,0
forecast_1129,2025-02-17 01:00:00,0,0,0
forecast_1130,2025-02-17 02:00:00,0,0,0
forecast_1131,2025-02-17 03:00:00,0,0,0
forecast_1132,2025-02-17 04:00:00,0,0,0
forecast_1133,2025-02-17 05:00:00,0,0,0
forecast_1134,2025-02-17 06:00:00,0,0,0
forecast_1135,2025-02-17 07:00:00,0,0,0
forecast_1136,2025-02-17 08:00:00,0,0,0
forecast_1137,2025-02-17 09:00:00,0,0,0
forecast_1138,2025-02-17 10:00:00,0,0,0
forecast_1139,2025-02-17 11:00:00,0,0,0
forecast_1140,2025-02-17 12:00:00,0,0,0
forecast_1141,2025-02-17 13:00:00,0,0,0
forecast_1142,2025-02-17 14:00:00,0,0,0
forecast_1143,2025-02-17 15:00:00,0,0,0
forecast_1144,2025-02-17 16:00:00,0,0,0
forecast_1145,2025-02-17 17:00:00,0,0,0
forecast_1146,2025-02-17 18:00:00,0,0,0
forecast_1147,2025-02-17 19:00:00,0,0,0
forecast_1148,2025-02-17 20:00:00,0,0,0
forecast_1149,2025-02-17 21:00:00,0,0,0
forecast_1150,2025-02-17 22:00:00,0,0,0
forecast_1151,2025-02-17 23:00:00,0,0,0
forecast_1152,2025-02-18 00:00:00,0,0,0
forecast_1153,2025-02-18 01:00:00,0,0,0
forecast_1154,2025-02-18 02:00:00,0,0,0
forecast_1155,2025-02-18 03:00:00,0,0,0
forecast_1156,2025-02-18 04:00:00,0,0,0
forecast_1157,2025-02-18 05:00:00,0,0,0
forecast_1158,2025-02-18 06:00:00,0,0,0
forecast_1159,2025-02-18 07:00:00,0,0,0
forecast_1160,2025-02-18 08:00:00,0,0,0
forecast_1161,2025-02-18 09:00:00,0,0,0
forecast_1162,2025-02-18 10:00:00,0,0,0
forecast_1163,2025-02-18 11:00:00,0,0,0
forecast_1164,2025-02-18 12:00:00,0,0,0
forecast_1165,2025-02-18 13:00:00,0,0,0
forecast_1166,2025-02-18 14:00:00,0,0,0
forecast_1167,2025-02-18 15:00:00,0,0,0
forecast_1168,2025-02-18 16:00:00,0,0,0
forecast_1169,2025-02-18 17:00:00,0,0,0
forecast_1170,2025-02-18 18:00:00,0,0,0
forecast_1171,2025-02-18 19:00:00,0,0,0
forecast_1172,2025-02-18 20:00:00,0,0,0
forecast_1173,2025-02-18 21:00:00,0,0,0
forecast_1174,2025-02-18 22:00:00,0,0,0
forecast_1175,2025-02-18 23:00:00,0,0,0
forecast_1176,2025-02-19 00:00:00,0,0,0
forecast_1177,2025-02-19 01:00:00,0,0,0
forecast_1178,2025-02-19 02:00:00,0,0,0
forecast_1179,2025-02-19 03:00:00,0,0,0
forecast_1180,2025-02-19 04:00:00,0,0,0
forecast_1181,2025-02-19 05:00:00,0,0,0
forecast_1182,2025-02-19 06:00:00,0,0,0
forecast_1183,2025-02-19 07:00:00,0,0,0
forecast_1184,2025-02-19 08:00:00,0,0,0
forecast_1185,2025-02-19 09:00:00,0,0,0
forecast_1186,2025-02-19 10:00:00,0,0,0
forecast_1187,2025-02-19 11:00:00,0,0,0
forecast_1188,2025-02-19 12:00:00,0,0,0
forecast_1189,2025-02-19 13:00:00,0,0,0
forecast_1190,2025-02-19 14:00:00,0,0,0
forecast_1191,2025-02-19 15:00:00,0,0,0
forecast_1192,2025-02-19 16:00:00,0,0,0
forecast_1193,2025-02-19 17:00:00,0,0,0
forecast_1194,2025-02-19 18:00:00,0,0,0
forecast_1195,2025-02-19 19:00:00,0,0,0
forecast_1196,2025-02-19 20:00:00,0,0,0
forecast_1197,2025-02-19 21:00:00,0,0,0
forecast_1198,2025-02-19 22:00:00,0,0,0
forecast_1199,2025-02-19 23:00:00,0,0,0
forecast_1200,2025-02-20 00:00:00,0,0,0
forecast_1201,2025-02-20 01:00:00,0,0,0
forecast_1202,2025-02-20 02:00:00,0,0,0
forecast_1203,2025-02-20 03:00:00,0,0,0
forecast_1204,2025-02-20 04:00:00,0,0,0
forecast_1205,2025-02-20 05:00:00,0,0,0
forecast_1206,2025-02-20 06:00:00,0,0,0
forecast_1207,2025-02-20 07:00:00,0,0,0
forecast_1208,2025-02-20 08:00:00,0,0,0
forecast_1209,2025-02-20 09:00:00,0,0,0
forecast_1210,2025-02-20 10:00:00,0,0,0
forecast_1211,2025-02-20 11:00:00,0,0,0
forecast_1212,2025-02-20 12:00:00,0,0,0
forecast_1213,2025-02-20 13:00:00,0,0,0
forecast_1214,2025-02-20 14:00:00,0,0,0
forecast_1215,2025-02-20 15:00:00,0,0,0
forecast_1216,2025-02-20 16:00:00,0,0,0
forecast_1217,2025-02-20 17:00:00,0,0,0
forecast_1218,2025-02-20 18:00:00,0,0,0
forecast_1219,2025-02-20 19:00:00,0,0,0
forecast_1220,2025-02-20 20:00:00,0,0,0
forecast_1221,2025-02-20 21:00:00,0,0,0
forecast_1222,2025-02-20 22:00:00,0,0,0
forecast_1223,2025-02-20 23:00:00,0,0,0
forecast_1224,2025-02-21 00:00:00,0,0,0
forecast_1225,2025-02-21 01:00:00,0,0,0
forecast_1226,2025-02-21 02:00:00,0,0,0
forecast_1227,2025-02-21 03:00:00,0,0,0
forecast_1228,2025-02-21 04:00:00,0,0,0
forecast_1229,2025-02-21 05:00:00,0,0,0
forecast_1230,2025-02-21 06:00:00,0,0,0
forecast_1231,2025-02-21 07:00:00,0,0,0
forecast_1232,2025-02-21 08:00:00,0,0,0
forecast_1233,2025-02-21 09:00:00,0,0,0
forecast_1234,2025-02-21 10:00:00,0,0,0
forecast_1235,2025-02-21 11:00:00,0,0,0
forecast_1236,2025-02-21 12:00:00,0,0,0
forecast_1237,2025-02-21 13:00:00,0,0,0
forecast_1238,2025-02-21 14:00:00,0,0,0
forecast_1239,2025-02-21 15:00:00,0,0,0
forecast_1240,2025-02-21 16:00:00,0,0,0
forecast_1241,2025-02-21 17:00:00,0,0,0
forecast_1242,2025-02-21 18:00:00,0,0,0
forecast_1243,2025-02-21 19:00:00,0,0,0
forecast_1244,2025-02-21 20:00:00,0,0,0
forecast_1245,2025-02-21 21:00:00,0,0,0
forecast_1246,2025-02-21 22:00:00,0,0,0
forecast_1247,2025-02-21 23:00:00,0,0,0
forecast_1248,2025-02-22 00:00:00,0,0,0
forecast_1249,2025-02-22 01:00:00,0,0,0
forecast_1250,2025-02-22 02:00:00,0,0,0
forecast_1251,2025-02-22 03:00:00,0,0,0
forecast_1252,2025-02-22 04:00:00,0,0,0
forecast_1253,2025-02-22 05:00:00,0,0,0
forecast_1254,2025-02-22 06:00:00,0,0,0
forecast_1255,2025-02-22 07:00:00,0,0,0
forecast_1256,2025-02-22 08:00:00,0,0,0
forecast_1257,2025-02-22 09:00:00,0,0,0
forecast_1258,2025-02-22 10:00:00,0,0,0
forecast_1259,2025-02-22 11:00:00,0,0,0
forecast_1260,2025-02-22 12:00:00,0,0,0
forecast_1261,2025-02-22 13:00:00,0,0,0
forecast_1262,2025-02-22 14:00:00,0,0,0
forecast_1263,2025-02-22 15:00:00,0,0,0
forecast_1264,2025-02-22 16:00:00,0,0,0
forecast_1265,2025-02-22 17:00:00,0,0,0
forecast_1266,2025-02-22 18:00:00,0,0,0
forecast_1267,2025-02-22 19:00:00,0,0,0
forecast_1268,2025-02-22 20:00:00,0,0,0
forecast_1269,2025-02-22 21:00:00,0,0,0
forecast_1270,2025-02-22 22:00:00,0,0,0
forecast_1271,2025-02-22 23:00:00,0,0,0
forecast_1272,2025-02-23 00:00:00,0,0,0
forecast_1273,2025-02-23 01:00:00,0,0,0
forecast_1274,2025-02-23 02:00:00,0,0,0
forecast_1275,2025-02-23 03:00:00,0,0,0
forecast_1276,2025-02-23 04:00:00,0,0,0
forecast_1277,2025-02-23 05:00:00,0,0,0
forecast_1278,2025-02-23 06:00:00,0,0,0
forecast_1279,2025-02-23 07:00:00,0,0,0
forecast_1280,2025-02-23 08:00:00,0,0,0
forecast_1281,2025-02-23 09:00:00,0,0,0
forecast_1282,2025-02-23 10:00:00,0,0,0
forecast_1283,2025-02-23 11:00:00,0,0,0
forecast_1284,2025-02-23 12:00:00,0,0,0
forecast_1285,2025-02-23 13:00:00,0,0,0
forecast_1286,2025-02-23 14:00:00,0,0,0
forecast_1287,2025-02-23 15:00:00,0,0,0
forecast_1288,2025-02-23 16:00:00,0,0,0
forecast_1289,2025-02-23 17:00:00,0,0,0
forecast_1290,2025-02-23 18:00:00,0,0,0
forecast_1291,2025-02-23 19:00:00,0,0,0
forecast_1292,2025-02-23 20:00:00,0,0,0
forecast_1293,2025-02-23 21:00:00,0,0,0
forecast_1294,2025-02-23 22:00:00,0,0,0
forecast_1295,2025-02-23 23:00:00,0,0,0
forecast_1296,2025-02-24 00:00:00,0,0,0
forecast_1297,2025-02-24 01:00:00,0,0,0
forecast_1298,2025-02-24 02:00:00,0,0,0
forecast_1299,2025-02-24 03:00:00,0,0,0
forecast_1300,2025-02-24 04:00:00,0,0,0
forecast_1301,2025-02-24 05:00:00,0,0,0
forecast_1302,2025-02-24 06:00:00,0,0,0
forecast_1303,2025-02-24 07:00:00,0,0,0
forecast_1304,2025-02-24 08:00:00,0,0,0
forecast_1305,2025-02-24 09:00:00,0,0,0
forecast_1306,2025-02-24 10:00:00,0,0,0
forecast_1307,2025-02-24 11:00:00,0,0,0
forecast_1308,2025-02-24 12:00:00,0,0,0
forecast_1309,2025-02-24 13:00:00,0,0,0
forecast_1310,2025-02-24 14:00:00,0,0,0
forecast_1311,2025-02-24 15:00:00,0,0,0
forecast_1312,2025-02-24 16:00:00,0,0,0
forecast_1313,2025-02-24 17:00:00,0,0,0
forecast_1314,2025-02-24 18:00:00,0,0,0
forecast_1315,2025-02-24 19:00:00,0,0,0
forecast_1316,2025-02-24 20:00:00,0,0,0
forecast_1317,2025-02-24 21:00:00,0,0,0
forecast_1318,2025-02-24 22:00:00,0,0,0
forecast_1319,2025-02-24 23:00:00,0,0,0
forecast_1320,2025-02-25 00:00:00,0,0,0
forecast_1321,2025-02-25 01:00:00,0,0,0
forecast_1322,2025-02-25 02:00:00,0,0,0
forecast_1323,2025-02-25 03:00:00,0,0,0
forecast_1324,2025-02-25 04:00:00,0,0,0
forecast_1325,2025-02-25 05:00:00,0,0,0
forecast_1326,2025-02-25 06:00:00,0,0,0
forecast_1327,2025-02-25 07:00:00,0,0,0
forecast_1328,2025-02-25 08:00:00,0,0,0
forecast_1329,2025-02-25 09:00:00,0,0,0
forecast_1330,2025-02-25 10:00:00,0,0,0
forecast_1331,2025-02-25 11:00:00,0,0,0
forecast_1332,2025-02-25 12:00:00,0,0,0
forecast_1333,2025-02-25 13:00:00,0,0,0
forecast_1334,2025-02-25 14:00:00,0,0,0
forecast_1335,2025-02-25 15:00:00,0,0,0
forecast_1336,2025-02-25 16:00:00,0,0,0
forecast_1337,2025-02-25 17:00:00,0,0,0
forecast_1338,2025-02-25 18:00:00,0,0,0
forecast_1339,2025-02-25 19:00:00,0,0,0
forecast_1340,2025-02-25 20:00:00,0,0,0
forecast_1341,2025-02-25 21:00:00,0,0,0
forecast_1342,2025-02-25 22:00:00,0,0,0
forecast_1343,2025-02-25 23:00:00,0,0,0
forecast_1344,2025-02-26 00:00:00,0,0,0
forecast_1345,2025-02-26 01:00:00,0,0,0
forecast_1346,2025-02-26 02:00:00,0,0,0
forecast_1347,2025-02-26 03:00:00,0,0,0
forecast_1348,2025-02-26 04:00:00,0,0,0
forecast_1349,2025-02-26 05:00:00,0,0,0
forecast_1350,2025-02-26 06:00:00,0,0,0
forecast_1351,2025-02-26 07:00:00,0,0,0
forecast_1352,2025-02-26 08:00:00,0,0,0
forecast_1353,2025-02-26 09:00:00,0,0,0
forecast_1354,2025-02-26 10:00:00,0,0,0
forecast_1355,2025-02-26 11:00:00,0,0,0
forecast_1356,2025-02-26 12:00:00,0,0,0
forecast_1357,2025-02-26 13:00:00,0,0,0
forecast_1358,2025-02-26 14:00:00,0,0,0
forecast_1359,2025-02-26 15:00:00,0,0,0
forecast_1360,2025-02-26 16:00:00,0,0,0
forecast_1361,2025-02-26 17:00:00,0,0,0
forecast_1362,2025-02-26 18:00:00,0,0,0
forecast_1363,2025-02-26 19:00:00,0,0,0
forecast_1364,2025-02-26 20:00:00,0,0,0
forecast_1365,2025-02-26 21:00:00,0,0,0
forecast_1366,2025-02-26 22:00:00,0,0,0
forecast_1367,2025-02-26 23:00:00,0,0,0
forecast_1368,2025-02-27 00:00:00,0,0,0
forecast_1369,2025-02-27 01:00:00,0,0,0
forecast_1370,2025-02-27 02:00:00,0,0,0
forecast_1371,2025-02-27 03:00:00,0,0,0
forecast_1372,2025-02-27 04:00:00,0,0,0
forecast_1373,2025-02-27 05:00:00,0,0,0
forecast_1374,2025-02-27 06:00:00,0,0,0
forecast_1375,2025-02-27 07:00:00,0,0,0
forecast_1376,2025-02-27 08:00:00,0,0,0
forecast_1377,2025-02-27 09:00:00,0,0,0
forecast_1378,2025-02-27 10:00:00,0,0,0
forecast_1379,2025-02-27 11:00:00,0,0,0
forecast_1380,2025-02-27 12:00:00,0,0,0
forecast_1381,2025-02-27 13:00:00,0,0,0
forecast_1382,2025-02-27 14:00:00,0,0,0
forecast_1383,2025-02-27 15:00:00,0,0,0
forecast_1384,2025-02-27 16:00:00,0,0,0
forecast_1385,2025-02-27 17:00:00,0,0,0
forecast_1386,2025-02-27 18:00:00,0,0,0
forecast_1387,2025-02-27 19:00:00,0,0,0
forecast_1388,2025-02-27 20:00:00,0,0,0
forecast_1389,2025-02-27 21:00:00,0,0,0
forecast_1390,2025-02-27 22:00:00,0,0,0
forecast_1391,2025-02-27 23:00:00,0,0,0
forecast_1392,2025-02-28 00:00:00,0,0,0
forecast_1393,2025-02-28 01:00:00,0,0,0
forecast_1394,2025-02-28 02:00:00,0,0,0
forecast_1395,2025-02-28 03:00:00,0,0,0
forecast_1396,2025-02-28 04:00:00,0,0,0
forecast_1397,2025-02-28 05:00:00,0,0,0
forecast_1398,2025-02-28 06:00:00,0,0,0
forecast_1399,2025-02-28 07:00:00,0,0,0
forecast_1400,2025-02-28 08:00:00,0,0,0
forecast_1401,2025-02-28 09:00:00,0,0,0
forecast_1402,2025-02-28 10:00:00,0,0,0
forecast_1403,2025-02-28 11:00:00,0,0,0
forecast_1404,2025-02-28 12:00:00,0,0,0
forecast_1405,2025-02-28 13:00:00,0,0,0
forecast_1406,2025-02-28 14:00:00,0,0,0
forecast_1407,2025-02-28 15:00:00,0,0,0
forecast_1408,2025-02-28 16:00:00,0,0,0
forecast_1409,2025-02-28 17:00:00,0,0,0
forecast_1410,2025-02-28 18:00:00,0,0,0
forecast_1411,2025-02-28 19:00:00,0,0,0
forecast_1412,2025-02-28 20:00:00,0,0,0
forecast_1413,2025-02-28 21:00:00,0,0,0
forecast_1414,2025-02-28 22:00:00,0,0,0
forecast_1415,2025-02-28 23:00:00,0,0,0
forecast_1416,2025-03-01 00:00:00,0,0,0
forecast_1417,2025-03-01 01:00:00,0,0,0
forecast_1418,2025-03-01 02:00:00,0,0,0
forecast_1419,2025-03-01 03:00:00,0,0,0
forecast_1420,2025-03-01 04:00:00,0,0,0
forecast_1421,2025-03-01 05:00:00,0,0,0
forecast_1422,2025-03-01 06:00:00,0,0,0
forecast_1423,2025-03-01 07:00:00,0,0,0
forecast_1424,2025-03-01 08:00:00,0,0,0
forecast_1425,2025-03-01 09:00:00,0,0,0
forecast_1426,2025-03-01 10:00:00,0,0,0
forecast_1427,2025-03-01 11:00:00,0,0,0
forecast_1428,2025-03-01 12:00:00,0,0,0
forecast_1429,2025-03-01 13:00:00,0,0,0
forecast_1430,2025-03-01 14:00:00,0,0,0
forecast_1431,2025-03-01 15:00:00,0,0,0
forecast_1432,2025-03-01 16:00:00,0,0,0
forecast_1433,2025-03-01 17:00:00,0,0,0
forecast_1434,2025-03-01 18:00:00,0,0,0
forecast_1435,2025-03-01 19:00:00,0,0,0
forecast_1436,2025-03-01 20:00:00,0,0,0
forecast_1437,2025-03-01 21:00:00,0,0,0
forecast_1438,2025-03-01 22:00:00,0,0,0
forecast_1439,2025-03-01 23:00:00,0,0,0
forecast_1440,2025-03-02 00:00:00,0,0,0
forecast_1441,2025-03-02 01:00:00,0,0,0
forecast_1442,2025-03-02 02:00:00,0,0,0
forecast_1443,2025-03-02 03:00:00,0,0,0
forecast_1444,2025-03-02 04:00:00,0,0,0
forecast_1445,2025-03-02 05:00:00,0,0,0
forecast_1446,2025-03-02 06:00:00,0,0,0
forecast_1447,2025-03-02 07:00:00,0,0,0
forecast_1448,2025-03-02 08:00:00,0,0,0
forecast_1449,2025-03-02 09:00:00,0,0,0
forecast_1450,2025-03-02 10:00:00,0,0,0
forecast_1451,2025-03-02 11:00:00,0,0,0
forecast_1452,2025-03-02 12:00:00,0,0,0
forecast_1453,2025-03-02 13:00:00,0,0,0
forecast_1454,2025-03-02 14:00:00,0,0,0
forecast_1455,2025-03-02 15:00:00,0,0,0
forecast_1456,2025-03-02 16:00:00,0,0,0
forecast_1457,2025-03-02 17:00:00,0,0,0
forecast_1458,2025-03-02 18:00:00,0,0,0
forecast_1459,2025-03-02 19:00:00,0,0,0
forecast_1460,2025-03-02 20:00:00,0,0,0
forecast_1461,2025-03-02 21:00:00,0,0,0
forecast_1462,2025-03-02 22:00:00,0,0,0
forecast_1463,2025-03-02 23:00:00,0,0,0
forecast_1464,2025-03-03 00:00:00,0,0,0
forecast_1465,2025-03-03 01:00:00,0,0,0
forecast_1466,2025-03-03 02:00:00,0,0,0
forecast_1467,2025-03-03 03:00:00,0,0,0
forecast_1468,2025-03-03 04:00:00,0,0,0
forecast_1469,2025-03-03 05:00:00,0,0,0
forecast_1470,2025-03-03 06:00:00,0,0,0
forecast_1471,2025-03-03 07:00:00,0,0,0
forecast_1472,2025-03-03 08:00:00,0,0,0
forecast_1473,2025-03-03 09:00:00,0,0,0
forecast_1474,2025-03-03 10:00:00,0,0,0
forecast_1475,2025-03-03 11:00:00,0,0,0
forecast_1476,2025-03-03 12:00:00,0,0,0
forecast_1477,2025-03-03 13:00:00,0,0,0
forecast_1478,2025-03-03 14:00:00,0,0,0
forecast_1479,2025-03-03 15:00:00,0,0,0
forecast_1480,2025-03-03 16:00:00,0,0,0
forecast_1481,2025-03-03 17:00:00,0,0,0
forecast_1482,2025-03-03 18:00:00,0,0,0
forecast_1483,2025-03-03 19:00:00,0,0,0
forecast_1484,2025-03-03 20:00:00,0,0,0
forecast_1485,2025-03-03 21:00:00,0,0,0
forecast_1486,2025-03-03 22:00:00,0,0,0
forecast_1487,2025-03-03 23:00:00,0,0,0
forecast_1488,2025-03-04 00:00:00,0,0,0
forecast_1489,2025-03-04 01:00:00,0,0,0
forecast_1490,2025-03-04 02:00:00,0,0,0
forecast_1491,2025-03-04 03:00:00,0,0,0
forecast_1492,2025-03-04 04:00:00,0,0,0
forecast_1493,2025-03-04 05:00:00,0,0,0
forecast_1494,2025-03-04 06:00:00,0,0,0
forecast_1495,2025-03-04 07:00:00,0,0,0
forecast_1496,2025-03-04 08:00:00,0,0,0
forecast_1497,2025-03-04 09:00:00,0,0,0
forecast_1498,2025-03-04 10:00:00,0,0,0
forecast_1499,2025-03-04 11:00:00,0,0,0
forecast_1500,2025-03-04 12:00:00,0,0,0
forecast_1501,2025-03-04 13:00:00,0,0,0
forecast_1502,2025-03-04 14:00:00,0,0,0
forecast_1503,2025-03-04 15:00:00,0,0,0
forecast_1504,2025-03-04 16:00:00,0,0,0
forecast_1505,2025-03-04 17:00:00,0,0,0
forecast_1506,2025-03-04 18:00:00,0,0,0
forecast_1507,2025-03-04 19:00:00,0,0,0
forecast_1508,2025-03-04 20:00:00,0,0,0
forecast_1509,2025-03-04 21:00:00,0,0,0
forecast_1510,2025-03-04 22:00:00,0,0,0
forecast_1511,2025-03-04 23:00:00,0,0,0
forecast_1512,2025-03-05 00:00:00,0,0,0
forecast_1513,2025-03-05 01:00:00,0,0,0
forecast_1514,2025-03-05 02:00:00,0,0,0
forecast_1515,2025-03-05 03:00:00,0,0,0
forecast_1516,2025-03-05 04:00:00,0,0,0
forecast_1517,2025-03-05 05:00:00,0,0,0
forecast_1518,2025-03-05 06:00:00,0,0,0
forecast_1519,2025-03-05 07:00:00,0,0,0
forecast_1520,2025-03-05 08:00:00,0,0,0
forecast_1521,2025-03-05 09:00:00,0,0,0
forecast_1522,2025-03-05 10:00:00,0,0,0
forecast_1523,2025-03-05 11:00:00,0,0,0
forecast_1524,2025-03-05 12:00:00,0,0,0
forecast_1525,2025-03-05 13:00:00,0,0,0
forecast_1526,2025-03-05 14:00:00,0,0,0
forecast_1527,2025-03-05 15:00:00,0,0,0
forecast_1528,2025-03-05 16:00:00,0,0,0
forecast_1529,2025-03-05 17:00:00,0,0,0
forecast_1530,2025-03-05 18:00:00,0,0,0
forecast_1531,2025-03-05 19:00:00,0,0,0
forecast_1532,2025-03-05 20:00:00,0,0,0
forecast_1533,2025-03-05 21:00:00,0,0,0
forecast_1534,2025-03-05 22:00:00,0,0,0
forecast_1535,2025-03-05 23:00:00,0,0,0
forecast_1536,2025-03-06 00:00:00,0,0,0
forecast_1537,2025-03-06 01:00:00,0,0,0
forecast_1538,2025-03-06 02:00:00,0,0,0
forecast_1539,2025-03-06 03:00:00,0,0,0
forecast_1540,2025-03-06 04:00:00,0,0,0
forecast_1541,2025-03-06 05:00:00,0,0,0
forecast_1542,2025-03-06 06:00:00,0,0,0
forecast_1543,2025-03-06 07:00:00,0,0,0
forecast_1544,2025-03-06 08:00:00,0,0,0
forecast_1545,2025-03-06 09:00:00,0,0,0
forecast_1546,2025-03-06 10:00:00,0,0,0
forecast_1547,2025-03-06 11:00:00,0,0,0
forecast_1548,2025-03-06 12:00:00,0,0,0
forecast_1549,2025-03-06 13:00:00,0,0,0
forecast_1550,2025-03-06 14:00:00,0,0,0
forecast_1551,2025-03-06 15:00:00,0,0,0
forecast_1552,2025-03-06 16:00:00,0,0,0
forecast_1553,2025-03-06 17:00:00,0,0,0
forecast_1554,2025-03-06 18:00:00,0,0,0
forecast_1555,2025-03-06 19:00:00,0,0,0
forecast_1556,2025-03-06 20:00:00,0,0,0
forecast_1557,2025-03-06 21:00:00,0,0,0
forecast_1558,2025-03-06 22:00:00,0,0,0
forecast_1559,2025-03-06 23:00:00,0,0,0
forecast_1560,2025-03-07 00:00:00,0,0,0
forecast_1561,2025-03-07 01:00:00,0,0,0
forecast_1562,2025-03-07 02:00:00,0,0,0
forecast_1563,2025-03-07 03:00:00,0,0,0
forecast_1564,2025-03-07 04:00:00,0,0,0
forecast_1565,2025-03-07 05:00:00,0,0,0
forecast_1566,2025-03-07 06:00:00,0,0,0
forecast_1567,2025-03-07 07:00:00,0,0,0
forecast_1568,2025-03-07 08:00:00,0,0,0
forecast_1569,2025-03-07 09:00:00,0,0,0
forecast_1570,2025-03-07 10:00:00,0,0,0
forecast_1571,2025-03-07 11:00:00,0,0,0
forecast_1572,2025-03-07 12:00:00,0,0,0
forecast_1573,2025-03-07 13:00:00,0,0,0
forecast_1574,2025-03-07 14:00:00,0,0,0
forecast_1575,2025-03-07 15:00:00,0,0,0
forecast_1576,2025-03-07 16:00:00,0,0,0
forecast_1577,2025-03-07 17:00:00,0,0,0
forecast_1578,2025-03-07 18:00:00,0,0,0
forecast_1579,2025-03-07 19:00:00,0,0,0
forecast_1580,2025-03-07 20:00:00,0,0,0
forecast_1581,2025-03-07 21:00:00,0,0,0
forecast_1582,2025-03-07 22:00:00,0,0,0
forecast_1583,2025-03-07 23:00:00,0,0,0
forecast_1584,2025-03-08 00:00:00,0,0,0
forecast_1585,2025-03-08 01:00:00,0,0,0
forecast_1586,2025-03-08 02:00:00,0,0,0
forecast_1587,2025-03-08 03:00:00,0,0,0
forecast_1588,2025-03-08 04:00:00,0,0,0
forecast_1589,2025-03-08 05:00:00,0,0,0
forecast_1590,2025-03-08 06:00:00,0,0,0
forecast_1591,2025-03-08 07:00:00,0,0,0
forecast_1592,2025-03-08 08:00:00,0,0,0
forecast_1593,2025-03-08 09:00:00,0,0,0
forecast_1594,2025-03-08 10:00:00,0,0,0
forecast_1595,2025-03-08 11:00:00,0,0,0
forecast_1596,2025-03-08 12:00:00,0,0,0
forecast_1597,2025-03-08 13:00:00,0,0,0
forecast_1598,2025-03-08 14:00:00,0,0,0
forecast_1599,2025-03-08 15:00:00,0,0,0
forecast_1600,2025-03-08 16:00:00,0,0,0
forecast_1601,2025-03-08 17:00:00,0,0,0
forecast_1602,2025-03-08 18:00:00,0,0,0
forecast_1603,2025-03-08 19:00:00,0,0,0
forecast_1604,2025-03-08 20:00:00,0,0,0
forecast_1605,2025-03-08 21:00:00,0,0,0
forecast_1606,2025-03-08 22:00:00,0,0,0
forecast_1607,2025-03-08 23:00:00,0,0,0
forecast_1608,2025-03-09 00:00:00,0,0,0
forecast_1609,2025-03-09 01:00:00,0,0,0
forecast_1610,2025-03-09 02:00:00,0,0,0
forecast_1611,2025-03-09 03:00:00,0,0,0
forecast_1612,2025-03-09 04:00:00,0,0,0
forecast_1613,2025-03-09 05:00:00,0,0,0
forecast_1614,2025-03-09 06:00:00,0,0,0
forecast_1615,2025-03-09 07:00:00,0,0,0
forecast_1616,2025-03-09 08:00:00,0,0,0
forecast_1617,2025-03-09 09:00:00,0,0,0
forecast_1618,2025-03-09 10:00:00,0,0,0
forecast_1619,2025-03-09 11:00:00,0,0,0
forecast_1620,2025-03-09 12:00:00,0,0,0
forecast_1621,2025-03-09 13:00:00,0,0,0
forecast_1622,2025-03-09 14:00:00,0,0,0
forecast_1623,2025-03-09 15:00:00,0,0,0
forecast_1624,2025-03-09 16:00:00,0,0,0
forecast_1625,2025-03-09 17:00:00,0,0,0
forecast_1626,2025-03-09 18:00:00,0,0,0
forecast_1627,2025-03-09 19:00:00,0,0,0
forecast_1628,2025-03-09 20:00:00,0,0,0
forecast_1629,2025-03-09 21:00:00,0,0,0
forecast_1630,2025-03-09 22:00:00,0,0,0
forecast_1631,2025-03-09 23:00:00,0,0,0
forecast_1632,2025-03-10 00:00:00,0,0,0
forecast_1633,2025-03-10 01:00:00,0,0,0
forecast_1634,2025-03-10 02:00:00,0,0,0
forecast_1635,2025-03-10 03:00:00,0,0,0
forecast_1636,2025-03-10 04:00:00,0,0,0
forecast_1637,2025-03-10 05:00:00,0,0,0
forecast_1638,2025-03-10 06:00:00,0,0,0
forecast_1639,2025-03-10 07:00:00,0,0,0
forecast_1640,2025-03-10 08:00:00,0,0,0
forecast_1641,2025-03-10 09:00:00,0,0,0
forecast_1642,2025-03-10 10:00:00,0,0,0
forecast_1643,2025-03-10 11:00:00,0,0,0
forecast_1644,2025-03-10 12:00:00,0,0,0
forecast_1645,2025-03-10 13:00:00,0,0,0
forecast_1646,2025-03-10 14:00:00,0,0,0
forecast_1647,2025-03-10 15:00:00,0,0,0
forecast_1648,2025-03-10 16:00:00,0,0,0
forecast_1649,2025-03-10 17:00:00,0,0,0
forecast_1650,2025-03-10 18:00:00,0,0,0
forecast_1651,2025-03-10 19:00:00,0,0,0
forecast_1652,2025-03-10 20:00:00,0,0,0
forecast_1653,2025-03-10 21:00:00,0,0,0
forecast_1654,2025-03-10 22:00:00,0,0,0
forecast_1655,2025-03-10 23:00:00,0,0,0
forecast_1656,2025-03-11 00:00:00,0,0,0
forecast_1657,2025-03-11 01:00:00,0,0,0
forecast_1658,2025-03-11 02:00:00,0,0,0
forecast_1659,2025-03-11 03:00:00,0,0,0
forecast_1660,2025-03-11 04:00:00,0,0,0
forecast_1661,2025-03-11 05:00:00,0,0,0
forecast_1662,2025-03-11 06:00:00,0,0,0
forecast_1663,2025-03-11 07:00:00,0,0,0
forecast_1664,2025-03-11 08:00:00,0,0,0
forecast_1665,2025-03-11 09:00:00,0,0,0
forecast_1666,2025-03-11 10:00:00,0,0,0
forecast_1667,2025-03-11 11:00:00,0,0,0
forecast_1668,2025-03-11 12:00:00,0,0,0
forecast_1669,2025-03-11 13:00:00,0,0,0
forecast_1670,2025-03-11 14:00:00,0,0,0
forecast_1671,2025-03-11 15:00:00,0,0,0
forecast_1672,2025-03-11 16:00:00,0,0,0
forecast_1673,2025-03-11 17:00:00,0,0,0
forecast_1674,2025-03-11 18:00:00,0,0,0
forecast_1675,2025-03-11 19:00:00,0,0,0
forecast_1676,2025-03-11 20:00:00,0,0,0
forecast_1677,2025-03-11 21:00:00,0,0,0
forecast_1678,2025-03-11 22:00:00,0,0,0
forecast_1679,2025-03-11 23:00:00,0,0,0
forecast_1680,2025-03-12 00:00:00,0,0,0
forecast_1681,2025-03-12 01:00:00,0,0,0
forecast_1682,2025-03-12 02:00:00,0,0,0
forecast_1683,2025-03-12 03:00:00,0,0,0
forecast_1684,2025-03-12 04:00:00,0,0,0
forecast_1685,2025-03-12 05:00:00,0,0,0
forecast_1686,2025-03-12 06:00:00,0,0,0
forecast_1687,2025-03-12 07:00:00,0,0,0
forecast_1688,2025-03-12 08:00:00,0,0,0
forecast_1689,2025-03-12 09:00:00,0,0,0
forecast_1690,2025-03-12 10:00:00,0,0,0
forecast_1691,2025-03-12 11:00:00,0,0,0
forecast_1692,2025-03-12 12:00:00,0,0,0
forecast_1693,2025-03-12 13:00:00,0,0,0
forecast_1694,2025-03-12 14:00:00,0,0,0
forecast_1695,2025-03-12 15:00:00,0,0,0
forecast_1696,2025-03-12 16:00:00,0,0,0
forecast_1697,2025-03-12 17:00:00,0,0,0
forecast_1698,2025-03-12 18:00:00,0,0,0
forecast_1699,2025-03-12 19:00:00,0,0,0
forecast_1700,2025-03-12 20:00:00,0,0,0
forecast_1701,2025-03-12 21:00:00,0,0,0
forecast_1702,2025-03-12 22:00:00,0,0,0
forecast_1703,2025-03-12 23:00:00,0,0,0
forecast_1704,2025-03-13 00:00:00,0,0,0
forecast_1705,2025-03-13 01:00:00,0,0,0
forecast_1706,2025-03-13 02:00:00,0,0,0
forecast_1707,2025-03-13 03:00:00,0,0,0
forecast_1708,2025-03-13 04:00:00,0,0,0
forecast_1709,2025-03-13 05:00:00,0,0,0
forecast_1710,2025-03-13 06:00:00,0,0,0
forecast_1711,2025-03-13 07:00:00,0,0,0
forecast_1712,2025-03-13 08:00:00,0,0,0
forecast_1713,2025-03-13 09:00:00,0,0,0
forecast_1714,2025-03-13 10:00:00,0,0,0
forecast_1715,2025-03-13 11:00:00,0,0,0
forecast_1716,2025-03-13 12:00:00,0,0,0
forecast_1717,2025-03-13 13:00:00,0,0,0
forecast_1718,2025-03-13 14:00:00,0,0,0
forecast_1719,2025-03-13 15:00:00,0,0,0
forecast_1720,2025-03-13 16:00:00,0,0,0
forecast_1721,2025-03-13 17:00:00,0,0,0
forecast_1722,2025-03-13 18:00:00,0,0,0
forecast_1723,2025-03-13 19:00:00,0,0,0
forecast_1724,2025-03-13 20:00:00,0,0,0
forecast_1725,2025-03-13 21:00:00,0,0,0
forecast_1726,2025-03-13 22:00:00,0,0,0
forecast_1727,2025-03-13 23:00:00,0,0,0
forecast_1728,2025-03-14 00:00:00,0,0,0
forecast_1729,2025-03-14 01:00:00,0,0,0
forecast_1730,2025-03-14 02:00:00,0,0,0
forecast_1731,2025-03-14 03:00:00,0,0,0
forecast_1732,2025-03-14 04:00:00,0,0,0
forecast_1733,2025-03-14 05:00:00,0,0,0
forecast_1734,2025-03-14 06:00:00,0,0,0
forecast_1735,2025-03-14 07:00:00,0,0,0
forecast_1736,2025-03-14 08:00:00,0,0,0
forecast_1737,2025-03-14 09:00:00,0,0,0
forecast_1738,2025-03-14 10:00:00,0,0,0
forecast_1739,2025-03-14 11:00:00,0,0,0
forecast_1740,2025-03-14 12:00:00,0,0,0
forecast_1741,2025-03-14 13:00:00,0,0,0
forecast_1742,2025-03-14 14:00:00,0,0,0
forecast_1743,2025-03-14 15:00:00,0,0,0
forecast_1744,2025-03-14 16:00:00,0,0,0
forecast_1745,2025-03-14 17:00:00,0,0,0
forecast_1746,2025-03-14 18:00:00,0,0,0
forecast_1747,2025-03-14 19:00:00,0,0,0
forecast_1748,2025-03-14 20:00:00,0,0,0
forecast_1749,2025-03-14 21:00:00,0,0,0
forecast_1750,2025-03-14 22:00:00,0,0,0
forecast_1751,2025-03-14 23:00:00,0,0,0
forecast_1752,2025-03-15 00:00:00,0,0,0
forecast_1753,2025-03-15 01:00:00,0,0,0
forecast_1754,2025-03-15 02:00:00,0,0,0
forecast_1755,2025-03-15 03:00:00,0,0,0
forecast_1756,2025-03-15 04:00:00,0,0,0
forecast_1757,2025-03-15 05:00:00,0,0,0
forecast_1758,2025-03-15 06:00:00,0,0,0
forecast_1759,2025-03-15 07:00:00,0,0,0
forecast_1760,2025-03-15 08:00:00,0,0,0
forecast_1761,2025-03-15 09:00:00,0,0,0
forecast_1762,2025-03-15 10:00:00,0,0,0
forecast_1763,2025-03-15 11:00:00,0,0,0
forecast_1764,2025-03-15 12:00:00,0,0,0
forecast_1765,2025-03-15 13:00:00,0,0,0
forecast_1766,2025-03-15 14:00:00,0,0,0
forecast_1767,2025-03-15 15:00:00,0,0,0
forecast_1768,2025-03-15 16:00:00,0,0,0
forecast_1769,2025-03-15 17:00:00,0,0,0
forecast_1770,2025-03-15 18:00:00,0,0,0
forecast_1771,2025-03-15 19:00:00,0,0,0
forecast_1772,2025-03-15 20:00:00,0,0,0
forecast_1773,2025-03-15 21:00:00,0,0,0
forecast_1774,2025-03-15 22:00:00,0,0,0
forecast_1775,2025-03-15 23:00:00,0,0,0
forecast_1776,2025-03-16 00:00:00,0,0,0
forecast_1777,2025-03-16 01:00:00,0,0,0
forecast_1778,2025-03-16 02:00:00,0,0,0
forecast_1779,2025-03-16 03:00:00,0,0,0
forecast_1780,2025-03-16 04:00:00,0,0,0
forecast_1781,2025-03-16 05:00:00,0,0,0
forecast_1782,2025-03-16 06:00:00,0,0,0
forecast_1783,2025-03-16 07:00:00,0,0,0
forecast_1784,2025-03-16 08:00:00,0,0,0
forecast_1785,2025-03-16 09:00:00,0,0,0
forecast_1786,2025-03-16 10:00:00,0,0,0
forecast_1787,2025-03-16 11:00:00,0,0,0
forecast_1788,2025-03-16 12:00:00,0,0,0
forecast_1789,2025-03-16 13:00:00,0,0,0
forecast_1790,2025-03-16 14:00:00,0,0,0
forecast_1791,2025-03-16 15:00:00,0,0,0
forecast_1792,2025-03-16 16:00:00,0,0,0
forecast_1793,2025-03-16 17:00:00,0,0,0
forecast_1794,2025-03-16 18:00:00,0,0,0
forecast_1795,2025-03-16 19:00:00,0,0,0
forecast_1796,2025-03-16 20:00:00,0,0,0
forecast_1797,2025-03-16 21:00:00,0,0,0
forecast_1798,2025-03-16 22:00:00,0,0,0
forecast_1799,2025-03-16 23:00:00,0,0,0
forecast_1800,2025-03-17 00:00:00,0,0,0
forecast_1801,2025-03-17 01:00:00,0,0,0
forecast_1802,2025-03-17 02:00:00,0,0,0
forecast_1803,2025-03-17 03:00:00,0,0,0
forecast_1804,2025-03-17 04:00:00,0,0,0
forecast_1805,2025-03-17 05:00:00,0,0,0
forecast_1806,2025-03-17 06:00:00,0,0,0
forecast_1807,2025-03-17 07:00:00,0,0,0
forecast_1808,2025-03-17 08:00:00,0,0,0
forecast_1809,2025-03-17 09:00:00,0,0,0
forecast_1810,2025-03-17 10:00:00,0,0,0
forecast_1811,2025-03-17 11:00:00,0,0,0
forecast_1812,2025-03-17 12:00:00,0,0,0
forecast_1813,2025-03-17 13:00:00,0,0,0
forecast_1814,2025-03-17 14:00:00,0,0,0
forecast_1815,2025-03-17 15:00:00,0,0,0
forecast_1816,2025-03-17 16:00:00,0,0,0
forecast_1817,2025-03-17 17:00:00,0,0,0
forecast_1818,2025-03-17 18:00:00,0,0,0
forecast_1819,2025-03-17 19:00:00,0,0,0
forecast_1820,2025-03-17 20:00:00,0,0,0
forecast_1821,2025-03-17 21:00:00,0,0,0
forecast_1822,2025-03-17 22:00:00,0,0,0
forecast_1823,2025-03-17 23:00:00,0,0,0
forecast_1824,2025-03-18 00:00:00,0,0,0
forecast_1825,2025-03-18 01:00:00,0,0,0
forecast_1826,2025-03-18 02:00:00,0,0,0
forecast_1827,2025-03-18 03:00:00,0,0,0
forecast_1828,2025-03-18 04:00:00,0,0,0
forecast_1829,2025-03-18 05:00:00,0,0,0
forecast_1830,2025-03-18 06:00:00,0,0,0
forecast_1831,2025-03-18 07:00:00,0,0,0
forecast_1832,2025-03-18 08:00:00,0,0,0
forecast_1833,2025-03-18 09:00:00,0,0,0
forecast_1834,2025-03-18 10:00:00,0,0,0
forecast_1835,2025-03-18 11:00:00,0,0,0
forecast_1836,2025-03-18 12:00:00,0,0,0
forecast_1837,2025-03-18 13:00:00,0,0,0
forecast_1838,2025-03-18 14:00:00,0,0,0
forecast_1839,2025-03-18 15:00:00,0,0,0
forecast_1840,2025-03-18 16:00:00,0,0,0
forecast_1841,2025-03-18 17:00:00,0,0,0
forecast_1842,2025-03-18 18:00:00,0,0,0
forecast_1843,2025-03-18 19:00:00,0,0,0
forecast_1844,2025-03-18 20:00:00,0,0,0
forecast_1845,2025-03-18 21:00:00,0,0,0
forecast_1846,2025-03-18 22:00:00,0,0,0
forecast_1847,2025-03-18 23:00:00,0,0,0
forecast_1848,2025-03-19 00:00:00,0,0,0
forecast_1849,2025-03-19 01:00:00,0,0,0
forecast_1850,2025-03-19 02:00:00,0,0,0
forecast_1851,2025-03-19 03:00:00,0,0,0
forecast_1852,2025-03-19 04:00:00,0,0,0
forecast_1853,2025-03-19 05:00:00,0,0,0
forecast_1854,2025-03-19 06:00:00,0,0,0
forecast_1855,2025-03-19 07:00:00,0,0,0
forecast_1856,2025-03-19 08:00:00,0,0,0
forecast_1857,2025-03-19 09:00:00,0,0,0
forecast_1858,2025-03-19 10:00:00,0,0,0
forecast_1859,2025-03-19 11:00:00,0,0,0
forecast_1860,2025-03-19 12:00:00,0,0,0
forecast_1861,2025-03-19 13:00:00,0,0,0
forecast_1862,2025-03-19 14:00:00,0,0,0
forecast_1863,2025-03-19 15:00:00,0,0,0
forecast_1864,2025-03-19 16:00:00,0,0,0
forecast_1865,2025-03-19 17:00:00,0,0,0
forecast_1866,2025-03-19 18:00:00,0,0,0
forecast_1867,2025-03-19 19:00:00,0,0,0
forecast_1868,2025-03-19 20:00:00,0,0,0
forecast_1869,2025-03-19 21:00:00,0,0,0
forecast_1870,2025-03-19 22:00:00,0,0,0
forecast_1871,2025-03-19 23:00:00,0,0,0
forecast_1872,2025-03-20 00:00:00,0,0,0
forecast_1873,2025-03-20 01:00:00,0,0,0
forecast_1874,2025-03-20 02:00:00,0,0,0
forecast_1875,2025-03-20 03:00:00,0,0,0
forecast_1876,2025-03-20 04:00:00,0,0,0
forecast_1877,2025-03-20 05:00:00,0,0,0
forecast_1878,2025-03-20 06:00:00,0,0,0
forecast_1879,2025-03-20 07:00:00,0,0,0
forecast_1880,2025-03-20 08:00:00,0,0,0
forecast_1881,2025-03-20 09:00:00,0,0,0
forecast_1882,2025-03-20 10:00:00,0,0,0
forecast_1883,2025-03-20 11:00:00,0,0,0
forecast_1884,2025-03-20 12:00:00,0,0,0
forecast_1885,2025-03-20 13:00:00,0,0,0
forecast_1886,2025-03-20 14:00:00,0,0,0
forecast_1887,2025-03-20 15:00:00,0,0,0
forecast_1888,2025-03-20 16:00:00,0,0,0
forecast_1889,2025-03-20 17:00:00,0,0,0
forecast_1890,2025-03-20 18:00:00,0,0,0
forecast_1891,2025-03-20 19:00:00,0,0,0
forecast_1892,2025-03-20 20:00:00,0,0,0
forecast_1893,2025-03-20 21:00:00,0,0,0
forecast_1894,2025-03-20 22:00:00,0,0,0
forecast_1895,2025-03-20 23:00:00,0,0,0
forecast_1896,2025-03-21 00:00:00,0,0,0
forecast_1897,2025-03-21 01:00:00,0,0,0
forecast_1898,2025-03-21 02:00:00,0,0,0
forecast_1899,2025-03-21 03:00:00,0,0,0
forecast_1900,2025-03-21 04:00:00,0,0,0
forecast_1901,2025-03-21 05:00:00,0,0,0
forecast_1902,2025-03-21 06:00:00,0,0,0
forecast_1903,2025-03-21 07:00:00,0,0,0
forecast_1904,2025-03-21 08:00:00,0,0,0
forecast_1905,2025-03-21 09:00:00,0,0,0
forecast_1906,2025-03-21 10:00:00,0,0,0
forecast_1907,2025-03-21 11:00:00,0,0,0
forecast_1908,2025-03-21 12:00:00,0,0,0
forecast_1909,2025-03-21 13:00:00,0,0,0
forecast_1910,2025-03-21 14:00:00,0,0,0
forecast_1911,2025-03-21 15:00:00,0,0,0
forecast_1912,2025-03-21 16:00:00,0,0,0
forecast_1913,2025-03-21 17:00:00,0,0,0
forecast_1914,2025-03-21 18:00:00,0,0,0
forecast_1915,2025-03-21 19:00:00,0,0,0
forecast_1916,2025-03-21 20:00:00,0,0,0
forecast_1917,2025-03-21 21:00:00,0,0,0
forecast_1918,2025-03-21 22:00:00,0,0,0
forecast_1919,2025-03-21 23:00:00,0,0,0
forecast_1920,2025-03-22 00:00:00,0,0,0
forecast_1921,2025-03-22 01:00:00,0,0,0
forecast_1922,2025-03-22 02:00:00,0,0,0
forecast_1923,2025-03-22 03:00:00,0,0,0
forecast_1924,2025-03-22 04:00:00,0,0,0
forecast_1925,2025-03-22 05:00:00,0,0,0
forecast_1926,2025-03-22 06:00:00,0,0,0
forecast_1927,2025-03-22 07:00:00,0,0,0
forecast_1928,2025-03-22 08:00:00,0,0,0
forecast_1929,2025-03-22 09:00:00,0,0,0
forecast_1930,2025-03-22 10:00:00,0,0,0
forecast_1931,2025-03-22 11:00:00,0,0,0
forecast_1932,2025-03-22 12:00:00,0,0,0
forecast_1933,2025-03-22 13:00:00,0,0,0
forecast_1934,2025-03-22 14:00:00,0,0,0
forecast_1935,2025-03-22 15:00:00,0,0,0
forecast_1936,2025-03-22 16:00:00,0,0,0
forecast_1937,2025-03-22 17:00:00,0,0,0
forecast_1938,2025-03-22 18:00:00,0,0,0
forecast_1939,2025-03-22 19:00:00,0,0,0
forecast_1940,2025-03-22 20:00:00,0,0,0
forecast_1941,2025-03-22 21:00:00,0,0,0
forecast_1942,2025-03-22 22:00:00,0,0,0
forecast_1943,2025-03-22 23:00:00,0,0,0
forecast_1944,2025-03-23 00:00:00,0,0,0
forecast_1945,2025-03-23 01:00:00,0,0,0
forecast_1946,2025-03-23 02:00:00,0,0,0
forecast_1947,2025-03-23 03:00:00,0,0,0
forecast_1948,2025-03-23 04:00:00,0,0,0
forecast_1949,2025-03-23 05:00:00,0,0,0
forecast_1950,2025-03-23 06:00:00,0,0,0
forecast_1951,2025-03-23 07:00:00,0,0,0
forecast_1952,2025-03-23 08:00:00,0,0,0
forecast_1953,2025-03-23 09:00:00,0,0,0
forecast_1954,2025-03-23 10:00:00,0,0,0
forecast_1955,2025-03-23 11:00:00,0,0,0
forecast_1956,2025-03-23 12:00:00,0,0,0
forecast_1957,2025-03-23 13:00:00,0,0,0
forecast_1958,2025-03-23 14:00:00,0,0,0
forecast_1959,2025-03-23 15:00:00,0,0,0
forecast_1960,2025-03-23 16:00:00,0,0,0
forecast_1961,2025-03-23 17:00:00,0,0,0
forecast_1962,2025-03-23 18:00:00,0,0,0
forecast_1963,2025-03-23 19:00:00,0,0,0
forecast_1964,2025-03-23 20:00:00,0,0,0
forecast_1965,2025-03-23 21:00:00,0,0,0
forecast_1966,2025-03-23 22:00:00,0,0,0
forecast_1967,2025-03-23 23:00:00,0,0,0
forecast_1968,2025-03-24 00:00:00,0,0,0
forecast_1969,2025-03-24 01:00:00,0,0,0
forecast_1970,2025-03-24 02:00:00,0,0,0
forecast_1971,2025-03-24 03:00:00,0,0,0
forecast_1972,2025-03-24 04:00:00,0,0,0
forecast_1973,2025-03-24 05:00:00,0,0,0
forecast_1974,2025-03-24 06:00:00,0,0,0
forecast_1975,2025-03-24 07:00:00,0,0,0
forecast_1976,2025-03-24 08:00:00,0,0,0
forecast_1977,2025-03-24 09:00:00,0,0,0
forecast_1978,2025-03-24 10:00:00,0,0,0
forecast_1979,2025-03-24 11:00:00,0,0,0
forecast_1980,2025-03-24 12:00:00,0,0,0
forecast_1981,2025-03-24 13:00:00,0,0,0
forecast_1982,2025-03-24 14:00:00,0,0,0
forecast_1983,2025-03-24 15:00:00,0,0,0
forecast_1984,2025-03-24 16:00:00,0,0,0
forecast_1985,2025-03-24 17:00:00,0,0,0
forecast_1986,2025-03-24 18:00:00,0,0,0
forecast_1987,2025-03-24 19:00:00,0,0,0
forecast_1988,2025-03-24 20:00:00,0,0,0
forecast_1989,2025-03-24 21:00:00,0,0,0
forecast_1990,2025-03-24 22:00:00,0,0,0
forecast_1991,2025-03-24 23:00:00,0,0,0
forecast_1992,2025-03-25 00:00:00,0,0,0
forecast_1993,2025-03-25 01:00:00,0,0,0
forecast_1994,2025-03-25 02:00:00,0,0,0
forecast_1995,2025-03-25 03:00:00,0,0,0
forecast_1996,2025-03-25 04:00:00,0,0,0
forecast_1997,2025-03-25 05:00:00,0,0,0
forecast_1998,2025-03-25 06:00:00,0,0,0
forecast_1999,2025-03-25 07:00:00,0,0,0
forecast_2000,2025-03-25 08:00:00,0,0,0
forecast_2001,2025-03-25 09:00:00,0,0,0
forecast_2002,2025-03-25 10:00:00,0,0,0
forecast_2003,2025-03-25 11:00:00,0,0,0
forecast_2004,2025-03-25 12:00:00,0,0,0
forecast_2005,2025-03-25 13:00:00,0,0,0
forecast_2006,2025-03-25 14:00:00,0,0,0
forecast_2007,2025-03-25 15:00:00,0,0,0
forecast_2008,2025-03-25 16:00:00,0,0,0
forecast_2009,2025-03-25 17:00:00,0,0,0
forecast_2010,2025-03-25 18:00:00,0,0,0
forecast_2011,2025-03-25 19:00:00,0,0,0
forecast_2012,2025-03-25 20:00:00,0,0,0
forecast_2013,2025-03-25 21:00:00,0,0,0
forecast_2014,2025-03-25 22:00:00,0,0,0
forecast_2015,2025-03-25 23:00:00,0,0,0
forecast_2016,2025-03-26 00:00:00,0,0,0
forecast_2017,2025-03-26 01:00:00,0,0,0
forecast_2018,2025-03-26 02:00:00,0,0,0
forecast_2019,2025-03-26 03:00:00,0,0,0
forecast_2020,2025-03-26 04:00:00,0,0,0
forecast_2021,2025-03-26 05:00:00,0,0,0
forecast_2022,2025-03-26 06:00:00,0,0,0
forecast_2023,2025-03-26 07:00:00,0,0,0
forecast_2024,2025-03-26 08:00:00,0,0,0
forecast_2025,2025-03-26 09:00:00,0,0,0
forecast_2026,2025-03-26 10:00:00,0,0,0
forecast_2027,2025-03-26 11:00:00,0,0,0
forecast_2028,2025-03-26 12:00:00,0,0,0
forecast_2029,2025-03-26 13:00:00,0,0,0
forecast_2030,2025-03-26 14:00:00,0,0,0
forecast_2031,2025-03-26 15:00:00,0,0,0
forecast_2032,2025-03-26 16:00:00,0,0,0
forecast_2033,2025-03-26 17:00:00,0,0,0
forecast_2034,2025-03-26 18:00:00,0,0,0
forecast_2035,2025-03-26 19:00:00,0,0,0
forecast_2036,2025-03-26 20:00:00,0,0,0
forecast_2037,2025-03-26 21:00:00,0,0,0
forecast_2038,2025-03-26 22:00:00,0,0,0
forecast_2039,2025-03-26 23:00:00,0,0,0
forecast_2040,2025-03-27 00:00:00,0,0,0
forecast_2041,2025-03-27 01:00:00,0,0,0
forecast_2042,2025-03-27 02:00:00,0,0,0
forecast_2043,2025-03-27 03:00:00,0,0,0
forecast_2044,2025-03-27 04:00:00,0,0,0
forecast_2045,2025-03-27 05:00:00,0,0,0
forecast_2046,2025-03-27 06:00:00,0,0,0
forecast_2047,2025-03-27 07:00:00,0,0,0
forecast_2048,2025-03-27 08:00:00,0,0,0
forecast_2049,2025-03-27 09:00:00,0,0,0
forecast_2050,2025-03-27 10:00:00,0,0,0
forecast_2051,2025-03-27 11:00:00,0,0,0
forecast_2052,2025-03-27 12:00:00,0,0,0
forecast_2053,2025-03-27 13:00:00,0,0,0
forecast_2054,2025-03-27 14:00:00,0,0,0
forecast_2055,2025-03-27 15:00:00,0,0,0
forecast_2056,2025-03-27 16:00:00,0,0,0
forecast_2057,2025-03-27 17:00:00,0,0,0
forecast_2058,2025-03-27 18:00:00,0,0,0
forecast_2059,2025-03-27 19:00:00,0,0,0
forecast_2060,2025-03-27 20:00:00,0,0,0
forecast_2061,2025-03-27 21:00:00,0,0,0
forecast_2062,2025-03-27 22:00:00,0,0,0
forecast_2063,2025-03-27 23:00:00,0,0,0
forecast_2064,2025-03-28 00:00:00,0,0,0
forecast_2065,2025-03-28 01:00:00,0,0,0
forecast_2066,2025-03-28 02:00:00,0,0,0
forecast_2067,2025-03-28 03:00:00,0,0,0
forecast_2068,2025-03-28 04:00:00,0,0,0
forecast_2069,2025-03-28 05:00:00,0,0,0
forecast_2070,2025-03-28 06:00:00,0,0,0
forecast_2071,2025-03-28 07:00:00,0,0,0
forecast_2072,2025-03-28 08:00:00,0,0,0
forecast_2073,2025-03-28 09:00:00,0,0,0
forecast_2074,2025-03-28 10:00:00,0,0,0
forecast_2075,2025-03-28 11:00:00,0,0,0
forecast_2076,2025-03-28 12:00:00,0,0,0
forecast_2077,2025-03-28 13:00:00,0,0,0
forecast_2078,2025-03-28 14:00:00,0,0,0
forecast_2079,2025-03-28 15:00:00,0,0,0
forecast_2080,2025-03-28 16:00:00,0,0,0
forecast_2081,2025-03-28 17:00:00,0,0,0
forecast_2082,2025-03-28 18:00:00,0,0,0
forecast_2083,2025-03-28 19:00:00,0,0,0
forecast_2084,2025-03-28 20:00:00,0,0,0
forecast_2085,2025-03-28 21:00:00,0,0,0
forecast_2086,2025-03-28 22:00:00,0,0,0
forecast_2087,2025-03-28 23:00:00,0,0,0
forecast_2088,2025-03-29 00:00:00,0,0,0
forecast_2089,2025-03-29 01:00:00,0,0,0
forecast_2090,2025-03-29 02:00:00,0,0,0
forecast_2091,2025-03-29 03:00:00,0,0,0
forecast_2092,2025-03-29 04:00:00,0,0,0
forecast_2093,2025-03-29 05:00:00,0,0,0
forecast_2094,2025-03-29 06:00:00,0,0,0
forecast_2095,2025-03-29 07:00:00,0,0,0
forecast_2096,2025-03-29 08:00:00,0,0,0
forecast_2097,2025-03-29 09:00:00,0,0,0
forecast_2098,2025-03-29 10:00:00,0,0,0
forecast_2099,2025-03-29 11:00:00,0,0,0
forecast_2100,2025-03-29 12:00:00,0,0,0
forecast_2101,2025-03-29 13:00:00,0,0,0
forecast_2102,2025-03-29 14:00:00,0,0,0
forecast_2103,2025-03-29 15:00:00,0,0,0
forecast_2104,2025-03-29 16:00:00,0,0,0
forecast_2105,2025-03-29 17:00:00,0,0,0
forecast_2106,2025-03-29 18:00:00,0,0,0
forecast_2107,2025-03-29 19:00:00,0,0,0
forecast_2108,2025-03-29 20:00:00,0,0,0
forecast_2109,2025-03-29 21:00:00,0,0,0
forecast_2110,2025-03-29 22:00:00,0,0,0
forecast_2111,2025-03-29 23:00:00,0,0,0
forecast_2112,2025-03-30 00:00:00,0,0,0
forecast_2113,2025-03-30 01:00:00,0,0,0
forecast_2114,2025-03-30 02:00:00,0,0,0
forecast_2115,2025-03-30 03:00:00,0,0,0
forecast_2116,2025-03-30 04:00:00,0,0,0
forecast_2117,2025-03-30 05:00:00,0,0,0
forecast_2118,2025-03-30 06:00:00,0,0,0
forecast_2119,2025-03-30 07:00:00,0,0,0
forecast_2120,2025-03-30 08:00:00,0,0,0
forecast_2121,2025-03-30 09:00:00,0,0,0
forecast_2122,2025-03-30 10:00:00,0,0,0
forecast_2123,2025-03-30 11:00:00,0,0,0
forecast_2124,2025-03-30 12:00:00,0,0,0
forecast_2125,2025-03-30 13:00:00,0,0,0
forecast_2126,2025-03-30 14:00:00,0,0,0
forecast_2127,2025-03-30 15:00:00,0,0,0
forecast_2128,2025-03-30 16:00:00,0,0,0
forecast_2129,2025-03-30 17:00:00,0,0,0
forecast_2130,2025-03-30 18:00:00,0,0,0
forecast_2131,2025-03-30 19:00:00,0,0,0
forecast_2132,2025-03-30 20:00:00,0,0,0
forecast_2133,2025-03-30 21:00:00,0,0,0
forecast_2134,2025-03-30 22:00:00,0,0,0
forecast_2135,2025-03-30 23:00:00,0,0,0
forecast_2136,2025-03-31 00:00:00,0,0,0
forecast_2137,2025-03-31 01:00:00,0,0,0
forecast_2138,2025-03-31 02:00:00,0,0,0
forecast_2139,2025-03-31 03:00:00,0,0,0
forecast_2140,2025-03-31 04:00:00,0,0,0
forecast_2141,2025-03-31 05:00:00,0,0,0
forecast_2142,2025-03-31 06:00:00,0,0,0
forecast_2143,2025-03-31 07:00:00,0,0,0
forecast_2144,2025-03-31 08:00:00,0,0,0
forecast_2145,2025-03-31 09:00:00,0,0,0
forecast_2146,2025-03-31 10:00:00,0,0,0
forecast_2147,2025-03-31 11:00:00,0,0,0
forecast_2148,2025-03-31 12:00:00,0,0,0
forecast_2149,2025-03-31 13:00:00,0,0,0
forecast_2150,2025-03-31 14:00:00,0,0,0
forecast_2151,2025-03-31 15:00:00,0,0,0
forecast_2152,2025-03-31 16:00:00,0,0,0
forecast_2153,2025-03-31 17:00:00,0,0,0
forecast_2154,2025-03-31 18:00:00,0,0,0
forecast_2155,2025-03-31 19:00:00,0,0,0
forecast_2156,2025-03-31 20:00:00,0,0,0
forecast_2157,2025-03-31 21:00:00,0,0,0
forecast_2158,2025-03-31 22:00:00,0,0,0
forecast_2159,2025-03-31 23:00:00,0,0,0
forecast_2160,2025-04-01 00:00:00,0,0,0
forecast_2161,2025-04-01 01:00:00,0,0,0
forecast_2162,2025-04-01 02:00:00,0,0,0
forecast_2163,2025-04-01 03:00:00,0,0,0
forecast_2164,2025-04-01 04:00:00,0,0,0
forecast_2165,2025-04-01 05:00:00,0,0,0
forecast_2166,2025-04-01 06:00:00,0,0,0
forecast_2167,2025-04-01 07:00:00,0,0,0
forecast_2168,2025-04-01 08:00:00,0,0,0
forecast_2169,2025-04-01 09:00:00,0,0,0
forecast_2170,2025-04-01 10:00:00,0,0,0
forecast_2171,2025-04-01 11:00:00,0,0,0
forecast_2172,2025-04-01 12:00:00,0,0,0
forecast_2173,2025-04-01 13:00:00,0,0,0
forecast_2174,2025-04-01 14:00:00,0,0,0
forecast_2175,2025-04-01 15:00:00,0,0,0
forecast_2176,2025-04-01 16:00:00,0,0,0
forecast_2177,2025-04-01 17:00:00,0,0,0
forecast_2178,2025-04-01 18:00:00,0,0,0
forecast_2179,2025-04-01 19:00:00,0,0,0
forecast_2180,2025-04-01 20:00:00,0,0,0
forecast_2181,2025-04-01 21:00:00,0,0,0
forecast_2182,2025-04-01 22:00:00,0,0,0
forecast_2183,2025-04-01 23:00:00,0,0,0
forecast_2184,2025-04-02 00:00:00,0,0,0
forecast_2185,2025-04-02 01:00:00,0,0,0
forecast_2186,2025-04-02 02:00:00,0,0,0
forecast_2187,2025-04-02 03:00:00,0,0,0
forecast_2188,2025-04-02 04:00:00,0,0,0
forecast_2189,2025-04-02 05:00:00,0,0,0
forecast_2190,2025-04-02 06:00:00,0,0,0
forecast_2191,2025-04-02 07:00:00,0,0,0
forecast_2192,2025-04-02 08:00:00,0,0,0
forecast_2193,2025-04-02 09:00:00,0,0,0
forecast_2194,2025-04-02 10:00:00,0,0,0
forecast_2195,2025-04-02 11:00:00,0,0,0
forecast_2196,2025-04-02 12:00:00,0,0,0
forecast_2197,2025-04-02 13:00:00,0,0,0
forecast_2198,2025-04-02 14:00:00,0,0,0
forecast_2199,2025-04-02 15:00:00,0,0,0
forecast_2200,2025-04-02 16:00:00,0,0,0
forecast_2201,2025-04-02 17:00:00,0,0,0
forecast_2202,2025-04-02 18:00:00,0,0,0
forecast_2203,2025-04-02 19:00:00,0,0,0
forecast_2204,2025-04-02 20:00:00,0,0,0
forecast_2205,2025-04-02 21:00:00,0,0,0
forecast_2206,2025-04-02 22:00:00,0,0,0
forecast_2207,2025-04-02 23:00:00,0,0,0
forecast_2208,2025-04-03 00:00:00,0,0,0
forecast_2209,2025-04-03 01:00:00,0,0,0
forecast_2210,2025-04-03 02:00:00,0,0,0
forecast_2211,2025-04-03 03:00:00,0,0,0
forecast_2212,2025-04-03 04:00:00,0,0,0
forecast_2213,2025-04-03 05:00:00,0,0,0
forecast_2214,2025-04-03 06:00:00,0,0,0
forecast_2215,2025-04-03 07:00:00,0,0,0
forecast_2216,2025-04-03 08:00:00,0,0,0
forecast_2217,2025-04-03 09:00:00,0,0,0
forecast_2218,2025-04-03 10:00:00,0,0,0
forecast_2219,2025-04-03 11:00:00,0,0,0
forecast_2220,2025-04-03 12:00:00,0,0,0
forecast_2221,2025-04-03 13:00:00,0,0,0
forecast_2222,2025-04-03 14:00:00,0,0,0
forecast_2223,2025-04-03 15:00:00,0,0,0
forecast_2224,2025-04-03 16:00:00,0,0,0
forecast_2225,2025-04-03 17:00:00,0,0,0
forecast_2226,2025-04-03 18:00:00,0,0,0
forecast_2227,2025-04-03 19:00:00,0,0,0
forecast_2228,2025-04-03 20:00:00,0,0,0
forecast_2229,2025-04-03 21:00:00,0,0,0
forecast_2230,2025-04-03 22:00:00,0,0,0
forecast_2231,2025-04-03 23:00:00,0,0,0
forecast_2232,2025-04-04 00:00:00,0,0,0
forecast_2233,2025-04-04 01:00:00,0,0,0
forecast_2234,2025-04-04 02:00:00,0,0,0
forecast_2235,2025-04-04 03:00:00,0,0,0
forecast_2236,2025-04-04 04:00:00,0,0,0
forecast_2237,2025-04-04 05:00:00,0,0,0
forecast_2238,2025-04-04 06:00:00,0,0,0
forecast_2239,2025-04-04 07:00:00,0,0,0
forecast_2240,2025-04-04 08:00:00,0,0,0
forecast_2241,2025-04-04 09:00:00,0,0,0
forecast_2242,2025-04-04 10:00:00,0,0,0
forecast_2243,2025-04-04 11:00:00,0,0,0
forecast_2244,2025-04-04 12:00:00,0,0,0
forecast_2245,2025-04-04 13:00:00,0,0,0
forecast_2246,2025-04-04 14:00:00,0,0,0
forecast_2247,2025-04-04 15:00:00,0,0,0
forecast_2248,2025-04-04 16:00:00,0,0,0
forecast_2249,2025-04-04 17:00:00,0,0,0
forecast_2250,2025-04-04 18:00:00,0,0,0
forecast_2251,2025-04-04 19:00:00,0,0,0
forecast_2252,2025-04-04 20:00:00,0,0,0
forecast_2253,2025-04-04 21:00:00,0,0,0
forecast_2254,2025-04-04 22:00:00,0,0,0
forecast_2255,2025-04-04 23:00:00,0,0,0
forecast_2256,2025-04-05 00:00:00,0,0,0
forecast_2257,2025-04-05 01:00:00,0,0,0
forecast_2258,2025-04-05 02:00:00,0,0,0
forecast_2259,2025-04-05 03:00:00,0,0,0
forecast_2260,2025-04-05 04:00:00,0,0,0
forecast_2261,2025-04-05 05:00:00,0,0,0
forecast_2262,2025-04-05 06:00:00,0,0,0
forecast_2263,2025-04-05 07:00:00,0,0,0
forecast_2264,2025-04-05 08:00:00,0,0,0
forecast_2265,2025-04-05 09:00:00,0,0,0
forecast_2266,2025-04-05 10:00:00,0,0,0
forecast_2267,2025-04-05 11:00:00,0,0,0
forecast_2268,2025-04-05 12:00:00,0,0,0
forecast_2269,2025-04-05 13:00:00,0,0,0
forecast_2270,2025-04-05 14:00:00,0,0,0
forecast_2271,2025-04-05 15:00:00,0,0,0
forecast_2272,2025-04-05 16:00:00,0,0,0
forecast_2273,2025-04-05 17:00:00,0,0,0
forecast_2274,2025-04-05 18:00:00,0,0,0
forecast_2275,2025-04-05 19:00:00,0,0,0
forecast_2276,2025-04-05 20:00:00,0,0,0
forecast_2277,2025-04-05 21:00:00,0,0,0
forecast_2278,2025-04-05 22:00:00,0,0,0
forecast_2279,2025-04-05 23:00:00,0,0,0
forecast_2280,2025-04-06 00:00:00,0,0,0
forecast_2281,2025-04-06 01:00:00,0,0,0
forecast_2282,2025-04-06 02:00:00,0,0,0
forecast_2283,2025-04-06 03:00:00,0,0,0
forecast_2284,2025-04-06 04:00:00,0,0,0
forecast_2285,2025-04-06 05:00:00,0,0,0
forecast_2286,2025-04-06 06:00:00,0,0,0
forecast_2287,2025-04-06 07:00:00,0,0,0
forecast_2288,2025-04-06 08:00:00,0,0,0
forecast_2289,2025-04-06 09:00:00,0,0,0
forecast_2290,2025-04-06 10:00:00,0,0,0
forecast_2291,2025-04-06 11:00:00,0,0,0
forecast_2292,2025-04-06 12:00:00,0,0,0
forecast_2293,2025-04-06 13:00:00,0,0,0
forecast_2294,2025-04-06 14:00:00,0,0,0
forecast_2295,2025-04-06 15:00:00,0,0,0
forecast_2296,2025-04-06 16:00:00,0,0,0
forecast_2297,2025-04-06 17:00:00,0,0,0
forecast_2298,2025-04-06 18:00:00,0,0,0
forecast_2299,2025-04-06 19:00:00,0,0,0
forecast_2300,2025-04-06 20:00:00,0,0,0
forecast_2301,2025-04-06 21:00:00,0,0,0
forecast_2302,2025-04-06 22:00:00,0,0,0
forecast_2303,2025-04-06 23:00:00,0,0,0
forecast_2304,2025-04-07 00:00:00,0,0,0
forecast_2305,2025-04-07 01:00:00,0,0,0
forecast_2306,2025-04-07 02:00:00,0,0,0
forecast_2307,2025-04-07 03:00:00,0,0,0
forecast_2308,2025-04-07 04:00:00,0,0,0
forecast_2309,2025-04-07 05:00:00,0,0,0
forecast_2310,2025-04-07 06:00:00,0,0,0
forecast_2311,2025-04-07 07:00:00,0,0,0
forecast_2312,2025-04-07 08:00:00,0,0,0
forecast_2313,2025-04-07 09:00:00,0,0,0
forecast_2314,2025-04-07 10:00:00,0,0,0
forecast_2315,2025-04-07 11:00:00,0,0,0
forecast_2316,2025-04-07 12:00:00,0,0,0
forecast_2317,2025-04-07 13:00:00,0,0,0
forecast_2318,2025-04-07 14:00:00,0,0,0
forecast_2319,2025-04-07 15:00:00,0,0,0
forecast_2320,2025-04-07 16:00:00,0,0,0
forecast_2321,2025-04-07 17:00:00,0,0,0
forecast_2322,2025-04-07 18:00:00,0,0,0
forecast_2323,2025-04-07 19:00:00,0,0,0
forecast_2324,2025-04-07 20:00:00,0,0,0
forecast_2325,2025-04-07 21:00:00,0,0,0
forecast_2326,2025-04-07 22:00:00,0,0,0
forecast_2327,2025-04-07 23:00:00,0,0,0
forecast_2328,2025-04-08 00:00:00,0,0,0
forecast_2329,2025-04-08 01:00:00,0,0,0
forecast_2330,2025-04-08 02:00:00,0,0,0
forecast_2331,2025-04-08 03:00:00,0,0,0
forecast_2332,2025-04-08 04:00:00,0,0,0
forecast_2333,2025-04-08 05:00:00,0,0,0
forecast_2334,2025-04-08 06:00:00,0,0,0
forecast_2335,2025-04-08 07:00:00,0,0,0
forecast_2336,2025-04-08 08:00:00,0,0,0
forecast_2337,2025-04-08 09:00:00,0,0,0
forecast_2338,2025-04-08 10:00:00,0,0,0
forecast_2339,2025-04-08 11:00:00,0,0,0
forecast_2340,2025-04-08 12:00:00,0,0,0
forecast_2341,2025-04-08 13:00:00,0,0,0
forecast_2342,2025-04-08 14:00:00,0,0,0
forecast_2343,2025-04-08 15:00:00,0,0,0
forecast_2344,2025-04-08 16:00:00,0,0,0
forecast_2345,2025-04-08 17:00:00,0,0,0
forecast_2346,2025-04-08 18:00:00,0,0,0
forecast_2347,2025-04-08 19:00:00,0,0,0
forecast_2348,2025-04-08 20:00:00,0,0,0
forecast_2349,2025-04-08 21:00:00,0,0,0
forecast_2350,2025-04-08 22:00:00,0,0,0
forecast_2351,2025-04-08 23:00:00,0,0,0
forecast_2352,2025-04-09 00:00:00,0,0,0
forecast_2353,2025-04-09 01:00:00,0,0,0
forecast_2354,2025-04-09 02:00:00,0,0,0
forecast_2355,2025-04-09 03:00:00,0,0,0
forecast_2356,2025-04-09 04:00:00,0,0,0
forecast_2357,2025-04-09 05:00:00,0,0,0
forecast_2358,2025-04-09 06:00:00,0,0,0
forecast_2359,2025-04-09 07:00:00,0,0,0
forecast_2360,2025-04-09 08:00:00,0,0,0
forecast_2361,2025-04-09 09:00:00,0,0,0
forecast_2362,2025-04-09 10:00:00,0,0,0
forecast_2363,2025-04-09 11:00:00,0,0,0
forecast_2364,2025-04-09 12:00:00,0,0,0
forecast_2365,2025-04-09 13:00:00,0,0,0
forecast_2366,2025-04-09 14:00:00,0,0,0
forecast_2367,2025-04-09 15:00:00,0,0,0
forecast_2368,2025-04-09 16:00:00,0,0,0
forecast_2369,2025-04-09 17:00:00,0,0,0
forecast_2370,2025-04-09 18:00:00,0,0,0
forecast_2371,2025-04-09 19:00:00,0,0,0
forecast_2372,2025-04-09 20:00:00,0,0,0
forecast_2373,2025-04-09 21:00:00,0,0,0
forecast_2374,2025-04-09 22:00:00,0,0,0
forecast_2375,2025-04-09 23:00:00,0,0,0
forecast_2376,2025-04-10 00:00:00,0,0,0
forecast_2377,2025-04-10 01:00:00,0,0,0
forecast_2378,2025-04-10 02:00:00,0,0,0
forecast_2379,2025-04-10 03:00:00,0,0,0
forecast_2380,2025-04-10 04:00:00,0,0,0
forecast_2381,2025-04-10 05:00:00,0,0,0
forecast_2382,2025-04-10 06:00:00,0,0,0
forecast_2383,2025-04-10 07:00:00,0,0,0
forecast_2384,2025-04-10 08:00:00,0,0,0
forecast_2385,2025-04-10 09:00:00,0,0,0
forecast_2386,2025-04-10 10:00:00,0,0,0
forecast_2387,2025-04-10 11:00:00,0,0,0
forecast_2388,2025-04-10 12:00:00,0,0,0
forecast_2389,2025-04-10 13:00:00,0,0,0
forecast_2390,2025-04-10 14:00:00,0,0,0
forecast_2391,2025-04-10 15:00:00,0,0,0
forecast_2392,2025-04-10 16:00:00,0,0,0
forecast_2393,2025-04-10 17:00:00,0,0,0
forecast_2394,2025-04-10 18:00:00,0,0,0
forecast_2395,2025-04-10 19:00:00,0,0,0
forecast_2396,2025-04-10 20:00:00,0,0,0
forecast_2397,2025-04-10 21:00:00,0,0,0
forecast_2398,2025-04-10 22:00:00,0,0,0
forecast_2399,2025-04-10 23:00:00,0,0,0
forecast_2400,2025-04-11 00:00:00,0,0,0
forecast_2401,2025-04-11 01:00:00,0,0,0
forecast_2402,2025-04-11 02:00:00,0,0,0
forecast_2403,2025-04-11 03:00:00,0,0,0
forecast_2404,2025-04-11 04:00:00,0,0,0
forecast_2405,2025-04-11 05:00:00,0,0,0
forecast_2406,2025-04-11 06:00:00,0,0,0
forecast_2407,2025-04-11 07:00:00,0,0,0
forecast_2408,2025-04-11 08:00:00,0,0,0
forecast_2409,2025-04-11 09:00:00,0,0,0
forecast_2410,2025-04-11 10:00:00,0,0,0
forecast_2411,2025-04-11 11:00:00,0,0,0
forecast_2412,2025-04-11 12:00:00,0,0,0
forecast_2413,2025-04-11 13:00:00,0,0,0
forecast_2414,2025-04-11 14:00:00,0,0,0
forecast_2415,2025-04-11 15:00:00,0,0,0
forecast_2416,2025-04-11 16:00:00,0,0,0
forecast_2417,2025-04-11 17:00:00,0,0,0
forecast_2418,2025-04-11 18:00:00,0,0,0
forecast_2419,2025-04-11 19:00:00,0,0,0
forecast_2420,2025-04-11 20:00:00,0,0,0
forecast_2421,2025-04-11 21:00:00,0,0,0
forecast_2422,2025-04-11 22:00:00,0,0,0
forecast_2423,2025-04-11 23:00:00,0,0,0
forecast_2424,2025-04-12 00:00:00,0,0,0
forecast_2425,2025-04-12 01:00:00,0,0,0
forecast_2426,2025-04-12 02:00:00,0,0,0
forecast_2427,2025-04-12 03:00:00,0,0,0
forecast_2428,2025-04-12 04:00:00,0,0,0
forecast_2429,2025-04-12 05:00:00,0,0,0
forecast_2430,2025-04-12 06:00:00,0,0,0
forecast_2431,2025-04-12 07:00:00,0,0,0
forecast_2432,2025-04-12 08:00:00,0,0,0
forecast_2433,2025-04-12 09:00:00,0,0,0
forecast_2434,2025-04-12 10:00:00,0,0,0
forecast_2435,2025-04-12 11:00:00,0,0,0
forecast_2436,2025-04-12 12:00:00,0,0,0
forecast_2437,2025-04-12 13:00:00,0,0,0
forecast_2438,2025-04-12 14:00:00,0,0,0
forecast_2439,2025-04-12 15:00:00,0,0,0
forecast_2440,2025-04-12 16:00:00,0,0,0
forecast_2441,2025-04-12 17:00:00,0,0,0
forecast_2442,2025-04-12 18:00:00,0,0,0
forecast_2443,2025-04-12 19:00:00,0,0,0
forecast_2444,2025-04-12 20:00:00,0,0,0
forecast_2445,2025-04-12 21:00:00,0,0,0
forecast_2446,2025-04-12 22:00:00,0,0,0
forecast_2447,2025-04-12 23:00:00,0,0,0
forecast_2448,2025-04-13 00:00:00,0,0,0
forecast_2449,2025-04-13 01:00:00,0,0,0
forecast_2450,2025-04-13 02:00:00,0,0,0
forecast_2451,2025-04-13 03:00:00,0,0,0
forecast_2452,2025-04-13 04:00:00,0,0,0
forecast_2453,2025-04-13 05:00:00,0,0,0
forecast_2454,2025-04-13 06:00:00,0,0,0
forecast_2455,2025-04-13 07:00:00,0,0,0
forecast_2456,2025-04-13 08:00:00,0,0,0
forecast_2457,2025-04-13 09:00:00,0,0,0
forecast_2458,2025-04-13 10:00:00,0,0,0
forecast_2459,2025-04-13 11:00:00,0,0,0
forecast_2460,2025-04-13 12:00:00,0,0,0
forecast_2461,2025-04-13 13:00:00,0,0,0
forecast_2462,2025-04-13 14:00:00,0,0,0
forecast_2463,2025-04-13 15:00:00,0,0,0
forecast_2464,2025-04-13 16:00:00,0,0,0
forecast_2465,2025-04-13 17:00:00,0,0,0
forecast_2466,2025-04-13 18:00:00,0,0,0
forecast_2467,2025-04-13 19:00:00,0,0,0
forecast_2468,2025-04-13 20:00:00,0,0,0
forecast_2469,2025-04-13 21:00:00,0,0,0
forecast_2470,2025-04-13 22:00:00,0,0,0
forecast_2471,2025-04-13 23:00:00,0,0,0
forecast_2472,2025-04-14 00:00:00,0,0,0
forecast_2473,2025-04-14 01:00:00,0,0,0
forecast_2474,2025-04-14 02:00:00,0,0,0
forecast_2475,2025-04-14 03:00:00,0,0,0
forecast_2476,2025-04-14 04:00:00,0,0,0
forecast_2477,2025-04-14 05:00:00,0,0,0
forecast_2478,2025-04-14 06:00:00,0,0,0
forecast_2479,2025-04-14 07:00:00,0,0,0
forecast_2480,2025-04-14 08:00:00,0,0,0
forecast_2481,2025-04-14 09:00:00,0,0,0
forecast_2482,2025-04-14 10:00:00,0,0,0
forecast_2483,2025-04-14 11:00:00,0,0,0
forecast_2484,2025-04-14 12:00:00,0,0,0
forecast_2485,2025-04-14 13:00:00,0,0,0
forecast_2486,2025-04-14 14:00:00,0,0,0
forecast_2487,2025-04-14 15:00:00,0,0,0
forecast_2488,2025-04-14 16:00:00,0,0,0
forecast_2489,2025-04-14 17:00:00,0,0,0
forecast_2490,2025-04-14 18:00:00,0,0,0
forecast_2491,2025-04-14 19:00:00,0,0,0
forecast_2492,2025-04-14 20:00:00,0,0,0
forecast_2493,2025-04-14 21:00:00,0,0,0
forecast_2494,2025-04-14 22:00:00,0,0,0
forecast_2495,2025-04-14 23:00:00,0,0,0
forecast_2496,2025-04-15 00:00:00,0,0,0
forecast_2497,2025-04-15 01:00:00,0,0,0
forecast_2498,2025-04-15 02:00:00,0,0,0
forecast_2499,2025-04-15 03:00:00,0,0,0
forecast_2500,2025-04-15 04:00:00,0,0,0
forecast_2501,2025-04-15 05:00:00,0,0,0
forecast_2502,2025-04-15 06:00:00,0,0,0
forecast_2503,2025-04-15 07:00:00,0,0,0
forecast_2504,2025-04-15 08:00:00,0,0,0
forecast_2505,2025-04-15 09:00:00,0,0,0
forecast_2506,2025-04-15 10:00:00,0,0,0
forecast_2507,2025-04-15 11:00:00,0,0,0
forecast_2508,2025-04-15 12:00:00,0,0,0
forecast_2509,2025-04-15 13:00:00,0,0,0
forecast_2510,2025-04-15 14:00:00,0,0,0
forecast_2511,2025-04-15 15:00:00,0,0,0
forecast_2512,2025-04-15 16:00:00,0,0,0
forecast_2513,2025-04-15 17:00:00,0,0,0
forecast_2514,2025-04-15 18:00:00,0,0,0
forecast_2515,2025-04-15 19:00:00,0,0,0
forecast_2516,2025-04-15 20:00:00,0,0,0
forecast_2517,2025-04-15 21:00:00,0,0,0
forecast_2518,2025-04-15 22:00:00,0,0,0
forecast_2519,2025-04-15 23:00:00,0,0,0
forecast_2520,2025-04-16 00:00:00,0,0,0
forecast_2521,2025-04-16 01:00:00,0,0,0
forecast_2522,2025-04-16 02:00:00,0,0,0
forecast_2523,2025-04-16 03:00:00,0,0,0
forecast_2524,2025-04-16 04:00:00,0,0,0
forecast_2525,2025-04-16 05:00:00,0,0,0
forecast_2526,2025-04-16 06:00:00,0,0,0
forecast_2527,2025-04-16 07:00:00,0,0,0
forecast_2528,2025-04-16 08:00:00,0,0,0
forecast_2529,2025-04-16 09:00:00,0,0,0
forecast_2530,2025-04-16 10:00:00,0,0,0
forecast_2531,2025-04-16 11:00:00,0,0,0
forecast_2532,2025-04-16 12:00:00,0,0,0
forecast_2533,2025-04-16 13:00:00,0,0,0
forecast_2534,2025-04-16 14:00:00,0,0,0
forecast_2535,2025-04-16 15:00:00,0,0,0
forecast_2536,2025-04-16 16:00:00,0,0,0
forecast_2537,2025-04-16 17:00:00,0,0,0
forecast_2538,2025-04-16 18:00:00,0,0,0
forecast_2539,2025-04-16 19:00:00,0,0,0
forecast_2540,2025-04-16 20:00:00,0,0,0
forecast_2541,2025-04-16 21:00:00,0,0,0
forecast_2542,2025-04-16 22:00:00,0,0,0
forecast_2543,2025-04-16 23:00:00,0,0,0
forecast_2544,2025-04-17 00:00:00,0,0,0
forecast_2545,2025-04-17 01:00:00,0,0,0
forecast_2546,2025-04-17 02:00:00,0,0,0
forecast_2547,2025-04-17 03:00:00,0,0,0
forecast_2548,2025-04-17 04:00:00,0,0,0
forecast_2549,2025-04-17 05:00:00,0,0,0
forecast_2550,2025-04-17 06:00:00,0,0,0
forecast_2551,2025-04-17 07:00:00,0,0,0
forecast_2552,2025-04-17 08:00:00,0,0,0
forecast_2553,2025-04-17 09:00:00,0,0,0
forecast_2554,2025-04-17 10:00:00,0,0,0
forecast_2555,2025-04-17 11:00:00,0,0,0
forecast_2556,2025-04-17 12:00:00,0,0,0
forecast_2557,2025-04-17 13:00:00,0,0,0
forecast_2558,2025-04-17 14:00:00,0,0,0
forecast_2559,2025-04-17 15:00:00,0,0,0
forecast_2560,2025-04-17 16:00:00,0,0,0
forecast_2561,2025-04-17 17:00:00,0,0,0
forecast_2562,2025-04-17 18:00:00,0,0,0
forecast_2563,2025-04-17 19:00:00,0,0,0
forecast_2564,2025-04-17 20:00:00,0,0,0
forecast_2565,2025-04-17 21:00:00,0,0,0
forecast_2566,2025-04-17 22:00:00,0,0,0
forecast_2567,2025-04-17 23:00:00,0,0,0
forecast_2568,2025-04-18 00:00:00,0,0,0
forecast_2569,2025-04-18 01:00:00,0,0,0
forecast_2570,2025-04-18 02:00:00,0,0,0
forecast_2571,2025-04-18 03:00:00,0,0,0
forecast_2572,2025-04-18 04:00:00,0,0,0
forecast_2573,2025-04-18 05:00:00,0,0,0
forecast_2574,2025-04-18 06:00:00,0,0,0
forecast_2575,2025-04-18 07:00:00,0,0,0
forecast_2576,2025-04-18 08:00:00,0,0,0
forecast_2577,2025-04-18 09:00:00,0,0,0
forecast_2578,2025-04-18 10:00:00,0,0,0
forecast_2579,2025-04-18 11:00:00,0,0,0
forecast_2580,2025-04-18 12:00:00,0,0,0
forecast_2581,2025-04-18 13:00:00,0,0,0
forecast_2582,2025-04-18 14:00:00,0,0,0
forecast_2583,2025-04-18 15:00:00,0,0,0
forecast_2584,2025-04-18 16:00:00,0,0,0
forecast_2585,2025-04-18 17:00:00,0,0,0
forecast_2586,2025-04-18 18:00:00,0,0,0
forecast_2587,2025-04-18 19:00:00,0,0,0
forecast_2588,2025-04-18 20:00:00,0,0,0
forecast_2589,2025-04-18 21:00:00,0,0,0
forecast_2590,2025-04-18 22:00:00,0,0,0
forecast_2591,2025-04-18 23:00:00,0,0,0
forecast_2592,2025-04-19 00:00:00,0,0,0
forecast_2593,2025-04-19 01:00:00,0,0,0
forecast_2594,2025-04-19 02:00:00,0,0,0
forecast_2595,2025-04-19 03:00:00,0,0,0
forecast_2596,2025-04-19 04:00:00,0,0,0
forecast_2597,2025-04-19 05:00:00,0,0,0
forecast_2598,2025-04-19 06:00:00,0,0,0
forecast_2599,2025-04-19 07:00:00,0,0,0
forecast_2600,2025-04-19 08:00:00,0,0,0
forecast_2601,2025-04-19 09:00:00,0,0,0
forecast_2602,2025-04-19 10:00:00,0,0,0
forecast_2603,2025-04-19 11:00:00,0,0,0
forecast_2604,2025-04-19 12:00:00,0,0,0
forecast_2605,2025-04-19 13:00:00,0,0,0
forecast_2606,2025-04-19 14:00:00,0,0,0
forecast_2607,2025-04-19 15:00:00,0,0,0
forecast_2608,2025-04-19 16:00:00,0,0,0
forecast_2609,2025-04-19 17:00:00,0,0,0
forecast_2610,2025-04-19 18:00:00,0,0,0
forecast_2611,2025-04-19 19:00:00,0,0,0
forecast_2612,2025-04-19 20:00:00,0,0,0
forecast_2613,2025-04-19 21:00:00,0,0,0
forecast_2614,2025-04-19 22:00:00,0,0,0
forecast_2615,2025-04-19 23:00:00,0,0,0
forecast_2616,2025-04-20 00:00:00,0,0,0
forecast_2617,2025-04-20 01:00:00,0,0,0
forecast_2618,2025-04-20 02:00:00,0,0,0
forecast_2619,2025-04-20 03:00:00,0,0,0
forecast_2620,2025-04-20 04:00:00,0,0,0
forecast_2621,2025-04-20 05:00:00,0,0,0
forecast_2622,2025-04-20 06:00:00,0,0,0
forecast_2623,2025-04-20 07:00:00,0,0,0
forecast_2624,2025-04-20 08:00:00,0,0,0
forecast_2625,2025-04-20 09:00:00,0,0,0
forecast_2626,2025-04-20 10:00:00,0,0,0
forecast_2627,2025-04-20 11:00:00,0,0,0
forecast_2628,2025-04-20 12:00:00,0,0,0
forecast_2629,2025-04-20 13:00:00,0,0,0
forecast_2630,2025-04-20 14:00:00,0,0,0
forecast_2631,2025-04-20 15:00:00,0,0,0
forecast_2632,2025-04-20 16:00:00,0,0,0
forecast_2633,2025-04-20 17:00:00,0,0,0
forecast_2634,2025-04-20 18:00:00,0,0,0
forecast_2635,2025-04-20 19:00:00,0,0,0
forecast_2636,2025-04-20 20:00:00,0,0,0
forecast_2637,2025-04-20 21:00:00,0,0,0
forecast_2638,2025-04-20 22:00:00,0,0,0
forecast_2639,2025-04-20 23:00:00,0,0,0
forecast_2640,2025-04-21 00:00:00,0,0,0
forecast_2641,2025-04-21 01:00:00,0,0,0
forecast_2642,2025-04-21 02:00:00,0,0,0
forecast_2643,2025-04-21 03:00:00,0,0,0
forecast_2644,2025-04-21 04:00:00,0,0,0
forecast_2645,2025-04-21 05:00:00,0,0,0
forecast_2646,2025-04-21 06:00:00,0,0,0
forecast_2647,2025-04-21 07:00:00,0,0,0
forecast_2648,2025-04-21 08:00:00,0,0,0
forecast_2649,2025-04-21 09:00:00,0,0,0
forecast_2650,2025-04-21 10:00:00,0,0,0
forecast_2651,2025-04-21 11:00:00,0,0,0
forecast_2652,2025-04-21 12:00:00,0,0,0
forecast_2653,2025-04-21 13:00:00,0,0,0
forecast_2654,2025-04-21 14:00:00,0,0,0
forecast_2655,2025-04-21 15:00:00,0,0,0
forecast_2656,2025-04-21 16:00:00,0,0,0
forecast_2657,2025-04-21 17:00:00,0,0,0
forecast_2658,2025-04-21 18:00:00,0,0,0
forecast_2659,2025-04-21 19:00:00,0,0,0
forecast_2660,2025-04-21 20:00:00,0,0,0
forecast_2661,2025-04-21 21:00:00,0,0,0
forecast_2662,2025-04-21 22:00:00,0,0,0
forecast_2663,2025-04-21 23:00:00,0,0,0
forecast_2664,2025-04-22 00:00:00,0,0,0
forecast_2665,2025-04-22 01:00:00,0,0,0
forecast_2666,2025-04-22 02:00:00,0,0,0
forecast_2667,2025-04-22 03:00:00,0,0,0
forecast_2668,2025-04-22 04:00:00,0,0,0
forecast_2669,2025-04-22 05:00:00,0,0,0
forecast_2670,2025-04-22 06:00:00,0,0,0
forecast_2671,2025-04-22 07:00:00,0,0,0
forecast_2672,2025-04-22 08:00:00,0,0,0
forecast_2673,2025-04-22 09:00:00,0,0,0
forecast_2674,2025-04-22 10:00:00,0,0,0
forecast_2675,2025-04-22 11:00:00,0,0,0
forecast_2676,2025-04-22 12:00:00,0,0,0
forecast_2677,2025-04-22 13:00:00,0,0,0
forecast_2678,2025-04-22 14:00:00,0,0,0
forecast_2679,2025-04-22 15:00:00,0,0,0
forecast_2680,2025-04-22 16:00:00,0,0,0
forecast_2681,2025-04-22 17:00:00,0,0,0
forecast_2682,2025-04-22 18:00:00,0,0,0
forecast_2683,2025-04-22 19:00:00,0,0,0
forecast_2684,2025-04-22 20:00:00,0,0,0
forecast_2685,2025-04-22 21:00:00,0,0,0
forecast_2686,2025-04-22 22:00:00,0,0,0
forecast_2687,2025-04-22 23:00:00,0,0,0
forecast_2688,2025-04-23 00:00:00,0,0,0
forecast_2689,2025-04-23 01:00:00,0,0,0
forecast_2690,2025-04-23 02:00:00,0,0,0
forecast_2691,2025-04-23 03:00:00,0,0,0
forecast_2692,2025-04-23 04:00:00,0,0,0
forecast_2693,2025-04-23 05:00:00,0,0,0
forecast_2694,2025-04-23 06:00:00,0,0,0
forecast_2695,2025-04-23 07:00:00,0,0,0
forecast_2696,2025-04-23 08:00:00,0,0,0
forecast_2697,2025-04-23 09:00:00,0,0,0
forecast_2698,2025-04-23 10:00:00,0,0,0
forecast_2699,2025-04-23 11:00:00,0,0,0
forecast_2700,2025-04-23 12:00:00,0,0,0
forecast_2701,2025-04-23 13:00:00,0,0,0
forecast_2702,2025-04-23 14:00:00,0,0,0
forecast_2703,2025-04-23 15:00:00,0,0,0
forecast_2704,2025-04-23 16:00:00,0,0,0
forecast_2705,2025-04-23 17:00:00,0,0,0
forecast_2706,2025-04-23 18:00:00,0,0,0
forecast_2707,2025-04-23 19:00:00,0,0,0
forecast_2708,2025-04-23 20:00:00,0,0,0
forecast_2709,2025-04-23 21:00:00,0,0,0
forecast_2710,2025-04-23 22:00:00,0,0,0
forecast_2711,2025-04-23 23:00:00,0,0,0
forecast_2712,2025-04-24 00:00:00,0,0,0
forecast_2713,2025-04-24 01:00:00,0,0,0
forecast_2714,2025-04-24 02:00:00,0,0,0
forecast_2715,2025-04-24 03:00:00,0,0,0
forecast_2716,2025-04-24 04:00:00,0,0,0
forecast_2717,2025-04-24 05:00:00,0,0,0
forecast_2718,2025-04-24 06:00:00,0,0,0
forecast_2719,2025-04-24 07:00:00,0,0,0
forecast_2720,2025-04-24 08:00:00,0,0,0
forecast_2721,2025-04-24 09:00:00,0,0,0
forecast_2722,2025-04-24 10:00:00,0,0,0
forecast_2723,2025-04-24 11:00:00,0,0,0
forecast_2724,2025-04-24 12:00:00,0,0,0
forecast_2725,2025-04-24 13:00:00,0,0,0
forecast_2726,2025-04-24 14:00:00,0,0,0
forecast_2727,2025-04-24 15:00:00,0,0,0
forecast_2728,2025-04-24 16:00:00,0,0,0
forecast_2729,2025-04-24 17:00:00,0,0,0
forecast_2730,2025-04-24 18:00:00,0,0,0
forecast_2731,2025-04-24 19:00:00,0,0,0
forecast_2732,2025-04-24 20:00:00,0,0,0
forecast_2733,2025-04-24 21:00:00,0,0,0
forecast_2734,2025-04-24 22:00:00,0,0,0
forecast_2735,2025-04-24 23:00:00,0,0,0
forecast_2736,2025-04-25 00:00:00,0,0,0
forecast_2737,2025-04-25 01:00:00,0,0,0
forecast_2738,2025-04-25 02:00:00,0,0,0
forecast_2739,2025-04-25 03:00:00,0,0,0
forecast_2740,2025-04-25 04:00:00,0,0,0
forecast_2741,2025-04-25 05:00:00,0,0,0
forecast_2742,2025-04-25 06:00:00,0,0,0
forecast_2743,2025-04-25 07:00:00,0,0,0
forecast_2744,2025-04-25 08:00:00,0,0,0
forecast_2745,2025-04-25 09:00:00,0,0,0
forecast_2746,2025-04-25 10:00:00,0,0,0
forecast_2747,2025-04-25 11:00:00,0,0,0
forecast_2748,2025-04-25 12:00:00,0,0,0
forecast_2749,2025-04-25 13:00:00,0,0,0
forecast_2750,2025-04-25 14:00:00,0,0,0
forecast_2751,2025-04-25 15:00:00,0,0,0
forecast_2752,2025-04-25 16:00:00,0,0,0
forecast_2753,2025-04-25 17:00:00,0,0,0
forecast_2754,2025-04-25 18:00:00,0,0,0
forecast_2755,2025-04-25 19:00:00,0,0,0
forecast_2756,2025-04-25 20:00:00,0,0,0
forecast_2757,2025-04-25 21:00:00,0,0,0
forecast_2758,2025-04-25 22:00:00,0,0,0
forecast_2759,2025-04-25 23:00:00,0,0,0
forecast_2760,2025-04-26 00:00:00,0,0,0
forecast_2761,2025-04-26 01:00:00,0,0,0
forecast_2762,2025-04-26 02:00:00,0,0,0
forecast_2763,2025-04-26 03:00:00,0,0,0
forecast_2764,2025-04-26 04:00:00,0,0,0
forecast_2765,2025-04-26 05:00:00,0,0,0
forecast_2766,2025-04-26 06:00:00,0,0,0
forecast_2767,2025-04-26 07:00:00,0,0,0
forecast_2768,2025-04-26 08:00:00,0,0,0
forecast_2769,2025-04-26 09:00:00,0,0,0
forecast_2770,2025-04-26 10:00:00,0,0,0
forecast_2771,2025-04-26 11:00:00,0,0,0
forecast_2772,2025-04-26 12:00:00,0,0,0
forecast_2773,2025-04-26 13:00:00,0,0,0
forecast_2774,2025-04-26 14:00:00,0,0,0
forecast_2775,2025-04-26 15:00:00,0,0,0
forecast_2776,2025-04-26 16:00:00,0,0,0
forecast_2777,2025-04-26 17:00:00,0,0,0
forecast_2778,2025-04-26 18:00:00,0,0,0
forecast_2779,2025-04-26 19:00:00,0,0,0
forecast_2780,2025-04-26 20:00:00,0,0,0
forecast_2781,2025-04-26 21:00:00,0,0,0
forecast_2782,2025-04-26 22:00:00,0,0,0
forecast_2783,2025-04-26 23:00:00,0,0,0
forecast_2784,2025-04-27 00:00:00,0,0,0
forecast_2785,2025-04-27 01:00:00,0,0,0
forecast_2786,2025-04-27 02:00:00,0,0,0
forecast_2787,2025-04-27 03:00:00,0,0,0
forecast_2788,2025-04-27 04:00:00,0,0,0
forecast_2789,2025-04-27 05:00:00,0,0,0
forecast_2790,2025-04-27 06:00:00,0,0,0
forecast_2791,2025-04-27 07:00:00,0,0,0
forecast_2792,2025-04-27 08:00:00,0,0,0
forecast_2793,2025-04-27 09:00:00,0,0,0
forecast_2794,2025-04-27 10:00:00,0,0,0
forecast_2795,2025-04-27 11:00:00,0,0,0
forecast_2796,2025-04-27 12:00:00,0,0,0
forecast_2797,2025-04-27 13:00:00,0,0,0
forecast_2798,2025-04-27 14:00:00,0,0,0
forecast_2799,2025-04-27 15:00:00,0,0,0
forecast_2800,2025-04-27 16:00:00,0,0,0
forecast_2801,2025-04-27 17:00:00,0,0,0
forecast_2802,2025-04-27 18:00:00,0,0,0
forecast_2803,2025-04-27 19:00:00,0,0,0
forecast_2804,2025-04-27 20:00:00,0,0,0
forecast_2805,2025-04-27 21:00:00,0,0,0
forecast_2806,2025-04-27 22:00:00,0,0,0
forecast_2807,2025-04-27 23:00:00,0,0,0
forecast_2808,2025-04-28 00:00:00,0,0,0
forecast_2809,2025-04-28 01:00:00,0,0,0
forecast_2810,2025-04-28 02:00:00,0,0,0
forecast_2811,2025-04-28 03:00:00,0,0,0
forecast_2812,2025-04-28 04:00:00,0,0,0
forecast_2813,2025-04-28 05:00:00,0,0,0
forecast_2814,2025-04-28 06:00:00,0,0,0
forecast_2815,2025-04-28 07:00:00,0,0,0
forecast_2816,2025-04-28 08:00:00,0,0,0
forecast_2817,2025-04-28 09:00:00,0,0,0
forecast_2818,2025-04-28 10:00:00,0,0,0
forecast_2819,2025-04-28 11:00:00,0,0,0
forecast_2820,2025-04-28 12:00:00,0,0,0
forecast_2821,2025-04-28 13:00:00,0,0,0
forecast_2822,2025-04-28 14:00:00,0,0,0
forecast_2823,2025-04-28 15:00:00,0,0,0
forecast_2824,2025-04-28 16:00:00,0,0,0
forecast_2825,2025-04-28 17:00:00,0,0,0
forecast_2826,2025-04-28 18:00:00,0,0,0
forecast_2827,2025-04-28 19:00:00,0,0,0
forecast_2828,2025-04-28 20:00:00,0,0,0
forecast_2829,2025-04-28 21:00:00,0,0,0
forecast_2830,2025-04-28 22:00:00,0,0,0
forecast_2831,2025-04-28 23:00:00,0,0,0
forecast_2832,2025-04-29 00:00:00,0,0,0
forecast_2833,2025-04-29 01:00:00,0,0,0
forecast_2834,2025-04-29 02:00:00,0,0,0
forecast_2835,2025-04-29 03:00:00,0,0,0
forecast_2836,2025-04-29 04:00:00,0,0,0
forecast_2837,2025-04-29 05:00:00,0,0,0
forecast_2838,2025-04-29 06:00:00,0,0,0
forecast_2839,2025-04-29 07:00:00,0,0,0
forecast_2840,2025-04-29 08:00:00,0,0,0
forecast_2841,2025-04-29 09:00:00,0,0,0
forecast_2842,2025-04-29 10:00:00,0,0,0
forecast_2843,2025-04-29 11:00:00,0,0,0
forecast_2844,2025-04-29 12:00:00,0,0,0
forecast_2845,2025-04-29 13:00:00,0,0,0
forecast_2846,2025-04-29 14:00:00,0,0,0
forecast_2847,2025-04-29 15:00:00,0,0,0
forecast_2848,2025-04-29 16:00:00,0,0,0
forecast_2849,2025-04-29 17:00:00,0,0,0
forecast_2850,2025-04-29 18:00:00,0,0,0
forecast_2851,2025-04-29 19:00:00,0,0,0
forecast_2852,2025-04-29 20:00:00,0,0,0
forecast_2853,2025-04-29 21:00:00,0,0,0
forecast_2854,2025-04-29 22:00:00,0,0,0
forecast_2855,2025-04-29 23:00:00,0,0,0
forecast_2856,2025-04-30 00:00:00,0,0,0
forecast_2857,2025-04-30 01:00:00,0,0,0
forecast_2858,2025-04-30 02:00:00,0,0,0
forecast_2859,2025-04-30 03:00:00,0,0,0
forecast_2860,2025-04-30 04:00:00,0,0,0
forecast_2861,2025-04-30 05:00:00,0,0,0
forecast_2862,2025-04-30 06:00:00,0,0,0
forecast_2863,2025-04-30 07:00:00,0,0,0
forecast_2864,2025-04-30 08:00:00,0,0,0
forecast_2865,2025-04-30 09:00:00,0,0,0
forecast_2866,2025-04-30 10:00:00,0,0,0
forecast_2867,2025-04-30 11:00:00,0,0,0
forecast_2868,2025-04-30 12:00:00,0,0,0
forecast_2869,2025-04-30 13:00:00,0,0,0
forecast_2870,2025-04-30 14:00:00,0,0,0
forecast_2871,2025-04-30 15:00:00,0,0,0
forecast_2872,2025-04-30 16:00:00,0,0,0
forecast_2873,2025-04-30 17:00:00,0,0,0
forecast_2874,2025-04-30 18:00:00,0,0,0
forecast_2875,2025-04-30 19:00:00,0,0,0
forecast_2876,2025-04-30 20:00:00,0,0,0
forecast_2877,2025-04-30 21:00:00,0,0,0
forecast_2878,2025-04-30 22:00:00,0,0,0
forecast_2879,2025-04-30 23:00:00,0,0,0
forecast_2880,2025-05-01 00:00:00,0,0,0
forecast_2881,2025-05-01 01:00:00,0,0,0
forecast_2882,2025-05-01 02:00:00,0,0,0
forecast_2883,2025-05-01 03:00:00,0,0,0
forecast_2884,2025-05-01 04:00:00,0,0,0
forecast_2885,2025-05-01 05:00:00,0,0,0
forecast_2886,2025-05-01 06:00:00,0,0,0
forecast_2887,2025-05-01 07:00:00,0,0,0
forecast_2888,2025-05-01 08:00:00,0,0,0
forecast_2889,2025-05-01 09:00:00,0,0,0
forecast_2890,2025-05-01 10:00:00,0,0,0
forecast_2891,2025-05-01 11:00:00,0,0,0
forecast_2892,2025-05-01 12:00:00,0,0,0
forecast_2893,2025-05-01 13:00:00,0,0,0
forecast_2894,2025-05-01 14:00:00,0,0,0
forecast_2895,2025-05-01 15:00:00,0,0,0
forecast_2896,2025-05-01 16:00:00,0,0,0
forecast_2897,2025-05-01 17:00:00,0,0,0
forecast_2898,2025-05-01 18:00:00,0,0,0
forecast_2899,2025-05-01 19:00:00,0,0,0
forecast_2900,2025-05-01 20:00:00,0,0,0
forecast_2901,2025-05-01 21:00:00,0,0,0
forecast_2902,2025-05-01 22:00:00,0,0,0
forecast_2903,2025-05-01 23:00:00,0,0,0
forecast_2904,2025-05-02 00:00:00,0,0,0
forecast_2905,2025-05-02 01:00:00,0,0,0
forecast_2906,2025-05-02 02:00:00,0,0,0
forecast_2907,2025-05-02 03:00:00,0,0,0
forecast_2908,2025-05-02 04:00:00,0,0,0
forecast_2909,2025-05-02 05:00:00,0,0,0
forecast_2910,2025-05-02 06:00:00,0,0,0
forecast_2911,2025-05-02 07:00:00,0,0,0
forecast_2912,2025-05-02 08:00:00,0,0,0
forecast_2913,2025-05-02 09:00:00,0,0,0
forecast_2914,2025-05-02 10:00:00,0,0,0
forecast_2915,2025-05-02 11:00:00,0,0,0
forecast_2916,2025-05-02 12:00:00,0,0,0
forecast_2917,2025-05-02 13:00:00,0,0,0
forecast_2918,2025-05-02 14:00:00,0,0,0
forecast_2919,2025-05-02 15:00:00,0,0,0
forecast_2920,2025-05-02 16:00:00,0,0,0
forecast_2921,2025-05-02 17:00:00,0,0,0
forecast_2922,2025-05-02 18:00:00,0,0,0
forecast_2923,2025-05-02 19:00:00,0,0,0
forecast_2924,2025-05-02 20:00:00,0,0,0
forecast_2925,2025-05-02 21:00:00,0,0,0
forecast_2926,2025-05-02 22:00:00,0,0,0
forecast_2927,2025-05-02 23:00:00,0,0,0
forecast_2928,2025-05-03 00:00:00,0,0,0
forecast_2929,2025-05-03 01:00:00,0,0,0
forecast_2930,2025-05-03 02:00:00,0,0,0
forecast_2931,2025-05-03 03:00:00,0,0,0
forecast_2932,2025-05-03 04:00:00,0,0,0
forecast_2933,2025-05-03 05:00:00,0,0,0
forecast_2934,2025-05-03 06:00:00,0,0,0
forecast_2935,2025-05-03 07:00:00,0,0,0
forecast_2936,2025-05-03 08:00:00,0,0,0
forecast_2937,2025-05-03 09:00:00,0,0,0
forecast_2938,2025-05-03 10:00:00,0,0,0
forecast_2939,2025-05-03 11:00:00,0,0,0
forecast_2940,2025-05-03 12:00:00,0,0,0
forecast_2941,2025-05-03 13:00:00,0,0,0
forecast_2942,2025-05-03 14:00:00,0,0,0
forecast_2943,2025-05-03 15:00:00,0,0,0
forecast_2944,2025-05-03 16:00:00,0,0,0
forecast_2945,2025-05-03 17:00:00,0,0,0
forecast_2946,2025-05-03 18:00:00,0,0,0
forecast_2947,2025-05-03 19:00:00,0,0,0
forecast_2948,2025-05-03 20:00:00,0,0,0
forecast_2949,2025-05-03 21:00:00,0,0,0
forecast_2950,2025-05-03 22:00:00,0,0,0
forecast_2951,2025-05-03 23:00:00,0,0,0
forecast_2952,2025-05-04 00:00:00,0,0,0
forecast_2953,2025-05-04 01:00:00,0,0,0
forecast_2954,2025-05-04 02:00:00,0,0,0
forecast_2955,2025-05-04 03:00:00,0,0,0
forecast_2956,2025-05-04 04:00:00,0,0,0
forecast_2957,2025-05-04 05:00:00,0,0,0
forecast_2958,2025-05-04 06:00:00,0,0,0
forecast_2959,2025-05-04 07:00:00,0,0,0
forecast_2960,2025-05-04 08:00:00,0,0,0
forecast_2961,2025-05-04 09:00:00,0,0,0
forecast_2962,2025-05-04 10:00:00,0,0,0
forecast_2963,2025-05-04 11:00:00,0,0,0
forecast_2964,2025-05-04 12:00:00,0,0,0
forecast_2965,2025-05-04 13:00:00,0,0,0
forecast_2966,2025-05-04 14:00:00,0,0,0
forecast_2967,2025-05-04 15:00:00,0,0,0
forecast_2968,2025-05-04 16:00:00,0,0,0
forecast_2969,2025-05-04 17:00:00,0,0,0
forecast_2970,2025-05-04 18:00:00,0,0,0
forecast_2971,2025-05-04 19:00:00,0,0,0
forecast_2972,2025-05-04 20:00:00,0,0,0
forecast_2973,2025-05-04 21:00:00,0,0,0
forecast_2974,2025-05-04 22:00:00,0,0,0
forecast_2975,2025-05-04 23:00:00,0,0,0
forecast_2976,2025-05-05 00:00:00,0,0,0
forecast_2977,2025-05-05 01:00:00,0,0,0
forecast_2978,2025-05-05 02:00:00,0,0,0
forecast_2979,2025-05-05 03:00:00,0,0,0
forecast_2980,2025-05-05 04:00:00,0,0,0
forecast_2981,2025-05-05 05:00:00,0,0,0
forecast_2982,2025-05-05 06:00:00,0,0,0
forecast_2983,2025-05-05 07:00:00,0,0,0
forecast_2984,2025-05-05 08:00:00,0,0,0
forecast_2985,2025-05-05 09:00:00,0,0,0
forecast_2986,2025-05-05 10:00:00,0,0,0
forecast_2987,2025-05-05 11:00:00,0,0,0
forecast_2988,2025-05-05 12:00:00,0,0,0
forecast_2989,2025-05-05 13:00:00,0,0,0
forecast_2990,2025-05-05 14:00:00,0,0,0
forecast_2991,2025-05-05 15:00:00,0,0,0
forecast_2992,2025-05-05 16:00:00,0,0,0
forecast_2993,2025-05-05 17:00:00,0,0,0
forecast_2994,2025-05-05 18:00:00,0,0,0
forecast_2995,2025-05-05 19:00:00,0,0,0
forecast_2996,2025-05-05 20:00:00,0,0,0
forecast_2997,2025-05-05 21:00:00,0,0,0
forecast_2998,2025-05-05 22:00:00,0,0,0
forecast_2999,2025-05-05 23:00:00,0,0,0
forecast_3000,2025-05-06 00:00:00,0,0,0
forecast_3001,2025-05-06 01:00:00,0,0,0
forecast_3002,2025-05-06 02:00:00,0,0,0
forecast_3003,2025-05-06 03:00:00,0,0,0
forecast_3004,2025-05-06 04:00:00,0,0,0
forecast_3005,2025-05-06 05:00:00,0,0,0
forecast_3006,2025-05-06 06:00:00,0,0,0
forecast_3007,2025-05-06 07:00:00,0,0,0
forecast_3008,2025-05-06 08:00:00,0,0,0
forecast_3009,2025-05-06 09:00:00,0,0,0
forecast_3010,2025-05-06 10:00:00,0,0,0
forecast_3011,2025-05-06 11:00:00,0,0,0
forecast_3012,2025-05-06 12:00:00,0,0,0
forecast_3013,2025-05-06 13:00:00,0,0,0
forecast_3014,2025-05-06 14:00:00,0,0,0
forecast_3015,2025-05-06 15:00:00,0,0,0
forecast_3016,2025-05-06 16:00:00,0,0,0
forecast_3017,2025-05-06 17:00:00,0,0,0
forecast_3018,2025-05-06 18:00:00,0,0,0
forecast_3019,2025-05-06 19:00:00,0,0,0
forecast_3020,2025-05-06 20:00:00,0,0,0
forecast_3021,2025-05-06 21:00:00,0,0,0
forecast_3022,2025-05-06 22:00:00,0,0,0
forecast_3023,2025-05-06 23:00:00,0,0,0
forecast_3024,2025-05-07 00:00:00,0,0,0
forecast_3025,2025-05-07 01:00:00,0,0,0
forecast_3026,2025-05-07 02:00:00,0,0,0
forecast_3027,2025-05-07 03:00:00,0,0,0
forecast_3028,2025-05-07 04:00:00,0,0,0
forecast_3029,2025-05-07 05:00:00,0,0,0
forecast_3030,2025-05-07 06:00:00,0,0,0
forecast_3031,2025-05-07 07:00:00,0,0,0
forecast_3032,2025-05-07 08:00:00,0,0,0
forecast_3033,2025-05-07 09:00:00,0,0,0
forecast_3034,2025-05-07 10:00:00,0,0,0
forecast_3035,2025-05-07 11:00:00,0,0,0
forecast_3036,2025-05-07 12:00:00,0,0,0
forecast_3037,2025-05-07 13:00:00,0,0,0
forecast_3038,2025-05-07 14:00:00,0,0,0
forecast_3039,2025-05-07 15:00:00,0,0,0
forecast_3040,2025-05-07 16:00:00,0,0,0
forecast_3041,2025-05-07 17:00:00,0,0,0
forecast_3042,2025-05-07 18:00:00,0,0,0
forecast_3043,2025-05-07 19:00:00,0,0,0
forecast_3044,2025-05-07 20:00:00,0,0,0
forecast_3045,2025-05-07 21:00:00,0,0,0
forecast_3046,2025-05-07 22:00:00,0,0,0
forecast_3047,2025-05-07 23:00:00,0,0,0
forecast_3048,2025-05-08 00:00:00,0,0,0
forecast_3049,2025-05-08 01:00:00,0,0,0
forecast_3050,2025-05-08 02:00:00,0,0,0
forecast_3051,2025-05-08 03:00:00,0,0,0
forecast_3052,2025-05-08 04:00:00,0,0,0
forecast_3053,2025-05-08 05:00:00,0,0,0
forecast_3054,2025-05-08 06:00:00,0,0,0
forecast_3055,2025-05-08 07:00:00,0,0,0
forecast_3056,2025-05-08 08:00:00,0,0,0
forecast_3057,2025-05-08 09:00:00,0,0,0
forecast_3058,2025-05-08 10:00:00,0,0,0
forecast_3059,2025-05-08 11:00:00,0,0,0
forecast_3060,2025-05-08 12:00:00,0,0,0
forecast_3061,2025-05-08 13:00:00,0,0,0
forecast_3062,2025-05-08 14:00:00,0,0,0
forecast_3063,2025-05-08 15:00:00,0,0,0
forecast_3064,2025-05-08 16:00:00,0,0,0
forecast_3065,2025-05-08 17:00:00,0,0,0
forecast_3066,2025-05-08 18:00:00,0,0,0
forecast_3067,2025-05-08 19:00:00,0,0,0
forecast_3068,2025-05-08 20:00:00,0,0,0
forecast_3069,2025-05-08 21:00:00,0,0,0
forecast_3070,2025-05-08 22:00:00,0,0,0
forecast_3071,2025-05-08 23:00:00,0,0,0
forecast_3072,2025-05-09 00:00:00,0,0,0
forecast_3073,2025-05-09 01:00:00,0,0,0
forecast_3074,2025-05-09 02:00:00,0,0,0
forecast_3075,2025-05-09 03:00:00,0,0,0
forecast_3076,2025-05-09 04:00:00,0,0,0
forecast_3077,2025-05-09 05:00:00,0,0,0
forecast_3078,2025-05-09 06:00:00,0,0,0
forecast_3079,2025-05-09 07:00:00,0,0,0
forecast_3080,2025-05-09 08:00:00,0,0,0
forecast_3081,2025-05-09 09:00:00,0,0,0
forecast_3082,2025-05-09 10:00:00,0,0,0
forecast_3083,2025-05-09 11:00:00,0,0,0
forecast_3084,2025-05-09 12:00:00,0,0,0
forecast_3085,2025-05-09 13:00:00,0,0,0
forecast_3086,2025-05-09 14:00:00,0,0,0
forecast_3087,2025-05-09 15:00:00,0,0,0
forecast_3088,2025-05-09 16:00:00,0,0,0
forecast_3089,2025-05-09 17:00:00,0,0,0
forecast_3090,2025-05-09 18:00:00,0,0,0
forecast_3091,2025-05-09 19:00:00,0,0,0
forecast_3092,2025-05-09 20:00:00,0,0,0
forecast_3093,2025-05-09 21:00:00,0,0,0
forecast_3094,2025-05-09 22:00:00,0,0,0
forecast_3095,2025-05-09 23:00:00,0,0,0
forecast_3096,2025-05-10 00:00:00,0,0,0
forecast_3097,2025-05-10 01:00:00,0,0,0
forecast_3098,2025-05-10 02:00:00,0,0,0
forecast_3099,2025-05-10 03:00:00,0,0,0
forecast_3100,2025-05-10 04:00:00,0,0,0
forecast_3101,2025-05-10 05:00:00,0,0,0
forecast_3102,2025-05-10 06:00:00,0,0,0
forecast_3103,2025-05-10 07:00:00,0,0,0
forecast_3104,2025-05-10 08:00:00,0,0,0
forecast_3105,2025-05-10 09:00:00,0,0,0
forecast_3106,2025-05-10 10:00:00,0,0,0
forecast_3107,2025-05-10 11:00:00,0,0,0
forecast_3108,2025-05-10 12:00:00,0,0,0
forecast_3109,2025-05-10 13:00:00,0,0,0
forecast_3110,2025-05-10 14:00:00,0,0,0
forecast_3111,2025-05-10 15:00:00,0,0,0
forecast_3112,2025-05-10 16:00:00,0,0,0
forecast_3113,2025-05-10 17:00:00,0,0,0
forecast_3114,2025-05-10 18:00:00,0,0,0
forecast_3115,2025-05-10 19:00:00,0,0,0
forecast_3116,2025-05-10 20:00:00,0,0,0
forecast_3117,2025-05-10 21:00:00,0,0,0
forecast_3118,2025-05-10 22:00:00,0,0,0
forecast_3119,2025-05-10 23:00:00,0,0,0
forecast_3120,2025-05-11 00:00:00,0,0,0
forecast_3121,2025-05-11 01:00:00,0,0,0
forecast_3122,2025-05-11 02:00:00,0,0,0
forecast_3123,2025-05-11 03:00:00,0,0,0
forecast_3124,2025-05-11 04:00:00,0,0,0
forecast_3125,2025-05-11 05:00:00,0,0,0
forecast_3126,2025-05-11 06:00:00,0,0,0
forecast_3127,2025-05-11 07:00:00,0,0,0
forecast_3128,2025-05-11 08:00:00,0,0,0
forecast_3129,2025-05-11 09:00:00,0,0,0
forecast_3130,2025-05-11 10:00:00,0,0,0
forecast_3131,2025-05-11 11:00:00,0,0,0
forecast_3132,2025-05-11 12:00:00,0,0,0
forecast_3133,2025-05-11 13:00:00,0,0,0
forecast_3134,2025-05-11 14:00:00,0,0,0
forecast_3135,2025-05-11 15:00:00,0,0,0
forecast_3136,2025-05-11 16:00:00,0,0,0
forecast_3137,2025-05-11 17:00:00,0,0,0
forecast_3138,2025-05-11 18:00:00,0,0,0
forecast_3139,2025-05-11 19:00:00,0,0,0
forecast_3140,2025-05-11 20:00:00,0,0,0
forecast_3141,2025-05-11 21:00:00,0,0,0
forecast_3142,2025-05-11 22:00:00,0,0,0
forecast_3143,2025-05-11 23:00:00,0,0,0
forecast_3144,2025-05-12 00:00:00,0,0,0
forecast_3145,2025-05-12 01:00:00,0,0,0
forecast_3146,2025-05-12 02:00:00,0,0,0
forecast_3147,2025-05-12 03:00:00,0,0,0
forecast_3148,2025-05-12 04:00:00,0,0,0
forecast_3149,2025-05-12 05:00:00,0,0,0
forecast_3150,2025-05-12 06:00:00,0,0,0
forecast_3151,2025-05-12 07:00:00,0,0,0
forecast_3152,2025-05-12 08:00:00,0,0,0
forecast_3153,2025-05-12 09:00:00,0,0,0
forecast_3154,2025-05-12 10:00:00,0,0,0
forecast_3155,2025-05-12 11:00:00,0,0,0
forecast_3156,2025-05-12 12:00:00,0,0,0
forecast_3157,2025-05-12 13:00:00,0,0,0
forecast_3158,2025-05-12 14:00:00,0,0,0
forecast_3159,2025-05-12 15:00:00,0,0,0
forecast_3160,2025-05-12 16:00:00,0,0,0
forecast_3161,2025-05-12 17:00:00,0,0,0
forecast_3162,2025-05-12 18:00:00,0,0,0
forecast_3163,2025-05-12 19:00:00,0,0,0
forecast_3164,2025-05-12 20:00:00,0,0,0
forecast_3165,2025-05-12 21:00:00,0,0,0
forecast_3166,2025-05-12 22:00:00,0,0,0
forecast_3167,2025-05-12 23:00:00,0,0,0
forecast_3168,2025-05-13 00:00:00,0,0,0
forecast_3169,2025-05-13 01:00:00,0,0,0
forecast_3170,2025-05-13 02:00:00,0,0,0
forecast_3171,2025-05-13 03:00:00,0,0,0
forecast_3172,2025-05-13 04:00:00,0,0,0
forecast_3173,2025-05-13 05:00:00,0,0,0
forecast_3174,2025-05-13 06:00:00,0,0,0
forecast_3175,2025-05-13 07:00:00,0,0,0
forecast_3176,2025-05-13 08:00:00,0,0,0
forecast_3177,2025-05-13 09:00:00,0,0,0
forecast_3178,2025-05-13 10:00:00,0,0,0
forecast_3179,2025-05-13 11:00:00,0,0,0
forecast_3180,2025-05-13 12:00:00,0,0,0
forecast_3181,2025-05-13 13:00:00,0,0,0
forecast_3182,2025-05-13 14:00:00,0,0,0
forecast_3183,2025-05-13 15:00:00,0,0,0
forecast_3184,2025-05-13 16:00:00,0,0,0
forecast_3185,2025-05-13 17:00:00,0,0,0
forecast_3186,2025-05-13 18:00:00,0,0,0
forecast_3187,2025-05-13 19:00:00,0,0,0
forecast_3188,2025-05-13 20:00:00,0,0,0
forecast_3189,2025-05-13 21:00:00,0,0,0
forecast_3190,2025-05-13 22:00:00,0,0,0
forecast_3191,2025-05-13 23:00:00,0,0,0
forecast_3192,2025-05-14 00:00:00,0,0,0
forecast_3193,2025-05-14 01:00:00,0,0,0
forecast_3194,2025-05-14 02:00:00,0,0,0
forecast_3195,2025-05-14 03:00:00,0,0,0
forecast_3196,2025-05-14 04:00:00,0,0,0
forecast_3197,2025-05-14 05:00:00,0,0,0
forecast_3198,2025-05-14 06:00:00,0,0,0
forecast_3199,2025-05-14 07:00:00,0,0,0
forecast_3200,2025-05-14 08:00:00,0,0,0
forecast_3201,2025-05-14 09:00:00,0,0,0
forecast_3202,2025-05-14 10:00:00,0,0,0
forecast_3203,2025-05-14 11:00:00,0,0,0
forecast_3204,2025-05-14 12:00:00,0,0,0
forecast_3205,2025-05-14 13:00:00,0,0,0
forecast_3206,2025-05-14 14:00:00,0,0,0
forecast_3207,2025-05-14 15:00:00,0,0,0
forecast_3208,2025-05-14 16:00:00,0,0,0
forecast_3209,2025-05-14 17:00:00,0,0,0
forecast_3210,2025-05-14 18:00:00,0,0,0
forecast_3211,2025-05-14 19:00:00,0,0,0
forecast_3212,2025-05-14 20:00:00,0,0,0
forecast_3213,2025-05-14 21:00:00,0,0,0
forecast_3214,2025-05-14 22:00:00,0,0,0
forecast_3215,2025-05-14 23:00:00,0,0,0
forecast_3216,2025-05-15 00:00:00,0,0,0
forecast_3217,2025-05-15 01:00:00,0,0,0
forecast_3218,2025-05-15 02:00:00,0,0,0
forecast_3219,2025-05-15 03:00:00,0,0,0
forecast_3220,2025-05-15 04:00:00,0,0,0
forecast_3221,2025-05-15 05:00:00,0,0,0
forecast_3222,2025-05-15 06:00:00,0,0,0
forecast_3223,2025-05-15 07:00:00,0,0,0
forecast_3224,2025-05-15 08:00:00,0,0,0
forecast_3225,2025-05-15 09:00:00,0,0,0
forecast_3226,2025-05-15 10:00:00,0,0,0
forecast_3227,2025-05-15 11:00:00,0,0,0
forecast_3228,2025-05-15 12:00:00,0,0,0
forecast_3229,2025-05-15 13:00:00,0,0,0
forecast_3230,2025-05-15 14:00:00,0,0,0
forecast_3231,2025-05-15 15:00:00,0,0,0
forecast_3232,2025-05-15 16:00:00,0,0,0
forecast_3233,2025-05-15 17:00:00,0,0,0
forecast_3234,2025-05-15 18:00:00,0,0,0
forecast_3235,2025-05-15 19:00:00,0,0,0
forecast_3236,2025-05-15 20:00:00,0,0,0
forecast_3237,2025-05-15 21:00:00,0,0,0
forecast_3238,2025-05-15 22:00:00,0,0,0
forecast_3239,2025-05-15 23:00:00,0,0,0
forecast_3240,2025-05-16 00:00:00,0,0,0
forecast_3241,2025-05-16 01:00:00,0,0,0
forecast_3242,2025-05-16 02:00:00,0,0,0
forecast_3243,2025-05-16 03:00:00,0,0,0
forecast_3244,2025-05-16 04:00:00,0,0,0
forecast_3245,2025-05-16 05:00:00,0,0,0
forecast_3246,2025-05-16 06:00:00,0,0,0
forecast_3247,2025-05-16 07:00:00,0,0,0
forecast_3248,2025-05-16 08:00:00,0,0,0
forecast_3249,2025-05-16 09:00:00,0,0,0
forecast_3250,2025-05-16 10:00:00,0,0,0
forecast_3251,2025-05-16 11:00:00,0,0,0
forecast_3252,2025-05-16 12:00:00,0,0,0
forecast_3253,2025-05-16 13:00:00,0,0,0
forecast_3254,2025-05-16 14:00:00,0,0,0
forecast_3255,2025-05-16 15:00:00,0,0,0
forecast_3256,2025-05-16 16:00:00,0,0,0
forecast_3257,2025-05-16 17:00:00,0,0,0
forecast_3258,2025-05-16 18:00:00,0,0,0
forecast_3259,2025-05-16 19:00:00,0,0,0
forecast_3260,2025-05-16 20:00:00,0,0,0
forecast_3261,2025-05-16 21:00:00,0,0,0
forecast_3262,2025-05-16 22:00:00,0,0,0
forecast_3263,2025-05-16 23:00:00,0,0,0
forecast_3264,2025-05-17 00:00:00,0,0,0
forecast_3265,2025-05-17 01:00:00,0,0,0
forecast_3266,2025-05-17 02:00:00,0,0,0
forecast_3267,2025-05-17 03:00:00,0,0,0
forecast_3268,2025-05-17 04:00:00,0,0,0
forecast_3269,2025-05-17 05:00:00,0,0,0
forecast_3270,2025-05-17 06:00:00,0,0,0
forecast_3271,2025-05-17 07:00:00,0,0,0
forecast_3272,2025-05-17 08:00:00,0,0,0
forecast_3273,2025-05-17 09:00:00,0,0,0
forecast_3274,2025-05-17 10:00:00,0,0,0
forecast_3275,2025-05-17 11:00:00,0,0,0
forecast_3276,2025-05-17 12:00:00,0,0,0
forecast_3277,2025-05-17 13:00:00,0,0,0
forecast_3278,2025-05-17 14:00:00,0,0,0
forecast_3279,2025-05-17 15:00:00,0,0,0
forecast_3280,2025-05-17 16:00:00,0,0,0
forecast_3281,2025-05-17 17:00:00,0,0,0
forecast_3282,2025-05-17 18:00:00,0,0,0
forecast_3283,2025-05-17 19:00:00,0,0,0
forecast_3284,2025-05-17 20:00:00,0,0,0
forecast_3285,2025-05-17 21:00:00,0,0,0
forecast_3286,2025-05-17 22:00:00,0,0,0
forecast_3287,2025-05-17 23:00:00,0,0,0
forecast_3288,2025-05-18 00:00:00,0,0,0
forecast_3289,2025-05-18 01:00:00,0,0,0
forecast_3290,2025-05-18 02:00:00,0,0,0
forecast_3291,2025-05-18 03:00:00,0,0,0
forecast_3292,2025-05-18 04:00:00,0,0,0
forecast_3293,2025-05-18 05:00:00,0,0,0
forecast_3294,2025-05-18 06:00:00,0,0,0
forecast_3295,2025-05-18 07:00:00,0,0,0
forecast_3296,2025-05-18 08:00:00,0,0,0
forecast_3297,2025-05-18 09:00:00,0,0,0
forecast_3298,2025-05-18 10:00:00,0,0,0
forecast_3299,2025-05-18 11:00:00,0,0,0
forecast_3300,2025-05-18 12:00:00,0,0,0
forecast_3301,2025-05-18 13:00:00,0,0,0
forecast_3302,2025-05-18 14:00:00,0,0,0
forecast_3303,2025-05-18 15:00:00,0,0,0
forecast_3304,2025-05-18 16:00:00,0,0,0
forecast_3305,2025-05-18 17:00:00,0,0,0
forecast_3306,2025-05-18 18:00:00,0,0,0
forecast_3307,2025-05-18 19:00:00,0,0,0
forecast_3308,2025-05-18 20:00:00,0,0,0
forecast_3309,2025-05-18 21:00:00,0,0,0
forecast_3310,2025-05-18 22:00:00,0,0,0
forecast_3311,2025-05-18 23:00:00,0,0,0
forecast_3312,2025-05-19 00:00:00,0,0,0
forecast_3313,2025-05-19 01:00:00,0,0,0
forecast_3314,2025-05-19 02:00:00,0,0,0
forecast_3315,2025-05-19 03:00:00,0,0,0
forecast_3316,2025-05-19 04:00:00,0,0,0
forecast_3317,2025-05-19 05:00:00,0,0,0
forecast_3318,2025-05-19 06:00:00,0,0,0
forecast_3319,2025-05-19 07:00:00,0,0,0
forecast_3320,2025-05-19 08:00:00,0,0,0
forecast_3321,2025-05-19 09:00:00,0,0,0
forecast_3322,2025-05-19 10:00:00,0,0,0
forecast_3323,2025-05-19 11:00:00,0,0,0
forecast_3324,2025-05-19 12:00:00,0,0,0
forecast_3325,2025-05-19 13:00:00,0,0,0
forecast_3326,2025-05-19 14:00:00,0,0,0
forecast_3327,2025-05-19 15:00:00,0,0,0
forecast_3328,2025-05-19 16:00:00,0,0,0
forecast_3329,2025-05-19 17:00:00,0,0,0
forecast_3330,2025-05-19 18:00:00,0,0,0
forecast_3331,2025-05-19 19:00:00,0,0,0
forecast_3332,2025-05-19 20:00:00,0,0,0
forecast_3333,2025-05-19 21:00:00,0,0,0
forecast_3334,2025-05-19 22:00:00,0,0,0
forecast_3335,2025-05-19 23:00:00,0,0,0
forecast_3336,2025-05-20 00:00:00,0,0,0
forecast_3337,2025-05-20 01:00:00,0,0,0
forecast_3338,2025-05-20 02:00:00,0,0,0
forecast_3339,2025-05-20 03:00:00,0,0,0
forecast_3340,2025-05-20 04:00:00,0,0,0
forecast_3341,2025-05-20 05:00:00,0,0,0
forecast_3342,2025-05-20 06:00:00,0,0,0
forecast_3343,2025-05-20 07:00:00,0,0,0
forecast_3344,2025-05-20 08:00:00,0,0,0
forecast_3345,2025-05-20 09:00:00,0,0,0
forecast_3346,2025-05-20 10:00:00,0,0,0
forecast_3347,2025-05-20 11:00:00,0,0,0
forecast_3348,2025-05-20 12:00:00,0,0,0
forecast_3349,2025-05-20 13:00:00,0,0,0
forecast_3350,2025-05-20 14:00:00,0,0,0
forecast_3351,2025-05-20 15:00:00,0,0,0
forecast_3352,2025-05-20 16:00:00,0,0,0
forecast_3353,2025-05-20 17:00:00,0,0,0
forecast_3354,2025-05-20 18:00:00,0,0,0
forecast_3355,2025-05-20 19:00:00,0,0,0
forecast_3356,2025-05-20 20:00:00,0,0,0
forecast_3357,2025-05-20 21:00:00,0,0,0
forecast_3358,2025-05-20 22:00:00,0,0,0
forecast_3359,2025-05-20 23:00:00,0,0,0
forecast_3360,2025-05-21 00:00:00,0,0,0
forecast_3361,2025-05-21 01:00:00,0,0,0
forecast_3362,2025-05-21 02:00:00,0,0,0
forecast_3363,2025-05-21 03:00:00,0,0,0
forecast_3364,2025-05-21 04:00:00,0,0,0
forecast_3365,2025-05-21 05:00:00,0,0,0
forecast_3366,2025-05-21 06:00:00,0,0,0
forecast_3367,2025-05-21 07:00:00,0,0,0
forecast_3368,2025-05-21 08:00:00,0,0,0
forecast_3369,2025-05-21 09:00:00,0,0,0
forecast_3370,2025-05-21 10:00:00,0,0,0
forecast_3371,2025-05-21 11:00:00,0,0,0
forecast_3372,2025-05-21 12:00:00,0,0,0
forecast_3373,2025-05-21 13:00:00,0,0,0
forecast_3374,2025-05-21 14:00:00,0,0,0
forecast_3375,2025-05-21 15:00:00,0,0,0
forecast_3376,2025-05-21 16:00:00,0,0,0
forecast_3377,2025-05-21 17:00:00,0,0,0
forecast_3378,2025-05-21 18:00:00,0,0,0
forecast_3379,2025-05-21 19:00:00,0,0,0
forecast_3380,2025-05-21 20:00:00,0,0,0
forecast_3381,2025-05-21 21:00:00,0,0,0
forecast_3382,2025-05-21 22:00:00,0,0,0
forecast_3383,2025-05-21 23:00:00,0,0,0
forecast_3384,2025-05-22 00:00:00,0,0,0
forecast_3385,2025-05-22 01:00:00,0,0,0
forecast_3386,2025-05-22 02:00:00,0,0,0
forecast_3387,2025-05-22 03:00:00,0,0,0
forecast_3388,2025-05-22 04:00:00,0,0,0
forecast_3389,2025-05-22 05:00:00,0,0,0
forecast_3390,2025-05-22 06:00:00,0,0,0
forecast_3391,2025-05-22 07:00:00,0,0,0
forecast_3392,2025-05-22 08:00:00,0,0,0
forecast_3393,2025-05-22 09:00:00,0,0,0
forecast_3394,2025-05-22 10:00:00,0,0,0
forecast_3395,2025-05-22 11:00:00,0,0,0
forecast_3396,2025-05-22 12:00:00,0,0,0
forecast_3397,2025-05-22 13:00:00,0,0,0
forecast_3398,2025-05-22 14:00:00,0,0,0
forecast_3399,2025-05-22 15:00:00,0,0,0
forecast_3400,2025-05-22 16:00:00,0,0,0
forecast_3401,2025-05-22 17:00:00,0,0,0
forecast_3402,2025-05-22 18:00:00,0,0,0
forecast_3403,2025-05-22 19:00:00,0,0,0
forecast_3404,2025-05-22 20:00:00,0,0,0
forecast_3405,2025-05-22 21:00:00,0,0,0
forecast_3406,2025-05-22 22:00:00,0,0,0
forecast_3407,2025-05-22 23:00:00,0,0,0
forecast_3408,2025-05-23 00:00:00,0,0,0
forecast_3409,2025-05-23 01:00:00,0,0,0
forecast_3410,2025-05-23 02:00:00,0,0,0
forecast_3411,2025-05-23 03:00:00,0,0,0
forecast_3412,2025-05-23 04:00:00,0,0,0
forecast_3413,2025-05-23 05:00:00,0,0,0
forecast_3414,2025-05-23 06:00:00,0,0,0
forecast_3415,2025-05-23 07:00:00,0,0,0
forecast_3416,2025-05-23 08:00:00,0,0,0
forecast_3417,2025-05-23 09:00:00,0,0,0
forecast_3418,2025-05-23 10:00:00,0,0,0
forecast_3419,2025-05-23 11:00:00,0,0,0
forecast_3420,2025-05-23 12:00:00,0,0,0
forecast_3421,2025-05-23 13:00:00,0,0,0
forecast_3422,2025-05-23 14:00:00,0,0,0
forecast_3423,2025-05-23 15:00:00,0,0,0
forecast_3424,2025-05-23 16:00:00,0,0,0
forecast_3425,2025-05-23 17:00:00,0,0,0
forecast_3426,2025-05-23 18:00:00,0,0,0
forecast_3427,2025-05-23 19:00:00,0,0,0
forecast_3428,2025-05-23 20:00:00,0,0,0
forecast_3429,2025-05-23 21:00:00,0,0,0
forecast_3430,2025-05-23 22:00:00,0,0,0
forecast_3431,2025-05-23 23:00:00,0,0,0
forecast_3432,2025-05-24 00:00:00,0,0,0
forecast_3433,2025-05-24 01:00:00,0,0,0
forecast_3434,2025-05-24 02:00:00,0,0,0
forecast_3435,2025-05-24 03:00:00,0,0,0
forecast_3436,2025-05-24 04:00:00,0,0,0
forecast_3437,2025-05-24 05:00:00,0,0,0
forecast_3438,2025-05-24 06:00:00,0,0,0
forecast_3439,2025-05-24 07:00:00,0,0,0
forecast_3440,2025-05-24 08:00:00,0,0,0
forecast_3441,2025-05-24 09:00:00,0,0,0
forecast_3442,2025-05-24 10:00:00,0,0,0
forecast_3443,2025-05-24 11:00:00,0,0,0
forecast_3444,2025-05-24 12:00:00,0,0,0
forecast_3445,2025-05-24 13:00:00,0,0,0
forecast_3446,2025-05-24 14:00:00,0,0,0
forecast_3447,2025-05-24 15:00:00,0,0,0
forecast_3448,2025-05-24 16:00:00,0,0,0
forecast_3449,2025-05-24 17:00:00,0,0,0
forecast_3450,2025-05-24 18:00:00,0,0,0
forecast_3451,2025-05-24 19:00:00,0,0,0
forecast_3452,2025-05-24 20:00:00,0,0,0
forecast_3453,2025-05-24 21:00:00,0,0,0
forecast_3454,2025-05-24 22:00:00,0,0,0
forecast_3455,2025-05-24 23:00:00,0,0,0
forecast_3456,2025-05-25 00:00:00,0,0,0
forecast_3457,2025-05-25 01:00:00,0,0,0
forecast_3458,2025-05-25 02:00:00,0,0,0
forecast_3459,2025-05-25 03:00:00,0,0,0
forecast_3460,2025-05-25 04:00:00,0,0,0
forecast_3461,2025-05-25 05:00:00,0,0,0
forecast_3462,2025-05-25 06:00:00,0,0,0
forecast_3463,2025-05-25 07:00:00,0,0,0
forecast_3464,2025-05-25 08:00:00,0,0,0
forecast_3465,2025-05-25 09:00:00,0,0,0
forecast_3466,2025-05-25 10:00:00,0,0,0
forecast_3467,2025-05-25 11:00:00,0,0,0
forecast_3468,2025-05-25 12:00:00,0,0,0
forecast_3469,2025-05-25 13:00:00,0,0,0
forecast_3470,2025-05-25 14:00:00,0,0,0
forecast_3471,2025-05-25 15:00:00,0,0,0
forecast_3472,2025-05-25 16:00:00,0,0,0
forecast_3473,2025-05-25 17:00:00,0,0,0
forecast_3474,2025-05-25 18:00:00,0,0,0
forecast_3475,2025-05-25 19:00:00,0,0,0
forecast_3476,2025-05-25 20:00:00,0,0,0
forecast_3477,2025-05-25 21:00:00,0,0,0
forecast_3478,2025-05-25 22:00:00,0,0,0
forecast_3479,2025-05-25 23:00:00,0,0,0
forecast_3480,2025-05-26 00:00:00,0,0,0
forecast_3481,2025-05-26 01:00:00,0,0,0
forecast_3482,2025-05-26 02:00:00,0,0,0
forecast_3483,2025-05-26 03:00:00,0,0,0
forecast_3484,2025-05-26 04:00:00,0,0,0
forecast_3485,2025-05-26 05:00:00,0,0,0
forecast_3486,2025-05-26 06:00:00,0,0,0
forecast_3487,2025-05-26 07:00:00,0,0,0
forecast_3488,2025-05-26 08:00:00,0,0,0
forecast_3489,2025-05-26 09:00:00,0,0,0
forecast_3490,2025-05-26 10:00:00,0,0,0
forecast_3491,2025-05-26 11:00:00,0,0,0
forecast_3492,2025-05-26 12:00:00,0,0,0
forecast_3493,2025-05-26 13:00:00,0,0,0
forecast_3494,2025-05-26 14:00:00,0,0,0
forecast_3495,2025-05-26 15:00:00,0,0,0
forecast_3496,2025-05-26 16:00:00,0,0,0
forecast_3497,2025-05-26 17:00:00,0,0,0
forecast_3498,2025-05-26 18:00:00,0,0,0
forecast_3499,2025-05-26 19:00:00,0,0,0
forecast_3500,2025-05-26 20:00:00,0,0,0
forecast_3501,2025-05-26 21:00:00,0,0,0
forecast_3502,2025-05-26 22:00:00,0,0,0
forecast_3503,2025-05-26 23:00:00,0,0,0
forecast_3504,2025-05-27 00:00:00,0,0,0
forecast_3505,2025-05-27 01:00:00,0,0,0
forecast_3506,2025-05-27 02:00:00,0,0,0
forecast_3507,2025-05-27 03:00:00,0,0,0
forecast_3508,2025-05-27 04:00:00,0,0,0
forecast_3509,2025-05-27 05:00:00,0,0,0
forecast_3510,2025-05-27 06:00:00,0,0,0
forecast_3511,2025-05-27 07:00:00,0,0,0
forecast_3512,2025-05-27 08:00:00,0,0,0
forecast_3513,2025-05-27 09:00:00,0,0,0
forecast_3514,2025-05-27 10:00:00,0,0,0
forecast_3515,2025-05-27 11:00:00,0,0,0
forecast_3516,2025-05-27 12:00:00,0,0,0
forecast_3517,2025-05-27 13:00:00,0,0,0
forecast_3518,2025-05-27 14:00:00,0,0,0
forecast_3519,2025-05-27 15:00:00,0,0,0
forecast_3520,2025-05-27 16:00:00,0,0,0
forecast_3521,2025-05-27 17:00:00,0,0,0
forecast_3522,2025-05-27 18:00:00,0,0,0
forecast_3523,2025-05-27 19:00:00,0,0,0
forecast_3524,2025-05-27 20:00:00,0,0,0
forecast_3525,2025-05-27 21:00:00,0,0,0
forecast_3526,2025-05-27 22:00:00,0,0,0
forecast_3527,2025-05-27 23:00:00,0,0,0
forecast_3528,2025-05-28 00:00:00,0,0,0
forecast_3529,2025-05-28 01:00:00,0,0,0
forecast_3530,2025-05-28 02:00:00,0,0,0
forecast_3531,2025-05-28 03:00:00,0,0,0
forecast_3532,2025-05-28 04:00:00,0,0,0
forecast_3533,2025-05-28 05:00:00,0,0,0
forecast_3534,2025-05-28 06:00:00,0,0,0
forecast_3535,2025-05-28 07:00:00,0,0,0
forecast_3536,2025-05-28 08:00:00,0,0,0
forecast_3537,2025-05-28 09:00:00,0,0,0
forecast_3538,2025-05-28 10:00:00,0,0,0
forecast_3539,2025-05-28 11:00:00,0,0,0
forecast_3540,2025-05-28 12:00:00,0,0,0
forecast_3541,2025-05-28 13:00:00,0,0,0
forecast_3542,2025-05-28 14:00:00,0,0,0
forecast_3543,2025-05-28 15:00:00,0,0,0
forecast_3544,2025-05-28 16:00:00,0,0,0
forecast_3545,2025-05-28 17:00:00,0,0,0
forecast_3546,2025-05-28 18:00:00,0,0,0
forecast_3547,2025-05-28 19:00:00,0,0,0
forecast_3548,2025-05-28 20:00:00,0,0,0
forecast_3549,2025-05-28 21:00:00,0,0,0
forecast_3550,2025-05-28 22:00:00,0,0,0
forecast_3551,2025-05-28 23:00:00,0,0,0
forecast_3552,2025-05-29 00:00:00,0,0,0
forecast_3553,2025-05-29 01:00:00,0,0,0
forecast_3554,2025-05-29 02:00:00,0,0,0
forecast_3555,2025-05-29 03:00:00,0,0,0
forecast_3556,2025-05-29 04:00:00,0,0,0
forecast_3557,2025-05-29 05:00:00,0,0,0
forecast_3558,2025-05-29 06:00:00,0,0,0
forecast_3559,2025-05-29 07:00:00,0,0,0
forecast_3560,2025-05-29 08:00:00,0,0,0
forecast_3561,2025-05-29 09:00:00,0,0,0
forecast_3562,2025-05-29 10:00:00,0,0,0
forecast_3563,2025-05-29 11:00:00,0,0,0
forecast_3564,2025-05-29 12:00:00,0,0,0
forecast_3565,2025-05-29 13:00:00,0,0,0
forecast_3566,2025-05-29 14:00:00,0,0,0
forecast_3567,2025-05-29 15:00:00,0,0,0
forecast_3568,2025-05-29 16:00:00,0,0,0
forecast_3569,2025-05-29 17:00:00,0,0,0
forecast_3570,2025-05-29 18:00:00,0,0,0
forecast_3571,2025-05-29 19:00:00,0,0,0
forecast_3572,2025-05-29 20:00:00,0,0,0
forecast_3573,2025-05-29 21:00:00,0,0,0
forecast_3574,2025-05-29 22:00:00,0,0,0
forecast_3575,2025-05-29 23:00:00,0,0,0
forecast_3576,2025-05-30 00:00:00,0,0,0
forecast_3577,2025-05-30 01:00:00,0,0,0
forecast_3578,2025-05-30 02:00:00,0,0,0
forecast_3579,2025-05-30 03:00:00,0,0,0
forecast_3580,2025-05-30 04:00:00,0,0,0
forecast_3581,2025-05-30 05:00:00,0,0,0
forecast_3582,2025-05-30 06:00:00,0,0,0
forecast_3583,2025-05-30 07:00:00,0,0,0
forecast_3584,2025-05-30 08:00:00,0,0,0
forecast_3585,2025-05-30 09:00:00,0,0,0
forecast_3586,2025-05-30 10:00:00,0,0,0
forecast_3587,2025-05-30 11:00:00,0,0,0
forecast_3588,2025-05-30 12:00:00,0,0,0
forecast_3589,2025-05-30 13:00:00,0,0,0
forecast_3590,2025-05-30 14:00:00,0,0,0
forecast_3591,2025-05-30 15:00:00,0,0,0
forecast_3592,2025-05-30 16:00:00,0,0,0
forecast_3593,2025-05-30 17:00:00,0,0,0
forecast_3594,2025-05-30 18:00:00,0,0,0
forecast_3595,2025-05-30 19:00:00,0,0,0
forecast_3596,2025-05-30 20:00:00,0,0,0
forecast_3597,2025-05-30 21:00:00,0,0,0
forecast_3598,2025-05-30 22:00:00,0,0,0
forecast_3599,2025-05-30 23:00:00,0,0,0
forecast_3600,2025-05-31 00:00:00,0,0,0
forecast_3601,2025-05-31 01:00:00,0,0,0
forecast_3602,2025-05-31 02:00:00,0,0,0
forecast_3603,2025-05-31 03:00:00,0,0,0
forecast_3604,2025-05-31 04:00:00,0,0,0
forecast_3605,2025-05-31 05:00:00,0,0,0
forecast_3606,2025-05-31 06:00:00,0,0,0
forecast_3607,2025-05-31 07:00:00,0,0,0
forecast_3608,2025-05-31 08:00:00,0,0,0
forecast_3609,2025-05-31 09:00:00,0,0,0
forecast_3610,2025-05-31 10:00:00,0,0,0
forecast_3611,2025-05-31 11:00:00,0,0,0
forecast_3612,2025-05-31 12:00:00,0,0,0
forecast_3613,2025-05-31 13:00:00,0,0,0
forecast_3614,2025-05-31 14:00:00,0,0,0
forecast_3615,2025-05-31 15:00:00,0,0,0
forecast_3616,2025-05-31 16:00:00,0,0,0
forecast_3617,2025-05-31 17:00:00,0,0,0
forecast_3618,2025-05-31 18:00:00,0,0,0
forecast_3619,2025-05-31 19:00:00,0,0,0
forecast_3620,2025-05-31 20:00:00,0,0,0
forecast_3621,2025-05-31 21:00:00,0,0,0
forecast_3622,2025-05-31 22:00:00,0,0,0
forecast_3623,2025-05-31 23:00:00,0,0,0
forecast_3624,2025-06-01 00:00:00,0,0,0
forecast_3625,2025-06-01 01:00:00,0,0,0
forecast_3626,2025-06-01 02:00:00,0,0,0
forecast_3627,2025-06-01 03:00:00,0,0,0
forecast_3628,2025-06-01 04:00:00,0,0,0
forecast_3629,2025-06-01 05:00:00,0,0,0
forecast_3630,2025-06-01 06:00:00,0,0,0
forecast_3631,2025-06-01 07:00:00,0,0,0
forecast_3632,2025-06-01 08:00:00,0,0,0
forecast_3633,2025-06-01 09:00:00,0,0,0
forecast_3634,2025-06-01 10:00:00,0,0,0
forecast_3635,2025-06-01 11:00:00,0,0,0
forecast_3636,2025-06-01 12:00:00,0,0,0
forecast_3637,2025-06-01 13:00:00,0,0,0
forecast_3638,2025-06-01 14:00:00,0,0,0
forecast_3639,2025-06-01 15:00:00,0,0,0
forecast_3640,2025-06-01 16:00:00,0,0,0
forecast_3641,2025-06-01 17:00:00,0,0,0
forecast_3642,2025-06-01 18:00:00,0,0,0
forecast_3643,2025-06-01 19:00:00,0,0,0
forecast_3644,2025-06-01 20:00:00,0,0,0
forecast_3645,2025-06-01 21:00:00,0,0,0
forecast_3646,2025-06-01 22:00:00,0,0,0
forecast_3647,2025-06-01 23:00:00,0,0,0
forecast_3648,2025-06-02 00:00:00,0,0,0
forecast_3649,2025-06-02 01:00:00,0,0,0
forecast_3650,2025-06-02 02:00:00,0,0,0
forecast_3651,2025-06-02 03:00:00,0,0,0
forecast_3652,2025-06-02 04:00:00,0,0,0
forecast_3653,2025-06-02 05:00:00,0,0,0
forecast_3654,2025-06-02 06:00:00,0,0,0
forecast_3655,2025-06-02 07:00:00,0,0,0
forecast_3656,2025-06-02 08:00:00,0,0,0
forecast_3657,2025-06-02 09:00:00,0,0,0
forecast_3658,2025-06-02 10:00:00,0,0,0
forecast_3659,2025-06-02 11:00:00,0,0,0
forecast_3660,2025-06-02 12:00:00,0,0,0
forecast_3661,2025-06-02 13:00:00,0,0,0
forecast_3662,2025-06-02 14:00:00,0,0,0
forecast_3663,2025-06-02 15:00:00,0,0,0
forecast_3664,2025-06-02 16:00:00,0,0,0
forecast_3665,2025-06-02 17:00:00,0,0,0
forecast_3666,2025-06-02 18:00:00,0,0,0
forecast_3667,2025-06-02 19:00:00,0,0,0
forecast_3668,2025-06-02 20:00:00,0,0,0
forecast_3669,2025-06-02 21:00:00,0,0,0
forecast_3670,2025-06-02 22:00:00,0,0,0
forecast_3671,2025-06-02 23:00:00,0,0,0
forecast_3672,2025-06-03 00:00:00,0,0,0
forecast_3673,2025-06-03 01:00:00,0,0,0
forecast_3674,2025-06-03 02:00:00,0,0,0
forecast_3675,2025-06-03 03:00:00,0,0,0
forecast_3676,2025-06-03 04:00:00,0,0,0
forecast_3677,2025-06-03 05:00:00,0,0,0
forecast_3678,2025-06-03 06:00:00,0,0,0
forecast_3679,2025-06-03 07:00:00,0,0,0
forecast_3680,2025-06-03 08:00:00,0,0,0
forecast_3681,2025-06-03 09:00:00,0,0,0
forecast_3682,2025-06-03 10:00:00,0,0,0
forecast_3683,2025-06-03 11:00:00,0,0,0
forecast_3684,2025-06-03 12:00:00,0,0,0
forecast_3685,2025-06-03 13:00:00,0,0,0
forecast_3686,2025-06-03 14:00:00,0,0,0
forecast_3687,2025-06-03 15:00:00,0,0,0
forecast_3688,2025-06-03 16:00:00,0,0,0
forecast_3689,2025-06-03 17:00:00,0,0,0
forecast_3690,2025-06-03 18:00:00,0,0,0
forecast_3691,2025-06-03 19:00:00,0,0,0
forecast_3692,2025-06-03 20:00:00,0,0,0
forecast_3693,2025-06-03 21:00:00,0,0,0
forecast_3694,2025-06-03 22:00:00,0,0,0
forecast_3695,2025-06-03 23:00:00,0,0,0
forecast_3696,2025-06-04 00:00:00,0,0,0
forecast_3697,2025-06-04 01:00:00,0,0,0
forecast_3698,2025-06-04 02:00:00,0,0,0
forecast_3699,2025-06-04 03:00:00,0,0,0
forecast_3700,2025-06-04 04:00:00,0,0,0
forecast_3701,2025-06-04 05:00:00,0,0,0
forecast_3702,2025-06-04 06:00:00,0,0,0
forecast_3703,2025-06-04 07:00:00,0,0,0
forecast_3704,2025-06-04 08:00:00,0,0,0
forecast_3705,2025-06-04 09:00:00,0,0,0
forecast_3706,2025-06-04 10:00:00,0,0,0
forecast_3707,2025-06-04 11:00:00,0,0,0
forecast_3708,2025-06-04 12:00:00,0,0,0
forecast_3709,2025-06-04 13:00:00,0,0,0
forecast_3710,2025-06-04 14:00:00,0,0,0
forecast_3711,2025-06-04 15:00:00,0,0,0
forecast_3712,2025-06-04 16:00:00,0,0,0
forecast_3713,2025-06-04 17:00:00,0,0,0
forecast_3714,2025-06-04 18:00:00,0,0,0
forecast_3715,2025-06-04 19:00:00,0,0,0
forecast_3716,2025-06-04 20:00:00,0,0,0
forecast_3717,2025-06-04 21:00:00,0,0,0
forecast_3718,2025-06-04 22:00:00,0,0,0
forecast_3719,2025-06-04 23:00:00,0,0,0
forecast_3720,2025-06-05 00:00:00,0,0,0
forecast_3721,2025-06-05 01:00:00,0,0,0
forecast_3722,2025-06-05 02:00:00,0,0,0
forecast_3723,2025-06-05 03:00:00,0,0,0
forecast_3724,2025-06-05 04:00:00,0,0,0
forecast_3725,2025-06-05 05:00:00,0,0,0
forecast_3726,2025-06-05 06:00:00,0,0,0
forecast_3727,2025-06-05 07:00:00,0,0,0
forecast_3728,2025-06-05 08:00:00,0,0,0
forecast_3729,2025-06-05 09:00:00,0,0,0
forecast_3730,2025-06-05 10:00:00,0,0,0
forecast_3731,2025-06-05 11:00:00,0,0,0
forecast_3732,2025-06-05 12:00:00,0,0,0
forecast_3733,2025-06-05 13:00:00,0,0,0
forecast_3734,2025-06-05 14:00:00,0,0,0
forecast_3735,2025-06-05 15:00:00,0,0,0
forecast_3736,2025-06-05 16:00:00,0,0,0
forecast_3737,2025-06-05 17:00:00,0,0,0
forecast_3738,2025-06-05 18:00:00,0,0,0
forecast_3739,2025-06-05 19:00:00,0,0,0
forecast_3740,2025-06-05 20:00:00,0,0,0
forecast_3741,2025-06-05 21:00:00,0,0,0
forecast_3742,2025-06-05 22:00:00,0,0,0
forecast_3743,2025-06-05 23:00:00,0,0,0
forecast_3744,2025-06-06 00:00:00,0,0,0
forecast_3745,2025-06-06 01:00:00,0,0,0
forecast_3746,2025-06-06 02:00:00,0,0,0
forecast_3747,2025-06-06 03:00:00,0,0,0
forecast_3748,2025-06-06 04:00:00,0,0,0
forecast_3749,2025-06-06 05:00:00,0,0,0
forecast_3750,2025-06-06 06:00:00,0,0,0
forecast_3751,2025-06-06 07:00:00,0,0,0
forecast_3752,2025-06-06 08:00:00,0,0,0
forecast_3753,2025-06-06 09:00:00,0,0,0
forecast_3754,2025-06-06 10:00:00,0,0,0
forecast_3755,2025-06-06 11:00:00,0,0,0
forecast_3756,2025-06-06 12:00:00,0,0,0
forecast_3757,2025-06-06 13:00:00,0,0,0
forecast_3758,2025-06-06 14:00:00,0,0,0
forecast_3759,2025-06-06 15:00:00,0,0,0
forecast_3760,2025-06-06 16:00:00,0,0,0
forecast_3761,2025-06-06 17:00:00,0,0,0
forecast_3762,2025-06-06 18:00:00,0,0,0
forecast_3763,2025-06-06 19:00:00,0,0,0
forecast_3764,2025-06-06 20:00:00,0,0,0
forecast_3765,2025-06-06 21:00:00,0,0,0
forecast_3766,2025-06-06 22:00:00,0,0,0
forecast_3767,2025-06-06 23:00:00,0,0,0
forecast_3768,2025-06-07 00:00:00,0,0,0
forecast_3769,2025-06-07 01:00:00,0,0,0
forecast_3770,2025-06-07 02:00:00,0,0,0
forecast_3771,2025-06-07 03:00:00,0,0,0
forecast_3772,2025-06-07 04:00:00,0,0,0
forecast_3773,2025-06-07 05:00:00,0,0,0
forecast_3774,2025-06-07 06:00:00,0,0,0
forecast_3775,2025-06-07 07:00:00,0,0,0
forecast_3776,2025-06-07 08:00:00,0,0,0
forecast_3777,2025-06-07 09:00:00,0,0,0
forecast_3778,2025-06-07 10:00:00,0,0,0
forecast_3779,2025-06-07 11:00:00,0,0,0
forecast_3780,2025-06-07 12:00:00,0,0,0
forecast_3781,2025-06-07 13:00:00,0,0,0
forecast_3782,2025-06-07 14:00:00,0,0,0
forecast_3783,2025-06-07 15:00:00,0,0,0
forecast_3784,2025-06-07 16:00:00,0,0,0
forecast_3785,2025-06-07 17:00:00,0,0,0
forecast_3786,2025-06-07 18:00:00,0,0,0
forecast_3787,2025-06-07 19:00:00,0,0,0
forecast_3788,2025-06-07 20:00:00,0,0,0
forecast_3789,2025-06-07 21:00:00,0,0,0
forecast_3790,2025-06-07 22:00:00,0,0,0
forecast_3791,2025-06-07 23:00:00,0,0,0
forecast_3792,2025-06-08 00:00:00,0,0,0
forecast_3793,2025-06-08 01:00:00,0,0,0
forecast_3794,2025-06-08 02:00:00,0,0,0
forecast_3795,2025-06-08 03:00:00,0,0,0
forecast_3796,2025-06-08 04:00:00,0,0,0
forecast_3797,2025-06-08 05:00:00,0,0,0
forecast_3798,2025-06-08 06:00:00,0,0,0
forecast_3799,2025-06-08 07:00:00,0,0,0
forecast_3800,2025-06-08 08:00:00,0,0,0
forecast_3801,2025-06-08 09:00:00,0,0,0
forecast_3802,2025-06-08 10:00:00,0,0,0
forecast_3803,2025-06-08 11:00:00,0,0,0
forecast_3804,2025-06-08 12:00:00,0,0,0
forecast_3805,2025-06-08 13:00:00,0,0,0
forecast_3806,2025-06-08 14:00:00,0,0,0
forecast_3807,2025-06-08 15:00:00,0,0,0
forecast_3808,2025-06-08 16:00:00,0,0,0
forecast_3809,2025-06-08 17:00:00,0,0,0
forecast_3810,2025-06-08 18:00:00,0,0,0
forecast_3811,2025-06-08 19:00:00,0,0,0
forecast_3812,2025-06-08 20:00:00,0,0,0
forecast_3813,2025-06-08 21:00:00,0,0,0
forecast_3814,2025-06-08 22:00:00,0,0,0
forecast_3815,2025-06-08 23:00:00,0,0,0
forecast_3816,2025-06-09 00:00:00,0,0,0
forecast_3817,2025-06-09 01:00:00,0,0,0
forecast_3818,2025-06-09 02:00:00,0,0,0
forecast_3819,2025-06-09 03:00:00,0,0,0
forecast_3820,2025-06-09 04:00:00,0,0,0
forecast_3821,2025-06-09 05:00:00,0,0,0
forecast_3822,2025-06-09 06:00:00,0,0,0
forecast_3823,2025-06-09 07:00:00,0,0,0
forecast_3824,2025-06-09 08:00:00,0,0,0
forecast_3825,2025-06-09 09:00:00,0,0,0
forecast_3826,2025-06-09 10:00:00,0,0,0
forecast_3827,2025-06-09 11:00:00,0,0,0
forecast_3828,2025-06-09 12:00:00,0,0,0
forecast_3829,2025-06-09 13:00:00,0,0,0
forecast_3830,2025-06-09 14:00:00,0,0,0
forecast_3831,2025-06-09 15:00:00,0,0,0
forecast_3832,2025-06-09 16:00:00,0,0,0
forecast_3833,2025-06-09 17:00:00,0,0,0
forecast_3834,2025-06-09 18:00:00,0,0,0
forecast_3835,2025-06-09 19:00:00,0,0,0
forecast_3836,2025-06-09 20:00:00,0,0,0
forecast_3837,2025-06-09 21:00:00,0,0,0
forecast_3838,2025-06-09 22:00:00,0,0,0
forecast_3839,2025-06-09 23:00:00,0,0,0
forecast_3840,2025-06-10 00:00:00,0,0,0
forecast_3841,2025-06-10 01:00:00,0,0,0
forecast_3842,2025-06-10 02:00:00,0,0,0
forecast_3843,2025-06-10 03:00:00,0,0,0
forecast_3844,2025-06-10 04:00:00,0,0,0
forecast_3845,2025-06-10 05:00:00,0,0,0
forecast_3846,2025-06-10 06:00:00,0,0,0
forecast_3847,2025-06-10 07:00:00,0,0,0
forecast_3848,2025-06-10 08:00:00,0,0,0
forecast_3849,2025-06-10 09:00:00,0,0,0
forecast_3850,2025-06-10 10:00:00,0,0,0
forecast_3851,2025-06-10 11:00:00,0,0,0
forecast_3852,2025-06-10 12:00:00,0,0,0
forecast_3853,2025-06-10 13:00:00,0,0,0
forecast_3854,2025-06-10 14:00:00,0,0,0
forecast_3855,2025-06-10 15:00:00,0,0,0
forecast_3856,2025-06-10 16:00:00,0,0,0
forecast_3857,2025-06-10 17:00:00,0,0,0
forecast_3858,2025-06-10 18:00:00,0,0,0
forecast_3859,2025-06-10 19:00:00,0,0,0
forecast_3860,2025-06-10 20:00:00,0,0,0
forecast_3861,2025-06-10 21:00:00,0,0,0
forecast_3862,2025-06-10 22:00:00,0,0,0
forecast_3863,2025-06-10 23:00:00,0,0,0
forecast_3864,2025-06-11 00:00:00,0,0,0
forecast_3865,2025-06-11 01:00:00,0,0,0
forecast_3866,2025-06-11 02:00:00,0,0,0
forecast_3867,2025-06-11 03:00:00,0,0,0
forecast_3868,2025-06-11 04:00:00,0,0,0
forecast_3869,2025-06-11 05:00:00,0,0,0
forecast_3870,2025-06-11 06:00:00,0,0,0
forecast_3871,2025-06-11 07:00:00,0,0,0
forecast_3872,2025-06-11 08:00:00,0,0,0
forecast_3873,2025-06-11 09:00:00,0,0,0
forecast_3874,2025-06-11 10:00:00,0,0,0
forecast_3875,2025-06-11 11:00:00,0,0,0
forecast_3876,2025-06-11 12:00:00,0,0,0
forecast_3877,2025-06-11 13:00:00,0,0,0
forecast_3878,2025-06-11 14:00:00,0,0,0
forecast_3879,2025-06-11 15:00:00,0,0,0
forecast_3880,2025-06-11 16:00:00,0,0,0
forecast_3881,2025-06-11 17:00:00,0,0,0
forecast_3882,2025-06-11 18:00:00,0,0,0
forecast_3883,2025-06-11 19:00:00,0,0,0
forecast_3884,2025-06-11 20:00:00,0,0,0
forecast_3885,2025-06-11 21:00:00,0,0,0
forecast_3886,2025-06-11 22:00:00,0,0,0
forecast_3887,2025-06-11 23:00:00,0,0,0
forecast_3888,2025-06-12 00:00:00,0,0,0
forecast_3889,2025-06-12 01:00:00,0,0,0
forecast_3890,2025-06-12 02:00:00,0,0,0
forecast_3891,2025-06-12 03:00:00,0,0,0
forecast_3892,2025-06-12 04:00:00,0,0,0
forecast_3893,2025-06-12 05:00:00,0,0,0
forecast_3894,2025-06-12 06:00:00,0,0,0
forecast_3895,2025-06-12 07:00:00,0,0,0
forecast_3896,2025-06-12 08:00:00,0,0,0
forecast_3897,2025-06-12 09:00:00,0,0,0
forecast_3898,2025-06-12 10:00:00,0,0,0
forecast_3899,2025-06-12 11:00:00,0,0,0
forecast_3900,2025-06-12 12:00:00,0,0,0
forecast_3901,2025-06-12 13:00:00,0,0,0
forecast_3902,2025-06-12 14:00:00,0,0,0
forecast_3903,2025-06-12 15:00:00,0,0,0
forecast_3904,2025-06-12 16:00:00,0,0,0
forecast_3905,2025-06-12 17:00:00,0,0,0
forecast_3906,2025-06-12 18:00:00,0,0,0
forecast_3907,2025-06-12 19:00:00,0,0,0
forecast_3908,2025-06-12 20:00:00,0,0,0
forecast_3909,2025-06-12 21:00:00,0,0,0
forecast_3910,2025-06-12 22:00:00,0,0,0
forecast_3911,2025-06-12 23:00:00,0,0,0
forecast_3912,2025-06-13 00:00:00,0,0,0
forecast_3913,2025-06-13 01:00:00,0,0,0
forecast_3914,2025-06-13 02:00:00,0,0,0
forecast_3915,2025-06-13 03:00:00,0,0,0
forecast_3916,2025-06-13 04:00:00,0,0,0
forecast_3917,2025-06-13 05:00:00,0,0,0
forecast_3918,2025-06-13 06:00:00,0,0,0
forecast_3919,2025-06-13 07:00:00,0,0,0
forecast_3920,2025-06-13 08:00:00,0,0,0
forecast_3921,2025-06-13 09:00:00,0,0,0
forecast_3922,2025-06-13 10:00:00,0,0,0
forecast_3923,2025-06-13 11:00:00,0,0,0
forecast_3924,2025-06-13 12:00:00,0,0,0
forecast_3925,2025-06-13 13:00:00,0,0,0
forecast_3926,2025-06-13 14:00:00,0,0,0
forecast_3927,2025-06-13 15:00:00,0,0,0
forecast_3928,2025-06-13 16:00:00,0,0,0
forecast_3929,2025-06-13 17:00:00,0,0,0
forecast_3930,2025-06-13 18:00:00,0,0,0
forecast_3931,2025-06-13 19:00:00,0,0,0
forecast_3932,2025-06-13 20:00:00,0,0,0
forecast_3933,2025-06-13 21:00:00,0,0,0
forecast_3934,2025-06-13 22:00:00,0,0,0
forecast_3935,2025-06-13 23:00:00,0,0,0
forecast_3936,2025-06-14 00:00:00,0,0,0
forecast_3937,2025-06-14 01:00:00,0,0,0
forecast_3938,2025-06-14 02:00:00,0,0,0
forecast_3939,2025-06-14 03:00:00,0,0,0
forecast_3940,2025-06-14 04:00:00,0,0,0
forecast_3941,2025-06-14 05:00:00,0,0,0
forecast_3942,2025-06-14 06:00:00,0,0,0
forecast_3943,2025-06-14 07:00:00,0,0,0
forecast_3944,2025-06-14 08:00:00,0,0,0
forecast_3945,2025-06-14 09:00:00,0,0,0
forecast_3946,2025-06-14 10:00:00,0,0,0
forecast_3947,2025-06-14 11:00:00,0,0,0
forecast_3948,2025-06-14 12:00:00,0,0,0
forecast_3949,2025-06-14 13:00:00,0,0,0
forecast_3950,2025-06-14 14:00:00,0,0,0
forecast_3951,2025-06-14 15:00:00,0,0,0
forecast_3952,2025-06-14 16:00:00,0,0,0
forecast_3953,2025-06-14 17:00:00,0,0,0
forecast_3954,2025-06-14 18:00:00,0,0,0
forecast_3955,2025-06-14 19:00:00,0,0,0
forecast_3956,2025-06-14 20:00:00,0,0,0
forecast_3957,2025-06-14 21:00:00,0,0,0
forecast_3958,2025-06-14 22:00:00,0,0,0
forecast_3959,2025-06-14 23:00:00,0,0,0
forecast_3960,2025-06-15 00:00:00,0,0,0
forecast_3961,2025-06-15 01:00:00,0,0,0
forecast_3962,2025-06-15 02:00:00,0,0,0
forecast_3963,2025-06-15 03:00:00,0,0,0
forecast_3964,2025-06-15 04:00:00,0,0,0
forecast_3965,2025-06-15 05:00:00,0,0,0
forecast_3966,2025-06-15 06:00:00,0,0,0
forecast_3967,2025-06-15 07:00:00,0,0,0
forecast_3968,2025-06-15 08:00:00,0,0,0
forecast_3969,2025-06-15 09:00:00,0,0,0
forecast_3970,2025-06-15 10:00:00,0,0,0
forecast_3971,2025-06-15 11:00:00,0,0,0
forecast_3972,2025-06-15 12:00:00,0,0,0
forecast_3973,2025-06-15 13:00:00,0,0,0
forecast_3974,2025-06-15 14:00:00,0,0,0
forecast_3975,2025-06-15 15:00:00,0,0,0
forecast_3976,2025-06-15 16:00:00,0,0,0
forecast_3977,2025-06-15 17:00:00,0,0,0
forecast_3978,2025-06-15 18:00:00,0,0,0
forecast_3979,2025-06-15 19:00:00,0,0,0
forecast_3980,2025-06-15 20:00:00,0,0,0
forecast_3981,2025-06-15 21:00:00,0,0,0
forecast_3982,2025-06-15 22:00:00,0,0,0
forecast_3983,2025-06-15 23:00:00,0,0,0
forecast_3984,2025-06-16 00:00:00,0,0,0
forecast_3985,2025-06-16 01:00:00,0,0,0
forecast_3986,2025-06-16 02:00:00,0,0,0
forecast_3987,2025-06-16 03:00:00,0,0,0
forecast_3988,2025-06-16 04:00:00,0,0,0
forecast_3989,2025-06-16 05:00:00,0,0,0
forecast_3990,2025-06-16 06:00:00,0,0,0
forecast_3991,2025-06-16 07:00:00,0,0,0
forecast_3992,2025-06-16 08:00:00,0,0,0
forecast_3993,2025-06-16 09:00:00,0,0,0
forecast_3994,2025-06-16 10:00:00,0,0,0
forecast_3995,2025-06-16 11:00:00,0,0,0
forecast_3996,2025-06-16 12:00:00,0,0,0
forecast_3997,2025-06-16 13:00:00,0,0,0
forecast_3998,2025-06-16 14:00:00,0,0,0
forecast_3999,2025-06-16 15:00:00,0,0,0
forecast_4000,2025-06-16 16:00:00,0,0,0
forecast_4001,2025-06-16 17:00:00,0,0,0
forecast_4002,2025-06-16 18:00:00,0,0,0
forecast_4003,2025-06-16 19:00:00,0,0,0
forecast_4004,2025-06-16 20:00:00,0,0,0
forecast_4005,2025-06-16 21:00:00,0,0,0
forecast_4006,2025-06-16 22:00:00,0,0,0
forecast_4007,2025-06-16 23:00:00,0,0,0
forecast_4008,2025-06-17 00:00:00,0,0,0
forecast_4009,2025-06-17 01:00:00,0,0,0
forecast_4010,2025-06-17 02:00:00,0,0,0
forecast_4011,2025-06-17 03:00:00,0,0,0
forecast_4012,2025-06-17 04:00:00,0,0,0
forecast_4013,2025-06-17 05:00:00,0,0,0
forecast_4014,2025-06-17 06:00:00,0,0,0
forecast_4015,2025-06-17 07:00:00,0,0,0
forecast_4016,2025-06-17 08:00:00,0,0,0
forecast_4017,2025-06-17 09:00:00,0,0,0
forecast_4018,2025-06-17 10:00:00,0,0,0
forecast_4019,2025-06-17 11:00:00,0,0,0
forecast_4020,2025-06-17 12:00:00,0,0,0
forecast_4021,2025-06-17 13:00:00,0,0,0
forecast_4022,2025-06-17 14:00:00,0,0,0
forecast_4023,2025-06-17 15:00:00,0,0,0
forecast_4024,2025-06-17 16:00:00,0,0,0
forecast_4025,2025-06-17 17:00:00,0,0,0
forecast_4026,2025-06-17 18:00:00,0,0,0
forecast_4027,2025-06-17 19:00:00,0,0,0
forecast_4028,2025-06-17 20:00:00,0,0,0
forecast_4029,2025-06-17 21:00:00,0,0,0
forecast_4030,2025-06-17 22:00:00,0,0,0
forecast_4031,2025-06-17 23:00:00,0,0,0
forecast_4032,2025-06-18 00:00:00,0,0,0
forecast_4033,2025-06-18 01:00:00,0,0,0
forecast_4034,2025-06-18 02:00:00,0,0,0
forecast_4035,2025-06-18 03:00:00,0,0,0
forecast_4036,2025-06-18 04:00:00,0,0,0
forecast_4037,2025-06-18 05:00:00,0,0,0
forecast_4038,2025-06-18 06:00:00,0,0,0
forecast_4039,2025-06-18 07:00:00,0,0,0
forecast_4040,2025-06-18 08:00:00,0,0,0
forecast_4041,2025-06-18 09:00:00,0,0,0
forecast_4042,2025-06-18 10:00:00,0,0,0
forecast_4043,2025-06-18 11:00:00,0,0,0
forecast_4044,2025-06-18 12:00:00,0,0,0
forecast_4045,2025-06-18 13:00:00,0,0,0
forecast_4046,2025-06-18 14:00:00,0,0,0
forecast_4047,2025-06-18 15:00:00,0,0,0
forecast_4048,2025-06-18 16:00:00,0,0,0
forecast_4049,2025-06-18 17:00:00,0,0,0
forecast_4050,2025-06-18 18:00:00,0,0,0
forecast_4051,2025-06-18 19:00:00,0,0,0
forecast_4052,2025-06-18 20:00:00,0,0,0
forecast_4053,2025-06-18 21:00:00,0,0,0
forecast_4054,2025-06-18 22:00:00,0,0,0
forecast_4055,2025-06-18 23:00:00,0,0,0
forecast_4056,2025-06-19 00:00:00,0,0,0
forecast_4057,2025-06-19 01:00:00,0,0,0
forecast_4058,2025-06-19 02:00:00,0,0,0
forecast_4059,2025-06-19 03:00:00,0,0,0
forecast_4060,2025-06-19 04:00:00,0,0,0
forecast_4061,2025-06-19 05:00:00,0,0,0
forecast_4062,2025-06-19 06:00:00,0,0,0
forecast_4063,2025-06-19 07:00:00,0,0,0
forecast_4064,2025-06-19 08:00:00,0,0,0
forecast_4065,2025-06-19 09:00:00,0,0,0
forecast_4066,2025-06-19 10:00:00,0,0,0
forecast_4067,2025-06-19 11:00:00,0,0,0
forecast_4068,2025-06-19 12:00:00,0,0,0
forecast_4069,2025-06-19 13:00:00,0,0,0
forecast_4070,2025-06-19 14:00:00,0,0,0
forecast_4071,2025-06-19 15:00:00,0,0,0
forecast_4072,2025-06-19 16:00:00,0,0,0
forecast_4073,2025-06-19 17:00:00,0,0,0
forecast_4074,2025-06-19 18:00:00,0,0,0
forecast_4075,2025-06-19 19:00:00,0,0,0
forecast_4076,2025-06-19 20:00:00,0,0,0
forecast_4077,2025-06-19 21:00:00,0,0,0
forecast_4078,2025-06-19 22:00:00,0,0,0
forecast_4079,2025-06-19 23:00:00,0,0,0
forecast_4080,2025-06-20 00:00:00,0,0,0
forecast_4081,2025-06-20 01:00:00,0,0,0
forecast_4082,2025-06-20 02:00:00,0,0,0
forecast_4083,2025-06-20 03:00:00,0,0,0
forecast_4084,2025-06-20 04:00:00,0,0,0
forecast_4085,2025-06-20 05:00:00,0,0,0
forecast_4086,2025-06-20 06:00:00,0,0,0
forecast_4087,2025-06-20 07:00:00,0,0,0
forecast_4088,2025-06-20 08:00:00,0,0,0
forecast_4089,2025-06-20 09:00:00,0,0,0
forecast_4090,2025-06-20 10:00:00,0,0,0
forecast_4091,2025-06-20 11:00:00,0,0,0
forecast_4092,2025-06-20 12:00:00,0,0,0
forecast_4093,2025-06-20 13:00:00,0,0,0
forecast_4094,2025-06-20 14:00:00,0,0,0
forecast_4095,2025-06-20 15:00:00,0,0,0
forecast_4096,2025-06-20 16:00:00,0,0,0
forecast_4097,2025-06-20 17:00:00,0,0,0
forecast_4098,2025-06-20 18:00:00,0,0,0
forecast_4099,2025-06-20 19:00:00,0,0,0
forecast_4100,2025-06-20 20:00:00,0,0,0
forecast_4101,2025-06-20 21:00:00,0,0,0
forecast_4102,2025-06-20 22:00:00,0,0,0
forecast_4103,2025-06-20 23:00:00,0,0,0
forecast_4104,2025-06-21 00:00:00,0,0,0
forecast_4105,2025-06-21 01:00:00,0,0,0
forecast_4106,2025-06-21 02:00:00,0,0,0
forecast_4107,2025-06-21 03:00:00,0,0,0
forecast_4108,2025-06-21 04:00:00,0,0,0
forecast_4109,2025-06-21 05:00:00,0,0,0
forecast_4110,2025-06-21 06:00:00,0,0,0
forecast_4111,2025-06-21 07:00:00,0,0,0
forecast_4112,2025-06-21 08:00:00,0,0,0
forecast_4113,2025-06-21 09:00:00,0,0,0
forecast_4114,2025-06-21 10:00:00,0,0,0
forecast_4115,2025-06-21 11:00:00,0,0,0
forecast_4116,2025-06-21 12:00:00,0,0,0
forecast_4117,2025-06-21 13:00:00,0,0,0
forecast_4118,2025-06-21 14:00:00,0,0,0
forecast_4119,2025-06-21 15:00:00,0,0,0
forecast_4120,2025-06-21 16:00:00,0,0,0
forecast_4121,2025-06-21 17:00:00,0,0,0
forecast_4122,2025-06-21 18:00:00,0,0,0
forecast_4123,2025-06-21 19:00:00,0,0,0
forecast_4124,2025-06-21 20:00:00,0,0,0
forecast_4125,2025-06-21 21:00:00,0,0,0
forecast_4126,2025-06-21 22:00:00,0,0,0
forecast_4127,2025-06-21 23:00:00,0,0,0
forecast_4128,2025-06-22 00:00:00,0,0,0
forecast_4129,2025-06-22 01:00:00,0,0,0
forecast_4130,2025-06-22 02:00:00,0,0,0
forecast_4131,2025-06-22 03:00:00,0,0,0
forecast_4132,2025-06-22 04:00:00,0,0,0
forecast_4133,2025-06-22 05:00:00,0,0,0
forecast_4134,2025-06-22 06:00:00,0,0,0
forecast_4135,2025-06-22 07:00:00,0,0,0
forecast_4136,2025-06-22 08:00:00,0,0,0
forecast_4137,2025-06-22 09:00:00,0,0,0
forecast_4138,2025-06-22 10:00:00,0,0,0
forecast_4139,2025-06-22 11:00:00,0,0,0
forecast_4140,2025-06-22 12:00:00,0,0,0
forecast_4141,2025-06-22 13:00:00,0,0,0
forecast_4142,2025-06-22 14:00:00,0,0,0
forecast_4143,2025-06-22 15:00:00,0,0,0
forecast_4144,2025-06-22 16:00:00,0,0,0
forecast_4145,2025-06-22 17:00:00,0,0,0
forecast_4146,2025-06-22 18:00:00,0,0,0
forecast_4147,2025-06-22 19:00:00,0,0,0
forecast_4148,2025-06-22 20:00:00,0,0,0
forecast_4149,2025-06-22 21:00:00,0,0,0
forecast_4150,2025-06-22 22:00:00,0,0,0
forecast_4151,2025-06-22 23:00:00,0,0,0
forecast_4152,2025-06-23 00:00:00,0,0,0
forecast_4153,2025-06-23 01:00:00,0,0,0
forecast_4154,2025-06-23 02:00:00,0,0,0
forecast_4155,2025-06-23 03:00:00,0,0,0
forecast_4156,2025-06-23 04:00:00,0,0,0
forecast_4157,2025-06-23 05:00:00,0,0,0
forecast_4158,2025-06-23 06:00:00,0,0,0
forecast_4159,2025-06-23 07:00:00,0,0,0
forecast_4160,2025-06-23 08:00:00,0,0,0
forecast_4161,2025-06-23 09:00:00,0,0,0
forecast_4162,2025-06-23 10:00:00,0,0,0
forecast_4163,2025-06-23 11:00:00,0,0,0
forecast_4164,2025-06-23 12:00:00,0,0,0
forecast_4165,2025-06-23 13:00:00,0,0,0
forecast_4166,2025-06-23 14:00:00,0,0,0
forecast_4167,2025-06-23 15:00:00,0,0,0
forecast_4168,2025-06-23 16:00:00,0,0,0
forecast_4169,2025-06-23 17:00:00,0,0,0
forecast_4170,2025-06-23 18:00:00,0,0,0
forecast_4171,2025-06-23 19:00:00,0,0,0
forecast_4172,2025-06-23 20:00:00,0,0,0
forecast_4173,2025-06-23 21:00:00,0,0,0
forecast_4174,2025-06-23 22:00:00,0,0,0
forecast_4175,2025-06-23 23:00:00,0,0,0
forecast_4176,2025-06-24 00:00:00,0,0,0
forecast_4177,2025-06-24 01:00:00,0,0,0
forecast_4178,2025-06-24 02:00:00,0,0,0
forecast_4179,2025-06-24 03:00:00,0,0,0
forecast_4180,2025-06-24 04:00:00,0,0,0
forecast_4181,2025-06-24 05:00:00,0,0,0
forecast_4182,2025-06-24 06:00:00,0,0,0
forecast_4183,2025-06-24 07:00:00,0,0,0
forecast_4184,2025-06-24 08:00:00,0,0,0
forecast_4185,2025-06-24 09:00:00,0,0,0
forecast_4186,2025-06-24 10:00:00,0,0,0
forecast_4187,2025-06-24 11:00:00,0,0,0
forecast_4188,2025-06-24 12:00:00,0,0,0
forecast_4189,2025-06-24 13:00:00,0,0,0
forecast_4190,2025-06-24 14:00:00,0,0,0
forecast_4191,2025-06-24 15:00:00,0,0,0
forecast_4192,2025-06-24 16:00:00,0,0,0
forecast_4193,2025-06-24 17:00:00,0,0,0
forecast_4194,2025-06-24 18:00:00,0,0,0
forecast_4195,2025-06-24 19:00:00,0,0,0
forecast_4196,2025-06-24 20:00:00,0,0,0
forecast_4197,2025-06-24 21:00:00,0,0,0
forecast_4198,2025-06-24 22:00:00,0,0,0
forecast_4199,2025-06-24 23:00:00,0,0,0
forecast_4200,2025-06-25 00:00:00,0,0,0
forecast_4201,2025-06-25 01:00:00,0,0,0
forecast_4202,2025-06-25 02:00:00,0,0,0
forecast_4203,2025-06-25 03:00:00,0,0,0
forecast_4204,2025-06-25 04:00:00,0,0,0
forecast_4205,2025-06-25 05:00:00,0,0,0
forecast_4206,2025-06-25 06:00:00,0,0,0
forecast_4207,2025-06-25 07:00:00,0,0,0
forecast_4208,2025-06-25 08:00:00,0,0,0
forecast_4209,2025-06-25 09:00:00,0,0,0
forecast_4210,2025-06-25 10:00:00,0,0,0
forecast_4211,2025-06-25 11:00:00,0,0,0
forecast_4212,2025-06-25 12:00:00,0,0,0
forecast_4213,2025-06-25 13:00:00,0,0,0
forecast_4214,2025-06-25 14:00:00,0,0,0
forecast_4215,2025-06-25 15:00:00,0,0,0
forecast_4216,2025-06-25 16:00:00,0,0,0
forecast_4217,2025-06-25 17:00:00,0,0,0
forecast_4218,2025-06-25 18:00:00,0,0,0
forecast_4219,2025-06-25 19:00:00,0,0,0
forecast_4220,2025-06-25 20:00:00,0,0,0
forecast_4221,2025-06-25 21:00:00,0,0,0
forecast_4222,2025-06-25 22:00:00,0,0,0
forecast_4223,2025-06-25 23:00:00,0,0,0
forecast_4224,2025-06-26 00:00:00,0,0,0
forecast_4225,2025-06-26 01:00:00,0,0,0
forecast_4226,2025-06-26 02:00:00,0,0,0
forecast_4227,2025-06-26 03:00:00,0,0,0
forecast_4228,2025-06-26 04:00:00,0,0,0
forecast_4229,2025-06-26 05:00:00,0,0,0
forecast_4230,2025-06-26 06:00:00,0,0,0
forecast_4231,2025-06-26 07:00:00,0,0,0
forecast_4232,2025-06-26 08:00:00,0,0,0
forecast_4233,2025-06-26 09:00:00,0,0,0
forecast_4234,2025-06-26 10:00:00,0,0,0
forecast_4235,2025-06-26 11:00:00,0,0,0
forecast_4236,2025-06-26 12:00:00,0,0,0
forecast_4237,2025-06-26 13:00:00,0,0,0
forecast_4238,2025-06-26 14:00:00,0,0,0
forecast_4239,2025-06-26 15:00:00,0,0,0
forecast_4240,2025-06-26 16:00:00,0,0,0
forecast_4241,2025-06-26 17:00:00,0,0,0
forecast_4242,2025-06-26 18:00:00,0,0,0
forecast_4243,2025-06-26 19:00:00,0,0,0
forecast_4244,2025-06-26 20:00:00,0,0,0
forecast_4245,2025-06-26 21:00:00,0,0,0
forecast_4246,2025-06-26 22:00:00,0,0,0
forecast_4247,2025-06-26 23:00:00,0,0,0
forecast_4248,2025-06-27 00:00:00,0,0,0
forecast_4249,2025-06-27 01:00:00,0,0,0
forecast_4250,2025-06-27 02:00:00,0,0,0
forecast_4251,2025-06-27 03:00:00,0,0,0
forecast_4252,2025-06-27 04:00:00,0,0,0
forecast_4253,2025-06-27 05:00:00,0,0,0
forecast_4254,2025-06-27 06:00:00,0,0,0
forecast_4255,2025-06-27 07:00:00,0,0,0
forecast_4256,2025-06-27 08:00:00,0,0,0
forecast_4257,2025-06-27 09:00:00,0,0,0
forecast_4258,2025-06-27 10:00:00,0,0,0
forecast_4259,2025-06-27 11:00:00,0,0,0
forecast_4260,2025-06-27 12:00:00,0,0,0
forecast_4261,2025-06-27 13:00:00,0,0,0
forecast_4262,2025-06-27 14:00:00,0,0,0
forecast_4263,2025-06-27 15:00:00,0,0,0
forecast_4264,2025-06-27 16:00:00,0,0,0
forecast_4265,2025-06-27 17:00:00,0,0,0
forecast_4266,2025-06-27 18:00:00,0,0,0
forecast_4267,2025-06-27 19:00:00,0,0,0
forecast_4268,2025-06-27 20:00:00,0,0,0
forecast_4269,2025-06-27 21:00:00,0,0,0
forecast_4270,2025-06-27 22:00:00,0,0,0
forecast_4271,2025-06-27 23:00:00,0,0,0
forecast_4272,2025-06-28 00:00:00,0,0,0
forecast_4273,2025-06-28 01:00:00,0,0,0
forecast_4274,2025-06-28 02:00:00,0,0,0
forecast_4275,2025-06-28 03:00:00,0,0,0
forecast_4276,2025-06-28 04:00:00,0,0,0
forecast_4277,2025-06-28 05:00:00,0,0,0
forecast_4278,2025-06-28 06:00:00,0,0,0
forecast_4279,2025-06-28 07:00:00,0,0,0
forecast_4280,2025-06-28 08:00:00,0,0,0
forecast_4281,2025-06-28 09:00:00,0,0,0
forecast_4282,2025-06-28 10:00:00,0,0,0
forecast_4283,2025-06-28 11:00:00,0,0,0
forecast_4284,2025-06-28 12:00:00,0,0,0
forecast_4285,2025-06-28 13:00:00,0,0,0
forecast_4286,2025-06-28 14:00:00,0,0,0
forecast_4287,2025-06-28 15:00:00,0,0,0
forecast_4288,2025-06-28 16:00:00,0,0,0
forecast_4289,2025-06-28 17:00:00,0,0,0
forecast_4290,2025-06-28 18:00:00,0,0,0
forecast_4291,2025-06-28 19:00:00,0,0,0
forecast_4292,2025-06-28 20:00:00,0,0,0
forecast_4293,2025-06-28 21:00:00,0,0,0
forecast_4294,2025-06-28 22:00:00,0,0,0
forecast_4295,2025-06-28 23:00:00,0,0,0
forecast_4296,2025-06-29 00:00:00,0,0,0
forecast_4297,2025-06-29 01:00:00,0,0,0
forecast_4298,2025-06-29 02:00:00,0,0,0
forecast_4299,2025-06-29 03:00:00,0,0,0
forecast_4300,2025-06-29 04:00:00,0,0,0
forecast_4301,2025-06-29 05:00:00,0,0,0
forecast_4302,2025-06-29 06:00:00,0,0,0
forecast_4303,2025-06-29 07:00:00,0,0,0
forecast_4304,2025-06-29 08:00:00,0,0,0
forecast_4305,2025-06-29 09:00:00,0,0,0
forecast_4306,2025-06-29 10:00:00,0,0,0
forecast_4307,2025-06-29 11:00:00,0,0,0
forecast_4308,2025-06-29 12:00:00,0,0,0
forecast_4309,2025-06-29 13:00:00,0,0,0
forecast_4310,2025-06-29 14:00:00,0,0,0
forecast_4311,2025-06-29 15:00:00,0,0,0
forecast_4312,2025-06-29 16:00:00,0,0,0
forecast_4313,2025-06-29 17:00:00,0,0,0
forecast_4314,2025-06-29 18:00:00,0,0,0
forecast_4315,2025-06-29 19:00:00,0,0,0
forecast_4316,2025-06-29 20:00:00,0,0,0
forecast_4317,2025-06-29 21:00:00,0,0,0
forecast_4318,2025-06-29 22:00:00,0,0,0
forecast_4319,2025-06-29 23:00:00,0,0,0
forecast_4320,2025-06-30 00:00:00,0,0,0
forecast_4321,2025-06-30 01:00:00,0,0,0
forecast_4322,2025-06-30 02:00:00,0,0,0
forecast_4323,2025-06-30 03:00:00,0,0,0
forecast_4324,2025-06-30 04:00:00,0,0,0
forecast_4325,2025-06-30 05:00:00,0,0,0
forecast_4326,2025-06-30 06:00:00,0,0,0
forecast_4327,2025-06-30 07:00:00,0,0,0
forecast_4328,2025-06-30 08:00:00,0,0,0
forecast_4329,2025-06-30 09:00:00,0,0,0
forecast_4330,2025-06-30 10:00:00,0,0,0
forecast_4331,2025-06-30 11:00:00,0,0,0
forecast_4332,2025-06-30 12:00:00,0,0,0
forecast_4333,2025-06-30 13:00:00,0,0,0
forecast_4334,2025-06-30 14:00:00,0,0,0
forecast_4335,2025-06-30 15:00:00,0,0,0
forecast_4336,2025-06-30 16:00:00,0,0,0
forecast_4337,2025-06-30 17:00:00,0,0,0
forecast_4338,2025-06-30 18:00:00,0,0,0
forecast_4339,2025-06-30 19:00:00,0,0,0
forecast_4340,2025-06-30 20:00:00,0,0,0
forecast_4341,2025-06-30 21:00:00,0,0,0
forecast_4342,2025-06-30 22:00:00,0,0,0
forecast_4343,2025-06-30 23:00:00,0,0,0
forecast_4344,2025-07-01 00:00:00,0,0,0
forecast_4345,2025-07-01 01:00:00,0,0,0
forecast_4346,2025-07-01 02:00:00,0,0,0
forecast_4347,2025-07-01 03:00:00,0,0,0
forecast_4348,2025-07-01 04:00:00,0,0,0
forecast_4349,2025-07-01 05:00:00,0,0,0
forecast_4350,2025-07-01 06:00:00,0,0,0
forecast_4351,2025-07-01 07:00:00,0,0,0
forecast_4352,2025-07-01 08:00:00,0,0,0
forecast_4353,2025-07-01 09:00:00,0,0,0
forecast_4354,2025-07-01 10:00:00,0,0,0
forecast_4355,2025-07-01 11:00:00,0,0,0
forecast_4356,2025-07-01 12:00:00,0,0,0
forecast_4357,2025-07-01 13:00:00,0,0,0
forecast_4358,2025-07-01 14:00:00,0,0,0
forecast_4359,2025-07-01 15:00:00,0,0,0
forecast_4360,2025-07-01 16:00:00,0,0,0
forecast_4361,2025-07-01 17:00:00,0,0,0
forecast_4362,2025-07-01 18:00:00,0,0,0
forecast_4363,2025-07-01 19:00:00,0,0,0
forecast_4364,2025-07-01 20:00:00,0,0,0
forecast_4365,2025-07-01 21:00:00,0,0,0
forecast_4366,2025-07-01 22:00:00,0,0,0
forecast_4367,2025-07-01 23:00:00,0,0,0
forecast_4368,2025-07-02 00:00:00,0,0,0
forecast_4369,2025-07-02 01:00:00,0,0,0
forecast_4370,2025-07-02 02:00:00,0,0,0
forecast_4371,2025-07-02 03:00:00,0,0,0
forecast_4372,2025-07-02 04:00:00,0,0,0
forecast_4373,2025-07-02 05:00:00,0,0,0
forecast_4374,2025-07-02 06:00:00,0,0,0
forecast_4375,2025-07-02 07:00:00,0,0,0
forecast_4376,2025-07-02 08:00:00,0,0,0
forecast_4377,2025-07-02 09:00:00,0,0,0
forecast_4378,2025-07-02 10:00:00,0,0,0
forecast_4379,2025-07-02 11:00:00,0,0,0
forecast_4380,2025-07-02 12:00:00,0,0,0
forecast_4381,2025-07-02 13:00:00,0,0,0
forecast_4382,2025-07-02 14:00:00,0,0,0
forecast_4383,2025-07-02 15:00:00,0,0,0
forecast_4384,2025-07-02 16:00:00,0,0,0
forecast_4385,2025-07-02 17:00:00,0,0,0
forecast_4386,2025-07-02 18:00:00,0,0,0
forecast_4387,2025-07-02 19:00:00,0,0,0
forecast_4388,2025-07-02 20:00:00,0,0,0
forecast_4389,2025-07-02 21:00:00,0,0,0
forecast_4390,2025-07-02 22:00:00,0,0,0
forecast_4391,2025-07-02 23:00:00,0,0,0
forecast_4392,2025-07-03 00:00:00,0,0,0
forecast_4393,2025-07-03 01:00:00,0,0,0
forecast_4394,2025-07-03 02:00:00,0,0,0
forecast_4395,2025-07-03 03:00:00,0,0,0
forecast_4396,2025-07-03 04:00:00,0,0,0
forecast_4397,2025-07-03 05:00:00,0,0,0
forecast_4398,2025-07-03 06:00:00,0,0,0
forecast_4399,2025-07-03 07:00:00,0,0,0
forecast_4400,2025-07-03 08:00:00,0,0,0
forecast_4401,2025-07-03 09:00:00,0,0,0
forecast_4402,2025-07-03 10:00:00,0,0,0
forecast_4403,2025-07-03 11:00:00,0,0,0
forecast_4404,2025-07-03 12:00:00,0,0,0
forecast_4405,2025-07-03 13:00:00,0,0,0
forecast_4406,2025-07-03 14:00:00,0,0,0
forecast_4407,2025-07-03 15:00:00,0,0,0
forecast_4408,2025-07-03 16:00:00,0,0,0
forecast_4409,2025-07-03 17:00:00,0,0,0
forecast_4410,2025-07-03 18:00:00,0,0,0
forecast_4411,2025-07-03 19:00:00,0,0,0
forecast_4412,2025-07-03 20:00:00,0,0,0
forecast_4413,2025-07-03 21:00:00,0,0,0
forecast_4414,2025-07-03 22:00:00,0,0,0
forecast_4415,2025-07-03 23:00:00,0,0,0
forecast_4416,2025-07-04 00:00:00,0,0,0
forecast_4417,2025-07-04 01:00:00,0,0,0
forecast_4418,2025-07-04 02:00:00,0,0,0
forecast_4419,2025-07-04 03:00:00,0,0,0
forecast_4420,2025-07-04 04:00:00,0,0,0
forecast_4421,2025-07-04 05:00:00,0,0,0
forecast_4422,2025-07-04 06:00:00,0,0,0
forecast_4423,2025-07-04 07:00:00,0,0,0
forecast_4424,2025-07-04 08:00:00,0,0,0
forecast_4425,2025-07-04 09:00:00,0,0,0
forecast_4426,2025-07-04 10:00:00,0,0,0
forecast_4427,2025-07-04 11:00:00,0,0,0
forecast_4428,2025-07-04 12:00:00,0,0,0
forecast_4429,2025-07-04 13:00:00,0,0,0
forecast_4430,2025-07-04 14:00:00,0,0,0
forecast_4431,2025-07-04 15:00:00,0,0,0
forecast_4432,2025-07-04 16:00:00,0,0,0
forecast_4433,2025-07-04 17:00:00,0,0,0
forecast_4434,2025-07-04 18:00:00,0,0,0
forecast_4435,2025-07-04 19:00:00,0,0,0
forecast_4436,2025-07-04 20:00:00,0,0,0
forecast_4437,2025-07-04 21:00:00,0,0,0
forecast_4438,2025-07-04 22:00:00,0,0,0
forecast_4439,2025-07-04 23:00:00,0,0,0
forecast_4440,2025-07-05 00:00:00,0,0,0
forecast_4441,2025-07-05 01:00:00,0,0,0
forecast_4442,2025-07-05 02:00:00,0,0,0
forecast_4443,2025-07-05 03:00:00,0,0,0
forecast_4444,2025-07-05 04:00:00,0,0,0
forecast_4445,2025-07-05 05:00:00,0,0,0
forecast_4446,2025-07-05 06:00:00,0,0,0
forecast_4447,2025-07-05 07:00:00,0,0,0
forecast_4448,2025-07-05 08:00:00,0,0,0
forecast_4449,2025-07-05 09:00:00,0,0,0
forecast_4450,2025-07-05 10:00:00,0,0,0
forecast_4451,2025-07-05 11:00:00,0,0,0
forecast_4452,2025-07-05 12:00:00,0,0,0
forecast_4453,2025-07-05 13:00:00,0,0,0
forecast_4454,2025-07-05 14:00:00,0,0,0
forecast_4455,2025-07-05 15:00:00,0,0,0
forecast_4456,2025-07-05 16:00:00,0,0,0
forecast_4457,2025-07-05 17:00:00,0,0,0
forecast_4458,2025-07-05 18:00:00,0,0,0
forecast_4459,2025-07-05 19:00:00,0,0,0
forecast_4460,2025-07-05 20:00:00,0,0,0
forecast_4461,2025-07-05 21:00:00,0,0,0
forecast_4462,2025-07-05 22:00:00,0,0,0
forecast_4463,2025-07-05 23:00:00,0,0,0
forecast_4464,2025-07-06 00:00:00,0,0,0
forecast_4465,2025-07-06 01:00:00,0,0,0
forecast_4466,2025-07-06 02:00:00,0,0,0
forecast_4467,2025-07-06 03:00:00,0,0,0
forecast_4468,2025-07-06 04:00:00,0,0,0
forecast_4469,2025-07-06 05:00:00,0,0,0
forecast_4470,2025-07-06 06:00:00,0,0,0
forecast_4471,2025-07-06 07:00:00,0,0,0
forecast_4472,2025-07-06 08:00:00,0,0,0
forecast_4473,2025-07-06 09:00:00,0,0,0
forecast_4474,2025-07-06 10:00:00,0,0,0
forecast_4475,2025-07-06 11:00:00,0,0,0
forecast_4476,2025-07-06 12:00:00,0,0,0
forecast_4477,2025-07-06 13:00:00,0,0,0
forecast_4478,2025-07-06 14:00:00,0,0,0
forecast_4479,2025-07-06 15:00:00,0,0,0
forecast_4480,2025-07-06 16:00:00,0,0,0
forecast_4481,2025-07-06 17:00:00,0,0,0
forecast_4482,2025-07-06 18:00:00,0,0,0
forecast_4483,2025-07-06 19:00:00,0,0,0
forecast_4484,2025-07-06 20:00:00,0,0,0
forecast_4485,2025-07-06 21:00:00,0,0,0
forecast_4486,2025-07-06 22:00:00,0,0,0
forecast_4487,2025-07-06 23:00:00,0,0,0
forecast_4488,2025-07-07 00:00:00,0,0,0
forecast_4489,2025-07-07 01:00:00,0,0,0
forecast_4490,2025-07-07 02:00:00,0,0,0
forecast_4491,2025-07-07 03:00:00,0,0,0
forecast_4492,2025-07-07 04:00:00,0,0,0
forecast_4493,2025-07-07 05:00:00,0,0,0
forecast_4494,2025-07-07 06:00:00,0,0,0
forecast_4495,2025-07-07 07:00:00,0,0,0
forecast_4496,2025-07-07 08:00:00,0,0,0
forecast_4497,2025-07-07 09:00:00,0,0,0
forecast_4498,2025-07-07 10:00:00,0,0,0
forecast_4499,2025-07-07 11:00:00,0,0,0
forecast_4500,2025-07-07 12:00:00,0,0,0
forecast_4501,2025-07-07 13:00:00,0,0,0
forecast_4502,2025-07-07 14:00:00,0,0,0
forecast_4503,2025-07-07 15:00:00,0,0,0
forecast_4504,2025-07-07 16:00:00,0,0,0
forecast_4505,2025-07-07 17:00:00,0,0,0
forecast_4506,2025-07-07 18:00:00,0,0,0
forecast_4507,2025-07-07 19:00:00,0,0,0
forecast_4508,2025-07-07 20:00:00,0,0,0
forecast_4509,2025-07-07 21:00:00,0,0,0
forecast_4510,2025-07-07 22:00:00,0,0,0
forecast_4511,2025-07-07 23:00:00,0,0,0
forecast_4512,2025-07-08 00:00:00,0,0,0
forecast_4513,2025-07-08 01:00:00,0,0,0
forecast_4514,2025-07-08 02:00:00,0,0,0
forecast_4515,2025-07-08 03:00:00,0,0,0
forecast_4516,2025-07-08 04:00:00,0,0,0
forecast_4517,2025-07-08 05:00:00,0,0,0
forecast_4518,2025-07-08 06:00:00,0,0,0
forecast_4519,2025-07-08 07:00:00,0,0,0
forecast_4520,2025-07-08 08:00:00,0,0,0
forecast_4521,2025-07-08 09:00:00,0,0,0
forecast_4522,2025-07-08 10:00:00,0,0,0
forecast_4523,2025-07-08 11:00:00,0,0,0
forecast_4524,2025-07-08 12:00:00,0,0,0
forecast_4525,2025-07-08 13:00:00,0,0,0
forecast_4526,2025-07-08 14:00:00,0,0,0
forecast_4527,2025-07-08 15:00:00,0,0,0
forecast_4528,2025-07-08 16:00:00,0,0,0
forecast_4529,2025-07-08 17:00:00,0,0,0
forecast_4530,2025-07-08 18:00:00,0,0,0
forecast_4531,2025-07-08 19:00:00,0,0,0
forecast_4532,2025-07-08 20:00:00,0,0,0
forecast_4533,2025-07-08 21:00:00,0,0,0
forecast_4534,2025-07-08 22:00:00,0,0,0
forecast_4535,2025-07-08 23:00:00,0,0,0
forecast_4536,2025-07-09 00:00:00,0,0,0
forecast_4537,2025-07-09 01:00:00,0,0,0
forecast_4538,2025-07-09 02:00:00,0,0,0
forecast_4539,2025-07-09 03:00:00,0,0,0
forecast_4540,2025-07-09 04:00:00,0,0,0
forecast_4541,2025-07-09 05:00:00,0,0,0
forecast_4542,2025-07-09 06:00:00,0,0,0
forecast_4543,2025-07-09 07:00:00,0,0,0
forecast_4544,2025-07-09 08:00:00,0,0,0
forecast_4545,2025-07-09 09:00:00,0,0,0
forecast_4546,2025-07-09 10:00:00,0,0,0
forecast_4547,2025-07-09 11:00:00,0,0,0
forecast_4548,2025-07-09 12:00:00,0,0,0
forecast_4549,2025-07-09 13:00:00,0,0,0
forecast_4550,2025-07-09 14:00:00,0,0,0
forecast_4551,2025-07-09 15:00:00,0,0,0
forecast_4552,2025-07-09 16:00:00,0,0,0
forecast_4553,2025-07-09 17:00:00,0,0,0
forecast_4554,2025-07-09 18:00:00,0,0,0
forecast_4555,2025-07-09 19:00:00,0,0,0
forecast_4556,2025-07-09 20:00:00,0,0,0
forecast_4557,2025-07-09 21:00:00,0,0,0
forecast_4558,2025-07-09 22:00:00,0,0,0
forecast_4559,2025-07-09 23:00:00,0,0,0
forecast_4560,2025-07-10 00:00:00,0,0,0
forecast_4561,2025-07-10 01:00:00,0,0,0
forecast_4562,2025-07-10 02:00:00,0,0,0
forecast_4563,2025-07-10 03:00:00,0,0,0
forecast_4564,2025-07-10 04:00:00,0,0,0
forecast_4565,2025-07-10 05:00:00,0,0,0
forecast_4566,2025-07-10 06:00:00,0,0,0
forecast_4567,2025-07-10 07:00:00,0,0,0
forecast_4568,2025-07-10 08:00:00,0,0,0
forecast_4569,2025-07-10 09:00:00,0,0,0
forecast_4570,2025-07-10 10:00:00,0,0,0
forecast_4571,2025-07-10 11:00:00,0,0,0
forecast_4572,2025-07-10 12:00:00,0,0,0
forecast_4573,2025-07-10 13:00:00,0,0,0
forecast_4574,2025-07-10 14:00:00,0,0,0
forecast_4575,2025-07-10 15:00:00,0,0,0
forecast_4576,2025-07-10 16:00:00,0,0,0
forecast_4577,2025-07-10 17:00:00,0,0,0
forecast_4578,2025-07-10 18:00:00,0,0,0
forecast_4579,2025-07-10 19:00:00,0,0,0
forecast_4580,2025-07-10 20:00:00,0,0,0
forecast_4581,2025-07-10 21:00:00,0,0,0
forecast_4582,2025-07-10 22:00:00,0,0,0
forecast_4583,2025-07-10 23:00:00,0,0,0
forecast_4584,2025-07-11 00:00:00,0,0,0
forecast_4585,2025-07-11 01:00:00,0,0,0
forecast_4586,2025-07-11 02:00:00,0,0,0
forecast_4587,2025-07-11 03:00:00,0,0,0
forecast_4588,2025-07-11 04:00:00,0,0,0
forecast_4589,2025-07-11 05:00:00,0,0,0
forecast_4590,2025-07-11 06:00:00,0,0,0
forecast_4591,2025-07-11 07:00:00,0,0,0
forecast_4592,2025-07-11 08:00:00,0,0,0
forecast_4593,2025-07-11 09:00:00,0,0,0
forecast_4594,2025-07-11 10:00:00,0,0,0
forecast_4595,2025-07-11 11:00:00,0,0,0
forecast_4596,2025-07-11 12:00:00,0,0,0
forecast_4597,2025-07-11 13:00:00,0,0,0
forecast_4598,2025-07-11 14:00:00,0,0,0
forecast_4599,2025-07-11 15:00:00,0,0,0
forecast_4600,2025-07-11 16:00:00,0,0,0
forecast_4601,2025-07-11 17:00:00,0,0,0
forecast_4602,2025-07-11 18:00:00,0,0,0
forecast_4603,2025-07-11 19:00:00,0,0,0
forecast_4604,2025-07-11 20:00:00,0,0,0
forecast_4605,2025-07-11 21:00:00,0,0,0
forecast_4606,2025-07-11 22:00:00,0,0,0
forecast_4607,2025-07-11 23:00:00,0,0,0
forecast_4608,2025-07-12 00:00:00,0,0,0
forecast_4609,2025-07-12 01:00:00,0,0,0
forecast_4610,2025-07-12 02:00:00,0,0,0
forecast_4611,2025-07-12 03:00:00,0,0,0
forecast_4612,2025-07-12 04:00:00,0,0,0
forecast_4613,2025-07-12 05:00:00,0,0,0
forecast_4614,2025-07-12 06:00:00,0,0,0
forecast_4615,2025-07-12 07:00:00,0,0,0
forecast_4616,2025-07-12 08:00:00,0,0,0
forecast_4617,2025-07-12 09:00:00,0,0,0
forecast_4618,2025-07-12 10:00:00,0,0,0
forecast_4619,2025-07-12 11:00:00,0,0,0
forecast_4620,2025-07-12 12:00:00,0,0,0
forecast_4621,2025-07-12 13:00:00,0,0,0
forecast_4622,2025-07-12 14:00:00,0,0,0
forecast_4623,2025-07-12 15:00:00,0,0,0
forecast_4624,2025-07-12 16:00:00,0,0,0
forecast_4625,2025-07-12 17:00:00,0,0,0
forecast_4626,2025-07-12 18:00:00,0,0,0
forecast_4627,2025-07-12 19:00:00,0,0,0
forecast_4628,2025-07-12 20:00:00,0,0,0
forecast_4629,2025-07-12 21:00:00,0,0,0
forecast_4630,2025-07-12 22:00:00,0,0,0
forecast_4631,2025-07-12 23:00:00,0,0,0
forecast_4632,2025-07-13 00:00:00,0,0,0
forecast_4633,2025-07-13 01:00:00,0,0,0
forecast_4634,2025-07-13 02:00:00,0,0,0
forecast_4635,2025-07-13 03:00:00,0,0,0
forecast_4636,2025-07-13 04:00:00,0,0,0
forecast_4637,2025-07-13 05:00:00,0,0,0
forecast_4638,2025-07-13 06:00:00,0,0,0
forecast_4639,2025-07-13 07:00:00,0,0,0
forecast_4640,2025-07-13 08:00:00,0,0,0
forecast_4641,2025-07-13 09:00:00,0,0,0
forecast_4642,2025-07-13 10:00:00,0,0,0
forecast_4643,2025-07-13 11:00:00,0,0,0
forecast_4644,2025-07-13 12:00:00,0,0,0
forecast_4645,2025-07-13 13:00:00,0,0,0
forecast_4646,2025-07-13 14:00:00,0,0,0
forecast_4647,2025-07-13 15:00:00,0,0,0
forecast_4648,2025-07-13 16:00:00,0,0,0
forecast_4649,2025-07-13 17:00:00,0,0,0
forecast_4650,2025-07-13 18:00:00,0,0,0
forecast_4651,2025-07-13 19:00:00,0,0,0
forecast_4652,2025-07-13 20:00:00,0,0,0
forecast_4653,2025-07-13 21:00:00,0,0,0
forecast_4654,2025-07-13 22:00:00,0,0,0
forecast_4655,2025-07-13 23:00:00,0,0,0
forecast_4656,2025-07-14 00:00:00,0,0,0
forecast_4657,2025-07-14 01:00:00,0,0,0
forecast_4658,2025-07-14 02:00:00,0,0,0
forecast_4659,2025-07-14 03:00:00,0,0,0
forecast_4660,2025-07-14 04:00:00,0,0,0
forecast_4661,2025-07-14 05:00:00,0,0,0
forecast_4662,2025-07-14 06:00:00,0,0,0
forecast_4663,2025-07-14 07:00:00,0,0,0
forecast_4664,2025-07-14 08:00:00,0,0,0
forecast_4665,2025-07-14 09:00:00,0,0,0
forecast_4666,2025-07-14 10:00:00,0,0,0
forecast_4667,2025-07-14 11:00:00,0,0,0
forecast_4668,2025-07-14 12:00:00,0,0,0
forecast_4669,2025-07-14 13:00:00,0,0,0
forecast_4670,2025-07-14 14:00:00,0,0,0
forecast_4671,2025-07-14 15:00:00,0,0,0
forecast_4672,2025-07-14 16:00:00,0,0,0
forecast_4673,2025-07-14 17:00:00,0,0,0
forecast_4674,2025-07-14 18:00:00,0,0,0
forecast_4675,2025-07-14 19:00:00,0,0,0
forecast_4676,2025-07-14 20:00:00,0,0,0
forecast_4677,2025-07-14 21:00:00,0,0,0
forecast_4678,2025-07-14 22:00:00,0,0,0
forecast_4679,2025-07-14 23:00:00,0,0,0
forecast_4680,2025-07-15 00:00:00,0,0,0
forecast_4681,2025-07-15 01:00:00,0,0,0
forecast_4682,2025-07-15 02:00:00,0,0,0
forecast_4683,2025-07-15 03:00:00,0,0,0
forecast_4684,2025-07-15 04:00:00,0,0,0
forecast_4685,2025-07-15 05:00:00,0,0,0
forecast_4686,2025-07-15 06:00:00,0,0,0
forecast_4687,2025-07-15 07:00:00,0,0,0
forecast_4688,2025-07-15 08:00:00,0,0,0
forecast_4689,2025-07-15 09:00:00,0,0,0
forecast_4690,2025-07-15 10:00:00,0,0,0
forecast_4691,2025-07-15 11:00:00,0,0,0
forecast_4692,2025-07-15 12:00:00,0,0,0
forecast_4693,2025-07-15 13:00:00,0,0,0
forecast_4694,2025-07-15 14:00:00,0,0,0
forecast_4695,2025-07-15 15:00:00,0,0,0
forecast_4696,2025-07-15 16:00:00,0,0,0
forecast_4697,2025-07-15 17:00:00,0,0,0
forecast_4698,2025-07-15 18:00:00,0,0,0
forecast_4699,2025-07-15 19:00:00,0,0,0
forecast_4700,2025-07-15 20:00:00,0,0,0
forecast_4701,2025-07-15 21:00:00,0,0,0
forecast_4702,2025-07-15 22:00:00,0,0,0
forecast_4703,2025-07-15 23:00:00,0,0,0
forecast_4704,2025-07-16 00:00:00,0,0,0
forecast_4705,2025-07-16 01:00:00,0,0,0
forecast_4706,2025-07-16 02:00:00,0,0,0
forecast_4707,2025-07-16 03:00:00,0,0,0
forecast_4708,2025-07-16 04:00:00,0,0,0
forecast_4709,2025-07-16 05:00:00,0,0,0
forecast_4710,2025-07-16 06:00:00,0,0,0
forecast_4711,2025-07-16 07:00:00,0,0,0
forecast_4712,2025-07-16 08:00:00,0,0,0
forecast_4713,2025-07-16 09:00:00,0,0,0
forecast_4714,2025-07-16 10:00:00,0,0,0
forecast_4715,2025-07-16 11:00:00,0,0,0
forecast_4716,2025-07-16 12:00:00,0,0,0
forecast_4717,2025-07-16 13:00:00,0,0,0
forecast_4718,2025-07-16 14:00:00,0,0,0
forecast_4719,2025-07-16 15:00:00,0,0,0
forecast_4720,2025-07-16 16:00:00,0,0,0
forecast_4721,2025-07-16 17:00:00,0,0,0
forecast_4722,2025-07-16 18:00:00,0,0,0
forecast_4723,2025-07-16 19:00:00,0,0,0
forecast_4724,2025-07-16 20:00:00,0,0,0
forecast_4725,2025-07-16 21:00:00,0,0,0
forecast_4726,2025-07-16 22:00:00,0,0,0
forecast_4727,2025-07-16 23:00:00,0,0,0
forecast_4728,2025-07-17 00:00:00,0,0,0
forecast_4729,2025-07-17 01:00:00,0,0,0
forecast_4730,2025-07-17 02:00:00,0,0,0
forecast_4731,2025-07-17 03:00:00,0,0,0
forecast_4732,2025-07-17 04:00:00,0,0,0
forecast_4733,2025-07-17 05:00:00,0,0,0
forecast_4734,2025-07-17 06:00:00,0,0,0
forecast_4735,2025-07-17 07:00:00,0,0,0
forecast_4736,2025-07-17 08:00:00,0,0,0
forecast_4737,2025-07-17 09:00:00,0,0,0
forecast_4738,2025-07-17 10:00:00,0,0,0
forecast_4739,2025-07-17 11:00:00,0,0,0
forecast_4740,2025-07-17 12:00:00,0,0,0
forecast_4741,2025-07-17 13:00:00,0,0,0
forecast_4742,2025-07-17 14:00:00,0,0,0
forecast_4743,2025-07-17 15:00:00,0,0,0
forecast_4744,2025-07-17 16:00:00,0,0,0
forecast_4745,2025-07-17 17:00:00,0,0,0
forecast_4746,2025-07-17 18:00:00,0,0,0
forecast_4747,2025-07-17 19:00:00,0,0,0
forecast_4748,2025-07-17 20:00:00,0,0,0
forecast_4749,2025-07-17 21:00:00,0,0,0
forecast_4750,2025-07-17 22:00:00,0,0,0
forecast_4751,2025-07-17 23:00:00,0,0,0
forecast_4752,2025-07-18 00:00:00,0,0,0
forecast_4753,2025-07-18 01:00:00,0,0,0
forecast_4754,2025-07-18 02:00:00,0,0,0
forecast_4755,2025-07-18 03:00:00,0,0,0
forecast_4756,2025-07-18 04:00:00,0,0,0
forecast_4757,2025-07-18 05:00:00,0,0,0
forecast_4758,2025-07-18 06:00:00,0,0,0
forecast_4759,2025-07-18 07:00:00,0,0,0
forecast_4760,2025-07-18 08:00:00,0,0,0
forecast_4761,2025-07-18 09:00:00,0,0,0
forecast_4762,2025-07-18 10:00:00,0,0,0
forecast_4763,2025-07-18 11:00:00,0,0,0
forecast_4764,2025-07-18 12:00:00,0,0,0
forecast_4765,2025-07-18 13:00:00,0,0,0
forecast_4766,2025-07-18 14:00:00,0,0,0
forecast_4767,2025-07-18 15:00:00,0,0,0
forecast_4768,2025-07-18 16:00:00,0,0,0
forecast_4769,2025-07-18 17:00:00,0,0,0
forecast_4770,2025-07-18 18:00:00,0,0,0
forecast_4771,2025-07-18 19:00:00,0,0,0
forecast_4772,2025-07-18 20:00:00,0,0,0
forecast_4773,2025-07-18 21:00:00,0,0,0
forecast_4774,2025-07-18 22:00:00,0,0,0
forecast_4775,2025-07-18 23:00:00,0,0,0
forecast_4776,2025-07-19 00:00:00,0,0,0
forecast_4777,2025-07-19 01:00:00,0,0,0
forecast_4778,2025-07-19 02:00:00,0,0,0
forecast_4779,2025-07-19 03:00:00,0,0,0
forecast_4780,2025-07-19 04:00:00,0,0,0
forecast_4781,2025-07-19 05:00:00,0,0,0
forecast_4782,2025-07-19 06:00:00,0,0,0
forecast_4783,2025-07-19 07:00:00,0,0,0
forecast_4784,2025-07-19 08:00:00,0,0,0
forecast_4785,2025-07-19 09:00:00,0,0,0
forecast_4786,2025-07-19 10:00:00,0,0,0
forecast_4787,2025-07-19 11:00:00,0,0,0
forecast_4788,2025-07-19 12:00:00,0,0,0
forecast_4789,2025-07-19 13:00:00,0,0,0
forecast_4790,2025-07-19 14:00:00,0,0,0
forecast_4791,2025-07-19 15:00:00,0,0,0
forecast_4792,2025-07-19 16:00:00,0,0,0
forecast_4793,2025-07-19 17:00:00,0,0,0
forecast_4794,2025-07-19 18:00:00,0,0,0
forecast_4795,2025-07-19 19:00:00,0,0,0
forecast_4796,2025-07-19 20:00:00,0,0,0
forecast_4797,2025-07-19 21:00:00,0,0,0
forecast_4798,2025-07-19 22:00:00,0,0,0
forecast_4799,2025-07-19 23:00:00,0,0,0
forecast_4800,2025-07-20 00:00:00,0,0,0
forecast_4801,2025-07-20 01:00:00,0,0,0
forecast_4802,2025-07-20 02:00:00,0,0,0
forecast_4803,2025-07-20 03:00:00,0,0,0
forecast_4804,2025-07-20 04:00:00,0,0,0
forecast_4805,2025-07-20 05:00:00,0,0,0
forecast_4806,2025-07-20 06:00:00,0,0,0
forecast_4807,2025-07-20 07:00:00,0,0,0
forecast_4808,2025-07-20 08:00:00,0,0,0
forecast_4809,2025-07-20 09:00:00,0,0,0
forecast_4810,2025-07-20 10:00:00,0,0,0
forecast_4811,2025-07-20 11:00:00,0,0,0
forecast_4812,2025-07-20 12:00:00,0,0,0
forecast_4813,2025-07-20 13:00:00,0,0,0
forecast_4814,2025-07-20 14:00:00,0,0,0
forecast_4815,2025-07-20 15:00:00,0,0,0
forecast_4816,2025-07-20 16:00:00,0,0,0
forecast_4817,2025-07-20 17:00:00,0,0,0
forecast_4818,2025-07-20 18:00:00,0,0,0
forecast_4819,2025-07-20 19:00:00,0,0,0
forecast_4820,2025-07-20 20:00:00,0,0,0
forecast_4821,2025-07-20 21:00:00,0,0,0
forecast_4822,2025-07-20 22:00:00,0,0,0
forecast_4823,2025-07-20 23:00:00,0,0,0
forecast_4824,2025-07-21 00:00:00,0,0,0
forecast_4825,2025-07-21 01:00:00,0,0,0
forecast_4826,2025-07-21 02:00:00,0,0,0
forecast_4827,2025-07-21 03:00:00,0,0,0
forecast_4828,2025-07-21 04:00:00,0,0,0
forecast_4829,2025-07-21 05:00:00,0,0,0
forecast_4830,2025-07-21 06:00:00,0,0,0
forecast_4831,2025-07-21 07:00:00,0,0,0
forecast_4832,2025-07-21 08:00:00,0,0,0
forecast_4833,2025-07-21 09:00:00,0,0,0
forecast_4834,2025-07-21 10:00:00,0,0,0
forecast_4835,2025-07-21 11:00:00,0,0,0
forecast_4836,2025-07-21 12:00:00,0,0,0
forecast_4837,2025-07-21 13:00:00,0,0,0
forecast_4838,2025-07-21 14:00:00,0,0,0
forecast_4839,2025-07-21 15:00:00,0,0,0
forecast_4840,2025-07-21 16:00:00,0,0,0
forecast_4841,2025-07-21 17:00:00,0,0,0
forecast_4842,2025-07-21 18:00:00,0,0,0
forecast_4843,2025-07-21 19:00:00,0,0,0
forecast_4844,2025-07-21 20:00:00,0,0,0
forecast_4845,2025-07-21 21:00:00,0,0,0
forecast_4846,2025-07-21 22:00:00,0,0,0
forecast_4847,2025-07-21 23:00:00,0,0,0
forecast_4848,2025-07-22 00:00:00,0,0,0
forecast_4849,2025-07-22 01:00:00,0,0,0
forecast_4850,2025-07-22 02:00:00,0,0,0
forecast_4851,2025-07-22 03:00:00,0,0,0
forecast_4852,2025-07-22 04:00:00,0,0,0
forecast_4853,2025-07-22 05:00:00,0,0,0
forecast_4854,2025-07-22 06:00:00,0,0,0
forecast_4855,2025-07-22 07:00:00,0,0,0
forecast_4856,2025-07-22 08:00:00,0,0,0
forecast_4857,2025-07-22 09:00:00,0,0,0
forecast_4858,2025-07-22 10:00:00,0,0,0
forecast_4859,2025-07-22 11:00:00,0,0,0
forecast_4860,2025-07-22 12:00:00,0,0,0
forecast_4861,2025-07-22 13:00:00,0,0,0
forecast_4862,2025-07-22 14:00:00,0,0,0
forecast_4863,2025-07-22 15:00:00,0,0,0
forecast_4864,2025-07-22 16:00:00,0,0,0
forecast_4865,2025-07-22 17:00:00,0,0,0
forecast_4866,2025-07-22 18:00:00,0,0,0
forecast_4867,2025-07-22 19:00:00,0,0,0
forecast_4868,2025-07-22 20:00:00,0,0,0
forecast_4869,2025-07-22 21:00:00,0,0,0
forecast_4870,2025-07-22 22:00:00,0,0,0
forecast_4871,2025-07-22 23:00:00,0,0,0
forecast_4872,2025-07-23 00:00:00,0,0,0
forecast_4873,2025-07-23 01:00:00,0,0,0
forecast_4874,2025-07-23 02:00:00,0,0,0
forecast_4875,2025-07-23 03:00:00,0,0,0
forecast_4876,2025-07-23 04:00:00,0,0,0
forecast_4877,2025-07-23 05:00:00,0,0,0
forecast_4878,2025-07-23 06:00:00,0,0,0
forecast_4879,2025-07-23 07:00:00,0,0,0
forecast_4880,2025-07-23 08:00:00,0,0,0
forecast_4881,2025-07-23 09:00:00,0,0,0
forecast_4882,2025-07-23 10:00:00,0,0,0
forecast_4883,2025-07-23 11:00:00,0,0,0
forecast_4884,2025-07-23 12:00:00,0,0,0
forecast_4885,2025-07-23 13:00:00,0,0,0
forecast_4886,2025-07-23 14:00:00,0,0,0
forecast_4887,2025-07-23 15:00:00,0,0,0
forecast_4888,2025-07-23 16:00:00,0,0,0
forecast_4889,2025-07-23 17:00:00,0,0,0
forecast_4890,2025-07-23 18:00:00,0,0,0
forecast_4891,2025-07-23 19:00:00,0,0,0
forecast_4892,2025-07-23 20:00:00,0,0,0
forecast_4893,2025-07-23 21:00:00,0,0,0
forecast_4894,2025-07-23 22:00:00,0,0,0
forecast_4895,2025-07-23 23:00:00,0,0,0
forecast_4896,2025-07-24 00:00:00,0,0,0
forecast_4897,2025-07-24 01:00:00,0,0,0
forecast_4898,2025-07-24 02:00:00,0,0,0
forecast_4899,2025-07-24 03:00:00,0,0,0
forecast_4900,2025-07-24 04:00:00,0,0,0
forecast_4901,2025-07-24 05:00:00,0,0,0
forecast_4902,2025-07-24 06:00:00,0,0,0
forecast_4903,2025-07-24 07:00:00,0,0,0
forecast_4904,2025-07-24 08:00:00,0,0,0
forecast_4905,2025-07-24 09:00:00,0,0,0
forecast_4906,2025-07-24 10:00:00,0,0,0
forecast_4907,2025-07-24 11:00:00,0,0,0
forecast_4908,2025-07-24 12:00:00,0,0,0
forecast_4909,2025-07-24 13:00:00,0,0,0
forecast_4910,2025-07-24 14:00:00,0,0,0
forecast_4911,2025-07-24 15:00:00,0,0,0
forecast_4912,2025-07-24 16:00:00,0,0,0
forecast_4913,2025-07-24 17:00:00,0,0,0
forecast_4914,2025-07-24 18:00:00,0,0,0
forecast_4915,2025-07-24 19:00:00,0,0,0
forecast_4916,2025-07-24 20:00:00,0,0,0
forecast_4917,2025-07-24 21:00:00,0,0,0
forecast_4918,2025-07-24 22:00:00,0,0,0
forecast_4919,2025-07-24 23:00:00,0,0,0
forecast_4920,2025-07-25 00:00:00,0,0,0
forecast_4921,2025-07-25 01:00:00,0,0,0
forecast_4922,2025-07-25 02:00:00,0,0,0
forecast_4923,2025-07-25 03:00:00,0,0,0
forecast_4924,2025-07-25 04:00:00,0,0,0
forecast_4925,2025-07-25 05:00:00,0,0,0
forecast_4926,2025-07-25 06:00:00,0,0,0
forecast_4927,2025-07-25 07:00:00,0,0,0
forecast_4928,2025-07-25 08:00:00,0,0,0
forecast_4929,2025-07-25 09:00:00,0,0,0
forecast_4930,2025-07-25 10:00:00,0,0,0
forecast_4931,2025-07-25 11:00:00,0,0,0
forecast_4932,2025-07-25 12:00:00,0,0,0
forecast_4933,2025-07-25 13:00:00,0,0,0
forecast_4934,2025-07-25 14:00:00,0,0,0
forecast_4935,2025-07-25 15:00:00,0,0,0
forecast_4936,2025-07-25 16:00:00,0,0,0
forecast_4937,2025-07-25 17:00:00,0,0,0
forecast_4938,2025-07-25 18:00:00,0,0,0
forecast_4939,2025-07-25 19:00:00,0,0,0
forecast_4940,2025-07-25 20:00:00,0,0,0
forecast_4941,2025-07-25 21:00:00,0,0,0
forecast_4942,2025-07-25 22:00:00,0,0,0
forecast_4943,2025-07-25 23:00:00,0,0,0
forecast_4944,2025-07-26 00:00:00,0,0,0
forecast_4945,2025-07-26 01:00:00,0,0,0
forecast_4946,2025-07-26 02:00:00,0,0,0
forecast_4947,2025-07-26 03:00:00,0,0,0
forecast_4948,2025-07-26 04:00:00,0,0,0
forecast_4949,2025-07-26 05:00:00,0,0,0
forecast_4950,2025-07-26 06:00:00,0,0,0
forecast_4951,2025-07-26 07:00:00,0,0,0
forecast_4952,2025-07-26 08:00:00,0,0,0
forecast_4953,2025-07-26 09:00:00,0,0,0
forecast_4954,2025-07-26 10:00:00,0,0,0
forecast_4955,2025-07-26 11:00:00,0,0,0
forecast_4956,2025-07-26 12:00:00,0,0,0
forecast_4957,2025-07-26 13:00:00,0,0,0
forecast_4958,2025-07-26 14:00:00,0,0,0
forecast_4959,2025-07-26 15:00:00,0,0,0
forecast_4960,2025-07-26 16:00:00,0,0,0
forecast_4961,2025-07-26 17:00:00,0,0,0
forecast_4962,2025-07-26 18:00:00,0,0,0
forecast_4963,2025-07-26 19:00:00,0,0,0
forecast_4964,2025-07-26 20:00:00,0,0,0
forecast_4965,2025-07-26 21:00:00,0,0,0
forecast_4966,2025-07-26 22:00:00,0,0,0
forecast_4967,2025-07-26 23:00:00,0,0,0
forecast_4968,2025-07-27 00:00:00,0,0,0
forecast_4969,2025-07-27 01:00:00,0,0,0
forecast_4970,2025-07-27 02:00:00,0,0,0
forecast_4971,2025-07-27 03:00:00,0,0,0
forecast_4972,2025-07-27 04:00:00,0,0,0
forecast_4973,2025-07-27 05:00:00,0,0,0
forecast_4974,2025-07-27 06:00:00,0,0,0
forecast_4975,2025-07-27 07:00:00,0,0,0
forecast_4976,2025-07-27 08:00:00,0,0,0
forecast_4977,2025-07-27 09:00:00,0,0,0
forecast_4978,2025-07-27 10:00:00,0,0,0
forecast_4979,2025-07-27 11:00:00,0,0,0
forecast_4980,2025-07-27 12:00:00,0,0,0
forecast_4981,2025-07-27 13:00:00,0,0,0
forecast_4982,2025-07-27 14:00:00,0,0,0
forecast_4983,2025-07-27 15:00:00,0,0,0
forecast_4984,2025-07-27 16:00:00,0,0,0
forecast_4985,2025-07-27 17:00:00,0,0,0
forecast_4986,2025-07-27 18:00:00,0,0,0
forecast_4987,2025-07-27 19:00:00,0,0,0
forecast_4988,2025-07-27 20:00:00,0,0,0
forecast_4989,2025-07-27 21:00:00,0,0,0
forecast_4990,2025-07-27 22:00:00,0,0,0
forecast_4991,2025-07-27 23:00:00,0,0,0
forecast_4992,2025-07-28 00:00:00,0,0,0
forecast_4993,2025-07-28 01:00:00,0,0,0
forecast_4994,2025-07-28 02:00:00,0,0,0
forecast_4995,2025-07-28 03:00:00,0,0,0
forecast_4996,2025-07-28 04:00:00,0,0,0
forecast_4997,2025-07-28 05:00:00,0,0,0
forecast_4998,2025-07-28 06:00:00,0,0,0
forecast_4999,2025-07-28 07:00:00,0,0,0
forecast_5000,2025-07-28 08:00:00,0,0,0
forecast_5001,2025-07-28 09:00:00,0,0,0
forecast_5002,2025-07-28 10:00:00,0,0,0
forecast_5003,2025-07-28 11:00:00,0,0,0
forecast_5004,2025-07-28 12:00:00,0,0,0
forecast_5005,2025-07-28 13:00:00,0,0,0
forecast_5006,2025-07-28 14:00:00,0,0,0
forecast_5007,2025-07-28 15:00:00,0,0,0
forecast_5008,2025-07-28 16:00:00,0,0,0
forecast_5009,2025-07-28 17:00:00,0,0,0
forecast_5010,2025-07-28 18:00:00,0,0,0
forecast_5011,2025-07-28 19:00:00,0,0,0
forecast_5012,2025-07-28 20:00:00,0,0,0
forecast_5013,2025-07-28 21:00:00,0,0,0
forecast_5014,2025-07-28 22:00:00,0,0,0
forecast_5015,2025-07-28 23:00:00,0,0,0
forecast_5016,2025-07-29 00:00:00,0,0,0
forecast_5017,2025-07-29 01:00:00,0,0,0
forecast_5018,2025-07-29 02:00:00,0,0,0
forecast_5019,2025-07-29 03:00:00,0,0,0
forecast_5020,2025-07-29 04:00:00,0,0,0
forecast_5021,2025-07-29 05:00:00,0,0,0
forecast_5022,2025-07-29 06:00:00,0,0,0
forecast_5023,2025-07-29 07:00:00,0,0,0
forecast_5024,2025-07-29 08:00:00,0,0,0
forecast_5025,2025-07-29 09:00:00,0,0,0
forecast_5026,2025-07-29 10:00:00,0,0,0
forecast_5027,2025-07-29 11:00:00,0,0,0
forecast_5028,2025-07-29 12:00:00,0,0,0
forecast_5029,2025-07-29 13:00:00,0,0,0
forecast_5030,2025-07-29 14:00:00,0,0,0
forecast_5031,2025-07-29 15:00:00,0,0,0
forecast_5032,2025-07-29 16:00:00,0,0,0
forecast_5033,2025-07-29 17:00:00,0,0,0
forecast_5034,2025-07-29 18:00:00,0,0,0
forecast_5035,2025-07-29 19:00:00,0,0,0
forecast_5036,2025-07-29 20:00:00,0,0,0
forecast_5037,2025-07-29 21:00:00,0,0,0
forecast_5038,2025-07-29 22:00:00,0,0,0
forecast_5039,2025-07-29 23:00:00,0,0,0
forecast_5040,2025-07-30 00:00:00,0,0,0
forecast_5041,2025-07-30 01:00:00,0,0,0
forecast_5042,2025-07-30 02:00:00,0,0,0
forecast_5043,2025-07-30 03:00:00,0,0,0
forecast_5044,2025-07-30 04:00:00,0,0,0
forecast_5045,2025-07-30 05:00:00,0,0,0
forecast_5046,2025-07-30 06:00:00,0,0,0
forecast_5047,2025-07-30 07:00:00,0,0,0
forecast_5048,2025-07-30 08:00:00,0,0,0
forecast_5049,2025-07-30 09:00:00,0,0,0
forecast_5050,2025-07-30 10:00:00,0,0,0
forecast_5051,2025-07-30 11:00:00,0,0,0
forecast_5052,2025-07-30 12:00:00,0,0,0
forecast_5053,2025-07-30 13:00:00,0,0,0
forecast_5054,2025-07-30 14:00:00,0,0,0
forecast_5055,2025-07-30 15:00:00,0,0,0
forecast_5056,2025-07-30 16:00:00,0,0,0
forecast_5057,2025-07-30 17:00:00,0,0,0
forecast_5058,2025-07-30 18:00:00,0,0,0
forecast_5059,2025-07-30 19:00:00,0,0,0
forecast_5060,2025-07-30 20:00:00,0,0,0
forecast_5061,2025-07-30 21:00:00,0,0,0
forecast_5062,2025-07-30 22:00:00,0,0,0
forecast_5063,2025-07-30 23:00:00,0,0,0
forecast_5064,2025-07-31 00:00:00,0,0,0
forecast_5065,2025-07-31 01:00:00,0,0,0
forecast_5066,2025-07-31 02:00:00,0,0,0
forecast_5067,2025-07-31 03:00:00,0,0,0
forecast_5068,2025-07-31 04:00:00,0,0,0
forecast_5069,2025-07-31 05:00:00,0,0,0
forecast_5070,2025-07-31 06:00:00,0,0,0
forecast_5071,2025-07-31 07:00:00,0,0,0
forecast_5072,2025-07-31 08:00:00,0,0,0
forecast_5073,2025-07-31 09:00:00,0,0,0
forecast_5074,2025-07-31 10:00:00,0,0,0
forecast_5075,2025-07-31 11:00:00,0,0,0
forecast_5076,2025-07-31 12:00:00,0,0,0
forecast_5077,2025-07-31 13:00:00,0,0,0
forecast_5078,2025-07-31 14:00:00,0,0,0
forecast_5079,2025-07-31 15:00:00,0,0,0
forecast_5080,2025-07-31 16:00:00,0,0,0
forecast_5081,2025-07-31 17:00:00,0,0,0
forecast_5082,2025-07-31 18:00:00,0,0,0
forecast_5083,2025-07-31 19:00:00,0,0,0
forecast_5084,2025-07-31 20:00:00,0,0,0
forecast_5085,2025-07-31 21:00:00,0,0,0
forecast_5086,2025-07-31 22:00:00,0,0,0
forecast_5087,2025-07-31 23:00:00,0,0,0
forecast_5088,2025-08-01 00:00:00,0,0,0
forecast_5089,2025-08-01 01:00:00,0,0,0
forecast_5090,2025-08-01 02:00:00,0,0,0
forecast_5091,2025-08-01 03:00:00,0,0,0
forecast_5092,2025-08-01 04:00:00,0,0,0
forecast_5093,2025-08-01 05:00:00,0,0,0
forecast_5094,2025-08-01 06:00:00,0,0,0
forecast_5095,2025-08-01 07:00:00,0,0,0
forecast_5096,2025-08-01 08:00:00,0,0,0
forecast_5097,2025-08-01 09:00:00,0,0,0
forecast_5098,2025-08-01 10:00:00,0,0,0
forecast_5099,2025-08-01 11:00:00,0,0,0
forecast_5100,2025-08-01 12:00:00,0,0,0
forecast_5101,2025-08-01 13:00:00,0,0,0
forecast_5102,2025-08-01 14:00:00,0,0,0
forecast_5103,2025-08-01 15:00:00,0,0,0
forecast_5104,2025-08-01 16:00:00,0,0,0
forecast_5105,2025-08-01 17:00:00,0,0,0
forecast_5106,2025-08-01 18:00:00,0,0,0
forecast_5107,2025-08-01 19:00:00,0,0,0
forecast_5108,2025-08-01 20:00:00,0,0,0
forecast_5109,2025-08-01 21:00:00,0,0,0
forecast_5110,2025-08-01 22:00:00,0,0,0
forecast_5111,2025-08-01 23:00:00,0,0,0
forecast_5112,2025-08-02 00:00:00,0,0,0
forecast_5113,2025-08-02 01:00:00,0,0,0
forecast_5114,2025-08-02 02:00:00,0,0,0
forecast_5115,2025-08-02 03:00:00,0,0,0
forecast_5116,2025-08-02 04:00:00,0,0,0
forecast_5117,2025-08-02 05:00:00,0,0,0
forecast_5118,2025-08-02 06:00:00,0,0,0
forecast_5119,2025-08-02 07:00:00,0,0,0
forecast_5120,2025-08-02 08:00:00,0,0,0
forecast_5121,2025-08-02 09:00:00,0,0,0
forecast_5122,2025-08-02 10:00:00,0,0,0
forecast_5123,2025-08-02 11:00:00,0,0,0
forecast_5124,2025-08-02 12:00:00,0,0,0
forecast_5125,2025-08-02 13:00:00,0,0,0
forecast_5126,2025-08-02 14:00:00,0,0,0
forecast_5127,2025-08-02 15:00:00,0,0,0
forecast_5128,2025-08-02 16:00:00,0,0,0
forecast_5129,2025-08-02 17:00:00,0,0,0
forecast_5130,2025-08-02 18:00:00,0,0,0
forecast_5131,2025-08-02 19:00:00,0,0,0
forecast_5132,2025-08-02 20:00:00,0,0,0
forecast_5133,2025-08-02 21:00:00,0,0,0
forecast_5134,2025-08-02 22:00:00,0,0,0
forecast_5135,2025-08-02 23:00:00,0,0,0
forecast_5136,2025-08-03 00:00:00,0,0,0
forecast_5137,2025-08-03 01:00:00,0,0,0
forecast_5138,2025-08-03 02:00:00,0,0,0
forecast_5139,2025-08-03 03:00:00,0,0,0
forecast_5140,2025-08-03 04:00:00,0,0,0
forecast_5141,2025-08-03 05:00:00,0,0,0
forecast_5142,2025-08-03 06:00:00,0,0,0
forecast_5143,2025-08-03 07:00:00,0,0,0
forecast_5144,2025-08-03 08:00:00,0,0,0
forecast_5145,2025-08-03 09:00:00,0,0,0
forecast_5146,2025-08-03 10:00:00,0,0,0
forecast_5147,2025-08-03 11:00:00,0,0,0
forecast_5148,2025-08-03 12:00:00,0,0,0
forecast_5149,2025-08-03 13:00:00,0,0,0
forecast_5150,2025-08-03 14:00:00,0,0,0
forecast_5151,2025-08-03 15:00:00,0,0,0
forecast_5152,2025-08-03 16:00:00,0,0,0
forecast_5153,2025-08-03 17:00:00,0,0,0
forecast_5154,2025-08-03 18:00:00,0,0,0
forecast_5155,2025-08-03 19:00:00,0,0,0
forecast_5156,2025-08-03 20:00:00,0,0,0
forecast_5157,2025-08-03 21:00:00,0,0,0
forecast_5158,2025-08-03 22:00:00,0,0,0
forecast_5159,2025-08-03 23:00:00,0,0,0
forecast_5160,2025-08-04 00:00:00,0,0,0
forecast_5161,2025-08-04 01:00:00,0,0,0
forecast_5162,2025-08-04 02:00:00,0,0,0
forecast_5163,2025-08-04 03:00:00,0,0,0
forecast_5164,2025-08-04 04:00:00,0,0,0
forecast_5165,2025-08-04 05:00:00,0,0,0
forecast_5166,2025-08-04 06:00:00,0,0,0
forecast_5167,2025-08-04 07:00:00,0,0,0
forecast_5168,2025-08-04 08:00:00,0,0,0
forecast_5169,2025-08-04 09:00:00,0,0,0
forecast_5170,2025-08-04 10:00:00,0,0,0
forecast_5171,2025-08-04 11:00:00,0,0,0
forecast_5172,2025-08-04 12:00:00,0,0,0
forecast_5173,2025-08-04 13:00:00,0,0,0
forecast_5174,2025-08-04 14:00:00,0,0,0
forecast_5175,2025-08-04 15:00:00,0,0,0
forecast_5176,2025-08-04 16:00:00,0,0,0
forecast_5177,2025-08-04 17:00:00,0,0,0
forecast_5178,2025-08-04 18:00:00,0,0,0
forecast_5179,2025-08-04 19:00:00,0,0,0
forecast_5180,2025-08-04 20:00:00,0,0,0
forecast_5181,2025-08-04 21:00:00,0,0,0
forecast_5182,2025-08-04 22:00:00,0,0,0
forecast_5183,2025-08-04 23:00:00,0,0,0
forecast_5184,2025-08-05 00:00:00,0,0,0
forecast_5185,2025-08-05 01:00:00,0,0,0
forecast_5186,2025-08-05 02:00:00,0,0,0
forecast_5187,2025-08-05 03:00:00,0,0,0
forecast_5188,2025-08-05 04:00:00,0,0,0
forecast_5189,2025-08-05 05:00:00,0,0,0
forecast_5190,2025-08-05 06:00:00,0,0,0
forecast_5191,2025-08-05 07:00:00,0,0,0
forecast_5192,2025-08-05 08:00:00,0,0,0
forecast_5193,2025-08-05 09:00:00,0,0,0
forecast_5194,2025-08-05 10:00:00,0,0,0
forecast_5195,2025-08-05 11:00:00,0,0,0
forecast_5196,2025-08-05 12:00:00,0,0,0
forecast_5197,2025-08-05 13:00:00,0,0,0
forecast_5198,2025-08-05 14:00:00,0,0,0
forecast_5199,2025-08-05 15:00:00,0,0,0
forecast_5200,2025-08-05 16:00:00,0,0,0
forecast_5201,2025-08-05 17:00:00,0,0,0
forecast_5202,2025-08-05 18:00:00,0,0,0
forecast_5203,2025-08-05 19:00:00,0,0,0
forecast_5204,2025-08-05 20:00:00,0,0,0
forecast_5205,2025-08-05 21:00:00,0,0,0
forecast_5206,2025-08-05 22:00:00,0,0,0
forecast_5207,2025-08-05 23:00:00,0,0,0
forecast_5208,2025-08-06 00:00:00,0,0,0
forecast_5209,2025-08-06 01:00:00,0,0,0
forecast_5210,2025-08-06 02:00:00,0,0,0
forecast_5211,2025-08-06 03:00:00,0,0,0
forecast_5212,2025-08-06 04:00:00,0,0,0
forecast_5213,2025-08-06 05:00:00,0,0,0
forecast_5214,2025-08-06 06:00:00,0,0,0
forecast_5215,2025-08-06 07:00:00,0,0,0
forecast_5216,2025-08-06 08:00:00,0,0,0
forecast_5217,2025-08-06 09:00:00,0,0,0
forecast_5218,2025-08-06 10:00:00,0,0,0
forecast_5219,2025-08-06 11:00:00,0,0,0
forecast_5220,2025-08-06 12:00:00,0,0,0
forecast_5221,2025-08-06 13:00:00,0,0,0
forecast_5222,2025-08-06 14:00:00,0,0,0
forecast_5223,2025-08-06 15:00:00,0,0,0
forecast_5224,2025-08-06 16:00:00,0,0,0
forecast_5225,2025-08-06 17:00:00,0,0,0
forecast_5226,2025-08-06 18:00:00,0,0,0
forecast_5227,2025-08-06 19:00:00,0,0,0
forecast_5228,2025-08-06 20:00:00,0,0,0
forecast_5229,2025-08-06 21:00:00,0,0,0
forecast_5230,2025-08-06 22:00:00,0,0,0
forecast_5231,2025-08-06 23:00:00,0,0,0
forecast_5232,2025-08-07 00:00:00,0,0,0
forecast_5233,2025-08-07 01:00:00,0,0,0
forecast_5234,2025-08-07 02:00:00,0,0,0
forecast_5235,2025-08-07 03:00:00,0,0,0
forecast_5236,2025-08-07 04:00:00,0,0,0
forecast_5237,2025-08-07 05:00:00,0,0,0
forecast_5238,2025-08-07 06:00:00,0,0,0
forecast_5239,2025-08-07 07:00:00,0,0,0
forecast_5240,2025-08-07 08:00:00,0,0,0
forecast_5241,2025-08-07 09:00:00,0,0,0
forecast_5242,2025-08-07 10:00:00,0,0,0
forecast_5243,2025-08-07 11:00:00,0,0,0
forecast_5244,2025-08-07 12:00:00,0,0,0
forecast_5245,2025-08-07 13:00:00,0,0,0
forecast_5246,2025-08-07 14:00:00,0,0,0
forecast_5247,2025-08-07 15:00:00,0,0,0
forecast_5248,2025-08-07 16:00:00,0,0,0
forecast_5249,2025-08-07 17:00:00,0,0,0
forecast_5250,2025-08-07 18:00:00,0,0,0
forecast_5251,2025-08-07 19:00:00,0,0,0
forecast_5252,2025-08-07 20:00:00,0,0,0
forecast_5253,2025-08-07 21:00:00,0,0,0
forecast_5254,2025-08-07 22:00:00,0,0,0
forecast_5255,2025-08-07 23:00:00,0,0,0
forecast_5256,2025-08-08 00:00:00,0,0,0
forecast_5257,2025-08-08 01:00:00,0,0,0
forecast_5258,2025-08-08 02:00:00,0,0,0
forecast_5259,2025-08-08 03:00:00,0,0,0
forecast_5260,2025-08-08 04:00:00,0,0,0
forecast_5261,2025-08-08 05:00:00,0,0,0
forecast_5262,2025-08-08 06:00:00,0,0,0
forecast_5263,2025-08-08 07:00:00,0,0,0
forecast_5264,2025-08-08 08:00:00,0,0,0
forecast_5265,2025-08-08 09:00:00,0,0,0
forecast_5266,2025-08-08 10:00:00,0,0,0
forecast_5267,2025-08-08 11:00:00,0,0,0
forecast_5268,2025-08-08 12:00:00,0,0,0
forecast_5269,2025-08-08 13:00:00,0,0,0
forecast_5270,2025-08-08 14:00:00,0,0,0
forecast_5271,2025-08-08 15:00:00,0,0,0
forecast_5272,2025-08-08 16:00:00,0,0,0
forecast_5273,2025-08-08 17:00:00,0,0,0
forecast_5274,2025-08-08 18:00:00,0,0,0
forecast_5275,2025-08-08 19:00:00,0,0,0
forecast_5276,2025-08-08 20:00:00,0,0,0
forecast_5277,2025-08-08 21:00:00,0,0,0
forecast_5278,2025-08-08 22:00:00,0,0,0
forecast_5279,2025-08-08 23:00:00,0,0,0
forecast_5280,2025-08-09 00:00:00,0,0,0
forecast_5281,2025-08-09 01:00:00,0,0,0
forecast_5282,2025-08-09 02:00:00,0,0,0
forecast_5283,2025-08-09 03:00:00,0,0,0
forecast_5284,2025-08-09 04:00:00,0,0,0
forecast_5285,2025-08-09 05:00:00,0,0,0
forecast_5286,2025-08-09 06:00:00,0,0,0
forecast_5287,2025-08-09 07:00:00,0,0,0
forecast_5288,2025-08-09 08:00:00,0,0,0
forecast_5289,2025-08-09 09:00:00,0,0,0
forecast_5290,2025-08-09 10:00:00,0,0,0
forecast_5291,2025-08-09 11:00:00,0,0,0
forecast_5292,2025-08-09 12:00:00,0,0,0
forecast_5293,2025-08-09 13:00:00,0,0,0
forecast_5294,2025-08-09 14:00:00,0,0,0
forecast_5295,2025-08-09 15:00:00,0,0,0
forecast_5296,2025-08-09 16:00:00,0,0,0
forecast_5297,2025-08-09 17:00:00,0,0,0
forecast_5298,2025-08-09 18:00:00,0,0,0
forecast_5299,2025-08-09 19:00:00,0,0,0
forecast_5300,2025-08-09 20:00:00,0,0,0
forecast_5301,2025-08-09 21:00:00,0,0,0
forecast_5302,2025-08-09 22:00:00,0,0,0
forecast_5303,2025-08-09 23:00:00,0,0,0
forecast_5304,2025-08-10 00:00:00,0,0,0
forecast_5305,2025-08-10 01:00:00,0,0,0
forecast_5306,2025-08-10 02:00:00,0,0,0
forecast_5307,2025-08-10 03:00:00,0,0,0
forecast_5308,2025-08-10 04:00:00,0,0,0
forecast_5309,2025-08-10 05:00:00,0,0,0
forecast_5310,2025-08-10 06:00:00,0,0,0
forecast_5311,2025-08-10 07:00:00,0,0,0
forecast_5312,2025-08-10 08:00:00,0,0,0
forecast_5313,2025-08-10 09:00:00,0,0,0
forecast_5314,2025-08-10 10:00:00,0,0,0
forecast_5315,2025-08-10 11:00:00,0,0,0
forecast_5316,2025-08-10 12:00:00,0,0,0
forecast_5317,2025-08-10 13:00:00,0,0,0
forecast_5318,2025-08-10 14:00:00,0,0,0
forecast_5319,2025-08-10 15:00:00,0,0,0
forecast_5320,2025-08-10 16:00:00,0,0,0
forecast_5321,2025-08-10 17:00:00,0,0,0
forecast_5322,2025-08-10 18:00:00,0,0,0
forecast_5323,2025-08-10 19:00:00,0,0,0
forecast_5324,2025-08-10 20:00:00,0,0,0
forecast_5325,2025-08-10 21:00:00,0,0,0
forecast_5326,2025-08-10 22:00:00,0,0,0
forecast_5327,2025-08-10 23:00:00,0,0,0
forecast_5328,2025-08-11 00:00:00,0,0,0
forecast_5329,2025-08-11 01:00:00,0,0,0
forecast_5330,2025-08-11 02:00:00,0,0,0
forecast_5331,2025-08-11 03:00:00,0,0,0
forecast_5332,2025-08-11 04:00:00,0,0,0
forecast_5333,2025-08-11 05:00:00,0,0,0
forecast_5334,2025-08-11 06:00:00,0,0,0
forecast_5335,2025-08-11 07:00:00,0,0,0
forecast_5336,2025-08-11 08:00:00,0,0,0
forecast_5337,2025-08-11 09:00:00,0,0,0
forecast_5338,2025-08-11 10:00:00,0,0,0
forecast_5339,2025-08-11 11:00:00,0,0,0
forecast_5340,2025-08-11 12:00:00,0,0,0
forecast_5341,2025-08-11 13:00:00,0,0,0
forecast_5342,2025-08-11 14:00:00,0,0,0
forecast_5343,2025-08-11 15:00:00,0,0,0
forecast_5344,2025-08-11 16:00:00,0,0,0
forecast_5345,2025-08-11 17:00:00,0,0,0
forecast_5346,2025-08-11 18:00:00,0,0,0
forecast_5347,2025-08-11 19:00:00,0,0,0
forecast_5348,2025-08-11 20:00:00,0,0,0
forecast_5349,2025-08-11 21:00:00,0,0,0
forecast_5350,2025-08-11 22:00:00,0,0,0
forecast_5351,2025-08-11 23:00:00,0,0,0
forecast_5352,2025-08-12 00:00:00,0,0,0
forecast_5353,2025-08-12 01:00:00,0,0,0
forecast_5354,2025-08-12 02:00:00,0,0,0
forecast_5355,2025-08-12 03:00:00,0,0,0
forecast_5356,2025-08-12 04:00:00,0,0,0
forecast_5357,2025-08-12 05:00:00,0,0,0
forecast_5358,2025-08-12 06:00:00,0,0,0
forecast_5359,2025-08-12 07:00:00,0,0,0
forecast_5360,2025-08-12 08:00:00,0,0,0
forecast_5361,2025-08-12 09:00:00,0,0,0
forecast_5362,2025-08-12 10:00:00,0,0,0
forecast_5363,2025-08-12 11:00:00,0,0,0
forecast_5364,2025-08-12 12:00:00,0,0,0
forecast_5365,2025-08-12 13:00:00,0,0,0
forecast_5366,2025-08-12 14:00:00,0,0,0
forecast_5367,2025-08-12 15:00:00,0,0,0
forecast_5368,2025-08-12 16:00:00,0,0,0
forecast_5369,2025-08-12 17:00:00,0,0,0
forecast_5370,2025-08-12 18:00:00,0,0,0
forecast_5371,2025-08-12 19:00:00,0,0,0
forecast_5372,2025-08-12 20:00:00,0,0,0
forecast_5373,2025-08-12 21:00:00,0,0,0
forecast_5374,2025-08-12 22:00:00,0,0,0
forecast_5375,2025-08-12 23:00:00,0,0,0
forecast_5376,2025-08-13 00:00:00,0,0,0
forecast_5377,2025-08-13 01:00:00,0,0,0
forecast_5378,2025-08-13 02:00:00,0,0,0
forecast_5379,2025-08-13 03:00:00,0,0,0
forecast_5380,2025-08-13 04:00:00,0,0,0
forecast_5381,2025-08-13 05:00:00,0,0,0
forecast_5382,2025-08-13 06:00:00,0,0,0
forecast_5383,2025-08-13 07:00:00,0,0,0
forecast_5384,2025-08-13 08:00:00,0,0,0
forecast_5385,2025-08-13 09:00:00,0,0,0
forecast_5386,2025-08-13 10:00:00,0,0,0
forecast_5387,2025-08-13 11:00:00,0,0,0
forecast_5388,2025-08-13 12:00:00,0,0,0
forecast_5389,2025-08-13 13:00:00,0,0,0
forecast_5390,2025-08-13 14:00:00,0,0,0
forecast_5391,2025-08-13 15:00:00,0,0,0
forecast_5392,2025-08-13 16:00:00,0,0,0
forecast_5393,2025-08-13 17:00:00,0,0,0
forecast_5394,2025-08-13 18:00:00,0,0,0
forecast_5395,2025-08-13 19:00:00,0,0,0
forecast_5396,2025-08-13 20:00:00,0,0,0
forecast_5397,2025-08-13 21:00:00,0,0,0
forecast_5398,2025-08-13 22:00:00,0,0,0
forecast_5399,2025-08-13 23:00:00,0,0,0
forecast_5400,2025-08-14 00:00:00,0,0,0
forecast_5401,2025-08-14 01:00:00,0,0,0
forecast_5402,2025-08-14 02:00:00,0,0,0
forecast_5403,2025-08-14 03:00:00,0,0,0
forecast_5404,2025-08-14 04:00:00,0,0,0
forecast_5405,2025-08-14 05:00:00,0,0,0
forecast_5406,2025-08-14 06:00:00,0,0,0
forecast_5407,2025-08-14 07:00:00,0,0,0
forecast_5408,2025-08-14 08:00:00,0,0,0
forecast_5409,2025-08-14 09:00:00,0,0,0
forecast_5410,2025-08-14 10:00:00,0,0,0
forecast_5411,2025-08-14 11:00:00,0,0,0
forecast_5412,2025-08-14 12:00:00,0,0,0
forecast_5413,2025-08-14 13:00:00,0,0,0
forecast_5414,2025-08-14 14:00:00,0,0,0
forecast_5415,2025-08-14 15:00:00,0,0,0
forecast_5416,2025-08-14 16:00:00,0,0,0
forecast_5417,2025-08-14 17:00:00,0,0,0
forecast_5418,2025-08-14 18:00:00,0,0,0
forecast_5419,2025-08-14 19:00:00,0,0,0
forecast_5420,2025-08-14 20:00:00,0,0,0
forecast_5421,2025-08-14 21:00:00,0,0,0
forecast_5422,2025-08-14 22:00:00,0,0,0
forecast_5423,2025-08-14 23:00:00,0,0,0
forecast_5424,2025-08-15 00:00:00,0,0,0
forecast_5425,2025-08-15 01:00:00,0,0,0
forecast_5426,2025-08-15 02:00:00,0,0,0
forecast_5427,2025-08-15 03:00:00,0,0,0
forecast_5428,2025-08-15 04:00:00,0,0,0
forecast_5429,2025-08-15 05:00:00,0,0,0
forecast_5430,2025-08-15 06:00:00,0,0,0
forecast_5431,2025-08-15 07:00:00,0,0,0
forecast_5432,2025-08-15 08:00:00,0,0,0
forecast_5433,2025-08-15 09:00:00,0,0,0
forecast_5434,2025-08-15 10:00:00,0,0,0
forecast_5435,2025-08-15 11:00:00,0,0,0
forecast_5436,2025-08-15 12:00:00,0,0,0
forecast_5437,2025-08-15 13:00:00,0,0,0
forecast_5438,2025-08-15 14:00:00,0,0,0
forecast_5439,2025-08-15 15:00:00,0,0,0
forecast_5440,2025-08-15 16:00:00,0,0,0
forecast_5441,2025-08-15 17:00:00,0,0,0
forecast_5442,2025-08-15 18:00:00,0,0,0
forecast_5443,2025-08-15 19:00:00,0,0,0
forecast_5444,2025-08-15 20:00:00,0,0,0
forecast_5445,2025-08-15 21:00:00,0,0,0
forecast_5446,2025-08-15 22:00:00,0,0,0
forecast_5447,2025-08-15 23:00:00,0,0,0
forecast_5448,2025-08-16 00:00:00,0,0,0
forecast_5449,2025-08-16 01:00:00,0,0,0
forecast_5450,2025-08-16 02:00:00,0,0,0
forecast_5451,2025-08-16 03:00:00,0,0,0
forecast_5452,2025-08-16 04:00:00,0,0,0
forecast_5453,2025-08-16 05:00:00,0,0,0
forecast_5454,2025-08-16 06:00:00,0,0,0
forecast_5455,2025-08-16 07:00:00,0,0,0
forecast_5456,2025-08-16 08:00:00,0,0,0
forecast_5457,2025-08-16 09:00:00,0,0,0
forecast_5458,2025-08-16 10:00:00,0,0,0
forecast_5459,2025-08-16 11:00:00,0,0,0
forecast_5460,2025-08-16 12:00:00,0,0,0
forecast_5461,2025-08-16 13:00:00,0,0,0
forecast_5462,2025-08-16 14:00:00,0,0,0
forecast_5463,2025-08-16 15:00:00,0,0,0
forecast_5464,2025-08-16 16:00:00,0,0,0
forecast_5465,2025-08-16 17:00:00,0,0,0
forecast_5466,2025-08-16 18:00:00,0,0,0
forecast_5467,2025-08-16 19:00:00,0,0,0
forecast_5468,2025-08-16 20:00:00,0,0,0
forecast_5469,2025-08-16 21:00:00,0,0,0
forecast_5470,2025-08-16 22:00:00,0,0,0
forecast_5471,2025-08-16 23:00:00,0,0,0
forecast_5472,2025-08-17 00:00:00,0,0,0
forecast_5473,2025-08-17 01:00:00,0,0,0
forecast_5474,2025-08-17 02:00:00,0,0,0
forecast_5475,2025-08-17 03:00:00,0,0,0
forecast_5476,2025-08-17 04:00:00,0,0,0
forecast_5477,2025-08-17 05:00:00,0,0,0
forecast_5478,2025-08-17 06:00:00,0,0,0
forecast_5479,2025-08-17 07:00:00,0,0,0
forecast_5480,2025-08-17 08:00:00,0,0,0
forecast_5481,2025-08-17 09:00:00,0,0,0
forecast_5482,2025-08-17 10:00:00,0,0,0
forecast_5483,2025-08-17 11:00:00,0,0,0
forecast_5484,2025-08-17 12:00:00,0,0,0
forecast_5485,2025-08-17 13:00:00,0,0,0
forecast_5486,2025-08-17 14:00:00,0,0,0
forecast_5487,2025-08-17 15:00:00,0,0,0
forecast_5488,2025-08-17 16:00:00,0,0,0
forecast_5489,2025-08-17 17:00:00,0,0,0
forecast_5490,2025-08-17 18:00:00,0,0,0
forecast_5491,2025-08-17 19:00:00,0,0,0
forecast_5492,2025-08-17 20:00:00,0,0,0
forecast_5493,2025-08-17 21:00:00,0,0,0
forecast_5494,2025-08-17 22:00:00,0,0,0
forecast_5495,2025-08-17 23:00:00,0,0,0
forecast_5496,2025-08-18 00:00:00,0,0,0
forecast_5497,2025-08-18 01:00:00,0,0,0
forecast_5498,2025-08-18 02:00:00,0,0,0
forecast_5499,2025-08-18 03:00:00,0,0,0
forecast_5500,2025-08-18 04:00:00,0,0,0
forecast_5501,2025-08-18 05:00:00,0,0,0
forecast_5502,2025-08-18 06:00:00,0,0,0
forecast_5503,2025-08-18 07:00:00,0,0,0
forecast_5504,2025-08-18 08:00:00,0,0,0
forecast_5505,2025-08-18 09:00:00,0,0,0
forecast_5506,2025-08-18 10:00:00,0,0,0
forecast_5507,2025-08-18 11:00:00,0,0,0
forecast_5508,2025-08-18 12:00:00,0,0,0
forecast_5509,2025-08-18 13:00:00,0,0,0
forecast_5510,2025-08-18 14:00:00,0,0,0
forecast_5511,2025-08-18 15:00:00,0,0,0
forecast_5512,2025-08-18 16:00:00,0,0,0
forecast_5513,2025-08-18 17:00:00,0,0,0
forecast_5514,2025-08-18 18:00:00,0,0,0
forecast_5515,2025-08-18 19:00:00,0,0,0
forecast_5516,2025-08-18 20:00:00,0,0,0
forecast_5517,2025-08-18 21:00:00,0,0,0
forecast_5518,2025-08-18 22:00:00,0,0,0
forecast_5519,2025-08-18 23:00:00,0,0,0
forecast_5520,2025-08-19 00:00:00,0,0,0
forecast_5521,2025-08-19 01:00:00,0,0,0
forecast_5522,2025-08-19 02:00:00,0,0,0
forecast_5523,2025-08-19 03:00:00,0,0,0
forecast_5524,2025-08-19 04:00:00,0,0,0
forecast_5525,2025-08-19 05:00:00,0,0,0
forecast_5526,2025-08-19 06:00:00,0,0,0
forecast_5527,2025-08-19 07:00:00,0,0,0
forecast_5528,2025-08-19 08:00:00,0,0,0
forecast_5529,2025-08-19 09:00:00,0,0,0
forecast_5530,2025-08-19 10:00:00,0,0,0
forecast_5531,2025-08-19 11:00:00,0,0,0
forecast_5532,2025-08-19 12:00:00,0,0,0
forecast_5533,2025-08-19 13:00:00,0,0,0
forecast_5534,2025-08-19 14:00:00,0,0,0
forecast_5535,2025-08-19 15:00:00,0,0,0
forecast_5536,2025-08-19 16:00:00,0,0,0
forecast_5537,2025-08-19 17:00:00,0,0,0
forecast_5538,2025-08-19 18:00:00,0,0,0
forecast_5539,2025-08-19 19:00:00,0,0,0
forecast_5540,2025-08-19 20:00:00,0,0,0
forecast_5541,2025-08-19 21:00:00,0,0,0
forecast_5542,2025-08-19 22:00:00,0,0,0
forecast_5543,2025-08-19 23:00:00,0,0,0
forecast_5544,2025-08-20 00:00:00,0,0,0
forecast_5545,2025-08-20 01:00:00,0,0,0
forecast_5546,2025-08-20 02:00:00,0,0,0
forecast_5547,2025-08-20 03:00:00,0,0,0
forecast_5548,2025-08-20 04:00:00,0,0,0
forecast_5549,2025-08-20 05:00:00,0,0,0
forecast_5550,2025-08-20 06:00:00,0,0,0
forecast_5551,2025-08-20 07:00:00,0,0,0
forecast_5552,2025-08-20 08:00:00,0,0,0
forecast_5553,2025-08-20 09:00:00,0,0,0
forecast_5554,2025-08-20 10:00:00,0,0,0
forecast_5555,2025-08-20 11:00:00,0,0,0
forecast_5556,2025-08-20 12:00:00,0,0,0
forecast_5557,2025-08-20 13:00:00,0,0,0
forecast_5558,2025-08-20 14:00:00,0,0,0
forecast_5559,2025-08-20 15:00:00,0,0,0
forecast_5560,2025-08-20 16:00:00,0,0,0
forecast_5561,2025-08-20 17:00:00,0,0,0
forecast_5562,2025-08-20 18:00:00,0,0,0
forecast_5563,2025-08-20 19:00:00,0,0,0
forecast_5564,2025-08-20 20:00:00,0,0,0
forecast_5565,2025-08-20 21:00:00,0,0,0
forecast_5566,2025-08-20 22:00:00,0,0,0
forecast_5567,2025-08-20 23:00:00,0,0,0
forecast_5568,2025-08-21 00:00:00,0,0,0
forecast_5569,2025-08-21 01:00:00,0,0,0
forecast_5570,2025-08-21 02:00:00,0,0,0
forecast_5571,2025-08-21 03:00:00,0,0,0
forecast_5572,2025-08-21 04:00:00,0,0,0
forecast_5573,2025-08-21 05:00:00,0,0,0
forecast_5574,2025-08-21 06:00:00,0,0,0
forecast_5575,2025-08-21 07:00:00,0,0,0
forecast_5576,2025-08-21 08:00:00,0,0,0
forecast_5577,2025-08-21 09:00:00,0,0,0
forecast_5578,2025-08-21 10:00:00,0,0,0
forecast_5579,2025-08-21 11:00:00,0,0,0
forecast_5580,2025-08-21 12:00:00,0,0,0
forecast_5581,2025-08-21 13:00:00,0,0,0
forecast_5582,2025-08-21 14:00:00,0,0,0
forecast_5583,2025-08-21 15:00:00,0,0,0
forecast_5584,2025-08-21 16:00:00,0,0,0
forecast_5585,2025-08-21 17:00:00,0,0,0
forecast_5586,2025-08-21 18:00:00,0,0,0
forecast_5587,2025-08-21 19:00:00,0,0,0
forecast_5588,2025-08-21 20:00:00,0,0,0
forecast_5589,2025-08-21 21:00:00,0,0,0
forecast_5590,2025-08-21 22:00:00,0,0,0
forecast_5591,2025-08-21 23:00:00,0,0,0
forecast_5592,2025-08-22 00:00:00,0,0,0
forecast_5593,2025-08-22 01:00:00,0,0,0
forecast_5594,2025-08-22 02:00:00,0,0,0
forecast_5595,2025-08-22 03:00:00,0,0,0
forecast_5596,2025-08-22 04:00:00,0,0,0
forecast_5597,2025-08-22 05:00:00,0,0,0
forecast_5598,2025-08-22 06:00:00,0,0,0
forecast_5599,2025-08-22 07:00:00,0,0,0
forecast_5600,2025-08-22 08:00:00,0,0,0
forecast_5601,2025-08-22 09:00:00,0,0,0
forecast_5602,2025-08-22 10:00:00,0,0,0
forecast_5603,2025-08-22 11:00:00,0,0,0
forecast_5604,2025-08-22 12:00:00,0,0,0
forecast_5605,2025-08-22 13:00:00,0,0,0
forecast_5606,2025-08-22 14:00:00,0,0,0
forecast_5607,2025-08-22 15:00:00,0,0,0
forecast_5608,2025-08-22 16:00:00,0,0,0
forecast_5609,2025-08-22 17:00:00,0,0,0
forecast_5610,2025-08-22 18:00:00,0,0,0
forecast_5611,2025-08-22 19:00:00,0,0,0
forecast_5612,2025-08-22 20:00:00,0,0,0
forecast_5613,2025-08-22 21:00:00,0,0,0
forecast_5614,2025-08-22 22:00:00,0,0,0
forecast_5615,2025-08-22 23:00:00,0,0,0
forecast_5616,2025-08-23 00:00:00,0,0,0
forecast_5617,2025-08-23 01:00:00,0,0,0
forecast_5618,2025-08-23 02:00:00,0,0,0
forecast_5619,2025-08-23 03:00:00,0,0,0
forecast_5620,2025-08-23 04:00:00,0,0,0
forecast_5621,2025-08-23 05:00:00,0,0,0
forecast_5622,2025-08-23 06:00:00,0,0,0
forecast_5623,2025-08-23 07:00:00,0,0,0
forecast_5624,2025-08-23 08:00:00,0,0,0
forecast_5625,2025-08-23 09:00:00,0,0,0
forecast_5626,2025-08-23 10:00:00,0,0,0
forecast_5627,2025-08-23 11:00:00,0,0,0
forecast_5628,2025-08-23 12:00:00,0,0,0
forecast_5629,2025-08-23 13:00:00,0,0,0
forecast_5630,2025-08-23 14:00:00,0,0,0
forecast_5631,2025-08-23 15:00:00,0,0,0
forecast_5632,2025-08-23 16:00:00,0,0,0
forecast_5633,2025-08-23 17:00:00,0,0,0
forecast_5634,2025-08-23 18:00:00,0,0,0
forecast_5635,2025-08-23 19:00:00,0,0,0
forecast_5636,2025-08-23 20:00:00,0,0,0
forecast_5637,2025-08-23 21:00:00,0,0,0
forecast_5638,2025-08-23 22:00:00,0,0,0
forecast_5639,2025-08-23 23:00:00,0,0,0
forecast_5640,2025-08-24 00:00:00,0,0,0
forecast_5641,2025-08-24 01:00:00,0,0,0
forecast_5642,2025-08-24 02:00:00,0,0,0
forecast_5643,2025-08-24 03:00:00,0,0,0
forecast_5644,2025-08-24 04:00:00,0,0,0
forecast_5645,2025-08-24 05:00:00,0,0,0
forecast_5646,2025-08-24 06:00:00,0,0,0
forecast_5647,2025-08-24 07:00:00,0,0,0
forecast_5648,2025-08-24 08:00:00,0,0,0
forecast_5649,2025-08-24 09:00:00,0,0,0
forecast_5650,2025-08-24 10:00:00,0,0,0
forecast_5651,2025-08-24 11:00:00,0,0,0
forecast_5652,2025-08-24 12:00:00,0,0,0
forecast_5653,2025-08-24 13:00:00,0,0,0
forecast_5654,2025-08-24 14:00:00,0,0,0
forecast_5655,2025-08-24 15:00:00,0,0,0
forecast_5656,2025-08-24 16:00:00,0,0,0
forecast_5657,2025-08-24 17:00:00,0,0,0
forecast_5658,2025-08-24 18:00:00,0,0,0
forecast_5659,2025-08-24 19:00:00,0,0,0
forecast_5660,2025-08-24 20:00:00,0,0,0
forecast_5661,2025-08-24 21:00:00,0,0,0
forecast_5662,2025-08-24 22:00:00,0,0,0
forecast_5663,2025-08-24 23:00:00,0,0,0
forecast_5664,2025-08-25 00:00:00,0,0,0
forecast_5665,2025-08-25 01:00:00,0,0,0
forecast_5666,2025-08-25 02:00:00,0,0,0
forecast_5667,2025-08-25 03:00:00,0,0,0
forecast_5668,2025-08-25 04:00:00,0,0,0
forecast_5669,2025-08-25 05:00:00,0,0,0
forecast_5670,2025-08-25 06:00:00,0,0,0
forecast_5671,2025-08-25 07:00:00,0,0,0
forecast_5672,2025-08-25 08:00:00,0,0,0
forecast_5673,2025-08-25 09:00:00,0,0,0
forecast_5674,2025-08-25 10:00:00,0,0,0
forecast_5675,2025-08-25 11:00:00,0,0,0
forecast_5676,2025-08-25 12:00:00,0,0,0
forecast_5677,2025-08-25 13:00:00,0,0,0
forecast_5678,2025-08-25 14:00:00,0,0,0
forecast_5679,2025-08-25 15:00:00,0,0,0
forecast_5680,2025-08-25 16:00:00,0,0,0
forecast_5681,2025-08-25 17:00:00,0,0,0
forecast_5682,2025-08-25 18:00:00,0,0,0
forecast_5683,2025-08-25 19:00:00,0,0,0
forecast_5684,2025-08-25 20:00:00,0,0,0
forecast_5685,2025-08-25 21:00:00,0,0,0
forecast_5686,2025-08-25 22:00:00,0,0,0
forecast_5687,2025-08-25 23:00:00,0,0,0
forecast_5688,2025-08-26 00:00:00,0,0,0
forecast_5689,2025-08-26 01:00:00,0,0,0
forecast_5690,2025-08-26 02:00:00,0,0,0
forecast_5691,2025-08-26 03:00:00,0,0,0
forecast_5692,2025-08-26 04:00:00,0,0,0
forecast_5693,2025-08-26 05:00:00,0,0,0
forecast_5694,2025-08-26 06:00:00,0,0,0
forecast_5695,2025-08-26 07:00:00,0,0,0
forecast_5696,2025-08-26 08:00:00,0,0,0
forecast_5697,2025-08-26 09:00:00,0,0,0
forecast_5698,2025-08-26 10:00:00,0,0,0
forecast_5699,2025-08-26 11:00:00,0,0,0
forecast_5700,2025-08-26 12:00:00,0,0,0
forecast_5701,2025-08-26 13:00:00,0,0,0
forecast_5702,2025-08-26 14:00:00,0,0,0
forecast_5703,2025-08-26 15:00:00,0,0,0
forecast_5704,2025-08-26 16:00:00,0,0,0
forecast_5705,2025-08-26 17:00:00,0,0,0
forecast_5706,2025-08-26 18:00:00,0,0,0
forecast_5707,2025-08-26 19:00:00,0,0,0
forecast_5708,2025-08-26 20:00:00,0,0,0
forecast_5709,2025-08-26 21:00:00,0,0,0
forecast_5710,2025-08-26 22:00:00,0,0,0
forecast_5711,2025-08-26 23:00:00,0,0,0
forecast_5712,2025-08-27 00:00:00,0,0,0
forecast_5713,2025-08-27 01:00:00,0,0,0
forecast_5714,2025-08-27 02:00:00,0,0,0
forecast_5715,2025-08-27 03:00:00,0,0,0
forecast_5716,2025-08-27 04:00:00,0,0,0
forecast_5717,2025-08-27 05:00:00,0,0,0
forecast_5718,2025-08-27 06:00:00,0,0,0
forecast_5719,2025-08-27 07:00:00,0,0,0
forecast_5720,2025-08-27 08:00:00,0,0,0
forecast_5721,2025-08-27 09:00:00,0,0,0
forecast_5722,2025-08-27 10:00:00,0,0,0
forecast_5723,2025-08-27 11:00:00,0,0,0
forecast_5724,2025-08-27 12:00:00,0,0,0
forecast_5725,2025-08-27 13:00:00,0,0,0
forecast_5726,2025-08-27 14:00:00,0,0,0
forecast_5727,2025-08-27 15:00:00,0,0,0
forecast_5728,2025-08-27 16:00:00,0,0,0
forecast_5729,2025-08-27 17:00:00,0,0,0
forecast_5730,2025-08-27 18:00:00,0,0,0
forecast_5731,2025-08-27 19:00:00,0,0,0
forecast_5732,2025-08-27 20:00:00,0,0,0
forecast_5733,2025-08-27 21:00:00,0,0,0
forecast_5734,2025-08-27 22:00:00,0,0,0
forecast_5735,2025-08-27 23:00:00,0,0,0
forecast_5736,2025-08-28 00:00:00,0,0,0
forecast_5737,2025-08-28 01:00:00,0,0,0
forecast_5738,2025-08-28 02:00:00,0,0,0
forecast_5739,2025-08-28 03:00:00,0,0,0
forecast_5740,2025-08-28 04:00:00,0,0,0
forecast_5741,2025-08-28 05:00:00,0,0,0
forecast_5742,2025-08-28 06:00:00,0,0,0
forecast_5743,2025-08-28 07:00:00,0,0,0
forecast_5744,2025-08-28 08:00:00,0,0,0
forecast_5745,2025-08-28 09:00:00,0,0,0
forecast_5746,2025-08-28 10:00:00,0,0,0
forecast_5747,2025-08-28 11:00:00,0,0,0
forecast_5748,2025-08-28 12:00:00,0,0,0
forecast_5749,2025-08-28 13:00:00,0,0,0
forecast_5750,2025-08-28 14:00:00,0,0,0
forecast_5751,2025-08-28 15:00:00,0,0,0
forecast_5752,2025-08-28 16:00:00,0,0,0
forecast_5753,2025-08-28 17:00:00,0,0,0
forecast_5754,2025-08-28 18:00:00,0,0,0
forecast_5755,2025-08-28 19:00:00,0,0,0
forecast_5756,2025-08-28 20:00:00,0,0,0
forecast_5757,2025-08-28 21:00:00,0,0,0
forecast_5758,2025-08-28 22:00:00,0,0,0
forecast_5759,2025-08-28 23:00:00,0,0,0
forecast_5760,2025-08-29 00:00:00,0,0,0
forecast_5761,2025-08-29 01:00:00,0,0,0
forecast_5762,2025-08-29 02:00:00,0,0,0
forecast_5763,2025-08-29 03:00:00,0,0,0
forecast_5764,2025-08-29 04:00:00,0,0,0
forecast_5765,2025-08-29 05:00:00,0,0,0
forecast_5766,2025-08-29 06:00:00,0,0,0
forecast_5767,2025-08-29 07:00:00,0,0,0
forecast_5768,2025-08-29 08:00:00,0,0,0
forecast_5769,2025-08-29 09:00:00,0,0,0
forecast_5770,2025-08-29 10:00:00,0,0,0
forecast_5771,2025-08-29 11:00:00,0,0,0
forecast_5772,2025-08-29 12:00:00,0,0,0
forecast_5773,2025-08-29 13:00:00,0,0,0
forecast_5774,2025-08-29 14:00:00,0,0,0
forecast_5775,2025-08-29 15:00:00,0,0,0
forecast_5776,2025-08-29 16:00:00,0,0,0
forecast_5777,2025-08-29 17:00:00,0,0,0
forecast_5778,2025-08-29 18:00:00,0,0,0
forecast_5779,2025-08-29 19:00:00,0,0,0
forecast_5780,2025-08-29 20:00:00,0,0,0
forecast_5781,2025-08-29 21:00:00,0,0,0
forecast_5782,2025-08-29 22:00:00,0,0,0
forecast_5783,2025-08-29 23:00:00,0,0,0
forecast_5784,2025-08-30 00:00:00,0,0,0
forecast_5785,2025-08-30 01:00:00,0,0,0
forecast_5786,2025-08-30 02:00:00,0,0,0
forecast_5787,2025-08-30 03:00:00,0,0,0
forecast_5788,2025-08-30 04:00:00,0,0,0
forecast_5789,2025-08-30 05:00:00,0,0,0
forecast_5790,2025-08-30 06:00:00,0,0,0
forecast_5791,2025-08-30 07:00:00,0,0,0
forecast_5792,2025-08-30 08:00:00,0,0,0
forecast_5793,2025-08-30 09:00:00,0,0,0
forecast_5794,2025-08-30 10:00:00,0,0,0
forecast_5795,2025-08-30 11:00:00,0,0,0
forecast_5796,2025-08-30 12:00:00,0,0,0
forecast_5797,2025-08-30 13:00:00,0,0,0
forecast_5798,2025-08-30 14:00:00,0,0,0
forecast_5799,2025-08-30 15:00:00,0,0,0
forecast_5800,2025-08-30 16:00:00,0,0,0
forecast_5801,2025-08-30 17:00:00,0,0,0
forecast_5802,2025-08-30 18:00:00,0,0,0
forecast_5803,2025-08-30 19:00:00,0,0,0
forecast_5804,2025-08-30 20:00:00,0,0,0
forecast_5805,2025-08-30 21:00:00,0,0,0
forecast_5806,2025-08-30 22:00:00,0,0,0
forecast_5807,2025-08-30 23:00:00,0,0,0
forecast_5808,2025-08-31 00:00:00,0,0,0
forecast_5809,2025-08-31 01:00:00,0,0,0
forecast_5810,2025-08-31 02:00:00,0,0,0
forecast_5811,2025-08-31 03:00:00,0,0,0
forecast_5812,2025-08-31 04:00:00,0,0,0
forecast_5813,2025-08-31 05:00:00,0,0,0
forecast_5814,2025-08-31 06:00:00,0,0,0
forecast_5815,2025-08-31 07:00:00,0,0,0
forecast_5816,2025-08-31 08:00:00,0,0,0
forecast_5817,2025-08-31 09:00:00,0,0,0
forecast_5818,2025-08-31 10:00:00,0,0,0
forecast_5819,2025-08-31 11:00:00,0,0,0
forecast_5820,2025-08-31 12:00:00,0,0,0
forecast_5821,2025-08-31 13:00:00,0,0,0
forecast_5822,2025-08-31 14:00:00,0,0,0
forecast_5823,2025-08-31 15:00:00,0,0,0
forecast_5824,2025-08-31 16:00:00,0,0,0
forecast_5825,2025-08-31 17:00:00,0,0,0
forecast_5826,2025-08-31 18:00:00,0,0,0
forecast_5827,2025-08-31 19:00:00,0,0,0
forecast_5828,2025-08-31 20:00:00,0,0,0
forecast_5829,2025-08-31 21:00:00,0,0,0
forecast_5830,2025-08-31 22:00:00,0,0,0
forecast_5831,2025-08-31 23:00:00,0,0,0
forecast_5832,2025-09-01 00:00:00,0,0,0
forecast_5833,2025-09-01 01:00:00,0,0,0
forecast_5834,2025-09-01 02:00:00,0,0,0
forecast_5835,2025-09-01 03:00:00,0,0,0
forecast_5836,2025-09-01 04:00:00,0,0,0
forecast_5837,2025-09-01 05:00:00,0,0,0
forecast_5838,2025-09-01 06:00:00,0,0,0
forecast_5839,2025-09-01 07:00:00,0,0,0
forecast_5840,2025-09-01 08:00:00,0,0,0
forecast_5841,2025-09-01 09:00:00,0,0,0
forecast_5842,2025-09-01 10:00:00,0,0,0
forecast_5843,2025-09-01 11:00:00,0,0,0
forecast_5844,2025-09-01 12:00:00,0,0,0
forecast_5845,2025-09-01 13:00:00,0,0,0
forecast_5846,2025-09-01 14:00:00,0,0,0
forecast_5847,2025-09-01 15:00:00,0,0,0
forecast_5848,2025-09-01 16:00:00,0,0,0
forecast_5849,2025-09-01 17:00:00,0,0,0
forecast_5850,2025-09-01 18:00:00,0,0,0
forecast_5851,2025-09-01 19:00:00,0,0,0
forecast_5852,2025-09-01 20:00:00,0,0,0
forecast_5853,2025-09-01 21:00:00,0,0,0
forecast_5854,2025-09-01 22:00:00,0,0,0
forecast_5855,2025-09-01 23:00:00,0,0,0
forecast_5856,2025-09-02 00:00:00,0,0,0
forecast_5857,2025-09-02 01:00:00,0,0,0
forecast_5858,2025-09-02 02:00:00,0,0,0
forecast_5859,2025-09-02 03:00:00,0,0,0
forecast_5860,2025-09-02 04:00:00,0,0,0
forecast_5861,2025-09-02 05:00:00,0,0,0
forecast_5862,2025-09-02 06:00:00,0,0,0
forecast_5863,2025-09-02 07:00:00,0,0,0
forecast_5864,2025-09-02 08:00:00,0,0,0
forecast_5865,2025-09-02 09:00:00,0,0,0
forecast_5866,2025-09-02 10:00:00,0,0,0
forecast_5867,2025-09-02 11:00:00,0,0,0
forecast_5868,2025-09-02 12:00:00,0,0,0
forecast_5869,2025-09-02 13:00:00,0,0,0
forecast_5870,2025-09-02 14:00:00,0,0,0
forecast_5871,2025-09-02 15:00:00,0,0,0
forecast_5872,2025-09-02 16:00:00,0,0,0
forecast_5873,2025-09-02 17:00:00,0,0,0
forecast_5874,2025-09-02 18:00:00,0,0,0
forecast_5875,2025-09-02 19:00:00,0,0,0
forecast_5876,2025-09-02 20:00:00,0,0,0
forecast_5877,2025-09-02 21:00:00,0,0,0
forecast_5878,2025-09-02 22:00:00,0,0,0
forecast_5879,2025-09-02 23:00:00,0,0,0
forecast_5880,2025-09-03 00:00:00,0,0,0
forecast_5881,2025-09-03 01:00:00,0,0,0
forecast_5882,2025-09-03 02:00:00,0,0,0
forecast_5883,2025-09-03 03:00:00,0,0,0
forecast_5884,2025-09-03 04:00:00,0,0,0
forecast_5885,2025-09-03 05:00:00,0,0,0
forecast_5886,2025-09-03 06:00:00,0,0,0
forecast_5887,2025-09-03 07:00:00,0,0,0
forecast_5888,2025-09-03 08:00:00,0,0,0
forecast_5889,2025-09-03 09:00:00,0,0,0
forecast_5890,2025-09-03 10:00:00,0,0,0
forecast_5891,2025-09-03 11:00:00,0,0,0
forecast_5892,2025-09-03 12:00:00,0,0,0
forecast_5893,2025-09-03 13:00:00,0,0,0
forecast_5894,2025-09-03 14:00:00,0,0,0
forecast_5895,2025-09-03 15:00:00,0,0,0
forecast_5896,2025-09-03 16:00:00,0,0,0
forecast_5897,2025-09-03 17:00:00,0,0,0
forecast_5898,2025-09-03 18:00:00,0,0,0
forecast_5899,2025-09-03 19:00:00,0,0,0
forecast_5900,2025-09-03 20:00:00,0,0,0
forecast_5901,2025-09-03 21:00:00,0,0,0
forecast_5902,2025-09-03 22:00:00,0,0,0
forecast_5903,2025-09-03 23:00:00,0,0,0
forecast_5904,2025-09-04 00:00:00,0,0,0
forecast_5905,2025-09-04 01:00:00,0,0,0
forecast_5906,2025-09-04 02:00:00,0,0,0
forecast_5907,2025-09-04 03:00:00,0,0,0
forecast_5908,2025-09-04 04:00:00,0,0,0
forecast_5909,2025-09-04 05:00:00,0,0,0
forecast_5910,2025-09-04 06:00:00,0,0,0
forecast_5911,2025-09-04 07:00:00,0,0,0
forecast_5912,2025-09-04 08:00:00,0,0,0
forecast_5913,2025-09-04 09:00:00,0,0,0
forecast_5914,2025-09-04 10:00:00,0,0,0
forecast_5915,2025-09-04 11:00:00,0,0,0
forecast_5916,2025-09-04 12:00:00,0,0,0
forecast_5917,2025-09-04 13:00:00,0,0,0
forecast_5918,2025-09-04 14:00:00,0,0,0
forecast_5919,2025-09-04 15:00:00,0,0,0
forecast_5920,2025-09-04 16:00:00,0,0,0
forecast_5921,2025-09-04 17:00:00,0,0,0
forecast_5922,2025-09-04 18:00:00,0,0,0
forecast_5923,2025-09-04 19:00:00,0,0,0
forecast_5924,2025-09-04 20:00:00,0,0,0
forecast_5925,2025-09-04 21:00:00,0,0,0
forecast_5926,2025-09-04 22:00:00,0,0,0
forecast_5927,2025-09-04 23:00:00,0,0,0
forecast_5928,2025-09-05 00:00:00,0,0,0
forecast_5929,2025-09-05 01:00:00,0,0,0
forecast_5930,2025-09-05 02:00:00,0,0,0
forecast_5931,2025-09-05 03:00:00,0,0,0
forecast_5932,2025-09-05 04:00:00,0,0,0
forecast_5933,2025-09-05 05:00:00,0,0,0
forecast_5934,2025-09-05 06:00:00,0,0,0
forecast_5935,2025-09-05 07:00:00,0,0,0
forecast_5936,2025-09-05 08:00:00,0,0,0
forecast_5937,2025-09-05 09:00:00,0,0,0
forecast_5938,2025-09-05 10:00:00,0,0,0
forecast_5939,2025-09-05 11:00:00,0,0,0
forecast_5940,2025-09-05 12:00:00,0,0,0
forecast_5941,2025-09-05 13:00:00,0,0,0
forecast_5942,2025-09-05 14:00:00,0,0,0
forecast_5943,2025-09-05 15:00:00,0,0,0
forecast_5944,2025-09-05 16:00:00,0,0,0
forecast_5945,2025-09-05 17:00:00,0,0,0
forecast_5946,2025-09-05 18:00:00,0,0,0
forecast_5947,2025-09-05 19:00:00,0,0,0
forecast_5948,2025-09-05 20:00:00,0,0,0
forecast_5949,2025-09-05 21:00:00,0,0,0
forecast_5950,2025-09-05 22:00:00,0,0,0
forecast_5951,2025-09-05 23:00:00,0,0,0
forecast_5952,2025-09-06 00:00:00,0,0,0
forecast_5953,2025-09-06 01:00:00,0,0,0
forecast_5954,2025-09-06 02:00:00,0,0,0
forecast_5955,2025-09-06 03:00:00,0,0,0
forecast_5956,2025-09-06 04:00:00,0,0,0
forecast_5957,2025-09-06 05:00:00,0,0,0
forecast_5958,2025-09-06 06:00:00,0,0,0
forecast_5959,2025-09-06 07:00:00,0,0,0
forecast_5960,2025-09-06 08:00:00,0,0,0
forecast_5961,2025-09-06 09:00:00,0,0,0
forecast_5962,2025-09-06 10:00:00,0,0,0
forecast_5963,2025-09-06 11:00:00,0,0,0
forecast_5964,2025-09-06 12:00:00,0,0,0
forecast_5965,2025-09-06 13:00:00,0,0,0
forecast_5966,2025-09-06 14:00:00,0,0,0
forecast_5967,2025-09-06 15:00:00,0,0,0
forecast_5968,2025-09-06 16:00:00,0,0,0
forecast_5969,2025-09-06 17:00:00,0,0,0
forecast_5970,2025-09-06 18:00:00,0,0,0
forecast_5971,2025-09-06 19:00:00,0,0,0
forecast_5972,2025-09-06 20:00:00,0,0,0
forecast_5973,2025-09-06 21:00:00,0,0,0
forecast_5974,2025-09-06 22:00:00,0,0,0
forecast_5975,2025-09-06 23:00:00,0,0,0
forecast_5976,2025-09-07 00:00:00,0,0,0
forecast_5977,2025-09-07 01:00:00,0,0,0
forecast_5978,2025-09-07 02:00:00,0,0,0
forecast_5979,2025-09-07 03:00:00,0,0,0
forecast_5980,2025-09-07 04:00:00,0,0,0
forecast_5981,2025-09-07 05:00:00,0,0,0
forecast_5982,2025-09-07 06:00:00,0,0,0
forecast_5983,2025-09-07 07:00:00,0,0,0
forecast_5984,2025-09-07 08:00:00,0,0,0
forecast_5985,2025-09-07 09:00:00,0,0,0
forecast_5986,2025-09-07 10:00:00,0,0,0
forecast_5987,2025-09-07 11:00:00,0,0,0
forecast_5988,2025-09-07 12:00:00,0,0,0
forecast_5989,2025-09-07 13:00:00,0,0,0
forecast_5990,2025-09-07 14:00:00,0,0,0
forecast_5991,2025-09-07 15:00:00,0,0,0
forecast_5992,2025-09-07 16:00:00,0,0,0
forecast_5993,2025-09-07 17:00:00,0,0,0
forecast_5994,2025-09-07 18:00:00,0,0,0
forecast_5995,2025-09-07 19:00:00,0,0,0
forecast_5996,2025-09-07 20:00:00,0,0,0
forecast_5997,2025-09-07 21:00:00,0,0,0
forecast_5998,2025-09-07 22:00:00,0,0,0
forecast_5999,2025-09-07 23:00:00,0,0,0
forecast_6000,2025-09-08 00:00:00,0,0,0
forecast_6001,2025-09-08 01:00:00,0,0,0
forecast_6002,2025-09-08 02:00:00,0,0,0
forecast_6003,2025-09-08 03:00:00,0,0,0
forecast_6004,2025-09-08 04:00:00,0,0,0
forecast_6005,2025-09-08 05:00:00,0,0,0
forecast_6006,2025-09-08 06:00:00,0,0,0
forecast_6007,2025-09-08 07:00:00,0,0,0
forecast_6008,2025-09-08 08:00:00,0,0,0
forecast_6009,2025-09-08 09:00:00,0,0,0
forecast_6010,2025-09-08 10:00:00,0,0,0
forecast_6011,2025-09-08 11:00:00,0,0,0
forecast_6012,2025-09-08 12:00:00,0,0,0
forecast_6013,2025-09-08 13:00:00,0,0,0
forecast_6014,2025-09-08 14:00:00,0,0,0
forecast_6015,2025-09-08 15:00:00,0,0,0
forecast_6016,2025-09-08 16:00:00,0,0,0
forecast_6017,2025-09-08 17:00:00,0,0,0
forecast_6018,2025-09-08 18:00:00,0,0,0
forecast_6019,2025-09-08 19:00:00,0,0,0
forecast_6020,2025-09-08 20:00:00,0,0,0
forecast_6021,2025-09-08 21:00:00,0,0,0
forecast_6022,2025-09-08 22:00:00,0,0,0
forecast_6023,2025-09-08 23:00:00,0,0,0
forecast_6024,2025-09-09 00:00:00,0,0,0
forecast_6025,2025-09-09 01:00:00,0,0,0
forecast_6026,2025-09-09 02:00:00,0,0,0
forecast_6027,2025-09-09 03:00:00,0,0,0
forecast_6028,2025-09-09 04:00:00,0,0,0
forecast_6029,2025-09-09 05:00:00,0,0,0
forecast_6030,2025-09-09 06:00:00,0,0,0
forecast_6031,2025-09-09 07:00:00,0,0,0
forecast_6032,2025-09-09 08:00:00,0,0,0
forecast_6033,2025-09-09 09:00:00,0,0,0
forecast_6034,2025-09-09 10:00:00,0,0,0
forecast_6035,2025-09-09 11:00:00,0,0,0
forecast_6036,2025-09-09 12:00:00,0,0,0
forecast_6037,2025-09-09 13:00:00,0,0,0
forecast_6038,2025-09-09 14:00:00,0,0,0
forecast_6039,2025-09-09 15:00:00,0,0,0
forecast_6040,2025-09-09 16:00:00,0,0,0
forecast_6041,2025-09-09 17:00:00,0,0,0
forecast_6042,2025-09-09 18:00:00,0,0,0
forecast_6043,2025-09-09 19:00:00,0,0,0
forecast_6044,2025-09-09 20:00:00,0,0,0
forecast_6045,2025-09-09 21:00:00,0,0,0
forecast_6046,2025-09-09 22:00:00,0,0,0
forecast_6047,2025-09-09 23:00:00,0,0,0
forecast_6048,2025-09-10 00:00:00,0,0,0
forecast_6049,2025-09-10 01:00:00,0,0,0
forecast_6050,2025-09-10 02:00:00,0,0,0
forecast_6051,2025-09-10 03:00:00,0,0,0
forecast_6052,2025-09-10 04:00:00,0,0,0
forecast_6053,2025-09-10 05:00:00,0,0,0
forecast_6054,2025-09-10 06:00:00,0,0,0
forecast_6055,2025-09-10 07:00:00,0,0,0
forecast_6056,2025-09-10 08:00:00,0,0,0
forecast_6057,2025-09-10 09:00:00,0,0,0
forecast_6058,2025-09-10 10:00:00,0,0,0
forecast_6059,2025-09-10 11:00:00,0,0,0
forecast_6060,2025-09-10 12:00:00,0,0,0
forecast_6061,2025-09-10 13:00:00,0,0,0
forecast_6062,2025-09-10 14:00:00,0,0,0
forecast_6063,2025-09-10 15:00:00,0,0,0
forecast_6064,2025-09-10 16:00:00,0,0,0
forecast_6065,2025-09-10 17:00:00,0,0,0
forecast_6066,2025-09-10 18:00:00,0,0,0
forecast_6067,2025-09-10 19:00:00,0,0,0
forecast_6068,2025-09-10 20:00:00,0,0,0
forecast_6069,2025-09-10 21:00:00,0,0,0
forecast_6070,2025-09-10 22:00:00,0,0,0
forecast_6071,2025-09-10 23:00:00,0,0,0
forecast_6072,2025-09-11 00:00:00,0,0,0
forecast_6073,2025-09-11 01:00:00,0,0,0
forecast_6074,2025-09-11 02:00:00,0,0,0
forecast_6075,2025-09-11 03:00:00,0,0,0
forecast_6076,2025-09-11 04:00:00,0,0,0
forecast_6077,2025-09-11 05:00:00,0,0,0
forecast_6078,2025-09-11 06:00:00,0,0,0
forecast_6079,2025-09-11 07:00:00,0,0,0
forecast_6080,2025-09-11 08:00:00,0,0,0
forecast_6081,2025-09-11 09:00:00,0,0,0
forecast_6082,2025-09-11 10:00:00,0,0,0
forecast_6083,2025-09-11 11:00:00,0,0,0
forecast_6084,2025-09-11 12:00:00,0,0,0
forecast_6085,2025-09-11 13:00:00,0,0,0
forecast_6086,2025-09-11 14:00:00,0,0,0
forecast_6087,2025-09-11 15:00:00,0,0,0
forecast_6088,2025-09-11 16:00:00,0,0,0
forecast_6089,2025-09-11 17:00:00,0,0,0
forecast_6090,2025-09-11 18:00:00,0,0,0
forecast_6091,2025-09-11 19:00:00,0,0,0
forecast_6092,2025-09-11 20:00:00,0,0,0
forecast_6093,2025-09-11 21:00:00,0,0,0
forecast_6094,2025-09-11 22:00:00,0,0,0
forecast_6095,2025-09-11 23:00:00,0,0,0
forecast_6096,2025-09-12 00:00:00,0,0,0
forecast_6097,2025-09-12 01:00:00,0,0,0
forecast_6098,2025-09-12 02:00:00,0,0,0
forecast_6099,2025-09-12 03:00:00,0,0,0
forecast_6100,2025-09-12 04:00:00,0,0,0
forecast_6101,2025-09-12 05:00:00,0,0,0
forecast_6102,2025-09-12 06:00:00,0,0,0
forecast_6103,2025-09-12 07:00:00,0,0,0
forecast_6104,2025-09-12 08:00:00,0,0,0
forecast_6105,2025-09-12 09:00:00,0,0,0
forecast_6106,2025-09-12 10:00:00,0,0,0
forecast_6107,2025-09-12 11:00:00,0,0,0
forecast_6108,2025-09-12 12:00:00,0,0,0
forecast_6109,2025-09-12 13:00:00,0,0,0
forecast_6110,2025-09-12 14:00:00,0,0,0
forecast_6111,2025-09-12 15:00:00,0,0,0
forecast_6112,2025-09-12 16:00:00,0,0,0
forecast_6113,2025-09-12 17:00:00,0,0,0
forecast_6114,2025-09-12 18:00:00,0,0,0
forecast_6115,2025-09-12 19:00:00,0,0,0
forecast_6116,2025-09-12 20:00:00,0,0,0
forecast_6117,2025-09-12 21:00:00,0,0,0
forecast_6118,2025-09-12 22:00:00,0,0,0
forecast_6119,2025-09-12 23:00:00,0,0,0
forecast_6120,2025-09-13 00:00:00,0,0,0
forecast_6121,2025-09-13 01:00:00,0,0,0
forecast_6122,2025-09-13 02:00:00,0,0,0
forecast_6123,2025-09-13 03:00:00,0,0,0
forecast_6124,2025-09-13 04:00:00,0,0,0
forecast_6125,2025-09-13 05:00:00,0,0,0
forecast_6126,2025-09-13 06:00:00,0,0,0
forecast_6127,2025-09-13 07:00:00,0,0,0
forecast_6128,2025-09-13 08:00:00,0,0,0
forecast_6129,2025-09-13 09:00:00,0,0,0
forecast_6130,2025-09-13 10:00:00,0,0,0
forecast_6131,2025-09-13 11:00:00,0,0,0
forecast_6132,2025-09-13 12:00:00,0,0,0
forecast_6133,2025-09-13 13:00:00,0,0,0
forecast_6134,2025-09-13 14:00:00,0,0,0
forecast_6135,2025-09-13 15:00:00,0,0,0
forecast_6136,2025-09-13 16:00:00,0,0,0
forecast_6137,2025-09-13 17:00:00,0,0,0
forecast_6138,2025-09-13 18:00:00,0,0,0
forecast_6139,2025-09-13 19:00:00,0,0,0
forecast_6140,2025-09-13 20:00:00,0,0,0
forecast_6141,2025-09-13 21:00:00,0,0,0
forecast_6142,2025-09-13 22:00:00,0,0,0
forecast_6143,2025-09-13 23:00:00,0,0,0
forecast_6144,2025-09-14 00:00:00,0,0,0
forecast_6145,2025-09-14 01:00:00,0,0,0
forecast_6146,2025-09-14 02:00:00,0,0,0
forecast_6147,2025-09-14 03:00:00,0,0,0
forecast_6148,2025-09-14 04:00:00,0,0,0
forecast_6149,2025-09-14 05:00:00,0,0,0
forecast_6150,2025-09-14 06:00:00,0,0,0
forecast_6151,2025-09-14 07:00:00,0,0,0
forecast_6152,2025-09-14 08:00:00,0,0,0
forecast_6153,2025-09-14 09:00:00,0,0,0
forecast_6154,2025-09-14 10:00:00,0,0,0
forecast_6155,2025-09-14 11:00:00,0,0,0
forecast_6156,2025-09-14 12:00:00,0,0,0
forecast_6157,2025-09-14 13:00:00,0,0,0
forecast_6158,2025-09-14 14:00:00,0,0,0
forecast_6159,2025-09-14 15:00:00,0,0,0
forecast_6160,2025-09-14 16:00:00,0,0,0
forecast_6161,2025-09-14 17:00:00,0,0,0
forecast_6162,2025-09-14 18:00:00,0,0,0
forecast_6163,2025-09-14 19:00:00,0,0,0
forecast_6164,2025-09-14 20:00:00,0,0,0
forecast_6165,2025-09-14 21:00:00,0,0,0
forecast_6166,2025-09-14 22:00:00,0,0,0
forecast_6167,2025-09-14 23:00:00,0,0,0
forecast_6168,2025-09-15 00:00:00,0,0,0
forecast_6169,2025-09-15 01:00:00,0,0,0
forecast_6170,2025-09-15 02:00:00,0,0,0
forecast_6171,2025-09-15 03:00:00,0,0,0
forecast_6172,2025-09-15 04:00:00,0,0,0
forecast_6173,2025-09-15 05:00:00,0,0,0
forecast_6174,2025-09-15 06:00:00,0,0,0
forecast_6175,2025-09-15 07:00:00,0,0,0
forecast_6176,2025-09-15 08:00:00,0,0,0
forecast_6177,2025-09-15 09:00:00,0,0,0
forecast_6178,2025-09-15 10:00:00,0,0,0
forecast_6179,2025-09-15 11:00:00,0,0,0
forecast_6180,2025-09-15 12:00:00,0,0,0
forecast_6181,2025-09-15 13:00:00,0,0,0
forecast_6182,2025-09-15 14:00:00,0,0,0
forecast_6183,2025-09-15 15:00:00,0,0,0
forecast_6184,2025-09-15 16:00:00,0,0,0
forecast_6185,2025-09-15 17:00:00,0,0,0
forecast_6186,2025-09-15 18:00:00,0,0,0
forecast_6187,2025-09-15 19:00:00,0,0,0
forecast_6188,2025-09-15 20:00:00,0,0,0
forecast_6189,2025-09-15 21:00:00,0,0,0
forecast_6190,2025-09-15 22:00:00,0,0,0
forecast_6191,2025-09-15 23:00:00,0,0,0
forecast_6192,2025-09-16 00:00:00,0,0,0
forecast_6193,2025-09-16 01:00:00,0,0,0
forecast_6194,2025-09-16 02:00:00,0,0,0
forecast_6195,2025-09-16 03:00:00,0,0,0
forecast_6196,2025-09-16 04:00:00,0,0,0
forecast_6197,2025-09-16 05:00:00,0,0,0
forecast_6198,2025-09-16 06:00:00,0,0,0
forecast_6199,2025-09-16 07:00:00,0,0,0
forecast_6200,2025-09-16 08:00:00,0,0,0
forecast_6201,2025-09-16 09:00:00,0,0,0
forecast_6202,2025-09-16 10:00:00,0,0,0
forecast_6203,2025-09-16 11:00:00,0,0,0
forecast_6204,2025-09-16 12:00:00,0,0,0
forecast_6205,2025-09-16 13:00:00,0,0,0
forecast_6206,2025-09-16 14:00:00,0,0,0
forecast_6207,2025-09-16 15:00:00,0,0,0
forecast_6208,2025-09-16 16:00:00,0,0,0
forecast_6209,2025-09-16 17:00:00,0,0,0
forecast_6210,2025-09-16 18:00:00,0,0,0
forecast_6211,2025-09-16 19:00:00,0,0,0
forecast_6212,2025-09-16 20:00:00,0,0,0
forecast_6213,2025-09-16 21:00:00,0,0,0
forecast_6214,2025-09-16 22:00:00,0,0,0
forecast_6215,2025-09-16 23:00:00,0,0,0
forecast_6216,2025-09-17 00:00:00,0,0,0
forecast_6217,2025-09-17 01:00:00,0,0,0
forecast_6218,2025-09-17 02:00:00,0,0,0
forecast_6219,2025-09-17 03:00:00,0,0,0
forecast_6220,2025-09-17 04:00:00,0,0,0
forecast_6221,2025-09-17 05:00:00,0,0,0
forecast_6222,2025-09-17 06:00:00,0,0,0
forecast_6223,2025-09-17 07:00:00,0,0,0
forecast_6224,2025-09-17 08:00:00,0,0,0
forecast_6225,2025-09-17 09:00:00,0,0,0
forecast_6226,2025-09-17 10:00:00,0,0,0
forecast_6227,2025-09-17 11:00:00,0,0,0
forecast_6228,2025-09-17 12:00:00,0,0,0
forecast_6229,2025-09-17 13:00:00,0,0,0
forecast_6230,2025-09-17 14:00:00,0,0,0
forecast_6231,2025-09-17 15:00:00,0,0,0
forecast_6232,2025-09-17 16:00:00,0,0,0
forecast_6233,2025-09-17 17:00:00,0,0,0
forecast_6234,2025-09-17 18:00:00,0,0,0
forecast_6235,2025-09-17 19:00:00,0,0,0
forecast_6236,2025-09-17 20:00:00,0,0,0
forecast_6237,2025-09-17 21:00:00,0,0,0
forecast_6238,2025-09-17 22:00:00,0,0,0
forecast_6239,2025-09-17 23:00:00,0,0,0
forecast_6240,2025-09-18 00:00:00,0,0,0
forecast_6241,2025-09-18 01:00:00,0,0,0
forecast_6242,2025-09-18 02:00:00,0,0,0
forecast_6243,2025-09-18 03:00:00,0,0,0
forecast_6244,2025-09-18 04:00:00,0,0,0
forecast_6245,2025-09-18 05:00:00,0,0,0
forecast_6246,2025-09-18 06:00:00,0,0,0
forecast_6247,2025-09-18 07:00:00,0,0,0
forecast_6248,2025-09-18 08:00:00,0,0,0
forecast_6249,2025-09-18 09:00:00,0,0,0
forecast_6250,2025-09-18 10:00:00,0,0,0
forecast_6251,2025-09-18 11:00:00,0,0,0
forecast_6252,2025-09-18 12:00:00,0,0,0
forecast_6253,2025-09-18 13:00:00,0,0,0
forecast_6254,2025-09-18 14:00:00,0,0,0
forecast_6255,2025-09-18 15:00:00,0,0,0
forecast_6256,2025-09-18 16:00:00,0,0,0
forecast_6257,2025-09-18 17:00:00,0,0,0
forecast_6258,2025-09-18 18:00:00,0,0,0
forecast_6259,2025-09-18 19:00:00,0,0,0
forecast_6260,2025-09-18 20:00:00,0,0,0
forecast_6261,2025-09-18 21:00:00,0,0,0
forecast_6262,2025-09-18 22:00:00,0,0,0
forecast_6263,2025-09-18 23:00:00,0,0,0
forecast_6264,2025-09-19 00:00:00,0,0,0
forecast_6265,2025-09-19 01:00:00,0,0,0
forecast_6266,2025-09-19 02:00:00,0,0,0
forecast_6267,2025-09-19 03:00:00,0,0,0
forecast_6268,2025-09-19 04:00:00,0,0,0
forecast_6269,2025-09-19 05:00:00,0,0,0
forecast_6270,2025-09-19 06:00:00,0,0,0
forecast_6271,2025-09-19 07:00:00,0,0,0
forecast_6272,2025-09-19 08:00:00,0,0,0
forecast_6273,2025-09-19 09:00:00,0,0,0
forecast_6274,2025-09-19 10:00:00,0,0,0
forecast_6275,2025-09-19 11:00:00,0,0,0
forecast_6276,2025-09-19 12:00:00,0,0,0
forecast_6277,2025-09-19 13:00:00,0,0,0
forecast_6278,2025-09-19 14:00:00,0,0,0
forecast_6279,2025-09-19 15:00:00,0,0,0
forecast_6280,2025-09-19 16:00:00,0,0,0
forecast_6281,2025-09-19 17:00:00,0,0,0
forecast_6282,2025-09-19 18:00:00,0,0,0
forecast_6283,2025-09-19 19:00:00,0,0,0
forecast_6284,2025-09-19 20:00:00,0,0,0
forecast_6285,2025-09-19 21:00:00,0,0,0
forecast_6286,2025-09-19 22:00:00,0,0,0
forecast_6287,2025-09-19 23:00:00,0,0,0
forecast_6288,2025-09-20 00:00:00,0,0,0
forecast_6289,2025-09-20 01:00:00,0,0,0
forecast_6290,2025-09-20 02:00:00,0,0,0
forecast_6291,2025-09-20 03:00:00,0,0,0
forecast_6292,2025-09-20 04:00:00,0,0,0
forecast_6293,2025-09-20 05:00:00,0,0,0
forecast_6294,2025-09-20 06:00:00,0,0,0
forecast_6295,2025-09-20 07:00:00,0,0,0
forecast_6296,2025-09-20 08:00:00,0,0,0
forecast_6297,2025-09-20 09:00:00,0,0,0
forecast_6298,2025-09-20 10:00:00,0,0,0
forecast_6299,2025-09-20 11:00:00,0,0,0
forecast_6300,2025-09-20 12:00:00,0,0,0
forecast_6301,2025-09-20 13:00:00,0,0,0
forecast_6302,2025-09-20 14:00:00,0,0,0
forecast_6303,2025-09-20 15:00:00,0,0,0
forecast_6304,2025-09-20 16:00:00,0,0,0
forecast_6305,2025-09-20 17:00:00,0,0,0
forecast_6306,2025-09-20 18:00:00,0,0,0
forecast_6307,2025-09-20 19:00:00,0,0,0
forecast_6308,2025-09-20 20:00:00,0,0,0
forecast_6309,2025-09-20 21:00:00,0,0,0
forecast_6310,2025-09-20 22:00:00,0,0,0
forecast_6311,2025-09-20 23:00:00,0,0,0
forecast_6312,2025-09-21 00:00:00,0,0,0
forecast_6313,2025-09-21 01:00:00,0,0,0
forecast_6314,2025-09-21 02:00:00,0,0,0
forecast_6315,2025-09-21 03:00:00,0,0,0
forecast_6316,2025-09-21 04:00:00,0,0,0
forecast_6317,2025-09-21 05:00:00,0,0,0
forecast_6318,2025-09-21 06:00:00,0,0,0
forecast_6319,2025-09-21 07:00:00,0,0,0
forecast_6320,2025-09-21 08:00:00,0,0,0
forecast_6321,2025-09-21 09:00:00,0,0,0
forecast_6322,2025-09-21 10:00:00,0,0,0
forecast_6323,2025-09-21 11:00:00,0,0,0
forecast_6324,2025-09-21 12:00:00,0,0,0
forecast_6325,2025-09-21 13:00:00,0,0,0
forecast_6326,2025-09-21 14:00:00,0,0,0
forecast_6327,2025-09-21 15:00:00,0,0,0
forecast_6328,2025-09-21 16:00:00,0,0,0
forecast_6329,2025-09-21 17:00:00,0,0,0
forecast_6330,2025-09-21 18:00:00,0,0,0
forecast_6331,2025-09-21 19:00:00,0,0,0
forecast_6332,2025-09-21 20:00:00,0,0,0
forecast_6333,2025-09-21 21:00:00,0,0,0
forecast_6334,2025-09-21 22:00:00,0,0,0
forecast_6335,2025-09-21 23:00:00,0,0,0
forecast_6336,2025-09-22 00:00:00,0,0,0
forecast_6337,2025-09-22 01:00:00,0,0,0
forecast_6338,2025-09-22 02:00:00,0,0,0
forecast_6339,2025-09-22 03:00:00,0,0,0
forecast_6340,2025-09-22 04:00:00,0,0,0
forecast_6341,2025-09-22 05:00:00,0,0,0
forecast_6342,2025-09-22 06:00:00,0,0,0
forecast_6343,2025-09-22 07:00:00,0,0,0
forecast_6344,2025-09-22 08:00:00,0,0,0
forecast_6345,2025-09-22 09:00:00,0,0,0
forecast_6346,2025-09-22 10:00:00,0,0,0
forecast_6347,2025-09-22 11:00:00,0,0,0
forecast_6348,2025-09-22 12:00:00,0,0,0
forecast_6349,2025-09-22 13:00:00,0,0,0
forecast_6350,2025-09-22 14:00:00,0,0,0
forecast_6351,2025-09-22 15:00:00,0,0,0
forecast_6352,2025-09-22 16:00:00,0,0,0
forecast_6353,2025-09-22 17:00:00,0,0,0
forecast_6354,2025-09-22 18:00:00,0,0,0
forecast_6355,2025-09-22 19:00:00,0,0,0
forecast_6356,2025-09-22 20:00:00,0,0,0
forecast_6357,2025-09-22 21:00:00,0,0,0
forecast_6358,2025-09-22 22:00:00,0,0,0
forecast_6359,2025-09-22 23:00:00,0,0,0
forecast_6360,2025-09-23 00:00:00,0,0,0
forecast_6361,2025-09-23 01:00:00,0,0,0
forecast_6362,2025-09-23 02:00:00,0,0,0
forecast_6363,2025-09-23 03:00:00,0,0,0
forecast_6364,2025-09-23 04:00:00,0,0,0
forecast_6365,2025-09-23 05:00:00,0,0,0
forecast_6366,2025-09-23 06:00:00,0,0,0
forecast_6367,2025-09-23 07:00:00,0,0,0
forecast_6368,2025-09-23 08:00:00,0,0,0
forecast_6369,2025-09-23 09:00:00,0,0,0
forecast_6370,2025-09-23 10:00:00,0,0,0
forecast_6371,2025-09-23 11:00:00,0,0,0
forecast_6372,2025-09-23 12:00:00,0,0,0
forecast_6373,2025-09-23 13:00:00,0,0,0
forecast_6374,2025-09-23 14:00:00,0,0,0
forecast_6375,2025-09-23 15:00:00,0,0,0
forecast_6376,2025-09-23 16:00:00,0,0,0
forecast_6377,2025-09-23 17:00:00,0,0,0
forecast_6378,2025-09-23 18:00:00,0,0,0
forecast_6379,2025-09-23 19:00:00,0,0,0
forecast_6380,2025-09-23 20:00:00,0,0,0
forecast_6381,2025-09-23 21:00:00,0,0,0
forecast_6382,2025-09-23 22:00:00,0,0,0
forecast_6383,2025-09-23 23:00:00,0,0,0
forecast_6384,2025-09-24 00:00:00,0,0,0
forecast_6385,2025-09-24 01:00:00,0,0,0
forecast_6386,2025-09-24 02:00:00,0,0,0
forecast_6387,2025-09-24 03:00:00,0,0,0
forecast_6388,2025-09-24 04:00:00,0,0,0
forecast_6389,2025-09-24 05:00:00,0,0,0
forecast_6390,2025-09-24 06:00:00,0,0,0
forecast_6391,2025-09-24 07:00:00,0,0,0
forecast_6392,2025-09-24 08:00:00,0,0,0
forecast_6393,2025-09-24 09:00:00,0,0,0
forecast_6394,2025-09-24 10:00:00,0,0,0
forecast_6395,2025-09-24 11:00:00,0,0,0
forecast_6396,2025-09-24 12:00:00,0,0,0
forecast_6397,2025-09-24 13:00:00,0,0,0
forecast_6398,2025-09-24 14:00:00,0,0,0
forecast_6399,2025-09-24 15:00:00,0,0,0
forecast_6400,2025-09-24 16:00:00,0,0,0
forecast_6401,2025-09-24 17:00:00,0,0,0
forecast_6402,2025-09-24 18:00:00,0,0,0
forecast_6403,2025-09-24 19:00:00,0,0,0
forecast_6404,2025-09-24 20:00:00,0,0,0
forecast_6405,2025-09-24 21:00:00,0,0,0
forecast_6406,2025-09-24 22:00:00,0,0,0
forecast_6407,2025-09-24 23:00:00,0,0,0
forecast_6408,2025-09-25 00:00:00,0,0,0
forecast_6409,2025-09-25 01:00:00,0,0,0
forecast_6410,2025-09-25 02:00:00,0,0,0
forecast_6411,2025-09-25 03:00:00,0,0,0
forecast_6412,2025-09-25 04:00:00,0,0,0
forecast_6413,2025-09-25 05:00:00,0,0,0
forecast_6414,2025-09-25 06:00:00,0,0,0
forecast_6415,2025-09-25 07:00:00,0,0,0
forecast_6416,2025-09-25 08:00:00,0,0,0
forecast_6417,2025-09-25 09:00:00,0,0,0
forecast_6418,2025-09-25 10:00:00,0,0,0
forecast_6419,2025-09-25 11:00:00,0,0,0
forecast_6420,2025-09-25 12:00:00,0,0,0
forecast_6421,2025-09-25 13:00:00,0,0,0
forecast_6422,2025-09-25 14:00:00,0,0,0
forecast_6423,2025-09-25 15:00:00,0,0,0
forecast_6424,2025-09-25 16:00:00,0,0,0
forecast_6425,2025-09-25 17:00:00,0,0,0
forecast_6426,2025-09-25 18:00:00,0,0,0
forecast_6427,2025-09-25 19:00:00,0,0,0
forecast_6428,2025-09-25 20:00:00,0,0,0
forecast_6429,2025-09-25 21:00:00,0,0,0
forecast_6430,2025-09-25 22:00:00,0,0,0
forecast_6431,2025-09-25 23:00:00,0,0,0
forecast_6432,2025-09-26 00:00:00,0,0,0
forecast_6433,2025-09-26 01:00:00,0,0,0
forecast_6434,2025-09-26 02:00:00,0,0,0
forecast_6435,2025-09-26 03:00:00,0,0,0
forecast_6436,2025-09-26 04:00:00,0,0,0
forecast_6437,2025-09-26 05:00:00,0,0,0
forecast_6438,2025-09-26 06:00:00,0,0,0
forecast_6439,2025-09-26 07:00:00,0,0,0
forecast_6440,2025-09-26 08:00:00,0,0,0
forecast_6441,2025-09-26 09:00:00,0,0,0
forecast_6442,2025-09-26 10:00:00,0,0,0
forecast_6443,2025-09-26 11:00:00,0,0,0
forecast_6444,2025-09-26 12:00:00,0,0,0
forecast_6445,2025-09-26 13:00:00,0,0,0
forecast_6446,2025-09-26 14:00:00,0,0,0
forecast_6447,2025-09-26 15:00:00,0,0,0
forecast_6448,2025-09-26 16:00:00,0,0,0
forecast_6449,2025-09-26 17:00:00,0,0,0
forecast_6450,2025-09-26 18:00:00,0,0,0
forecast_6451,2025-09-26 19:00:00,0,0,0
forecast_6452,2025-09-26 20:00:00,0,0,0
forecast_6453,2025-09-26 21:00:00,0,0,0
forecast_6454,2025-09-26 22:00:00,0,0,0
forecast_6455,2025-09-26 23:00:00,0,0,0
forecast_6456,2025-09-27 00:00:00,0,0,0
forecast_6457,2025-09-27 01:00:00,0,0,0
forecast_6458,2025-09-27 02:00:00,0,0,0
forecast_6459,2025-09-27 03:00:00,0,0,0
forecast_6460,2025-09-27 04:00:00,0,0,0
forecast_6461,2025-09-27 05:00:00,0,0,0
forecast_6462,2025-09-27 06:00:00,0,0,0
forecast_6463,2025-09-27 07:00:00,0,0,0
forecast_6464,2025-09-27 08:00:00,0,0,0
forecast_6465,2025-09-27 09:00:00,0,0,0
forecast_6466,2025-09-27 10:00:00,0,0,0
forecast_6467,2025-09-27 11:00:00,0,0,0
forecast_6468,2025-09-27 12:00:00,0,0,0
forecast_6469,2025-09-27 13:00:00,0,0,0
forecast_6470,2025-09-27 14:00:00,0,0,0
forecast_6471,2025-09-27 15:00:00,0,0,0
forecast_6472,2025-09-27 16:00:00,0,0,0
forecast_6473,2025-09-27 17:00:00,0,0,0
forecast_6474,2025-09-27 18:00:00,0,0,0
forecast_6475,2025-09-27 19:00:00,0,0,0
forecast_6476,2025-09-27 20:00:00,0,0,0
forecast_6477,2025-09-27 21:00:00,0,0,0
forecast_6478,2025-09-27 22:00:00,0,0,0
forecast_6479,2025-09-27 23:00:00,0,0,0
forecast_6480,2025-09-28 00:00:00,0,0,0
forecast_6481,2025-09-28 01:00:00,0,0,0
forecast_6482,2025-09-28 02:00:00,0,0,0
forecast_6483,2025-09-28 03:00:00,0,0,0
forecast_6484,2025-09-28 04:00:00,0,0,0
forecast_6485,2025-09-28 05:00:00,0,0,0
forecast_6486,2025-09-28 06:00:00,0,0,0
forecast_6487,2025-09-28 07:00:00,0,0,0
forecast_6488,2025-09-28 08:00:00,0,0,0
forecast_6489,2025-09-28 09:00:00,0,0,0
forecast_6490,2025-09-28 10:00:00,0,0,0
forecast_6491,2025-09-28 11:00:00,0,0,0
forecast_6492,2025-09-28 12:00:00,0,0,0
forecast_6493,2025-09-28 13:00:00,0,0,0
forecast_6494,2025-09-28 14:00:00,0,0,0
forecast_6495,2025-09-28 15:00:00,0,0,0
forecast_6496,2025-09-28 16:00:00,0,0,0
forecast_6497,2025-09-28 17:00:00,0,0,0
forecast_6498,2025-09-28 18:00:00,0,0,0
forecast_6499,2025-09-28 19:00:00,0,0,0
forecast_6500,2025-09-28 20:00:00,0,0,0
forecast_6501,2025-09-28 21:00:00,0,0,0
forecast_6502,2025-09-28 22:00:00,0,0,0
forecast_6503,2025-09-28 23:00:00,0,0,0
forecast_6504,2025-09-29 00:00:00,0,0,0
forecast_6505,2025-09-29 01:00:00,0,0,0
forecast_6506,2025-09-29 02:00:00,0,0,0
forecast_6507,2025-09-29 03:00:00,0,0,0
forecast_6508,2025-09-29 04:00:00,0,0,0
forecast_6509,2025-09-29 05:00:00,0,0,0
forecast_6510,2025-09-29 06:00:00,0,0,0
forecast_6511,2025-09-29 07:00:00,0,0,0
forecast_6512,2025-09-29 08:00:00,0,0,0
forecast_6513,2025-09-29 09:00:00,0,0,0
forecast_6514,2025-09-29 10:00:00,0,0,0
forecast_6515,2025-09-29 11:00:00,0,0,0
forecast_6516,2025-09-29 12:00:00,0,0,0
forecast_6517,2025-09-29 13:00:00,0,0,0
forecast_6518,2025-09-29 14:00:00,0,0,0
forecast_6519,2025-09-29 15:00:00,0,0,0
forecast_6520,2025-09-29 16:00:00,0,0,0
forecast_6521,2025-09-29 17:00:00,0,0,0
forecast_6522,2025-09-29 18:00:00,0,0,0
forecast_6523,2025-09-29 19:00:00,0,0,0
forecast_6524,2025-09-29 20:00:00,0,0,0
forecast_6525,2025-09-29 21:00:00,0,0,0
forecast_6526,2025-09-29 22:00:00,0,0,0
forecast_6527,2025-09-29 23:00:00,0,0,0
forecast_6528,2025-09-30 00:00:00,0,0,0
forecast_6529,2025-09-30 01:00:00,0,0,0
forecast_6530,2025-09-30 02:00:00,0,0,0
forecast_6531,2025-09-30 03:00:00,0,0,0
forecast_6532,2025-09-30 04:00:00,0,0,0
forecast_6533,2025-09-30 05:00:00,0,0,0
forecast_6534,2025-09-30 06:00:00,0,0,0
forecast_6535,2025-09-30 07:00:00,0,0,0
forecast_6536,2025-09-30 08:00:00,0,0,0
forecast_6537,2025-09-30 09:00:00,0,0,0
forecast_6538,2025-09-30 10:00:00,0,0,0
forecast_6539,2025-09-30 11:00:00,0,0,0
forecast_6540,2025-09-30 12:00:00,0,0,0
forecast_6541,2025-09-30 13:00:00,0,0,0
forecast_6542,2025-09-30 14:00:00,0,0,0
forecast_6543,2025-09-30 15:00:00,0,0,0
forecast_6544,2025-09-30 16:00:00,0,0,0
forecast_6545,2025-09-30 17:00:00,0,0,0
forecast_6546,2025-09-30 18:00:00,0,0,0
forecast_6547,2025-09-30 19:00:00,0,0,0
forecast_6548,2025-09-30 20:00:00,0,0,0
forecast_6549,2025-09-30 21:00:00,0,0,0
forecast_6550,2025-09-30 22:00:00,0,0,0
forecast_6551,2025-09-30 23:00:00,0,0,0
forecast_6552,2025-10-01 00:00:00,0,0,0
forecast_6553,2025-10-01 01:00:00,0,0,0
forecast_6554,2025-10-01 02:00:00,0,0,0
forecast_6555,2025-10-01 03:00:00,0,0,0
forecast_6556,2025-10-01 04:00:00,0,0,0
forecast_6557,2025-10-01 05:00:00,0,0,0
forecast_6558,2025-10-01 06:00:00,0,0,0
forecast_6559,2025-10-01 07:00:00,0,0,0
forecast_6560,2025-10-01 08:00:00,0,0,0
forecast_6561,2025-10-01 09:00:00,0,0,0
forecast_6562,2025-10-01 10:00:00,0,0,0
forecast_6563,2025-10-01 11:00:00,0,0,0
forecast_6564,2025-10-01 12:00:00,0,0,0
forecast_6565,2025-10-01 13:00:00,0,0,0
forecast_6566,2025-10-01 14:00:00,0,0,0
forecast_6567,2025-10-01 15:00:00,0,0,0
forecast_6568,2025-10-01 16:00:00,0,0,0
forecast_6569,2025-10-01 17:00:00,0,0,0
forecast_6570,2025-10-01 18:00:00,0,0,0
forecast_6571,2025-10-01 19:00:00,0,0,0
forecast_6572,2025-10-01 20:00:00,0,0,0
forecast_6573,2025-10-01 21:00:00,0,0,0
forecast_6574,2025-10-01 22:00:00,0,0,0
forecast_6575,2025-10-01 23:00:00,0,0,0
forecast_6576,2025-10-02 00:00:00,0,0,0
forecast_6577,2025-10-02 01:00:00,0,0,0
forecast_6578,2025-10-02 02:00:00,0,0,0
forecast_6579,2025-10-02 03:00:00,0,0,0
forecast_6580,2025-10-02 04:00:00,0,0,0
forecast_6581,2025-10-02 05:00:00,0,0,0
forecast_6582,2025-10-02 06:00:00,0,0,0
forecast_6583,2025-10-02 07:00:00,0,0,0
forecast_6584,2025-10-02 08:00:00,0,0,0
forecast_6585,2025-10-02 09:00:00,0,0,0
forecast_6586,2025-10-02 10:00:00,0,0,0
forecast_6587,2025-10-02 11:00:00,0,0,0
forecast_6588,2025-10-02 12:00:00,0,0,0
forecast_6589,2025-10-02 13:00:00,0,0,0
forecast_6590,2025-10-02 14:00:00,0,0,0
forecast_6591,2025-10-02 15:00:00,0,0,0
forecast_6592,2025-10-02 16:00:00,0,0,0
forecast_6593,2025-10-02 17:00:00,0,0,0
forecast_6594,2025-10-02 18:00:00,0,0,0
forecast_6595,2025-10-02 19:00:00,0,0,0
forecast_6596,2025-10-02 20:00:00,0,0,0
forecast_6597,2025-10-02 21:00:00,0,0,0
forecast_6598,2025-10-02 22:00:00,0,0,0
forecast_6599,2025-10-02 23:00:00,0,0,0
forecast_6600,2025-10-03 00:00:00,0,0,0
forecast_6601,2025-10-03 01:00:00,0,0,0
forecast_6602,2025-10-03 02:00:00,0,0,0
forecast_6603,2025-10-03 03:00:00,0,0,0
forecast_6604,2025-10-03 04:00:00,0,0,0
forecast_6605,2025-10-03 05:00:00,0,0,0
forecast_6606,2025-10-03 06:00:00,0,0,0
forecast_6607,2025-10-03 07:00:00,0,0,0
forecast_6608,2025-10-03 08:00:00,0,0,0
forecast_6609,2025-10-03 09:00:00,0,0,0
forecast_6610,2025-10-03 10:00:00,0,0,0
forecast_6611,2025-10-03 11:00:00,0,0,0
forecast_6612,2025-10-03 12:00:00,0,0,0
forecast_6613,2025-10-03 13:00:00,0,0,0
forecast_6614,2025-10-03 14:00:00,0,0,0
forecast_6615,2025-10-03 15:00:00,0,0,0
forecast_6616,2025-10-03 16:00:00,0,0,0
forecast_6617,2025-10-03 17:00:00,0,0,0
forecast_6618,2025-10-03 18:00:00,0,0,0
forecast_6619,2025-10-03 19:00:00,0,0,0
forecast_6620,2025-10-03 20:00:00,0,0,0
forecast_6621,2025-10-03 21:00:00,0,0,0
forecast_6622,2025-10-03 22:00:00,0,0,0
forecast_6623,2025-10-03 23:00:00,0,0,0
forecast_6624,2025-10-04 00:00:00,0,0,0
forecast_6625,2025-10-04 01:00:00,0,0,0
forecast_6626,2025-10-04 02:00:00,0,0,0
forecast_6627,2025-10-04 03:00:00,0,0,0
forecast_6628,2025-10-04 04:00:00,0,0,0
forecast_6629,2025-10-04 05:00:00,0,0,0
forecast_6630,2025-10-04 06:00:00,0,0,0
forecast_6631,2025-10-04 07:00:00,0,0,0
forecast_6632,2025-10-04 08:00:00,0,0,0
forecast_6633,2025-10-04 09:00:00,0,0,0
forecast_6634,2025-10-04 10:00:00,0,0,0
forecast_6635,2025-10-04 11:00:00,0,0,0
forecast_6636,2025-10-04 12:00:00,0,0,0
forecast_6637,2025-10-04 13:00:00,0,0,0
forecast_6638,2025-10-04 14:00:00,0,0,0
forecast_6639,2025-10-04 15:00:00,0,0,0
forecast_6640,2025-10-04 16:00:00,0,0,0
forecast_6641,2025-10-04 17:00:00,0,0,0
forecast_6642,2025-10-04 18:00:00,0,0,0
forecast_6643,2025-10-04 19:00:00,0,0,0
forecast_6644,2025-10-04 20:00:00,0,0,0
forecast_6645,2025-10-04 21:00:00,0,0,0
forecast_6646,2025-10-04 22:00:00,0,0,0
forecast_6647,2025-10-04 23:00:00,0,0,0
forecast_6648,2025-10-05 00:00:00,0,0,0
forecast_6649,2025-10-05 01:00:00,0,0,0
forecast_6650,2025-10-05 02:00:00,0,0,0
forecast_6651,2025-10-05 03:00:00,0,0,0
forecast_6652,2025-10-05 04:00:00,0,0,0
forecast_6653,2025-10-05 05:00:00,0,0,0
forecast_6654,2025-10-05 06:00:00,0,0,0
forecast_6655,2025-10-05 07:00:00,0,0,0
forecast_6656,2025-10-05 08:00:00,0,0,0
forecast_6657,2025-10-05 09:00:00,0,0,0
forecast_6658,2025-10-05 10:00:00,0,0,0
forecast_6659,2025-10-05 11:00:00,0,0,0
forecast_6660,2025-10-05 12:00:00,0,0,0
forecast_6661,2025-10-05 13:00:00,0,0,0
forecast_6662,2025-10-05 14:00:00,0,0,0
forecast_6663,2025-10-05 15:00:00,0,0,0
forecast_6664,2025-10-05 16:00:00,0,0,0
forecast_6665,2025-10-05 17:00:00,0,0,0
forecast_6666,2025-10-05 18:00:00,0,0,0
forecast_6667,2025-10-05 19:00:00,0,0,0
forecast_6668,2025-10-05 20:00:00,0,0,0
forecast_6669,2025-10-05 21:00:00,0,0,0
forecast_6670,2025-10-05 22:00:00,0,0,0
forecast_6671,2025-10-05 23:00:00,0,0,0
forecast_6672,2025-10-06 00:00:00,0,0,0
forecast_6673,2025-10-06 01:00:00,0,0,0
forecast_6674,2025-10-06 02:00:00,0,0,0
forecast_6675,2025-10-06 03:00:00,0,0,0
forecast_6676,2025-10-06 04:00:00,0,0,0
forecast_6677,2025-10-06 05:00:00,0,0,0
forecast_6678,2025-10-06 06:00:00,0,0,0
forecast_6679,2025-10-06 07:00:00,0,0,0
forecast_6680,2025-10-06 08:00:00,0,0,0
forecast_6681,2025-10-06 09:00:00,0,0,0
forecast_6682,2025-10-06 10:00:00,0,0,0
forecast_6683,2025-10-06 11:00:00,0,0,0
forecast_6684,2025-10-06 12:00:00,0,0,0
forecast_6685,2025-10-06 13:00:00,0,0,0
forecast_6686,2025-10-06 14:00:00,0,0,0
forecast_6687,2025-10-06 15:00:00,0,0,0
forecast_6688,2025-10-06 16:00:00,0,0,0
forecast_6689,2025-10-06 17:00:00,0,0,0
forecast_6690,2025-10-06 18:00:00,0,0,0
forecast_6691,2025-10-06 19:00:00,0,0,0
forecast_6692,2025-10-06 20:00:00,0,0,0
forecast_6693,2025-10-06 21:00:00,0,0,0
forecast_6694,2025-10-06 22:00:00,0,0,0
forecast_6695,2025-10-06 23:00:00,0,0,0
forecast_6696,2025-10-07 00:00:00,0,0,0
forecast_6697,2025-10-07 01:00:00,0,0,0
forecast_6698,2025-10-07 02:00:00,0,0,0
forecast_6699,2025-10-07 03:00:00,0,0,0
forecast_6700,2025-10-07 04:00:00,0,0,0
forecast_6701,2025-10-07 05:00:00,0,0,0
forecast_6702,2025-10-07 06:00:00,0,0,0
forecast_6703,2025-10-07 07:00:00,0,0,0
forecast_6704,2025-10-07 08:00:00,0,0,0
forecast_6705,2025-10-07 09:00:00,0,0,0
forecast_6706,2025-10-07 10:00:00,0,0,0
forecast_6707,2025-10-07 11:00:00,0,0,0
forecast_6708,2025-10-07 12:00:00,0,0,0
forecast_6709,2025-10-07 13:00:00,0,0,0
forecast_6710,2025-10-07 14:00:00,0,0,0
forecast_6711,2025-10-07 15:00:00,0,0,0
forecast_6712,2025-10-07 16:00:00,0,0,0
forecast_6713,2025-10-07 17:00:00,0,0,0
forecast_6714,2025-10-07 18:00:00,0,0,0
forecast_6715,2025-10-07 19:00:00,0,0,0
forecast_6716,2025-10-07 20:00:00,0,0,0
forecast_6717,2025-10-07 21:00:00,0,0,0
forecast_6718,2025-10-07 22:00:00,0,0,0
forecast_6719,2025-10-07 23:00:00,0,0,0
forecast_6720,2025-10-08 00:00:00,0,0,0
forecast_6721,2025-10-08 01:00:00,0,0,0
forecast_6722,2025-10-08 02:00:00,0,0,0
forecast_6723,2025-10-08 03:00:00,0,0,0
forecast_6724,2025-10-08 04:00:00,0,0,0
forecast_6725,2025-10-08 05:00:00,0,0,0
forecast_6726,2025-10-08 06:00:00,0,0,0
forecast_6727,2025-10-08 07:00:00,0,0,0
forecast_6728,2025-10-08 08:00:00,0,0,0
forecast_6729,2025-10-08 09:00:00,0,0,0
forecast_6730,2025-10-08 10:00:00,0,0,0
forecast_6731,2025-10-08 11:00:00,0,0,0
forecast_6732,2025-10-08 12:00:00,0,0,0
forecast_6733,2025-10-08 13:00:00,0,0,0
forecast_6734,2025-10-08 14:00:00,0,0,0
forecast_6735,2025-10-08 15:00:00,0,0,0
forecast_6736,2025-10-08 16:00:00,0,0,0
forecast_6737,2025-10-08 17:00:00,0,0,0
forecast_6738,2025-10-08 18:00:00,0,0,0
forecast_6739,2025-10-08 19:00:00,0,0,0
forecast_6740,2025-10-08 20:00:00,0,0,0
forecast_6741,2025-10-08 21:00:00,0,0,0
forecast_6742,2025-10-08 22:00:00,0,0,0
forecast_6743,2025-10-08 23:00:00,0,0,0
forecast_6744,2025-10-09 00:00:00,0,0,0
forecast_6745,2025-10-09 01:00:00,0,0,0
forecast_6746,2025-10-09 02:00:00,0,0,0
forecast_6747,2025-10-09 03:00:00,0,0,0
forecast_6748,2025-10-09 04:00:00,0,0,0
forecast_6749,2025-10-09 05:00:00,0,0,0
forecast_6750,2025-10-09 06:00:00,0,0,0
forecast_6751,2025-10-09 07:00:00,0,0,0
forecast_6752,2025-10-09 08:00:00,0,0,0
forecast_6753,2025-10-09 09:00:00,0,0,0
forecast_6754,2025-10-09 10:00:00,0,0,0
forecast_6755,2025-10-09 11:00:00,0,0,0
forecast_6756,2025-10-09 12:00:00,0,0,0
forecast_6757,2025-10-09 13:00:00,0,0,0
forecast_6758,2025-10-09 14:00:00,0,0,0
forecast_6759,2025-10-09 15:00:00,0,0,0
forecast_6760,2025-10-09 16:00:00,0,0,0
forecast_6761,2025-10-09 17:00:00,0,0,0
forecast_6762,2025-10-09 18:00:00,0,0,0
forecast_6763,2025-10-09 19:00:00,0,0,0
forecast_6764,2025-10-09 20:00:00,0,0,0
forecast_6765,2025-10-09 21:00:00,0,0,0
forecast_6766,2025-10-09 22:00:00,0,0,0
forecast_6767,2025-10-09 23:00:00,0,0,0
forecast_6768,2025-10-10 00:00:00,0,0,0
forecast_6769,2025-10-10 01:00:00,0,0,0
forecast_6770,2025-10-10 02:00:00,0,0,0
forecast_6771,2025-10-10 03:00:00,0,0,0
forecast_6772,2025-10-10 04:00:00,0,0,0
forecast_6773,2025-10-10 05:00:00,0,0,0
forecast_6774,2025-10-10 06:00:00,0,0,0
forecast_6775,2025-10-10 07:00:00,0,0,0
forecast_6776,2025-10-10 08:00:00,0,0,0
forecast_6777,2025-10-10 09:00:00,0,0,0
forecast_6778,2025-10-10 10:00:00,0,0,0
forecast_6779,2025-10-10 11:00:00,0,0,0
forecast_6780,2025-10-10 12:00:00,0,0,0
forecast_6781,2025-10-10 13:00:00,0,0,0
forecast_6782,2025-10-10 14:00:00,0,0,0
forecast_6783,2025-10-10 15:00:00,0,0,0
forecast_6784,2025-10-10 16:00:00,0,0,0
forecast_6785,2025-10-10 17:00:00,0,0,0
forecast_6786,2025-10-10 18:00:00,0,0,0
forecast_6787,2025-10-10 19:00:00,0,0,0
forecast_6788,2025-10-10 20:00:00,0,0,0
forecast_6789,2025-10-10 21:00:00,0,0,0
forecast_6790,2025-10-10 22:00:00,0,0,0
forecast_6791,2025-10-10 23:00:00,0,0,0
forecast_6792,2025-10-11 00:00:00,0,0,0
forecast_6793,2025-10-11 01:00:00,0,0,0
forecast_6794,2025-10-11 02:00:00,0,0,0
forecast_6795,2025-10-11 03:00:00,0,0,0
forecast_6796,2025-10-11 04:00:00,0,0,0
forecast_6797,2025-10-11 05:00:00,0,0,0
forecast_6798,2025-10-11 06:00:00,0,0,0
forecast_6799,2025-10-11 07:00:00,0,0,0
forecast_6800,2025-10-11 08:00:00,0,0,0
forecast_6801,2025-10-11 09:00:00,0,0,0
forecast_6802,2025-10-11 10:00:00,0,0,0
forecast_6803,2025-10-11 11:00:00,0,0,0
forecast_6804,2025-10-11 12:00:00,0,0,0
forecast_6805,2025-10-11 13:00:00,0,0,0
forecast_6806,2025-10-11 14:00:00,0,0,0
forecast_6807,2025-10-11 15:00:00,0,0,0
forecast_6808,2025-10-11 16:00:00,0,0,0
forecast_6809,2025-10-11 17:00:00,0,0,0
forecast_6810,2025-10-11 18:00:00,0,0,0
forecast_6811,2025-10-11 19:00:00,0,0,0
forecast_6812,2025-10-11 20:00:00,0,0,0
forecast_6813,2025-10-11 21:00:00,0,0,0
forecast_6814,2025-10-11 22:00:00,0,0,0
forecast_6815,2025-10-11 23:00:00,0,0,0
forecast_6816,2025-10-12 00:00:00,0,0,0
forecast_6817,2025-10-12 01:00:00,0,0,0
forecast_6818,2025-10-12 02:00:00,0,0,0
forecast_6819,2025-10-12 03:00:00,0,0,0
forecast_6820,2025-10-12 04:00:00,0,0,0
forecast_6821,2025-10-12 05:00:00,0,0,0
forecast_6822,2025-10-12 06:00:00,0,0,0
forecast_6823,2025-10-12 07:00:00,0,0,0
forecast_6824,2025-10-12 08:00:00,0,0,0
forecast_6825,2025-10-12 09:00:00,0,0,0
forecast_6826,2025-10-12 10:00:00,0,0,0
forecast_6827,2025-10-12 11:00:00,0,0,0
forecast_6828,2025-10-12 12:00:00,0,0,0
forecast_6829,2025-10-12 13:00:00,0,0,0
forecast_6830,2025-10-12 14:00:00,0,0,0
forecast_6831,2025-10-12 15:00:00,0,0,0
forecast_6832,2025-10-12 16:00:00,0,0,0
forecast_6833,2025-10-12 17:00:00,0,0,0
forecast_6834,2025-10-12 18:00:00,0,0,0
forecast_6835,2025-10-12 19:00:00,0,0,0
forecast_6836,2025-10-12 20:00:00,0,0,0
forecast_6837,2025-10-12 21:00:00,0,0,0
forecast_6838,2025-10-12 22:00:00,0,0,0
forecast_6839,2025-10-12 23:00:00,0,0,0
forecast_6840,2025-10-13 00:00:00,0,0,0
forecast_6841,2025-10-13 01:00:00,0,0,0
forecast_6842,2025-10-13 02:00:00,0,0,0
forecast_6843,2025-10-13 03:00:00,0,0,0
forecast_6844,2025-10-13 04:00:00,0,0,0
forecast_6845,2025-10-13 05:00:00,0,0,0
forecast_6846,2025-10-13 06:00:00,0,0,0
forecast_6847,2025-10-13 07:00:00,0,0,0
forecast_6848,2025-10-13 08:00:00,0,0,0
forecast_6849,2025-10-13 09:00:00,0,0,0
forecast_6850,2025-10-13 10:00:00,0,0,0
forecast_6851,2025-10-13 11:00:00,0,0,0
forecast_6852,2025-10-13 12:00:00,0,0,0
forecast_6853,2025-10-13 13:00:00,0,0,0
forecast_6854,2025-10-13 14:00:00,0,0,0
forecast_6855,2025-10-13 15:00:00,0,0,0
forecast_6856,2025-10-13 16:00:00,0,0,0
forecast_6857,2025-10-13 17:00:00,0,0,0
forecast_6858,2025-10-13 18:00:00,0,0,0
forecast_6859,2025-10-13 19:00:00,0,0,0
forecast_6860,2025-10-13 20:00:00,0,0,0
forecast_6861,2025-10-13 21:00:00,0,0,0
forecast_6862,2025-10-13 22:00:00,0,0,0
forecast_6863,2025-10-13 23:00:00,0,0,0
forecast_6864,2025-10-14 00:00:00,0,0,0
forecast_6865,2025-10-14 01:00:00,0,0,0
forecast_6866,2025-10-14 02:00:00,0,0,0
forecast_6867,2025-10-14 03:00:00,0,0,0
forecast_6868,2025-10-14 04:00:00,0,0,0
forecast_6869,2025-10-14 05:00:00,0,0,0
forecast_6870,2025-10-14 06:00:00,0,0,0
forecast_6871,2025-10-14 07:00:00,0,0,0
forecast_6872,2025-10-14 08:00:00,0,0,0
forecast_6873,2025-10-14 09:00:00,0,0,0
forecast_6874,2025-10-14 10:00:00,0,0,0
forecast_6875,2025-10-14 11:00:00,0,0,0
forecast_6876,2025-10-14 12:00:00,0,0,0
forecast_6877,2025-10-14 13:00:00,0,0,0
forecast_6878,2025-10-14 14:00:00,0,0,0
forecast_6879,2025-10-14 15:00:00,0,0,0
forecast_6880,2025-10-14 16:00:00,0,0,0
forecast_6881,2025-10-14 17:00:00,0,0,0
forecast_6882,2025-10-14 18:00:00,0,0,0
forecast_6883,2025-10-14 19:00:00,0,0,0
forecast_6884,2025-10-14 20:00:00,0,0,0
forecast_6885,2025-10-14 21:00:00,0,0,0
forecast_6886,2025-10-14 22:00:00,0,0,0
forecast_6887,2025-10-14 23:00:00,0,0,0
forecast_6888,2025-10-15 00:00:00,0,0,0
forecast_6889,2025-10-15 01:00:00,0,0,0
forecast_6890,2025-10-15 02:00:00,0,0,0
forecast_6891,2025-10-15 03:00:00,0,0,0
forecast_6892,2025-10-15 04:00:00,0,0,0
forecast_6893,2025-10-15 05:00:00,0,0,0
forecast_6894,2025-10-15 06:00:00,0,0,0
forecast_6895,2025-10-15 07:00:00,0,0,0
forecast_6896,2025-10-15 08:00:00,0,0,0
forecast_6897,2025-10-15 09:00:00,0,0,0
forecast_6898,2025-10-15 10:00:00,0,0,0
forecast_6899,2025-10-15 11:00:00,0,0,0
forecast_6900,2025-10-15 12:00:00,0,0,0
forecast_6901,2025-10-15 13:00:00,0,0,0
forecast_6902,2025-10-15 14:00:00,0,0,0
forecast_6903,2025-10-15 15:00:00,0,0,0
forecast_6904,2025-10-15 16:00:00,0,0,0
forecast_6905,2025-10-15 17:00:00,0,0,0
forecast_6906,2025-10-15 18:00:00,0,0,0
forecast_6907,2025-10-15 19:00:00,0,0,0
forecast_6908,2025-10-15 20:00:00,0,0,0
forecast_6909,2025-10-15 21:00:00,0,0,0
forecast_6910,2025-10-15 22:00:00,0,0,0
forecast_6911,2025-10-15 23:00:00,0,0,0
forecast_6912,2025-10-16 00:00:00,0,0,0
forecast_6913,2025-10-16 01:00:00,0,0,0
forecast_6914,2025-10-16 02:00:00,0,0,0
forecast_6915,2025-10-16 03:00:00,0,0,0
forecast_6916,2025-10-16 04:00:00,0,0,0
forecast_6917,2025-10-16 05:00:00,0,0,0
forecast_6918,2025-10-16 06:00:00,0,0,0
forecast_6919,2025-10-16 07:00:00,0,0,0
forecast_6920,2025-10-16 08:00:00,0,0,0
forecast_6921,2025-10-16 09:00:00,0,0,0
forecast_6922,2025-10-16 10:00:00,0,0,0
forecast_6923,2025-10-16 11:00:00,0,0,0
forecast_6924,2025-10-16 12:00:00,0,0,0
forecast_6925,2025-10-16 13:00:00,0,0,0
forecast_6926,2025-10-16 14:00:00,0,0,0
forecast_6927,2025-10-16 15:00:00,0,0,0
forecast_6928,2025-10-16 16:00:00,0,0,0
forecast_6929,2025-10-16 17:00:00,0,0,0
forecast_6930,2025-10-16 18:00:00,0,0,0
forecast_6931,2025-10-16 19:00:00,0,0,0
forecast_6932,2025-10-16 20:00:00,0,0,0
forecast_6933,2025-10-16 21:00:00,0,0,0
forecast_6934,2025-10-16 22:00:00,0,0,0
forecast_6935,2025-10-16 23:00:00,0,0,0
forecast_6936,2025-10-17 00:00:00,0,0,0
forecast_6937,2025-10-17 01:00:00,0,0,0
forecast_6938,2025-10-17 02:00:00,0,0,0
forecast_6939,2025-10-17 03:00:00,0,0,0
forecast_6940,2025-10-17 04:00:00,0,0,0
forecast_6941,2025-10-17 05:00:00,0,0,0
forecast_6942,2025-10-17 06:00:00,0,0,0
forecast_6943,2025-10-17 07:00:00,0,0,0
forecast_6944,2025-10-17 08:00:00,0,0,0
forecast_6945,2025-10-17 09:00:00,0,0,0
forecast_6946,2025-10-17 10:00:00,0,0,0
forecast_6947,2025-10-17 11:00:00,0,0,0
forecast_6948,2025-10-17 12:00:00,0,0,0
forecast_6949,2025-10-17 13:00:00,0,0,0
forecast_6950,2025-10-17 14:00:00,0,0,0
forecast_6951,2025-10-17 15:00:00,0,0,0
forecast_6952,2025-10-17 16:00:00,0,0,0
forecast_6953,2025-10-17 17:00:00,0,0,0
forecast_6954,2025-10-17 18:00:00,0,0,0
forecast_6955,2025-10-17 19:00:00,0,0,0
forecast_6956,2025-10-17 20:00:00,0,0,0
forecast_6957,2025-10-17 21:00:00,0,0,0
forecast_6958,2025-10-17 22:00:00,0,0,0
forecast_6959,2025-10-17 23:00:00,0,0,0
forecast_6960,2025-10-18 00:00:00,0,0,0
forecast_6961,2025-10-18 01:00:00,0,0,0
forecast_6962,2025-10-18 02:00:00,0,0,0
forecast_6963,2025-10-18 03:00:00,0,0,0
forecast_6964,2025-10-18 04:00:00,0,0,0
forecast_6965,2025-10-18 05:00:00,0,0,0
forecast_6966,2025-10-18 06:00:00,0,0,0
forecast_6967,2025-10-18 07:00:00,0,0,0
forecast_6968,2025-10-18 08:00:00,0,0,0
forecast_6969,2025-10-18 09:00:00,0,0,0
forecast_6970,2025-10-18 10:00:00,0,0,0
forecast_6971,2025-10-18 11:00:00,0,0,0
forecast_6972,2025-10-18 12:00:00,0,0,0
forecast_6973,2025-10-18 13:00:00,0,0,0
forecast_6974,2025-10-18 14:00:00,0,0,0
forecast_6975,2025-10-18 15:00:00,0,0,0
forecast_6976,2025-10-18 16:00:00,0,0,0
forecast_6977,2025-10-18 17:00:00,0,0,0
forecast_6978,2025-10-18 18:00:00,0,0,0
forecast_6979,2025-10-18 19:00:00,0,0,0
forecast_6980,2025-10-18 20:00:00,0,0,0
forecast_6981,2025-10-18 21:00:00,0,0,0
forecast_6982,2025-10-18 22:00:00,0,0,0
forecast_6983,2025-10-18 23:00:00,0,0,0
forecast_6984,2025-10-19 00:00:00,0,0,0
forecast_6985,2025-10-19 01:00:00,0,0,0
forecast_6986,2025-10-19 02:00:00,0,0,0
forecast_6987,2025-10-19 03:00:00,0,0,0
forecast_6988,2025-10-19 04:00:00,0,0,0
forecast_6989,2025-10-19 05:00:00,0,0,0
forecast_6990,2025-10-19 06:00:00,0,0,0
forecast_6991,2025-10-19 07:00:00,0,0,0
forecast_6992,2025-10-19 08:00:00,0,0,0
forecast_6993,2025-10-19 09:00:00,0,0,0
forecast_6994,2025-10-19 10:00:00,0,0,0
forecast_6995,2025-10-19 11:00:00,0,0,0
forecast_6996,2025-10-19 12:00:00,0,0,0
forecast_6997,2025-10-19 13:00:00,0,0,0
forecast_6998,2025-10-19 14:00:00,0,0,0
forecast_6999,2025-10-19 15:00:00,0,0,0
forecast_7000,2025-10-19 16:00:00,0,0,0
forecast_7001,2025-10-19 17:00:00,0,0,0
forecast_7002,2025-10-19 18:00:00,0,0,0
forecast_7003,2025-10-19 19:00:00,0,0,0
forecast_7004,2025-10-19 20:00:00,0,0,0
forecast_7005,2025-10-19 21:00:00,0,0,0
forecast_7006,2025-10-19 22:00:00,0,0,0
forecast_7007,2025-10-19 23:00:00,0,0,0
forecast_7008,2025-10-20 00:00:00,0,0,0
forecast_7009,2025-10-20 01:00:00,0,0,0
forecast_7010,2025-10-20 02:00:00,0,0,0
forecast_7011,2025-10-20 03:00:00,0,0,0
forecast_7012,2025-10-20 04:00:00,0,0,0
forecast_7013,2025-10-20 05:00:00,0,0,0
forecast_7014,2025-10-20 06:00:00,0,0,0
forecast_7015,2025-10-20 07:00:00,0,0,0
forecast_7016,2025-10-20 08:00:00,0,0,0
forecast_7017,2025-10-20 09:00:00,0,0,0
forecast_7018,2025-10-20 10:00:00,0,0,0
forecast_7019,2025-10-20 11:00:00,0,0,0
forecast_7020,2025-10-20 12:00:00,0,0,0
forecast_7021,2025-10-20 13:00:00,0,0,0
forecast_7022,2025-10-20 14:00:00,0,0,0
forecast_7023,2025-10-20 15:00:00,0,0,0
forecast_7024,2025-10-20 16:00:00,0,0,0
forecast_7025,2025-10-20 17:00:00,0,0,0
forecast_7026,2025-10-20 18:00:00,0,0,0
forecast_7027,2025-10-20 19:00:00,0,0,0
forecast_7028,2025-10-20 20:00:00,0,0,0
forecast_7029,2025-10-20 21:00:00,0,0,0
forecast_7030,2025-10-20 22:00:00,0,0,0
forecast_7031,2025-10-20 23:00:00,0,0,0
forecast_7032,2025-10-21 00:00:00,0,0,0
forecast_7033,2025-10-21 01:00:00,0,0,0
forecast_7034,2025-10-21 02:00:00,0,0,0
forecast_7035,2025-10-21 03:00:00,0,0,0
forecast_7036,2025-10-21 04:00:00,0,0,0
forecast_7037,2025-10-21 05:00:00,0,0,0
forecast_7038,2025-10-21 06:00:00,0,0,0
forecast_7039,2025-10-21 07:00:00,0,0,0
forecast_7040,2025-10-21 08:00:00,0,0,0
forecast_7041,2025-10-21 09:00:00,0,0,0
forecast_7042,2025-10-21 10:00:00,0,0,0
forecast_7043,2025-10-21 11:00:00,0,0,0
forecast_7044,2025-10-21 12:00:00,0,0,0
forecast_7045,2025-10-21 13:00:00,0,0,0
forecast_7046,2025-10-21 14:00:00,0,0,0
forecast_7047,2025-10-21 15:00:00,0,0,0
forecast_7048,2025-10-21 16:00:00,0,0,0
forecast_7049,2025-10-21 17:00:00,0,0,0
forecast_7050,2025-10-21 18:00:00,0,0,0
forecast_7051,2025-10-21 19:00:00,0,0,0
forecast_7052,2025-10-21 20:00:00,0,0,0
forecast_7053,2025-10-21 21:00:00,0,0,0
forecast_7054,2025-10-21 22:00:00,0,0,0
forecast_7055,2025-10-21 23:00:00,0,0,0
forecast_7056,2025-10-22 00:00:00,0,0,0
forecast_7057,2025-10-22 01:00:00,0,0,0
forecast_7058,2025-10-22 02:00:00,0,0,0
forecast_7059,2025-10-22 03:00:00,0,0,0
forecast_7060,2025-10-22 04:00:00,0,0,0
forecast_7061,2025-10-22 05:00:00,0,0,0
forecast_7062,2025-10-22 06:00:00,0,0,0
forecast_7063,2025-10-22 07:00:00,0,0,0
forecast_7064,2025-10-22 08:00:00,0,0,0
forecast_7065,2025-10-22 09:00:00,0,0,0
forecast_7066,2025-10-22 10:00:00,0,0,0
forecast_7067,2025-10-22 11:00:00,0,0,0
forecast_7068,2025-10-22 12:00:00,0,0,0
forecast_7069,2025-10-22 13:00:00,0,0,0
forecast_7070,2025-10-22 14:00:00,0,0,0
forecast_7071,2025-10-22 15:00:00,0,0,0
forecast_7072,2025-10-22 16:00:00,0,0,0
forecast_7073,2025-10-22 17:00:00,0,0,0
forecast_7074,2025-10-22 18:00:00,0,0,0
forecast_7075,2025-10-22 19:00:00,0,0,0
forecast_7076,2025-10-22 20:00:00,0,0,0
forecast_7077,2025-10-22 21:00:00,0,0,0
forecast_7078,2025-10-22 22:00:00,0,0,0
forecast_7079,2025-10-22 23:00:00,0,0,0
forecast_7080,2025-10-23 00:00:00,0,0,0
forecast_7081,2025-10-23 01:00:00,0,0,0
forecast_7082,2025-10-23 02:00:00,0,0,0
forecast_7083,2025-10-23 03:00:00,0,0,0
forecast_7084,2025-10-23 04:00:00,0,0,0
forecast_7085,2025-10-23 05:00:00,0,0,0
forecast_7086,2025-10-23 06:00:00,0,0,0
forecast_7087,2025-10-23 07:00:00,0,0,0
forecast_7088,2025-10-23 08:00:00,0,0,0
forecast_7089,2025-10-23 09:00:00,0,0,0
forecast_7090,2025-10-23 10:00:00,0,0,0
forecast_7091,2025-10-23 11:00:00,0,0,0
forecast_7092,2025-10-23 12:00:00,0,0,0
forecast_7093,2025-10-23 13:00:00,0,0,0
forecast_7094,2025-10-23 14:00:00,0,0,0
forecast_7095,2025-10-23 15:00:00,0,0,0
forecast_7096,2025-10-23 16:00:00,0,0,0
forecast_7097,2025-10-23 17:00:00,0,0,0
forecast_7098,2025-10-23 18:00:00,0,0,0
forecast_7099,2025-10-23 19:00:00,0,0,0
forecast_7100,2025-10-23 20:00:00,0,0,0
forecast_7101,2025-10-23 21:00:00,0,0,0
forecast_7102,2025-10-23 22:00:00,0,0,0
forecast_7103,2025-10-23 23:00:00,0,0,0
forecast_7104,2025-10-24 00:00:00,0,0,0
forecast_7105,2025-10-24 01:00:00,0,0,0
forecast_7106,2025-10-24 02:00:00,0,0,0
forecast_7107,2025-10-24 03:00:00,0,0,0
forecast_7108,2025-10-24 04:00:00,0,0,0
forecast_7109,2025-10-24 05:00:00,0,0,0
forecast_7110,2025-10-24 06:00:00,0,0,0
forecast_7111,2025-10-24 07:00:00,0,0,0
forecast_7112,2025-10-24 08:00:00,0,0,0
forecast_7113,2025-10-24 09:00:00,0,0,0
forecast_7114,2025-10-24 10:00:00,0,0,0
forecast_7115,2025-10-24 11:00:00,0,0,0
forecast_7116,2025-10-24 12:00:00,0,0,0
forecast_7117,2025-10-24 13:00:00,0,0,0
forecast_7118,2025-10-24 14:00:00,0,0,0
forecast_7119,2025-10-24 15:00:00,0,0,0
forecast_7120,2025-10-24 16:00:00,0,0,0
forecast_7121,2025-10-24 17:00:00,0,0,0
forecast_7122,2025-10-24 18:00:00,0,0,0
forecast_7123,2025-10-24 19:00:00,0,0,0
forecast_7124,2025-10-24 20:00:00,0,0,0
forecast_7125,2025-10-24 21:00:00,0,0,0
forecast_7126,2025-10-24 22:00:00,0,0,0
forecast_7127,2025-10-24 23:00:00,0,0,0
forecast_7128,2025-10-25 00:00:00,0,0,0
forecast_7129,2025-10-25 01:00:00,0,0,0
forecast_7130,2025-10-25 02:00:00,0,0,0
forecast_7131,2025-10-25 03:00:00,0,0,0
forecast_7132,2025-10-25 04:00:00,0,0,0
forecast_7133,2025-10-25 05:00:00,0,0,0
forecast_7134,2025-10-25 06:00:00,0,0,0
forecast_7135,2025-10-25 07:00:00,0,0,0
forecast_7136,2025-10-25 08:00:00,0,0,0
forecast_7137,2025-10-25 09:00:00,0,0,0
forecast_7138,2025-10-25 10:00:00,0,0,0
forecast_7139,2025-10-25 11:00:00,0,0,0
forecast_7140,2025-10-25 12:00:00,0,0,0
forecast_7141,2025-10-25 13:00:00,0,0,0
forecast_7142,2025-10-25 14:00:00,0,0,0
forecast_7143,2025-10-25 15:00:00,0,0,0
forecast_7144,2025-10-25 16:00:00,0,0,0
forecast_7145,2025-10-25 17:00:00,0,0,0
forecast_7146,2025-10-25 18:00:00,0,0,0
forecast_7147,2025-10-25 19:00:00,0,0,0
forecast_7148,2025-10-25 20:00:00,0,0,0
forecast_7149,2025-10-25 21:00:00,0,0,0
forecast_7150,2025-10-25 22:00:00,0,0,0
forecast_7151,2025-10-25 23:00:00,0,0,0
forecast_7152,2025-10-26 00:00:00,0,0,0
forecast_7153,2025-10-26 01:00:00,0,0,0
forecast_7154,2025-10-26 02:00:00,0,0,0
forecast_7155,2025-10-26 03:00:00,0,0,0
forecast_7156,2025-10-26 04:00:00,0,0,0
forecast_7157,2025-10-26 05:00:00,0,0,0
forecast_7158,2025-10-26 06:00:00,0,0,0
forecast_7159,2025-10-26 07:00:00,0,0,0
forecast_7160,2025-10-26 08:00:00,0,0,0
forecast_7161,2025-10-26 09:00:00,0,0,0
forecast_7162,2025-10-26 10:00:00,0,0,0
forecast_7163,2025-10-26 11:00:00,0,0,0
forecast_7164,2025-10-26 12:00:00,0,0,0
forecast_7165,2025-10-26 13:00:00,0,0,0
forecast_7166,2025-10-26 14:00:00,0,0,0
forecast_7167,2025-10-26 15:00:00,0,0,0
forecast_7168,2025-10-26 16:00:00,0,0,0
forecast_7169,2025-10-26 17:00:00,0,0,0
forecast_7170,2025-10-26 18:00:00,0,0,0
forecast_7171,2025-10-26 19:00:00,0,0,0
forecast_7172,2025-10-26 20:00:00,0,0,0
forecast_7173,2025-10-26 21:00:00,0,0,0
forecast_7174,2025-10-26 22:00:00,0,0,0
forecast_7175,2025-10-26 23:00:00,0,0,0
forecast_7176,2025-10-27 00:00:00,0,0,0
forecast_7177,2025-10-27 01:00:00,0,0,0
forecast_7178,2025-10-27 02:00:00,0,0,0
forecast_7179,2025-10-27 03:00:00,0,0,0
forecast_7180,2025-10-27 04:00:00,0,0,0
forecast_7181,2025-10-27 05:00:00,0,0,0
forecast_7182,2025-10-27 06:00:00,0,0,0
forecast_7183,2025-10-27 07:00:00,0,0,0
forecast_7184,2025-10-27 08:00:00,0,0,0
forecast_7185,2025-10-27 09:00:00,0,0,0
forecast_7186,2025-10-27 10:00:00,0,0,0
forecast_7187,2025-10-27 11:00:00,0,0,0
forecast_7188,2025-10-27 12:00:00,0,0,0
forecast_7189,2025-10-27 13:00:00,0,0,0
forecast_7190,2025-10-27 14:00:00,0,0,0
forecast_7191,2025-10-27 15:00:00,0,0,0
forecast_7192,2025-10-27 16:00:00,0,0,0
forecast_7193,2025-10-27 17:00:00,0,0,0
forecast_7194,2025-10-27 18:00:00,0,0,0
forecast_7195,2025-10-27 19:00:00,0,0,0
forecast_7196,2025-10-27 20:00:00,0,0,0
forecast_7197,2025-10-27 21:00:00,0,0,0
forecast_7198,2025-10-27 22:00:00,0,0,0
forecast_7199,2025-10-27 23:00:00,0,0,0
forecast_7200,2025-10-28 00:00:00,0,0,0
forecast_7201,2025-10-28 01:00:00,0,0,0
forecast_7202,2025-10-28 02:00:00,0,0,0
forecast_7203,2025-10-28 03:00:00,0,0,0
forecast_7204,2025-10-28 04:00:00,0,0,0
forecast_7205,2025-10-28 05:00:00,0,0,0
forecast_7206,2025-10-28 06:00:00,0,0,0
forecast_7207,2025-10-28 07:00:00,0,0,0
forecast_7208,2025-10-28 08:00:00,0,0,0
forecast_7209,2025-10-28 09:00:00,0,0,0
forecast_7210,2025-10-28 10:00:00,0,0,0
forecast_7211,2025-10-28 11:00:00,0,0,0
forecast_7212,2025-10-28 12:00:00,0,0,0
forecast_7213,2025-10-28 13:00:00,0,0,0
forecast_7214,2025-10-28 14:00:00,0,0,0
forecast_7215,2025-10-28 15:00:00,0,0,0
forecast_7216,2025-10-28 16:00:00,0,0,0
forecast_7217,2025-10-28 17:00:00,0,0,0
forecast_7218,2025-10-28 18:00:00,0,0,0
forecast_7219,2025-10-28 19:00:00,0,0,0
forecast_7220,2025-10-28 20:00:00,0,0,0
forecast_7221,2025-10-28 21:00:00,0,0,0
forecast_7222,2025-10-28 22:00:00,0,0,0
forecast_7223,2025-10-28 23:00:00,0,0,0
forecast_7224,2025-10-29 00:00:00,0,0,0
forecast_7225,2025-10-29 01:00:00,0,0,0
forecast_7226,2025-10-29 02:00:00,0,0,0
forecast_7227,2025-10-29 03:00:00,0,0,0
forecast_7228,2025-10-29 04:00:00,0,0,0
forecast_7229,2025-10-29 05:00:00,0,0,0
forecast_7230,2025-10-29 06:00:00,0,0,0
forecast_7231,2025-10-29 07:00:00,0,0,0
forecast_7232,2025-10-29 08:00:00,0,0,0
forecast_7233,2025-10-29 09:00:00,0,0,0
forecast_7234,2025-10-29 10:00:00,0,0,0
forecast_7235,2025-10-29 11:00:00,0,0,0
forecast_7236,2025-10-29 12:00:00,0,0,0
forecast_7237,2025-10-29 13:00:00,0,0,0
forecast_7238,2025-10-29 14:00:00,0,0,0
forecast_7239,2025-10-29 15:00:00,0,0,0
forecast_7240,2025-10-29 16:00:00,0,0,0
forecast_7241,2025-10-29 17:00:00,0,0,0
forecast_7242,2025-10-29 18:00:00,0,0,0
forecast_7243,2025-10-29 19:00:00,0,0,0
forecast_7244,2025-10-29 20:00:00,0,0,0
forecast_7245,2025-10-29 21:00:00,0,0,0
forecast_7246,2025-10-29 22:00:00,0,0,0
forecast_7247,2025-10-29 23:00:00,0,0,0
forecast_7248,2025-10-30 00:00:00,0,0,0
forecast_7249,2025-10-30 01:00:00,0,0,0
forecast_7250,2025-10-30 02:00:00,0,0,0
forecast_7251,2025-10-30 03:00:00,0,0,0
forecast_7252,2025-10-30 04:00:00,0,0,0
forecast_7253,2025-10-30 05:00:00,0,0,0
forecast_7254,2025-10-30 06:00:00,0,0,0
forecast_7255,2025-10-30 07:00:00,0,0,0
forecast_7256,2025-10-30 08:00:00,0,0,0
forecast_7257,2025-10-30 09:00:00,0,0,0
forecast_7258,2025-10-30 10:00:00,0,0,0
forecast_7259,2025-10-30 11:00:00,0,0,0
forecast_7260,2025-10-30 12:00:00,0,0,0
forecast_7261,2025-10-30 13:00:00,0,0,0
forecast_7262,2025-10-30 14:00:00,0,0,0
forecast_7263,2025-10-30 15:00:00,0,0,0
forecast_7264,2025-10-30 16:00:00,0,0,0
forecast_7265,2025-10-30 17:00:00,0,0,0
forecast_7266,2025-10-30 18:00:00,0,0,0
forecast_7267,2025-10-30 19:00:00,0,0,0
forecast_7268,2025-10-30 20:00:00,0,0,0
forecast_7269,2025-10-30 21:00:00,0,0,0
forecast_7270,2025-10-30 22:00:00,0,0,0
forecast_7271,2025-10-30 23:00:00,0,0,0
forecast_7272,2025-10-31 00:00:00,0,0,0
forecast_7273,2025-10-31 01:00:00,0,0,0
forecast_7274,2025-10-31 02:00:00,0,0,0
forecast_7275,2025-10-31 03:00:00,0,0,0
forecast_7276,2025-10-31 04:00:00,0,0,0
forecast_7277,2025-10-31 05:00:00,0,0,0
forecast_7278,2025-10-31 06:00:00,0,0,0
forecast_7279,2025-10-31 07:00:00,0,0,0
forecast_7280,2025-10-31 08:00:00,0,0,0
forecast_7281,2025-10-31 09:00:00,0,0,0
forecast_7282,2025-10-31 10:00:00,0,0,0
forecast_7283,2025-10-31 11:00:00,0,0,0
forecast_7284,2025-10-31 12:00:00,0,0,0
forecast_7285,2025-10-31 13:00:00,0,0,0
forecast_7286,2025-10-31 14:00:00,0,0,0
forecast_7287,2025-10-31 15:00:00,0,0,0
forecast_7288,2025-10-31 16:00:00,0,0,0
forecast_7289,2025-10-31 17:00:00,0,0,0
forecast_7290,2025-10-31 18:00:00,0,0,0
forecast_7291,2025-10-31 19:00:00,0,0,0
forecast_7292,2025-10-31 20:00:00,0,0,0
forecast_7293,2025-10-31 21:00:00,0,0,0
forecast_7294,2025-10-31 22:00:00,0,0,0
forecast_7295,2025-10-31 23:00:00,0,0,0
forecast_7296,2025-11-01 00:00:00,0,0,0
forecast_7297,2025-11-01 01:00:00,0,0,0
forecast_7298,2025-11-01 02:00:00,0,0,0
forecast_7299,2025-11-01 03:00:00,0,0,0
forecast_7300,2025-11-01 04:00:00,0,0,0
forecast_7301,2025-11-01 05:00:00,0,0,0
forecast_7302,2025-11-01 06:00:00,0,0,0
forecast_7303,2025-11-01 07:00:00,0,0,0
forecast_7304,2025-11-01 08:00:00,0,0,0
forecast_7305,2025-11-01 09:00:00,0,0,0
forecast_7306,2025-11-01 10:00:00,0,0,0
forecast_7307,2025-11-01 11:00:00,0,0,0
forecast_7308,2025-11-01 12:00:00,0,0,0
forecast_7309,2025-11-01 13:00:00,0,0,0
forecast_7310,2025-11-01 14:00:00,0,0,0
forecast_7311,2025-11-01 15:00:00,0,0,0
forecast_7312,2025-11-01 16:00:00,0,0,0
forecast_7313,2025-11-01 17:00:00,0,0,0
forecast_7314,2025-11-01 18:00:00,0,0,0
forecast_7315,2025-11-01 19:00:00,0,0,0
forecast_7316,2025-11-01 20:00:00,0,0,0
forecast_7317,2025-11-01 21:00:00,0,0,0
forecast_7318,2025-11-01 22:00:00,0,0,0
forecast_7319,2025-11-01 23:00:00,0,0,0
forecast_7320,2025-11-02 00:00:00,0,0,0
forecast_7321,2025-11-02 01:00:00,0,0,0
forecast_7322,2025-11-02 02:00:00,0,0,0
forecast_7323,2025-11-02 03:00:00,0,0,0
forecast_7324,2025-11-02 04:00:00,0,0,0
forecast_7325,2025-11-02 05:00:00,0,0,0
forecast_7326,2025-11-02 06:00:00,0,0,0
forecast_7327,2025-11-02 07:00:00,0,0,0
forecast_7328,2025-11-02 08:00:00,0,0,0
forecast_7329,2025-11-02 09:00:00,0,0,0
forecast_7330,2025-11-02 10:00:00,0,0,0
forecast_7331,2025-11-02 11:00:00,0,0,0
forecast_7332,2025-11-02 12:00:00,0,0,0
forecast_7333,2025-11-02 13:00:00,0,0,0
forecast_7334,2025-11-02 14:00:00,0,0,0
forecast_7335,2025-11-02 15:00:00,0,0,0
forecast_7336,2025-11-02 16:00:00,0,0,0
forecast_7337,2025-11-02 17:00:00,0,0,0
forecast_7338,2025-11-02 18:00:00,0,0,0
forecast_7339,2025-11-02 19:00:00,0,0,0
forecast_7340,2025-11-02 20:00:00,0,0,0
forecast_7341,2025-11-02 21:00:00,0,0,0
forecast_7342,2025-11-02 22:00:00,0,0,0
forecast_7343,2025-11-02 23:00:00,0,0,0
forecast_7344,2025-11-03 00:00:00,0,0,0
forecast_7345,2025-11-03 01:00:00,0,0,0
forecast_7346,2025-11-03 02:00:00,0,0,0
forecast_7347,2025-11-03 03:00:00,0,0,0
forecast_7348,2025-11-03 04:00:00,0,0,0
forecast_7349,2025-11-03 05:00:00,0,0,0
forecast_7350,2025-11-03 06:00:00,0,0,0
forecast_7351,2025-11-03 07:00:00,0,0,0
forecast_7352,2025-11-03 08:00:00,0,0,0
forecast_7353,2025-11-03 09:00:00,0,0,0
forecast_7354,2025-11-03 10:00:00,0,0,0
forecast_7355,2025-11-03 11:00:00,0,0,0
forecast_7356,2025-11-03 12:00:00,0,0,0
forecast_7357,2025-11-03 13:00:00,0,0,0
forecast_7358,2025-11-03 14:00:00,0,0,0
forecast_7359,2025-11-03 15:00:00,0,0,0
forecast_7360,2025-11-03 16:00:00,0,0,0
forecast_7361,2025-11-03 17:00:00,0,0,0
forecast_7362,2025-11-03 18:00:00,0,0,0
forecast_7363,2025-11-03 19:00:00,0,0,0
forecast_7364,2025-11-03 20:00:00,0,0,0
forecast_7365,2025-11-03 21:00:00,0,0,0
forecast_7366,2025-11-03 22:00:00,0,0,0
forecast_7367,2025-11-03 23:00:00,0,0,0
forecast_7368,2025-11-04 00:00:00,0,0,0
forecast_7369,2025-11-04 01:00:00,0,0,0
forecast_7370,2025-11-04 02:00:00,0,0,0
forecast_7371,2025-11-04 03:00:00,0,0,0
forecast_7372,2025-11-04 04:00:00,0,0,0
forecast_7373,2025-11-04 05:00:00,0,0,0
forecast_7374,2025-11-04 06:00:00,0,0,0
forecast_7375,2025-11-04 07:00:00,0,0,0
forecast_7376,2025-11-04 08:00:00,0,0,0
forecast_7377,2025-11-04 09:00:00,0,0,0
forecast_7378,2025-11-04 10:00:00,0,0,0
forecast_7379,2025-11-04 11:00:00,0,0,0
forecast_7380,2025-11-04 12:00:00,0,0,0
forecast_7381,2025-11-04 13:00:00,0,0,0
forecast_7382,2025-11-04 14:00:00,0,0,0
forecast_7383,2025-11-04 15:00:00,0,0,0
forecast_7384,2025-11-04 16:00:00,0,0,0
forecast_7385,2025-11-04 17:00:00,0,0,0
forecast_7386,2025-11-04 18:00:00,0,0,0
forecast_7387,2025-11-04 19:00:00,0,0,0
forecast_7388,2025-11-04 20:00:00,0,0,0
forecast_7389,2025-11-04 21:00:00,0,0,0
forecast_7390,2025-11-04 22:00:00,0,0,0
forecast_7391,2025-11-04 23:00:00,0,0,0
forecast_7392,2025-11-05 00:00:00,0,0,0
forecast_7393,2025-11-05 01:00:00,0,0,0
forecast_7394,2025-11-05 02:00:00,0,0,0
forecast_7395,2025-11-05 03:00:00,0,0,0
forecast_7396,2025-11-05 04:00:00,0,0,0
forecast_7397,2025-11-05 05:00:00,0,0,0
forecast_7398,2025-11-05 06:00:00,0,0,0
forecast_7399,2025-11-05 07:00:00,0,0,0
forecast_7400,2025-11-05 08:00:00,0,0,0
forecast_7401,2025-11-05 09:00:00,0,0,0
forecast_7402,2025-11-05 10:00:00,0,0,0
forecast_7403,2025-11-05 11:00:00,0,0,0
forecast_7404,2025-11-05 12:00:00,0,0,0
forecast_7405,2025-11-05 13:00:00,0,0,0
forecast_7406,2025-11-05 14:00:00,0,0,0
forecast_7407,2025-11-05 15:00:00,0,0,0
forecast_7408,2025-11-05 16:00:00,0,0,0
forecast_7409,2025-11-05 17:00:00,0,0,0
forecast_7410,2025-11-05 18:00:00,0,0,0
forecast_7411,2025-11-05 19:00:00,0,0,0
forecast_7412,2025-11-05 20:00:00,0,0,0
forecast_7413,2025-11-05 21:00:00,0,0,0
forecast_7414,2025-11-05 22:00:00,0,0,0
forecast_7415,2025-11-05 23:00:00,0,0,0
forecast_7416,2025-11-06 00:00:00,0,0,0
forecast_7417,2025-11-06 01:00:00,0,0,0
forecast_7418,2025-11-06 02:00:00,0,0,0
forecast_7419,2025-11-06 03:00:00,0,0,0
forecast_7420,2025-11-06 04:00:00,0,0,0
forecast_7421,2025-11-06 05:00:00,0,0,0
forecast_7422,2025-11-06 06:00:00,0,0,0
forecast_7423,2025-11-06 07:00:00,0,0,0
forecast_7424,2025-11-06 08:00:00,0,0,0
forecast_7425,2025-11-06 09:00:00,0,0,0
forecast_7426,2025-11-06 10:00:00,0,0,0
forecast_7427,2025-11-06 11:00:00,0,0,0
forecast_7428,2025-11-06 12:00:00,0,0,0
forecast_7429,2025-11-06 13:00:00,0,0,0
forecast_7430,2025-11-06 14:00:00,0,0,0
forecast_7431,2025-11-06 15:00:00,0,0,0
forecast_7432,2025-11-06 16:00:00,0,0,0
forecast_7433,2025-11-06 17:00:00,0,0,0
forecast_7434,2025-11-06 18:00:00,0,0,0
forecast_7435,2025-11-06 19:00:00,0,0,0
forecast_7436,2025-11-06 20:00:00,0,0,0
forecast_7437,2025-11-06 21:00:00,0,0,0
forecast_7438,2025-11-06 22:00:00,0,0,0
forecast_7439,2025-11-06 23:00:00,0,0,0
forecast_7440,2025-11-07 00:00:00,0,0,0
forecast_7441,2025-11-07 01:00:00,0,0,0
forecast_7442,2025-11-07 02:00:00,0,0,0
forecast_7443,2025-11-07 03:00:00,0,0,0
forecast_7444,2025-11-07 04:00:00,0,0,0
forecast_7445,2025-11-07 05:00:00,0,0,0
forecast_7446,2025-11-07 06:00:00,0,0,0
forecast_7447,2025-11-07 07:00:00,0,0,0
forecast_7448,2025-11-07 08:00:00,0,0,0
forecast_7449,2025-11-07 09:00:00,0,0,0
forecast_7450,2025-11-07 10:00:00,0,0,0
forecast_7451,2025-11-07 11:00:00,0,0,0
forecast_7452,2025-11-07 12:00:00,0,0,0
forecast_7453,2025-11-07 13:00:00,0,0,0
forecast_7454,2025-11-07 14:00:00,0,0,0
forecast_7455,2025-11-07 15:00:00,0,0,0
forecast_7456,2025-11-07 16:00:00,0,0,0
forecast_7457,2025-11-07 17:00:00,0,0,0
forecast_7458,2025-11-07 18:00:00,0,0,0
forecast_7459,2025-11-07 19:00:00,0,0,0
forecast_7460,2025-11-07 20:00:00,0,0,0
forecast_7461,2025-11-07 21:00:00,0,0,0
forecast_7462,2025-11-07 22:00:00,0,0,0
forecast_7463,2025-11-07 23:00:00,0,0,0
forecast_7464,2025-11-08 00:00:00,0,0,0
forecast_7465,2025-11-08 01:00:00,0,0,0
forecast_7466,2025-11-08 02:00:00,0,0,0
forecast_7467,2025-11-08 03:00:00,0,0,0
forecast_7468,2025-11-08 04:00:00,0,0,0
forecast_7469,2025-11-08 05:00:00,0,0,0
forecast_7470,2025-11-08 06:00:00,0,0,0
forecast_7471,2025-11-08 07:00:00,0,0,0
forecast_7472,2025-11-08 08:00:00,0,0,0
forecast_7473,2025-11-08 09:00:00,0,0,0
forecast_7474,2025-11-08 10:00:00,0,0,0
forecast_7475,2025-11-08 11:00:00,0,0,0
forecast_7476,2025-11-08 12:00:00,0,0,0
forecast_7477,2025-11-08 13:00:00,0,0,0
forecast_7478,2025-11-08 14:00:00,0,0,0
forecast_7479,2025-11-08 15:00:00,0,0,0
forecast_7480,2025-11-08 16:00:00,0,0,0
forecast_7481,2025-11-08 17:00:00,0,0,0
forecast_7482,2025-11-08 18:00:00,0,0,0
forecast_7483,2025-11-08 19:00:00,0,0,0
forecast_7484,2025-11-08 20:00:00,0,0,0
forecast_7485,2025-11-08 21:00:00,0,0,0
forecast_7486,2025-11-08 22:00:00,0,0,0
forecast_7487,2025-11-08 23:00:00,0,0,0
forecast_7488,2025-11-09 00:00:00,0,0,0
forecast_7489,2025-11-09 01:00:00,0,0,0
forecast_7490,2025-11-09 02:00:00,0,0,0
forecast_7491,2025-11-09 03:00:00,0,0,0
forecast_7492,2025-11-09 04:00:00,0,0,0
forecast_7493,2025-11-09 05:00:00,0,0,0
forecast_7494,2025-11-09 06:00:00,0,0,0
forecast_7495,2025-11-09 07:00:00,0,0,0
forecast_7496,2025-11-09 08:00:00,0,0,0
forecast_7497,2025-11-09 09:00:00,0,0,0
forecast_7498,2025-11-09 10:00:00,0,0,0
forecast_7499,2025-11-09 11:00:00,0,0,0
forecast_7500,2025-11-09 12:00:00,0,0,0
forecast_7501,2025-11-09 13:00:00,0,0,0
forecast_7502,2025-11-09 14:00:00,0,0,0
forecast_7503,2025-11-09 15:00:00,0,0,0
forecast_7504,2025-11-09 16:00:00,0,0,0
forecast_7505,2025-11-09 17:00:00,0,0,0
forecast_7506,2025-11-09 18:00:00,0,0,0
forecast_7507,2025-11-09 19:00:00,0,0,0
forecast_7508,2025-11-09 20:00:00,0,0,0
forecast_7509,2025-11-09 21:00:00,0,0,0
forecast_7510,2025-11-09 22:00:00,0,0,0
forecast_7511,2025-11-09 23:00:00,0,0,0
forecast_7512,2025-11-10 00:00:00,0,0,0
forecast_7513,2025-11-10 01:00:00,0,0,0
forecast_7514,2025-11-10 02:00:00,0,0,0
forecast_7515,2025-11-10 03:00:00,0,0,0
forecast_7516,2025-11-10 04:00:00,0,0,0
forecast_7517,2025-11-10 05:00:00,0,0,0
forecast_7518,2025-11-10 06:00:00,0,0,0
forecast_7519,2025-11-10 07:00:00,0,0,0
forecast_7520,2025-11-10 08:00:00,0,0,0
forecast_7521,2025-11-10 09:00:00,0,0,0
forecast_7522,2025-11-10 10:00:00,0,0,0
forecast_7523,2025-11-10 11:00:00,0,0,0
forecast_7524,2025-11-10 12:00:00,0,0,0
forecast_7525,2025-11-10 13:00:00,0,0,0
forecast_7526,2025-11-10 14:00:00,0,0,0
forecast_7527,2025-11-10 15:00:00,0,0,0
forecast_7528,2025-11-10 16:00:00,0,0,0
forecast_7529,2025-11-10 17:00:00,0,0,0
forecast_7530,2025-11-10 18:00:00,0,0,0
forecast_7531,2025-11-10 19:00:00,0,0,0
forecast_7532,2025-11-10 20:00:00,0,0,0
forecast_7533,2025-11-10 21:00:00,0,0,0
forecast_7534,2025-11-10 22:00:00,0,0,0
forecast_7535,2025-11-10 23:00:00,0,0,0
forecast_7536,2025-11-11 00:00:00,0,0,0
forecast_7537,2025-11-11 01:00:00,0,0,0
forecast_7538,2025-11-11 02:00:00,0,0,0
forecast_7539,2025-11-11 03:00:00,0,0,0
forecast_7540,2025-11-11 04:00:00,0,0,0
forecast_7541,2025-11-11 05:00:00,0,0,0
forecast_7542,2025-11-11 06:00:00,0,0,0
forecast_7543,2025-11-11 07:00:00,0,0,0
forecast_7544,2025-11-11 08:00:00,0,0,0
forecast_7545,2025-11-11 09:00:00,0,0,0
forecast_7546,2025-11-11 10:00:00,0,0,0
forecast_7547,2025-11-11 11:00:00,0,0,0
forecast_7548,2025-11-11 12:00:00,0,0,0
forecast_7549,2025-11-11 13:00:00,0,0,0
forecast_7550,2025-11-11 14:00:00,0,0,0
forecast_7551,2025-11-11 15:00:00,0,0,0
forecast_7552,2025-11-11 16:00:00,0,0,0
forecast_7553,2025-11-11 17:00:00,0,0,0
forecast_7554,2025-11-11 18:00:00,0,0,0
forecast_7555,2025-11-11 19:00:00,0,0,0
forecast_7556,2025-11-11 20:00:00,0,0,0
forecast_7557,2025-11-11 21:00:00,0,0,0
forecast_7558,2025-11-11 22:00:00,0,0,0
forecast_7559,2025-11-11 23:00:00,0,0,0
forecast_7560,2025-11-12 00:00:00,0,0,0
forecast_7561,2025-11-12 01:00:00,0,0,0
forecast_7562,2025-11-12 02:00:00,0,0,0
forecast_7563,2025-11-12 03:00:00,0,0,0
forecast_7564,2025-11-12 04:00:00,0,0,0
forecast_7565,2025-11-12 05:00:00,0,0,0
forecast_7566,2025-11-12 06:00:00,0,0,0
forecast_7567,2025-11-12 07:00:00,0,0,0
forecast_7568,2025-11-12 08:00:00,0,0,0
forecast_7569,2025-11-12 09:00:00,0,0,0
forecast_7570,2025-11-12 10:00:00,0,0,0
forecast_7571,2025-11-12 11:00:00,0,0,0
forecast_7572,2025-11-12 12:00:00,0,0,0
forecast_7573,2025-11-12 13:00:00,0,0,0
forecast_7574,2025-11-12 14:00:00,0,0,0
forecast_7575,2025-11-12 15:00:00,0,0,0
forecast_7576,2025-11-12 16:00:00,0,0,0
forecast_7577,2025-11-12 17:00:00,0,0,0
forecast_7578,2025-11-12 18:00:00,0,0,0
forecast_7579,2025-11-12 19:00:00,0,0,0
forecast_7580,2025-11-12 20:00:00,0,0,0
forecast_7581,2025-11-12 21:00:00,0,0,0
forecast_7582,2025-11-12 22:00:00,0,0,0
forecast_7583,2025-11-12 23:00:00,0,0,0
forecast_7584,2025-11-13 00:00:00,0,0,0
forecast_7585,2025-11-13 01:00:00,0,0,0
forecast_7586,2025-11-13 02:00:00,0,0,0
forecast_7587,2025-11-13 03:00:00,0,0,0
forecast_7588,2025-11-13 04:00:00,0,0,0
forecast_7589,2025-11-13 05:00:00,0,0,0
forecast_7590,2025-11-13 06:00:00,0,0,0
forecast_7591,2025-11-13 07:00:00,0,0,0
forecast_7592,2025-11-13 08:00:00,0,0,0
forecast_7593,2025-11-13 09:00:00,0,0,0
forecast_7594,2025-11-13 10:00:00,0,0,0
forecast_7595,2025-11-13 11:00:00,0,0,0
forecast_7596,2025-11-13 12:00:00,0,0,0
forecast_7597,2025-11-13 13:00:00,0,0,0
forecast_7598,2025-11-13 14:00:00,0,0,0
forecast_7599,2025-11-13 15:00:00,0,0,0
forecast_7600,2025-11-13 16:00:00,0,0,0
forecast_7601,2025-11-13 17:00:00,0,0,0
forecast_7602,2025-11-13 18:00:00,0,0,0
forecast_7603,2025-11-13 19:00:00,0,0,0
forecast_7604,2025-11-13 20:00:00,0,0,0
forecast_7605,2025-11-13 21:00:00,0,0,0
forecast_7606,2025-11-13 22:00:00,0,0,0
forecast_7607,2025-11-13 23:00:00,0,0,0
forecast_7608,2025-11-14 00:00:00,0,0,0
forecast_7609,2025-11-14 01:00:00,0,0,0
forecast_7610,2025-11-14 02:00:00,0,0,0
forecast_7611,2025-11-14 03:00:00,0,0,0
forecast_7612,2025-11-14 04:00:00,0,0,0
forecast_7613,2025-11-14 05:00:00,0,0,0
forecast_7614,2025-11-14 06:00:00,0,0,0
forecast_7615,2025-11-14 07:00:00,0,0,0
forecast_7616,2025-11-14 08:00:00,0,0,0
forecast_7617,2025-11-14 09:00:00,0,0,0
forecast_7618,2025-11-14 10:00:00,0,0,0
forecast_7619,2025-11-14 11:00:00,0,0,0
forecast_7620,2025-11-14 12:00:00,0,0,0
forecast_7621,2025-11-14 13:00:00,0,0,0
forecast_7622,2025-11-14 14:00:00,0,0,0
forecast_7623,2025-11-14 15:00:00,0,0,0
forecast_7624,2025-11-14 16:00:00,0,0,0
forecast_7625,2025-11-14 17:00:00,0,0,0
forecast_7626,2025-11-14 18:00:00,0,0,0
forecast_7627,2025-11-14 19:00:00,0,0,0
forecast_7628,2025-11-14 20:00:00,0,0,0
forecast_7629,2025-11-14 21:00:00,0,0,0
forecast_7630,2025-11-14 22:00:00,0,0,0
forecast_7631,2025-11-14 23:00:00,0,0,0
forecast_7632,2025-11-15 00:00:00,0,0,0
forecast_7633,2025-11-15 01:00:00,0,0,0
forecast_7634,2025-11-15 02:00:00,0,0,0
forecast_7635,2025-11-15 03:00:00,0,0,0
forecast_7636,2025-11-15 04:00:00,0,0,0
forecast_7637,2025-11-15 05:00:00,0,0,0
forecast_7638,2025-11-15 06:00:00,0,0,0
forecast_7639,2025-11-15 07:00:00,0,0,0
forecast_7640,2025-11-15 08:00:00,0,0,0
forecast_7641,2025-11-15 09:00:00,0,0,0
forecast_7642,2025-11-15 10:00:00,0,0,0
forecast_7643,2025-11-15 11:00:00,0,0,0
forecast_7644,2025-11-15 12:00:00,0,0,0
forecast_7645,2025-11-15 13:00:00,0,0,0
forecast_7646,2025-11-15 14:00:00,0,0,0
forecast_7647,2025-11-15 15:00:00,0,0,0
forecast_7648,2025-11-15 16:00:00,0,0,0
forecast_7649,2025-11-15 17:00:00,0,0,0
forecast_7650,2025-11-15 18:00:00,0,0,0
forecast_7651,2025-11-15 19:00:00,0,0,0
forecast_7652,2025-11-15 20:00:00,0,0,0
forecast_7653,2025-11-15 21:00:00,0,0,0
forecast_7654,2025-11-15 22:00:00,0,0,0
forecast_7655,2025-11-15 23:00:00,0,0,0
forecast_7656,2025-11-16 00:00:00,0,0,0
forecast_7657,2025-11-16 01:00:00,0,0,0
forecast_7658,2025-11-16 02:00:00,0,0,0
forecast_7659,2025-11-16 03:00:00,0,0,0
forecast_7660,2025-11-16 04:00:00,0,0,0
forecast_7661,2025-11-16 05:00:00,0,0,0
forecast_7662,2025-11-16 06:00:00,0,0,0
forecast_7663,2025-11-16 07:00:00,0,0,0
forecast_7664,2025-11-16 08:00:00,0,0,0
forecast_7665,2025-11-16 09:00:00,0,0,0
forecast_7666,2025-11-16 10:00:00,0,0,0
forecast_7667,2025-11-16 11:00:00,0,0,0
forecast_7668,2025-11-16 12:00:00,0,0,0
forecast_7669,2025-11-16 13:00:00,0,0,0
forecast_7670,2025-11-16 14:00:00,0,0,0
forecast_7671,2025-11-16 15:00:00,0,0,0
forecast_7672,2025-11-16 16:00:00,0,0,0
forecast_7673,2025-11-16 17:00:00,0,0,0
forecast_7674,2025-11-16 18:00:00,0,0,0
forecast_7675,2025-11-16 19:00:00,0,0,0
forecast_7676,2025-11-16 20:00:00,0,0,0
forecast_7677,2025-11-16 21:00:00,0,0,0
forecast_7678,2025-11-16 22:00:00,0,0,0
forecast_7679,2025-11-16 23:00:00,0,0,0
forecast_7680,2025-11-17 00:00:00,0,0,0
forecast_7681,2025-11-17 01:00:00,0,0,0
forecast_7682,2025-11-17 02:00:00,0,0,0
forecast_7683,2025-11-17 03:00:00,0,0,0
forecast_7684,2025-11-17 04:00:00,0,0,0
forecast_7685,2025-11-17 05:00:00,0,0,0
forecast_7686,2025-11-17 06:00:00,0,0,0
forecast_7687,2025-11-17 07:00:00,0,0,0
forecast_7688,2025-11-17 08:00:00,0,0,0
forecast_7689,2025-11-17 09:00:00,0,0,0
forecast_7690,2025-11-17 10:00:00,0,0,0
forecast_7691,2025-11-17 11:00:00,0,0,0
forecast_7692,2025-11-17 12:00:00,0,0,0
forecast_7693,2025-11-17 13:00:00,0,0,0
forecast_7694,2025-11-17 14:00:00,0,0,0
forecast_7695,2025-11-17 15:00:00,0,0,0
forecast_7696,2025-11-17 16:00:00,0,0,0
forecast_7697,2025-11-17 17:00:00,0,0,0
forecast_7698,2025-11-17 18:00:00,0,0,0
forecast_7699,2025-11-17 19:00:00,0,0,0
forecast_7700,2025-11-17 20:00:00,0,0,0
forecast_7701,2025-11-17 21:00:00,0,0,0
forecast_7702,2025-11-17 22:00:00,0,0,0
forecast_7703,2025-11-17 23:00:00,0,0,0
forecast_7704,2025-11-18 00:00:00,0,0,0
forecast_7705,2025-11-18 01:00:00,0,0,0
forecast_7706,2025-11-18 02:00:00,0,0,0
forecast_7707,2025-11-18 03:00:00,0,0,0
forecast_7708,2025-11-18 04:00:00,0,0,0
forecast_7709,2025-11-18 05:00:00,0,0,0
forecast_7710,2025-11-18 06:00:00,0,0,0
forecast_7711,2025-11-18 07:00:00,0,0,0
forecast_7712,2025-11-18 08:00:00,0,0,0
forecast_7713,2025-11-18 09:00:00,0,0,0
forecast_7714,2025-11-18 10:00:00,0,0,0
forecast_7715,2025-11-18 11:00:00,0,0,0
forecast_7716,2025-11-18 12:00:00,0,0,0
forecast_7717,2025-11-18 13:00:00,0,0,0
forecast_7718,2025-11-18 14:00:00,0,0,0
forecast_7719,2025-11-18 15:00:00,0,0,0
forecast_7720,2025-11-18 16:00:00,0,0,0
forecast_7721,2025-11-18 17:00:00,0,0,0
forecast_7722,2025-11-18 18:00:00,0,0,0
forecast_7723,2025-11-18 19:00:00,0,0,0
forecast_7724,2025-11-18 20:00:00,0,0,0
forecast_7725,2025-11-18 21:00:00,0,0,0
forecast_7726,2025-11-18 22:00:00,0,0,0
forecast_7727,2025-11-18 23:00:00,0,0,0
forecast_7728,2025-11-19 00:00:00,0,0,0
forecast_7729,2025-11-19 01:00:00,0,0,0
forecast_7730,2025-11-19 02:00:00,0,0,0
forecast_7731,2025-11-19 03:00:00,0,0,0
forecast_7732,2025-11-19 04:00:00,0,0,0
forecast_7733,2025-11-19 05:00:00,0,0,0
forecast_7734,2025-11-19 06:00:00,0,0,0
forecast_7735,2025-11-19 07:00:00,0,0,0
forecast_7736,2025-11-19 08:00:00,0,0,0
forecast_7737,2025-11-19 09:00:00,0,0,0
forecast_7738,2025-11-19 10:00:00,0,0,0
forecast_7739,2025-11-19 11:00:00,0,0,0
forecast_7740,2025-11-19 12:00:00,0,0,0
forecast_7741,2025-11-19 13:00:00,0,0,0
forecast_7742,2025-11-19 14:00:00,0,0,0
forecast_7743,2025-11-19 15:00:00,0,0,0
forecast_7744,2025-11-19 16:00:00,0,0,0
forecast_7745,2025-11-19 17:00:00,0,0,0
forecast_7746,2025-11-19 18:00:00,0,0,0
forecast_7747,2025-11-19 19:00:00,0,0,0
forecast_7748,2025-11-19 20:00:00,0,0,0
forecast_7749,2025-11-19 21:00:00,0,0,0
forecast_7750,2025-11-19 22:00:00,0,0,0
forecast_7751,2025-11-19 23:00:00,0,0,0
forecast_7752,2025-11-20 00:00:00,0,0,0
forecast_7753,2025-11-20 01:00:00,0,0,0
forecast_7754,2025-11-20 02:00:00,0,0,0
forecast_7755,2025-11-20 03:00:00,0,0,0
forecast_7756,2025-11-20 04:00:00,0,0,0
forecast_7757,2025-11-20 05:00:00,0,0,0
forecast_7758,2025-11-20 06:00:00,0,0,0
forecast_7759,2025-11-20 07:00:00,0,0,0
forecast_7760,2025-11-20 08:00:00,0,0,0
forecast_7761,2025-11-20 09:00:00,0,0,0
forecast_7762,2025-11-20 10:00:00,0,0,0
forecast_7763,2025-11-20 11:00:00,0,0,0
forecast_7764,2025-11-20 12:00:00,0,0,0
forecast_7765,2025-11-20 13:00:00,0,0,0
forecast_7766,2025-11-20 14:00:00,0,0,0
forecast_7767,2025-11-20 15:00:00,0,0,0
forecast_7768,2025-11-20 16:00:00,0,0,0
forecast_7769,2025-11-20 17:00:00,0,0,0
forecast_7770,2025-11-20 18:00:00,0,0,0
forecast_7771,2025-11-20 19:00:00,0,0,0
forecast_7772,2025-11-20 20:00:00,0,0,0
forecast_7773,2025-11-20 21:00:00,0,0,0
forecast_7774,2025-11-20 22:00:00,0,0,0
forecast_7775,2025-11-20 23:00:00,0,0,0
forecast_7776,2025-11-21 00:00:00,0,0,0
forecast_7777,2025-11-21 01:00:00,0,0,0
forecast_7778,2025-11-21 02:00:00,0,0,0
forecast_7779,2025-11-21 03:00:00,0,0,0
forecast_7780,2025-11-21 04:00:00,0,0,0
forecast_7781,2025-11-21 05:00:00,0,0,0
forecast_7782,2025-11-21 06:00:00,0,0,0
forecast_7783,2025-11-21 07:00:00,0,0,0
forecast_7784,2025-11-21 08:00:00,0,0,0
forecast_7785,2025-11-21 09:00:00,0,0,0
forecast_7786,2025-11-21 10:00:00,0,0,0
forecast_7787,2025-11-21 11:00:00,0,0,0
forecast_7788,2025-11-21 12:00:00,0,0,0
forecast_7789,2025-11-21 13:00:00,0,0,0
forecast_7790,2025-11-21 14:00:00,0,0,0
forecast_7791,2025-11-21 15:00:00,0,0,0
forecast_7792,2025-11-21 16:00:00,0,0,0
forecast_7793,2025-11-21 17:00:00,0,0,0
forecast_7794,2025-11-21 18:00:00,0,0,0
forecast_7795,2025-11-21 19:00:00,0,0,0
forecast_7796,2025-11-21 20:00:00,0,0,0
forecast_7797,2025-11-21 21:00:00,0,0,0
forecast_7798,2025-11-21 22:00:00,0,0,0
forecast_7799,2025-11-21 23:00:00,0,0,0
forecast_7800,2025-11-22 00:00:00,0,0,0
forecast_7801,2025-11-22 01:00:00,0,0,0
forecast_7802,2025-11-22 02:00:00,0,0,0
forecast_7803,2025-11-22 03:00:00,0,0,0
forecast_7804,2025-11-22 04:00:00,0,0,0
forecast_7805,2025-11-22 05:00:00,0,0,0
forecast_7806,2025-11-22 06:00:00,0,0,0
forecast_7807,2025-11-22 07:00:00,0,0,0
forecast_7808,2025-11-22 08:00:00,0,0,0
forecast_7809,2025-11-22 09:00:00,0,0,0
forecast_7810,2025-11-22 10:00:00,0,0,0
forecast_7811,2025-11-22 11:00:00,0,0,0
forecast_7812,2025-11-22 12:00:00,0,0,0
forecast_7813,2025-11-22 13:00:00,0,0,0
forecast_7814,2025-11-22 14:00:00,0,0,0
forecast_7815,2025-11-22 15:00:00,0,0,0
forecast_7816,2025-11-22 16:00:00,0,0,0
forecast_7817,2025-11-22 17:00:00,0,0,0
forecast_7818,2025-11-22 18:00:00,0,0,0
forecast_7819,2025-11-22 19:00:00,0,0,0
forecast_7820,2025-11-22 20:00:00,0,0,0
forecast_7821,2025-11-22 21:00:00,0,0,0
forecast_7822,2025-11-22 22:00:00,0,0,0
forecast_7823,2025-11-22 23:00:00,0,0,0
forecast_7824,2025-11-23 00:00:00,0,0,0
forecast_7825,2025-11-23 01:00:00,0,0,0
forecast_7826,2025-11-23 02:00:00,0,0,0
forecast_7827,2025-11-23 03:00:00,0,0,0
forecast_7828,2025-11-23 04:00:00,0,0,0
forecast_7829,2025-11-23 05:00:00,0,0,0
forecast_7830,2025-11-23 06:00:00,0,0,0
forecast_7831,2025-11-23 07:00:00,0,0,0
forecast_7832,2025-11-23 08:00:00,0,0,0
forecast_7833,2025-11-23 09:00:00,0,0,0
forecast_7834,2025-11-23 10:00:00,0,0,0
forecast_7835,2025-11-23 11:00:00,0,0,0
forecast_7836,2025-11-23 12:00:00,0,0,0
forecast_7837,2025-11-23 13:00:00,0,0,0
forecast_7838,2025-11-23 14:00:00,0,0,0
forecast_7839,2025-11-23 15:00:00,0,0,0
forecast_7840,2025-11-23 16:00:00,0,0,0
forecast_7841,2025-11-23 17:00:00,0,0,0
forecast_7842,2025-11-23 18:00:00,0,0,0
forecast_7843,2025-11-23 19:00:00,0,0,0
forecast_7844,2025-11-23 20:00:00,0,0,0
forecast_7845,2025-11-23 21:00:00,0,0,0
forecast_7846,2025-11-23 22:00:00,0,0,0
forecast_7847,2025-11-23 23:00:00,0,0,0
forecast_7848,2025-11-24 00:00:00,0,0,0
forecast_7849,2025-11-24 01:00:00,0,0,0
forecast_7850,2025-11-24 02:00:00,0,0,0
forecast_7851,2025-11-24 03:00:00,0,0,0
forecast_7852,2025-11-24 04:00:00,0,0,0
forecast_7853,2025-11-24 05:00:00,0,0,0
forecast_7854,2025-11-24 06:00:00,0,0,0
forecast_7855,2025-11-24 07:00:00,0,0,0
forecast_7856,2025-11-24 08:00:00,0,0,0
forecast_7857,2025-11-24 09:00:00,0,0,0
forecast_7858,2025-11-24 10:00:00,0,0,0
forecast_7859,2025-11-24 11:00:00,0,0,0
forecast_7860,2025-11-24 12:00:00,0,0,0
forecast_7861,2025-11-24 13:00:00,0,0,0
forecast_7862,2025-11-24 14:00:00,0,0,0
forecast_7863,2025-11-24 15:00:00,0,0,0
forecast_7864,2025-11-24 16:00:00,0,0,0
forecast_7865,2025-11-24 17:00:00,0,0,0
forecast_7866,2025-11-24 18:00:00,0,0,0
forecast_7867,2025-11-24 19:00:00,0,0,0
forecast_7868,2025-11-24 20:00:00,0,0,0
forecast_7869,2025-11-24 21:00:00,0,0,0
forecast_7870,2025-11-24 22:00:00,0,0,0
forecast_7871,2025-11-24 23:00:00,0,0,0
forecast_7872,2025-11-25 00:00:00,0,0,0
forecast_7873,2025-11-25 01:00:00,0,0,0
forecast_7874,2025-11-25 02:00:00,0,0,0
forecast_7875,2025-11-25 03:00:00,0,0,0
forecast_7876,2025-11-25 04:00:00,0,0,0
forecast_7877,2025-11-25 05:00:00,0,0,0
forecast_7878,2025-11-25 06:00:00,0,0,0
forecast_7879,2025-11-25 07:00:00,0,0,0
forecast_7880,2025-11-25 08:00:00,0,0,0
forecast_7881,2025-11-25 09:00:00,0,0,0
forecast_7882,2025-11-25 10:00:00,0,0,0
forecast_7883,2025-11-25 11:00:00,0,0,0
forecast_7884,2025-11-25 12:00:00,0,0,0
forecast_7885,2025-11-25 13:00:00,0,0,0
forecast_7886,2025-11-25 14:00:00,0,0,0
forecast_7887,2025-11-25 15:00:00,0,0,0
forecast_7888,2025-11-25 16:00:00,0,0,0
forecast_7889,2025-11-25 17:00:00,0,0,0
forecast_7890,2025-11-25 18:00:00,0,0,0
forecast_7891,2025-11-25 19:00:00,0,0,0
forecast_7892,2025-11-25 20:00:00,0,0,0
forecast_7893,2025-11-25 21:00:00,0,0,0
forecast_7894,2025-11-25 22:00:00,0,0,0
forecast_7895,2025-11-25 23:00:00,0,0,0
forecast_7896,2025-11-26 00:00:00,0,0,0
forecast_7897,2025-11-26 01:00:00,0,0,0
forecast_7898,2025-11-26 02:00:00,0,0,0
forecast_7899,2025-11-26 03:00:00,0,0,0
forecast_7900,2025-11-26 04:00:00,0,0,0
forecast_7901,2025-11-26 05:00:00,0,0,0
forecast_7902,2025-11-26 06:00:00,0,0,0
forecast_7903,2025-11-26 07:00:00,0,0,0
forecast_7904,2025-11-26 08:00:00,0,0,0
forecast_7905,2025-11-26 09:00:00,0,0,0
forecast_7906,2025-11-26 10:00:00,0,0,0
forecast_7907,2025-11-26 11:00:00,0,0,0
forecast_7908,2025-11-26 12:00:00,0,0,0
forecast_7909,2025-11-26 13:00:00,0,0,0
forecast_7910,2025-11-26 14:00:00,0,0,0
forecast_7911,2025-11-26 15:00:00,0,0,0
forecast_7912,2025-11-26 16:00:00,0,0,0
forecast_7913,2025-11-26 17:00:00,0,0,0
forecast_7914,2025-11-26 18:00:00,0,0,0
forecast_7915,2025-11-26 19:00:00,0,0,0
forecast_7916,2025-11-26 20:00:00,0,0,0
forecast_7917,2025-11-26 21:00:00,0,0,0
forecast_7918,2025-11-26 22:00:00,0,0,0
forecast_7919,2025-11-26 23:00:00,0,0,0
forecast_7920,2025-11-27 00:00:00,0,0,0
forecast_7921,2025-11-27 01:00:00,0,0,0
forecast_7922,2025-11-27 02:00:00,0,0,0
forecast_7923,2025-11-27 03:00:00,0,0,0
forecast_7924,2025-11-27 04:00:00,0,0,0
forecast_7925,2025-11-27 05:00:00,0,0,0
forecast_7926,2025-11-27 06:00:00,0,0,0
forecast_7927,2025-11-27 07:00:00,0,0,0
forecast_7928,2025-11-27 08:00:00,0,0,0
forecast_7929,2025-11-27 09:00:00,0,0,0
forecast_7930,2025-11-27 10:00:00,0,0,0
forecast_7931,2025-11-27 11:00:00,0,0,0
forecast_7932,2025-11-27 12:00:00,0,0,0
forecast_7933,2025-11-27 13:00:00,0,0,0
forecast_7934,2025-11-27 14:00:00,0,0,0
forecast_7935,2025-11-27 15:00:00,0,0,0
forecast_7936,2025-11-27 16:00:00,0,0,0
forecast_7937,2025-11-27 17:00:00,0,0,0
forecast_7938,2025-11-27 18:00:00,0,0,0
forecast_7939,2025-11-27 19:00:00,0,0,0
forecast_7940,2025-11-27 20:00:00,0,0,0
forecast_7941,2025-11-27 21:00:00,0,0,0
forecast_7942,2025-11-27 22:00:00,0,0,0
forecast_7943,2025-11-27 23:00:00,0,0,0
forecast_7944,2025-11-28 00:00:00,0,0,0
forecast_7945,2025-11-28 01:00:00,0,0,0
forecast_7946,2025-11-28 02:00:00,0,0,0
forecast_7947,2025-11-28 03:00:00,0,0,0
forecast_7948,2025-11-28 04:00:00,0,0,0
forecast_7949,2025-11-28 05:00:00,0,0,0
forecast_7950,2025-11-28 06:00:00,0,0,0
forecast_7951,2025-11-28 07:00:00,0,0,0
forecast_7952,2025-11-28 08:00:00,0,0,0
forecast_7953,2025-11-28 09:00:00,0,0,0
forecast_7954,2025-11-28 10:00:00,0,0,0
forecast_7955,2025-11-28 11:00:00,0,0,0
forecast_7956,2025-11-28 12:00:00,0,0,0
forecast_7957,2025-11-28 13:00:00,0,0,0
forecast_7958,2025-11-28 14:00:00,0,0,0
forecast_7959,2025-11-28 15:00:00,0,0,0
forecast_7960,2025-11-28 16:00:00,0,0,0
forecast_7961,2025-11-28 17:00:00,0,0,0
forecast_7962,2025-11-28 18:00:00,0,0,0
forecast_7963,2025-11-28 19:00:00,0,0,0
forecast_7964,2025-11-28 20:00:00,0,0,0
forecast_7965,2025-11-28 21:00:00,0,0,0
forecast_7966,2025-11-28 22:00:00,0,0,0
forecast_7967,2025-11-28 23:00:00,0,0,0
forecast_7968,2025-11-29 00:00:00,0,0,0
forecast_7969,2025-11-29 01:00:00,0,0,0
forecast_7970,2025-11-29 02:00:00,0,0,0
forecast_7971,2025-11-29 03:00:00,0,0,0
forecast_7972,2025-11-29 04:00:00,0,0,0
forecast_7973,2025-11-29 05:00:00,0,0,0
forecast_7974,2025-11-29 06:00:00,0,0,0
forecast_7975,2025-11-29 07:00:00,0,0,0
forecast_7976,2025-11-29 08:00:00,0,0,0
forecast_7977,2025-11-29 09:00:00,0,0,0
forecast_7978,2025-11-29 10:00:00,0,0,0
forecast_7979,2025-11-29 11:00:00,0,0,0
forecast_7980,2025-11-29 12:00:00,0,0,0
forecast_7981,2025-11-29 13:00:00,0,0,0
forecast_7982,2025-11-29 14:00:00,0,0,0
forecast_7983,2025-11-29 15:00:00,0,0,0
forecast_7984,2025-11-29 16:00:00,0,0,0
forecast_7985,2025-11-29 17:00:00,0,0,0
forecast_7986,2025-11-29 18:00:00,0,0,0
forecast_7987,2025-11-29 19:00:00,0,0,0
forecast_7988,2025-11-29 20:00:00,0,0,0
forecast_7989,2025-11-29 21:00:00,0,0,0
forecast_7990,2025-11-29 22:00:00,0,0,0
forecast_7991,2025-11-29 23:00:00,0,0,0
forecast_7992,2025-11-30 00:00:00,0,0,0
forecast_7993,2025-11-30 01:00:00,0,0,0
forecast_7994,2025-11-30 02:00:00,0,0,0
forecast_7995,2025-11-30 03:00:00,0,0,0
forecast_7996,2025-11-30 04:00:00,0,0,0
forecast_7997,2025-11-30 05:00:00,0,0,0
forecast_7998,2025-11-30 06:00:00,0,0,0
forecast_7999,2025-11-30 07:00:00,0,0,0
forecast_8000,2025-11-30 08:00:00,0,0,0
forecast_8001,2025-11-30 09:00:00,0,0,0
forecast_8002,2025-11-30 10:00:00,0,0,0
forecast_8003,2025-11-30 11:00:00,0,0,0
forecast_8004,2025-11-30 12:00:00,0,0,0
forecast_8005,2025-11-30 13:00:00,0,0,0
forecast_8006,2025-11-30 14:00:00,0,0,0
forecast_8007,2025-11-30 15:00:00,0,0,0
forecast_8008,2025-11-30 16:00:00,0,0,0
forecast_8009,2025-11-30 17:00:00,0,0,0
forecast_8010,2025-11-30 18:00:00,0,0,0
forecast_8011,2025-11-30 19:00:00,0,0,0
forecast_8012,2025-11-30 20:00:00,0,0,0
forecast_8013,2025-11-30 21:00:00,0,0,0
forecast_8014,2025-11-30 22:00:00,0,0,0
forecast_8015,2025-11-30 23:00:00,0,0,0
forecast_8016,2025-12-01 00:00:00,0,0,0
forecast_8017,2025-12-01 01:00:00,0,0,0
forecast_8018,2025-12-01 02:00:00,0,0,0
forecast_8019,2025-12-01 03:00:00,0,0,0
forecast_8020,2025-12-01 04:00:00,0,0,0
forecast_8021,2025-12-01 05:00:00,0,0,0
forecast_8022,2025-12-01 06:00:00,0,0,0
forecast_8023,2025-12-01 07:00:00,0,0,0
forecast_8024,2025-12-01 08:00:00,0,0,0
forecast_8025,2025-12-01 09:00:00,0,0,0
forecast_8026,2025-12-01 10:00:00,0,0,0
forecast_8027,2025-12-01 11:00:00,0,0,0
forecast_8028,2025-12-01 12:00:00,0,0,0
forecast_8029,2025-12-01 13:00:00,0,0,0
forecast_8030,2025-12-01 14:00:00,0,0,0
forecast_8031,2025-12-01 15:00:00,0,0,0
forecast_8032,2025-12-01 16:00:00,0,0,0
forecast_8033,2025-12-01 17:00:00,0,0,0
forecast_8034,2025-12-01 18:00:00,0,0,0
forecast_8035,2025-12-01 19:00:00,0,0,0
forecast_8036,2025-12-01 20:00:00,0,0,0
forecast_8037,2025-12-01 21:00:00,0,0,0
forecast_8038,2025-12-01 22:00:00,0,0,0
forecast_8039,2025-12-01 23:00:00,0,0,0
forecast_8040,2025-12-02 00:00:00,0,0,0
forecast_8041,2025-12-02 01:00:00,0,0,0
forecast_8042,2025-12-02 02:00:00,0,0,0
forecast_8043,2025-12-02 03:00:00,0,0,0
forecast_8044,2025-12-02 04:00:00,0,0,0
forecast_8045,2025-12-02 05:00:00,0,0,0
forecast_8046,2025-12-02 06:00:00,0,0,0
forecast_8047,2025-12-02 07:00:00,0,0,0
forecast_8048,2025-12-02 08:00:00,0,0,0
forecast_8049,2025-12-02 09:00:00,0,0,0
forecast_8050,2025-12-02 10:00:00,0,0,0
forecast_8051,2025-12-02 11:00:00,0,0,0
forecast_8052,2025-12-02 12:00:00,0,0,0
forecast_8053,2025-12-02 13:00:00,0,0,0
forecast_8054,2025-12-02 14:00:00,0,0,0
forecast_8055,2025-12-02 15:00:00,0,0,0
forecast_8056,2025-12-02 16:00:00,0,0,0
forecast_8057,2025-12-02 17:00:00,0,0,0
forecast_8058,2025-12-02 18:00:00,0,0,0
forecast_8059,2025-12-02 19:00:00,0,0,0
forecast_8060,2025-12-02 20:00:00,0,0,0
forecast_8061,2025-12-02 21:00:00,0,0,0
forecast_8062,2025-12-02 22:00:00,0,0,0
forecast_8063,2025-12-02 23:00:00,0,0,0
forecast_8064,2025-12-03 00:00:00,0,0,0
forecast_8065,2025-12-03 01:00:00,0,0,0
forecast_8066,2025-12-03 02:00:00,0,0,0
forecast_8067,2025-12-03 03:00:00,0,0,0
forecast_8068,2025-12-03 04:00:00,0,0,0
forecast_8069,2025-12-03 05:00:00,0,0,0
forecast_8070,2025-12-03 06:00:00,0,0,0
forecast_8071,2025-12-03 07:00:00,0,0,0
forecast_8072,2025-12-03 08:00:00,0,0,0
forecast_8073,2025-12-03 09:00:00,0,0,0
forecast_8074,2025-12-03 10:00:00,0,0,0
forecast_8075,2025-12-03 11:00:00,0,0,0
forecast_8076,2025-12-03 12:00:00,0,0,0
forecast_8077,2025-12-03 13:00:00,0,0,0
forecast_8078,2025-12-03 14:00:00,0,0,0
forecast_8079,2025-12-03 15:00:00,0,0,0
forecast_8080,2025-12-03 16:00:00,0,0,0
forecast_8081,2025-12-03 17:00:00,0,0,0
forecast_8082,2025-12-03 18:00:00,0,0,0
forecast_8083,2025-12-03 19:00:00,0,0,0
forecast_8084,2025-12-03 20:00:00,0,0,0
forecast_8085,2025-12-03 21:00:00,0,0,0
forecast_8086,2025-12-03 22:00:00,0,0,0
forecast_8087,2025-12-03 23:00:00,0,0,0
forecast_8088,2025-12-04 00:00:00,0,0,0
forecast_8089,2025-12-04 01:00:00,0,0,0
forecast_8090,2025-12-04 02:00:00,0,0,0
forecast_8091,2025-12-04 03:00:00,0,0,0
forecast_8092,2025-12-04 04:00:00,0,0,0
forecast_8093,2025-12-04 05:00:00,0,0,0
forecast_8094,2025-12-04 06:00:00,0,0,0
forecast_8095,2025-12-04 07:00:00,0,0,0
forecast_8096,2025-12-04 08:00:00,0,0,0
forecast_8097,2025-12-04 09:00:00,0,0,0
forecast_8098,2025-12-04 10:00:00,0,0,0
forecast_8099,2025-12-04 11:00:00,0,0,0
forecast_8100,2025-12-04 12:00:00,0,0,0
forecast_8101,2025-12-04 13:00:00,0,0,0
forecast_8102,2025-12-04 14:00:00,0,0,0
forecast_8103,2025-12-04 15:00:00,0,0,0
forecast_8104,2025-12-04 16:00:00,0,0,0
forecast_8105,2025-12-04 17:00:00,0,0,0
forecast_8106,2025-12-04 18:00:00,0,0,0
forecast_8107,2025-12-04 19:00:00,0,0,0
forecast_8108,2025-12-04 20:00:00,0,0,0
forecast_8109,2025-12-04 21:00:00,0,0,0
forecast_8110,2025-12-04 22:00:00,0,0,0
forecast_8111,2025-12-04 23:00:00,0,0,0
forecast_8112,2025-12-05 00:00:00,0,0,0
forecast_8113,2025-12-05 01:00:00,0,0,0
forecast_8114,2025-12-05 02:00:00,0,0,0
forecast_8115,2025-12-05 03:00:00,0,0,0
forecast_8116,2025-12-05 04:00:00,0,0,0
forecast_8117,2025-12-05 05:00:00,0,0,0
forecast_8118,2025-12-05 06:00:00,0,0,0
forecast_8119,2025-12-05 07:00:00,0,0,0
forecast_8120,2025-12-05 08:00:00,0,0,0
forecast_8121,2025-12-05 09:00:00,0,0,0
forecast_8122,2025-12-05 10:00:00,0,0,0
forecast_8123,2025-12-05 11:00:00,0,0,0
forecast_8124,2025-12-05 12:00:00,0,0,0
forecast_8125,2025-12-05 13:00:00,0,0,0
forecast_8126,2025-12-05 14:00:00,0,0,0
forecast_8127,2025-12-05 15:00:00,0,0,0
forecast_8128,2025-12-05 16:00:00,0,0,0
forecast_8129,2025-12-05 17:00:00,0,0,0
forecast_8130,2025-12-05 18:00:00,0,0,0
forecast_8131,2025-12-05 19:00:00,0,0,0
forecast_8132,2025-12-05 20:00:00,0,0,0
forecast_8133,2025-12-05 21:00:00,0,0,0
forecast_8134,2025-12-05 22:00:00,0,0,0
forecast_8135,2025-12-05 23:00:00,0,0,0
forecast_8136,2025-12-06 00:00:00,0,0,0
forecast_8137,2025-12-06 01:00:00,0,0,0
forecast_8138,2025-12-06 02:00:00,0,0,0
forecast_8139,2025-12-06 03:00:00,0,0,0
forecast_8140,2025-12-06 04:00:00,0,0,0
forecast_8141,2025-12-06 05:00:00,0,0,0
forecast_8142,2025-12-06 06:00:00,0,0,0
forecast_8143,2025-12-06 07:00:00,0,0,0
forecast_8144,2025-12-06 08:00:00,0,0,0
forecast_8145,2025-12-06 09:00:00,0,0,0
forecast_8146,2025-12-06 10:00:00,0,0,0
forecast_8147,2025-12-06 11:00:00,0,0,0
forecast_8148,2025-12-06 12:00:00,0,0,0
forecast_8149,2025-12-06 13:00:00,0,0,0
forecast_8150,2025-12-06 14:00:00,0,0,0
forecast_8151,2025-12-06 15:00:00,0,0,0
forecast_8152,2025-12-06 16:00:00,0,0,0
forecast_8153,2025-12-06 17:00:00,0,0,0
forecast_8154,2025-12-06 18:00:00,0,0,0
forecast_8155,2025-12-06 19:00:00,0,0,0
forecast_8156,2025-12-06 20:00:00,0,0,0
forecast_8157,2025-12-06 21:00:00,0,0,0
forecast_8158,2025-12-06 22:00:00,0,0,0
forecast_8159,2025-12-06 23:00:00,0,0,0
forecast_8160,2025-12-07 00:00:00,0,0,0
forecast_8161,2025-12-07 01:00:00,0,0,0
forecast_8162,2025-12-07 02:00:00,0,0,0
forecast_8163,2025-12-07 03:00:00,0,0,0
forecast_8164,2025-12-07 04:00:00,0,0,0
forecast_8165,2025-12-07 05:00:00,0,0,0
forecast_8166,2025-12-07 06:00:00,0,0,0
forecast_8167,2025-12-07 07:00:00,0,0,0
forecast_8168,2025-12-07 08:00:00,0,0,0
forecast_8169,2025-12-07 09:00:00,0,0,0
forecast_8170,2025-12-07 10:00:00,0,0,0
forecast_8171,2025-12-07 11:00:00,0,0,0
forecast_8172,2025-12-07 12:00:00,0,0,0
forecast_8173,2025-12-07 13:00:00,0,0,0
forecast_8174,2025-12-07 14:00:00,0,0,0
forecast_8175,2025-12-07 15:00:00,0,0,0
forecast_8176,2025-12-07 16:00:00,0,0,0
forecast_8177,2025-12-07 17:00:00,0,0,0
forecast_8178,2025-12-07 18:00:00,0,0,0
forecast_8179,2025-12-07 19:00:00,0,0,0
forecast_8180,2025-12-07 20:00:00,0,0,0
forecast_8181,2025-12-07 21:00:00,0,0,0
forecast_8182,2025-12-07 22:00:00,0,0,0
forecast_8183,2025-12-07 23:00:00,0,0,0
forecast_8184,2025-12-08 00:00:00,0,0,0
forecast_8185,2025-12-08 01:00:00,0,0,0
forecast_8186,2025-12-08 02:00:00,0,0,0
forecast_8187,2025-12-08 03:00:00,0,0,0
forecast_8188,2025-12-08 04:00:00,0,0,0
forecast_8189,2025-12-08 05:00:00,0,0,0
forecast_8190,2025-12-08 06:00:00,0,0,0
forecast_8191,2025-12-08 07:00:00,0,0,0
forecast_8192,2025-12-08 08:00:00,0,0,0
forecast_8193,2025-12-08 09:00:00,0,0,0
forecast_8194,2025-12-08 10:00:00,0,0,0
forecast_8195,2025-12-08 11:00:00,0,0,0
forecast_8196,2025-12-08 12:00:00,0,0,0
forecast_8197,2025-12-08 13:00:00,0,0,0
forecast_8198,2025-12-08 14:00:00,0,0,0
forecast_8199,2025-12-08 15:00:00,0,0,0
forecast_8200,2025-12-08 16:00:00,0,0,0
forecast_8201,2025-12-08 17:00:00,0,0,0
forecast_8202,2025-12-08 18:00:00,0,0,0
forecast_8203,2025-12-08 19:00:00,0,0,0
forecast_8204,2025-12-08 20:00:00,0,0,0
forecast_8205,2025-12-08 21:00:00,0,0,0
forecast_8206,2025-12-08 22:00:00,0,0,0
forecast_8207,2025-12-08 23:00:00,0,0,0
forecast_8208,2025-12-09 00:00:00,0,0,0
forecast_8209,2025-12-09 01:00:00,0,0,0
forecast_8210,2025-12-09 02:00:00,0,0,0
forecast_8211,2025-12-09 03:00:00,0,0,0
forecast_8212,2025-12-09 04:00:00,0,0,0
forecast_8213,2025-12-09 05:00:00,0,0,0
forecast_8214,2025-12-09 06:00:00,0,0,0
forecast_8215,2025-12-09 07:00:00,0,0,0
forecast_8216,2025-12-09 08:00:00,0,0,0
forecast_8217,2025-12-09 09:00:00,0,0,0
forecast_8218,2025-12-09 10:00:00,0,0,0
forecast_8219,2025-12-09 11:00:00,0,0,0
forecast_8220,2025-12-09 12:00:00,0,0,0
forecast_8221,2025-12-09 13:00:00,0,0,0
forecast_8222,2025-12-09 14:00:00,0,0,0
forecast_8223,2025-12-09 15:00:00,0,0,0
forecast_8224,2025-12-09 16:00:00,0,0,0
forecast_8225,2025-12-09 17:00:00,0,0,0
forecast_8226,2025-12-09 18:00:00,0,0,0
forecast_8227,2025-12-09 19:00:00,0,0,0
forecast_8228,2025-12-09 20:00:00,0,0,0
forecast_8229,2025-12-09 21:00:00,0,0,0
forecast_8230,2025-12-09 22:00:00,0,0,0
forecast_8231,2025-12-09 23:00:00,0,0,0
forecast_8232,2025-12-10 00:00:00,0,0,0
forecast_8233,2025-12-10 01:00:00,0,0,0
forecast_8234,2025-12-10 02:00:00,0,0,0
forecast_8235,2025-12-10 03:00:00,0,0,0
forecast_8236,2025-12-10 04:00:00,0,0,0
forecast_8237,2025-12-10 05:00:00,0,0,0
forecast_8238,2025-12-10 06:00:00,0,0,0
forecast_8239,2025-12-10 07:00:00,0,0,0
forecast_8240,2025-12-10 08:00:00,0,0,0
forecast_8241,2025-12-10 09:00:00,0,0,0
forecast_8242,2025-12-10 10:00:00,0,0,0
forecast_8243,2025-12-10 11:00:00,0,0,0
forecast_8244,2025-12-10 12:00:00,0,0,0
forecast_8245,2025-12-10 13:00:00,0,0,0
forecast_8246,2025-12-10 14:00:00,0,0,0
forecast_8247,2025-12-10 15:00:00,0,0,0
forecast_8248,2025-12-10 16:00:00,0,0,0
forecast_8249,2025-12-10 17:00:00,0,0,0
forecast_8250,2025-12-10 18:00:00,0,0,0
forecast_8251,2025-12-10 19:00:00,0,0,0
forecast_8252,2025-12-10 20:00:00,0,0,0
forecast_8253,2025-12-10 21:00:00,0,0,0
forecast_8254,2025-12-10 22:00:00,0,0,0
forecast_8255,2025-12-10 23:00:00,0,0,0
forecast_8256,2025-12-11 00:00:00,0,0,0
forecast_8257,2025-12-11 01:00:00,0,0,0
forecast_8258,2025-12-11 02:00:00,0,0,0
forecast_8259,2025-12-11 03:00:00,0,0,0
forecast_8260,2025-12-11 04:00:00,0,0,0
forecast_8261,2025-12-11 05:00:00,0,0,0
forecast_8262,2025-12-11 06:00:00,0,0,0
forecast_8263,2025-12-11 07:00:00,0,0,0
forecast_8264,2025-12-11 08:00:00,0,0,0
forecast_8265,2025-12-11 09:00:00,0,0,0
forecast_8266,2025-12-11 10:00:00,0,0,0
forecast_8267,2025-12-11 11:00:00,0,0,0
forecast_8268,2025-12-11 12:00:00,0,0,0
forecast_8269,2025-12-11 13:00:00,0,0,0
forecast_8270,2025-12-11 14:00:00,0,0,0
forecast_8271,2025-12-11 15:00:00,0,0,0
forecast_8272,2025-12-11 16:00:00,0,0,0
forecast_8273,2025-12-11 17:00:00,0,0,0
forecast_8274,2025-12-11 18:00:00,0,0,0
forecast_8275,2025-12-11 19:00:00,0,0,0
forecast_8276,2025-12-11 20:00:00,0,0,0
forecast_8277,2025-12-11 21:00:00,0,0,0
forecast_8278,2025-12-11 22:00:00,0,0,0
forecast_8279,2025-12-11 23:00:00,0,0,0
forecast_8280,2025-12-12 00:00:00,0,0,0
forecast_8281,2025-12-12 01:00:00,0,0,0
forecast_8282,2025-12-12 02:00:00,0,0,0
forecast_8283,2025-12-12 03:00:00,0,0,0
forecast_8284,2025-12-12 04:00:00,0,0,0
forecast_8285,2025-12-12 05:00:00,0,0,0
forecast_8286,2025-12-12 06:00:00,0,0,0
forecast_8287,2025-12-12 07:00:00,0,0,0
forecast_8288,2025-12-12 08:00:00,0,0,0
forecast_8289,2025-12-12 09:00:00,0,0,0
forecast_8290,2025-12-12 10:00:00,0,0,0
forecast_8291,2025-12-12 11:00:00,0,0,0
forecast_8292,2025-12-12 12:00:00,0,0,0
forecast_8293,2025-12-12 13:00:00,0,0,0
forecast_8294,2025-12-12 14:00:00,0,0,0
forecast_8295,2025-12-12 15:00:00,0,0,0
forecast_8296,2025-12-12 16:00:00,0,0,0
forecast_8297,2025-12-12 17:00:00,0,0,0
forecast_8298,2025-12-12 18:00:00,0,0,0
forecast_8299,2025-12-12 19:00:00,0,0,0
forecast_8300,2025-12-12 20:00:00,0,0,0
forecast_8301,2025-12-12 21:00:00,0,0,0
forecast_8302,2025-12-12 22:00:00,0,0,0
forecast_8303,2025-12-12 23:00:00,0,0,0
forecast_8304,2025-12-13 00:00:00,0,0,0
forecast_8305,2025-12-13 01:00:00,0,0,0
forecast_8306,2025-12-13 02:00:00,0,0,0
forecast_8307,2025-12-13 03:00:00,0,0,0
forecast_8308,2025-12-13 04:00:00,0,0,0
forecast_8309,2025-12-13 05:00:00,0,0,0
forecast_8310,2025-12-13 06:00:00,0,0,0
forecast_8311,2025-12-13 07:00:00,0,0,0
forecast_8312,2025-12-13 08:00:00,0,0,0
forecast_8313,2025-12-13 09:00:00,0,0,0
forecast_8314,2025-12-13 10:00:00,0,0,0
forecast_8315,2025-12-13 11:00:00,0,0,0
forecast_8316,2025-12-13 12:00:00,0,0,0
forecast_8317,2025-12-13 13:00:00,0,0,0
forecast_8318,2025-12-13 14:00:00,0,0,0
forecast_8319,2025-12-13 15:00:00,0,0,0
forecast_8320,2025-12-13 16:00:00,0,0,0
forecast_8321,2025-12-13 17:00:00,0,0,0
forecast_8322,2025-12-13 18:00:00,0,0,0
forecast_8323,2025-12-13 19:00:00,0,0,0
forecast_8324,2025-12-13 20:00:00,0,0,0
forecast_8325,2025-12-13 21:00:00,0,0,0
forecast_8326,2025-12-13 22:00:00,0,0,0
forecast_8327,2025-12-13 23:00:00,0,0,0
forecast_8328,2025-12-14 00:00:00,0,0,0
forecast_8329,2025-12-14 01:00:00,0,0,0
forecast_8330,2025-12-14 02:00:00,0,0,0
forecast_8331,2025-12-14 03:00:00,0,0,0
forecast_8332,2025-12-14 04:00:00,0,0,0
forecast_8333,2025-12-14 05:00:00,0,0,0
forecast_8334,2025-12-14 06:00:00,0,0,0
forecast_8335,2025-12-14 07:00:00,0,0,0
forecast_8336,2025-12-14 08:00:00,0,0,0
forecast_8337,2025-12-14 09:00:00,0,0,0
forecast_8338,2025-12-14 10:00:00,0,0,0
forecast_8339,2025-12-14 11:00:00,0,0,0
forecast_8340,2025-12-14 12:00:00,0,0,0
forecast_8341,2025-12-14 13:00:00,0,0,0
forecast_8342,2025-12-14 14:00:00,0,0,0
forecast_8343,2025-12-14 15:00:00,0,0,0
forecast_8344,2025-12-14 16:00:00,0,0,0
forecast_8345,2025-12-14 17:00:00,0,0,0
forecast_8346,2025-12-14 18:00:00,0,0,0
forecast_8347,2025-12-14 19:00:00,0,0,0
forecast_8348,2025-12-14 20:00:00,0,0,0
forecast_8349,2025-12-14 21:00:00,0,0,0
forecast_8350,2025-12-14 22:00:00,0,0,0
forecast_8351,2025-12-14 23:00:00,0,0,0
forecast_8352,2025-12-15 00:00:00,0,0,0
forecast_8353,2025-12-15 01:00:00,0,0,0
forecast_8354,2025-12-15 02:00:00,0,0,0
forecast_8355,2025-12-15 03:00:00,0,0,0
forecast_8356,2025-12-15 04:00:00,0,0,0
forecast_8357,2025-12-15 05:00:00,0,0,0
forecast_8358,2025-12-15 06:00:00,0,0,0
forecast_8359,2025-12-15 07:00:00,0,0,0
forecast_8360,2025-12-15 08:00:00,0,0,0
forecast_8361,2025-12-15 09:00:00,0,0,0
forecast_8362,2025-12-15 10:00:00,0,0,0
forecast_8363,2025-12-15 11:00:00,0,0,0
forecast_8364,2025-12-15 12:00:00,0,0,0
forecast_8365,2025-12-15 13:00:00,0,0,0
forecast_8366,2025-12-15 14:00:00,0,0,0
forecast_8367,2025-12-15 15:00:00,0,0,0
forecast_8368,2025-12-15 16:00:00,0,0,0
forecast_8369,2025-12-15 17:00:00,0,0,0
forecast_8370,2025-12-15 18:00:00,0,0,0
forecast_8371,2025-12-15 19:00:00,0,0,0
forecast_8372,2025-12-15 20:00:00,0,0,0
forecast_8373,2025-12-15 21:00:00,0,0,0
forecast_8374,2025-12-15 22:00:00,0,0,0
forecast_8375,2025-12-15 23:00:00,0,0,0
forecast_8376,2025-12-16 00:00:00,0,0,0
forecast_8377,2025-12-16 01:00:00,0,0,0
forecast_8378,2025-12-16 02:00:00,0,0,0
forecast_8379,2025-12-16 03:00:00,0,0,0
forecast_8380,2025-12-16 04:00:00,0,0,0
forecast_8381,2025-12-16 05:00:00,0,0,0
forecast_8382,2025-12-16 06:00:00,0,0,0
forecast_8383,2025-12-16 07:00:00,0,0,0
forecast_8384,2025-12-16 08:00:00,0,0,0
forecast_8385,2025-12-16 09:00:00,0,0,0
forecast_8386,2025-12-16 10:00:00,0,0,0
forecast_8387,2025-12-16 11:00:00,0,0,0
forecast_8388,2025-12-16 12:00:00,0,0,0
forecast_8389,2025-12-16 13:00:00,0,0,0
forecast_8390,2025-12-16 14:00:00,0,0,0
forecast_8391,2025-12-16 15:00:00,0,0,0
forecast_8392,2025-12-16 16:00:00,0,0,0
forecast_8393,2025-12-16 17:00:00,0,0,0
forecast_8394,2025-12-16 18:00:00,0,0,0
forecast_8395,2025-12-16 19:00:00,0,0,0
forecast_8396,2025-12-16 20:00:00,0,0,0
forecast_8397,2025-12-16 21:00:00,0,0,0
forecast_8398,2025-12-16 22:00:00,0,0,0
forecast_8399,2025-12-16 23:00:00,0,0,0
forecast_8400,2025-12-17 00:00:00,0,0,0
forecast_8401,2025-12-17 01:00:00,0,0,0
forecast_8402,2025-12-17 02:00:00,0,0,0
forecast_8403,2025-12-17 03:00:00,0,0,0
forecast_8404,2025-12-17 04:00:00,0,0,0
forecast_8405,2025-12-17 05:00:00,0,0,0
forecast_8406,2025-12-17 06:00:00,0,0,0
forecast_8407,2025-12-17 07:00:00,0,0,0
forecast_8408,2025-12-17 08:00:00,0,0,0
forecast_8409,2025-12-17 09:00:00,0,0,0
forecast_8410,2025-12-17 10:00:00,0,0,0
forecast_8411,2025-12-17 11:00:00,0,0,0
forecast_8412,2025-12-17 12:00:00,0,0,0
forecast_8413,2025-12-17 13:00:00,0,0,0
forecast_8414,2025-12-17 14:00:00,0,0,0
forecast_8415,2025-12-17 15:00:00,0,0,0
forecast_8416,2025-12-17 16:00:00,0,0,0
forecast_8417,2025-12-17 17:00:00,0,0,0
forecast_8418,2025-12-17 18:00:00,0,0,0
forecast_8419,2025-12-17 19:00:00,0,0,0
forecast_8420,2025-12-17 20:00:00,0,0,0
forecast_8421,2025-12-17 21:00:00,0,0,0
forecast_8422,2025-12-17 22:00:00,0,0,0
forecast_8423,2025-12-17 23:00:00,0,0,0
forecast_8424,2025-12-18 00:00:00,0,0,0
forecast_8425,2025-12-18 01:00:00,0,0,0
forecast_8426,2025-12-18 02:00:00,0,0,0
forecast_8427,2025-12-18 03:00:00,0,0,0
forecast_8428,2025-12-18 04:00:00,0,0,0
forecast_8429,2025-12-18 05:00:00,0,0,0
forecast_8430,2025-12-18 06:00:00,0,0,0
forecast_8431,2025-12-18 07:00:00,0,0,0
forecast_8432,2025-12-18 08:00:00,0,0,0
forecast_8433,2025-12-18 09:00:00,0,0,0
forecast_8434,2025-12-18 10:00:00,0,0,0
forecast_8435,2025-12-18 11:00:00,0,0,0
forecast_8436,2025-12-18 12:00:00,0,0,0
forecast_8437,2025-12-18 13:00:00,0,0,0
forecast_8438,2025-12-18 14:00:00,0,0,0
forecast_8439,2025-12-18 15:00:00,0,0,0
forecast_8440,2025-12-18 16:00:00,0,0,0
forecast_8441,2025-12-18 17:00:00,0,0,0
forecast_8442,2025-12-18 18:00:00,0,0,0
forecast_8443,2025-12-18 19:00:00,0,0,0
forecast_8444,2025-12-18 20:00:00,0,0,0
forecast_8445,2025-12-18 21:00:00,0,0,0
forecast_8446,2025-12-18 22:00:00,0,0,0
forecast_8447,2025-12-18 23:00:00,0,0,0
forecast_8448,2025-12-19 00:00:00,0,0,0
forecast_8449,2025-12-19 01:00:00,0,0,0
forecast_8450,2025-12-19 02:00:00,0,0,0
forecast_8451,2025-12-19 03:00:00,0,0,0
forecast_8452,2025-12-19 04:00:00,0,0,0
forecast_8453,2025-12-19 05:00:00,0,0,0
forecast_8454,2025-12-19 06:00:00,0,0,0
forecast_8455,2025-12-19 07:00:00,0,0,0
forecast_8456,2025-12-19 08:00:00,0,0,0
forecast_8457,2025-12-19 09:00:00,0,0,0
forecast_8458,2025-12-19 10:00:00,0,0,0
forecast_8459,2025-12-19 11:00:00,0,0,0
forecast_8460,2025-12-19 12:00:00,0,0,0
forecast_8461,2025-12-19 13:00:00,0,0,0
forecast_8462,2025-12-19 14:00:00,0,0,0
forecast_8463,2025-12-19 15:00:00,0,0,0
forecast_8464,2025-12-19 16:00:00,0,0,0
forecast_8465,2025-12-19 17:00:00,0,0,0
forecast_8466,2025-12-19 18:00:00,0,0,0
forecast_8467,2025-12-19 19:00:00,0,0,0
forecast_8468,2025-12-19 20:00:00,0,0,0
forecast_8469,2025-12-19 21:00:00,0,0,0
forecast_8470,2025-12-19 22:00:00,0,0,0
forecast_8471,2025-12-19 23:00:00,0,0,0
forecast_8472,2025-12-20 00:00:00,0,0,0
forecast_8473,2025-12-20 01:00:00,0,0,0
forecast_8474,2025-12-20 02:00:00,0,0,0
forecast_8475,2025-12-20 03:00:00,0,0,0
forecast_8476,2025-12-20 04:00:00,0,0,0
forecast_8477,2025-12-20 05:00:00,0,0,0
forecast_8478,2025-12-20 06:00:00,0,0,0
forecast_8479,2025-12-20 07:00:00,0,0,0
forecast_8480,2025-12-20 08:00:00,0,0,0
forecast_8481,2025-12-20 09:00:00,0,0,0
forecast_8482,2025-12-20 10:00:00,0,0,0
forecast_8483,2025-12-20 11:00:00,0,0,0
forecast_8484,2025-12-20 12:00:00,0,0,0
forecast_8485,2025-12-20 13:00:00,0,0,0
forecast_8486,2025-12-20 14:00:00,0,0,0
forecast_8487,2025-12-20 15:00:00,0,0,0
forecast_8488,2025-12-20 16:00:00,0,0,0
forecast_8489,2025-12-20 17:00:00,0,0,0
forecast_8490,2025-12-20 18:00:00,0,0,0
forecast_8491,2025-12-20 19:00:00,0,0,0
forecast_8492,2025-12-20 20:00:00,0,0,0
forecast_8493,2025-12-20 21:00:00,0,0,0
forecast_8494,2025-12-20 22:00:00,0,0,0
forecast_8495,2025-12-20 23:00:00,0,0,0
forecast_8496,2025-12-21 00:00:00,0,0,0
forecast_8497,2025-12-21 01:00:00,0,0,0
forecast_8498,2025-12-21 02:00:00,0,0,0
forecast_8499,2025-12-21 03:00:00,0,0,0
forecast_8500,2025-12-21 04:00:00,0,0,0
forecast_8501,2025-12-21 05:00:00,0,0,0
forecast_8502,2025-12-21 06:00:00,0,0,0
forecast_8503,2025-12-21 07:00:00,0,0,0
forecast_8504,2025-12-21 08:00:00,0,0,0
forecast_8505,2025-12-21 09:00:00,0,0,0
forecast_8506,2025-12-21 10:00:00,0,0,0
forecast_8507,2025-12-21 11:00:00,0,0,0
forecast_8508,2025-12-21 12:00:00,0,0,0
forecast_8509,2025-12-21 13:00:00,0,0,0
forecast_8510,2025-12-21 14:00:00,0,0,0
forecast_8511,2025-12-21 15:00:00,0,0,0
forecast_8512,2025-12-21 16:00:00,0,0,0
forecast_8513,2025-12-21 17:00:00,0,0,0
forecast_8514,2025-12-21 18:00:00,0,0,0
forecast_8515,2025-12-21 19:00:00,0,0,0
forecast_8516,2025-12-21 20:00:00,0,0,0
forecast_8517,2025-12-21 21:00:00,0,0,0
forecast_8518,2025-12-21 22:00:00,0,0,0
forecast_8519,2025-12-21 23:00:00,0,0,0
forecast_8520,2025-12-22 00:00:00,0,0,0
forecast_8521,2025-12-22 01:00:00,0,0,0
forecast_8522,2025-12-22 02:00:00,0,0,0
forecast_8523,2025-12-22 03:00:00,0,0,0
forecast_8524,2025-12-22 04:00:00,0,0,0
forecast_8525,2025-12-22 05:00:00,0,0,0
forecast_8526,2025-12-22 06:00:00,0,0,0
forecast_8527,2025-12-22 07:00:00,0,0,0
forecast_8528,2025-12-22 08:00:00,0,0,0
forecast_8529,2025-12-22 09:00:00,0,0,0
forecast_8530,2025-12-22 10:00:00,0,0,0
forecast_8531,2025-12-22 11:00:00,0,0,0
forecast_8532,2025-12-22 12:00:00,0,0,0
forecast_8533,2025-12-22 13:00:00,0,0,0
forecast_8534,2025-12-22 14:00:00,0,0,0
forecast_8535,2025-12-22 15:00:00,0,0,0
forecast_8536,2025-12-22 16:00:00,0,0,0
forecast_8537,2025-12-22 17:00:00,0,0,0
forecast_8538,2025-12-22 18:00:00,0,0,0
forecast_8539,2025-12-22 19:00:00,0,0,0
forecast_8540,2025-12-22 20:00:00,0,0,0
forecast_8541,2025-12-22 21:00:00,0,0,0
forecast_8542,2025-12-22 22:00:00,0,0,0
forecast_8543,2025-12-22 23:00:00,0,0,0
forecast_8544,2025-12-23 00:00:00,0,0,0
forecast_8545,2025-12-23 01:00:00,0,0,0
forecast_8546,2025-12-23 02:00:00,0,0,0
forecast_8547,2025-12-23 03:00:00,0,0,0
forecast_8548,2025-12-23 04:00:00,0,0,0
forecast_8549,2025-12-23 05:00:00,0,0,0
forecast_8550,2025-12-23 06:00:00,0,0,0
forecast_8551,2025-12-23 07:00:00,0,0,0
forecast_8552,2025-12-23 08:00:00,0,0,0
forecast_8553,2025-12-23 09:00:00,0,0,0
forecast_8554,2025-12-23 10:00:00,0,0,0
forecast_8555,2025-12-23 11:00:00,0,0,0
forecast_8556,2025-12-23 12:00:00,0,0,0
forecast_8557,2025-12-23 13:00:00,0,0,0
forecast_8558,2025-12-23 14:00:00,0,0,0
forecast_8559,2025-12-23 15:00:00,0,0,0
forecast_8560,2025-12-23 16:00:00,0,0,0
forecast_8561,2025-12-23 17:00:00,0,0,0
forecast_8562,2025-12-23 18:00:00,0,0,0
forecast_8563,2025-12-23 19:00:00,0,0,0
forecast_8564,2025-12-23 20:00:00,0,0,0
forecast_8565,2025-12-23 21:00:00,0,0,0
forecast_8566,2025-12-23 22:00:00,0,0,0
forecast_8567,2025-12-23 23:00:00,0,0,0
forecast_8568,2025-12-24 00:00:00,0,0,0
forecast_8569,2025-12-24 01:00:00,0,0,0
forecast_8570,2025-12-24 02:00:00,0,0,0
forecast_8571,2025-12-24 03:00:00,0,0,0
forecast_8572,2025-12-24 04:00:00,0,0,0
forecast_8573,2025-12-24 05:00:00,0,0,0
forecast_8574,2025-12-24 06:00:00,0,0,0
forecast_8575,2025-12-24 07:00:00,0,0,0
forecast_8576,2025-12-24 08:00:00,0,0,0
forecast_8577,2025-12-24 09:00:00,0,0,0
forecast_8578,2025-12-24 10:00:00,0,0,0
forecast_8579,2025-12-24 11:00:00,0,0,0
forecast_8580,2025-12-24 12:00:00,0,0,0
forecast_8581,2025-12-24 13:00:00,0,0,0
forecast_8582,2025-12-24 14:00:00,0,0,0
forecast_8583,2025-12-24 15:00:00,0,0,0
forecast_8584,2025-12-24 16:00:00,0,0,0
forecast_8585,2025-12-24 17:00:00,0,0,0
forecast_8586,2025-12-24 18:00:00,0,0,0
forecast_8587,2025-12-24 19:00:00,0,0,0
forecast_8588,2025-12-24 20:00:00,0,0,0
forecast_8589,2025-12-24 21:00:00,0,0,0
forecast_8590,2025-12-24 22:00:00,0,0,0
forecast_8591,2025-12-24 23:00:00,0,0,0
forecast_8592,2025-12-25 00:00:00,0,0,0
forecast_8593,2025-12-25 01:00:00,0,0,0
forecast_8594,2025-12-25 02:00:00,0,0,0
forecast_8595,2025-12-25 03:00:00,0,0,0
forecast_8596,2025-12-25 04:00:00,0,0,0
forecast_8597,2025-12-25 05:00:00,0,0,0
forecast_8598,2025-12-25 06:00:00,0,0,0
forecast_8599,2025-12-25 07:00:00,0,0,0
forecast_8600,2025-12-25 08:00:00,0,0,0
forecast_8601,2025-12-25 09:00:00,0,0,0
forecast_8602,2025-12-25 10:00:00,0,0,0
forecast_8603,2025-12-25 11:00:00,0,0,0
forecast_8604,2025-12-25 12:00:00,0,0,0
forecast_8605,2025-12-25 13:00:00,0,0,0
forecast_8606,2025-12-25 14:00:00,0,0,0
forecast_8607,2025-12-25 15:00:00,0,0,0
forecast_8608,2025-12-25 16:00:00,0,0,0
forecast_8609,2025-12-25 17:00:00,0,0,0
forecast_8610,2025-12-25 18:00:00,0,0,0
forecast_8611,2025-12-25 19:00:00,0,0,0
forecast_8612,2025-12-25 20:00:00,0,0,0
forecast_8613,2025-12-25 21:00:00,0,0,0
forecast_8614,2025-12-25 22:00:00,0,0,0
forecast_8615,2025-12-25 23:00:00,0,0,0
forecast_8616,2025-12-26 00:00:00,0,0,0
forecast_8617,2025-12-26 01:00:00,0,0,0
forecast_8618,2025-12-26 02:00:00,0,0,0
forecast_8619,2025-12-26 03:00:00,0,0,0
forecast_8620,2025-12-26 04:00:00,0,0,0
forecast_8621,2025-12-26 05:00:00,0,0,0
forecast_8622,2025-12-26 06:00:00,0,0,0
forecast_8623,2025-12-26 07:00:00,0,0,0
forecast_8624,2025-12-26 08:00:00,0,0,0
forecast_8625,2025-12-26 09:00:00,0,0,0
forecast_8626,2025-12-26 10:00:00,0,0,0
forecast_8627,2025-12-26 11:00:00,0,0,0
forecast_8628,2025-12-26 12:00:00,0,0,0
forecast_8629,2025-12-26 13:00:00,0,0,0
forecast_8630,2025-12-26 14:00:00,0,0,0
forecast_8631,2025-12-26 15:00:00,0,0,0
forecast_8632,2025-12-26 16:00:00,0,0,0
forecast_8633,2025-12-26 17:00:00,0,0,0
forecast_8634,2025-12-26 18:00:00,0,0,0
forecast_8635,2025-12-26 19:00:00,0,0,0
forecast_8636,2025-12-26 20:00:00,0,0,0
forecast_8637,2025-12-26 21:00:00,0,0,0
forecast_8638,2025-12-26 22:00:00,0,0,0
forecast_8639,2025-12-26 23:00:00,0,0,0
forecast_8640,2025-12-27 00:00:00,0,0,0
forecast_8641,2025-12-27 01:00:00,0,0,0
forecast_8642,2025-12-27 02:00:00,0,0,0
forecast_8643,2025-12-27 03:00:00,0,0,0
forecast_8644,2025-12-27 04:00:00,0,0,0
forecast_8645,2025-12-27 05:00:00,0,0,0
forecast_8646,2025-12-27 06:00:00,0,0,0
forecast_8647,2025-12-27 07:00:00,0,0,0
forecast_8648,2025-12-27 08:00:00,0,0,0
forecast_8649,2025-12-27 09:00:00,0,0,0
forecast_8650,2025-12-27 10:00:00,0,0,0
forecast_8651,2025-12-27 11:00:00,0,0,0
forecast_8652,2025-12-27 12:00:00,0,0,0
forecast_8653,2025-12-27 13:00:00,0,0,0
forecast_8654,2025-12-27 14:00:00,0,0,0
forecast_8655,2025-12-27 15:00:00,0,0,0
forecast_8656,2025-12-27 16:00:00,0,0,0
forecast_8657,2025-12-27 17:00:00,0,0,0
forecast_8658,2025-12-27 18:00:00,0,0,0
forecast_8659,2025-12-27 19:00:00,0,0,0
forecast_8660,2025-12-27 20:00:00,0,0,0
forecast_8661,2025-12-27 21:00:00,0,0,0
forecast_8662,2025-12-27 22:00:00,0,0,0
forecast_8663,2025-12-27 23:00:00,0,0,0
forecast_8664,2025-12-28 00:00:00,0,0,0
forecast_8665,2025-12-28 01:00:00,0,0,0
forecast_8666,2025-12-28 02:00:00,0,0,0
forecast_8667,2025-12-28 03:00:00,0,0,0
forecast_8668,2025-12-28 04:00:00,0,0,0
forecast_8669,2025-12-28 05:00:00,0,0,0
forecast_8670,2025-12-28 06:00:00,0,0,0
forecast_8671,2025-12-28 07:00:00,0,0,0
forecast_8672,2025-12-28 08:00:00,0,0,0
forecast_8673,2025-12-28 09:00:00,0,0,0
forecast_8674,2025-12-28 10:00:00,0,0,0
forecast_8675,2025-12-28 11:00:00,0,0,0
forecast_8676,2025-12-28 12:00:00,0,0,0
forecast_8677,2025-12-28 13:00:00,0,0,0
forecast_8678,2025-12-28 14:00:00,0,0,0
forecast_8679,2025-12-28 15:00:00,0,0,0
forecast_8680,2025-12-28 16:00:00,0,0,0
forecast_8681,2025-12-28 17:00:00,0,0,0
forecast_8682,2025-12-28 18:00:00,0,0,0
forecast_8683,2025-12-28 19:00:00,0,0,0
forecast_8684,2025-12-28 20:00:00,0,0,0
forecast_8685,2025-12-28 21:00:00,0,0,0
forecast_8686,2025-12-28 22:00:00,0,0,0
forecast_8687,2025-12-28 23:00:00,0,0,0
forecast_8688,2025-12-29 00:00:00,0,0,0
forecast_8689,2025-12-29 01:00:00,0,0,0
forecast_8690,2025-12-29 02:00:00,0,0,0
forecast_8691,2025-12-29 03:00:00,0,0,0
forecast_8692,2025-12-29 04:00:00,0,0,0
forecast_8693,2025-12-29 05:00:00,0,0,0
forecast_8694,2025-12-29 06:00:00,0,0,0
forecast_8695,2025-12-29 07:00:00,0,0,0
forecast_8696,2025-12-29 08:00:00,0,0,0
forecast_8697,2025-12-29 09:00:00,0,0,0
forecast_8698,2025-12-29 10:00:00,0,0,0
forecast_8699,2025-12-29 11:00:00,0,0,0
forecast_8700,2025-12-29 12:00:00,0,0,0
forecast_8701,2025-12-29 13:00:00,0,0,0
forecast_8702,2025-12-29 14:00:00,0,0,0
forecast_8703,2025-12-29 15:00:00,0,0,0
forecast_8704,2025-12-29 16:00:00,0,0,0
forecast_8705,2025-12-29 17:00:00,0,0,0
forecast_8706,2025-12-29 18:00:00,0,0,0
forecast_8707,2025-12-29 19:00:00,0,0,0
forecast_8708,2025-12-29 20:00:00,0,0,0
forecast_8709,2025-12-29 21:00:00,0,0,0
forecast_8710,2025-12-29 22:00:00,0,0,0
forecast_8711,2025-12-29 23:00:00,0,0,0
forecast_8712,2025-12-30 00:00:00,0,0,0
forecast_8713,2025-12-30 01:00:00,0,0,0
forecast_8714,2025-12-30 02:00:00,0,0,0
forecast_8715,2025-12-30 03:00:00,0,0,0
forecast_8716,2025-12-30 04:00:00,0,0,0
forecast_8717,2025-12-30 05:00:00,0,0,0
forecast_8718,2025-12-30 06:00:00,0,0,0
forecast_8719,2025-12-30 07:00:00,0,0,0
forecast_8720,2025-12-30 08:00:00,0,0,0
forecast_8721,2025-12-30 09:00:00,0,0,0
forecast_8722,2025-12-30 10:00:00,0,0,0
forecast_8723,2025-12-30 11:00:00,0,0,0
forecast_8724,2025-12-30 12:00:00,0,0,0
forecast_8725,2025-12-30 13:00:00,0,0,0
forecast_8726,2025-12-30 14:00:00,0,0,0
forecast_8727,2025-12-30 15:00:00,0,0,0
forecast_8728,2025-12-30 16:00:00,0,0,0
forecast_8729,2025-12-30 17:00:00,0,0,0
forecast_8730,2025-12-30 18:00:00,0,0,0
forecast_8731,2025-12-30 19:00:00,0,0,0
forecast_8732,2025-12-30 20:00:00,0,0,0
forecast_8733,2025-12-30 21:00:00,0,0,0
forecast_8734,2025-12-30 22:00:00,0,0,0
forecast_8735,2025-12-30 23:00:00,0,0,0
forecast_8736,2025-12-31 00:00:00,0,0,0
forecast_8737,2025-12-31 01:00:00,0,0,0
forecast_8738,2025-12-31 02:00:00,0,0,0
forecast_8739,2025-12-31 03:00:00,0,0,0
forecast_8740,2025-12-31 04:00:00,0,0,0
forecast_8741,2025-12-31 05:00:00,0,0,0
forecast_8742,2025-12-31 06:00:00,0,0,0
forecast_8743,2025-12-31 07:00:00,0,0,0
forecast_8744,2025-12-31 08:00:00,0,0,0
forecast_8745,2025-12-31 09:00:00,0,0,0
forecast_8746,2025-12-31 10:00:00,0,0,0
forecast_8747,2025-12-31 11:00:00,0,0,0
forecast_8748,2025-12-31 12:00:00,0,0,0
forecast_8749,2025-12-31 13:00:00,0,0,0
forecast_8750,2025-12-31 14:00:00,0,0,0
forecast_8751,2025-12-31 15:00:00,0,0,0
forecast_8752,2025-12-31 16:00:00,0,0,0
forecast_8753,2025-12-31 17:00:00,0,0,0
forecast_8754,2025-12-31 18:00:00,0,0,0
forecast_8755,2025-12-31 19:00:00,0,0,0
forecast_8756,2025-12-31 20:00:00,0,0,0
forecast_8757,2025-12-31 21:00:00,0,0,0
forecast_8758,2025-12-31 22:00:00,0,0,0
forecast_8759,2025-12-31 23:00:00,0,0,0
forecast_8760,2026-01-01 00:00:00,0,0,0
